case_id,mask_strategy,mask_intensity,seed,planner,reached_target,cost_to_target,steps_to_target,actions_taken,budget_used,cost_regret_vs_oracle,oracle_top1_action_hit,premature_stop,ceiling_violation,action_cost_model_family,action_reachability_model_family,action_value_model_family,budget_total,correct_degrade_stop,correct_stop,correct_target_stop,dominance_substitution_count,evaluation_partition,explicit_stop,final_critical_gap_count,final_edge_coverage,final_granularity,final_node_coverage,head_pareto_filter_count,initial_direct_over_attribution,initial_granularity,initial_hidden_claims,justified_degrade_stop,m3star_myopic_safety_shield,m3star_requested_horizon,m3star_stochastic_dominance_shield,m3star_uses_action_value,max_explicit_outcomes,max_outcome_nodes,myopic_safety_shield,oracle_cost_to_target,oracle_top1_action_id,overlap_waste_cost,recovered_claims,runtime_contract_id,runtime_contract_sha256,runtime_contract_version,steps_taken,stochastic_dominance_shield,support_ceiling,target_granularity,transition_model_family,zero_yield_actions
C11-otrf-apt29-day1-scranton-nashua,random,0.2,11,project05_m3star_h3_dual,1,0.0,0,,0.0,0.0,0,0,0,m3star_graph_action_value_xgboost_v0.3,m3star_graph_action_reachability_xgboost_v0.1,m3star_graph_action_value_xgboost_v0.3,10.0,0,1,1,0,development,0,2,0.5,G2_tactic_intent,0.6,0,0,G2_tactic_intent,2,0,1,3,1,1,,8,1,0.0,,0.0,0,project05-m3star-runtime-contract-v0.6,16b8a68b34cb0608aa5c2dfe82f7b3423811b09f1a0d0f0d255c2e787bc4cb99,0.6.0,0,1,G2_tactic_intent,G2_tactic_intent,m3star_graph_transition_xgboost_v0.1,0
C11-otrf-apt29-day1-scranton-nashua,random,0.2,11,project05_m3star_h3_no_dominance_dual,1,0.0,0,,0.0,0.0,0,0,0,m3star_graph_action_value_xgboost_v0.3,m3star_graph_action_reachability_xgboost_v0.1,m3star_graph_action_value_xgboost_v0.3,10.0,0,1,1,0,development,0,2,0.5,G2_tactic_intent,0.6,0,0,G2_tactic_intent,2,0,1,3,0,1,,8,1,0.0,,0.0,0,project05-m3star-runtime-contract-v0.6,16b8a68b34cb0608aa5c2dfe82f7b3423811b09f1a0d0f0d255c2e787bc4cb99,0.6.0,0,0,G2_tactic_intent,G2_tactic_intent,m3star_graph_transition_xgboost_v0.1,0
C11-otrf-apt29-day1-scranton-nashua,random,0.2,11,project05_m3star_h3_unshielded_dual,1,0.0,0,,0.0,0.0,0,0,0,m3star_graph_action_value_xgboost_v0.3,m3star_graph_action_reachability_xgboost_v0.1,m3star_graph_action_value_xgboost_v0.3,10.0,0,1,1,0,development,0,2,0.5,G2_tactic_intent,0.6,0,0,G2_tactic_intent,2,0,0,3,1,1,,8,0,0.0,,0.0,0,project05-m3star-runtime-contract-v0.6,16b8a68b34cb0608aa5c2dfe82f7b3423811b09f1a0d0f0d255c2e787bc4cb99,0.6.0,0,1,G2_tactic_intent,G2_tactic_intent,m3star_graph_transition_xgboost_v0.1,0
C11-otrf-apt29-day1-scranton-nashua,random,0.2,11,project05_m3star_h3_transition_only,1,0.0,0,,0.0,0.0,0,0,0,none,none,none,10.0,0,1,1,0,development,0,2,0.5,G2_tactic_intent,0.6,0,0,G2_tactic_intent,2,0,1,3,1,0,,8,1,0.0,,0.0,0,project05-m3star-runtime-contract-v0.6,16b8a68b34cb0608aa5c2dfe82f7b3423811b09f1a0d0f0d255c2e787bc4cb99,0.6.0,0,1,G2_tactic_intent,G2_tactic_intent,m3star_graph_transition_xgboost_v0.1,0
C11-otrf-apt29-day1-scranton-nashua,random,0.2,11,project05_m3star_h1_dual,1,0.0,0,,0.0,0.0,0,0,0,m3star_graph_action_value_xgboost_v0.3,m3star_graph_action_reachability_xgboost_v0.1,m3star_graph_action_value_xgboost_v0.3,10.0,0,1,1,0,development,0,2,0.5,G2_tactic_intent,0.6,0,0,G2_tactic_intent,2,0,1,1,1,1,,8,1,0.0,,0.0,0,project05-m3star-runtime-contract-v0.6,16b8a68b34cb0608aa5c2dfe82f7b3423811b09f1a0d0f0d255c2e787bc4cb99,0.6.0,0,1,G2_tactic_intent,G2_tactic_intent,m3star_graph_transition_xgboost_v0.1,0
C11-otrf-apt29-day1-scranton-nashua,random,0.2,11,project05_xgboost_policy,1,0.0,0,,0.0,0.0,0,0,0,,,,10.0,0,1,1,,development,0,2,0.5,G2_tactic_intent,0.6,,0,G2_tactic_intent,2,0,,,,,,,,0.0,,0.0,0,,,,0,,G2_tactic_intent,G2_tactic_intent,,0
C11-otrf-apt29-day1-scranton-nashua,random,0.2,11,project05_m3b_policy,1,0.0,0,,0.0,0.0,0,0,0,,,,10.0,0,1,1,,development,0,2,0.5,G2_tactic_intent,0.6,,0,G2_tactic_intent,2,0,,,,,,,,0.0,,0.0,0,,,,0,,G2_tactic_intent,G2_tactic_intent,,0
C11-otrf-apt29-day1-scranton-nashua,random,0.2,11,project05_m2,1,0.0,0,,0.0,0.0,0,0,0,,,,10.0,0,1,1,,development,0,2,0.5,G2_tactic_intent,0.6,,0,G2_tactic_intent,2,0,,,,,,,,0.0,,0.0,0,,,,0,,G2_tactic_intent,G2_tactic_intent,,0
C11-otrf-apt29-day1-scranton-nashua,random,0.2,11,oracle_optimal,1,0.0,0,,0.0,0.0,0,0,0,,,,10.0,0,1,1,,development,0,2,0.5,G2_tactic_intent,0.6,,0,G2_tactic_intent,2,0,,,,,,,,0.0,,0.0,0,,,,0,,G2_tactic_intent,G2_tactic_intent,,0
C11-otrf-apt29-day1-scranton-nashua,random,0.2,23,project05_m3star_h3_dual,1,1.0,1,C11-AA-001,1.0,0.0,1,0,0,m3star_graph_action_value_xgboost_v0.3,m3star_graph_action_reachability_xgboost_v0.1,m3star_graph_action_value_xgboost_v0.3,10.0,0,1,1,0,development,0,2,0.5,G2_tactic_intent,0.6,3,1,G1_technique,2,0,1,3,1,1,,8,1,1.0,C11-AA-001,0.0,1,project05-m3star-runtime-contract-v0.6,16b8a68b34cb0608aa5c2dfe82f7b3423811b09f1a0d0f0d255c2e787bc4cb99,0.6.0,1,1,G2_tactic_intent,G2_tactic_intent,m3star_graph_transition_xgboost_v0.1,0
C11-otrf-apt29-day1-scranton-nashua,random,0.2,23,project05_m3star_h3_no_dominance_dual,1,1.0,1,C11-AA-001,1.0,0.0,1,0,0,m3star_graph_action_value_xgboost_v0.3,m3star_graph_action_reachability_xgboost_v0.1,m3star_graph_action_value_xgboost_v0.3,10.0,0,1,1,0,development,0,2,0.5,G2_tactic_intent,0.6,3,1,G1_technique,2,0,1,3,0,1,,8,1,1.0,C11-AA-001,0.0,1,project05-m3star-runtime-contract-v0.6,16b8a68b34cb0608aa5c2dfe82f7b3423811b09f1a0d0f0d255c2e787bc4cb99,0.6.0,1,0,G2_tactic_intent,G2_tactic_intent,m3star_graph_transition_xgboost_v0.1,0
C11-otrf-apt29-day1-scranton-nashua,random,0.2,23,project05_m3star_h3_unshielded_dual,1,1.0,1,C11-AA-001,1.0,0.0,1,0,0,m3star_graph_action_value_xgboost_v0.3,m3star_graph_action_reachability_xgboost_v0.1,m3star_graph_action_value_xgboost_v0.3,10.0,0,1,1,0,development,0,2,0.5,G2_tactic_intent,0.6,3,1,G1_technique,2,0,0,3,1,1,,8,0,1.0,C11-AA-001,0.0,1,project05-m3star-runtime-contract-v0.6,16b8a68b34cb0608aa5c2dfe82f7b3423811b09f1a0d0f0d255c2e787bc4cb99,0.6.0,1,1,G2_tactic_intent,G2_tactic_intent,m3star_graph_transition_xgboost_v0.1,0
C11-otrf-apt29-day1-scranton-nashua,random,0.2,23,project05_m3star_h3_transition_only,1,1.0,1,C11-AA-001,1.0,0.0,1,0,0,none,none,none,10.0,0,1,1,0,development,0,2,0.5,G2_tactic_intent,0.6,0,1,G1_technique,2,0,1,3,1,0,,8,1,1.0,C11-AA-001,0.0,1,project05-m3star-runtime-contract-v0.6,16b8a68b34cb0608aa5c2dfe82f7b3423811b09f1a0d0f0d255c2e787bc4cb99,0.6.0,1,1,G2_tactic_intent,G2_tactic_intent,m3star_graph_transition_xgboost_v0.1,0
C11-otrf-apt29-day1-scranton-nashua,random,0.2,23,project05_m3star_h1_dual,1,1.0,1,C11-AA-001,1.0,0.0,1,0,0,m3star_graph_action_value_xgboost_v0.3,m3star_graph_action_reachability_xgboost_v0.1,m3star_graph_action_value_xgboost_v0.3,10.0,0,1,1,0,development,0,2,0.5,G2_tactic_intent,0.6,3,1,G1_technique,2,0,1,1,1,1,,8,1,1.0,C11-AA-001,0.0,1,project05-m3star-runtime-contract-v0.6,16b8a68b34cb0608aa5c2dfe82f7b3423811b09f1a0d0f0d255c2e787bc4cb99,0.6.0,1,1,G2_tactic_intent,G2_tactic_intent,m3star_graph_transition_xgboost_v0.1,0
C11-otrf-apt29-day1-scranton-nashua,random,0.2,23,project05_xgboost_policy,1,1.0,1,C11-AA-001,1.0,0.0,1,0,0,,,,10.0,0,1,1,,development,0,2,0.5,G2_tactic_intent,0.6,,1,G1_technique,2,0,,,,,,,,1.0,C11-AA-001,0.0,1,,,,1,,G2_tactic_intent,G2_tactic_intent,,0
C11-otrf-apt29-day1-scranton-nashua,random,0.2,23,project05_m3b_policy,1,1.0,1,C11-AA-004,1.0,0.0,0,0,0,,,,10.0,0,1,1,,development,0,2,0.25,G2_tactic_intent,0.6,,1,G1_technique,2,0,,,,,,,,1.0,C11-AA-001,0.0,1,,,,1,,G2_tactic_intent,G2_tactic_intent,,0
C11-otrf-apt29-day1-scranton-nashua,random,0.2,23,project05_m2,1,1.0,1,C11-AA-004,1.0,0.0,0,0,0,,,,10.0,0,1,1,,development,0,2,0.25,G2_tactic_intent,0.6,,1,G1_technique,2,0,,,,,,,,1.0,C11-AA-001,0.0,1,,,,1,,G2_tactic_intent,G2_tactic_intent,,0
C11-otrf-apt29-day1-scranton-nashua,random,0.2,23,oracle_optimal,1,1.0,1,C11-AA-001,1.0,0.0,1,0,0,,,,10.0,0,1,1,,development,0,2,0.5,G2_tactic_intent,0.6,,1,G1_technique,2,0,,,,,,,,1.0,C11-AA-001,0.0,1,,,,1,,G2_tactic_intent,G2_tactic_intent,,0
C11-otrf-apt29-day1-scranton-nashua,random,0.2,37,project05_m3star_h3_dual,1,1.0,1,C11-AA-001,1.0,0.0,1,0,0,m3star_graph_action_value_xgboost_v0.3,m3star_graph_action_reachability_xgboost_v0.1,m3star_graph_action_value_xgboost_v0.3,10.0,0,1,1,0,development,0,2,0.5,G2_tactic_intent,0.6,2,1,G1_technique,2,0,1,3,1,1,,8,1,1.0,C11-AA-001,0.0,1,project05-m3star-runtime-contract-v0.6,16b8a68b34cb0608aa5c2dfe82f7b3423811b09f1a0d0f0d255c2e787bc4cb99,0.6.0,1,1,G2_tactic_intent,G2_tactic_intent,m3star_graph_transition_xgboost_v0.1,0
C11-otrf-apt29-day1-scranton-nashua,random,0.2,37,project05_m3star_h3_no_dominance_dual,1,1.0,1,C11-AA-001,1.0,0.0,1,0,0,m3star_graph_action_value_xgboost_v0.3,m3star_graph_action_reachability_xgboost_v0.1,m3star_graph_action_value_xgboost_v0.3,10.0,0,1,1,0,development,0,2,0.5,G2_tactic_intent,0.6,2,1,G1_technique,2,0,1,3,0,1,,8,1,1.0,C11-AA-001,0.0,1,project05-m3star-runtime-contract-v0.6,16b8a68b34cb0608aa5c2dfe82f7b3423811b09f1a0d0f0d255c2e787bc4cb99,0.6.0,1,0,G2_tactic_intent,G2_tactic_intent,m3star_graph_transition_xgboost_v0.1,0
C11-otrf-apt29-day1-scranton-nashua,random,0.2,37,project05_m3star_h3_unshielded_dual,1,1.0,1,C11-AA-001,1.0,0.0,1,0,0,m3star_graph_action_value_xgboost_v0.3,m3star_graph_action_reachability_xgboost_v0.1,m3star_graph_action_value_xgboost_v0.3,10.0,0,1,1,0,development,0,2,0.5,G2_tactic_intent,0.6,2,1,G1_technique,2,0,0,3,1,1,,8,0,1.0,C11-AA-001,0.0,1,project05-m3star-runtime-contract-v0.6,16b8a68b34cb0608aa5c2dfe82f7b3423811b09f1a0d0f0d255c2e787bc4cb99,0.6.0,1,1,G2_tactic_intent,G2_tactic_intent,m3star_graph_transition_xgboost_v0.1,0
C11-otrf-apt29-day1-scranton-nashua,random,0.2,37,project05_m3star_h3_transition_only,1,1.0,1,C11-AA-001,1.0,0.0,1,0,0,none,none,none,10.0,0,1,1,0,development,0,2,0.5,G2_tactic_intent,0.6,0,1,G1_technique,2,0,1,3,1,0,,8,1,1.0,C11-AA-001,0.0,1,project05-m3star-runtime-contract-v0.6,16b8a68b34cb0608aa5c2dfe82f7b3423811b09f1a0d0f0d255c2e787bc4cb99,0.6.0,1,1,G2_tactic_intent,G2_tactic_intent,m3star_graph_transition_xgboost_v0.1,0
C11-otrf-apt29-day1-scranton-nashua,random,0.2,37,project05_m3star_h1_dual,1,1.0,1,C11-AA-001,1.0,0.0,1,0,0,m3star_graph_action_value_xgboost_v0.3,m3star_graph_action_reachability_xgboost_v0.1,m3star_graph_action_value_xgboost_v0.3,10.0,0,1,1,0,development,0,2,0.5,G2_tactic_intent,0.6,2,1,G1_technique,2,0,1,1,1,1,,8,1,1.0,C11-AA-001,0.0,1,project05-m3star-runtime-contract-v0.6,16b8a68b34cb0608aa5c2dfe82f7b3423811b09f1a0d0f0d255c2e787bc4cb99,0.6.0,1,1,G2_tactic_intent,G2_tactic_intent,m3star_graph_transition_xgboost_v0.1,0
C11-otrf-apt29-day1-scranton-nashua,random,0.2,37,project05_xgboost_policy,1,1.0,1,C11-AA-001,1.0,0.0,1,0,0,,,,10.0,0,1,1,,development,0,2,0.5,G2_tactic_intent,0.6,,1,G1_technique,2,0,,,,,,,,1.0,C11-AA-001,0.0,1,,,,1,,G2_tactic_intent,G2_tactic_intent,,0
C11-otrf-apt29-day1-scranton-nashua,random,0.2,37,project05_m3b_policy,1,1.0,1,C11-AA-001,1.0,0.0,1,0,0,,,,10.0,0,1,1,,development,0,2,0.5,G2_tactic_intent,0.6,,1,G1_technique,2,0,,,,,,,,1.0,C11-AA-001,0.0,1,,,,1,,G2_tactic_intent,G2_tactic_intent,,0
C11-otrf-apt29-day1-scranton-nashua,random,0.2,37,project05_m2,1,1.0,1,C11-AA-001,1.0,0.0,1,0,0,,,,10.0,0,1,1,,development,0,2,0.5,G2_tactic_intent,0.6,,1,G1_technique,2,0,,,,,,,,1.0,C11-AA-001,0.0,1,,,,1,,G2_tactic_intent,G2_tactic_intent,,0
C11-otrf-apt29-day1-scranton-nashua,random,0.2,37,oracle_optimal,1,1.0,1,C11-AA-001,1.0,0.0,1,0,0,,,,10.0,0,1,1,,development,0,2,0.5,G2_tactic_intent,0.6,,1,G1_technique,2,0,,,,,,,,1.0,C11-AA-001,0.0,1,,,,1,,G2_tactic_intent,G2_tactic_intent,,0
C11-otrf-apt29-day1-scranton-nashua,random,0.2,41,project05_m3star_h3_dual,1,1.0,1,C11-AA-001,1.0,0.0,1,0,0,m3star_graph_action_value_xgboost_v0.3,m3star_graph_action_reachability_xgboost_v0.1,m3star_graph_action_value_xgboost_v0.3,10.0,0,1,1,0,development,0,2,0.5,G2_tactic_intent,0.6,3,1,G1_technique,2,0,1,3,1,1,,8,1,1.0,C11-AA-001,0.0,1,project05-m3star-runtime-contract-v0.6,16b8a68b34cb0608aa5c2dfe82f7b3423811b09f1a0d0f0d255c2e787bc4cb99,0.6.0,1,1,G2_tactic_intent,G2_tactic_intent,m3star_graph_transition_xgboost_v0.1,0
C11-otrf-apt29-day1-scranton-nashua,random,0.2,41,project05_m3star_h3_no_dominance_dual,1,1.0,1,C11-AA-001,1.0,0.0,1,0,0,m3star_graph_action_value_xgboost_v0.3,m3star_graph_action_reachability_xgboost_v0.1,m3star_graph_action_value_xgboost_v0.3,10.0,0,1,1,0,development,0,2,0.5,G2_tactic_intent,0.6,3,1,G1_technique,2,0,1,3,0,1,,8,1,1.0,C11-AA-001,0.0,1,project05-m3star-runtime-contract-v0.6,16b8a68b34cb0608aa5c2dfe82f7b3423811b09f1a0d0f0d255c2e787bc4cb99,0.6.0,1,0,G2_tactic_intent,G2_tactic_intent,m3star_graph_transition_xgboost_v0.1,0
C11-otrf-apt29-day1-scranton-nashua,random,0.2,41,project05_m3star_h3_unshielded_dual,1,1.0,1,C11-AA-001,1.0,0.0,1,0,0,m3star_graph_action_value_xgboost_v0.3,m3star_graph_action_reachability_xgboost_v0.1,m3star_graph_action_value_xgboost_v0.3,10.0,0,1,1,0,development,0,2,0.5,G2_tactic_intent,0.6,3,1,G1_technique,2,0,0,3,1,1,,8,0,1.0,C11-AA-001,0.0,1,project05-m3star-runtime-contract-v0.6,16b8a68b34cb0608aa5c2dfe82f7b3423811b09f1a0d0f0d255c2e787bc4cb99,0.6.0,1,1,G2_tactic_intent,G2_tactic_intent,m3star_graph_transition_xgboost_v0.1,0
C11-otrf-apt29-day1-scranton-nashua,random,0.2,41,project05_m3star_h3_transition_only,1,1.0,1,C11-AA-001,1.0,0.0,1,0,0,none,none,none,10.0,0,1,1,0,development,0,2,0.5,G2_tactic_intent,0.6,0,1,G1_technique,2,0,1,3,1,0,,8,1,1.0,C11-AA-001,0.0,1,project05-m3star-runtime-contract-v0.6,16b8a68b34cb0608aa5c2dfe82f7b3423811b09f1a0d0f0d255c2e787bc4cb99,0.6.0,1,1,G2_tactic_intent,G2_tactic_intent,m3star_graph_transition_xgboost_v0.1,0
C11-otrf-apt29-day1-scranton-nashua,random,0.2,41,project05_m3star_h1_dual,1,1.0,1,C11-AA-001,1.0,0.0,1,0,0,m3star_graph_action_value_xgboost_v0.3,m3star_graph_action_reachability_xgboost_v0.1,m3star_graph_action_value_xgboost_v0.3,10.0,0,1,1,0,development,0,2,0.5,G2_tactic_intent,0.6,3,1,G1_technique,2,0,1,1,1,1,,8,1,1.0,C11-AA-001,0.0,1,project05-m3star-runtime-contract-v0.6,16b8a68b34cb0608aa5c2dfe82f7b3423811b09f1a0d0f0d255c2e787bc4cb99,0.6.0,1,1,G2_tactic_intent,G2_tactic_intent,m3star_graph_transition_xgboost_v0.1,0
C11-otrf-apt29-day1-scranton-nashua,random,0.2,41,project05_xgboost_policy,1,1.0,1,C11-AA-001,1.0,0.0,1,0,0,,,,10.0,0,1,1,,development,0,2,0.5,G2_tactic_intent,0.6,,1,G1_technique,2,0,,,,,,,,1.0,C11-AA-001,0.0,1,,,,1,,G2_tactic_intent,G2_tactic_intent,,0
C11-otrf-apt29-day1-scranton-nashua,random,0.2,41,project05_m3b_policy,1,1.0,1,C11-AA-001,1.0,0.0,1,0,0,,,,10.0,0,1,1,,development,0,2,0.5,G2_tactic_intent,0.6,,1,G1_technique,2,0,,,,,,,,1.0,C11-AA-001,0.0,1,,,,1,,G2_tactic_intent,G2_tactic_intent,,0
C11-otrf-apt29-day1-scranton-nashua,random,0.2,41,project05_m2,1,3.0,2,C11-AA-003|C11-AA-001,3.0,2.0,0,0,0,,,,10.0,0,1,1,,development,0,2,0.5,G2_tactic_intent,0.6,,1,G1_technique,2,0,,,,,,,,1.0,C11-AA-001,0.3636,1,,,,2,,G2_tactic_intent,G2_tactic_intent,,1
C11-otrf-apt29-day1-scranton-nashua,random,0.2,41,oracle_optimal,1,1.0,1,C11-AA-001,1.0,0.0,1,0,0,,,,10.0,0,1,1,,development,0,2,0.5,G2_tactic_intent,0.6,,1,G1_technique,2,0,,,,,,,,1.0,C11-AA-001,0.0,1,,,,1,,G2_tactic_intent,G2_tactic_intent,,0
C11-otrf-apt29-day1-scranton-nashua,random,0.2,53,project05_m3star_h3_dual,1,6.0,4,C11-AA-001|C11-AA-004|C11-AA-002|C11-AA-003,6.0,4.0,0,0,0,m3star_graph_action_value_xgboost_v0.3,m3star_graph_action_reachability_xgboost_v0.1,m3star_graph_action_value_xgboost_v0.3,10.0,0,1,1,0,development,0,2,0.5,G2_tactic_intent,0.6,7,1,G1_technique,2,0,1,3,1,1,,8,1,2.0,C11-AA-003,2.2889,1,project05-m3star-runtime-contract-v0.6,16b8a68b34cb0608aa5c2dfe82f7b3423811b09f1a0d0f0d255c2e787bc4cb99,0.6.0,4,1,G2_tactic_intent,G2_tactic_intent,m3star_graph_transition_xgboost_v0.1,3
C11-otrf-apt29-day1-scranton-nashua,random,0.2,53,project05_m3star_h3_no_dominance_dual,1,6.0,4,C11-AA-001|C11-AA-004|C11-AA-002|C11-AA-003,6.0,4.0,0,0,0,m3star_graph_action_value_xgboost_v0.3,m3star_graph_action_reachability_xgboost_v0.1,m3star_graph_action_value_xgboost_v0.3,10.0,0,1,1,0,development,0,2,0.5,G2_tactic_intent,0.6,7,1,G1_technique,2,0,1,3,0,1,,8,1,2.0,C11-AA-003,2.2889,1,project05-m3star-runtime-contract-v0.6,16b8a68b34cb0608aa5c2dfe82f7b3423811b09f1a0d0f0d255c2e787bc4cb99,0.6.0,4,0,G2_tactic_intent,G2_tactic_intent,m3star_graph_transition_xgboost_v0.1,3
C11-otrf-apt29-day1-scranton-nashua,random,0.2,53,project05_m3star_h3_unshielded_dual,1,6.0,4,C11-AA-001|C11-AA-004|C11-AA-002|C11-AA-003,6.0,4.0,0,0,0,m3star_graph_action_value_xgboost_v0.3,m3star_graph_action_reachability_xgboost_v0.1,m3star_graph_action_value_xgboost_v0.3,10.0,0,1,1,0,development,0,2,0.5,G2_tactic_intent,0.6,7,1,G1_technique,2,0,0,3,1,1,,8,0,2.0,C11-AA-003,2.2889,1,project05-m3star-runtime-contract-v0.6,16b8a68b34cb0608aa5c2dfe82f7b3423811b09f1a0d0f0d255c2e787bc4cb99,0.6.0,4,1,G2_tactic_intent,G2_tactic_intent,m3star_graph_transition_xgboost_v0.1,3
C11-otrf-apt29-day1-scranton-nashua,random,0.2,53,project05_m3star_h3_transition_only,1,5.0,3,C11-AA-001|C11-AA-002|C11-AA-003,5.0,3.0,0,0,0,none,none,none,10.0,0,1,1,0,development,0,2,0.5,G2_tactic_intent,0.6,0,1,G1_technique,2,0,1,3,1,0,,8,1,2.0,C11-AA-003,1.8,1,project05-m3star-runtime-contract-v0.6,16b8a68b34cb0608aa5c2dfe82f7b3423811b09f1a0d0f0d255c2e787bc4cb99,0.6.0,3,1,G2_tactic_intent,G2_tactic_intent,m3star_graph_transition_xgboost_v0.1,2
C11-otrf-apt29-day1-scranton-nashua,random,0.2,53,project05_m3star_h1_dual,1,6.0,4,C11-AA-001|C11-AA-004|C11-AA-002|C11-AA-003,6.0,4.0,0,0,0,m3star_graph_action_value_xgboost_v0.3,m3star_graph_action_reachability_xgboost_v0.1,m3star_graph_action_value_xgboost_v0.3,10.0,0,1,1,0,development,0,2,0.5,G2_tactic_intent,0.6,7,1,G1_technique,2,0,1,1,1,1,,8,1,2.0,C11-AA-003,2.2889,1,project05-m3star-runtime-contract-v0.6,16b8a68b34cb0608aa5c2dfe82f7b3423811b09f1a0d0f0d255c2e787bc4cb99,0.6.0,4,1,G2_tactic_intent,G2_tactic_intent,m3star_graph_transition_xgboost_v0.1,3
C11-otrf-apt29-day1-scranton-nashua,random,0.2,53,project05_xgboost_policy,1,3.0,2,C11-AA-001|C11-AA-003,3.0,1.0,0,0,0,,,,10.0,0,1,1,,development,0,2,0.5,G2_tactic_intent,0.6,,1,G1_technique,2,0,,,,,,,,2.0,C11-AA-003,0.7273,1,,,,2,,G2_tactic_intent,G2_tactic_intent,,1
C11-otrf-apt29-day1-scranton-nashua,random,0.2,53,project05_m3b_policy,1,3.0,2,C11-AA-001|C11-AA-003,3.0,1.0,0,0,0,,,,10.0,0,1,1,,development,0,2,0.5,G2_tactic_intent,0.6,,1,G1_technique,2,0,,,,,,,,2.0,C11-AA-003,0.7273,1,,,,2,,G2_tactic_intent,G2_tactic_intent,,1
C11-otrf-apt29-day1-scranton-nashua,random,0.2,53,project05_m2,1,2.0,1,C11-AA-003,2.0,0.0,1,0,0,,,,10.0,0,1,1,,development,0,2,0.5,G2_tactic_intent,0.6,,1,G1_technique,2,0,,,,,,,,2.0,C11-AA-003,0.0,1,,,,1,,G2_tactic_intent,G2_tactic_intent,,0
C11-otrf-apt29-day1-scranton-nashua,random,0.2,53,oracle_optimal,1,2.0,1,C11-AA-003,2.0,0.0,1,0,0,,,,10.0,0,1,1,,development,0,2,0.5,G2_tactic_intent,0.6,,1,G1_technique,2,0,,,,,,,,2.0,C11-AA-003,0.0,1,,,,1,,G2_tactic_intent,G2_tactic_intent,,0
C11-otrf-apt29-day1-scranton-nashua,random,0.4,11,project05_m3star_h3_dual,1,6.0,4,C11-AA-001|C11-AA-004|C11-AA-002|C11-AA-003,6.0,3.0,1,0,0,m3star_graph_action_value_xgboost_v0.3,m3star_graph_action_reachability_xgboost_v0.1,m3star_graph_action_value_xgboost_v0.3,10.0,0,1,1,0,development,0,2,0.5,G2_tactic_intent,0.6,4,1,G1_technique,4,0,1,3,1,1,,8,1,3.0,C11-AA-001,2.2889,3,project05-m3star-runtime-contract-v0.6,16b8a68b34cb0608aa5c2dfe82f7b3423811b09f1a0d0f0d255c2e787bc4cb99,0.6.0,4,1,G2_tactic_intent,G2_tactic_intent,m3star_graph_transition_xgboost_v0.1,1
C11-otrf-apt29-day1-scranton-nashua,random,0.4,11,project05_m3star_h3_no_dominance_dual,1,6.0,4,C11-AA-001|C11-AA-004|C11-AA-002|C11-AA-003,6.0,3.0,1,0,0,m3star_graph_action_value_xgboost_v0.3,m3star_graph_action_reachability_xgboost_v0.1,m3star_graph_action_value_xgboost_v0.3,10.0,0,1,1,0,development,0,2,0.5,G2_tactic_intent,0.6,4,1,G1_technique,4,0,1,3,0,1,,8,1,3.0,C11-AA-001,2.2889,3,project05-m3star-runtime-contract-v0.6,16b8a68b34cb0608aa5c2dfe82f7b3423811b09f1a0d0f0d255c2e787bc4cb99,0.6.0,4,0,G2_tactic_intent,G2_tactic_intent,m3star_graph_transition_xgboost_v0.1,1
C11-otrf-apt29-day1-scranton-nashua,random,0.4,11,project05_m3star_h3_unshielded_dual,1,6.0,4,C11-AA-001|C11-AA-004|C11-AA-002|C11-AA-003,6.0,3.0,1,0,0,m3star_graph_action_value_xgboost_v0.3,m3star_graph_action_reachability_xgboost_v0.1,m3star_graph_action_value_xgboost_v0.3,10.0,0,1,1,0,development,0,2,0.5,G2_tactic_intent,0.6,4,1,G1_technique,4,0,0,3,1,1,,8,0,3.0,C11-AA-001,2.2889,3,project05-m3star-runtime-contract-v0.6,16b8a68b34cb0608aa5c2dfe82f7b3423811b09f1a0d0f0d255c2e787bc4cb99,0.6.0,4,1,G2_tactic_intent,G2_tactic_intent,m3star_graph_transition_xgboost_v0.1,1
C11-otrf-apt29-day1-scranton-nashua,random,0.4,11,project05_m3star_h3_transition_only,1,5.0,3,C11-AA-001|C11-AA-002|C11-AA-003,5.0,2.0,1,0,0,none,none,none,10.0,0,1,1,0,development,0,2,0.5,G2_tactic_intent,0.6,0,1,G1_technique,4,0,1,3,1,0,,8,1,3.0,C11-AA-001,1.8,2,project05-m3star-runtime-contract-v0.6,16b8a68b34cb0608aa5c2dfe82f7b3423811b09f1a0d0f0d255c2e787bc4cb99,0.6.0,3,1,G2_tactic_intent,G2_tactic_intent,m3star_graph_transition_xgboost_v0.1,1
C11-otrf-apt29-day1-scranton-nashua,random,0.4,11,project05_m3star_h1_dual,1,6.0,4,C11-AA-001|C11-AA-004|C11-AA-002|C11-AA-003,6.0,3.0,1,0,0,m3star_graph_action_value_xgboost_v0.3,m3star_graph_action_reachability_xgboost_v0.1,m3star_graph_action_value_xgboost_v0.3,10.0,0,1,1,0,development,0,2,0.5,G2_tactic_intent,0.6,4,1,G1_technique,4,0,1,1,1,1,,8,1,3.0,C11-AA-001,2.2889,3,project05-m3star-runtime-contract-v0.6,16b8a68b34cb0608aa5c2dfe82f7b3423811b09f1a0d0f0d255c2e787bc4cb99,0.6.0,4,1,G2_tactic_intent,G2_tactic_intent,m3star_graph_transition_xgboost_v0.1,1
C11-otrf-apt29-day1-scranton-nashua,random,0.4,11,project05_xgboost_policy,1,3.0,2,C11-AA-001|C11-AA-003,3.0,0.0,1,0,0,,,,10.0,0,1,1,,development,0,2,0.5,G2_tactic_intent,0.6,,1,G1_technique,4,0,,,,,,,,3.0,C11-AA-001,0.7273,2,,,,2,,G2_tactic_intent,G2_tactic_intent,,0
C11-otrf-apt29-day1-scranton-nashua,random,0.4,11,project05_m3b_policy,1,3.0,2,C11-AA-001|C11-AA-003,3.0,0.0,1,0,0,,,,10.0,0,1,1,,development,0,2,0.5,G2_tactic_intent,0.6,,1,G1_technique,4,0,,,,,,,,3.0,C11-AA-001,0.7273,2,,,,2,,G2_tactic_intent,G2_tactic_intent,,0
C11-otrf-apt29-day1-scranton-nashua,random,0.4,11,project05_m2,1,5.0,3,C11-AA-003|C11-AA-004|C11-AA-005,5.0,2.0,0,0,0,,,,10.0,0,1,1,,development,0,2,0.25,G2_tactic_intent,0.6,,1,G1_technique,4,0,,,,,,,,3.0,C11-AA-001,1.6944,3,,,,3,,G2_tactic_intent,G2_tactic_intent,,0
C11-otrf-apt29-day1-scranton-nashua,random,0.4,11,oracle_optimal,1,3.0,2,C11-AA-001|C11-AA-003,3.0,0.0,1,0,0,,,,10.0,0,1,1,,development,0,2,0.5,G2_tactic_intent,0.6,,1,G1_technique,4,0,,,,,,,,3.0,C11-AA-001,0.7273,2,,,,2,,G2_tactic_intent,G2_tactic_intent,,0
C11-otrf-apt29-day1-scranton-nashua,random,0.4,23,project05_m3star_h3_dual,1,2.0,2,C11-AA-001|C11-AA-004,2.0,0.0,1,0,0,m3star_graph_action_value_xgboost_v0.3,m3star_graph_action_reachability_xgboost_v0.1,m3star_graph_action_value_xgboost_v0.3,10.0,0,1,1,0,development,0,2,0.25,G2_tactic_intent,0.6,4,1,G1_technique,4,0,1,3,1,1,,8,1,2.0,C11-AA-001,0.4,3,project05-m3star-runtime-contract-v0.6,16b8a68b34cb0608aa5c2dfe82f7b3423811b09f1a0d0f0d255c2e787bc4cb99,0.6.0,2,1,G2_tactic_intent,G2_tactic_intent,m3star_graph_transition_xgboost_v0.1,0
C11-otrf-apt29-day1-scranton-nashua,random,0.4,23,project05_m3star_h3_no_dominance_dual,1,2.0,2,C11-AA-001|C11-AA-004,2.0,0.0,1,0,0,m3star_graph_action_value_xgboost_v0.3,m3star_graph_action_reachability_xgboost_v0.1,m3star_graph_action_value_xgboost_v0.3,10.0,0,1,1,0,development,0,2,0.25,G2_tactic_intent,0.6,4,1,G1_technique,4,0,1,3,0,1,,8,1,2.0,C11-AA-001,0.4,3,project05-m3star-runtime-contract-v0.6,16b8a68b34cb0608aa5c2dfe82f7b3423811b09f1a0d0f0d255c2e787bc4cb99,0.6.0,2,0,G2_tactic_intent,G2_tactic_intent,m3star_graph_transition_xgboost_v0.1,0
C11-otrf-apt29-day1-scranton-nashua,random,0.4,23,project05_m3star_h3_unshielded_dual,1,2.0,2,C11-AA-001|C11-AA-004,2.0,0.0,1,0,0,m3star_graph_action_value_xgboost_v0.3,m3star_graph_action_reachability_xgboost_v0.1,m3star_graph_action_value_xgboost_v0.3,10.0,0,1,1,0,development,0,2,0.25,G2_tactic_intent,0.6,4,1,G1_technique,4,0,0,3,1,1,,8,0,2.0,C11-AA-001,0.4,3,project05-m3star-runtime-contract-v0.6,16b8a68b34cb0608aa5c2dfe82f7b3423811b09f1a0d0f0d255c2e787bc4cb99,0.6.0,2,1,G2_tactic_intent,G2_tactic_intent,m3star_graph_transition_xgboost_v0.1,0
C11-otrf-apt29-day1-scranton-nashua,random,0.4,23,project05_m3star_h3_transition_only,1,5.0,3,C11-AA-001|C11-AA-002|C11-AA-003,5.0,3.0,1,0,0,none,none,none,10.0,0,1,1,0,development,0,2,0.5,G2_tactic_intent,0.6,0,1,G1_technique,4,0,1,3,1,0,,8,1,2.0,C11-AA-001,1.8,3,project05-m3star-runtime-contract-v0.6,16b8a68b34cb0608aa5c2dfe82f7b3423811b09f1a0d0f0d255c2e787bc4cb99,0.6.0,3,1,G2_tactic_intent,G2_tactic_intent,m3star_graph_transition_xgboost_v0.1,1
C11-otrf-apt29-day1-scranton-nashua,random,0.4,23,project05_m3star_h1_dual,1,2.0,2,C11-AA-001|C11-AA-004,2.0,0.0,1,0,0,m3star_graph_action_value_xgboost_v0.3,m3star_graph_action_reachability_xgboost_v0.1,m3star_graph_action_value_xgboost_v0.3,10.0,0,1,1,0,development,0,2,0.25,G2_tactic_intent,0.6,4,1,G1_technique,4,0,1,1,1,1,,8,1,2.0,C11-AA-001,0.4,3,project05-m3star-runtime-contract-v0.6,16b8a68b34cb0608aa5c2dfe82f7b3423811b09f1a0d0f0d255c2e787bc4cb99,0.6.0,2,1,G2_tactic_intent,G2_tactic_intent,m3star_graph_transition_xgboost_v0.1,0
C11-otrf-apt29-day1-scranton-nashua,random,0.4,23,project05_xgboost_policy,1,2.0,2,C11-AA-001|C11-AA-004,2.0,0.0,1,0,0,,,,10.0,0,1,1,,development,0,2,0.25,G2_tactic_intent,0.6,,1,G1_technique,4,0,,,,,,,,2.0,C11-AA-001,0.4,3,,,,2,,G2_tactic_intent,G2_tactic_intent,,0
C11-otrf-apt29-day1-scranton-nashua,random,0.4,23,project05_m3b_policy,1,2.0,2,C11-AA-001|C11-AA-004,2.0,0.0,1,0,0,,,,10.0,0,1,1,,development,0,2,0.25,G2_tactic_intent,0.6,,1,G1_technique,4,0,,,,,,,,2.0,C11-AA-001,0.4,3,,,,2,,G2_tactic_intent,G2_tactic_intent,,0
C11-otrf-apt29-day1-scranton-nashua,random,0.4,23,project05_m2,1,2.0,2,C11-AA-004|C11-AA-001,2.0,0.0,0,0,0,,,,10.0,0,1,1,,development,0,2,0.25,G2_tactic_intent,0.6,,1,G1_technique,4,0,,,,,,,,2.0,C11-AA-001,0.4,3,,,,2,,G2_tactic_intent,G2_tactic_intent,,0
C11-otrf-apt29-day1-scranton-nashua,random,0.4,23,oracle_optimal,1,2.0,2,C11-AA-001|C11-AA-004,2.0,0.0,1,0,0,,,,10.0,0,1,1,,development,0,2,0.25,G2_tactic_intent,0.6,,1,G1_technique,4,0,,,,,,,,2.0,C11-AA-001,0.4,3,,,,2,,G2_tactic_intent,G2_tactic_intent,,0
C11-otrf-apt29-day1-scranton-nashua,random,0.4,37,project05_m3star_h3_dual,1,4.0,3,C11-AA-001|C11-AA-004|C11-AA-002,4.0,1.0,0,0,0,m3star_graph_action_value_xgboost_v0.3,m3star_graph_action_reachability_xgboost_v0.1,m3star_graph_action_value_xgboost_v0.3,10.0,0,1,1,0,development,0,2,0.25,G2_tactic_intent,0.6,5,1,G1_technique,4,0,1,3,1,1,,8,1,3.0,C11-AA-002,1.4,3,project05-m3star-runtime-contract-v0.6,16b8a68b34cb0608aa5c2dfe82f7b3423811b09f1a0d0f0d255c2e787bc4cb99,0.6.0,3,1,G2_tactic_intent,G2_tactic_intent,m3star_graph_transition_xgboost_v0.1,0
C11-otrf-apt29-day1-scranton-nashua,random,0.4,37,project05_m3star_h3_no_dominance_dual,1,4.0,3,C11-AA-001|C11-AA-004|C11-AA-002,4.0,1.0,0,0,0,m3star_graph_action_value_xgboost_v0.3,m3star_graph_action_reachability_xgboost_v0.1,m3star_graph_action_value_xgboost_v0.3,10.0,0,1,1,0,development,0,2,0.25,G2_tactic_intent,0.6,5,1,G1_technique,4,0,1,3,0,1,,8,1,3.0,C11-AA-002,1.4,3,project05-m3star-runtime-contract-v0.6,16b8a68b34cb0608aa5c2dfe82f7b3423811b09f1a0d0f0d255c2e787bc4cb99,0.6.0,3,0,G2_tactic_intent,G2_tactic_intent,m3star_graph_transition_xgboost_v0.1,0
C11-otrf-apt29-day1-scranton-nashua,random,0.4,37,project05_m3star_h3_unshielded_dual,1,4.0,3,C11-AA-001|C11-AA-004|C11-AA-002,4.0,1.0,0,0,0,m3star_graph_action_value_xgboost_v0.3,m3star_graph_action_reachability_xgboost_v0.1,m3star_graph_action_value_xgboost_v0.3,10.0,0,1,1,0,development,0,2,0.25,G2_tactic_intent,0.6,5,1,G1_technique,4,0,0,3,1,1,,8,0,3.0,C11-AA-002,1.4,3,project05-m3star-runtime-contract-v0.6,16b8a68b34cb0608aa5c2dfe82f7b3423811b09f1a0d0f0d255c2e787bc4cb99,0.6.0,3,1,G2_tactic_intent,G2_tactic_intent,m3star_graph_transition_xgboost_v0.1,0
C11-otrf-apt29-day1-scranton-nashua,random,0.4,37,project05_m3star_h3_transition_only,1,5.0,3,C11-AA-001|C11-AA-003|C11-AA-002,5.0,2.0,0,0,0,none,none,none,10.0,0,1,1,0,development,0,2,0.5,G2_tactic_intent,0.6,0,1,G1_technique,4,0,1,3,1,0,,8,1,3.0,C11-AA-002,1.7273,3,project05-m3star-runtime-contract-v0.6,16b8a68b34cb0608aa5c2dfe82f7b3423811b09f1a0d0f0d255c2e787bc4cb99,0.6.0,3,1,G2_tactic_intent,G2_tactic_intent,m3star_graph_transition_xgboost_v0.1,0
C11-otrf-apt29-day1-scranton-nashua,random,0.4,37,project05_m3star_h1_dual,1,4.0,3,C11-AA-001|C11-AA-004|C11-AA-002,4.0,1.0,0,0,0,m3star_graph_action_value_xgboost_v0.3,m3star_graph_action_reachability_xgboost_v0.1,m3star_graph_action_value_xgboost_v0.3,10.0,0,1,1,0,development,0,2,0.25,G2_tactic_intent,0.6,5,1,G1_technique,4,0,1,1,1,1,,8,1,3.0,C11-AA-002,1.4,3,project05-m3star-runtime-contract-v0.6,16b8a68b34cb0608aa5c2dfe82f7b3423811b09f1a0d0f0d255c2e787bc4cb99,0.6.0,3,1,G2_tactic_intent,G2_tactic_intent,m3star_graph_transition_xgboost_v0.1,0
C11-otrf-apt29-day1-scranton-nashua,random,0.4,37,project05_xgboost_policy,1,4.0,3,C11-AA-001|C11-AA-004|C11-AA-002,4.0,1.0,0,0,0,,,,10.0,0,1,1,,development,0,2,0.25,G2_tactic_intent,0.6,,1,G1_technique,4,0,,,,,,,,3.0,C11-AA-002,1.4,3,,,,3,,G2_tactic_intent,G2_tactic_intent,,0
C11-otrf-apt29-day1-scranton-nashua,random,0.4,37,project05_m3b_policy,1,4.0,3,C11-AA-001|C11-AA-004|C11-AA-002,4.0,1.0,0,0,0,,,,10.0,0,1,1,,development,0,2,0.25,G2_tactic_intent,0.6,,1,G1_technique,4,0,,,,,,,,3.0,C11-AA-002,1.4,3,,,,3,,G2_tactic_intent,G2_tactic_intent,,0
C11-otrf-apt29-day1-scranton-nashua,random,0.4,37,project05_m2,1,4.0,3,C11-AA-004|C11-AA-001|C11-AA-002,4.0,1.0,0,0,0,,,,10.0,0,1,1,,development,0,2,0.25,G2_tactic_intent,0.6,,1,G1_technique,4,0,,,,,,,,3.0,C11-AA-002,1.4,3,,,,3,,G2_tactic_intent,G2_tactic_intent,,0
C11-otrf-apt29-day1-scranton-nashua,random,0.4,37,oracle_optimal,1,3.0,2,C11-AA-002|C11-AA-004,3.0,0.0,1,0,0,,,,10.0,0,1,1,,development,0,2,0.25,G2_tactic_intent,0.6,,1,G1_technique,4,0,,,,,,,,3.0,C11-AA-002,0.1818,2,,,,2,,G2_tactic_intent,G2_tactic_intent,,0
C11-otrf-apt29-day1-scranton-nashua,random,0.4,41,project05_m3star_h3_dual,1,4.0,3,C11-AA-001|C11-AA-004|C11-AA-002,4.0,0.0,1,0,0,m3star_graph_action_value_xgboost_v0.3,m3star_graph_action_reachability_xgboost_v0.1,m3star_graph_action_value_xgboost_v0.3,10.0,0,1,1,0,development,0,2,0.25,G2_tactic_intent,0.6,5,1,G0_unknown,4,0,1,3,1,1,,8,1,4.0,C11-AA-001,1.4,3,project05-m3star-runtime-contract-v0.6,16b8a68b34cb0608aa5c2dfe82f7b3423811b09f1a0d0f0d255c2e787bc4cb99,0.6.0,3,1,G2_tactic_intent,G2_tactic_intent,m3star_graph_transition_xgboost_v0.1,0
C11-otrf-apt29-day1-scranton-nashua,random,0.4,41,project05_m3star_h3_no_dominance_dual,1,4.0,3,C11-AA-001|C11-AA-004|C11-AA-002,4.0,0.0,1,0,0,m3star_graph_action_value_xgboost_v0.3,m3star_graph_action_reachability_xgboost_v0.1,m3star_graph_action_value_xgboost_v0.3,10.0,0,1,1,0,development,0,2,0.25,G2_tactic_intent,0.6,5,1,G0_unknown,4,0,1,3,0,1,,8,1,4.0,C11-AA-001,1.4,3,project05-m3star-runtime-contract-v0.6,16b8a68b34cb0608aa5c2dfe82f7b3423811b09f1a0d0f0d255c2e787bc4cb99,0.6.0,3,0,G2_tactic_intent,G2_tactic_intent,m3star_graph_transition_xgboost_v0.1,0
C11-otrf-apt29-day1-scranton-nashua,random,0.4,41,project05_m3star_h3_unshielded_dual,1,4.0,3,C11-AA-001|C11-AA-004|C11-AA-002,4.0,0.0,1,0,0,m3star_graph_action_value_xgboost_v0.3,m3star_graph_action_reachability_xgboost_v0.1,m3star_graph_action_value_xgboost_v0.3,10.0,0,1,1,0,development,0,2,0.25,G2_tactic_intent,0.6,5,1,G0_unknown,4,0,0,3,1,1,,8,0,4.0,C11-AA-001,1.4,3,project05-m3star-runtime-contract-v0.6,16b8a68b34cb0608aa5c2dfe82f7b3423811b09f1a0d0f0d255c2e787bc4cb99,0.6.0,3,1,G2_tactic_intent,G2_tactic_intent,m3star_graph_transition_xgboost_v0.1,0
C11-otrf-apt29-day1-scranton-nashua,random,0.4,41,project05_m3star_h3_transition_only,1,5.0,3,C11-AA-001|C11-AA-003|C11-AA-002,5.0,1.0,1,0,0,none,none,none,10.0,0,1,1,0,development,0,2,0.5,G2_tactic_intent,0.6,0,1,G0_unknown,4,0,1,3,1,0,,8,1,4.0,C11-AA-001,1.7273,3,project05-m3star-runtime-contract-v0.6,16b8a68b34cb0608aa5c2dfe82f7b3423811b09f1a0d0f0d255c2e787bc4cb99,0.6.0,3,1,G2_tactic_intent,G2_tactic_intent,m3star_graph_transition_xgboost_v0.1,0
C11-otrf-apt29-day1-scranton-nashua,random,0.4,41,project05_m3star_h1_dual,1,4.0,3,C11-AA-001|C11-AA-004|C11-AA-002,4.0,0.0,1,0,0,m3star_graph_action_value_xgboost_v0.3,m3star_graph_action_reachability_xgboost_v0.1,m3star_graph_action_value_xgboost_v0.3,10.0,0,1,1,0,development,0,2,0.25,G2_tactic_intent,0.6,5,1,G0_unknown,4,0,1,1,1,1,,8,1,4.0,C11-AA-001,1.4,3,project05-m3star-runtime-contract-v0.6,16b8a68b34cb0608aa5c2dfe82f7b3423811b09f1a0d0f0d255c2e787bc4cb99,0.6.0,3,1,G2_tactic_intent,G2_tactic_intent,m3star_graph_transition_xgboost_v0.1,0
C11-otrf-apt29-day1-scranton-nashua,random,0.4,41,project05_xgboost_policy,1,4.0,3,C11-AA-001|C11-AA-004|C11-AA-002,4.0,0.0,1,0,0,,,,10.0,0,1,1,,development,0,2,0.25,G2_tactic_intent,0.6,,1,G0_unknown,4,0,,,,,,,,4.0,C11-AA-001,1.4,3,,,,3,,G2_tactic_intent,G2_tactic_intent,,0
C11-otrf-apt29-day1-scranton-nashua,random,0.4,41,project05_m3b_policy,1,4.0,3,C11-AA-001|C11-AA-004|C11-AA-002,4.0,0.0,1,0,0,,,,10.0,0,1,1,,development,0,2,0.25,G2_tactic_intent,0.6,,1,G0_unknown,4,0,,,,,,,,4.0,C11-AA-001,1.4,3,,,,3,,G2_tactic_intent,G2_tactic_intent,,0
C11-otrf-apt29-day1-scranton-nashua,random,0.4,41,project05_m2,1,6.0,4,C11-AA-001|C11-AA-005|C11-AA-004|C11-AA-002,6.0,2.0,1,0,0,,,,10.0,0,1,1,,development,0,2,0.25,G2_tactic_intent,0.6,,1,G0_unknown,4,0,,,,,,,,4.0,C11-AA-001,2.0455,3,,,,4,,G2_tactic_intent,G2_tactic_intent,,1
C11-otrf-apt29-day1-scranton-nashua,random,0.4,41,oracle_optimal,1,4.0,3,C11-AA-001|C11-AA-002|C11-AA-004,4.0,0.0,1,0,0,,,,10.0,0,1,1,,development,0,2,0.25,G2_tactic_intent,0.6,,1,G0_unknown,4,0,,,,,,,,4.0,C11-AA-001,1.4,3,,,,3,,G2_tactic_intent,G2_tactic_intent,,0
C11-otrf-apt29-day1-scranton-nashua,random,0.4,53,project05_m3star_h3_dual,1,6.0,4,C11-AA-001|C11-AA-004|C11-AA-002|C11-AA-003,6.0,3.0,1,0,0,m3star_graph_action_value_xgboost_v0.3,m3star_graph_action_reachability_xgboost_v0.1,m3star_graph_action_value_xgboost_v0.3,10.0,0,1,1,0,development,0,2,0.5,G2_tactic_intent,0.6,4,1,G1_technique,4,0,1,3,1,1,,8,1,3.0,C11-AA-001,2.2889,3,project05-m3star-runtime-contract-v0.6,16b8a68b34cb0608aa5c2dfe82f7b3423811b09f1a0d0f0d255c2e787bc4cb99,0.6.0,4,1,G2_tactic_intent,G2_tactic_intent,m3star_graph_transition_xgboost_v0.1,1
C11-otrf-apt29-day1-scranton-nashua,random,0.4,53,project05_m3star_h3_no_dominance_dual,1,6.0,4,C11-AA-001|C11-AA-004|C11-AA-002|C11-AA-003,6.0,3.0,1,0,0,m3star_graph_action_value_xgboost_v0.3,m3star_graph_action_reachability_xgboost_v0.1,m3star_graph_action_value_xgboost_v0.3,10.0,0,1,1,0,development,0,2,0.5,G2_tactic_intent,0.6,4,1,G1_technique,4,0,1,3,0,1,,8,1,3.0,C11-AA-001,2.2889,3,project05-m3star-runtime-contract-v0.6,16b8a68b34cb0608aa5c2dfe82f7b3423811b09f1a0d0f0d255c2e787bc4cb99,0.6.0,4,0,G2_tactic_intent,G2_tactic_intent,m3star_graph_transition_xgboost_v0.1,1
C11-otrf-apt29-day1-scranton-nashua,random,0.4,53,project05_m3star_h3_unshielded_dual,1,6.0,4,C11-AA-001|C11-AA-004|C11-AA-002|C11-AA-003,6.0,3.0,1,0,0,m3star_graph_action_value_xgboost_v0.3,m3star_graph_action_reachability_xgboost_v0.1,m3star_graph_action_value_xgboost_v0.3,10.0,0,1,1,0,development,0,2,0.5,G2_tactic_intent,0.6,4,1,G1_technique,4,0,0,3,1,1,,8,0,3.0,C11-AA-001,2.2889,3,project05-m3star-runtime-contract-v0.6,16b8a68b34cb0608aa5c2dfe82f7b3423811b09f1a0d0f0d255c2e787bc4cb99,0.6.0,4,1,G2_tactic_intent,G2_tactic_intent,m3star_graph_transition_xgboost_v0.1,1
C11-otrf-apt29-day1-scranton-nashua,random,0.4,53,project05_m3star_h3_transition_only,1,5.0,3,C11-AA-001|C11-AA-002|C11-AA-003,5.0,2.0,1,0,0,none,none,none,10.0,0,1,1,0,development,0,2,0.5,G2_tactic_intent,0.6,0,1,G1_technique,4,0,1,3,1,0,,8,1,3.0,C11-AA-001,1.8,2,project05-m3star-runtime-contract-v0.6,16b8a68b34cb0608aa5c2dfe82f7b3423811b09f1a0d0f0d255c2e787bc4cb99,0.6.0,3,1,G2_tactic_intent,G2_tactic_intent,m3star_graph_transition_xgboost_v0.1,1
C11-otrf-apt29-day1-scranton-nashua,random,0.4,53,project05_m3star_h1_dual,1,6.0,4,C11-AA-001|C11-AA-004|C11-AA-002|C11-AA-003,6.0,3.0,1,0,0,m3star_graph_action_value_xgboost_v0.3,m3star_graph_action_reachability_xgboost_v0.1,m3star_graph_action_value_xgboost_v0.3,10.0,0,1,1,0,development,0,2,0.5,G2_tactic_intent,0.6,4,1,G1_technique,4,0,1,1,1,1,,8,1,3.0,C11-AA-001,2.2889,3,project05-m3star-runtime-contract-v0.6,16b8a68b34cb0608aa5c2dfe82f7b3423811b09f1a0d0f0d255c2e787bc4cb99,0.6.0,4,1,G2_tactic_intent,G2_tactic_intent,m3star_graph_transition_xgboost_v0.1,1
C11-otrf-apt29-day1-scranton-nashua,random,0.4,53,project05_xgboost_policy,1,3.0,2,C11-AA-001|C11-AA-003,3.0,0.0,1,0,0,,,,10.0,0,1,1,,development,0,2,0.5,G2_tactic_intent,0.6,,1,G1_technique,4,0,,,,,,,,3.0,C11-AA-001,0.7273,2,,,,2,,G2_tactic_intent,G2_tactic_intent,,0
C11-otrf-apt29-day1-scranton-nashua,random,0.4,53,project05_m3b_policy,1,3.0,2,C11-AA-001|C11-AA-003,3.0,0.0,1,0,0,,,,10.0,0,1,1,,development,0,2,0.5,G2_tactic_intent,0.6,,1,G1_technique,4,0,,,,,,,,3.0,C11-AA-001,0.7273,2,,,,2,,G2_tactic_intent,G2_tactic_intent,,0
C11-otrf-apt29-day1-scranton-nashua,random,0.4,53,project05_m2,1,5.0,3,C11-AA-003|C11-AA-004|C11-AA-005,5.0,2.0,0,0,0,,,,10.0,0,1,1,,development,0,2,0.25,G2_tactic_intent,0.6,,1,G1_technique,4,0,,,,,,,,3.0,C11-AA-001,1.6944,3,,,,3,,G2_tactic_intent,G2_tactic_intent,,0
C11-otrf-apt29-day1-scranton-nashua,random,0.4,53,oracle_optimal,1,3.0,2,C11-AA-001|C11-AA-003,3.0,0.0,1,0,0,,,,10.0,0,1,1,,development,0,2,0.5,G2_tactic_intent,0.6,,1,G1_technique,4,0,,,,,,,,3.0,C11-AA-001,0.7273,2,,,,2,,G2_tactic_intent,G2_tactic_intent,,0
C11-otrf-apt29-day1-scranton-nashua,random,0.6,11,project05_m3star_h3_dual,1,8.0,5,C11-AA-001|C11-AA-004|C11-AA-005|C11-AA-002|C11-AA-003,8.0,5.0,1,0,0,m3star_graph_action_value_xgboost_v0.3,m3star_graph_action_reachability_xgboost_v0.1,m3star_graph_action_value_xgboost_v0.3,10.0,0,1,1,0,development,0,1,0.75,G2_tactic_intent,0.8,6,1,G1_technique,5,0,1,3,1,1,,8,1,3.0,C11-AA-001,3.65,5,project05-m3star-runtime-contract-v0.6,16b8a68b34cb0608aa5c2dfe82f7b3423811b09f1a0d0f0d255c2e787bc4cb99,0.6.0,5,1,G2_tactic_intent,G2_tactic_intent,m3star_graph_transition_xgboost_v0.1,1
C11-otrf-apt29-day1-scranton-nashua,random,0.6,11,project05_m3star_h3_no_dominance_dual,1,8.0,5,C11-AA-001|C11-AA-004|C11-AA-005|C11-AA-002|C11-AA-003,8.0,5.0,1,0,0,m3star_graph_action_value_xgboost_v0.3,m3star_graph_action_reachability_xgboost_v0.1,m3star_graph_action_value_xgboost_v0.3,10.0,0,1,1,0,development,0,1,0.75,G2_tactic_intent,0.8,6,1,G1_technique,5,0,1,3,0,1,,8,1,3.0,C11-AA-001,3.65,5,project05-m3star-runtime-contract-v0.6,16b8a68b34cb0608aa5c2dfe82f7b3423811b09f1a0d0f0d255c2e787bc4cb99,0.6.0,5,0,G2_tactic_intent,G2_tactic_intent,m3star_graph_transition_xgboost_v0.1,1
C11-otrf-apt29-day1-scranton-nashua,random,0.6,11,project05_m3star_h3_unshielded_dual,1,8.0,5,C11-AA-001|C11-AA-004|C11-AA-005|C11-AA-002|C11-AA-003,8.0,5.0,1,0,0,m3star_graph_action_value_xgboost_v0.3,m3star_graph_action_reachability_xgboost_v0.1,m3star_graph_action_value_xgboost_v0.3,10.0,0,1,1,0,development,0,1,0.75,G2_tactic_intent,0.8,6,1,G1_technique,5,0,0,3,1,1,,8,0,3.0,C11-AA-001,3.65,5,project05-m3star-runtime-contract-v0.6,16b8a68b34cb0608aa5c2dfe82f7b3423811b09f1a0d0f0d255c2e787bc4cb99,0.6.0,5,1,G2_tactic_intent,G2_tactic_intent,m3star_graph_transition_xgboost_v0.1,1
C11-otrf-apt29-day1-scranton-nashua,random,0.6,11,project05_m3star_h3_transition_only,1,3.0,2,C11-AA-001|C11-AA-003,3.0,0.0,1,0,0,none,none,none,10.0,0,1,1,0,development,0,2,0.5,G2_tactic_intent,0.6,0,1,G1_technique,5,0,1,3,1,0,,8,1,3.0,C11-AA-001,0.7273,3,project05-m3star-runtime-contract-v0.6,16b8a68b34cb0608aa5c2dfe82f7b3423811b09f1a0d0f0d255c2e787bc4cb99,0.6.0,2,1,G2_tactic_intent,G2_tactic_intent,m3star_graph_transition_xgboost_v0.1,0
C11-otrf-apt29-day1-scranton-nashua,random,0.6,11,project05_m3star_h1_dual,1,8.0,5,C11-AA-001|C11-AA-004|C11-AA-005|C11-AA-002|C11-AA-003,8.0,5.0,1,0,0,m3star_graph_action_value_xgboost_v0.3,m3star_graph_action_reachability_xgboost_v0.1,m3star_graph_action_value_xgboost_v0.3,10.0,0,1,1,0,development,0,1,0.75,G2_tactic_intent,0.8,6,1,G1_technique,5,0,1,1,1,1,,8,1,3.0,C11-AA-001,3.65,5,project05-m3star-runtime-contract-v0.6,16b8a68b34cb0608aa5c2dfe82f7b3423811b09f1a0d0f0d255c2e787bc4cb99,0.6.0,5,1,G2_tactic_intent,G2_tactic_intent,m3star_graph_transition_xgboost_v0.1,1
C11-otrf-apt29-day1-scranton-nashua,random,0.6,11,project05_xgboost_policy,1,4.0,3,C11-AA-001|C11-AA-004|C11-AA-003,4.0,1.0,1,0,0,,,,10.0,0,1,1,,development,0,2,0.5,G2_tactic_intent,0.6,,1,G1_technique,5,0,,,,,,,,3.0,C11-AA-001,1.2889,4,,,,3,,G2_tactic_intent,G2_tactic_intent,,0
C11-otrf-apt29-day1-scranton-nashua,random,0.6,11,project05_m3b_policy,1,4.0,3,C11-AA-001|C11-AA-004|C11-AA-003,4.0,1.0,1,0,0,,,,10.0,0,1,1,,development,0,2,0.5,G2_tactic_intent,0.6,,1,G1_technique,5,0,,,,,,,,3.0,C11-AA-001,1.2889,4,,,,3,,G2_tactic_intent,G2_tactic_intent,,0
C11-otrf-apt29-day1-scranton-nashua,random,0.6,11,project05_m2,1,5.0,3,C11-AA-003|C11-AA-004|C11-AA-005,5.0,2.0,0,0,0,,,,10.0,0,1,1,,development,0,2,0.25,G2_tactic_intent,0.6,,1,G1_technique,5,0,,,,,,,,3.0,C11-AA-001,1.6944,4,,,,3,,G2_tactic_intent,G2_tactic_intent,,0
C11-otrf-apt29-day1-scranton-nashua,random,0.6,11,oracle_optimal,1,3.0,2,C11-AA-001|C11-AA-003,3.0,0.0,1,0,0,,,,10.0,0,1,1,,development,0,2,0.5,G2_tactic_intent,0.6,,1,G1_technique,5,0,,,,,,,,3.0,C11-AA-001,0.7273,3,,,,2,,G2_tactic_intent,G2_tactic_intent,,0
C11-otrf-apt29-day1-scranton-nashua,random,0.6,23,project05_m3star_h3_dual,1,2.0,2,C11-AA-001|C11-AA-004,2.0,0.0,1,0,0,m3star_graph_action_value_xgboost_v0.3,m3star_graph_action_reachability_xgboost_v0.1,m3star_graph_action_value_xgboost_v0.3,10.0,0,1,1,0,development,0,2,0.25,G2_tactic_intent,0.6,4,1,G0_unknown,5,0,1,3,1,1,,8,1,2.0,C11-AA-001,0.4,4,project05-m3star-runtime-contract-v0.6,16b8a68b34cb0608aa5c2dfe82f7b3423811b09f1a0d0f0d255c2e787bc4cb99,0.6.0,2,1,G2_tactic_intent,G2_tactic_intent,m3star_graph_transition_xgboost_v0.1,0
C11-otrf-apt29-day1-scranton-nashua,random,0.6,23,project05_m3star_h3_no_dominance_dual,1,2.0,2,C11-AA-001|C11-AA-004,2.0,0.0,1,0,0,m3star_graph_action_value_xgboost_v0.3,m3star_graph_action_reachability_xgboost_v0.1,m3star_graph_action_value_xgboost_v0.3,10.0,0,1,1,0,development,0,2,0.25,G2_tactic_intent,0.6,4,1,G0_unknown,5,0,1,3,0,1,,8,1,2.0,C11-AA-001,0.4,4,project05-m3star-runtime-contract-v0.6,16b8a68b34cb0608aa5c2dfe82f7b3423811b09f1a0d0f0d255c2e787bc4cb99,0.6.0,2,0,G2_tactic_intent,G2_tactic_intent,m3star_graph_transition_xgboost_v0.1,0
C11-otrf-apt29-day1-scranton-nashua,random,0.6,23,project05_m3star_h3_unshielded_dual,1,2.0,2,C11-AA-001|C11-AA-004,2.0,0.0,1,0,0,m3star_graph_action_value_xgboost_v0.3,m3star_graph_action_reachability_xgboost_v0.1,m3star_graph_action_value_xgboost_v0.3,10.0,0,1,1,0,development,0,2,0.25,G2_tactic_intent,0.6,4,1,G0_unknown,5,0,0,3,1,1,,8,0,2.0,C11-AA-001,0.4,4,project05-m3star-runtime-contract-v0.6,16b8a68b34cb0608aa5c2dfe82f7b3423811b09f1a0d0f0d255c2e787bc4cb99,0.6.0,2,1,G2_tactic_intent,G2_tactic_intent,m3star_graph_transition_xgboost_v0.1,0
C11-otrf-apt29-day1-scranton-nashua,random,0.6,23,project05_m3star_h3_transition_only,1,5.0,3,C11-AA-001|C11-AA-002|C11-AA-003,5.0,3.0,1,0,0,none,none,none,10.0,0,1,1,0,development,0,2,0.5,G2_tactic_intent,0.6,0,1,G0_unknown,5,0,1,3,1,0,,8,1,2.0,C11-AA-001,1.8,4,project05-m3star-runtime-contract-v0.6,16b8a68b34cb0608aa5c2dfe82f7b3423811b09f1a0d0f0d255c2e787bc4cb99,0.6.0,3,1,G2_tactic_intent,G2_tactic_intent,m3star_graph_transition_xgboost_v0.1,1
C11-otrf-apt29-day1-scranton-nashua,random,0.6,23,project05_m3star_h1_dual,1,2.0,2,C11-AA-001|C11-AA-004,2.0,0.0,1,0,0,m3star_graph_action_value_xgboost_v0.3,m3star_graph_action_reachability_xgboost_v0.1,m3star_graph_action_value_xgboost_v0.3,10.0,0,1,1,0,development,0,2,0.25,G2_tactic_intent,0.6,4,1,G0_unknown,5,0,1,1,1,1,,8,1,2.0,C11-AA-001,0.4,4,project05-m3star-runtime-contract-v0.6,16b8a68b34cb0608aa5c2dfe82f7b3423811b09f1a0d0f0d255c2e787bc4cb99,0.6.0,2,1,G2_tactic_intent,G2_tactic_intent,m3star_graph_transition_xgboost_v0.1,0
C11-otrf-apt29-day1-scranton-nashua,random,0.6,23,project05_xgboost_policy,1,2.0,2,C11-AA-001|C11-AA-004,2.0,0.0,1,0,0,,,,10.0,0,1,1,,development,0,2,0.25,G2_tactic_intent,0.6,,1,G0_unknown,5,0,,,,,,,,2.0,C11-AA-001,0.4,4,,,,2,,G2_tactic_intent,G2_tactic_intent,,0
C11-otrf-apt29-day1-scranton-nashua,random,0.6,23,project05_m3b_policy,1,2.0,2,C11-AA-001|C11-AA-004,2.0,0.0,1,0,0,,,,10.0,0,1,1,,development,0,2,0.25,G2_tactic_intent,0.6,,1,G0_unknown,5,0,,,,,,,,2.0,C11-AA-001,0.4,4,,,,2,,G2_tactic_intent,G2_tactic_intent,,0
C11-otrf-apt29-day1-scranton-nashua,random,0.6,23,project05_m2,1,4.0,3,C11-AA-001|C11-AA-005|C11-AA-004,4.0,2.0,1,0,0,,,,10.0,0,1,1,,development,0,2,0.25,G2_tactic_intent,0.6,,1,G0_unknown,5,0,,,,,,,,2.0,C11-AA-001,1.0455,4,,,,3,,G2_tactic_intent,G2_tactic_intent,,1
C11-otrf-apt29-day1-scranton-nashua,random,0.6,23,oracle_optimal,1,2.0,2,C11-AA-001|C11-AA-004,2.0,0.0,1,0,0,,,,10.0,0,1,1,,development,0,2,0.25,G2_tactic_intent,0.6,,1,G0_unknown,5,0,,,,,,,,2.0,C11-AA-001,0.4,4,,,,2,,G2_tactic_intent,G2_tactic_intent,,0
C11-otrf-apt29-day1-scranton-nashua,random,0.6,37,project05_m3star_h3_dual,1,4.0,3,C11-AA-001|C11-AA-004|C11-AA-002,4.0,0.0,1,0,0,m3star_graph_action_value_xgboost_v0.3,m3star_graph_action_reachability_xgboost_v0.1,m3star_graph_action_value_xgboost_v0.3,10.0,0,1,1,0,development,0,2,0.25,G2_tactic_intent,0.6,5,1,G1_technique,5,0,1,3,1,1,,8,1,4.0,C11-AA-001,1.4,4,project05-m3star-runtime-contract-v0.6,16b8a68b34cb0608aa5c2dfe82f7b3423811b09f1a0d0f0d255c2e787bc4cb99,0.6.0,3,1,G2_tactic_intent,G2_tactic_intent,m3star_graph_transition_xgboost_v0.1,0
C11-otrf-apt29-day1-scranton-nashua,random,0.6,37,project05_m3star_h3_no_dominance_dual,1,4.0,3,C11-AA-001|C11-AA-004|C11-AA-002,4.0,0.0,1,0,0,m3star_graph_action_value_xgboost_v0.3,m3star_graph_action_reachability_xgboost_v0.1,m3star_graph_action_value_xgboost_v0.3,10.0,0,1,1,0,development,0,2,0.25,G2_tactic_intent,0.6,5,1,G1_technique,5,0,1,3,0,1,,8,1,4.0,C11-AA-001,1.4,4,project05-m3star-runtime-contract-v0.6,16b8a68b34cb0608aa5c2dfe82f7b3423811b09f1a0d0f0d255c2e787bc4cb99,0.6.0,3,0,G2_tactic_intent,G2_tactic_intent,m3star_graph_transition_xgboost_v0.1,0
C11-otrf-apt29-day1-scranton-nashua,random,0.6,37,project05_m3star_h3_unshielded_dual,1,4.0,3,C11-AA-001|C11-AA-004|C11-AA-002,4.0,0.0,1,0,0,m3star_graph_action_value_xgboost_v0.3,m3star_graph_action_reachability_xgboost_v0.1,m3star_graph_action_value_xgboost_v0.3,10.0,0,1,1,0,development,0,2,0.25,G2_tactic_intent,0.6,5,1,G1_technique,5,0,0,3,1,1,,8,0,4.0,C11-AA-001,1.4,4,project05-m3star-runtime-contract-v0.6,16b8a68b34cb0608aa5c2dfe82f7b3423811b09f1a0d0f0d255c2e787bc4cb99,0.6.0,3,1,G2_tactic_intent,G2_tactic_intent,m3star_graph_transition_xgboost_v0.1,0
C11-otrf-apt29-day1-scranton-nashua,random,0.6,37,project05_m3star_h3_transition_only,1,5.0,3,C11-AA-001|C11-AA-003|C11-AA-002,5.0,1.0,1,0,0,none,none,none,10.0,0,1,1,0,development,0,2,0.5,G2_tactic_intent,0.6,0,1,G1_technique,5,0,1,3,1,0,,8,1,4.0,C11-AA-001,1.7273,4,project05-m3star-runtime-contract-v0.6,16b8a68b34cb0608aa5c2dfe82f7b3423811b09f1a0d0f0d255c2e787bc4cb99,0.6.0,3,1,G2_tactic_intent,G2_tactic_intent,m3star_graph_transition_xgboost_v0.1,0
C11-otrf-apt29-day1-scranton-nashua,random,0.6,37,project05_m3star_h1_dual,1,4.0,3,C11-AA-001|C11-AA-004|C11-AA-002,4.0,0.0,1,0,0,m3star_graph_action_value_xgboost_v0.3,m3star_graph_action_reachability_xgboost_v0.1,m3star_graph_action_value_xgboost_v0.3,10.0,0,1,1,0,development,0,2,0.25,G2_tactic_intent,0.6,5,1,G1_technique,5,0,1,1,1,1,,8,1,4.0,C11-AA-001,1.4,4,project05-m3star-runtime-contract-v0.6,16b8a68b34cb0608aa5c2dfe82f7b3423811b09f1a0d0f0d255c2e787bc4cb99,0.6.0,3,1,G2_tactic_intent,G2_tactic_intent,m3star_graph_transition_xgboost_v0.1,0
C11-otrf-apt29-day1-scranton-nashua,random,0.6,37,project05_xgboost_policy,1,4.0,3,C11-AA-001|C11-AA-004|C11-AA-002,4.0,0.0,1,0,0,,,,10.0,0,1,1,,development,0,2,0.25,G2_tactic_intent,0.6,,1,G1_technique,5,0,,,,,,,,4.0,C11-AA-001,1.4,4,,,,3,,G2_tactic_intent,G2_tactic_intent,,0
C11-otrf-apt29-day1-scranton-nashua,random,0.6,37,project05_m3b_policy,1,4.0,3,C11-AA-001|C11-AA-004|C11-AA-002,4.0,0.0,1,0,0,,,,10.0,0,1,1,,development,0,2,0.25,G2_tactic_intent,0.6,,1,G1_technique,5,0,,,,,,,,4.0,C11-AA-001,1.4,4,,,,3,,G2_tactic_intent,G2_tactic_intent,,0
C11-otrf-apt29-day1-scranton-nashua,random,0.6,37,project05_m2,1,4.0,3,C11-AA-004|C11-AA-001|C11-AA-002,4.0,0.0,0,0,0,,,,10.0,0,1,1,,development,0,2,0.25,G2_tactic_intent,0.6,,1,G1_technique,5,0,,,,,,,,4.0,C11-AA-001,1.4,4,,,,3,,G2_tactic_intent,G2_tactic_intent,,0
C11-otrf-apt29-day1-scranton-nashua,random,0.6,37,oracle_optimal,1,4.0,3,C11-AA-001|C11-AA-002|C11-AA-004,4.0,0.0,1,0,0,,,,10.0,0,1,1,,development,0,2,0.25,G2_tactic_intent,0.6,,1,G1_technique,5,0,,,,,,,,4.0,C11-AA-001,1.4,4,,,,3,,G2_tactic_intent,G2_tactic_intent,,0
C11-otrf-apt29-day1-scranton-nashua,random,0.6,41,project05_m3star_h3_dual,1,6.0,4,C11-AA-001|C11-AA-002|C11-AA-004|C11-AA-003,6.0,2.0,1,0,0,m3star_graph_action_value_xgboost_v0.3,m3star_graph_action_reachability_xgboost_v0.1,m3star_graph_action_value_xgboost_v0.3,10.0,0,1,1,0,development,0,1,0.75,G2_tactic_intent,0.8,5,1,G0_unknown,5,0,1,3,1,1,,8,1,4.0,C11-AA-001,2.2889,5,project05-m3star-runtime-contract-v0.6,16b8a68b34cb0608aa5c2dfe82f7b3423811b09f1a0d0f0d255c2e787bc4cb99,0.6.0,4,1,G2_tactic_intent,G2_tactic_intent,m3star_graph_transition_xgboost_v0.1,0
C11-otrf-apt29-day1-scranton-nashua,random,0.6,41,project05_m3star_h3_no_dominance_dual,1,6.0,4,C11-AA-001|C11-AA-002|C11-AA-004|C11-AA-003,6.0,2.0,1,0,0,m3star_graph_action_value_xgboost_v0.3,m3star_graph_action_reachability_xgboost_v0.1,m3star_graph_action_value_xgboost_v0.3,10.0,0,1,1,0,development,0,1,0.75,G2_tactic_intent,0.8,5,1,G0_unknown,5,0,1,3,0,1,,8,1,4.0,C11-AA-001,2.2889,5,project05-m3star-runtime-contract-v0.6,16b8a68b34cb0608aa5c2dfe82f7b3423811b09f1a0d0f0d255c2e787bc4cb99,0.6.0,4,0,G2_tactic_intent,G2_tactic_intent,m3star_graph_transition_xgboost_v0.1,0
C11-otrf-apt29-day1-scranton-nashua,random,0.6,41,project05_m3star_h3_unshielded_dual,1,6.0,4,C11-AA-001|C11-AA-002|C11-AA-004|C11-AA-003,6.0,2.0,1,0,0,m3star_graph_action_value_xgboost_v0.3,m3star_graph_action_reachability_xgboost_v0.1,m3star_graph_action_value_xgboost_v0.3,10.0,0,1,1,0,development,0,1,0.75,G2_tactic_intent,0.8,5,1,G0_unknown,5,0,0,3,1,1,,8,0,4.0,C11-AA-001,2.2889,5,project05-m3star-runtime-contract-v0.6,16b8a68b34cb0608aa5c2dfe82f7b3423811b09f1a0d0f0d255c2e787bc4cb99,0.6.0,4,1,G2_tactic_intent,G2_tactic_intent,m3star_graph_transition_xgboost_v0.1,0
C11-otrf-apt29-day1-scranton-nashua,random,0.6,41,project05_m3star_h3_transition_only,1,5.0,3,C11-AA-001|C11-AA-003|C11-AA-002,5.0,1.0,1,0,0,none,none,none,10.0,0,1,1,0,development,0,2,0.5,G2_tactic_intent,0.6,0,1,G0_unknown,5,0,1,3,1,0,,8,1,4.0,C11-AA-001,1.7273,4,project05-m3star-runtime-contract-v0.6,16b8a68b34cb0608aa5c2dfe82f7b3423811b09f1a0d0f0d255c2e787bc4cb99,0.6.0,3,1,G2_tactic_intent,G2_tactic_intent,m3star_graph_transition_xgboost_v0.1,0
C11-otrf-apt29-day1-scranton-nashua,random,0.6,41,project05_m3star_h1_dual,1,6.0,4,C11-AA-001|C11-AA-002|C11-AA-004|C11-AA-003,6.0,2.0,1,0,0,m3star_graph_action_value_xgboost_v0.3,m3star_graph_action_reachability_xgboost_v0.1,m3star_graph_action_value_xgboost_v0.3,10.0,0,1,1,0,development,0,1,0.75,G2_tactic_intent,0.8,5,1,G0_unknown,5,0,1,1,1,1,,8,1,4.0,C11-AA-001,2.2889,5,project05-m3star-runtime-contract-v0.6,16b8a68b34cb0608aa5c2dfe82f7b3423811b09f1a0d0f0d255c2e787bc4cb99,0.6.0,4,1,G2_tactic_intent,G2_tactic_intent,m3star_graph_transition_xgboost_v0.1,0
C11-otrf-apt29-day1-scranton-nashua,random,0.6,41,project05_xgboost_policy,1,5.0,3,C11-AA-001|C11-AA-003|C11-AA-002,5.0,1.0,1,0,0,,,,10.0,0,1,1,,development,0,2,0.5,G2_tactic_intent,0.6,,1,G0_unknown,5,0,,,,,,,,4.0,C11-AA-001,1.7273,4,,,,3,,G2_tactic_intent,G2_tactic_intent,,0
C11-otrf-apt29-day1-scranton-nashua,random,0.6,41,project05_m3b_policy,1,6.0,4,C11-AA-001|C11-AA-004|C11-AA-002|C11-AA-003,6.0,2.0,1,0,0,,,,10.0,0,1,1,,development,0,1,0.75,G2_tactic_intent,0.8,,1,G0_unknown,5,0,,,,,,,,4.0,C11-AA-001,2.2889,5,,,,4,,G2_tactic_intent,G2_tactic_intent,,0
C11-otrf-apt29-day1-scranton-nashua,random,0.6,41,project05_m2,1,4.0,3,C11-AA-001|C11-AA-003|C11-AA-004,4.0,0.0,1,0,0,,,,10.0,0,1,1,,development,0,2,0.5,G2_tactic_intent,0.6,,1,G0_unknown,5,0,,,,,,,,4.0,C11-AA-001,1.1717,4,,,,3,,G2_tactic_intent,G2_tactic_intent,,0
C11-otrf-apt29-day1-scranton-nashua,random,0.6,41,oracle_optimal,1,4.0,3,C11-AA-001|C11-AA-003|C11-AA-004,4.0,0.0,1,0,0,,,,10.0,0,1,1,,development,0,2,0.5,G2_tactic_intent,0.6,,1,G0_unknown,5,0,,,,,,,,4.0,C11-AA-001,1.1717,4,,,,3,,G2_tactic_intent,G2_tactic_intent,,0
C11-otrf-apt29-day1-scranton-nashua,random,0.6,53,project05_m3star_h3_dual,1,6.0,4,C11-AA-001|C11-AA-004|C11-AA-002|C11-AA-003,6.0,3.0,1,0,0,m3star_graph_action_value_xgboost_v0.3,m3star_graph_action_reachability_xgboost_v0.1,m3star_graph_action_value_xgboost_v0.3,10.0,0,1,1,0,development,0,2,0.5,G2_tactic_intent,0.6,4,1,G1_technique,5,0,1,3,1,1,,8,1,3.0,C11-AA-001,2.2889,4,project05-m3star-runtime-contract-v0.6,16b8a68b34cb0608aa5c2dfe82f7b3423811b09f1a0d0f0d255c2e787bc4cb99,0.6.0,4,1,G2_tactic_intent,G2_tactic_intent,m3star_graph_transition_xgboost_v0.1,1
C11-otrf-apt29-day1-scranton-nashua,random,0.6,53,project05_m3star_h3_no_dominance_dual,1,6.0,4,C11-AA-001|C11-AA-004|C11-AA-002|C11-AA-003,6.0,3.0,1,0,0,m3star_graph_action_value_xgboost_v0.3,m3star_graph_action_reachability_xgboost_v0.1,m3star_graph_action_value_xgboost_v0.3,10.0,0,1,1,0,development,0,2,0.5,G2_tactic_intent,0.6,4,1,G1_technique,5,0,1,3,0,1,,8,1,3.0,C11-AA-001,2.2889,4,project05-m3star-runtime-contract-v0.6,16b8a68b34cb0608aa5c2dfe82f7b3423811b09f1a0d0f0d255c2e787bc4cb99,0.6.0,4,0,G2_tactic_intent,G2_tactic_intent,m3star_graph_transition_xgboost_v0.1,1
C11-otrf-apt29-day1-scranton-nashua,random,0.6,53,project05_m3star_h3_unshielded_dual,1,6.0,4,C11-AA-001|C11-AA-004|C11-AA-002|C11-AA-003,6.0,3.0,1,0,0,m3star_graph_action_value_xgboost_v0.3,m3star_graph_action_reachability_xgboost_v0.1,m3star_graph_action_value_xgboost_v0.3,10.0,0,1,1,0,development,0,2,0.5,G2_tactic_intent,0.6,4,1,G1_technique,5,0,0,3,1,1,,8,0,3.0,C11-AA-001,2.2889,4,project05-m3star-runtime-contract-v0.6,16b8a68b34cb0608aa5c2dfe82f7b3423811b09f1a0d0f0d255c2e787bc4cb99,0.6.0,4,1,G2_tactic_intent,G2_tactic_intent,m3star_graph_transition_xgboost_v0.1,1
C11-otrf-apt29-day1-scranton-nashua,random,0.6,53,project05_m3star_h3_transition_only,1,5.0,3,C11-AA-001|C11-AA-002|C11-AA-003,5.0,2.0,1,0,0,none,none,none,10.0,0,1,1,0,development,0,2,0.5,G2_tactic_intent,0.6,0,1,G1_technique,5,0,1,3,1,0,,8,1,3.0,C11-AA-001,1.8,3,project05-m3star-runtime-contract-v0.6,16b8a68b34cb0608aa5c2dfe82f7b3423811b09f1a0d0f0d255c2e787bc4cb99,0.6.0,3,1,G2_tactic_intent,G2_tactic_intent,m3star_graph_transition_xgboost_v0.1,1
C11-otrf-apt29-day1-scranton-nashua,random,0.6,53,project05_m3star_h1_dual,1,6.0,4,C11-AA-001|C11-AA-004|C11-AA-002|C11-AA-003,6.0,3.0,1,0,0,m3star_graph_action_value_xgboost_v0.3,m3star_graph_action_reachability_xgboost_v0.1,m3star_graph_action_value_xgboost_v0.3,10.0,0,1,1,0,development,0,2,0.5,G2_tactic_intent,0.6,4,1,G1_technique,5,0,1,1,1,1,,8,1,3.0,C11-AA-001,2.2889,4,project05-m3star-runtime-contract-v0.6,16b8a68b34cb0608aa5c2dfe82f7b3423811b09f1a0d0f0d255c2e787bc4cb99,0.6.0,4,1,G2_tactic_intent,G2_tactic_intent,m3star_graph_transition_xgboost_v0.1,1
C11-otrf-apt29-day1-scranton-nashua,random,0.6,53,project05_xgboost_policy,1,3.0,2,C11-AA-001|C11-AA-003,3.0,0.0,1,0,0,,,,10.0,0,1,1,,development,0,2,0.5,G2_tactic_intent,0.6,,1,G1_technique,5,0,,,,,,,,3.0,C11-AA-001,0.7273,3,,,,2,,G2_tactic_intent,G2_tactic_intent,,0
C11-otrf-apt29-day1-scranton-nashua,random,0.6,53,project05_m3b_policy,1,3.0,2,C11-AA-001|C11-AA-003,3.0,0.0,1,0,0,,,,10.0,0,1,1,,development,0,2,0.5,G2_tactic_intent,0.6,,1,G1_technique,5,0,,,,,,,,3.0,C11-AA-001,0.7273,3,,,,2,,G2_tactic_intent,G2_tactic_intent,,0
C11-otrf-apt29-day1-scranton-nashua,random,0.6,53,project05_m2,1,4.0,3,C11-AA-003|C11-AA-004|C11-AA-001,4.0,1.0,0,0,0,,,,10.0,0,1,1,,development,0,2,0.5,G2_tactic_intent,0.6,,1,G1_technique,5,0,,,,,,,,3.0,C11-AA-001,0.8444,4,,,,3,,G2_tactic_intent,G2_tactic_intent,,0
C11-otrf-apt29-day1-scranton-nashua,random,0.6,53,oracle_optimal,1,3.0,2,C11-AA-001|C11-AA-003,3.0,0.0,1,0,0,,,,10.0,0,1,1,,development,0,2,0.5,G2_tactic_intent,0.6,,1,G1_technique,5,0,,,,,,,,3.0,C11-AA-001,0.7273,3,,,,2,,G2_tactic_intent,G2_tactic_intent,,0
C11-otrf-apt29-day1-scranton-nashua,stage,0.2,11,project05_m3star_h3_dual,1,0.0,0,,0.0,0.0,0,0,0,m3star_graph_action_value_xgboost_v0.3,m3star_graph_action_reachability_xgboost_v0.1,m3star_graph_action_value_xgboost_v0.3,10.0,0,1,1,0,development,0,2,0.5,G2_tactic_intent,0.6,0,0,G2_tactic_intent,2,0,1,3,1,1,,8,1,0.0,,0.0,0,project05-m3star-runtime-contract-v0.6,16b8a68b34cb0608aa5c2dfe82f7b3423811b09f1a0d0f0d255c2e787bc4cb99,0.6.0,0,1,G2_tactic_intent,G2_tactic_intent,m3star_graph_transition_xgboost_v0.1,0
C11-otrf-apt29-day1-scranton-nashua,stage,0.2,11,project05_m3star_h3_no_dominance_dual,1,0.0,0,,0.0,0.0,0,0,0,m3star_graph_action_value_xgboost_v0.3,m3star_graph_action_reachability_xgboost_v0.1,m3star_graph_action_value_xgboost_v0.3,10.0,0,1,1,0,development,0,2,0.5,G2_tactic_intent,0.6,0,0,G2_tactic_intent,2,0,1,3,0,1,,8,1,0.0,,0.0,0,project05-m3star-runtime-contract-v0.6,16b8a68b34cb0608aa5c2dfe82f7b3423811b09f1a0d0f0d255c2e787bc4cb99,0.6.0,0,0,G2_tactic_intent,G2_tactic_intent,m3star_graph_transition_xgboost_v0.1,0
C11-otrf-apt29-day1-scranton-nashua,stage,0.2,11,project05_m3star_h3_unshielded_dual,1,0.0,0,,0.0,0.0,0,0,0,m3star_graph_action_value_xgboost_v0.3,m3star_graph_action_reachability_xgboost_v0.1,m3star_graph_action_value_xgboost_v0.3,10.0,0,1,1,0,development,0,2,0.5,G2_tactic_intent,0.6,0,0,G2_tactic_intent,2,0,0,3,1,1,,8,0,0.0,,0.0,0,project05-m3star-runtime-contract-v0.6,16b8a68b34cb0608aa5c2dfe82f7b3423811b09f1a0d0f0d255c2e787bc4cb99,0.6.0,0,1,G2_tactic_intent,G2_tactic_intent,m3star_graph_transition_xgboost_v0.1,0
C11-otrf-apt29-day1-scranton-nashua,stage,0.2,11,project05_m3star_h3_transition_only,1,0.0,0,,0.0,0.0,0,0,0,none,none,none,10.0,0,1,1,0,development,0,2,0.5,G2_tactic_intent,0.6,0,0,G2_tactic_intent,2,0,1,3,1,0,,8,1,0.0,,0.0,0,project05-m3star-runtime-contract-v0.6,16b8a68b34cb0608aa5c2dfe82f7b3423811b09f1a0d0f0d255c2e787bc4cb99,0.6.0,0,1,G2_tactic_intent,G2_tactic_intent,m3star_graph_transition_xgboost_v0.1,0
C11-otrf-apt29-day1-scranton-nashua,stage,0.2,11,project05_m3star_h1_dual,1,0.0,0,,0.0,0.0,0,0,0,m3star_graph_action_value_xgboost_v0.3,m3star_graph_action_reachability_xgboost_v0.1,m3star_graph_action_value_xgboost_v0.3,10.0,0,1,1,0,development,0,2,0.5,G2_tactic_intent,0.6,0,0,G2_tactic_intent,2,0,1,1,1,1,,8,1,0.0,,0.0,0,project05-m3star-runtime-contract-v0.6,16b8a68b34cb0608aa5c2dfe82f7b3423811b09f1a0d0f0d255c2e787bc4cb99,0.6.0,0,1,G2_tactic_intent,G2_tactic_intent,m3star_graph_transition_xgboost_v0.1,0
C11-otrf-apt29-day1-scranton-nashua,stage,0.2,11,project05_xgboost_policy,1,0.0,0,,0.0,0.0,0,0,0,,,,10.0,0,1,1,,development,0,2,0.5,G2_tactic_intent,0.6,,0,G2_tactic_intent,2,0,,,,,,,,0.0,,0.0,0,,,,0,,G2_tactic_intent,G2_tactic_intent,,0
C11-otrf-apt29-day1-scranton-nashua,stage,0.2,11,project05_m3b_policy,1,0.0,0,,0.0,0.0,0,0,0,,,,10.0,0,1,1,,development,0,2,0.5,G2_tactic_intent,0.6,,0,G2_tactic_intent,2,0,,,,,,,,0.0,,0.0,0,,,,0,,G2_tactic_intent,G2_tactic_intent,,0
C11-otrf-apt29-day1-scranton-nashua,stage,0.2,11,project05_m2,1,0.0,0,,0.0,0.0,0,0,0,,,,10.0,0,1,1,,development,0,2,0.5,G2_tactic_intent,0.6,,0,G2_tactic_intent,2,0,,,,,,,,0.0,,0.0,0,,,,0,,G2_tactic_intent,G2_tactic_intent,,0
C11-otrf-apt29-day1-scranton-nashua,stage,0.2,11,oracle_optimal,1,0.0,0,,0.0,0.0,0,0,0,,,,10.0,0,1,1,,development,0,2,0.5,G2_tactic_intent,0.6,,0,G2_tactic_intent,2,0,,,,,,,,0.0,,0.0,0,,,,0,,G2_tactic_intent,G2_tactic_intent,,0
C11-otrf-apt29-day1-scranton-nashua,stage,0.2,23,project05_m3star_h3_dual,1,0.0,0,,0.0,0.0,0,0,0,m3star_graph_action_value_xgboost_v0.3,m3star_graph_action_reachability_xgboost_v0.1,m3star_graph_action_value_xgboost_v0.3,10.0,0,1,1,0,development,0,2,0.5,G2_tactic_intent,0.6,0,0,G2_tactic_intent,2,0,1,3,1,1,,8,1,0.0,,0.0,0,project05-m3star-runtime-contract-v0.6,16b8a68b34cb0608aa5c2dfe82f7b3423811b09f1a0d0f0d255c2e787bc4cb99,0.6.0,0,1,G2_tactic_intent,G2_tactic_intent,m3star_graph_transition_xgboost_v0.1,0
C11-otrf-apt29-day1-scranton-nashua,stage,0.2,23,project05_m3star_h3_no_dominance_dual,1,0.0,0,,0.0,0.0,0,0,0,m3star_graph_action_value_xgboost_v0.3,m3star_graph_action_reachability_xgboost_v0.1,m3star_graph_action_value_xgboost_v0.3,10.0,0,1,1,0,development,0,2,0.5,G2_tactic_intent,0.6,0,0,G2_tactic_intent,2,0,1,3,0,1,,8,1,0.0,,0.0,0,project05-m3star-runtime-contract-v0.6,16b8a68b34cb0608aa5c2dfe82f7b3423811b09f1a0d0f0d255c2e787bc4cb99,0.6.0,0,0,G2_tactic_intent,G2_tactic_intent,m3star_graph_transition_xgboost_v0.1,0
C11-otrf-apt29-day1-scranton-nashua,stage,0.2,23,project05_m3star_h3_unshielded_dual,1,0.0,0,,0.0,0.0,0,0,0,m3star_graph_action_value_xgboost_v0.3,m3star_graph_action_reachability_xgboost_v0.1,m3star_graph_action_value_xgboost_v0.3,10.0,0,1,1,0,development,0,2,0.5,G2_tactic_intent,0.6,0,0,G2_tactic_intent,2,0,0,3,1,1,,8,0,0.0,,0.0,0,project05-m3star-runtime-contract-v0.6,16b8a68b34cb0608aa5c2dfe82f7b3423811b09f1a0d0f0d255c2e787bc4cb99,0.6.0,0,1,G2_tactic_intent,G2_tactic_intent,m3star_graph_transition_xgboost_v0.1,0
C11-otrf-apt29-day1-scranton-nashua,stage,0.2,23,project05_m3star_h3_transition_only,1,0.0,0,,0.0,0.0,0,0,0,none,none,none,10.0,0,1,1,0,development,0,2,0.5,G2_tactic_intent,0.6,0,0,G2_tactic_intent,2,0,1,3,1,0,,8,1,0.0,,0.0,0,project05-m3star-runtime-contract-v0.6,16b8a68b34cb0608aa5c2dfe82f7b3423811b09f1a0d0f0d255c2e787bc4cb99,0.6.0,0,1,G2_tactic_intent,G2_tactic_intent,m3star_graph_transition_xgboost_v0.1,0
C11-otrf-apt29-day1-scranton-nashua,stage,0.2,23,project05_m3star_h1_dual,1,0.0,0,,0.0,0.0,0,0,0,m3star_graph_action_value_xgboost_v0.3,m3star_graph_action_reachability_xgboost_v0.1,m3star_graph_action_value_xgboost_v0.3,10.0,0,1,1,0,development,0,2,0.5,G2_tactic_intent,0.6,0,0,G2_tactic_intent,2,0,1,1,1,1,,8,1,0.0,,0.0,0,project05-m3star-runtime-contract-v0.6,16b8a68b34cb0608aa5c2dfe82f7b3423811b09f1a0d0f0d255c2e787bc4cb99,0.6.0,0,1,G2_tactic_intent,G2_tactic_intent,m3star_graph_transition_xgboost_v0.1,0
C11-otrf-apt29-day1-scranton-nashua,stage,0.2,23,project05_xgboost_policy,1,0.0,0,,0.0,0.0,0,0,0,,,,10.0,0,1,1,,development,0,2,0.5,G2_tactic_intent,0.6,,0,G2_tactic_intent,2,0,,,,,,,,0.0,,0.0,0,,,,0,,G2_tactic_intent,G2_tactic_intent,,0
C11-otrf-apt29-day1-scranton-nashua,stage,0.2,23,project05_m3b_policy,1,0.0,0,,0.0,0.0,0,0,0,,,,10.0,0,1,1,,development,0,2,0.5,G2_tactic_intent,0.6,,0,G2_tactic_intent,2,0,,,,,,,,0.0,,0.0,0,,,,0,,G2_tactic_intent,G2_tactic_intent,,0
C11-otrf-apt29-day1-scranton-nashua,stage,0.2,23,project05_m2,1,0.0,0,,0.0,0.0,0,0,0,,,,10.0,0,1,1,,development,0,2,0.5,G2_tactic_intent,0.6,,0,G2_tactic_intent,2,0,,,,,,,,0.0,,0.0,0,,,,0,,G2_tactic_intent,G2_tactic_intent,,0
C11-otrf-apt29-day1-scranton-nashua,stage,0.2,23,oracle_optimal,1,0.0,0,,0.0,0.0,0,0,0,,,,10.0,0,1,1,,development,0,2,0.5,G2_tactic_intent,0.6,,0,G2_tactic_intent,2,0,,,,,,,,0.0,,0.0,0,,,,0,,G2_tactic_intent,G2_tactic_intent,,0
C11-otrf-apt29-day1-scranton-nashua,stage,0.2,37,project05_m3star_h3_dual,1,0.0,0,,0.0,0.0,0,0,0,m3star_graph_action_value_xgboost_v0.3,m3star_graph_action_reachability_xgboost_v0.1,m3star_graph_action_value_xgboost_v0.3,10.0,0,1,1,0,development,0,2,0.5,G2_tactic_intent,0.6,0,0,G2_tactic_intent,2,0,1,3,1,1,,8,1,0.0,,0.0,0,project05-m3star-runtime-contract-v0.6,16b8a68b34cb0608aa5c2dfe82f7b3423811b09f1a0d0f0d255c2e787bc4cb99,0.6.0,0,1,G2_tactic_intent,G2_tactic_intent,m3star_graph_transition_xgboost_v0.1,0
C11-otrf-apt29-day1-scranton-nashua,stage,0.2,37,project05_m3star_h3_no_dominance_dual,1,0.0,0,,0.0,0.0,0,0,0,m3star_graph_action_value_xgboost_v0.3,m3star_graph_action_reachability_xgboost_v0.1,m3star_graph_action_value_xgboost_v0.3,10.0,0,1,1,0,development,0,2,0.5,G2_tactic_intent,0.6,0,0,G2_tactic_intent,2,0,1,3,0,1,,8,1,0.0,,0.0,0,project05-m3star-runtime-contract-v0.6,16b8a68b34cb0608aa5c2dfe82f7b3423811b09f1a0d0f0d255c2e787bc4cb99,0.6.0,0,0,G2_tactic_intent,G2_tactic_intent,m3star_graph_transition_xgboost_v0.1,0
C11-otrf-apt29-day1-scranton-nashua,stage,0.2,37,project05_m3star_h3_unshielded_dual,1,0.0,0,,0.0,0.0,0,0,0,m3star_graph_action_value_xgboost_v0.3,m3star_graph_action_reachability_xgboost_v0.1,m3star_graph_action_value_xgboost_v0.3,10.0,0,1,1,0,development,0,2,0.5,G2_tactic_intent,0.6,0,0,G2_tactic_intent,2,0,0,3,1,1,,8,0,0.0,,0.0,0,project05-m3star-runtime-contract-v0.6,16b8a68b34cb0608aa5c2dfe82f7b3423811b09f1a0d0f0d255c2e787bc4cb99,0.6.0,0,1,G2_tactic_intent,G2_tactic_intent,m3star_graph_transition_xgboost_v0.1,0
C11-otrf-apt29-day1-scranton-nashua,stage,0.2,37,project05_m3star_h3_transition_only,1,0.0,0,,0.0,0.0,0,0,0,none,none,none,10.0,0,1,1,0,development,0,2,0.5,G2_tactic_intent,0.6,0,0,G2_tactic_intent,2,0,1,3,1,0,,8,1,0.0,,0.0,0,project05-m3star-runtime-contract-v0.6,16b8a68b34cb0608aa5c2dfe82f7b3423811b09f1a0d0f0d255c2e787bc4cb99,0.6.0,0,1,G2_tactic_intent,G2_tactic_intent,m3star_graph_transition_xgboost_v0.1,0
C11-otrf-apt29-day1-scranton-nashua,stage,0.2,37,project05_m3star_h1_dual,1,0.0,0,,0.0,0.0,0,0,0,m3star_graph_action_value_xgboost_v0.3,m3star_graph_action_reachability_xgboost_v0.1,m3star_graph_action_value_xgboost_v0.3,10.0,0,1,1,0,development,0,2,0.5,G2_tactic_intent,0.6,0,0,G2_tactic_intent,2,0,1,1,1,1,,8,1,0.0,,0.0,0,project05-m3star-runtime-contract-v0.6,16b8a68b34cb0608aa5c2dfe82f7b3423811b09f1a0d0f0d255c2e787bc4cb99,0.6.0,0,1,G2_tactic_intent,G2_tactic_intent,m3star_graph_transition_xgboost_v0.1,0
C11-otrf-apt29-day1-scranton-nashua,stage,0.2,37,project05_xgboost_policy,1,0.0,0,,0.0,0.0,0,0,0,,,,10.0,0,1,1,,development,0,2,0.5,G2_tactic_intent,0.6,,0,G2_tactic_intent,2,0,,,,,,,,0.0,,0.0,0,,,,0,,G2_tactic_intent,G2_tactic_intent,,0
C11-otrf-apt29-day1-scranton-nashua,stage,0.2,37,project05_m3b_policy,1,0.0,0,,0.0,0.0,0,0,0,,,,10.0,0,1,1,,development,0,2,0.5,G2_tactic_intent,0.6,,0,G2_tactic_intent,2,0,,,,,,,,0.0,,0.0,0,,,,0,,G2_tactic_intent,G2_tactic_intent,,0
C11-otrf-apt29-day1-scranton-nashua,stage,0.2,37,project05_m2,1,0.0,0,,0.0,0.0,0,0,0,,,,10.0,0,1,1,,development,0,2,0.5,G2_tactic_intent,0.6,,0,G2_tactic_intent,2,0,,,,,,,,0.0,,0.0,0,,,,0,,G2_tactic_intent,G2_tactic_intent,,0
C11-otrf-apt29-day1-scranton-nashua,stage,0.2,37,oracle_optimal,1,0.0,0,,0.0,0.0,0,0,0,,,,10.0,0,1,1,,development,0,2,0.5,G2_tactic_intent,0.6,,0,G2_tactic_intent,2,0,,,,,,,,0.0,,0.0,0,,,,0,,G2_tactic_intent,G2_tactic_intent,,0
C11-otrf-apt29-day1-scranton-nashua,stage,0.2,41,project05_m3star_h3_dual,1,0.0,0,,0.0,0.0,0,0,0,m3star_graph_action_value_xgboost_v0.3,m3star_graph_action_reachability_xgboost_v0.1,m3star_graph_action_value_xgboost_v0.3,10.0,0,1,1,0,development,0,2,0.5,G2_tactic_intent,0.6,0,0,G2_tactic_intent,2,0,1,3,1,1,,8,1,0.0,,0.0,0,project05-m3star-runtime-contract-v0.6,16b8a68b34cb0608aa5c2dfe82f7b3423811b09f1a0d0f0d255c2e787bc4cb99,0.6.0,0,1,G2_tactic_intent,G2_tactic_intent,m3star_graph_transition_xgboost_v0.1,0
C11-otrf-apt29-day1-scranton-nashua,stage,0.2,41,project05_m3star_h3_no_dominance_dual,1,0.0,0,,0.0,0.0,0,0,0,m3star_graph_action_value_xgboost_v0.3,m3star_graph_action_reachability_xgboost_v0.1,m3star_graph_action_value_xgboost_v0.3,10.0,0,1,1,0,development,0,2,0.5,G2_tactic_intent,0.6,0,0,G2_tactic_intent,2,0,1,3,0,1,,8,1,0.0,,0.0,0,project05-m3star-runtime-contract-v0.6,16b8a68b34cb0608aa5c2dfe82f7b3423811b09f1a0d0f0d255c2e787bc4cb99,0.6.0,0,0,G2_tactic_intent,G2_tactic_intent,m3star_graph_transition_xgboost_v0.1,0
C11-otrf-apt29-day1-scranton-nashua,stage,0.2,41,project05_m3star_h3_unshielded_dual,1,0.0,0,,0.0,0.0,0,0,0,m3star_graph_action_value_xgboost_v0.3,m3star_graph_action_reachability_xgboost_v0.1,m3star_graph_action_value_xgboost_v0.3,10.0,0,1,1,0,development,0,2,0.5,G2_tactic_intent,0.6,0,0,G2_tactic_intent,2,0,0,3,1,1,,8,0,0.0,,0.0,0,project05-m3star-runtime-contract-v0.6,16b8a68b34cb0608aa5c2dfe82f7b3423811b09f1a0d0f0d255c2e787bc4cb99,0.6.0,0,1,G2_tactic_intent,G2_tactic_intent,m3star_graph_transition_xgboost_v0.1,0
C11-otrf-apt29-day1-scranton-nashua,stage,0.2,41,project05_m3star_h3_transition_only,1,0.0,0,,0.0,0.0,0,0,0,none,none,none,10.0,0,1,1,0,development,0,2,0.5,G2_tactic_intent,0.6,0,0,G2_tactic_intent,2,0,1,3,1,0,,8,1,0.0,,0.0,0,project05-m3star-runtime-contract-v0.6,16b8a68b34cb0608aa5c2dfe82f7b3423811b09f1a0d0f0d255c2e787bc4cb99,0.6.0,0,1,G2_tactic_intent,G2_tactic_intent,m3star_graph_transition_xgboost_v0.1,0
C11-otrf-apt29-day1-scranton-nashua,stage,0.2,41,project05_m3star_h1_dual,1,0.0,0,,0.0,0.0,0,0,0,m3star_graph_action_value_xgboost_v0.3,m3star_graph_action_reachability_xgboost_v0.1,m3star_graph_action_value_xgboost_v0.3,10.0,0,1,1,0,development,0,2,0.5,G2_tactic_intent,0.6,0,0,G2_tactic_intent,2,0,1,1,1,1,,8,1,0.0,,0.0,0,project05-m3star-runtime-contract-v0.6,16b8a68b34cb0608aa5c2dfe82f7b3423811b09f1a0d0f0d255c2e787bc4cb99,0.6.0,0,1,G2_tactic_intent,G2_tactic_intent,m3star_graph_transition_xgboost_v0.1,0
C11-otrf-apt29-day1-scranton-nashua,stage,0.2,41,project05_xgboost_policy,1,0.0,0,,0.0,0.0,0,0,0,,,,10.0,0,1,1,,development,0,2,0.5,G2_tactic_intent,0.6,,0,G2_tactic_intent,2,0,,,,,,,,0.0,,0.0,0,,,,0,,G2_tactic_intent,G2_tactic_intent,,0
C11-otrf-apt29-day1-scranton-nashua,stage,0.2,41,project05_m3b_policy,1,0.0,0,,0.0,0.0,0,0,0,,,,10.0,0,1,1,,development,0,2,0.5,G2_tactic_intent,0.6,,0,G2_tactic_intent,2,0,,,,,,,,0.0,,0.0,0,,,,0,,G2_tactic_intent,G2_tactic_intent,,0
C11-otrf-apt29-day1-scranton-nashua,stage,0.2,41,project05_m2,1,0.0,0,,0.0,0.0,0,0,0,,,,10.0,0,1,1,,development,0,2,0.5,G2_tactic_intent,0.6,,0,G2_tactic_intent,2,0,,,,,,,,0.0,,0.0,0,,,,0,,G2_tactic_intent,G2_tactic_intent,,0
C11-otrf-apt29-day1-scranton-nashua,stage,0.2,41,oracle_optimal,1,0.0,0,,0.0,0.0,0,0,0,,,,10.0,0,1,1,,development,0,2,0.5,G2_tactic_intent,0.6,,0,G2_tactic_intent,2,0,,,,,,,,0.0,,0.0,0,,,,0,,G2_tactic_intent,G2_tactic_intent,,0
C11-otrf-apt29-day1-scranton-nashua,stage,0.2,53,project05_m3star_h3_dual,1,0.0,0,,0.0,0.0,0,0,0,m3star_graph_action_value_xgboost_v0.3,m3star_graph_action_reachability_xgboost_v0.1,m3star_graph_action_value_xgboost_v0.3,10.0,0,1,1,0,development,0,2,0.5,G2_tactic_intent,0.6,0,0,G2_tactic_intent,2,0,1,3,1,1,,8,1,0.0,,0.0,0,project05-m3star-runtime-contract-v0.6,16b8a68b34cb0608aa5c2dfe82f7b3423811b09f1a0d0f0d255c2e787bc4cb99,0.6.0,0,1,G2_tactic_intent,G2_tactic_intent,m3star_graph_transition_xgboost_v0.1,0
C11-otrf-apt29-day1-scranton-nashua,stage,0.2,53,project05_m3star_h3_no_dominance_dual,1,0.0,0,,0.0,0.0,0,0,0,m3star_graph_action_value_xgboost_v0.3,m3star_graph_action_reachability_xgboost_v0.1,m3star_graph_action_value_xgboost_v0.3,10.0,0,1,1,0,development,0,2,0.5,G2_tactic_intent,0.6,0,0,G2_tactic_intent,2,0,1,3,0,1,,8,1,0.0,,0.0,0,project05-m3star-runtime-contract-v0.6,16b8a68b34cb0608aa5c2dfe82f7b3423811b09f1a0d0f0d255c2e787bc4cb99,0.6.0,0,0,G2_tactic_intent,G2_tactic_intent,m3star_graph_transition_xgboost_v0.1,0
C11-otrf-apt29-day1-scranton-nashua,stage,0.2,53,project05_m3star_h3_unshielded_dual,1,0.0,0,,0.0,0.0,0,0,0,m3star_graph_action_value_xgboost_v0.3,m3star_graph_action_reachability_xgboost_v0.1,m3star_graph_action_value_xgboost_v0.3,10.0,0,1,1,0,development,0,2,0.5,G2_tactic_intent,0.6,0,0,G2_tactic_intent,2,0,0,3,1,1,,8,0,0.0,,0.0,0,project05-m3star-runtime-contract-v0.6,16b8a68b34cb0608aa5c2dfe82f7b3423811b09f1a0d0f0d255c2e787bc4cb99,0.6.0,0,1,G2_tactic_intent,G2_tactic_intent,m3star_graph_transition_xgboost_v0.1,0
C11-otrf-apt29-day1-scranton-nashua,stage,0.2,53,project05_m3star_h3_transition_only,1,0.0,0,,0.0,0.0,0,0,0,none,none,none,10.0,0,1,1,0,development,0,2,0.5,G2_tactic_intent,0.6,0,0,G2_tactic_intent,2,0,1,3,1,0,,8,1,0.0,,0.0,0,project05-m3star-runtime-contract-v0.6,16b8a68b34cb0608aa5c2dfe82f7b3423811b09f1a0d0f0d255c2e787bc4cb99,0.6.0,0,1,G2_tactic_intent,G2_tactic_intent,m3star_graph_transition_xgboost_v0.1,0
C11-otrf-apt29-day1-scranton-nashua,stage,0.2,53,project05_m3star_h1_dual,1,0.0,0,,0.0,0.0,0,0,0,m3star_graph_action_value_xgboost_v0.3,m3star_graph_action_reachability_xgboost_v0.1,m3star_graph_action_value_xgboost_v0.3,10.0,0,1,1,0,development,0,2,0.5,G2_tactic_intent,0.6,0,0,G2_tactic_intent,2,0,1,1,1,1,,8,1,0.0,,0.0,0,project05-m3star-runtime-contract-v0.6,16b8a68b34cb0608aa5c2dfe82f7b3423811b09f1a0d0f0d255c2e787bc4cb99,0.6.0,0,1,G2_tactic_intent,G2_tactic_intent,m3star_graph_transition_xgboost_v0.1,0
C11-otrf-apt29-day1-scranton-nashua,stage,0.2,53,project05_xgboost_policy,1,0.0,0,,0.0,0.0,0,0,0,,,,10.0,0,1,1,,development,0,2,0.5,G2_tactic_intent,0.6,,0,G2_tactic_intent,2,0,,,,,,,,0.0,,0.0,0,,,,0,,G2_tactic_intent,G2_tactic_intent,,0
C11-otrf-apt29-day1-scranton-nashua,stage,0.2,53,project05_m3b_policy,1,0.0,0,,0.0,0.0,0,0,0,,,,10.0,0,1,1,,development,0,2,0.5,G2_tactic_intent,0.6,,0,G2_tactic_intent,2,0,,,,,,,,0.0,,0.0,0,,,,0,,G2_tactic_intent,G2_tactic_intent,,0
C11-otrf-apt29-day1-scranton-nashua,stage,0.2,53,project05_m2,1,0.0,0,,0.0,0.0,0,0,0,,,,10.0,0,1,1,,development,0,2,0.5,G2_tactic_intent,0.6,,0,G2_tactic_intent,2,0,,,,,,,,0.0,,0.0,0,,,,0,,G2_tactic_intent,G2_tactic_intent,,0
C11-otrf-apt29-day1-scranton-nashua,stage,0.2,53,oracle_optimal,1,0.0,0,,0.0,0.0,0,0,0,,,,10.0,0,1,1,,development,0,2,0.5,G2_tactic_intent,0.6,,0,G2_tactic_intent,2,0,,,,,,,,0.0,,0.0,0,,,,0,,G2_tactic_intent,G2_tactic_intent,,0
C11-otrf-apt29-day1-scranton-nashua,stage,0.4,11,project05_m3star_h3_dual,1,3.0,2,C11-AA-001|C11-AA-002,3.0,0.0,1,0,0,m3star_graph_action_value_xgboost_v0.3,m3star_graph_action_reachability_xgboost_v0.1,m3star_graph_action_value_xgboost_v0.3,10.0,0,1,1,0,development,0,2,0.25,G2_tactic_intent,0.6,4,1,G1_technique,4,0,1,3,1,1,,8,1,3.0,C11-AA-001,1.0,3,project05-m3star-runtime-contract-v0.6,16b8a68b34cb0608aa5c2dfe82f7b3423811b09f1a0d0f0d255c2e787bc4cb99,0.6.0,2,1,G2_tactic_intent,G2_tactic_intent,m3star_graph_transition_xgboost_v0.1,0
C11-otrf-apt29-day1-scranton-nashua,stage,0.4,11,project05_m3star_h3_no_dominance_dual,1,3.0,2,C11-AA-001|C11-AA-002,3.0,0.0,1,0,0,m3star_graph_action_value_xgboost_v0.3,m3star_graph_action_reachability_xgboost_v0.1,m3star_graph_action_value_xgboost_v0.3,10.0,0,1,1,0,development,0,2,0.25,G2_tactic_intent,0.6,4,1,G1_technique,4,0,1,3,0,1,,8,1,3.0,C11-AA-001,1.0,3,project05-m3star-runtime-contract-v0.6,16b8a68b34cb0608aa5c2dfe82f7b3423811b09f1a0d0f0d255c2e787bc4cb99,0.6.0,2,0,G2_tactic_intent,G2_tactic_intent,m3star_graph_transition_xgboost_v0.1,0
C11-otrf-apt29-day1-scranton-nashua,stage,0.4,11,project05_m3star_h3_unshielded_dual,1,3.0,2,C11-AA-001|C11-AA-002,3.0,0.0,1,0,0,m3star_graph_action_value_xgboost_v0.3,m3star_graph_action_reachability_xgboost_v0.1,m3star_graph_action_value_xgboost_v0.3,10.0,0,1,1,0,development,0,2,0.25,G2_tactic_intent,0.6,4,1,G1_technique,4,0,0,3,1,1,,8,0,3.0,C11-AA-001,1.0,3,project05-m3star-runtime-contract-v0.6,16b8a68b34cb0608aa5c2dfe82f7b3423811b09f1a0d0f0d255c2e787bc4cb99,0.6.0,2,1,G2_tactic_intent,G2_tactic_intent,m3star_graph_transition_xgboost_v0.1,0
C11-otrf-apt29-day1-scranton-nashua,stage,0.4,11,project05_m3star_h3_transition_only,1,3.0,2,C11-AA-001|C11-AA-002,3.0,0.0,1,0,0,none,none,none,10.0,0,1,1,0,development,0,2,0.25,G2_tactic_intent,0.6,0,1,G1_technique,4,0,1,3,1,0,,8,1,3.0,C11-AA-001,1.0,3,project05-m3star-runtime-contract-v0.6,16b8a68b34cb0608aa5c2dfe82f7b3423811b09f1a0d0f0d255c2e787bc4cb99,0.6.0,2,1,G2_tactic_intent,G2_tactic_intent,m3star_graph_transition_xgboost_v0.1,0
C11-otrf-apt29-day1-scranton-nashua,stage,0.4,11,project05_m3star_h1_dual,1,3.0,2,C11-AA-001|C11-AA-002,3.0,0.0,1,0,0,m3star_graph_action_value_xgboost_v0.3,m3star_graph_action_reachability_xgboost_v0.1,m3star_graph_action_value_xgboost_v0.3,10.0,0,1,1,0,development,0,2,0.25,G2_tactic_intent,0.6,4,1,G1_technique,4,0,1,1,1,1,,8,1,3.0,C11-AA-001,1.0,3,project05-m3star-runtime-contract-v0.6,16b8a68b34cb0608aa5c2dfe82f7b3423811b09f1a0d0f0d255c2e787bc4cb99,0.6.0,2,1,G2_tactic_intent,G2_tactic_intent,m3star_graph_transition_xgboost_v0.1,0
C11-otrf-apt29-day1-scranton-nashua,stage,0.4,11,project05_xgboost_policy,1,3.0,2,C11-AA-001|C11-AA-002,3.0,0.0,1,0,0,,,,10.0,0,1,1,,development,0,2,0.25,G2_tactic_intent,0.6,,1,G1_technique,4,0,,,,,,,,3.0,C11-AA-001,1.0,3,,,,2,,G2_tactic_intent,G2_tactic_intent,,0
C11-otrf-apt29-day1-scranton-nashua,stage,0.4,11,project05_m3b_policy,1,3.0,2,C11-AA-001|C11-AA-002,3.0,0.0,1,0,0,,,,10.0,0,1,1,,development,0,2,0.25,G2_tactic_intent,0.6,,1,G1_technique,4,0,,,,,,,,3.0,C11-AA-001,1.0,3,,,,2,,G2_tactic_intent,G2_tactic_intent,,0
C11-otrf-apt29-day1-scranton-nashua,stage,0.4,11,project05_m2,1,3.0,2,C11-AA-001|C11-AA-002,3.0,0.0,1,0,0,,,,10.0,0,1,1,,development,0,2,0.25,G2_tactic_intent,0.6,,1,G1_technique,4,0,,,,,,,,3.0,C11-AA-001,1.0,3,,,,2,,G2_tactic_intent,G2_tactic_intent,,0
C11-otrf-apt29-day1-scranton-nashua,stage,0.4,11,oracle_optimal,1,3.0,2,C11-AA-001|C11-AA-002,3.0,0.0,1,0,0,,,,10.0,0,1,1,,development,0,2,0.25,G2_tactic_intent,0.6,,1,G1_technique,4,0,,,,,,,,3.0,C11-AA-001,1.0,3,,,,2,,G2_tactic_intent,G2_tactic_intent,,0
C11-otrf-apt29-day1-scranton-nashua,stage,0.4,23,project05_m3star_h3_dual,1,3.0,2,C11-AA-001|C11-AA-002,3.0,0.0,1,0,0,m3star_graph_action_value_xgboost_v0.3,m3star_graph_action_reachability_xgboost_v0.1,m3star_graph_action_value_xgboost_v0.3,10.0,0,1,1,0,development,0,2,0.25,G2_tactic_intent,0.6,4,1,G1_technique,4,0,1,3,1,1,,8,1,3.0,C11-AA-001,1.0,3,project05-m3star-runtime-contract-v0.6,16b8a68b34cb0608aa5c2dfe82f7b3423811b09f1a0d0f0d255c2e787bc4cb99,0.6.0,2,1,G2_tactic_intent,G2_tactic_intent,m3star_graph_transition_xgboost_v0.1,0
C11-otrf-apt29-day1-scranton-nashua,stage,0.4,23,project05_m3star_h3_no_dominance_dual,1,3.0,2,C11-AA-001|C11-AA-002,3.0,0.0,1,0,0,m3star_graph_action_value_xgboost_v0.3,m3star_graph_action_reachability_xgboost_v0.1,m3star_graph_action_value_xgboost_v0.3,10.0,0,1,1,0,development,0,2,0.25,G2_tactic_intent,0.6,4,1,G1_technique,4,0,1,3,0,1,,8,1,3.0,C11-AA-001,1.0,3,project05-m3star-runtime-contract-v0.6,16b8a68b34cb0608aa5c2dfe82f7b3423811b09f1a0d0f0d255c2e787bc4cb99,0.6.0,2,0,G2_tactic_intent,G2_tactic_intent,m3star_graph_transition_xgboost_v0.1,0
C11-otrf-apt29-day1-scranton-nashua,stage,0.4,23,project05_m3star_h3_unshielded_dual,1,3.0,2,C11-AA-001|C11-AA-002,3.0,0.0,1,0,0,m3star_graph_action_value_xgboost_v0.3,m3star_graph_action_reachability_xgboost_v0.1,m3star_graph_action_value_xgboost_v0.3,10.0,0,1,1,0,development,0,2,0.25,G2_tactic_intent,0.6,4,1,G1_technique,4,0,0,3,1,1,,8,0,3.0,C11-AA-001,1.0,3,project05-m3star-runtime-contract-v0.6,16b8a68b34cb0608aa5c2dfe82f7b3423811b09f1a0d0f0d255c2e787bc4cb99,0.6.0,2,1,G2_tactic_intent,G2_tactic_intent,m3star_graph_transition_xgboost_v0.1,0
C11-otrf-apt29-day1-scranton-nashua,stage,0.4,23,project05_m3star_h3_transition_only,1,3.0,2,C11-AA-001|C11-AA-002,3.0,0.0,1,0,0,none,none,none,10.0,0,1,1,0,development,0,2,0.25,G2_tactic_intent,0.6,0,1,G1_technique,4,0,1,3,1,0,,8,1,3.0,C11-AA-001,1.0,3,project05-m3star-runtime-contract-v0.6,16b8a68b34cb0608aa5c2dfe82f7b3423811b09f1a0d0f0d255c2e787bc4cb99,0.6.0,2,1,G2_tactic_intent,G2_tactic_intent,m3star_graph_transition_xgboost_v0.1,0
C11-otrf-apt29-day1-scranton-nashua,stage,0.4,23,project05_m3star_h1_dual,1,3.0,2,C11-AA-001|C11-AA-002,3.0,0.0,1,0,0,m3star_graph_action_value_xgboost_v0.3,m3star_graph_action_reachability_xgboost_v0.1,m3star_graph_action_value_xgboost_v0.3,10.0,0,1,1,0,development,0,2,0.25,G2_tactic_intent,0.6,4,1,G1_technique,4,0,1,1,1,1,,8,1,3.0,C11-AA-001,1.0,3,project05-m3star-runtime-contract-v0.6,16b8a68b34cb0608aa5c2dfe82f7b3423811b09f1a0d0f0d255c2e787bc4cb99,0.6.0,2,1,G2_tactic_intent,G2_tactic_intent,m3star_graph_transition_xgboost_v0.1,0
C11-otrf-apt29-day1-scranton-nashua,stage,0.4,23,project05_xgboost_policy,1,3.0,2,C11-AA-001|C11-AA-002,3.0,0.0,1,0,0,,,,10.0,0,1,1,,development,0,2,0.25,G2_tactic_intent,0.6,,1,G1_technique,4,0,,,,,,,,3.0,C11-AA-001,1.0,3,,,,2,,G2_tactic_intent,G2_tactic_intent,,0
C11-otrf-apt29-day1-scranton-nashua,stage,0.4,23,project05_m3b_policy,1,3.0,2,C11-AA-001|C11-AA-002,3.0,0.0,1,0,0,,,,10.0,0,1,1,,development,0,2,0.25,G2_tactic_intent,0.6,,1,G1_technique,4,0,,,,,,,,3.0,C11-AA-001,1.0,3,,,,2,,G2_tactic_intent,G2_tactic_intent,,0
C11-otrf-apt29-day1-scranton-nashua,stage,0.4,23,project05_m2,1,3.0,2,C11-AA-001|C11-AA-002,3.0,0.0,1,0,0,,,,10.0,0,1,1,,development,0,2,0.25,G2_tactic_intent,0.6,,1,G1_technique,4,0,,,,,,,,3.0,C11-AA-001,1.0,3,,,,2,,G2_tactic_intent,G2_tactic_intent,,0
C11-otrf-apt29-day1-scranton-nashua,stage,0.4,23,oracle_optimal,1,3.0,2,C11-AA-001|C11-AA-002,3.0,0.0,1,0,0,,,,10.0,0,1,1,,development,0,2,0.25,G2_tactic_intent,0.6,,1,G1_technique,4,0,,,,,,,,3.0,C11-AA-001,1.0,3,,,,2,,G2_tactic_intent,G2_tactic_intent,,0
C11-otrf-apt29-day1-scranton-nashua,stage,0.4,37,project05_m3star_h3_dual,1,3.0,2,C11-AA-001|C11-AA-002,3.0,0.0,1,0,0,m3star_graph_action_value_xgboost_v0.3,m3star_graph_action_reachability_xgboost_v0.1,m3star_graph_action_value_xgboost_v0.3,10.0,0,1,1,0,development,0,2,0.25,G2_tactic_intent,0.6,4,1,G1_technique,4,0,1,3,1,1,,8,1,3.0,C11-AA-001,1.0,3,project05-m3star-runtime-contract-v0.6,16b8a68b34cb0608aa5c2dfe82f7b3423811b09f1a0d0f0d255c2e787bc4cb99,0.6.0,2,1,G2_tactic_intent,G2_tactic_intent,m3star_graph_transition_xgboost_v0.1,0
C11-otrf-apt29-day1-scranton-nashua,stage,0.4,37,project05_m3star_h3_no_dominance_dual,1,3.0,2,C11-AA-001|C11-AA-002,3.0,0.0,1,0,0,m3star_graph_action_value_xgboost_v0.3,m3star_graph_action_reachability_xgboost_v0.1,m3star_graph_action_value_xgboost_v0.3,10.0,0,1,1,0,development,0,2,0.25,G2_tactic_intent,0.6,4,1,G1_technique,4,0,1,3,0,1,,8,1,3.0,C11-AA-001,1.0,3,project05-m3star-runtime-contract-v0.6,16b8a68b34cb0608aa5c2dfe82f7b3423811b09f1a0d0f0d255c2e787bc4cb99,0.6.0,2,0,G2_tactic_intent,G2_tactic_intent,m3star_graph_transition_xgboost_v0.1,0
C11-otrf-apt29-day1-scranton-nashua,stage,0.4,37,project05_m3star_h3_unshielded_dual,1,3.0,2,C11-AA-001|C11-AA-002,3.0,0.0,1,0,0,m3star_graph_action_value_xgboost_v0.3,m3star_graph_action_reachability_xgboost_v0.1,m3star_graph_action_value_xgboost_v0.3,10.0,0,1,1,0,development,0,2,0.25,G2_tactic_intent,0.6,4,1,G1_technique,4,0,0,3,1,1,,8,0,3.0,C11-AA-001,1.0,3,project05-m3star-runtime-contract-v0.6,16b8a68b34cb0608aa5c2dfe82f7b3423811b09f1a0d0f0d255c2e787bc4cb99,0.6.0,2,1,G2_tactic_intent,G2_tactic_intent,m3star_graph_transition_xgboost_v0.1,0
C11-otrf-apt29-day1-scranton-nashua,stage,0.4,37,project05_m3star_h3_transition_only,1,3.0,2,C11-AA-001|C11-AA-002,3.0,0.0,1,0,0,none,none,none,10.0,0,1,1,0,development,0,2,0.25,G2_tactic_intent,0.6,0,1,G1_technique,4,0,1,3,1,0,,8,1,3.0,C11-AA-001,1.0,3,project05-m3star-runtime-contract-v0.6,16b8a68b34cb0608aa5c2dfe82f7b3423811b09f1a0d0f0d255c2e787bc4cb99,0.6.0,2,1,G2_tactic_intent,G2_tactic_intent,m3star_graph_transition_xgboost_v0.1,0
C11-otrf-apt29-day1-scranton-nashua,stage,0.4,37,project05_m3star_h1_dual,1,3.0,2,C11-AA-001|C11-AA-002,3.0,0.0,1,0,0,m3star_graph_action_value_xgboost_v0.3,m3star_graph_action_reachability_xgboost_v0.1,m3star_graph_action_value_xgboost_v0.3,10.0,0,1,1,0,development,0,2,0.25,G2_tactic_intent,0.6,4,1,G1_technique,4,0,1,1,1,1,,8,1,3.0,C11-AA-001,1.0,3,project05-m3star-runtime-contract-v0.6,16b8a68b34cb0608aa5c2dfe82f7b3423811b09f1a0d0f0d255c2e787bc4cb99,0.6.0,2,1,G2_tactic_intent,G2_tactic_intent,m3star_graph_transition_xgboost_v0.1,0
C11-otrf-apt29-day1-scranton-nashua,stage,0.4,37,project05_xgboost_policy,1,3.0,2,C11-AA-001|C11-AA-002,3.0,0.0,1,0,0,,,,10.0,0,1,1,,development,0,2,0.25,G2_tactic_intent,0.6,,1,G1_technique,4,0,,,,,,,,3.0,C11-AA-001,1.0,3,,,,2,,G2_tactic_intent,G2_tactic_intent,,0
C11-otrf-apt29-day1-scranton-nashua,stage,0.4,37,project05_m3b_policy,1,3.0,2,C11-AA-001|C11-AA-002,3.0,0.0,1,0,0,,,,10.0,0,1,1,,development,0,2,0.25,G2_tactic_intent,0.6,,1,G1_technique,4,0,,,,,,,,3.0,C11-AA-001,1.0,3,,,,2,,G2_tactic_intent,G2_tactic_intent,,0
C11-otrf-apt29-day1-scranton-nashua,stage,0.4,37,project05_m2,1,3.0,2,C11-AA-001|C11-AA-002,3.0,0.0,1,0,0,,,,10.0,0,1,1,,development,0,2,0.25,G2_tactic_intent,0.6,,1,G1_technique,4,0,,,,,,,,3.0,C11-AA-001,1.0,3,,,,2,,G2_tactic_intent,G2_tactic_intent,,0
C11-otrf-apt29-day1-scranton-nashua,stage,0.4,37,oracle_optimal,1,3.0,2,C11-AA-001|C11-AA-002,3.0,0.0,1,0,0,,,,10.0,0,1,1,,development,0,2,0.25,G2_tactic_intent,0.6,,1,G1_technique,4,0,,,,,,,,3.0,C11-AA-001,1.0,3,,,,2,,G2_tactic_intent,G2_tactic_intent,,0
C11-otrf-apt29-day1-scranton-nashua,stage,0.4,41,project05_m3star_h3_dual,1,3.0,2,C11-AA-001|C11-AA-002,3.0,0.0,1,0,0,m3star_graph_action_value_xgboost_v0.3,m3star_graph_action_reachability_xgboost_v0.1,m3star_graph_action_value_xgboost_v0.3,10.0,0,1,1,0,development,0,2,0.25,G2_tactic_intent,0.6,4,1,G1_technique,4,0,1,3,1,1,,8,1,3.0,C11-AA-001,1.0,3,project05-m3star-runtime-contract-v0.6,16b8a68b34cb0608aa5c2dfe82f7b3423811b09f1a0d0f0d255c2e787bc4cb99,0.6.0,2,1,G2_tactic_intent,G2_tactic_intent,m3star_graph_transition_xgboost_v0.1,0
C11-otrf-apt29-day1-scranton-nashua,stage,0.4,41,project05_m3star_h3_no_dominance_dual,1,3.0,2,C11-AA-001|C11-AA-002,3.0,0.0,1,0,0,m3star_graph_action_value_xgboost_v0.3,m3star_graph_action_reachability_xgboost_v0.1,m3star_graph_action_value_xgboost_v0.3,10.0,0,1,1,0,development,0,2,0.25,G2_tactic_intent,0.6,4,1,G1_technique,4,0,1,3,0,1,,8,1,3.0,C11-AA-001,1.0,3,project05-m3star-runtime-contract-v0.6,16b8a68b34cb0608aa5c2dfe82f7b3423811b09f1a0d0f0d255c2e787bc4cb99,0.6.0,2,0,G2_tactic_intent,G2_tactic_intent,m3star_graph_transition_xgboost_v0.1,0
C11-otrf-apt29-day1-scranton-nashua,stage,0.4,41,project05_m3star_h3_unshielded_dual,1,3.0,2,C11-AA-001|C11-AA-002,3.0,0.0,1,0,0,m3star_graph_action_value_xgboost_v0.3,m3star_graph_action_reachability_xgboost_v0.1,m3star_graph_action_value_xgboost_v0.3,10.0,0,1,1,0,development,0,2,0.25,G2_tactic_intent,0.6,4,1,G1_technique,4,0,0,3,1,1,,8,0,3.0,C11-AA-001,1.0,3,project05-m3star-runtime-contract-v0.6,16b8a68b34cb0608aa5c2dfe82f7b3423811b09f1a0d0f0d255c2e787bc4cb99,0.6.0,2,1,G2_tactic_intent,G2_tactic_intent,m3star_graph_transition_xgboost_v0.1,0
C11-otrf-apt29-day1-scranton-nashua,stage,0.4,41,project05_m3star_h3_transition_only,1,3.0,2,C11-AA-001|C11-AA-002,3.0,0.0,1,0,0,none,none,none,10.0,0,1,1,0,development,0,2,0.25,G2_tactic_intent,0.6,0,1,G1_technique,4,0,1,3,1,0,,8,1,3.0,C11-AA-001,1.0,3,project05-m3star-runtime-contract-v0.6,16b8a68b34cb0608aa5c2dfe82f7b3423811b09f1a0d0f0d255c2e787bc4cb99,0.6.0,2,1,G2_tactic_intent,G2_tactic_intent,m3star_graph_transition_xgboost_v0.1,0
C11-otrf-apt29-day1-scranton-nashua,stage,0.4,41,project05_m3star_h1_dual,1,3.0,2,C11-AA-001|C11-AA-002,3.0,0.0,1,0,0,m3star_graph_action_value_xgboost_v0.3,m3star_graph_action_reachability_xgboost_v0.1,m3star_graph_action_value_xgboost_v0.3,10.0,0,1,1,0,development,0,2,0.25,G2_tactic_intent,0.6,4,1,G1_technique,4,0,1,1,1,1,,8,1,3.0,C11-AA-001,1.0,3,project05-m3star-runtime-contract-v0.6,16b8a68b34cb0608aa5c2dfe82f7b3423811b09f1a0d0f0d255c2e787bc4cb99,0.6.0,2,1,G2_tactic_intent,G2_tactic_intent,m3star_graph_transition_xgboost_v0.1,0
C11-otrf-apt29-day1-scranton-nashua,stage,0.4,41,project05_xgboost_policy,1,3.0,2,C11-AA-001|C11-AA-002,3.0,0.0,1,0,0,,,,10.0,0,1,1,,development,0,2,0.25,G2_tactic_intent,0.6,,1,G1_technique,4,0,,,,,,,,3.0,C11-AA-001,1.0,3,,,,2,,G2_tactic_intent,G2_tactic_intent,,0
C11-otrf-apt29-day1-scranton-nashua,stage,0.4,41,project05_m3b_policy,1,3.0,2,C11-AA-001|C11-AA-002,3.0,0.0,1,0,0,,,,10.0,0,1,1,,development,0,2,0.25,G2_tactic_intent,0.6,,1,G1_technique,4,0,,,,,,,,3.0,C11-AA-001,1.0,3,,,,2,,G2_tactic_intent,G2_tactic_intent,,0
C11-otrf-apt29-day1-scranton-nashua,stage,0.4,41,project05_m2,1,3.0,2,C11-AA-001|C11-AA-002,3.0,0.0,1,0,0,,,,10.0,0,1,1,,development,0,2,0.25,G2_tactic_intent,0.6,,1,G1_technique,4,0,,,,,,,,3.0,C11-AA-001,1.0,3,,,,2,,G2_tactic_intent,G2_tactic_intent,,0
C11-otrf-apt29-day1-scranton-nashua,stage,0.4,41,oracle_optimal,1,3.0,2,C11-AA-001|C11-AA-002,3.0,0.0,1,0,0,,,,10.0,0,1,1,,development,0,2,0.25,G2_tactic_intent,0.6,,1,G1_technique,4,0,,,,,,,,3.0,C11-AA-001,1.0,3,,,,2,,G2_tactic_intent,G2_tactic_intent,,0
C11-otrf-apt29-day1-scranton-nashua,stage,0.4,53,project05_m3star_h3_dual,1,3.0,2,C11-AA-001|C11-AA-002,3.0,0.0,1,0,0,m3star_graph_action_value_xgboost_v0.3,m3star_graph_action_reachability_xgboost_v0.1,m3star_graph_action_value_xgboost_v0.3,10.0,0,1,1,0,development,0,2,0.25,G2_tactic_intent,0.6,4,1,G1_technique,4,0,1,3,1,1,,8,1,3.0,C11-AA-001,1.0,3,project05-m3star-runtime-contract-v0.6,16b8a68b34cb0608aa5c2dfe82f7b3423811b09f1a0d0f0d255c2e787bc4cb99,0.6.0,2,1,G2_tactic_intent,G2_tactic_intent,m3star_graph_transition_xgboost_v0.1,0
C11-otrf-apt29-day1-scranton-nashua,stage,0.4,53,project05_m3star_h3_no_dominance_dual,1,3.0,2,C11-AA-001|C11-AA-002,3.0,0.0,1,0,0,m3star_graph_action_value_xgboost_v0.3,m3star_graph_action_reachability_xgboost_v0.1,m3star_graph_action_value_xgboost_v0.3,10.0,0,1,1,0,development,0,2,0.25,G2_tactic_intent,0.6,4,1,G1_technique,4,0,1,3,0,1,,8,1,3.0,C11-AA-001,1.0,3,project05-m3star-runtime-contract-v0.6,16b8a68b34cb0608aa5c2dfe82f7b3423811b09f1a0d0f0d255c2e787bc4cb99,0.6.0,2,0,G2_tactic_intent,G2_tactic_intent,m3star_graph_transition_xgboost_v0.1,0
C11-otrf-apt29-day1-scranton-nashua,stage,0.4,53,project05_m3star_h3_unshielded_dual,1,3.0,2,C11-AA-001|C11-AA-002,3.0,0.0,1,0,0,m3star_graph_action_value_xgboost_v0.3,m3star_graph_action_reachability_xgboost_v0.1,m3star_graph_action_value_xgboost_v0.3,10.0,0,1,1,0,development,0,2,0.25,G2_tactic_intent,0.6,4,1,G1_technique,4,0,0,3,1,1,,8,0,3.0,C11-AA-001,1.0,3,project05-m3star-runtime-contract-v0.6,16b8a68b34cb0608aa5c2dfe82f7b3423811b09f1a0d0f0d255c2e787bc4cb99,0.6.0,2,1,G2_tactic_intent,G2_tactic_intent,m3star_graph_transition_xgboost_v0.1,0
C11-otrf-apt29-day1-scranton-nashua,stage,0.4,53,project05_m3star_h3_transition_only,1,3.0,2,C11-AA-001|C11-AA-002,3.0,0.0,1,0,0,none,none,none,10.0,0,1,1,0,development,0,2,0.25,G2_tactic_intent,0.6,0,1,G1_technique,4,0,1,3,1,0,,8,1,3.0,C11-AA-001,1.0,3,project05-m3star-runtime-contract-v0.6,16b8a68b34cb0608aa5c2dfe82f7b3423811b09f1a0d0f0d255c2e787bc4cb99,0.6.0,2,1,G2_tactic_intent,G2_tactic_intent,m3star_graph_transition_xgboost_v0.1,0
C11-otrf-apt29-day1-scranton-nashua,stage,0.4,53,project05_m3star_h1_dual,1,3.0,2,C11-AA-001|C11-AA-002,3.0,0.0,1,0,0,m3star_graph_action_value_xgboost_v0.3,m3star_graph_action_reachability_xgboost_v0.1,m3star_graph_action_value_xgboost_v0.3,10.0,0,1,1,0,development,0,2,0.25,G2_tactic_intent,0.6,4,1,G1_technique,4,0,1,1,1,1,,8,1,3.0,C11-AA-001,1.0,3,project05-m3star-runtime-contract-v0.6,16b8a68b34cb0608aa5c2dfe82f7b3423811b09f1a0d0f0d255c2e787bc4cb99,0.6.0,2,1,G2_tactic_intent,G2_tactic_intent,m3star_graph_transition_xgboost_v0.1,0
C11-otrf-apt29-day1-scranton-nashua,stage,0.4,53,project05_xgboost_policy,1,3.0,2,C11-AA-001|C11-AA-002,3.0,0.0,1,0,0,,,,10.0,0,1,1,,development,0,2,0.25,G2_tactic_intent,0.6,,1,G1_technique,4,0,,,,,,,,3.0,C11-AA-001,1.0,3,,,,2,,G2_tactic_intent,G2_tactic_intent,,0
C11-otrf-apt29-day1-scranton-nashua,stage,0.4,53,project05_m3b_policy,1,3.0,2,C11-AA-001|C11-AA-002,3.0,0.0,1,0,0,,,,10.0,0,1,1,,development,0,2,0.25,G2_tactic_intent,0.6,,1,G1_technique,4,0,,,,,,,,3.0,C11-AA-001,1.0,3,,,,2,,G2_tactic_intent,G2_tactic_intent,,0
C11-otrf-apt29-day1-scranton-nashua,stage,0.4,53,project05_m2,1,3.0,2,C11-AA-001|C11-AA-002,3.0,0.0,1,0,0,,,,10.0,0,1,1,,development,0,2,0.25,G2_tactic_intent,0.6,,1,G1_technique,4,0,,,,,,,,3.0,C11-AA-001,1.0,3,,,,2,,G2_tactic_intent,G2_tactic_intent,,0
C11-otrf-apt29-day1-scranton-nashua,stage,0.4,53,oracle_optimal,1,3.0,2,C11-AA-001|C11-AA-002,3.0,0.0,1,0,0,,,,10.0,0,1,1,,development,0,2,0.25,G2_tactic_intent,0.6,,1,G1_technique,4,0,,,,,,,,3.0,C11-AA-001,1.0,3,,,,2,,G2_tactic_intent,G2_tactic_intent,,0
C11-otrf-apt29-day1-scranton-nashua,stage,0.6,11,project05_m3star_h3_dual,1,3.0,2,C11-AA-001|C11-AA-002,3.0,0.0,1,0,0,m3star_graph_action_value_xgboost_v0.3,m3star_graph_action_reachability_xgboost_v0.1,m3star_graph_action_value_xgboost_v0.3,10.0,0,1,1,0,development,0,2,0.25,G2_tactic_intent,0.6,4,1,G1_technique,5,0,1,3,1,1,,8,1,3.0,C11-AA-001,1.0,4,project05-m3star-runtime-contract-v0.6,16b8a68b34cb0608aa5c2dfe82f7b3423811b09f1a0d0f0d255c2e787bc4cb99,0.6.0,2,1,G2_tactic_intent,G2_tactic_intent,m3star_graph_transition_xgboost_v0.1,0
C11-otrf-apt29-day1-scranton-nashua,stage,0.6,11,project05_m3star_h3_no_dominance_dual,1,3.0,2,C11-AA-001|C11-AA-002,3.0,0.0,1,0,0,m3star_graph_action_value_xgboost_v0.3,m3star_graph_action_reachability_xgboost_v0.1,m3star_graph_action_value_xgboost_v0.3,10.0,0,1,1,0,development,0,2,0.25,G2_tactic_intent,0.6,4,1,G1_technique,5,0,1,3,0,1,,8,1,3.0,C11-AA-001,1.0,4,project05-m3star-runtime-contract-v0.6,16b8a68b34cb0608aa5c2dfe82f7b3423811b09f1a0d0f0d255c2e787bc4cb99,0.6.0,2,0,G2_tactic_intent,G2_tactic_intent,m3star_graph_transition_xgboost_v0.1,0
C11-otrf-apt29-day1-scranton-nashua,stage,0.6,11,project05_m3star_h3_unshielded_dual,1,3.0,2,C11-AA-001|C11-AA-002,3.0,0.0,1,0,0,m3star_graph_action_value_xgboost_v0.3,m3star_graph_action_reachability_xgboost_v0.1,m3star_graph_action_value_xgboost_v0.3,10.0,0,1,1,0,development,0,2,0.25,G2_tactic_intent,0.6,4,1,G1_technique,5,0,0,3,1,1,,8,0,3.0,C11-AA-001,1.0,4,project05-m3star-runtime-contract-v0.6,16b8a68b34cb0608aa5c2dfe82f7b3423811b09f1a0d0f0d255c2e787bc4cb99,0.6.0,2,1,G2_tactic_intent,G2_tactic_intent,m3star_graph_transition_xgboost_v0.1,0
C11-otrf-apt29-day1-scranton-nashua,stage,0.6,11,project05_m3star_h3_transition_only,1,3.0,2,C11-AA-001|C11-AA-002,3.0,0.0,1,0,0,none,none,none,10.0,0,1,1,0,development,0,2,0.25,G2_tactic_intent,0.6,0,1,G1_technique,5,0,1,3,1,0,,8,1,3.0,C11-AA-001,1.0,4,project05-m3star-runtime-contract-v0.6,16b8a68b34cb0608aa5c2dfe82f7b3423811b09f1a0d0f0d255c2e787bc4cb99,0.6.0,2,1,G2_tactic_intent,G2_tactic_intent,m3star_graph_transition_xgboost_v0.1,0
C11-otrf-apt29-day1-scranton-nashua,stage,0.6,11,project05_m3star_h1_dual,1,3.0,2,C11-AA-001|C11-AA-002,3.0,0.0,1,0,0,m3star_graph_action_value_xgboost_v0.3,m3star_graph_action_reachability_xgboost_v0.1,m3star_graph_action_value_xgboost_v0.3,10.0,0,1,1,0,development,0,2,0.25,G2_tactic_intent,0.6,4,1,G1_technique,5,0,1,1,1,1,,8,1,3.0,C11-AA-001,1.0,4,project05-m3star-runtime-contract-v0.6,16b8a68b34cb0608aa5c2dfe82f7b3423811b09f1a0d0f0d255c2e787bc4cb99,0.6.0,2,1,G2_tactic_intent,G2_tactic_intent,m3star_graph_transition_xgboost_v0.1,0
C11-otrf-apt29-day1-scranton-nashua,stage,0.6,11,project05_xgboost_policy,1,3.0,2,C11-AA-001|C11-AA-002,3.0,0.0,1,0,0,,,,10.0,0,1,1,,development,0,2,0.25,G2_tactic_intent,0.6,,1,G1_technique,5,0,,,,,,,,3.0,C11-AA-001,1.0,4,,,,2,,G2_tactic_intent,G2_tactic_intent,,0
C11-otrf-apt29-day1-scranton-nashua,stage,0.6,11,project05_m3b_policy,1,3.0,2,C11-AA-001|C11-AA-002,3.0,0.0,1,0,0,,,,10.0,0,1,1,,development,0,2,0.25,G2_tactic_intent,0.6,,1,G1_technique,5,0,,,,,,,,3.0,C11-AA-001,1.0,4,,,,2,,G2_tactic_intent,G2_tactic_intent,,0
C11-otrf-apt29-day1-scranton-nashua,stage,0.6,11,project05_m2,1,3.0,2,C11-AA-001|C11-AA-002,3.0,0.0,1,0,0,,,,10.0,0,1,1,,development,0,2,0.25,G2_tactic_intent,0.6,,1,G1_technique,5,0,,,,,,,,3.0,C11-AA-001,1.0,4,,,,2,,G2_tactic_intent,G2_tactic_intent,,0
C11-otrf-apt29-day1-scranton-nashua,stage,0.6,11,oracle_optimal,1,3.0,2,C11-AA-001|C11-AA-002,3.0,0.0,1,0,0,,,,10.0,0,1,1,,development,0,2,0.25,G2_tactic_intent,0.6,,1,G1_technique,5,0,,,,,,,,3.0,C11-AA-001,1.0,4,,,,2,,G2_tactic_intent,G2_tactic_intent,,0
C11-otrf-apt29-day1-scranton-nashua,stage,0.6,23,project05_m3star_h3_dual,1,3.0,2,C11-AA-001|C11-AA-002,3.0,0.0,1,0,0,m3star_graph_action_value_xgboost_v0.3,m3star_graph_action_reachability_xgboost_v0.1,m3star_graph_action_value_xgboost_v0.3,10.0,0,1,1,0,development,0,2,0.25,G2_tactic_intent,0.6,4,1,G1_technique,5,0,1,3,1,1,,8,1,3.0,C11-AA-001,1.0,4,project05-m3star-runtime-contract-v0.6,16b8a68b34cb0608aa5c2dfe82f7b3423811b09f1a0d0f0d255c2e787bc4cb99,0.6.0,2,1,G2_tactic_intent,G2_tactic_intent,m3star_graph_transition_xgboost_v0.1,0
C11-otrf-apt29-day1-scranton-nashua,stage,0.6,23,project05_m3star_h3_no_dominance_dual,1,3.0,2,C11-AA-001|C11-AA-002,3.0,0.0,1,0,0,m3star_graph_action_value_xgboost_v0.3,m3star_graph_action_reachability_xgboost_v0.1,m3star_graph_action_value_xgboost_v0.3,10.0,0,1,1,0,development,0,2,0.25,G2_tactic_intent,0.6,4,1,G1_technique,5,0,1,3,0,1,,8,1,3.0,C11-AA-001,1.0,4,project05-m3star-runtime-contract-v0.6,16b8a68b34cb0608aa5c2dfe82f7b3423811b09f1a0d0f0d255c2e787bc4cb99,0.6.0,2,0,G2_tactic_intent,G2_tactic_intent,m3star_graph_transition_xgboost_v0.1,0
C11-otrf-apt29-day1-scranton-nashua,stage,0.6,23,project05_m3star_h3_unshielded_dual,1,3.0,2,C11-AA-001|C11-AA-002,3.0,0.0,1,0,0,m3star_graph_action_value_xgboost_v0.3,m3star_graph_action_reachability_xgboost_v0.1,m3star_graph_action_value_xgboost_v0.3,10.0,0,1,1,0,development,0,2,0.25,G2_tactic_intent,0.6,4,1,G1_technique,5,0,0,3,1,1,,8,0,3.0,C11-AA-001,1.0,4,project05-m3star-runtime-contract-v0.6,16b8a68b34cb0608aa5c2dfe82f7b3423811b09f1a0d0f0d255c2e787bc4cb99,0.6.0,2,1,G2_tactic_intent,G2_tactic_intent,m3star_graph_transition_xgboost_v0.1,0
C11-otrf-apt29-day1-scranton-nashua,stage,0.6,23,project05_m3star_h3_transition_only,1,3.0,2,C11-AA-001|C11-AA-002,3.0,0.0,1,0,0,none,none,none,10.0,0,1,1,0,development,0,2,0.25,G2_tactic_intent,0.6,0,1,G1_technique,5,0,1,3,1,0,,8,1,3.0,C11-AA-001,1.0,4,project05-m3star-runtime-contract-v0.6,16b8a68b34cb0608aa5c2dfe82f7b3423811b09f1a0d0f0d255c2e787bc4cb99,0.6.0,2,1,G2_tactic_intent,G2_tactic_intent,m3star_graph_transition_xgboost_v0.1,0
C11-otrf-apt29-day1-scranton-nashua,stage,0.6,23,project05_m3star_h1_dual,1,3.0,2,C11-AA-001|C11-AA-002,3.0,0.0,1,0,0,m3star_graph_action_value_xgboost_v0.3,m3star_graph_action_reachability_xgboost_v0.1,m3star_graph_action_value_xgboost_v0.3,10.0,0,1,1,0,development,0,2,0.25,G2_tactic_intent,0.6,4,1,G1_technique,5,0,1,1,1,1,,8,1,3.0,C11-AA-001,1.0,4,project05-m3star-runtime-contract-v0.6,16b8a68b34cb0608aa5c2dfe82f7b3423811b09f1a0d0f0d255c2e787bc4cb99,0.6.0,2,1,G2_tactic_intent,G2_tactic_intent,m3star_graph_transition_xgboost_v0.1,0
C11-otrf-apt29-day1-scranton-nashua,stage,0.6,23,project05_xgboost_policy,1,3.0,2,C11-AA-001|C11-AA-002,3.0,0.0,1,0,0,,,,10.0,0,1,1,,development,0,2,0.25,G2_tactic_intent,0.6,,1,G1_technique,5,0,,,,,,,,3.0,C11-AA-001,1.0,4,,,,2,,G2_tactic_intent,G2_tactic_intent,,0
C11-otrf-apt29-day1-scranton-nashua,stage,0.6,23,project05_m3b_policy,1,3.0,2,C11-AA-001|C11-AA-002,3.0,0.0,1,0,0,,,,10.0,0,1,1,,development,0,2,0.25,G2_tactic_intent,0.6,,1,G1_technique,5,0,,,,,,,,3.0,C11-AA-001,1.0,4,,,,2,,G2_tactic_intent,G2_tactic_intent,,0
C11-otrf-apt29-day1-scranton-nashua,stage,0.6,23,project05_m2,1,3.0,2,C11-AA-001|C11-AA-002,3.0,0.0,1,0,0,,,,10.0,0,1,1,,development,0,2,0.25,G2_tactic_intent,0.6,,1,G1_technique,5,0,,,,,,,,3.0,C11-AA-001,1.0,4,,,,2,,G2_tactic_intent,G2_tactic_intent,,0
C11-otrf-apt29-day1-scranton-nashua,stage,0.6,23,oracle_optimal,1,3.0,2,C11-AA-001|C11-AA-002,3.0,0.0,1,0,0,,,,10.0,0,1,1,,development,0,2,0.25,G2_tactic_intent,0.6,,1,G1_technique,5,0,,,,,,,,3.0,C11-AA-001,1.0,4,,,,2,,G2_tactic_intent,G2_tactic_intent,,0
C11-otrf-apt29-day1-scranton-nashua,stage,0.6,37,project05_m3star_h3_dual,1,3.0,2,C11-AA-001|C11-AA-002,3.0,0.0,1,0,0,m3star_graph_action_value_xgboost_v0.3,m3star_graph_action_reachability_xgboost_v0.1,m3star_graph_action_value_xgboost_v0.3,10.0,0,1,1,0,development,0,2,0.25,G2_tactic_intent,0.6,4,1,G1_technique,5,0,1,3,1,1,,8,1,3.0,C11-AA-001,1.0,4,project05-m3star-runtime-contract-v0.6,16b8a68b34cb0608aa5c2dfe82f7b3423811b09f1a0d0f0d255c2e787bc4cb99,0.6.0,2,1,G2_tactic_intent,G2_tactic_intent,m3star_graph_transition_xgboost_v0.1,0
C11-otrf-apt29-day1-scranton-nashua,stage,0.6,37,project05_m3star_h3_no_dominance_dual,1,3.0,2,C11-AA-001|C11-AA-002,3.0,0.0,1,0,0,m3star_graph_action_value_xgboost_v0.3,m3star_graph_action_reachability_xgboost_v0.1,m3star_graph_action_value_xgboost_v0.3,10.0,0,1,1,0,development,0,2,0.25,G2_tactic_intent,0.6,4,1,G1_technique,5,0,1,3,0,1,,8,1,3.0,C11-AA-001,1.0,4,project05-m3star-runtime-contract-v0.6,16b8a68b34cb0608aa5c2dfe82f7b3423811b09f1a0d0f0d255c2e787bc4cb99,0.6.0,2,0,G2_tactic_intent,G2_tactic_intent,m3star_graph_transition_xgboost_v0.1,0
C11-otrf-apt29-day1-scranton-nashua,stage,0.6,37,project05_m3star_h3_unshielded_dual,1,3.0,2,C11-AA-001|C11-AA-002,3.0,0.0,1,0,0,m3star_graph_action_value_xgboost_v0.3,m3star_graph_action_reachability_xgboost_v0.1,m3star_graph_action_value_xgboost_v0.3,10.0,0,1,1,0,development,0,2,0.25,G2_tactic_intent,0.6,4,1,G1_technique,5,0,0,3,1,1,,8,0,3.0,C11-AA-001,1.0,4,project05-m3star-runtime-contract-v0.6,16b8a68b34cb0608aa5c2dfe82f7b3423811b09f1a0d0f0d255c2e787bc4cb99,0.6.0,2,1,G2_tactic_intent,G2_tactic_intent,m3star_graph_transition_xgboost_v0.1,0
C11-otrf-apt29-day1-scranton-nashua,stage,0.6,37,project05_m3star_h3_transition_only,1,3.0,2,C11-AA-001|C11-AA-002,3.0,0.0,1,0,0,none,none,none,10.0,0,1,1,0,development,0,2,0.25,G2_tactic_intent,0.6,0,1,G1_technique,5,0,1,3,1,0,,8,1,3.0,C11-AA-001,1.0,4,project05-m3star-runtime-contract-v0.6,16b8a68b34cb0608aa5c2dfe82f7b3423811b09f1a0d0f0d255c2e787bc4cb99,0.6.0,2,1,G2_tactic_intent,G2_tactic_intent,m3star_graph_transition_xgboost_v0.1,0
C11-otrf-apt29-day1-scranton-nashua,stage,0.6,37,project05_m3star_h1_dual,1,3.0,2,C11-AA-001|C11-AA-002,3.0,0.0,1,0,0,m3star_graph_action_value_xgboost_v0.3,m3star_graph_action_reachability_xgboost_v0.1,m3star_graph_action_value_xgboost_v0.3,10.0,0,1,1,0,development,0,2,0.25,G2_tactic_intent,0.6,4,1,G1_technique,5,0,1,1,1,1,,8,1,3.0,C11-AA-001,1.0,4,project05-m3star-runtime-contract-v0.6,16b8a68b34cb0608aa5c2dfe82f7b3423811b09f1a0d0f0d255c2e787bc4cb99,0.6.0,2,1,G2_tactic_intent,G2_tactic_intent,m3star_graph_transition_xgboost_v0.1,0
C11-otrf-apt29-day1-scranton-nashua,stage,0.6,37,project05_xgboost_policy,1,3.0,2,C11-AA-001|C11-AA-002,3.0,0.0,1,0,0,,,,10.0,0,1,1,,development,0,2,0.25,G2_tactic_intent,0.6,,1,G1_technique,5,0,,,,,,,,3.0,C11-AA-001,1.0,4,,,,2,,G2_tactic_intent,G2_tactic_intent,,0
C11-otrf-apt29-day1-scranton-nashua,stage,0.6,37,project05_m3b_policy,1,3.0,2,C11-AA-001|C11-AA-002,3.0,0.0,1,0,0,,,,10.0,0,1,1,,development,0,2,0.25,G2_tactic_intent,0.6,,1,G1_technique,5,0,,,,,,,,3.0,C11-AA-001,1.0,4,,,,2,,G2_tactic_intent,G2_tactic_intent,,0
C11-otrf-apt29-day1-scranton-nashua,stage,0.6,37,project05_m2,1,3.0,2,C11-AA-001|C11-AA-002,3.0,0.0,1,0,0,,,,10.0,0,1,1,,development,0,2,0.25,G2_tactic_intent,0.6,,1,G1_technique,5,0,,,,,,,,3.0,C11-AA-001,1.0,4,,,,2,,G2_tactic_intent,G2_tactic_intent,,0
C11-otrf-apt29-day1-scranton-nashua,stage,0.6,37,oracle_optimal,1,3.0,2,C11-AA-001|C11-AA-002,3.0,0.0,1,0,0,,,,10.0,0,1,1,,development,0,2,0.25,G2_tactic_intent,0.6,,1,G1_technique,5,0,,,,,,,,3.0,C11-AA-001,1.0,4,,,,2,,G2_tactic_intent,G2_tactic_intent,,0
C11-otrf-apt29-day1-scranton-nashua,stage,0.6,41,project05_m3star_h3_dual,1,3.0,2,C11-AA-001|C11-AA-002,3.0,0.0,1,0,0,m3star_graph_action_value_xgboost_v0.3,m3star_graph_action_reachability_xgboost_v0.1,m3star_graph_action_value_xgboost_v0.3,10.0,0,1,1,0,development,0,2,0.25,G2_tactic_intent,0.6,4,1,G1_technique,5,0,1,3,1,1,,8,1,3.0,C11-AA-001,1.0,4,project05-m3star-runtime-contract-v0.6,16b8a68b34cb0608aa5c2dfe82f7b3423811b09f1a0d0f0d255c2e787bc4cb99,0.6.0,2,1,G2_tactic_intent,G2_tactic_intent,m3star_graph_transition_xgboost_v0.1,0
C11-otrf-apt29-day1-scranton-nashua,stage,0.6,41,project05_m3star_h3_no_dominance_dual,1,3.0,2,C11-AA-001|C11-AA-002,3.0,0.0,1,0,0,m3star_graph_action_value_xgboost_v0.3,m3star_graph_action_reachability_xgboost_v0.1,m3star_graph_action_value_xgboost_v0.3,10.0,0,1,1,0,development,0,2,0.25,G2_tactic_intent,0.6,4,1,G1_technique,5,0,1,3,0,1,,8,1,3.0,C11-AA-001,1.0,4,project05-m3star-runtime-contract-v0.6,16b8a68b34cb0608aa5c2dfe82f7b3423811b09f1a0d0f0d255c2e787bc4cb99,0.6.0,2,0,G2_tactic_intent,G2_tactic_intent,m3star_graph_transition_xgboost_v0.1,0
C11-otrf-apt29-day1-scranton-nashua,stage,0.6,41,project05_m3star_h3_unshielded_dual,1,3.0,2,C11-AA-001|C11-AA-002,3.0,0.0,1,0,0,m3star_graph_action_value_xgboost_v0.3,m3star_graph_action_reachability_xgboost_v0.1,m3star_graph_action_value_xgboost_v0.3,10.0,0,1,1,0,development,0,2,0.25,G2_tactic_intent,0.6,4,1,G1_technique,5,0,0,3,1,1,,8,0,3.0,C11-AA-001,1.0,4,project05-m3star-runtime-contract-v0.6,16b8a68b34cb0608aa5c2dfe82f7b3423811b09f1a0d0f0d255c2e787bc4cb99,0.6.0,2,1,G2_tactic_intent,G2_tactic_intent,m3star_graph_transition_xgboost_v0.1,0
C11-otrf-apt29-day1-scranton-nashua,stage,0.6,41,project05_m3star_h3_transition_only,1,3.0,2,C11-AA-001|C11-AA-002,3.0,0.0,1,0,0,none,none,none,10.0,0,1,1,0,development,0,2,0.25,G2_tactic_intent,0.6,0,1,G1_technique,5,0,1,3,1,0,,8,1,3.0,C11-AA-001,1.0,4,project05-m3star-runtime-contract-v0.6,16b8a68b34cb0608aa5c2dfe82f7b3423811b09f1a0d0f0d255c2e787bc4cb99,0.6.0,2,1,G2_tactic_intent,G2_tactic_intent,m3star_graph_transition_xgboost_v0.1,0
C11-otrf-apt29-day1-scranton-nashua,stage,0.6,41,project05_m3star_h1_dual,1,3.0,2,C11-AA-001|C11-AA-002,3.0,0.0,1,0,0,m3star_graph_action_value_xgboost_v0.3,m3star_graph_action_reachability_xgboost_v0.1,m3star_graph_action_value_xgboost_v0.3,10.0,0,1,1,0,development,0,2,0.25,G2_tactic_intent,0.6,4,1,G1_technique,5,0,1,1,1,1,,8,1,3.0,C11-AA-001,1.0,4,project05-m3star-runtime-contract-v0.6,16b8a68b34cb0608aa5c2dfe82f7b3423811b09f1a0d0f0d255c2e787bc4cb99,0.6.0,2,1,G2_tactic_intent,G2_tactic_intent,m3star_graph_transition_xgboost_v0.1,0
C11-otrf-apt29-day1-scranton-nashua,stage,0.6,41,project05_xgboost_policy,1,3.0,2,C11-AA-001|C11-AA-002,3.0,0.0,1,0,0,,,,10.0,0,1,1,,development,0,2,0.25,G2_tactic_intent,0.6,,1,G1_technique,5,0,,,,,,,,3.0,C11-AA-001,1.0,4,,,,2,,G2_tactic_intent,G2_tactic_intent,,0
C11-otrf-apt29-day1-scranton-nashua,stage,0.6,41,project05_m3b_policy,1,3.0,2,C11-AA-001|C11-AA-002,3.0,0.0,1,0,0,,,,10.0,0,1,1,,development,0,2,0.25,G2_tactic_intent,0.6,,1,G1_technique,5,0,,,,,,,,3.0,C11-AA-001,1.0,4,,,,2,,G2_tactic_intent,G2_tactic_intent,,0
C11-otrf-apt29-day1-scranton-nashua,stage,0.6,41,project05_m2,1,3.0,2,C11-AA-001|C11-AA-002,3.0,0.0,1,0,0,,,,10.0,0,1,1,,development,0,2,0.25,G2_tactic_intent,0.6,,1,G1_technique,5,0,,,,,,,,3.0,C11-AA-001,1.0,4,,,,2,,G2_tactic_intent,G2_tactic_intent,,0
C11-otrf-apt29-day1-scranton-nashua,stage,0.6,41,oracle_optimal,1,3.0,2,C11-AA-001|C11-AA-002,3.0,0.0,1,0,0,,,,10.0,0,1,1,,development,0,2,0.25,G2_tactic_intent,0.6,,1,G1_technique,5,0,,,,,,,,3.0,C11-AA-001,1.0,4,,,,2,,G2_tactic_intent,G2_tactic_intent,,0
C11-otrf-apt29-day1-scranton-nashua,stage,0.6,53,project05_m3star_h3_dual,1,3.0,2,C11-AA-001|C11-AA-002,3.0,0.0,1,0,0,m3star_graph_action_value_xgboost_v0.3,m3star_graph_action_reachability_xgboost_v0.1,m3star_graph_action_value_xgboost_v0.3,10.0,0,1,1,0,development,0,2,0.25,G2_tactic_intent,0.6,4,1,G1_technique,5,0,1,3,1,1,,8,1,3.0,C11-AA-001,1.0,4,project05-m3star-runtime-contract-v0.6,16b8a68b34cb0608aa5c2dfe82f7b3423811b09f1a0d0f0d255c2e787bc4cb99,0.6.0,2,1,G2_tactic_intent,G2_tactic_intent,m3star_graph_transition_xgboost_v0.1,0
C11-otrf-apt29-day1-scranton-nashua,stage,0.6,53,project05_m3star_h3_no_dominance_dual,1,3.0,2,C11-AA-001|C11-AA-002,3.0,0.0,1,0,0,m3star_graph_action_value_xgboost_v0.3,m3star_graph_action_reachability_xgboost_v0.1,m3star_graph_action_value_xgboost_v0.3,10.0,0,1,1,0,development,0,2,0.25,G2_tactic_intent,0.6,4,1,G1_technique,5,0,1,3,0,1,,8,1,3.0,C11-AA-001,1.0,4,project05-m3star-runtime-contract-v0.6,16b8a68b34cb0608aa5c2dfe82f7b3423811b09f1a0d0f0d255c2e787bc4cb99,0.6.0,2,0,G2_tactic_intent,G2_tactic_intent,m3star_graph_transition_xgboost_v0.1,0
C11-otrf-apt29-day1-scranton-nashua,stage,0.6,53,project05_m3star_h3_unshielded_dual,1,3.0,2,C11-AA-001|C11-AA-002,3.0,0.0,1,0,0,m3star_graph_action_value_xgboost_v0.3,m3star_graph_action_reachability_xgboost_v0.1,m3star_graph_action_value_xgboost_v0.3,10.0,0,1,1,0,development,0,2,0.25,G2_tactic_intent,0.6,4,1,G1_technique,5,0,0,3,1,1,,8,0,3.0,C11-AA-001,1.0,4,project05-m3star-runtime-contract-v0.6,16b8a68b34cb0608aa5c2dfe82f7b3423811b09f1a0d0f0d255c2e787bc4cb99,0.6.0,2,1,G2_tactic_intent,G2_tactic_intent,m3star_graph_transition_xgboost_v0.1,0
C11-otrf-apt29-day1-scranton-nashua,stage,0.6,53,project05_m3star_h3_transition_only,1,3.0,2,C11-AA-001|C11-AA-002,3.0,0.0,1,0,0,none,none,none,10.0,0,1,1,0,development,0,2,0.25,G2_tactic_intent,0.6,0,1,G1_technique,5,0,1,3,1,0,,8,1,3.0,C11-AA-001,1.0,4,project05-m3star-runtime-contract-v0.6,16b8a68b34cb0608aa5c2dfe82f7b3423811b09f1a0d0f0d255c2e787bc4cb99,0.6.0,2,1,G2_tactic_intent,G2_tactic_intent,m3star_graph_transition_xgboost_v0.1,0
C11-otrf-apt29-day1-scranton-nashua,stage,0.6,53,project05_m3star_h1_dual,1,3.0,2,C11-AA-001|C11-AA-002,3.0,0.0,1,0,0,m3star_graph_action_value_xgboost_v0.3,m3star_graph_action_reachability_xgboost_v0.1,m3star_graph_action_value_xgboost_v0.3,10.0,0,1,1,0,development,0,2,0.25,G2_tactic_intent,0.6,4,1,G1_technique,5,0,1,1,1,1,,8,1,3.0,C11-AA-001,1.0,4,project05-m3star-runtime-contract-v0.6,16b8a68b34cb0608aa5c2dfe82f7b3423811b09f1a0d0f0d255c2e787bc4cb99,0.6.0,2,1,G2_tactic_intent,G2_tactic_intent,m3star_graph_transition_xgboost_v0.1,0
C11-otrf-apt29-day1-scranton-nashua,stage,0.6,53,project05_xgboost_policy,1,3.0,2,C11-AA-001|C11-AA-002,3.0,0.0,1,0,0,,,,10.0,0,1,1,,development,0,2,0.25,G2_tactic_intent,0.6,,1,G1_technique,5,0,,,,,,,,3.0,C11-AA-001,1.0,4,,,,2,,G2_tactic_intent,G2_tactic_intent,,0
C11-otrf-apt29-day1-scranton-nashua,stage,0.6,53,project05_m3b_policy,1,3.0,2,C11-AA-001|C11-AA-002,3.0,0.0,1,0,0,,,,10.0,0,1,1,,development,0,2,0.25,G2_tactic_intent,0.6,,1,G1_technique,5,0,,,,,,,,3.0,C11-AA-001,1.0,4,,,,2,,G2_tactic_intent,G2_tactic_intent,,0
C11-otrf-apt29-day1-scranton-nashua,stage,0.6,53,project05_m2,1,3.0,2,C11-AA-001|C11-AA-002,3.0,0.0,1,0,0,,,,10.0,0,1,1,,development,0,2,0.25,G2_tactic_intent,0.6,,1,G1_technique,5,0,,,,,,,,3.0,C11-AA-001,1.0,4,,,,2,,G2_tactic_intent,G2_tactic_intent,,0
C11-otrf-apt29-day1-scranton-nashua,stage,0.6,53,oracle_optimal,1,3.0,2,C11-AA-001|C11-AA-002,3.0,0.0,1,0,0,,,,10.0,0,1,1,,development,0,2,0.25,G2_tactic_intent,0.6,,1,G1_technique,5,0,,,,,,,,3.0,C11-AA-001,1.0,4,,,,2,,G2_tactic_intent,G2_tactic_intent,,0
C11-otrf-apt29-day1-scranton-nashua,discriminative,0.2,11,project05_m3star_h3_dual,1,0.0,0,,0.0,0.0,0,0,0,m3star_graph_action_value_xgboost_v0.3,m3star_graph_action_reachability_xgboost_v0.1,m3star_graph_action_value_xgboost_v0.3,10.0,0,1,1,0,development,0,2,0.5,G2_tactic_intent,0.6,0,0,G2_tactic_intent,2,0,1,3,1,1,,8,1,0.0,,0.0,0,project05-m3star-runtime-contract-v0.6,16b8a68b34cb0608aa5c2dfe82f7b3423811b09f1a0d0f0d255c2e787bc4cb99,0.6.0,0,1,G2_tactic_intent,G2_tactic_intent,m3star_graph_transition_xgboost_v0.1,0
C11-otrf-apt29-day1-scranton-nashua,discriminative,0.2,11,project05_m3star_h3_no_dominance_dual,1,0.0,0,,0.0,0.0,0,0,0,m3star_graph_action_value_xgboost_v0.3,m3star_graph_action_reachability_xgboost_v0.1,m3star_graph_action_value_xgboost_v0.3,10.0,0,1,1,0,development,0,2,0.5,G2_tactic_intent,0.6,0,0,G2_tactic_intent,2,0,1,3,0,1,,8,1,0.0,,0.0,0,project05-m3star-runtime-contract-v0.6,16b8a68b34cb0608aa5c2dfe82f7b3423811b09f1a0d0f0d255c2e787bc4cb99,0.6.0,0,0,G2_tactic_intent,G2_tactic_intent,m3star_graph_transition_xgboost_v0.1,0
C11-otrf-apt29-day1-scranton-nashua,discriminative,0.2,11,project05_m3star_h3_unshielded_dual,1,0.0,0,,0.0,0.0,0,0,0,m3star_graph_action_value_xgboost_v0.3,m3star_graph_action_reachability_xgboost_v0.1,m3star_graph_action_value_xgboost_v0.3,10.0,0,1,1,0,development,0,2,0.5,G2_tactic_intent,0.6,0,0,G2_tactic_intent,2,0,0,3,1,1,,8,0,0.0,,0.0,0,project05-m3star-runtime-contract-v0.6,16b8a68b34cb0608aa5c2dfe82f7b3423811b09f1a0d0f0d255c2e787bc4cb99,0.6.0,0,1,G2_tactic_intent,G2_tactic_intent,m3star_graph_transition_xgboost_v0.1,0
C11-otrf-apt29-day1-scranton-nashua,discriminative,0.2,11,project05_m3star_h3_transition_only,1,0.0,0,,0.0,0.0,0,0,0,none,none,none,10.0,0,1,1,0,development,0,2,0.5,G2_tactic_intent,0.6,0,0,G2_tactic_intent,2,0,1,3,1,0,,8,1,0.0,,0.0,0,project05-m3star-runtime-contract-v0.6,16b8a68b34cb0608aa5c2dfe82f7b3423811b09f1a0d0f0d255c2e787bc4cb99,0.6.0,0,1,G2_tactic_intent,G2_tactic_intent,m3star_graph_transition_xgboost_v0.1,0
C11-otrf-apt29-day1-scranton-nashua,discriminative,0.2,11,project05_m3star_h1_dual,1,0.0,0,,0.0,0.0,0,0,0,m3star_graph_action_value_xgboost_v0.3,m3star_graph_action_reachability_xgboost_v0.1,m3star_graph_action_value_xgboost_v0.3,10.0,0,1,1,0,development,0,2,0.5,G2_tactic_intent,0.6,0,0,G2_tactic_intent,2,0,1,1,1,1,,8,1,0.0,,0.0,0,project05-m3star-runtime-contract-v0.6,16b8a68b34cb0608aa5c2dfe82f7b3423811b09f1a0d0f0d255c2e787bc4cb99,0.6.0,0,1,G2_tactic_intent,G2_tactic_intent,m3star_graph_transition_xgboost_v0.1,0
C11-otrf-apt29-day1-scranton-nashua,discriminative,0.2,11,project05_xgboost_policy,1,0.0,0,,0.0,0.0,0,0,0,,,,10.0,0,1,1,,development,0,2,0.5,G2_tactic_intent,0.6,,0,G2_tactic_intent,2,0,,,,,,,,0.0,,0.0,0,,,,0,,G2_tactic_intent,G2_tactic_intent,,0
C11-otrf-apt29-day1-scranton-nashua,discriminative,0.2,11,project05_m3b_policy,1,0.0,0,,0.0,0.0,0,0,0,,,,10.0,0,1,1,,development,0,2,0.5,G2_tactic_intent,0.6,,0,G2_tactic_intent,2,0,,,,,,,,0.0,,0.0,0,,,,0,,G2_tactic_intent,G2_tactic_intent,,0
C11-otrf-apt29-day1-scranton-nashua,discriminative,0.2,11,project05_m2,1,0.0,0,,0.0,0.0,0,0,0,,,,10.0,0,1,1,,development,0,2,0.5,G2_tactic_intent,0.6,,0,G2_tactic_intent,2,0,,,,,,,,0.0,,0.0,0,,,,0,,G2_tactic_intent,G2_tactic_intent,,0
C11-otrf-apt29-day1-scranton-nashua,discriminative,0.2,11,oracle_optimal,1,0.0,0,,0.0,0.0,0,0,0,,,,10.0,0,1,1,,development,0,2,0.5,G2_tactic_intent,0.6,,0,G2_tactic_intent,2,0,,,,,,,,0.0,,0.0,0,,,,0,,G2_tactic_intent,G2_tactic_intent,,0
C11-otrf-apt29-day1-scranton-nashua,discriminative,0.2,23,project05_m3star_h3_dual,1,0.0,0,,0.0,0.0,0,0,0,m3star_graph_action_value_xgboost_v0.3,m3star_graph_action_reachability_xgboost_v0.1,m3star_graph_action_value_xgboost_v0.3,10.0,0,1,1,0,development,0,2,0.5,G2_tactic_intent,0.6,0,0,G2_tactic_intent,2,0,1,3,1,1,,8,1,0.0,,0.0,0,project05-m3star-runtime-contract-v0.6,16b8a68b34cb0608aa5c2dfe82f7b3423811b09f1a0d0f0d255c2e787bc4cb99,0.6.0,0,1,G2_tactic_intent,G2_tactic_intent,m3star_graph_transition_xgboost_v0.1,0
C11-otrf-apt29-day1-scranton-nashua,discriminative,0.2,23,project05_m3star_h3_no_dominance_dual,1,0.0,0,,0.0,0.0,0,0,0,m3star_graph_action_value_xgboost_v0.3,m3star_graph_action_reachability_xgboost_v0.1,m3star_graph_action_value_xgboost_v0.3,10.0,0,1,1,0,development,0,2,0.5,G2_tactic_intent,0.6,0,0,G2_tactic_intent,2,0,1,3,0,1,,8,1,0.0,,0.0,0,project05-m3star-runtime-contract-v0.6,16b8a68b34cb0608aa5c2dfe82f7b3423811b09f1a0d0f0d255c2e787bc4cb99,0.6.0,0,0,G2_tactic_intent,G2_tactic_intent,m3star_graph_transition_xgboost_v0.1,0
C11-otrf-apt29-day1-scranton-nashua,discriminative,0.2,23,project05_m3star_h3_unshielded_dual,1,0.0,0,,0.0,0.0,0,0,0,m3star_graph_action_value_xgboost_v0.3,m3star_graph_action_reachability_xgboost_v0.1,m3star_graph_action_value_xgboost_v0.3,10.0,0,1,1,0,development,0,2,0.5,G2_tactic_intent,0.6,0,0,G2_tactic_intent,2,0,0,3,1,1,,8,0,0.0,,0.0,0,project05-m3star-runtime-contract-v0.6,16b8a68b34cb0608aa5c2dfe82f7b3423811b09f1a0d0f0d255c2e787bc4cb99,0.6.0,0,1,G2_tactic_intent,G2_tactic_intent,m3star_graph_transition_xgboost_v0.1,0
C11-otrf-apt29-day1-scranton-nashua,discriminative,0.2,23,project05_m3star_h3_transition_only,1,0.0,0,,0.0,0.0,0,0,0,none,none,none,10.0,0,1,1,0,development,0,2,0.5,G2_tactic_intent,0.6,0,0,G2_tactic_intent,2,0,1,3,1,0,,8,1,0.0,,0.0,0,project05-m3star-runtime-contract-v0.6,16b8a68b34cb0608aa5c2dfe82f7b3423811b09f1a0d0f0d255c2e787bc4cb99,0.6.0,0,1,G2_tactic_intent,G2_tactic_intent,m3star_graph_transition_xgboost_v0.1,0
C11-otrf-apt29-day1-scranton-nashua,discriminative,0.2,23,project05_m3star_h1_dual,1,0.0,0,,0.0,0.0,0,0,0,m3star_graph_action_value_xgboost_v0.3,m3star_graph_action_reachability_xgboost_v0.1,m3star_graph_action_value_xgboost_v0.3,10.0,0,1,1,0,development,0,2,0.5,G2_tactic_intent,0.6,0,0,G2_tactic_intent,2,0,1,1,1,1,,8,1,0.0,,0.0,0,project05-m3star-runtime-contract-v0.6,16b8a68b34cb0608aa5c2dfe82f7b3423811b09f1a0d0f0d255c2e787bc4cb99,0.6.0,0,1,G2_tactic_intent,G2_tactic_intent,m3star_graph_transition_xgboost_v0.1,0
C11-otrf-apt29-day1-scranton-nashua,discriminative,0.2,23,project05_xgboost_policy,1,0.0,0,,0.0,0.0,0,0,0,,,,10.0,0,1,1,,development,0,2,0.5,G2_tactic_intent,0.6,,0,G2_tactic_intent,2,0,,,,,,,,0.0,,0.0,0,,,,0,,G2_tactic_intent,G2_tactic_intent,,0
C11-otrf-apt29-day1-scranton-nashua,discriminative,0.2,23,project05_m3b_policy,1,0.0,0,,0.0,0.0,0,0,0,,,,10.0,0,1,1,,development,0,2,0.5,G2_tactic_intent,0.6,,0,G2_tactic_intent,2,0,,,,,,,,0.0,,0.0,0,,,,0,,G2_tactic_intent,G2_tactic_intent,,0
C11-otrf-apt29-day1-scranton-nashua,discriminative,0.2,23,project05_m2,1,0.0,0,,0.0,0.0,0,0,0,,,,10.0,0,1,1,,development,0,2,0.5,G2_tactic_intent,0.6,,0,G2_tactic_intent,2,0,,,,,,,,0.0,,0.0,0,,,,0,,G2_tactic_intent,G2_tactic_intent,,0
C11-otrf-apt29-day1-scranton-nashua,discriminative,0.2,23,oracle_optimal,1,0.0,0,,0.0,0.0,0,0,0,,,,10.0,0,1,1,,development,0,2,0.5,G2_tactic_intent,0.6,,0,G2_tactic_intent,2,0,,,,,,,,0.0,,0.0,0,,,,0,,G2_tactic_intent,G2_tactic_intent,,0
C11-otrf-apt29-day1-scranton-nashua,discriminative,0.2,37,project05_m3star_h3_dual,1,0.0,0,,0.0,0.0,0,0,0,m3star_graph_action_value_xgboost_v0.3,m3star_graph_action_reachability_xgboost_v0.1,m3star_graph_action_value_xgboost_v0.3,10.0,0,1,1,0,development,0,2,0.5,G2_tactic_intent,0.6,0,0,G2_tactic_intent,2,0,1,3,1,1,,8,1,0.0,,0.0,0,project05-m3star-runtime-contract-v0.6,16b8a68b34cb0608aa5c2dfe82f7b3423811b09f1a0d0f0d255c2e787bc4cb99,0.6.0,0,1,G2_tactic_intent,G2_tactic_intent,m3star_graph_transition_xgboost_v0.1,0
C11-otrf-apt29-day1-scranton-nashua,discriminative,0.2,37,project05_m3star_h3_no_dominance_dual,1,0.0,0,,0.0,0.0,0,0,0,m3star_graph_action_value_xgboost_v0.3,m3star_graph_action_reachability_xgboost_v0.1,m3star_graph_action_value_xgboost_v0.3,10.0,0,1,1,0,development,0,2,0.5,G2_tactic_intent,0.6,0,0,G2_tactic_intent,2,0,1,3,0,1,,8,1,0.0,,0.0,0,project05-m3star-runtime-contract-v0.6,16b8a68b34cb0608aa5c2dfe82f7b3423811b09f1a0d0f0d255c2e787bc4cb99,0.6.0,0,0,G2_tactic_intent,G2_tactic_intent,m3star_graph_transition_xgboost_v0.1,0
C11-otrf-apt29-day1-scranton-nashua,discriminative,0.2,37,project05_m3star_h3_unshielded_dual,1,0.0,0,,0.0,0.0,0,0,0,m3star_graph_action_value_xgboost_v0.3,m3star_graph_action_reachability_xgboost_v0.1,m3star_graph_action_value_xgboost_v0.3,10.0,0,1,1,0,development,0,2,0.5,G2_tactic_intent,0.6,0,0,G2_tactic_intent,2,0,0,3,1,1,,8,0,0.0,,0.0,0,project05-m3star-runtime-contract-v0.6,16b8a68b34cb0608aa5c2dfe82f7b3423811b09f1a0d0f0d255c2e787bc4cb99,0.6.0,0,1,G2_tactic_intent,G2_tactic_intent,m3star_graph_transition_xgboost_v0.1,0
C11-otrf-apt29-day1-scranton-nashua,discriminative,0.2,37,project05_m3star_h3_transition_only,1,0.0,0,,0.0,0.0,0,0,0,none,none,none,10.0,0,1,1,0,development,0,2,0.5,G2_tactic_intent,0.6,0,0,G2_tactic_intent,2,0,1,3,1,0,,8,1,0.0,,0.0,0,project05-m3star-runtime-contract-v0.6,16b8a68b34cb0608aa5c2dfe82f7b3423811b09f1a0d0f0d255c2e787bc4cb99,0.6.0,0,1,G2_tactic_intent,G2_tactic_intent,m3star_graph_transition_xgboost_v0.1,0
C11-otrf-apt29-day1-scranton-nashua,discriminative,0.2,37,project05_m3star_h1_dual,1,0.0,0,,0.0,0.0,0,0,0,m3star_graph_action_value_xgboost_v0.3,m3star_graph_action_reachability_xgboost_v0.1,m3star_graph_action_value_xgboost_v0.3,10.0,0,1,1,0,development,0,2,0.5,G2_tactic_intent,0.6,0,0,G2_tactic_intent,2,0,1,1,1,1,,8,1,0.0,,0.0,0,project05-m3star-runtime-contract-v0.6,16b8a68b34cb0608aa5c2dfe82f7b3423811b09f1a0d0f0d255c2e787bc4cb99,0.6.0,0,1,G2_tactic_intent,G2_tactic_intent,m3star_graph_transition_xgboost_v0.1,0
C11-otrf-apt29-day1-scranton-nashua,discriminative,0.2,37,project05_xgboost_policy,1,0.0,0,,0.0,0.0,0,0,0,,,,10.0,0,1,1,,development,0,2,0.5,G2_tactic_intent,0.6,,0,G2_tactic_intent,2,0,,,,,,,,0.0,,0.0,0,,,,0,,G2_tactic_intent,G2_tactic_intent,,0
C11-otrf-apt29-day1-scranton-nashua,discriminative,0.2,37,project05_m3b_policy,1,0.0,0,,0.0,0.0,0,0,0,,,,10.0,0,1,1,,development,0,2,0.5,G2_tactic_intent,0.6,,0,G2_tactic_intent,2,0,,,,,,,,0.0,,0.0,0,,,,0,,G2_tactic_intent,G2_tactic_intent,,0
C11-otrf-apt29-day1-scranton-nashua,discriminative,0.2,37,project05_m2,1,0.0,0,,0.0,0.0,0,0,0,,,,10.0,0,1,1,,development,0,2,0.5,G2_tactic_intent,0.6,,0,G2_tactic_intent,2,0,,,,,,,,0.0,,0.0,0,,,,0,,G2_tactic_intent,G2_tactic_intent,,0
C11-otrf-apt29-day1-scranton-nashua,discriminative,0.2,37,oracle_optimal,1,0.0,0,,0.0,0.0,0,0,0,,,,10.0,0,1,1,,development,0,2,0.5,G2_tactic_intent,0.6,,0,G2_tactic_intent,2,0,,,,,,,,0.0,,0.0,0,,,,0,,G2_tactic_intent,G2_tactic_intent,,0
C11-otrf-apt29-day1-scranton-nashua,discriminative,0.2,41,project05_m3star_h3_dual,1,0.0,0,,0.0,0.0,0,0,0,m3star_graph_action_value_xgboost_v0.3,m3star_graph_action_reachability_xgboost_v0.1,m3star_graph_action_value_xgboost_v0.3,10.0,0,1,1,0,development,0,2,0.5,G2_tactic_intent,0.6,0,0,G2_tactic_intent,2,0,1,3,1,1,,8,1,0.0,,0.0,0,project05-m3star-runtime-contract-v0.6,16b8a68b34cb0608aa5c2dfe82f7b3423811b09f1a0d0f0d255c2e787bc4cb99,0.6.0,0,1,G2_tactic_intent,G2_tactic_intent,m3star_graph_transition_xgboost_v0.1,0
C11-otrf-apt29-day1-scranton-nashua,discriminative,0.2,41,project05_m3star_h3_no_dominance_dual,1,0.0,0,,0.0,0.0,0,0,0,m3star_graph_action_value_xgboost_v0.3,m3star_graph_action_reachability_xgboost_v0.1,m3star_graph_action_value_xgboost_v0.3,10.0,0,1,1,0,development,0,2,0.5,G2_tactic_intent,0.6,0,0,G2_tactic_intent,2,0,1,3,0,1,,8,1,0.0,,0.0,0,project05-m3star-runtime-contract-v0.6,16b8a68b34cb0608aa5c2dfe82f7b3423811b09f1a0d0f0d255c2e787bc4cb99,0.6.0,0,0,G2_tactic_intent,G2_tactic_intent,m3star_graph_transition_xgboost_v0.1,0
C11-otrf-apt29-day1-scranton-nashua,discriminative,0.2,41,project05_m3star_h3_unshielded_dual,1,0.0,0,,0.0,0.0,0,0,0,m3star_graph_action_value_xgboost_v0.3,m3star_graph_action_reachability_xgboost_v0.1,m3star_graph_action_value_xgboost_v0.3,10.0,0,1,1,0,development,0,2,0.5,G2_tactic_intent,0.6,0,0,G2_tactic_intent,2,0,0,3,1,1,,8,0,0.0,,0.0,0,project05-m3star-runtime-contract-v0.6,16b8a68b34cb0608aa5c2dfe82f7b3423811b09f1a0d0f0d255c2e787bc4cb99,0.6.0,0,1,G2_tactic_intent,G2_tactic_intent,m3star_graph_transition_xgboost_v0.1,0
C11-otrf-apt29-day1-scranton-nashua,discriminative,0.2,41,project05_m3star_h3_transition_only,1,0.0,0,,0.0,0.0,0,0,0,none,none,none,10.0,0,1,1,0,development,0,2,0.5,G2_tactic_intent,0.6,0,0,G2_tactic_intent,2,0,1,3,1,0,,8,1,0.0,,0.0,0,project05-m3star-runtime-contract-v0.6,16b8a68b34cb0608aa5c2dfe82f7b3423811b09f1a0d0f0d255c2e787bc4cb99,0.6.0,0,1,G2_tactic_intent,G2_tactic_intent,m3star_graph_transition_xgboost_v0.1,0
C11-otrf-apt29-day1-scranton-nashua,discriminative,0.2,41,project05_m3star_h1_dual,1,0.0,0,,0.0,0.0,0,0,0,m3star_graph_action_value_xgboost_v0.3,m3star_graph_action_reachability_xgboost_v0.1,m3star_graph_action_value_xgboost_v0.3,10.0,0,1,1,0,development,0,2,0.5,G2_tactic_intent,0.6,0,0,G2_tactic_intent,2,0,1,1,1,1,,8,1,0.0,,0.0,0,project05-m3star-runtime-contract-v0.6,16b8a68b34cb0608aa5c2dfe82f7b3423811b09f1a0d0f0d255c2e787bc4cb99,0.6.0,0,1,G2_tactic_intent,G2_tactic_intent,m3star_graph_transition_xgboost_v0.1,0
C11-otrf-apt29-day1-scranton-nashua,discriminative,0.2,41,project05_xgboost_policy,1,0.0,0,,0.0,0.0,0,0,0,,,,10.0,0,1,1,,development,0,2,0.5,G2_tactic_intent,0.6,,0,G2_tactic_intent,2,0,,,,,,,,0.0,,0.0,0,,,,0,,G2_tactic_intent,G2_tactic_intent,,0
C11-otrf-apt29-day1-scranton-nashua,discriminative,0.2,41,project05_m3b_policy,1,0.0,0,,0.0,0.0,0,0,0,,,,10.0,0,1,1,,development,0,2,0.5,G2_tactic_intent,0.6,,0,G2_tactic_intent,2,0,,,,,,,,0.0,,0.0,0,,,,0,,G2_tactic_intent,G2_tactic_intent,,0
C11-otrf-apt29-day1-scranton-nashua,discriminative,0.2,41,project05_m2,1,0.0,0,,0.0,0.0,0,0,0,,,,10.0,0,1,1,,development,0,2,0.5,G2_tactic_intent,0.6,,0,G2_tactic_intent,2,0,,,,,,,,0.0,,0.0,0,,,,0,,G2_tactic_intent,G2_tactic_intent,,0
C11-otrf-apt29-day1-scranton-nashua,discriminative,0.2,41,oracle_optimal,1,0.0,0,,0.0,0.0,0,0,0,,,,10.0,0,1,1,,development,0,2,0.5,G2_tactic_intent,0.6,,0,G2_tactic_intent,2,0,,,,,,,,0.0,,0.0,0,,,,0,,G2_tactic_intent,G2_tactic_intent,,0
C11-otrf-apt29-day1-scranton-nashua,discriminative,0.2,53,project05_m3star_h3_dual,1,0.0,0,,0.0,0.0,0,0,0,m3star_graph_action_value_xgboost_v0.3,m3star_graph_action_reachability_xgboost_v0.1,m3star_graph_action_value_xgboost_v0.3,10.0,0,1,1,0,development,0,2,0.5,G2_tactic_intent,0.6,0,0,G2_tactic_intent,2,0,1,3,1,1,,8,1,0.0,,0.0,0,project05-m3star-runtime-contract-v0.6,16b8a68b34cb0608aa5c2dfe82f7b3423811b09f1a0d0f0d255c2e787bc4cb99,0.6.0,0,1,G2_tactic_intent,G2_tactic_intent,m3star_graph_transition_xgboost_v0.1,0
C11-otrf-apt29-day1-scranton-nashua,discriminative,0.2,53,project05_m3star_h3_no_dominance_dual,1,0.0,0,,0.0,0.0,0,0,0,m3star_graph_action_value_xgboost_v0.3,m3star_graph_action_reachability_xgboost_v0.1,m3star_graph_action_value_xgboost_v0.3,10.0,0,1,1,0,development,0,2,0.5,G2_tactic_intent,0.6,0,0,G2_tactic_intent,2,0,1,3,0,1,,8,1,0.0,,0.0,0,project05-m3star-runtime-contract-v0.6,16b8a68b34cb0608aa5c2dfe82f7b3423811b09f1a0d0f0d255c2e787bc4cb99,0.6.0,0,0,G2_tactic_intent,G2_tactic_intent,m3star_graph_transition_xgboost_v0.1,0
C11-otrf-apt29-day1-scranton-nashua,discriminative,0.2,53,project05_m3star_h3_unshielded_dual,1,0.0,0,,0.0,0.0,0,0,0,m3star_graph_action_value_xgboost_v0.3,m3star_graph_action_reachability_xgboost_v0.1,m3star_graph_action_value_xgboost_v0.3,10.0,0,1,1,0,development,0,2,0.5,G2_tactic_intent,0.6,0,0,G2_tactic_intent,2,0,0,3,1,1,,8,0,0.0,,0.0,0,project05-m3star-runtime-contract-v0.6,16b8a68b34cb0608aa5c2dfe82f7b3423811b09f1a0d0f0d255c2e787bc4cb99,0.6.0,0,1,G2_tactic_intent,G2_tactic_intent,m3star_graph_transition_xgboost_v0.1,0
C11-otrf-apt29-day1-scranton-nashua,discriminative,0.2,53,project05_m3star_h3_transition_only,1,0.0,0,,0.0,0.0,0,0,0,none,none,none,10.0,0,1,1,0,development,0,2,0.5,G2_tactic_intent,0.6,0,0,G2_tactic_intent,2,0,1,3,1,0,,8,1,0.0,,0.0,0,project05-m3star-runtime-contract-v0.6,16b8a68b34cb0608aa5c2dfe82f7b3423811b09f1a0d0f0d255c2e787bc4cb99,0.6.0,0,1,G2_tactic_intent,G2_tactic_intent,m3star_graph_transition_xgboost_v0.1,0
C11-otrf-apt29-day1-scranton-nashua,discriminative,0.2,53,project05_m3star_h1_dual,1,0.0,0,,0.0,0.0,0,0,0,m3star_graph_action_value_xgboost_v0.3,m3star_graph_action_reachability_xgboost_v0.1,m3star_graph_action_value_xgboost_v0.3,10.0,0,1,1,0,development,0,2,0.5,G2_tactic_intent,0.6,0,0,G2_tactic_intent,2,0,1,1,1,1,,8,1,0.0,,0.0,0,project05-m3star-runtime-contract-v0.6,16b8a68b34cb0608aa5c2dfe82f7b3423811b09f1a0d0f0d255c2e787bc4cb99,0.6.0,0,1,G2_tactic_intent,G2_tactic_intent,m3star_graph_transition_xgboost_v0.1,0
C11-otrf-apt29-day1-scranton-nashua,discriminative,0.2,53,project05_xgboost_policy,1,0.0,0,,0.0,0.0,0,0,0,,,,10.0,0,1,1,,development,0,2,0.5,G2_tactic_intent,0.6,,0,G2_tactic_intent,2,0,,,,,,,,0.0,,0.0,0,,,,0,,G2_tactic_intent,G2_tactic_intent,,0
C11-otrf-apt29-day1-scranton-nashua,discriminative,0.2,53,project05_m3b_policy,1,0.0,0,,0.0,0.0,0,0,0,,,,10.0,0,1,1,,development,0,2,0.5,G2_tactic_intent,0.6,,0,G2_tactic_intent,2,0,,,,,,,,0.0,,0.0,0,,,,0,,G2_tactic_intent,G2_tactic_intent,,0
C11-otrf-apt29-day1-scranton-nashua,discriminative,0.2,53,project05_m2,1,0.0,0,,0.0,0.0,0,0,0,,,,10.0,0,1,1,,development,0,2,0.5,G2_tactic_intent,0.6,,0,G2_tactic_intent,2,0,,,,,,,,0.0,,0.0,0,,,,0,,G2_tactic_intent,G2_tactic_intent,,0
C11-otrf-apt29-day1-scranton-nashua,discriminative,0.2,53,oracle_optimal,1,0.0,0,,0.0,0.0,0,0,0,,,,10.0,0,1,1,,development,0,2,0.5,G2_tactic_intent,0.6,,0,G2_tactic_intent,2,0,,,,,,,,0.0,,0.0,0,,,,0,,G2_tactic_intent,G2_tactic_intent,,0
C11-otrf-apt29-day1-scranton-nashua,discriminative,0.4,11,project05_m3star_h3_dual,1,3.0,2,C11-AA-001|C11-AA-002,3.0,0.0,1,0,0,m3star_graph_action_value_xgboost_v0.3,m3star_graph_action_reachability_xgboost_v0.1,m3star_graph_action_value_xgboost_v0.3,10.0,0,1,1,0,development,0,2,0.25,G2_tactic_intent,0.6,4,1,G1_technique,4,0,1,3,1,1,,8,1,3.0,C11-AA-001,1.0,3,project05-m3star-runtime-contract-v0.6,16b8a68b34cb0608aa5c2dfe82f7b3423811b09f1a0d0f0d255c2e787bc4cb99,0.6.0,2,1,G2_tactic_intent,G2_tactic_intent,m3star_graph_transition_xgboost_v0.1,0
C11-otrf-apt29-day1-scranton-nashua,discriminative,0.4,11,project05_m3star_h3_no_dominance_dual,1,3.0,2,C11-AA-001|C11-AA-002,3.0,0.0,1,0,0,m3star_graph_action_value_xgboost_v0.3,m3star_graph_action_reachability_xgboost_v0.1,m3star_graph_action_value_xgboost_v0.3,10.0,0,1,1,0,development,0,2,0.25,G2_tactic_intent,0.6,4,1,G1_technique,4,0,1,3,0,1,,8,1,3.0,C11-AA-001,1.0,3,project05-m3star-runtime-contract-v0.6,16b8a68b34cb0608aa5c2dfe82f7b3423811b09f1a0d0f0d255c2e787bc4cb99,0.6.0,2,0,G2_tactic_intent,G2_tactic_intent,m3star_graph_transition_xgboost_v0.1,0
C11-otrf-apt29-day1-scranton-nashua,discriminative,0.4,11,project05_m3star_h3_unshielded_dual,1,3.0,2,C11-AA-001|C11-AA-002,3.0,0.0,1,0,0,m3star_graph_action_value_xgboost_v0.3,m3star_graph_action_reachability_xgboost_v0.1,m3star_graph_action_value_xgboost_v0.3,10.0,0,1,1,0,development,0,2,0.25,G2_tactic_intent,0.6,4,1,G1_technique,4,0,0,3,1,1,,8,0,3.0,C11-AA-001,1.0,3,project05-m3star-runtime-contract-v0.6,16b8a68b34cb0608aa5c2dfe82f7b3423811b09f1a0d0f0d255c2e787bc4cb99,0.6.0,2,1,G2_tactic_intent,G2_tactic_intent,m3star_graph_transition_xgboost_v0.1,0
C11-otrf-apt29-day1-scranton-nashua,discriminative,0.4,11,project05_m3star_h3_transition_only,1,3.0,2,C11-AA-001|C11-AA-002,3.0,0.0,1,0,0,none,none,none,10.0,0,1,1,0,development,0,2,0.25,G2_tactic_intent,0.6,0,1,G1_technique,4,0,1,3,1,0,,8,1,3.0,C11-AA-001,1.0,3,project05-m3star-runtime-contract-v0.6,16b8a68b34cb0608aa5c2dfe82f7b3423811b09f1a0d0f0d255c2e787bc4cb99,0.6.0,2,1,G2_tactic_intent,G2_tactic_intent,m3star_graph_transition_xgboost_v0.1,0
C11-otrf-apt29-day1-scranton-nashua,discriminative,0.4,11,project05_m3star_h1_dual,1,3.0,2,C11-AA-001|C11-AA-002,3.0,0.0,1,0,0,m3star_graph_action_value_xgboost_v0.3,m3star_graph_action_reachability_xgboost_v0.1,m3star_graph_action_value_xgboost_v0.3,10.0,0,1,1,0,development,0,2,0.25,G2_tactic_intent,0.6,4,1,G1_technique,4,0,1,1,1,1,,8,1,3.0,C11-AA-001,1.0,3,project05-m3star-runtime-contract-v0.6,16b8a68b34cb0608aa5c2dfe82f7b3423811b09f1a0d0f0d255c2e787bc4cb99,0.6.0,2,1,G2_tactic_intent,G2_tactic_intent,m3star_graph_transition_xgboost_v0.1,0
C11-otrf-apt29-day1-scranton-nashua,discriminative,0.4,11,project05_xgboost_policy,1,3.0,2,C11-AA-001|C11-AA-002,3.0,0.0,1,0,0,,,,10.0,0,1,1,,development,0,2,0.25,G2_tactic_intent,0.6,,1,G1_technique,4,0,,,,,,,,3.0,C11-AA-001,1.0,3,,,,2,,G2_tactic_intent,G2_tactic_intent,,0
C11-otrf-apt29-day1-scranton-nashua,discriminative,0.4,11,project05_m3b_policy,1,3.0,2,C11-AA-001|C11-AA-002,3.0,0.0,1,0,0,,,,10.0,0,1,1,,development,0,2,0.25,G2_tactic_intent,0.6,,1,G1_technique,4,0,,,,,,,,3.0,C11-AA-001,1.0,3,,,,2,,G2_tactic_intent,G2_tactic_intent,,0
C11-otrf-apt29-day1-scranton-nashua,discriminative,0.4,11,project05_m2,1,3.0,2,C11-AA-001|C11-AA-002,3.0,0.0,1,0,0,,,,10.0,0,1,1,,development,0,2,0.25,G2_tactic_intent,0.6,,1,G1_technique,4,0,,,,,,,,3.0,C11-AA-001,1.0,3,,,,2,,G2_tactic_intent,G2_tactic_intent,,0
C11-otrf-apt29-day1-scranton-nashua,discriminative,0.4,11,oracle_optimal,1,3.0,2,C11-AA-001|C11-AA-002,3.0,0.0,1,0,0,,,,10.0,0,1,1,,development,0,2,0.25,G2_tactic_intent,0.6,,1,G1_technique,4,0,,,,,,,,3.0,C11-AA-001,1.0,3,,,,2,,G2_tactic_intent,G2_tactic_intent,,0
C11-otrf-apt29-day1-scranton-nashua,discriminative,0.4,23,project05_m3star_h3_dual,1,3.0,2,C11-AA-001|C11-AA-002,3.0,0.0,1,0,0,m3star_graph_action_value_xgboost_v0.3,m3star_graph_action_reachability_xgboost_v0.1,m3star_graph_action_value_xgboost_v0.3,10.0,0,1,1,0,development,0,2,0.25,G2_tactic_intent,0.6,4,1,G1_technique,4,0,1,3,1,1,,8,1,3.0,C11-AA-001,1.0,3,project05-m3star-runtime-contract-v0.6,16b8a68b34cb0608aa5c2dfe82f7b3423811b09f1a0d0f0d255c2e787bc4cb99,0.6.0,2,1,G2_tactic_intent,G2_tactic_intent,m3star_graph_transition_xgboost_v0.1,0
C11-otrf-apt29-day1-scranton-nashua,discriminative,0.4,23,project05_m3star_h3_no_dominance_dual,1,3.0,2,C11-AA-001|C11-AA-002,3.0,0.0,1,0,0,m3star_graph_action_value_xgboost_v0.3,m3star_graph_action_reachability_xgboost_v0.1,m3star_graph_action_value_xgboost_v0.3,10.0,0,1,1,0,development,0,2,0.25,G2_tactic_intent,0.6,4,1,G1_technique,4,0,1,3,0,1,,8,1,3.0,C11-AA-001,1.0,3,project05-m3star-runtime-contract-v0.6,16b8a68b34cb0608aa5c2dfe82f7b3423811b09f1a0d0f0d255c2e787bc4cb99,0.6.0,2,0,G2_tactic_intent,G2_tactic_intent,m3star_graph_transition_xgboost_v0.1,0
C11-otrf-apt29-day1-scranton-nashua,discriminative,0.4,23,project05_m3star_h3_unshielded_dual,1,3.0,2,C11-AA-001|C11-AA-002,3.0,0.0,1,0,0,m3star_graph_action_value_xgboost_v0.3,m3star_graph_action_reachability_xgboost_v0.1,m3star_graph_action_value_xgboost_v0.3,10.0,0,1,1,0,development,0,2,0.25,G2_tactic_intent,0.6,4,1,G1_technique,4,0,0,3,1,1,,8,0,3.0,C11-AA-001,1.0,3,project05-m3star-runtime-contract-v0.6,16b8a68b34cb0608aa5c2dfe82f7b3423811b09f1a0d0f0d255c2e787bc4cb99,0.6.0,2,1,G2_tactic_intent,G2_tactic_intent,m3star_graph_transition_xgboost_v0.1,0
C11-otrf-apt29-day1-scranton-nashua,discriminative,0.4,23,project05_m3star_h3_transition_only,1,3.0,2,C11-AA-001|C11-AA-002,3.0,0.0,1,0,0,none,none,none,10.0,0,1,1,0,development,0,2,0.25,G2_tactic_intent,0.6,0,1,G1_technique,4,0,1,3,1,0,,8,1,3.0,C11-AA-001,1.0,3,project05-m3star-runtime-contract-v0.6,16b8a68b34cb0608aa5c2dfe82f7b3423811b09f1a0d0f0d255c2e787bc4cb99,0.6.0,2,1,G2_tactic_intent,G2_tactic_intent,m3star_graph_transition_xgboost_v0.1,0
C11-otrf-apt29-day1-scranton-nashua,discriminative,0.4,23,project05_m3star_h1_dual,1,3.0,2,C11-AA-001|C11-AA-002,3.0,0.0,1,0,0,m3star_graph_action_value_xgboost_v0.3,m3star_graph_action_reachability_xgboost_v0.1,m3star_graph_action_value_xgboost_v0.3,10.0,0,1,1,0,development,0,2,0.25,G2_tactic_intent,0.6,4,1,G1_technique,4,0,1,1,1,1,,8,1,3.0,C11-AA-001,1.0,3,project05-m3star-runtime-contract-v0.6,16b8a68b34cb0608aa5c2dfe82f7b3423811b09f1a0d0f0d255c2e787bc4cb99,0.6.0,2,1,G2_tactic_intent,G2_tactic_intent,m3star_graph_transition_xgboost_v0.1,0
C11-otrf-apt29-day1-scranton-nashua,discriminative,0.4,23,project05_xgboost_policy,1,3.0,2,C11-AA-001|C11-AA-002,3.0,0.0,1,0,0,,,,10.0,0,1,1,,development,0,2,0.25,G2_tactic_intent,0.6,,1,G1_technique,4,0,,,,,,,,3.0,C11-AA-001,1.0,3,,,,2,,G2_tactic_intent,G2_tactic_intent,,0
C11-otrf-apt29-day1-scranton-nashua,discriminative,0.4,23,project05_m3b_policy,1,3.0,2,C11-AA-001|C11-AA-002,3.0,0.0,1,0,0,,,,10.0,0,1,1,,development,0,2,0.25,G2_tactic_intent,0.6,,1,G1_technique,4,0,,,,,,,,3.0,C11-AA-001,1.0,3,,,,2,,G2_tactic_intent,G2_tactic_intent,,0
C11-otrf-apt29-day1-scranton-nashua,discriminative,0.4,23,project05_m2,1,3.0,2,C11-AA-001|C11-AA-002,3.0,0.0,1,0,0,,,,10.0,0,1,1,,development,0,2,0.25,G2_tactic_intent,0.6,,1,G1_technique,4,0,,,,,,,,3.0,C11-AA-001,1.0,3,,,,2,,G2_tactic_intent,G2_tactic_intent,,0
C11-otrf-apt29-day1-scranton-nashua,discriminative,0.4,23,oracle_optimal,1,3.0,2,C11-AA-001|C11-AA-002,3.0,0.0,1,0,0,,,,10.0,0,1,1,,development,0,2,0.25,G2_tactic_intent,0.6,,1,G1_technique,4,0,,,,,,,,3.0,C11-AA-001,1.0,3,,,,2,,G2_tactic_intent,G2_tactic_intent,,0
C11-otrf-apt29-day1-scranton-nashua,discriminative,0.4,37,project05_m3star_h3_dual,1,3.0,2,C11-AA-001|C11-AA-002,3.0,0.0,1,0,0,m3star_graph_action_value_xgboost_v0.3,m3star_graph_action_reachability_xgboost_v0.1,m3star_graph_action_value_xgboost_v0.3,10.0,0,1,1,0,development,0,2,0.25,G2_tactic_intent,0.6,4,1,G1_technique,4,0,1,3,1,1,,8,1,3.0,C11-AA-001,1.0,3,project05-m3star-runtime-contract-v0.6,16b8a68b34cb0608aa5c2dfe82f7b3423811b09f1a0d0f0d255c2e787bc4cb99,0.6.0,2,1,G2_tactic_intent,G2_tactic_intent,m3star_graph_transition_xgboost_v0.1,0
C11-otrf-apt29-day1-scranton-nashua,discriminative,0.4,37,project05_m3star_h3_no_dominance_dual,1,3.0,2,C11-AA-001|C11-AA-002,3.0,0.0,1,0,0,m3star_graph_action_value_xgboost_v0.3,m3star_graph_action_reachability_xgboost_v0.1,m3star_graph_action_value_xgboost_v0.3,10.0,0,1,1,0,development,0,2,0.25,G2_tactic_intent,0.6,4,1,G1_technique,4,0,1,3,0,1,,8,1,3.0,C11-AA-001,1.0,3,project05-m3star-runtime-contract-v0.6,16b8a68b34cb0608aa5c2dfe82f7b3423811b09f1a0d0f0d255c2e787bc4cb99,0.6.0,2,0,G2_tactic_intent,G2_tactic_intent,m3star_graph_transition_xgboost_v0.1,0
C11-otrf-apt29-day1-scranton-nashua,discriminative,0.4,37,project05_m3star_h3_unshielded_dual,1,3.0,2,C11-AA-001|C11-AA-002,3.0,0.0,1,0,0,m3star_graph_action_value_xgboost_v0.3,m3star_graph_action_reachability_xgboost_v0.1,m3star_graph_action_value_xgboost_v0.3,10.0,0,1,1,0,development,0,2,0.25,G2_tactic_intent,0.6,4,1,G1_technique,4,0,0,3,1,1,,8,0,3.0,C11-AA-001,1.0,3,project05-m3star-runtime-contract-v0.6,16b8a68b34cb0608aa5c2dfe82f7b3423811b09f1a0d0f0d255c2e787bc4cb99,0.6.0,2,1,G2_tactic_intent,G2_tactic_intent,m3star_graph_transition_xgboost_v0.1,0
C11-otrf-apt29-day1-scranton-nashua,discriminative,0.4,37,project05_m3star_h3_transition_only,1,3.0,2,C11-AA-001|C11-AA-002,3.0,0.0,1,0,0,none,none,none,10.0,0,1,1,0,development,0,2,0.25,G2_tactic_intent,0.6,0,1,G1_technique,4,0,1,3,1,0,,8,1,3.0,C11-AA-001,1.0,3,project05-m3star-runtime-contract-v0.6,16b8a68b34cb0608aa5c2dfe82f7b3423811b09f1a0d0f0d255c2e787bc4cb99,0.6.0,2,1,G2_tactic_intent,G2_tactic_intent,m3star_graph_transition_xgboost_v0.1,0
C11-otrf-apt29-day1-scranton-nashua,discriminative,0.4,37,project05_m3star_h1_dual,1,3.0,2,C11-AA-001|C11-AA-002,3.0,0.0,1,0,0,m3star_graph_action_value_xgboost_v0.3,m3star_graph_action_reachability_xgboost_v0.1,m3star_graph_action_value_xgboost_v0.3,10.0,0,1,1,0,development,0,2,0.25,G2_tactic_intent,0.6,4,1,G1_technique,4,0,1,1,1,1,,8,1,3.0,C11-AA-001,1.0,3,project05-m3star-runtime-contract-v0.6,16b8a68b34cb0608aa5c2dfe82f7b3423811b09f1a0d0f0d255c2e787bc4cb99,0.6.0,2,1,G2_tactic_intent,G2_tactic_intent,m3star_graph_transition_xgboost_v0.1,0
C11-otrf-apt29-day1-scranton-nashua,discriminative,0.4,37,project05_xgboost_policy,1,3.0,2,C11-AA-001|C11-AA-002,3.0,0.0,1,0,0,,,,10.0,0,1,1,,development,0,2,0.25,G2_tactic_intent,0.6,,1,G1_technique,4,0,,,,,,,,3.0,C11-AA-001,1.0,3,,,,2,,G2_tactic_intent,G2_tactic_intent,,0
C11-otrf-apt29-day1-scranton-nashua,discriminative,0.4,37,project05_m3b_policy,1,3.0,2,C11-AA-001|C11-AA-002,3.0,0.0,1,0,0,,,,10.0,0,1,1,,development,0,2,0.25,G2_tactic_intent,0.6,,1,G1_technique,4,0,,,,,,,,3.0,C11-AA-001,1.0,3,,,,2,,G2_tactic_intent,G2_tactic_intent,,0
C11-otrf-apt29-day1-scranton-nashua,discriminative,0.4,37,project05_m2,1,3.0,2,C11-AA-001|C11-AA-002,3.0,0.0,1,0,0,,,,10.0,0,1,1,,development,0,2,0.25,G2_tactic_intent,0.6,,1,G1_technique,4,0,,,,,,,,3.0,C11-AA-001,1.0,3,,,,2,,G2_tactic_intent,G2_tactic_intent,,0
C11-otrf-apt29-day1-scranton-nashua,discriminative,0.4,37,oracle_optimal,1,3.0,2,C11-AA-001|C11-AA-002,3.0,0.0,1,0,0,,,,10.0,0,1,1,,development,0,2,0.25,G2_tactic_intent,0.6,,1,G1_technique,4,0,,,,,,,,3.0,C11-AA-001,1.0,3,,,,2,,G2_tactic_intent,G2_tactic_intent,,0
C11-otrf-apt29-day1-scranton-nashua,discriminative,0.4,41,project05_m3star_h3_dual,1,3.0,2,C11-AA-001|C11-AA-002,3.0,0.0,1,0,0,m3star_graph_action_value_xgboost_v0.3,m3star_graph_action_reachability_xgboost_v0.1,m3star_graph_action_value_xgboost_v0.3,10.0,0,1,1,0,development,0,2,0.25,G2_tactic_intent,0.6,4,1,G1_technique,4,0,1,3,1,1,,8,1,3.0,C11-AA-001,1.0,3,project05-m3star-runtime-contract-v0.6,16b8a68b34cb0608aa5c2dfe82f7b3423811b09f1a0d0f0d255c2e787bc4cb99,0.6.0,2,1,G2_tactic_intent,G2_tactic_intent,m3star_graph_transition_xgboost_v0.1,0
C11-otrf-apt29-day1-scranton-nashua,discriminative,0.4,41,project05_m3star_h3_no_dominance_dual,1,3.0,2,C11-AA-001|C11-AA-002,3.0,0.0,1,0,0,m3star_graph_action_value_xgboost_v0.3,m3star_graph_action_reachability_xgboost_v0.1,m3star_graph_action_value_xgboost_v0.3,10.0,0,1,1,0,development,0,2,0.25,G2_tactic_intent,0.6,4,1,G1_technique,4,0,1,3,0,1,,8,1,3.0,C11-AA-001,1.0,3,project05-m3star-runtime-contract-v0.6,16b8a68b34cb0608aa5c2dfe82f7b3423811b09f1a0d0f0d255c2e787bc4cb99,0.6.0,2,0,G2_tactic_intent,G2_tactic_intent,m3star_graph_transition_xgboost_v0.1,0
C11-otrf-apt29-day1-scranton-nashua,discriminative,0.4,41,project05_m3star_h3_unshielded_dual,1,3.0,2,C11-AA-001|C11-AA-002,3.0,0.0,1,0,0,m3star_graph_action_value_xgboost_v0.3,m3star_graph_action_reachability_xgboost_v0.1,m3star_graph_action_value_xgboost_v0.3,10.0,0,1,1,0,development,0,2,0.25,G2_tactic_intent,0.6,4,1,G1_technique,4,0,0,3,1,1,,8,0,3.0,C11-AA-001,1.0,3,project05-m3star-runtime-contract-v0.6,16b8a68b34cb0608aa5c2dfe82f7b3423811b09f1a0d0f0d255c2e787bc4cb99,0.6.0,2,1,G2_tactic_intent,G2_tactic_intent,m3star_graph_transition_xgboost_v0.1,0
C11-otrf-apt29-day1-scranton-nashua,discriminative,0.4,41,project05_m3star_h3_transition_only,1,3.0,2,C11-AA-001|C11-AA-002,3.0,0.0,1,0,0,none,none,none,10.0,0,1,1,0,development,0,2,0.25,G2_tactic_intent,0.6,0,1,G1_technique,4,0,1,3,1,0,,8,1,3.0,C11-AA-001,1.0,3,project05-m3star-runtime-contract-v0.6,16b8a68b34cb0608aa5c2dfe82f7b3423811b09f1a0d0f0d255c2e787bc4cb99,0.6.0,2,1,G2_tactic_intent,G2_tactic_intent,m3star_graph_transition_xgboost_v0.1,0
C11-otrf-apt29-day1-scranton-nashua,discriminative,0.4,41,project05_m3star_h1_dual,1,3.0,2,C11-AA-001|C11-AA-002,3.0,0.0,1,0,0,m3star_graph_action_value_xgboost_v0.3,m3star_graph_action_reachability_xgboost_v0.1,m3star_graph_action_value_xgboost_v0.3,10.0,0,1,1,0,development,0,2,0.25,G2_tactic_intent,0.6,4,1,G1_technique,4,0,1,1,1,1,,8,1,3.0,C11-AA-001,1.0,3,project05-m3star-runtime-contract-v0.6,16b8a68b34cb0608aa5c2dfe82f7b3423811b09f1a0d0f0d255c2e787bc4cb99,0.6.0,2,1,G2_tactic_intent,G2_tactic_intent,m3star_graph_transition_xgboost_v0.1,0
C11-otrf-apt29-day1-scranton-nashua,discriminative,0.4,41,project05_xgboost_policy,1,3.0,2,C11-AA-001|C11-AA-002,3.0,0.0,1,0,0,,,,10.0,0,1,1,,development,0,2,0.25,G2_tactic_intent,0.6,,1,G1_technique,4,0,,,,,,,,3.0,C11-AA-001,1.0,3,,,,2,,G2_tactic_intent,G2_tactic_intent,,0
C11-otrf-apt29-day1-scranton-nashua,discriminative,0.4,41,project05_m3b_policy,1,3.0,2,C11-AA-001|C11-AA-002,3.0,0.0,1,0,0,,,,10.0,0,1,1,,development,0,2,0.25,G2_tactic_intent,0.6,,1,G1_technique,4,0,,,,,,,,3.0,C11-AA-001,1.0,3,,,,2,,G2_tactic_intent,G2_tactic_intent,,0
C11-otrf-apt29-day1-scranton-nashua,discriminative,0.4,41,project05_m2,1,3.0,2,C11-AA-001|C11-AA-002,3.0,0.0,1,0,0,,,,10.0,0,1,1,,development,0,2,0.25,G2_tactic_intent,0.6,,1,G1_technique,4,0,,,,,,,,3.0,C11-AA-001,1.0,3,,,,2,,G2_tactic_intent,G2_tactic_intent,,0
C11-otrf-apt29-day1-scranton-nashua,discriminative,0.4,41,oracle_optimal,1,3.0,2,C11-AA-001|C11-AA-002,3.0,0.0,1,0,0,,,,10.0,0,1,1,,development,0,2,0.25,G2_tactic_intent,0.6,,1,G1_technique,4,0,,,,,,,,3.0,C11-AA-001,1.0,3,,,,2,,G2_tactic_intent,G2_tactic_intent,,0
C11-otrf-apt29-day1-scranton-nashua,discriminative,0.4,53,project05_m3star_h3_dual,1,3.0,2,C11-AA-001|C11-AA-002,3.0,0.0,1,0,0,m3star_graph_action_value_xgboost_v0.3,m3star_graph_action_reachability_xgboost_v0.1,m3star_graph_action_value_xgboost_v0.3,10.0,0,1,1,0,development,0,2,0.25,G2_tactic_intent,0.6,4,1,G1_technique,4,0,1,3,1,1,,8,1,3.0,C11-AA-001,1.0,3,project05-m3star-runtime-contract-v0.6,16b8a68b34cb0608aa5c2dfe82f7b3423811b09f1a0d0f0d255c2e787bc4cb99,0.6.0,2,1,G2_tactic_intent,G2_tactic_intent,m3star_graph_transition_xgboost_v0.1,0
C11-otrf-apt29-day1-scranton-nashua,discriminative,0.4,53,project05_m3star_h3_no_dominance_dual,1,3.0,2,C11-AA-001|C11-AA-002,3.0,0.0,1,0,0,m3star_graph_action_value_xgboost_v0.3,m3star_graph_action_reachability_xgboost_v0.1,m3star_graph_action_value_xgboost_v0.3,10.0,0,1,1,0,development,0,2,0.25,G2_tactic_intent,0.6,4,1,G1_technique,4,0,1,3,0,1,,8,1,3.0,C11-AA-001,1.0,3,project05-m3star-runtime-contract-v0.6,16b8a68b34cb0608aa5c2dfe82f7b3423811b09f1a0d0f0d255c2e787bc4cb99,0.6.0,2,0,G2_tactic_intent,G2_tactic_intent,m3star_graph_transition_xgboost_v0.1,0
C11-otrf-apt29-day1-scranton-nashua,discriminative,0.4,53,project05_m3star_h3_unshielded_dual,1,3.0,2,C11-AA-001|C11-AA-002,3.0,0.0,1,0,0,m3star_graph_action_value_xgboost_v0.3,m3star_graph_action_reachability_xgboost_v0.1,m3star_graph_action_value_xgboost_v0.3,10.0,0,1,1,0,development,0,2,0.25,G2_tactic_intent,0.6,4,1,G1_technique,4,0,0,3,1,1,,8,0,3.0,C11-AA-001,1.0,3,project05-m3star-runtime-contract-v0.6,16b8a68b34cb0608aa5c2dfe82f7b3423811b09f1a0d0f0d255c2e787bc4cb99,0.6.0,2,1,G2_tactic_intent,G2_tactic_intent,m3star_graph_transition_xgboost_v0.1,0
C11-otrf-apt29-day1-scranton-nashua,discriminative,0.4,53,project05_m3star_h3_transition_only,1,3.0,2,C11-AA-001|C11-AA-002,3.0,0.0,1,0,0,none,none,none,10.0,0,1,1,0,development,0,2,0.25,G2_tactic_intent,0.6,0,1,G1_technique,4,0,1,3,1,0,,8,1,3.0,C11-AA-001,1.0,3,project05-m3star-runtime-contract-v0.6,16b8a68b34cb0608aa5c2dfe82f7b3423811b09f1a0d0f0d255c2e787bc4cb99,0.6.0,2,1,G2_tactic_intent,G2_tactic_intent,m3star_graph_transition_xgboost_v0.1,0
C11-otrf-apt29-day1-scranton-nashua,discriminative,0.4,53,project05_m3star_h1_dual,1,3.0,2,C11-AA-001|C11-AA-002,3.0,0.0,1,0,0,m3star_graph_action_value_xgboost_v0.3,m3star_graph_action_reachability_xgboost_v0.1,m3star_graph_action_value_xgboost_v0.3,10.0,0,1,1,0,development,0,2,0.25,G2_tactic_intent,0.6,4,1,G1_technique,4,0,1,1,1,1,,8,1,3.0,C11-AA-001,1.0,3,project05-m3star-runtime-contract-v0.6,16b8a68b34cb0608aa5c2dfe82f7b3423811b09f1a0d0f0d255c2e787bc4cb99,0.6.0,2,1,G2_tactic_intent,G2_tactic_intent,m3star_graph_transition_xgboost_v0.1,0
C11-otrf-apt29-day1-scranton-nashua,discriminative,0.4,53,project05_xgboost_policy,1,3.0,2,C11-AA-001|C11-AA-002,3.0,0.0,1,0,0,,,,10.0,0,1,1,,development,0,2,0.25,G2_tactic_intent,0.6,,1,G1_technique,4,0,,,,,,,,3.0,C11-AA-001,1.0,3,,,,2,,G2_tactic_intent,G2_tactic_intent,,0
C11-otrf-apt29-day1-scranton-nashua,discriminative,0.4,53,project05_m3b_policy,1,3.0,2,C11-AA-001|C11-AA-002,3.0,0.0,1,0,0,,,,10.0,0,1,1,,development,0,2,0.25,G2_tactic_intent,0.6,,1,G1_technique,4,0,,,,,,,,3.0,C11-AA-001,1.0,3,,,,2,,G2_tactic_intent,G2_tactic_intent,,0
C11-otrf-apt29-day1-scranton-nashua,discriminative,0.4,53,project05_m2,1,3.0,2,C11-AA-001|C11-AA-002,3.0,0.0,1,0,0,,,,10.0,0,1,1,,development,0,2,0.25,G2_tactic_intent,0.6,,1,G1_technique,4,0,,,,,,,,3.0,C11-AA-001,1.0,3,,,,2,,G2_tactic_intent,G2_tactic_intent,,0
C11-otrf-apt29-day1-scranton-nashua,discriminative,0.4,53,oracle_optimal,1,3.0,2,C11-AA-001|C11-AA-002,3.0,0.0,1,0,0,,,,10.0,0,1,1,,development,0,2,0.25,G2_tactic_intent,0.6,,1,G1_technique,4,0,,,,,,,,3.0,C11-AA-001,1.0,3,,,,2,,G2_tactic_intent,G2_tactic_intent,,0
C11-otrf-apt29-day1-scranton-nashua,discriminative,0.6,11,project05_m3star_h3_dual,1,3.0,2,C11-AA-001|C11-AA-002,3.0,0.0,1,0,0,m3star_graph_action_value_xgboost_v0.3,m3star_graph_action_reachability_xgboost_v0.1,m3star_graph_action_value_xgboost_v0.3,10.0,0,1,1,0,development,0,2,0.25,G2_tactic_intent,0.6,4,1,G1_technique,5,0,1,3,1,1,,8,1,3.0,C11-AA-001,1.0,4,project05-m3star-runtime-contract-v0.6,16b8a68b34cb0608aa5c2dfe82f7b3423811b09f1a0d0f0d255c2e787bc4cb99,0.6.0,2,1,G2_tactic_intent,G2_tactic_intent,m3star_graph_transition_xgboost_v0.1,0
C11-otrf-apt29-day1-scranton-nashua,discriminative,0.6,11,project05_m3star_h3_no_dominance_dual,1,3.0,2,C11-AA-001|C11-AA-002,3.0,0.0,1,0,0,m3star_graph_action_value_xgboost_v0.3,m3star_graph_action_reachability_xgboost_v0.1,m3star_graph_action_value_xgboost_v0.3,10.0,0,1,1,0,development,0,2,0.25,G2_tactic_intent,0.6,4,1,G1_technique,5,0,1,3,0,1,,8,1,3.0,C11-AA-001,1.0,4,project05-m3star-runtime-contract-v0.6,16b8a68b34cb0608aa5c2dfe82f7b3423811b09f1a0d0f0d255c2e787bc4cb99,0.6.0,2,0,G2_tactic_intent,G2_tactic_intent,m3star_graph_transition_xgboost_v0.1,0
C11-otrf-apt29-day1-scranton-nashua,discriminative,0.6,11,project05_m3star_h3_unshielded_dual,1,3.0,2,C11-AA-001|C11-AA-002,3.0,0.0,1,0,0,m3star_graph_action_value_xgboost_v0.3,m3star_graph_action_reachability_xgboost_v0.1,m3star_graph_action_value_xgboost_v0.3,10.0,0,1,1,0,development,0,2,0.25,G2_tactic_intent,0.6,4,1,G1_technique,5,0,0,3,1,1,,8,0,3.0,C11-AA-001,1.0,4,project05-m3star-runtime-contract-v0.6,16b8a68b34cb0608aa5c2dfe82f7b3423811b09f1a0d0f0d255c2e787bc4cb99,0.6.0,2,1,G2_tactic_intent,G2_tactic_intent,m3star_graph_transition_xgboost_v0.1,0
C11-otrf-apt29-day1-scranton-nashua,discriminative,0.6,11,project05_m3star_h3_transition_only,1,3.0,2,C11-AA-001|C11-AA-002,3.0,0.0,1,0,0,none,none,none,10.0,0,1,1,0,development,0,2,0.25,G2_tactic_intent,0.6,0,1,G1_technique,5,0,1,3,1,0,,8,1,3.0,C11-AA-001,1.0,4,project05-m3star-runtime-contract-v0.6,16b8a68b34cb0608aa5c2dfe82f7b3423811b09f1a0d0f0d255c2e787bc4cb99,0.6.0,2,1,G2_tactic_intent,G2_tactic_intent,m3star_graph_transition_xgboost_v0.1,0
C11-otrf-apt29-day1-scranton-nashua,discriminative,0.6,11,project05_m3star_h1_dual,1,3.0,2,C11-AA-001|C11-AA-002,3.0,0.0,1,0,0,m3star_graph_action_value_xgboost_v0.3,m3star_graph_action_reachability_xgboost_v0.1,m3star_graph_action_value_xgboost_v0.3,10.0,0,1,1,0,development,0,2,0.25,G2_tactic_intent,0.6,4,1,G1_technique,5,0,1,1,1,1,,8,1,3.0,C11-AA-001,1.0,4,project05-m3star-runtime-contract-v0.6,16b8a68b34cb0608aa5c2dfe82f7b3423811b09f1a0d0f0d255c2e787bc4cb99,0.6.0,2,1,G2_tactic_intent,G2_tactic_intent,m3star_graph_transition_xgboost_v0.1,0
C11-otrf-apt29-day1-scranton-nashua,discriminative,0.6,11,project05_xgboost_policy,1,3.0,2,C11-AA-001|C11-AA-002,3.0,0.0,1,0,0,,,,10.0,0,1,1,,development,0,2,0.25,G2_tactic_intent,0.6,,1,G1_technique,5,0,,,,,,,,3.0,C11-AA-001,1.0,4,,,,2,,G2_tactic_intent,G2_tactic_intent,,0
C11-otrf-apt29-day1-scranton-nashua,discriminative,0.6,11,project05_m3b_policy,1,3.0,2,C11-AA-001|C11-AA-002,3.0,0.0,1,0,0,,,,10.0,0,1,1,,development,0,2,0.25,G2_tactic_intent,0.6,,1,G1_technique,5,0,,,,,,,,3.0,C11-AA-001,1.0,4,,,,2,,G2_tactic_intent,G2_tactic_intent,,0
C11-otrf-apt29-day1-scranton-nashua,discriminative,0.6,11,project05_m2,1,3.0,2,C11-AA-001|C11-AA-002,3.0,0.0,1,0,0,,,,10.0,0,1,1,,development,0,2,0.25,G2_tactic_intent,0.6,,1,G1_technique,5,0,,,,,,,,3.0,C11-AA-001,1.0,4,,,,2,,G2_tactic_intent,G2_tactic_intent,,0
C11-otrf-apt29-day1-scranton-nashua,discriminative,0.6,11,oracle_optimal,1,3.0,2,C11-AA-001|C11-AA-002,3.0,0.0,1,0,0,,,,10.0,0,1,1,,development,0,2,0.25,G2_tactic_intent,0.6,,1,G1_technique,5,0,,,,,,,,3.0,C11-AA-001,1.0,4,,,,2,,G2_tactic_intent,G2_tactic_intent,,0
C11-otrf-apt29-day1-scranton-nashua,discriminative,0.6,23,project05_m3star_h3_dual,1,3.0,2,C11-AA-001|C11-AA-002,3.0,0.0,1,0,0,m3star_graph_action_value_xgboost_v0.3,m3star_graph_action_reachability_xgboost_v0.1,m3star_graph_action_value_xgboost_v0.3,10.0,0,1,1,0,development,0,2,0.25,G2_tactic_intent,0.6,4,1,G1_technique,5,0,1,3,1,1,,8,1,3.0,C11-AA-001,1.0,4,project05-m3star-runtime-contract-v0.6,16b8a68b34cb0608aa5c2dfe82f7b3423811b09f1a0d0f0d255c2e787bc4cb99,0.6.0,2,1,G2_tactic_intent,G2_tactic_intent,m3star_graph_transition_xgboost_v0.1,0
C11-otrf-apt29-day1-scranton-nashua,discriminative,0.6,23,project05_m3star_h3_no_dominance_dual,1,3.0,2,C11-AA-001|C11-AA-002,3.0,0.0,1,0,0,m3star_graph_action_value_xgboost_v0.3,m3star_graph_action_reachability_xgboost_v0.1,m3star_graph_action_value_xgboost_v0.3,10.0,0,1,1,0,development,0,2,0.25,G2_tactic_intent,0.6,4,1,G1_technique,5,0,1,3,0,1,,8,1,3.0,C11-AA-001,1.0,4,project05-m3star-runtime-contract-v0.6,16b8a68b34cb0608aa5c2dfe82f7b3423811b09f1a0d0f0d255c2e787bc4cb99,0.6.0,2,0,G2_tactic_intent,G2_tactic_intent,m3star_graph_transition_xgboost_v0.1,0
C11-otrf-apt29-day1-scranton-nashua,discriminative,0.6,23,project05_m3star_h3_unshielded_dual,1,3.0,2,C11-AA-001|C11-AA-002,3.0,0.0,1,0,0,m3star_graph_action_value_xgboost_v0.3,m3star_graph_action_reachability_xgboost_v0.1,m3star_graph_action_value_xgboost_v0.3,10.0,0,1,1,0,development,0,2,0.25,G2_tactic_intent,0.6,4,1,G1_technique,5,0,0,3,1,1,,8,0,3.0,C11-AA-001,1.0,4,project05-m3star-runtime-contract-v0.6,16b8a68b34cb0608aa5c2dfe82f7b3423811b09f1a0d0f0d255c2e787bc4cb99,0.6.0,2,1,G2_tactic_intent,G2_tactic_intent,m3star_graph_transition_xgboost_v0.1,0
C11-otrf-apt29-day1-scranton-nashua,discriminative,0.6,23,project05_m3star_h3_transition_only,1,3.0,2,C11-AA-001|C11-AA-002,3.0,0.0,1,0,0,none,none,none,10.0,0,1,1,0,development,0,2,0.25,G2_tactic_intent,0.6,0,1,G1_technique,5,0,1,3,1,0,,8,1,3.0,C11-AA-001,1.0,4,project05-m3star-runtime-contract-v0.6,16b8a68b34cb0608aa5c2dfe82f7b3423811b09f1a0d0f0d255c2e787bc4cb99,0.6.0,2,1,G2_tactic_intent,G2_tactic_intent,m3star_graph_transition_xgboost_v0.1,0
C11-otrf-apt29-day1-scranton-nashua,discriminative,0.6,23,project05_m3star_h1_dual,1,3.0,2,C11-AA-001|C11-AA-002,3.0,0.0,1,0,0,m3star_graph_action_value_xgboost_v0.3,m3star_graph_action_reachability_xgboost_v0.1,m3star_graph_action_value_xgboost_v0.3,10.0,0,1,1,0,development,0,2,0.25,G2_tactic_intent,0.6,4,1,G1_technique,5,0,1,1,1,1,,8,1,3.0,C11-AA-001,1.0,4,project05-m3star-runtime-contract-v0.6,16b8a68b34cb0608aa5c2dfe82f7b3423811b09f1a0d0f0d255c2e787bc4cb99,0.6.0,2,1,G2_tactic_intent,G2_tactic_intent,m3star_graph_transition_xgboost_v0.1,0
C11-otrf-apt29-day1-scranton-nashua,discriminative,0.6,23,project05_xgboost_policy,1,3.0,2,C11-AA-001|C11-AA-002,3.0,0.0,1,0,0,,,,10.0,0,1,1,,development,0,2,0.25,G2_tactic_intent,0.6,,1,G1_technique,5,0,,,,,,,,3.0,C11-AA-001,1.0,4,,,,2,,G2_tactic_intent,G2_tactic_intent,,0
C11-otrf-apt29-day1-scranton-nashua,discriminative,0.6,23,project05_m3b_policy,1,3.0,2,C11-AA-001|C11-AA-002,3.0,0.0,1,0,0,,,,10.0,0,1,1,,development,0,2,0.25,G2_tactic_intent,0.6,,1,G1_technique,5,0,,,,,,,,3.0,C11-AA-001,1.0,4,,,,2,,G2_tactic_intent,G2_tactic_intent,,0
C11-otrf-apt29-day1-scranton-nashua,discriminative,0.6,23,project05_m2,1,3.0,2,C11-AA-001|C11-AA-002,3.0,0.0,1,0,0,,,,10.0,0,1,1,,development,0,2,0.25,G2_tactic_intent,0.6,,1,G1_technique,5,0,,,,,,,,3.0,C11-AA-001,1.0,4,,,,2,,G2_tactic_intent,G2_tactic_intent,,0
C11-otrf-apt29-day1-scranton-nashua,discriminative,0.6,23,oracle_optimal,1,3.0,2,C11-AA-001|C11-AA-002,3.0,0.0,1,0,0,,,,10.0,0,1,1,,development,0,2,0.25,G2_tactic_intent,0.6,,1,G1_technique,5,0,,,,,,,,3.0,C11-AA-001,1.0,4,,,,2,,G2_tactic_intent,G2_tactic_intent,,0
C11-otrf-apt29-day1-scranton-nashua,discriminative,0.6,37,project05_m3star_h3_dual,1,3.0,2,C11-AA-001|C11-AA-002,3.0,0.0,1,0,0,m3star_graph_action_value_xgboost_v0.3,m3star_graph_action_reachability_xgboost_v0.1,m3star_graph_action_value_xgboost_v0.3,10.0,0,1,1,0,development,0,2,0.25,G2_tactic_intent,0.6,4,1,G1_technique,5,0,1,3,1,1,,8,1,3.0,C11-AA-001,1.0,4,project05-m3star-runtime-contract-v0.6,16b8a68b34cb0608aa5c2dfe82f7b3423811b09f1a0d0f0d255c2e787bc4cb99,0.6.0,2,1,G2_tactic_intent,G2_tactic_intent,m3star_graph_transition_xgboost_v0.1,0
C11-otrf-apt29-day1-scranton-nashua,discriminative,0.6,37,project05_m3star_h3_no_dominance_dual,1,3.0,2,C11-AA-001|C11-AA-002,3.0,0.0,1,0,0,m3star_graph_action_value_xgboost_v0.3,m3star_graph_action_reachability_xgboost_v0.1,m3star_graph_action_value_xgboost_v0.3,10.0,0,1,1,0,development,0,2,0.25,G2_tactic_intent,0.6,4,1,G1_technique,5,0,1,3,0,1,,8,1,3.0,C11-AA-001,1.0,4,project05-m3star-runtime-contract-v0.6,16b8a68b34cb0608aa5c2dfe82f7b3423811b09f1a0d0f0d255c2e787bc4cb99,0.6.0,2,0,G2_tactic_intent,G2_tactic_intent,m3star_graph_transition_xgboost_v0.1,0
C11-otrf-apt29-day1-scranton-nashua,discriminative,0.6,37,project05_m3star_h3_unshielded_dual,1,3.0,2,C11-AA-001|C11-AA-002,3.0,0.0,1,0,0,m3star_graph_action_value_xgboost_v0.3,m3star_graph_action_reachability_xgboost_v0.1,m3star_graph_action_value_xgboost_v0.3,10.0,0,1,1,0,development,0,2,0.25,G2_tactic_intent,0.6,4,1,G1_technique,5,0,0,3,1,1,,8,0,3.0,C11-AA-001,1.0,4,project05-m3star-runtime-contract-v0.6,16b8a68b34cb0608aa5c2dfe82f7b3423811b09f1a0d0f0d255c2e787bc4cb99,0.6.0,2,1,G2_tactic_intent,G2_tactic_intent,m3star_graph_transition_xgboost_v0.1,0
C11-otrf-apt29-day1-scranton-nashua,discriminative,0.6,37,project05_m3star_h3_transition_only,1,3.0,2,C11-AA-001|C11-AA-002,3.0,0.0,1,0,0,none,none,none,10.0,0,1,1,0,development,0,2,0.25,G2_tactic_intent,0.6,0,1,G1_technique,5,0,1,3,1,0,,8,1,3.0,C11-AA-001,1.0,4,project05-m3star-runtime-contract-v0.6,16b8a68b34cb0608aa5c2dfe82f7b3423811b09f1a0d0f0d255c2e787bc4cb99,0.6.0,2,1,G2_tactic_intent,G2_tactic_intent,m3star_graph_transition_xgboost_v0.1,0
C11-otrf-apt29-day1-scranton-nashua,discriminative,0.6,37,project05_m3star_h1_dual,1,3.0,2,C11-AA-001|C11-AA-002,3.0,0.0,1,0,0,m3star_graph_action_value_xgboost_v0.3,m3star_graph_action_reachability_xgboost_v0.1,m3star_graph_action_value_xgboost_v0.3,10.0,0,1,1,0,development,0,2,0.25,G2_tactic_intent,0.6,4,1,G1_technique,5,0,1,1,1,1,,8,1,3.0,C11-AA-001,1.0,4,project05-m3star-runtime-contract-v0.6,16b8a68b34cb0608aa5c2dfe82f7b3423811b09f1a0d0f0d255c2e787bc4cb99,0.6.0,2,1,G2_tactic_intent,G2_tactic_intent,m3star_graph_transition_xgboost_v0.1,0
C11-otrf-apt29-day1-scranton-nashua,discriminative,0.6,37,project05_xgboost_policy,1,3.0,2,C11-AA-001|C11-AA-002,3.0,0.0,1,0,0,,,,10.0,0,1,1,,development,0,2,0.25,G2_tactic_intent,0.6,,1,G1_technique,5,0,,,,,,,,3.0,C11-AA-001,1.0,4,,,,2,,G2_tactic_intent,G2_tactic_intent,,0
C11-otrf-apt29-day1-scranton-nashua,discriminative,0.6,37,project05_m3b_policy,1,3.0,2,C11-AA-001|C11-AA-002,3.0,0.0,1,0,0,,,,10.0,0,1,1,,development,0,2,0.25,G2_tactic_intent,0.6,,1,G1_technique,5,0,,,,,,,,3.0,C11-AA-001,1.0,4,,,,2,,G2_tactic_intent,G2_tactic_intent,,0
C11-otrf-apt29-day1-scranton-nashua,discriminative,0.6,37,project05_m2,1,3.0,2,C11-AA-001|C11-AA-002,3.0,0.0,1,0,0,,,,10.0,0,1,1,,development,0,2,0.25,G2_tactic_intent,0.6,,1,G1_technique,5,0,,,,,,,,3.0,C11-AA-001,1.0,4,,,,2,,G2_tactic_intent,G2_tactic_intent,,0
C11-otrf-apt29-day1-scranton-nashua,discriminative,0.6,37,oracle_optimal,1,3.0,2,C11-AA-001|C11-AA-002,3.0,0.0,1,0,0,,,,10.0,0,1,1,,development,0,2,0.25,G2_tactic_intent,0.6,,1,G1_technique,5,0,,,,,,,,3.0,C11-AA-001,1.0,4,,,,2,,G2_tactic_intent,G2_tactic_intent,,0
C11-otrf-apt29-day1-scranton-nashua,discriminative,0.6,41,project05_m3star_h3_dual,1,3.0,2,C11-AA-001|C11-AA-002,3.0,0.0,1,0,0,m3star_graph_action_value_xgboost_v0.3,m3star_graph_action_reachability_xgboost_v0.1,m3star_graph_action_value_xgboost_v0.3,10.0,0,1,1,0,development,0,2,0.25,G2_tactic_intent,0.6,4,1,G1_technique,5,0,1,3,1,1,,8,1,3.0,C11-AA-001,1.0,4,project05-m3star-runtime-contract-v0.6,16b8a68b34cb0608aa5c2dfe82f7b3423811b09f1a0d0f0d255c2e787bc4cb99,0.6.0,2,1,G2_tactic_intent,G2_tactic_intent,m3star_graph_transition_xgboost_v0.1,0
C11-otrf-apt29-day1-scranton-nashua,discriminative,0.6,41,project05_m3star_h3_no_dominance_dual,1,3.0,2,C11-AA-001|C11-AA-002,3.0,0.0,1,0,0,m3star_graph_action_value_xgboost_v0.3,m3star_graph_action_reachability_xgboost_v0.1,m3star_graph_action_value_xgboost_v0.3,10.0,0,1,1,0,development,0,2,0.25,G2_tactic_intent,0.6,4,1,G1_technique,5,0,1,3,0,1,,8,1,3.0,C11-AA-001,1.0,4,project05-m3star-runtime-contract-v0.6,16b8a68b34cb0608aa5c2dfe82f7b3423811b09f1a0d0f0d255c2e787bc4cb99,0.6.0,2,0,G2_tactic_intent,G2_tactic_intent,m3star_graph_transition_xgboost_v0.1,0
C11-otrf-apt29-day1-scranton-nashua,discriminative,0.6,41,project05_m3star_h3_unshielded_dual,1,3.0,2,C11-AA-001|C11-AA-002,3.0,0.0,1,0,0,m3star_graph_action_value_xgboost_v0.3,m3star_graph_action_reachability_xgboost_v0.1,m3star_graph_action_value_xgboost_v0.3,10.0,0,1,1,0,development,0,2,0.25,G2_tactic_intent,0.6,4,1,G1_technique,5,0,0,3,1,1,,8,0,3.0,C11-AA-001,1.0,4,project05-m3star-runtime-contract-v0.6,16b8a68b34cb0608aa5c2dfe82f7b3423811b09f1a0d0f0d255c2e787bc4cb99,0.6.0,2,1,G2_tactic_intent,G2_tactic_intent,m3star_graph_transition_xgboost_v0.1,0
C11-otrf-apt29-day1-scranton-nashua,discriminative,0.6,41,project05_m3star_h3_transition_only,1,3.0,2,C11-AA-001|C11-AA-002,3.0,0.0,1,0,0,none,none,none,10.0,0,1,1,0,development,0,2,0.25,G2_tactic_intent,0.6,0,1,G1_technique,5,0,1,3,1,0,,8,1,3.0,C11-AA-001,1.0,4,project05-m3star-runtime-contract-v0.6,16b8a68b34cb0608aa5c2dfe82f7b3423811b09f1a0d0f0d255c2e787bc4cb99,0.6.0,2,1,G2_tactic_intent,G2_tactic_intent,m3star_graph_transition_xgboost_v0.1,0
C11-otrf-apt29-day1-scranton-nashua,discriminative,0.6,41,project05_m3star_h1_dual,1,3.0,2,C11-AA-001|C11-AA-002,3.0,0.0,1,0,0,m3star_graph_action_value_xgboost_v0.3,m3star_graph_action_reachability_xgboost_v0.1,m3star_graph_action_value_xgboost_v0.3,10.0,0,1,1,0,development,0,2,0.25,G2_tactic_intent,0.6,4,1,G1_technique,5,0,1,1,1,1,,8,1,3.0,C11-AA-001,1.0,4,project05-m3star-runtime-contract-v0.6,16b8a68b34cb0608aa5c2dfe82f7b3423811b09f1a0d0f0d255c2e787bc4cb99,0.6.0,2,1,G2_tactic_intent,G2_tactic_intent,m3star_graph_transition_xgboost_v0.1,0
C11-otrf-apt29-day1-scranton-nashua,discriminative,0.6,41,project05_xgboost_policy,1,3.0,2,C11-AA-001|C11-AA-002,3.0,0.0,1,0,0,,,,10.0,0,1,1,,development,0,2,0.25,G2_tactic_intent,0.6,,1,G1_technique,5,0,,,,,,,,3.0,C11-AA-001,1.0,4,,,,2,,G2_tactic_intent,G2_tactic_intent,,0
C11-otrf-apt29-day1-scranton-nashua,discriminative,0.6,41,project05_m3b_policy,1,3.0,2,C11-AA-001|C11-AA-002,3.0,0.0,1,0,0,,,,10.0,0,1,1,,development,0,2,0.25,G2_tactic_intent,0.6,,1,G1_technique,5,0,,,,,,,,3.0,C11-AA-001,1.0,4,,,,2,,G2_tactic_intent,G2_tactic_intent,,0
C11-otrf-apt29-day1-scranton-nashua,discriminative,0.6,41,project05_m2,1,3.0,2,C11-AA-001|C11-AA-002,3.0,0.0,1,0,0,,,,10.0,0,1,1,,development,0,2,0.25,G2_tactic_intent,0.6,,1,G1_technique,5,0,,,,,,,,3.0,C11-AA-001,1.0,4,,,,2,,G2_tactic_intent,G2_tactic_intent,,0
C11-otrf-apt29-day1-scranton-nashua,discriminative,0.6,41,oracle_optimal,1,3.0,2,C11-AA-001|C11-AA-002,3.0,0.0,1,0,0,,,,10.0,0,1,1,,development,0,2,0.25,G2_tactic_intent,0.6,,1,G1_technique,5,0,,,,,,,,3.0,C11-AA-001,1.0,4,,,,2,,G2_tactic_intent,G2_tactic_intent,,0
C11-otrf-apt29-day1-scranton-nashua,discriminative,0.6,53,project05_m3star_h3_dual,1,3.0,2,C11-AA-001|C11-AA-002,3.0,0.0,1,0,0,m3star_graph_action_value_xgboost_v0.3,m3star_graph_action_reachability_xgboost_v0.1,m3star_graph_action_value_xgboost_v0.3,10.0,0,1,1,0,development,0,2,0.25,G2_tactic_intent,0.6,4,1,G1_technique,5,0,1,3,1,1,,8,1,3.0,C11-AA-001,1.0,4,project05-m3star-runtime-contract-v0.6,16b8a68b34cb0608aa5c2dfe82f7b3423811b09f1a0d0f0d255c2e787bc4cb99,0.6.0,2,1,G2_tactic_intent,G2_tactic_intent,m3star_graph_transition_xgboost_v0.1,0
C11-otrf-apt29-day1-scranton-nashua,discriminative,0.6,53,project05_m3star_h3_no_dominance_dual,1,3.0,2,C11-AA-001|C11-AA-002,3.0,0.0,1,0,0,m3star_graph_action_value_xgboost_v0.3,m3star_graph_action_reachability_xgboost_v0.1,m3star_graph_action_value_xgboost_v0.3,10.0,0,1,1,0,development,0,2,0.25,G2_tactic_intent,0.6,4,1,G1_technique,5,0,1,3,0,1,,8,1,3.0,C11-AA-001,1.0,4,project05-m3star-runtime-contract-v0.6,16b8a68b34cb0608aa5c2dfe82f7b3423811b09f1a0d0f0d255c2e787bc4cb99,0.6.0,2,0,G2_tactic_intent,G2_tactic_intent,m3star_graph_transition_xgboost_v0.1,0
C11-otrf-apt29-day1-scranton-nashua,discriminative,0.6,53,project05_m3star_h3_unshielded_dual,1,3.0,2,C11-AA-001|C11-AA-002,3.0,0.0,1,0,0,m3star_graph_action_value_xgboost_v0.3,m3star_graph_action_reachability_xgboost_v0.1,m3star_graph_action_value_xgboost_v0.3,10.0,0,1,1,0,development,0,2,0.25,G2_tactic_intent,0.6,4,1,G1_technique,5,0,0,3,1,1,,8,0,3.0,C11-AA-001,1.0,4,project05-m3star-runtime-contract-v0.6,16b8a68b34cb0608aa5c2dfe82f7b3423811b09f1a0d0f0d255c2e787bc4cb99,0.6.0,2,1,G2_tactic_intent,G2_tactic_intent,m3star_graph_transition_xgboost_v0.1,0
C11-otrf-apt29-day1-scranton-nashua,discriminative,0.6,53,project05_m3star_h3_transition_only,1,3.0,2,C11-AA-001|C11-AA-002,3.0,0.0,1,0,0,none,none,none,10.0,0,1,1,0,development,0,2,0.25,G2_tactic_intent,0.6,0,1,G1_technique,5,0,1,3,1,0,,8,1,3.0,C11-AA-001,1.0,4,project05-m3star-runtime-contract-v0.6,16b8a68b34cb0608aa5c2dfe82f7b3423811b09f1a0d0f0d255c2e787bc4cb99,0.6.0,2,1,G2_tactic_intent,G2_tactic_intent,m3star_graph_transition_xgboost_v0.1,0
C11-otrf-apt29-day1-scranton-nashua,discriminative,0.6,53,project05_m3star_h1_dual,1,3.0,2,C11-AA-001|C11-AA-002,3.0,0.0,1,0,0,m3star_graph_action_value_xgboost_v0.3,m3star_graph_action_reachability_xgboost_v0.1,m3star_graph_action_value_xgboost_v0.3,10.0,0,1,1,0,development,0,2,0.25,G2_tactic_intent,0.6,4,1,G1_technique,5,0,1,1,1,1,,8,1,3.0,C11-AA-001,1.0,4,project05-m3star-runtime-contract-v0.6,16b8a68b34cb0608aa5c2dfe82f7b3423811b09f1a0d0f0d255c2e787bc4cb99,0.6.0,2,1,G2_tactic_intent,G2_tactic_intent,m3star_graph_transition_xgboost_v0.1,0
C11-otrf-apt29-day1-scranton-nashua,discriminative,0.6,53,project05_xgboost_policy,1,3.0,2,C11-AA-001|C11-AA-002,3.0,0.0,1,0,0,,,,10.0,0,1,1,,development,0,2,0.25,G2_tactic_intent,0.6,,1,G1_technique,5,0,,,,,,,,3.0,C11-AA-001,1.0,4,,,,2,,G2_tactic_intent,G2_tactic_intent,,0
C11-otrf-apt29-day1-scranton-nashua,discriminative,0.6,53,project05_m3b_policy,1,3.0,2,C11-AA-001|C11-AA-002,3.0,0.0,1,0,0,,,,10.0,0,1,1,,development,0,2,0.25,G2_tactic_intent,0.6,,1,G1_technique,5,0,,,,,,,,3.0,C11-AA-001,1.0,4,,,,2,,G2_tactic_intent,G2_tactic_intent,,0
C11-otrf-apt29-day1-scranton-nashua,discriminative,0.6,53,project05_m2,1,3.0,2,C11-AA-001|C11-AA-002,3.0,0.0,1,0,0,,,,10.0,0,1,1,,development,0,2,0.25,G2_tactic_intent,0.6,,1,G1_technique,5,0,,,,,,,,3.0,C11-AA-001,1.0,4,,,,2,,G2_tactic_intent,G2_tactic_intent,,0
C11-otrf-apt29-day1-scranton-nashua,discriminative,0.6,53,oracle_optimal,1,3.0,2,C11-AA-001|C11-AA-002,3.0,0.0,1,0,0,,,,10.0,0,1,1,,development,0,2,0.25,G2_tactic_intent,0.6,,1,G1_technique,5,0,,,,,,,,3.0,C11-AA-001,1.0,4,,,,2,,G2_tactic_intent,G2_tactic_intent,,0
C12-witfoo-precinct6-f10c7270,random,0.2,11,project05_m3star_h3_dual,1,0.0,0,,0.0,0.0,0,0,0,m3star_graph_action_value_xgboost_v0.3,m3star_graph_action_reachability_xgboost_v0.1,m3star_graph_action_value_xgboost_v0.3,8.0,0,1,1,0,development,0,2,0.3333,G1_technique,0.5,0,0,G1_technique,1,0,1,3,1,1,,8,1,0.0,,0.0,0,project05-m3star-runtime-contract-v0.6,16b8a68b34cb0608aa5c2dfe82f7b3423811b09f1a0d0f0d255c2e787bc4cb99,0.6.0,0,1,G1_technique,G1_technique,m3star_graph_transition_xgboost_v0.1,0
C12-witfoo-precinct6-f10c7270,random,0.2,11,project05_m3star_h3_no_dominance_dual,1,0.0,0,,0.0,0.0,0,0,0,m3star_graph_action_value_xgboost_v0.3,m3star_graph_action_reachability_xgboost_v0.1,m3star_graph_action_value_xgboost_v0.3,8.0,0,1,1,0,development,0,2,0.3333,G1_technique,0.5,0,0,G1_technique,1,0,1,3,0,1,,8,1,0.0,,0.0,0,project05-m3star-runtime-contract-v0.6,16b8a68b34cb0608aa5c2dfe82f7b3423811b09f1a0d0f0d255c2e787bc4cb99,0.6.0,0,0,G1_technique,G1_technique,m3star_graph_transition_xgboost_v0.1,0
C12-witfoo-precinct6-f10c7270,random,0.2,11,project05_m3star_h3_unshielded_dual,1,0.0,0,,0.0,0.0,0,0,0,m3star_graph_action_value_xgboost_v0.3,m3star_graph_action_reachability_xgboost_v0.1,m3star_graph_action_value_xgboost_v0.3,8.0,0,1,1,0,development,0,2,0.3333,G1_technique,0.5,0,0,G1_technique,1,0,0,3,1,1,,8,0,0.0,,0.0,0,project05-m3star-runtime-contract-v0.6,16b8a68b34cb0608aa5c2dfe82f7b3423811b09f1a0d0f0d255c2e787bc4cb99,0.6.0,0,1,G1_technique,G1_technique,m3star_graph_transition_xgboost_v0.1,0
C12-witfoo-precinct6-f10c7270,random,0.2,11,project05_m3star_h3_transition_only,1,0.0,0,,0.0,0.0,0,0,0,none,none,none,8.0,0,1,1,0,development,0,2,0.3333,G1_technique,0.5,0,0,G1_technique,1,0,1,3,1,0,,8,1,0.0,,0.0,0,project05-m3star-runtime-contract-v0.6,16b8a68b34cb0608aa5c2dfe82f7b3423811b09f1a0d0f0d255c2e787bc4cb99,0.6.0,0,1,G1_technique,G1_technique,m3star_graph_transition_xgboost_v0.1,0
C12-witfoo-precinct6-f10c7270,random,0.2,11,project05_m3star_h1_dual,1,0.0,0,,0.0,0.0,0,0,0,m3star_graph_action_value_xgboost_v0.3,m3star_graph_action_reachability_xgboost_v0.1,m3star_graph_action_value_xgboost_v0.3,8.0,0,1,1,0,development,0,2,0.3333,G1_technique,0.5,0,0,G1_technique,1,0,1,1,1,1,,8,1,0.0,,0.0,0,project05-m3star-runtime-contract-v0.6,16b8a68b34cb0608aa5c2dfe82f7b3423811b09f1a0d0f0d255c2e787bc4cb99,0.6.0,0,1,G1_technique,G1_technique,m3star_graph_transition_xgboost_v0.1,0
C12-witfoo-precinct6-f10c7270,random,0.2,11,project05_xgboost_policy,1,0.0,0,,0.0,0.0,0,0,0,,,,8.0,0,1,1,,development,0,2,0.3333,G1_technique,0.5,,0,G1_technique,1,0,,,,,,,,0.0,,0.0,0,,,,0,,G1_technique,G1_technique,,0
C12-witfoo-precinct6-f10c7270,random,0.2,11,project05_m3b_policy,1,0.0,0,,0.0,0.0,0,0,0,,,,8.0,0,1,1,,development,0,2,0.3333,G1_technique,0.5,,0,G1_technique,1,0,,,,,,,,0.0,,0.0,0,,,,0,,G1_technique,G1_technique,,0
C12-witfoo-precinct6-f10c7270,random,0.2,11,project05_m2,1,0.0,0,,0.0,0.0,0,0,0,,,,8.0,0,1,1,,development,0,2,0.3333,G1_technique,0.5,,0,G1_technique,1,0,,,,,,,,0.0,,0.0,0,,,,0,,G1_technique,G1_technique,,0
C12-witfoo-precinct6-f10c7270,random,0.2,11,oracle_optimal,1,0.0,0,,0.0,0.0,0,0,0,,,,8.0,0,1,1,,development,0,2,0.3333,G1_technique,0.5,,0,G1_technique,1,0,,,,,,,,0.0,,0.0,0,,,,0,,G1_technique,G1_technique,,0
C12-witfoo-precinct6-f10c7270,random,0.2,23,project05_m3star_h3_dual,1,0.0,0,,0.0,0.0,0,0,0,m3star_graph_action_value_xgboost_v0.3,m3star_graph_action_reachability_xgboost_v0.1,m3star_graph_action_value_xgboost_v0.3,8.0,0,1,1,0,development,0,3,0.0,G1_technique,0.25,0,0,G1_technique,1,0,1,3,1,1,,8,1,0.0,,0.0,0,project05-m3star-runtime-contract-v0.6,16b8a68b34cb0608aa5c2dfe82f7b3423811b09f1a0d0f0d255c2e787bc4cb99,0.6.0,0,1,G1_technique,G1_technique,m3star_graph_transition_xgboost_v0.1,0
C12-witfoo-precinct6-f10c7270,random,0.2,23,project05_m3star_h3_no_dominance_dual,1,0.0,0,,0.0,0.0,0,0,0,m3star_graph_action_value_xgboost_v0.3,m3star_graph_action_reachability_xgboost_v0.1,m3star_graph_action_value_xgboost_v0.3,8.0,0,1,1,0,development,0,3,0.0,G1_technique,0.25,0,0,G1_technique,1,0,1,3,0,1,,8,1,0.0,,0.0,0,project05-m3star-runtime-contract-v0.6,16b8a68b34cb0608aa5c2dfe82f7b3423811b09f1a0d0f0d255c2e787bc4cb99,0.6.0,0,0,G1_technique,G1_technique,m3star_graph_transition_xgboost_v0.1,0
C12-witfoo-precinct6-f10c7270,random,0.2,23,project05_m3star_h3_unshielded_dual,1,0.0,0,,0.0,0.0,0,0,0,m3star_graph_action_value_xgboost_v0.3,m3star_graph_action_reachability_xgboost_v0.1,m3star_graph_action_value_xgboost_v0.3,8.0,0,1,1,0,development,0,3,0.0,G1_technique,0.25,0,0,G1_technique,1,0,0,3,1,1,,8,0,0.0,,0.0,0,project05-m3star-runtime-contract-v0.6,16b8a68b34cb0608aa5c2dfe82f7b3423811b09f1a0d0f0d255c2e787bc4cb99,0.6.0,0,1,G1_technique,G1_technique,m3star_graph_transition_xgboost_v0.1,0
C12-witfoo-precinct6-f10c7270,random,0.2,23,project05_m3star_h3_transition_only,1,0.0,0,,0.0,0.0,0,0,0,none,none,none,8.0,0,1,1,0,development,0,3,0.0,G1_technique,0.25,0,0,G1_technique,1,0,1,3,1,0,,8,1,0.0,,0.0,0,project05-m3star-runtime-contract-v0.6,16b8a68b34cb0608aa5c2dfe82f7b3423811b09f1a0d0f0d255c2e787bc4cb99,0.6.0,0,1,G1_technique,G1_technique,m3star_graph_transition_xgboost_v0.1,0
C12-witfoo-precinct6-f10c7270,random,0.2,23,project05_m3star_h1_dual,1,0.0,0,,0.0,0.0,0,0,0,m3star_graph_action_value_xgboost_v0.3,m3star_graph_action_reachability_xgboost_v0.1,m3star_graph_action_value_xgboost_v0.3,8.0,0,1,1,0,development,0,3,0.0,G1_technique,0.25,0,0,G1_technique,1,0,1,1,1,1,,8,1,0.0,,0.0,0,project05-m3star-runtime-contract-v0.6,16b8a68b34cb0608aa5c2dfe82f7b3423811b09f1a0d0f0d255c2e787bc4cb99,0.6.0,0,1,G1_technique,G1_technique,m3star_graph_transition_xgboost_v0.1,0
C12-witfoo-precinct6-f10c7270,random,0.2,23,project05_xgboost_policy,1,0.0,0,,0.0,0.0,0,0,0,,,,8.0,0,1,1,,development,0,3,0.0,G1_technique,0.25,,0,G1_technique,1,0,,,,,,,,0.0,,0.0,0,,,,0,,G1_technique,G1_technique,,0
C12-witfoo-precinct6-f10c7270,random,0.2,23,project05_m3b_policy,1,0.0,0,,0.0,0.0,0,0,0,,,,8.0,0,1,1,,development,0,3,0.0,G1_technique,0.25,,0,G1_technique,1,0,,,,,,,,0.0,,0.0,0,,,,0,,G1_technique,G1_technique,,0
C12-witfoo-precinct6-f10c7270,random,0.2,23,project05_m2,1,0.0,0,,0.0,0.0,0,0,0,,,,8.0,0,1,1,,development,0,3,0.0,G1_technique,0.25,,0,G1_technique,1,0,,,,,,,,0.0,,0.0,0,,,,0,,G1_technique,G1_technique,,0
C12-witfoo-precinct6-f10c7270,random,0.2,23,oracle_optimal,1,0.0,0,,0.0,0.0,0,0,0,,,,8.0,0,1,1,,development,0,3,0.0,G1_technique,0.25,,0,G1_technique,1,0,,,,,,,,0.0,,0.0,0,,,,0,,G1_technique,G1_technique,,0
C12-witfoo-precinct6-f10c7270,random,0.2,37,project05_m3star_h3_dual,1,0.0,0,,0.0,0.0,0,0,0,m3star_graph_action_value_xgboost_v0.3,m3star_graph_action_reachability_xgboost_v0.1,m3star_graph_action_value_xgboost_v0.3,8.0,0,1,1,0,development,0,2,0.0,G1_technique,0.5,0,0,G1_technique,1,0,1,3,1,1,,8,1,0.0,,0.0,0,project05-m3star-runtime-contract-v0.6,16b8a68b34cb0608aa5c2dfe82f7b3423811b09f1a0d0f0d255c2e787bc4cb99,0.6.0,0,1,G1_technique,G1_technique,m3star_graph_transition_xgboost_v0.1,0
C12-witfoo-precinct6-f10c7270,random,0.2,37,project05_m3star_h3_no_dominance_dual,1,0.0,0,,0.0,0.0,0,0,0,m3star_graph_action_value_xgboost_v0.3,m3star_graph_action_reachability_xgboost_v0.1,m3star_graph_action_value_xgboost_v0.3,8.0,0,1,1,0,development,0,2,0.0,G1_technique,0.5,0,0,G1_technique,1,0,1,3,0,1,,8,1,0.0,,0.0,0,project05-m3star-runtime-contract-v0.6,16b8a68b34cb0608aa5c2dfe82f7b3423811b09f1a0d0f0d255c2e787bc4cb99,0.6.0,0,0,G1_technique,G1_technique,m3star_graph_transition_xgboost_v0.1,0
C12-witfoo-precinct6-f10c7270,random,0.2,37,project05_m3star_h3_unshielded_dual,1,0.0,0,,0.0,0.0,0,0,0,m3star_graph_action_value_xgboost_v0.3,m3star_graph_action_reachability_xgboost_v0.1,m3star_graph_action_value_xgboost_v0.3,8.0,0,1,1,0,development,0,2,0.0,G1_technique,0.5,0,0,G1_technique,1,0,0,3,1,1,,8,0,0.0,,0.0,0,project05-m3star-runtime-contract-v0.6,16b8a68b34cb0608aa5c2dfe82f7b3423811b09f1a0d0f0d255c2e787bc4cb99,0.6.0,0,1,G1_technique,G1_technique,m3star_graph_transition_xgboost_v0.1,0
C12-witfoo-precinct6-f10c7270,random,0.2,37,project05_m3star_h3_transition_only,1,0.0,0,,0.0,0.0,0,0,0,none,none,none,8.0,0,1,1,0,development,0,2,0.0,G1_technique,0.5,0,0,G1_technique,1,0,1,3,1,0,,8,1,0.0,,0.0,0,project05-m3star-runtime-contract-v0.6,16b8a68b34cb0608aa5c2dfe82f7b3423811b09f1a0d0f0d255c2e787bc4cb99,0.6.0,0,1,G1_technique,G1_technique,m3star_graph_transition_xgboost_v0.1,0
C12-witfoo-precinct6-f10c7270,random,0.2,37,project05_m3star_h1_dual,1,0.0,0,,0.0,0.0,0,0,0,m3star_graph_action_value_xgboost_v0.3,m3star_graph_action_reachability_xgboost_v0.1,m3star_graph_action_value_xgboost_v0.3,8.0,0,1,1,0,development,0,2,0.0,G1_technique,0.5,0,0,G1_technique,1,0,1,1,1,1,,8,1,0.0,,0.0,0,project05-m3star-runtime-contract-v0.6,16b8a68b34cb0608aa5c2dfe82f7b3423811b09f1a0d0f0d255c2e787bc4cb99,0.6.0,0,1,G1_technique,G1_technique,m3star_graph_transition_xgboost_v0.1,0
C12-witfoo-precinct6-f10c7270,random,0.2,37,project05_xgboost_policy,1,0.0,0,,0.0,0.0,0,0,0,,,,8.0,0,1,1,,development,0,2,0.0,G1_technique,0.5,,0,G1_technique,1,0,,,,,,,,0.0,,0.0,0,,,,0,,G1_technique,G1_technique,,0
C12-witfoo-precinct6-f10c7270,random,0.2,37,project05_m3b_policy,1,0.0,0,,0.0,0.0,0,0,0,,,,8.0,0,1,1,,development,0,2,0.0,G1_technique,0.5,,0,G1_technique,1,0,,,,,,,,0.0,,0.0,0,,,,0,,G1_technique,G1_technique,,0
C12-witfoo-precinct6-f10c7270,random,0.2,37,project05_m2,1,0.0,0,,0.0,0.0,0,0,0,,,,8.0,0,1,1,,development,0,2,0.0,G1_technique,0.5,,0,G1_technique,1,0,,,,,,,,0.0,,0.0,0,,,,0,,G1_technique,G1_technique,,0
C12-witfoo-precinct6-f10c7270,random,0.2,37,oracle_optimal,1,0.0,0,,0.0,0.0,0,0,0,,,,8.0,0,1,1,,development,0,2,0.0,G1_technique,0.5,,0,G1_technique,1,0,,,,,,,,0.0,,0.0,0,,,,0,,G1_technique,G1_technique,,0
C12-witfoo-precinct6-f10c7270,random,0.2,41,project05_m3star_h3_dual,1,0.0,0,,0.0,0.0,0,0,0,m3star_graph_action_value_xgboost_v0.3,m3star_graph_action_reachability_xgboost_v0.1,m3star_graph_action_value_xgboost_v0.3,8.0,0,1,1,0,development,0,2,0.3333,G1_technique,0.5,0,0,G1_technique,1,0,1,3,1,1,,8,1,0.0,,0.0,0,project05-m3star-runtime-contract-v0.6,16b8a68b34cb0608aa5c2dfe82f7b3423811b09f1a0d0f0d255c2e787bc4cb99,0.6.0,0,1,G1_technique,G1_technique,m3star_graph_transition_xgboost_v0.1,0
C12-witfoo-precinct6-f10c7270,random,0.2,41,project05_m3star_h3_no_dominance_dual,1,0.0,0,,0.0,0.0,0,0,0,m3star_graph_action_value_xgboost_v0.3,m3star_graph_action_reachability_xgboost_v0.1,m3star_graph_action_value_xgboost_v0.3,8.0,0,1,1,0,development,0,2,0.3333,G1_technique,0.5,0,0,G1_technique,1,0,1,3,0,1,,8,1,0.0,,0.0,0,project05-m3star-runtime-contract-v0.6,16b8a68b34cb0608aa5c2dfe82f7b3423811b09f1a0d0f0d255c2e787bc4cb99,0.6.0,0,0,G1_technique,G1_technique,m3star_graph_transition_xgboost_v0.1,0
C12-witfoo-precinct6-f10c7270,random,0.2,41,project05_m3star_h3_unshielded_dual,1,0.0,0,,0.0,0.0,0,0,0,m3star_graph_action_value_xgboost_v0.3,m3star_graph_action_reachability_xgboost_v0.1,m3star_graph_action_value_xgboost_v0.3,8.0,0,1,1,0,development,0,2,0.3333,G1_technique,0.5,0,0,G1_technique,1,0,0,3,1,1,,8,0,0.0,,0.0,0,project05-m3star-runtime-contract-v0.6,16b8a68b34cb0608aa5c2dfe82f7b3423811b09f1a0d0f0d255c2e787bc4cb99,0.6.0,0,1,G1_technique,G1_technique,m3star_graph_transition_xgboost_v0.1,0
C12-witfoo-precinct6-f10c7270,random,0.2,41,project05_m3star_h3_transition_only,1,0.0,0,,0.0,0.0,0,0,0,none,none,none,8.0,0,1,1,0,development,0,2,0.3333,G1_technique,0.5,0,0,G1_technique,1,0,1,3,1,0,,8,1,0.0,,0.0,0,project05-m3star-runtime-contract-v0.6,16b8a68b34cb0608aa5c2dfe82f7b3423811b09f1a0d0f0d255c2e787bc4cb99,0.6.0,0,1,G1_technique,G1_technique,m3star_graph_transition_xgboost_v0.1,0
C12-witfoo-precinct6-f10c7270,random,0.2,41,project05_m3star_h1_dual,1,0.0,0,,0.0,0.0,0,0,0,m3star_graph_action_value_xgboost_v0.3,m3star_graph_action_reachability_xgboost_v0.1,m3star_graph_action_value_xgboost_v0.3,8.0,0,1,1,0,development,0,2,0.3333,G1_technique,0.5,0,0,G1_technique,1,0,1,1,1,1,,8,1,0.0,,0.0,0,project05-m3star-runtime-contract-v0.6,16b8a68b34cb0608aa5c2dfe82f7b3423811b09f1a0d0f0d255c2e787bc4cb99,0.6.0,0,1,G1_technique,G1_technique,m3star_graph_transition_xgboost_v0.1,0
C12-witfoo-precinct6-f10c7270,random,0.2,41,project05_xgboost_policy,1,0.0,0,,0.0,0.0,0,0,0,,,,8.0,0,1,1,,development,0,2,0.3333,G1_technique,0.5,,0,G1_technique,1,0,,,,,,,,0.0,,0.0,0,,,,0,,G1_technique,G1_technique,,0
C12-witfoo-precinct6-f10c7270,random,0.2,41,project05_m3b_policy,1,0.0,0,,0.0,0.0,0,0,0,,,,8.0,0,1,1,,development,0,2,0.3333,G1_technique,0.5,,0,G1_technique,1,0,,,,,,,,0.0,,0.0,0,,,,0,,G1_technique,G1_technique,,0
C12-witfoo-precinct6-f10c7270,random,0.2,41,project05_m2,1,0.0,0,,0.0,0.0,0,0,0,,,,8.0,0,1,1,,development,0,2,0.3333,G1_technique,0.5,,0,G1_technique,1,0,,,,,,,,0.0,,0.0,0,,,,0,,G1_technique,G1_technique,,0
C12-witfoo-precinct6-f10c7270,random,0.2,41,oracle_optimal,1,0.0,0,,0.0,0.0,0,0,0,,,,8.0,0,1,1,,development,0,2,0.3333,G1_technique,0.5,,0,G1_technique,1,0,,,,,,,,0.0,,0.0,0,,,,0,,G1_technique,G1_technique,,0
C12-witfoo-precinct6-f10c7270,random,0.2,53,project05_m3star_h3_dual,1,0.0,0,,0.0,0.0,0,0,0,m3star_graph_action_value_xgboost_v0.3,m3star_graph_action_reachability_xgboost_v0.1,m3star_graph_action_value_xgboost_v0.3,8.0,0,1,1,0,development,0,2,0.0,G1_technique,0.5,0,0,G1_technique,1,0,1,3,1,1,,8,1,0.0,,0.0,0,project05-m3star-runtime-contract-v0.6,16b8a68b34cb0608aa5c2dfe82f7b3423811b09f1a0d0f0d255c2e787bc4cb99,0.6.0,0,1,G1_technique,G1_technique,m3star_graph_transition_xgboost_v0.1,0
C12-witfoo-precinct6-f10c7270,random,0.2,53,project05_m3star_h3_no_dominance_dual,1,0.0,0,,0.0,0.0,0,0,0,m3star_graph_action_value_xgboost_v0.3,m3star_graph_action_reachability_xgboost_v0.1,m3star_graph_action_value_xgboost_v0.3,8.0,0,1,1,0,development,0,2,0.0,G1_technique,0.5,0,0,G1_technique,1,0,1,3,0,1,,8,1,0.0,,0.0,0,project05-m3star-runtime-contract-v0.6,16b8a68b34cb0608aa5c2dfe82f7b3423811b09f1a0d0f0d255c2e787bc4cb99,0.6.0,0,0,G1_technique,G1_technique,m3star_graph_transition_xgboost_v0.1,0
C12-witfoo-precinct6-f10c7270,random,0.2,53,project05_m3star_h3_unshielded_dual,1,0.0,0,,0.0,0.0,0,0,0,m3star_graph_action_value_xgboost_v0.3,m3star_graph_action_reachability_xgboost_v0.1,m3star_graph_action_value_xgboost_v0.3,8.0,0,1,1,0,development,0,2,0.0,G1_technique,0.5,0,0,G1_technique,1,0,0,3,1,1,,8,0,0.0,,0.0,0,project05-m3star-runtime-contract-v0.6,16b8a68b34cb0608aa5c2dfe82f7b3423811b09f1a0d0f0d255c2e787bc4cb99,0.6.0,0,1,G1_technique,G1_technique,m3star_graph_transition_xgboost_v0.1,0
C12-witfoo-precinct6-f10c7270,random,0.2,53,project05_m3star_h3_transition_only,1,0.0,0,,0.0,0.0,0,0,0,none,none,none,8.0,0,1,1,0,development,0,2,0.0,G1_technique,0.5,0,0,G1_technique,1,0,1,3,1,0,,8,1,0.0,,0.0,0,project05-m3star-runtime-contract-v0.6,16b8a68b34cb0608aa5c2dfe82f7b3423811b09f1a0d0f0d255c2e787bc4cb99,0.6.0,0,1,G1_technique,G1_technique,m3star_graph_transition_xgboost_v0.1,0
C12-witfoo-precinct6-f10c7270,random,0.2,53,project05_m3star_h1_dual,1,0.0,0,,0.0,0.0,0,0,0,m3star_graph_action_value_xgboost_v0.3,m3star_graph_action_reachability_xgboost_v0.1,m3star_graph_action_value_xgboost_v0.3,8.0,0,1,1,0,development,0,2,0.0,G1_technique,0.5,0,0,G1_technique,1,0,1,1,1,1,,8,1,0.0,,0.0,0,project05-m3star-runtime-contract-v0.6,16b8a68b34cb0608aa5c2dfe82f7b3423811b09f1a0d0f0d255c2e787bc4cb99,0.6.0,0,1,G1_technique,G1_technique,m3star_graph_transition_xgboost_v0.1,0
C12-witfoo-precinct6-f10c7270,random,0.2,53,project05_xgboost_policy,1,0.0,0,,0.0,0.0,0,0,0,,,,8.0,0,1,1,,development,0,2,0.0,G1_technique,0.5,,0,G1_technique,1,0,,,,,,,,0.0,,0.0,0,,,,0,,G1_technique,G1_technique,,0
C12-witfoo-precinct6-f10c7270,random,0.2,53,project05_m3b_policy,1,0.0,0,,0.0,0.0,0,0,0,,,,8.0,0,1,1,,development,0,2,0.0,G1_technique,0.5,,0,G1_technique,1,0,,,,,,,,0.0,,0.0,0,,,,0,,G1_technique,G1_technique,,0
C12-witfoo-precinct6-f10c7270,random,0.2,53,project05_m2,1,0.0,0,,0.0,0.0,0,0,0,,,,8.0,0,1,1,,development,0,2,0.0,G1_technique,0.5,,0,G1_technique,1,0,,,,,,,,0.0,,0.0,0,,,,0,,G1_technique,G1_technique,,0
C12-witfoo-precinct6-f10c7270,random,0.2,53,oracle_optimal,1,0.0,0,,0.0,0.0,0,0,0,,,,8.0,0,1,1,,development,0,2,0.0,G1_technique,0.5,,0,G1_technique,1,0,,,,,,,,0.0,,0.0,0,,,,0,,G1_technique,G1_technique,,0
C12-witfoo-precinct6-f10c7270,random,0.4,11,project05_m3star_h3_dual,1,0.0,0,,0.0,0.0,0,0,0,m3star_graph_action_value_xgboost_v0.3,m3star_graph_action_reachability_xgboost_v0.1,m3star_graph_action_value_xgboost_v0.3,8.0,0,1,1,0,development,0,3,0.0,G1_technique,0.25,0,0,G1_technique,2,0,1,3,1,1,,8,1,0.0,,0.0,0,project05-m3star-runtime-contract-v0.6,16b8a68b34cb0608aa5c2dfe82f7b3423811b09f1a0d0f0d255c2e787bc4cb99,0.6.0,0,1,G1_technique,G1_technique,m3star_graph_transition_xgboost_v0.1,0
C12-witfoo-precinct6-f10c7270,random,0.4,11,project05_m3star_h3_no_dominance_dual,1,0.0,0,,0.0,0.0,0,0,0,m3star_graph_action_value_xgboost_v0.3,m3star_graph_action_reachability_xgboost_v0.1,m3star_graph_action_value_xgboost_v0.3,8.0,0,1,1,0,development,0,3,0.0,G1_technique,0.25,0,0,G1_technique,2,0,1,3,0,1,,8,1,0.0,,0.0,0,project05-m3star-runtime-contract-v0.6,16b8a68b34cb0608aa5c2dfe82f7b3423811b09f1a0d0f0d255c2e787bc4cb99,0.6.0,0,0,G1_technique,G1_technique,m3star_graph_transition_xgboost_v0.1,0
C12-witfoo-precinct6-f10c7270,random,0.4,11,project05_m3star_h3_unshielded_dual,1,0.0,0,,0.0,0.0,0,0,0,m3star_graph_action_value_xgboost_v0.3,m3star_graph_action_reachability_xgboost_v0.1,m3star_graph_action_value_xgboost_v0.3,8.0,0,1,1,0,development,0,3,0.0,G1_technique,0.25,0,0,G1_technique,2,0,0,3,1,1,,8,0,0.0,,0.0,0,project05-m3star-runtime-contract-v0.6,16b8a68b34cb0608aa5c2dfe82f7b3423811b09f1a0d0f0d255c2e787bc4cb99,0.6.0,0,1,G1_technique,G1_technique,m3star_graph_transition_xgboost_v0.1,0
C12-witfoo-precinct6-f10c7270,random,0.4,11,project05_m3star_h3_transition_only,1,0.0,0,,0.0,0.0,0,0,0,none,none,none,8.0,0,1,1,0,development,0,3,0.0,G1_technique,0.25,0,0,G1_technique,2,0,1,3,1,0,,8,1,0.0,,0.0,0,project05-m3star-runtime-contract-v0.6,16b8a68b34cb0608aa5c2dfe82f7b3423811b09f1a0d0f0d255c2e787bc4cb99,0.6.0,0,1,G1_technique,G1_technique,m3star_graph_transition_xgboost_v0.1,0
C12-witfoo-precinct6-f10c7270,random,0.4,11,project05_m3star_h1_dual,1,0.0,0,,0.0,0.0,0,0,0,m3star_graph_action_value_xgboost_v0.3,m3star_graph_action_reachability_xgboost_v0.1,m3star_graph_action_value_xgboost_v0.3,8.0,0,1,1,0,development,0,3,0.0,G1_technique,0.25,0,0,G1_technique,2,0,1,1,1,1,,8,1,0.0,,0.0,0,project05-m3star-runtime-contract-v0.6,16b8a68b34cb0608aa5c2dfe82f7b3423811b09f1a0d0f0d255c2e787bc4cb99,0.6.0,0,1,G1_technique,G1_technique,m3star_graph_transition_xgboost_v0.1,0
C12-witfoo-precinct6-f10c7270,random,0.4,11,project05_xgboost_policy,1,0.0,0,,0.0,0.0,0,0,0,,,,8.0,0,1,1,,development,0,3,0.0,G1_technique,0.25,,0,G1_technique,2,0,,,,,,,,0.0,,0.0,0,,,,0,,G1_technique,G1_technique,,0
C12-witfoo-precinct6-f10c7270,random,0.4,11,project05_m3b_policy,1,0.0,0,,0.0,0.0,0,0,0,,,,8.0,0,1,1,,development,0,3,0.0,G1_technique,0.25,,0,G1_technique,2,0,,,,,,,,0.0,,0.0,0,,,,0,,G1_technique,G1_technique,,0
C12-witfoo-precinct6-f10c7270,random,0.4,11,project05_m2,1,0.0,0,,0.0,0.0,0,0,0,,,,8.0,0,1,1,,development,0,3,0.0,G1_technique,0.25,,0,G1_technique,2,0,,,,,,,,0.0,,0.0,0,,,,0,,G1_technique,G1_technique,,0
C12-witfoo-precinct6-f10c7270,random,0.4,11,oracle_optimal,1,0.0,0,,0.0,0.0,0,0,0,,,,8.0,0,1,1,,development,0,3,0.0,G1_technique,0.25,,0,G1_technique,2,0,,,,,,,,0.0,,0.0,0,,,,0,,G1_technique,G1_technique,,0
C12-witfoo-precinct6-f10c7270,random,0.4,23,project05_m3star_h3_dual,1,1.0,1,C12-AA-001,1.0,0.0,1,0,0,m3star_graph_action_value_xgboost_v0.3,m3star_graph_action_reachability_xgboost_v0.1,m3star_graph_action_value_xgboost_v0.3,8.0,0,1,1,0,development,0,3,0.0,G1_technique,0.25,1,1,G0_unknown,2,0,1,3,1,1,,8,1,1.0,C12-AA-001,0.0,1,project05-m3star-runtime-contract-v0.6,16b8a68b34cb0608aa5c2dfe82f7b3423811b09f1a0d0f0d255c2e787bc4cb99,0.6.0,1,1,G1_technique,G1_technique,m3star_graph_transition_xgboost_v0.1,0
C12-witfoo-precinct6-f10c7270,random,0.4,23,project05_m3star_h3_no_dominance_dual,1,1.0,1,C12-AA-001,1.0,0.0,1,0,0,m3star_graph_action_value_xgboost_v0.3,m3star_graph_action_reachability_xgboost_v0.1,m3star_graph_action_value_xgboost_v0.3,8.0,0,1,1,0,development,0,3,0.0,G1_technique,0.25,1,1,G0_unknown,2,0,1,3,0,1,,8,1,1.0,C12-AA-001,0.0,1,project05-m3star-runtime-contract-v0.6,16b8a68b34cb0608aa5c2dfe82f7b3423811b09f1a0d0f0d255c2e787bc4cb99,0.6.0,1,0,G1_technique,G1_technique,m3star_graph_transition_xgboost_v0.1,0
C12-witfoo-precinct6-f10c7270,random,0.4,23,project05_m3star_h3_unshielded_dual,1,1.0,1,C12-AA-001,1.0,0.0,1,0,0,m3star_graph_action_value_xgboost_v0.3,m3star_graph_action_reachability_xgboost_v0.1,m3star_graph_action_value_xgboost_v0.3,8.0,0,1,1,0,development,0,3,0.0,G1_technique,0.25,1,1,G0_unknown,2,0,0,3,1,1,,8,0,1.0,C12-AA-001,0.0,1,project05-m3star-runtime-contract-v0.6,16b8a68b34cb0608aa5c2dfe82f7b3423811b09f1a0d0f0d255c2e787bc4cb99,0.6.0,1,1,G1_technique,G1_technique,m3star_graph_transition_xgboost_v0.1,0
C12-witfoo-precinct6-f10c7270,random,0.4,23,project05_m3star_h3_transition_only,1,1.0,1,C12-AA-001,1.0,0.0,1,0,0,none,none,none,8.0,0,1,1,0,development,0,3,0.0,G1_technique,0.25,0,1,G0_unknown,2,0,1,3,1,0,,8,1,1.0,C12-AA-001,0.0,1,project05-m3star-runtime-contract-v0.6,16b8a68b34cb0608aa5c2dfe82f7b3423811b09f1a0d0f0d255c2e787bc4cb99,0.6.0,1,1,G1_technique,G1_technique,m3star_graph_transition_xgboost_v0.1,0
C12-witfoo-precinct6-f10c7270,random,0.4,23,project05_m3star_h1_dual,1,1.0,1,C12-AA-001,1.0,0.0,1,0,0,m3star_graph_action_value_xgboost_v0.3,m3star_graph_action_reachability_xgboost_v0.1,m3star_graph_action_value_xgboost_v0.3,8.0,0,1,1,0,development,0,3,0.0,G1_technique,0.25,1,1,G0_unknown,2,0,1,1,1,1,,8,1,1.0,C12-AA-001,0.0,1,project05-m3star-runtime-contract-v0.6,16b8a68b34cb0608aa5c2dfe82f7b3423811b09f1a0d0f0d255c2e787bc4cb99,0.6.0,1,1,G1_technique,G1_technique,m3star_graph_transition_xgboost_v0.1,0
C12-witfoo-precinct6-f10c7270,random,0.4,23,project05_xgboost_policy,1,1.0,1,C12-AA-001,1.0,0.0,1,0,0,,,,8.0,0,1,1,,development,0,3,0.0,G1_technique,0.25,,1,G0_unknown,2,0,,,,,,,,1.0,C12-AA-001,0.0,1,,,,1,,G1_technique,G1_technique,,0
C12-witfoo-precinct6-f10c7270,random,0.4,23,project05_m3b_policy,1,1.0,1,C12-AA-001,1.0,0.0,1,0,0,,,,8.0,0,1,1,,development,0,3,0.0,G1_technique,0.25,,1,G0_unknown,2,0,,,,,,,,1.0,C12-AA-001,0.0,1,,,,1,,G1_technique,G1_technique,,0
C12-witfoo-precinct6-f10c7270,random,0.4,23,project05_m2,1,1.0,1,C12-AA-001,1.0,0.0,1,0,0,,,,8.0,0,1,1,,development,0,3,0.0,G1_technique,0.25,,1,G0_unknown,2,0,,,,,,,,1.0,C12-AA-001,0.0,1,,,,1,,G1_technique,G1_technique,,0
C12-witfoo-precinct6-f10c7270,random,0.4,23,oracle_optimal,1,1.0,1,C12-AA-001,1.0,0.0,1,0,0,,,,8.0,0,1,1,,development,0,3,0.0,G1_technique,0.25,,1,G0_unknown,2,0,,,,,,,,1.0,C12-AA-001,0.0,1,,,,1,,G1_technique,G1_technique,,0
C12-witfoo-precinct6-f10c7270,random,0.4,37,project05_m3star_h3_dual,1,0.0,0,,0.0,0.0,0,0,0,m3star_graph_action_value_xgboost_v0.3,m3star_graph_action_reachability_xgboost_v0.1,m3star_graph_action_value_xgboost_v0.3,8.0,0,1,1,0,development,0,3,0.0,G1_technique,0.25,0,0,G1_technique,2,0,1,3,1,1,,8,1,0.0,,0.0,0,project05-m3star-runtime-contract-v0.6,16b8a68b34cb0608aa5c2dfe82f7b3423811b09f1a0d0f0d255c2e787bc4cb99,0.6.0,0,1,G1_technique,G1_technique,m3star_graph_transition_xgboost_v0.1,0
C12-witfoo-precinct6-f10c7270,random,0.4,37,project05_m3star_h3_no_dominance_dual,1,0.0,0,,0.0,0.0,0,0,0,m3star_graph_action_value_xgboost_v0.3,m3star_graph_action_reachability_xgboost_v0.1,m3star_graph_action_value_xgboost_v0.3,8.0,0,1,1,0,development,0,3,0.0,G1_technique,0.25,0,0,G1_technique,2,0,1,3,0,1,,8,1,0.0,,0.0,0,project05-m3star-runtime-contract-v0.6,16b8a68b34cb0608aa5c2dfe82f7b3423811b09f1a0d0f0d255c2e787bc4cb99,0.6.0,0,0,G1_technique,G1_technique,m3star_graph_transition_xgboost_v0.1,0
C12-witfoo-precinct6-f10c7270,random,0.4,37,project05_m3star_h3_unshielded_dual,1,0.0,0,,0.0,0.0,0,0,0,m3star_graph_action_value_xgboost_v0.3,m3star_graph_action_reachability_xgboost_v0.1,m3star_graph_action_value_xgboost_v0.3,8.0,0,1,1,0,development,0,3,0.0,G1_technique,0.25,0,0,G1_technique,2,0,0,3,1,1,,8,0,0.0,,0.0,0,project05-m3star-runtime-contract-v0.6,16b8a68b34cb0608aa5c2dfe82f7b3423811b09f1a0d0f0d255c2e787bc4cb99,0.6.0,0,1,G1_technique,G1_technique,m3star_graph_transition_xgboost_v0.1,0
C12-witfoo-precinct6-f10c7270,random,0.4,37,project05_m3star_h3_transition_only,1,0.0,0,,0.0,0.0,0,0,0,none,none,none,8.0,0,1,1,0,development,0,3,0.0,G1_technique,0.25,0,0,G1_technique,2,0,1,3,1,0,,8,1,0.0,,0.0,0,project05-m3star-runtime-contract-v0.6,16b8a68b34cb0608aa5c2dfe82f7b3423811b09f1a0d0f0d255c2e787bc4cb99,0.6.0,0,1,G1_technique,G1_technique,m3star_graph_transition_xgboost_v0.1,0
C12-witfoo-precinct6-f10c7270,random,0.4,37,project05_m3star_h1_dual,1,0.0,0,,0.0,0.0,0,0,0,m3star_graph_action_value_xgboost_v0.3,m3star_graph_action_reachability_xgboost_v0.1,m3star_graph_action_value_xgboost_v0.3,8.0,0,1,1,0,development,0,3,0.0,G1_technique,0.25,0,0,G1_technique,2,0,1,1,1,1,,8,1,0.0,,0.0,0,project05-m3star-runtime-contract-v0.6,16b8a68b34cb0608aa5c2dfe82f7b3423811b09f1a0d0f0d255c2e787bc4cb99,0.6.0,0,1,G1_technique,G1_technique,m3star_graph_transition_xgboost_v0.1,0
C12-witfoo-precinct6-f10c7270,random,0.4,37,project05_xgboost_policy,1,0.0,0,,0.0,0.0,0,0,0,,,,8.0,0,1,1,,development,0,3,0.0,G1_technique,0.25,,0,G1_technique,2,0,,,,,,,,0.0,,0.0,0,,,,0,,G1_technique,G1_technique,,0
C12-witfoo-precinct6-f10c7270,random,0.4,37,project05_m3b_policy,1,0.0,0,,0.0,0.0,0,0,0,,,,8.0,0,1,1,,development,0,3,0.0,G1_technique,0.25,,0,G1_technique,2,0,,,,,,,,0.0,,0.0,0,,,,0,,G1_technique,G1_technique,,0
C12-witfoo-precinct6-f10c7270,random,0.4,37,project05_m2,1,0.0,0,,0.0,0.0,0,0,0,,,,8.0,0,1,1,,development,0,3,0.0,G1_technique,0.25,,0,G1_technique,2,0,,,,,,,,0.0,,0.0,0,,,,0,,G1_technique,G1_technique,,0
C12-witfoo-precinct6-f10c7270,random,0.4,37,oracle_optimal,1,0.0,0,,0.0,0.0,0,0,0,,,,8.0,0,1,1,,development,0,3,0.0,G1_technique,0.25,,0,G1_technique,2,0,,,,,,,,0.0,,0.0,0,,,,0,,G1_technique,G1_technique,,0
C12-witfoo-precinct6-f10c7270,random,0.4,41,project05_m3star_h3_dual,1,0.0,0,,0.0,0.0,0,0,0,m3star_graph_action_value_xgboost_v0.3,m3star_graph_action_reachability_xgboost_v0.1,m3star_graph_action_value_xgboost_v0.3,8.0,0,1,1,0,development,0,3,0.0,G1_technique,0.25,0,0,G1_technique,2,0,1,3,1,1,,8,1,0.0,,0.0,0,project05-m3star-runtime-contract-v0.6,16b8a68b34cb0608aa5c2dfe82f7b3423811b09f1a0d0f0d255c2e787bc4cb99,0.6.0,0,1,G1_technique,G1_technique,m3star_graph_transition_xgboost_v0.1,0
C12-witfoo-precinct6-f10c7270,random,0.4,41,project05_m3star_h3_no_dominance_dual,1,0.0,0,,0.0,0.0,0,0,0,m3star_graph_action_value_xgboost_v0.3,m3star_graph_action_reachability_xgboost_v0.1,m3star_graph_action_value_xgboost_v0.3,8.0,0,1,1,0,development,0,3,0.0,G1_technique,0.25,0,0,G1_technique,2,0,1,3,0,1,,8,1,0.0,,0.0,0,project05-m3star-runtime-contract-v0.6,16b8a68b34cb0608aa5c2dfe82f7b3423811b09f1a0d0f0d255c2e787bc4cb99,0.6.0,0,0,G1_technique,G1_technique,m3star_graph_transition_xgboost_v0.1,0
C12-witfoo-precinct6-f10c7270,random,0.4,41,project05_m3star_h3_unshielded_dual,1,0.0,0,,0.0,0.0,0,0,0,m3star_graph_action_value_xgboost_v0.3,m3star_graph_action_reachability_xgboost_v0.1,m3star_graph_action_value_xgboost_v0.3,8.0,0,1,1,0,development,0,3,0.0,G1_technique,0.25,0,0,G1_technique,2,0,0,3,1,1,,8,0,0.0,,0.0,0,project05-m3star-runtime-contract-v0.6,16b8a68b34cb0608aa5c2dfe82f7b3423811b09f1a0d0f0d255c2e787bc4cb99,0.6.0,0,1,G1_technique,G1_technique,m3star_graph_transition_xgboost_v0.1,0
C12-witfoo-precinct6-f10c7270,random,0.4,41,project05_m3star_h3_transition_only,1,0.0,0,,0.0,0.0,0,0,0,none,none,none,8.0,0,1,1,0,development,0,3,0.0,G1_technique,0.25,0,0,G1_technique,2,0,1,3,1,0,,8,1,0.0,,0.0,0,project05-m3star-runtime-contract-v0.6,16b8a68b34cb0608aa5c2dfe82f7b3423811b09f1a0d0f0d255c2e787bc4cb99,0.6.0,0,1,G1_technique,G1_technique,m3star_graph_transition_xgboost_v0.1,0
C12-witfoo-precinct6-f10c7270,random,0.4,41,project05_m3star_h1_dual,1,0.0,0,,0.0,0.0,0,0,0,m3star_graph_action_value_xgboost_v0.3,m3star_graph_action_reachability_xgboost_v0.1,m3star_graph_action_value_xgboost_v0.3,8.0,0,1,1,0,development,0,3,0.0,G1_technique,0.25,0,0,G1_technique,2,0,1,1,1,1,,8,1,0.0,,0.0,0,project05-m3star-runtime-contract-v0.6,16b8a68b34cb0608aa5c2dfe82f7b3423811b09f1a0d0f0d255c2e787bc4cb99,0.6.0,0,1,G1_technique,G1_technique,m3star_graph_transition_xgboost_v0.1,0
C12-witfoo-precinct6-f10c7270,random,0.4,41,project05_xgboost_policy,1,0.0,0,,0.0,0.0,0,0,0,,,,8.0,0,1,1,,development,0,3,0.0,G1_technique,0.25,,0,G1_technique,2,0,,,,,,,,0.0,,0.0,0,,,,0,,G1_technique,G1_technique,,0
C12-witfoo-precinct6-f10c7270,random,0.4,41,project05_m3b_policy,1,0.0,0,,0.0,0.0,0,0,0,,,,8.0,0,1,1,,development,0,3,0.0,G1_technique,0.25,,0,G1_technique,2,0,,,,,,,,0.0,,0.0,0,,,,0,,G1_technique,G1_technique,,0
C12-witfoo-precinct6-f10c7270,random,0.4,41,project05_m2,1,0.0,0,,0.0,0.0,0,0,0,,,,8.0,0,1,1,,development,0,3,0.0,G1_technique,0.25,,0,G1_technique,2,0,,,,,,,,0.0,,0.0,0,,,,0,,G1_technique,G1_technique,,0
C12-witfoo-precinct6-f10c7270,random,0.4,41,oracle_optimal,1,0.0,0,,0.0,0.0,0,0,0,,,,8.0,0,1,1,,development,0,3,0.0,G1_technique,0.25,,0,G1_technique,2,0,,,,,,,,0.0,,0.0,0,,,,0,,G1_technique,G1_technique,,0
C12-witfoo-precinct6-f10c7270,random,0.4,53,project05_m3star_h3_dual,1,0.0,0,,0.0,0.0,0,0,0,m3star_graph_action_value_xgboost_v0.3,m3star_graph_action_reachability_xgboost_v0.1,m3star_graph_action_value_xgboost_v0.3,8.0,0,1,1,0,development,0,3,0.0,G1_technique,0.25,0,0,G1_technique,2,0,1,3,1,1,,8,1,0.0,,0.0,0,project05-m3star-runtime-contract-v0.6,16b8a68b34cb0608aa5c2dfe82f7b3423811b09f1a0d0f0d255c2e787bc4cb99,0.6.0,0,1,G1_technique,G1_technique,m3star_graph_transition_xgboost_v0.1,0
C12-witfoo-precinct6-f10c7270,random,0.4,53,project05_m3star_h3_no_dominance_dual,1,0.0,0,,0.0,0.0,0,0,0,m3star_graph_action_value_xgboost_v0.3,m3star_graph_action_reachability_xgboost_v0.1,m3star_graph_action_value_xgboost_v0.3,8.0,0,1,1,0,development,0,3,0.0,G1_technique,0.25,0,0,G1_technique,2,0,1,3,0,1,,8,1,0.0,,0.0,0,project05-m3star-runtime-contract-v0.6,16b8a68b34cb0608aa5c2dfe82f7b3423811b09f1a0d0f0d255c2e787bc4cb99,0.6.0,0,0,G1_technique,G1_technique,m3star_graph_transition_xgboost_v0.1,0
C12-witfoo-precinct6-f10c7270,random,0.4,53,project05_m3star_h3_unshielded_dual,1,0.0,0,,0.0,0.0,0,0,0,m3star_graph_action_value_xgboost_v0.3,m3star_graph_action_reachability_xgboost_v0.1,m3star_graph_action_value_xgboost_v0.3,8.0,0,1,1,0,development,0,3,0.0,G1_technique,0.25,0,0,G1_technique,2,0,0,3,1,1,,8,0,0.0,,0.0,0,project05-m3star-runtime-contract-v0.6,16b8a68b34cb0608aa5c2dfe82f7b3423811b09f1a0d0f0d255c2e787bc4cb99,0.6.0,0,1,G1_technique,G1_technique,m3star_graph_transition_xgboost_v0.1,0
C12-witfoo-precinct6-f10c7270,random,0.4,53,project05_m3star_h3_transition_only,1,0.0,0,,0.0,0.0,0,0,0,none,none,none,8.0,0,1,1,0,development,0,3,0.0,G1_technique,0.25,0,0,G1_technique,2,0,1,3,1,0,,8,1,0.0,,0.0,0,project05-m3star-runtime-contract-v0.6,16b8a68b34cb0608aa5c2dfe82f7b3423811b09f1a0d0f0d255c2e787bc4cb99,0.6.0,0,1,G1_technique,G1_technique,m3star_graph_transition_xgboost_v0.1,0
C12-witfoo-precinct6-f10c7270,random,0.4,53,project05_m3star_h1_dual,1,0.0,0,,0.0,0.0,0,0,0,m3star_graph_action_value_xgboost_v0.3,m3star_graph_action_reachability_xgboost_v0.1,m3star_graph_action_value_xgboost_v0.3,8.0,0,1,1,0,development,0,3,0.0,G1_technique,0.25,0,0,G1_technique,2,0,1,1,1,1,,8,1,0.0,,0.0,0,project05-m3star-runtime-contract-v0.6,16b8a68b34cb0608aa5c2dfe82f7b3423811b09f1a0d0f0d255c2e787bc4cb99,0.6.0,0,1,G1_technique,G1_technique,m3star_graph_transition_xgboost_v0.1,0
C12-witfoo-precinct6-f10c7270,random,0.4,53,project05_xgboost_policy,1,0.0,0,,0.0,0.0,0,0,0,,,,8.0,0,1,1,,development,0,3,0.0,G1_technique,0.25,,0,G1_technique,2,0,,,,,,,,0.0,,0.0,0,,,,0,,G1_technique,G1_technique,,0
C12-witfoo-precinct6-f10c7270,random,0.4,53,project05_m3b_policy,1,0.0,0,,0.0,0.0,0,0,0,,,,8.0,0,1,1,,development,0,3,0.0,G1_technique,0.25,,0,G1_technique,2,0,,,,,,,,0.0,,0.0,0,,,,0,,G1_technique,G1_technique,,0
C12-witfoo-precinct6-f10c7270,random,0.4,53,project05_m2,1,0.0,0,,0.0,0.0,0,0,0,,,,8.0,0,1,1,,development,0,3,0.0,G1_technique,0.25,,0,G1_technique,2,0,,,,,,,,0.0,,0.0,0,,,,0,,G1_technique,G1_technique,,0
C12-witfoo-precinct6-f10c7270,random,0.4,53,oracle_optimal,1,0.0,0,,0.0,0.0,0,0,0,,,,8.0,0,1,1,,development,0,3,0.0,G1_technique,0.25,,0,G1_technique,2,0,,,,,,,,0.0,,0.0,0,,,,0,,G1_technique,G1_technique,,0
C12-witfoo-precinct6-f10c7270,random,0.6,11,project05_m3star_h3_dual,1,2.0,2,C12-AA-001|C12-AA-002,2.0,1.0,0,0,0,m3star_graph_action_value_xgboost_v0.3,m3star_graph_action_reachability_xgboost_v0.1,m3star_graph_action_value_xgboost_v0.3,8.0,0,1,1,0,development,0,3,0.0,G1_technique,0.25,1,1,G0_unknown,3,0,1,3,1,1,,8,1,1.0,C12-AA-002,0.1818,1,project05-m3star-runtime-contract-v0.6,16b8a68b34cb0608aa5c2dfe82f7b3423811b09f1a0d0f0d255c2e787bc4cb99,0.6.0,2,1,G1_technique,G1_technique,m3star_graph_transition_xgboost_v0.1,1
C12-witfoo-precinct6-f10c7270,random,0.6,11,project05_m3star_h3_no_dominance_dual,1,2.0,2,C12-AA-001|C12-AA-002,2.0,1.0,0,0,0,m3star_graph_action_value_xgboost_v0.3,m3star_graph_action_reachability_xgboost_v0.1,m3star_graph_action_value_xgboost_v0.3,8.0,0,1,1,0,development,0,3,0.0,G1_technique,0.25,1,1,G0_unknown,3,0,1,3,0,1,,8,1,1.0,C12-AA-002,0.1818,1,project05-m3star-runtime-contract-v0.6,16b8a68b34cb0608aa5c2dfe82f7b3423811b09f1a0d0f0d255c2e787bc4cb99,0.6.0,2,0,G1_technique,G1_technique,m3star_graph_transition_xgboost_v0.1,1
C12-witfoo-precinct6-f10c7270,random,0.6,11,project05_m3star_h3_unshielded_dual,1,2.0,2,C12-AA-001|C12-AA-002,2.0,1.0,0,0,0,m3star_graph_action_value_xgboost_v0.3,m3star_graph_action_reachability_xgboost_v0.1,m3star_graph_action_value_xgboost_v0.3,8.0,0,1,1,0,development,0,3,0.0,G1_technique,0.25,1,1,G0_unknown,3,0,0,3,1,1,,8,0,1.0,C12-AA-002,0.1818,1,project05-m3star-runtime-contract-v0.6,16b8a68b34cb0608aa5c2dfe82f7b3423811b09f1a0d0f0d255c2e787bc4cb99,0.6.0,2,1,G1_technique,G1_technique,m3star_graph_transition_xgboost_v0.1,1
C12-witfoo-precinct6-f10c7270,random,0.6,11,project05_m3star_h3_transition_only,1,2.0,2,C12-AA-001|C12-AA-002,2.0,1.0,0,0,0,none,none,none,8.0,0,1,1,0,development,0,3,0.0,G1_technique,0.25,0,1,G0_unknown,3,0,1,3,1,0,,8,1,1.0,C12-AA-002,0.1818,1,project05-m3star-runtime-contract-v0.6,16b8a68b34cb0608aa5c2dfe82f7b3423811b09f1a0d0f0d255c2e787bc4cb99,0.6.0,2,1,G1_technique,G1_technique,m3star_graph_transition_xgboost_v0.1,1
C12-witfoo-precinct6-f10c7270,random,0.6,11,project05_m3star_h1_dual,1,2.0,2,C12-AA-001|C12-AA-002,2.0,1.0,0,0,0,m3star_graph_action_value_xgboost_v0.3,m3star_graph_action_reachability_xgboost_v0.1,m3star_graph_action_value_xgboost_v0.3,8.0,0,1,1,0,development,0,3,0.0,G1_technique,0.25,1,1,G0_unknown,3,0,1,1,1,1,,8,1,1.0,C12-AA-002,0.1818,1,project05-m3star-runtime-contract-v0.6,16b8a68b34cb0608aa5c2dfe82f7b3423811b09f1a0d0f0d255c2e787bc4cb99,0.6.0,2,1,G1_technique,G1_technique,m3star_graph_transition_xgboost_v0.1,1
C12-witfoo-precinct6-f10c7270,random,0.6,11,project05_xgboost_policy,1,3.0,2,C12-AA-001|C12-AA-003,3.0,2.0,0,0,0,,,,8.0,0,1,1,,development,0,3,0.0,G1_technique,0.25,,1,G0_unknown,3,0,,,,,,,,1.0,C12-AA-002,0.3333,1,,,,2,,G1_technique,G1_technique,,1
C12-witfoo-precinct6-f10c7270,random,0.6,11,project05_m3b_policy,1,2.0,2,C12-AA-001|C12-AA-002,2.0,1.0,0,0,0,,,,8.0,0,1,1,,development,0,3,0.0,G1_technique,0.25,,1,G0_unknown,3,0,,,,,,,,1.0,C12-AA-002,0.1818,1,,,,2,,G1_technique,G1_technique,,1
C12-witfoo-precinct6-f10c7270,random,0.6,11,project05_m2,1,2.0,1,C12-AA-003,2.0,1.0,0,0,0,,,,8.0,0,1,1,,development,0,3,0.0,G1_technique,0.25,,1,G0_unknown,3,0,,,,,,,,1.0,C12-AA-002,0.0,1,,,,1,,G1_technique,G1_technique,,0
C12-witfoo-precinct6-f10c7270,random,0.6,11,oracle_optimal,1,1.0,1,C12-AA-002,1.0,0.0,1,0,0,,,,8.0,0,1,1,,development,0,3,0.0,G1_technique,0.25,,1,G0_unknown,3,0,,,,,,,,1.0,C12-AA-002,0.0,1,,,,1,,G1_technique,G1_technique,,0
C12-witfoo-precinct6-f10c7270,random,0.6,23,project05_m3star_h3_dual,1,1.0,1,C12-AA-001,1.0,0.0,1,0,0,m3star_graph_action_value_xgboost_v0.3,m3star_graph_action_reachability_xgboost_v0.1,m3star_graph_action_value_xgboost_v0.3,8.0,0,1,1,0,development,0,3,0.0,G1_technique,0.25,1,1,G0_unknown,3,0,1,3,1,1,,8,1,1.0,C12-AA-001,0.0,1,project05-m3star-runtime-contract-v0.6,16b8a68b34cb0608aa5c2dfe82f7b3423811b09f1a0d0f0d255c2e787bc4cb99,0.6.0,1,1,G1_technique,G1_technique,m3star_graph_transition_xgboost_v0.1,0
C12-witfoo-precinct6-f10c7270,random,0.6,23,project05_m3star_h3_no_dominance_dual,1,1.0,1,C12-AA-001,1.0,0.0,1,0,0,m3star_graph_action_value_xgboost_v0.3,m3star_graph_action_reachability_xgboost_v0.1,m3star_graph_action_value_xgboost_v0.3,8.0,0,1,1,0,development,0,3,0.0,G1_technique,0.25,1,1,G0_unknown,3,0,1,3,0,1,,8,1,1.0,C12-AA-001,0.0,1,project05-m3star-runtime-contract-v0.6,16b8a68b34cb0608aa5c2dfe82f7b3423811b09f1a0d0f0d255c2e787bc4cb99,0.6.0,1,0,G1_technique,G1_technique,m3star_graph_transition_xgboost_v0.1,0
C12-witfoo-precinct6-f10c7270,random,0.6,23,project05_m3star_h3_unshielded_dual,1,1.0,1,C12-AA-001,1.0,0.0,1,0,0,m3star_graph_action_value_xgboost_v0.3,m3star_graph_action_reachability_xgboost_v0.1,m3star_graph_action_value_xgboost_v0.3,8.0,0,1,1,0,development,0,3,0.0,G1_technique,0.25,1,1,G0_unknown,3,0,0,3,1,1,,8,0,1.0,C12-AA-001,0.0,1,project05-m3star-runtime-contract-v0.6,16b8a68b34cb0608aa5c2dfe82f7b3423811b09f1a0d0f0d255c2e787bc4cb99,0.6.0,1,1,G1_technique,G1_technique,m3star_graph_transition_xgboost_v0.1,0
C12-witfoo-precinct6-f10c7270,random,0.6,23,project05_m3star_h3_transition_only,1,1.0,1,C12-AA-001,1.0,0.0,1,0,0,none,none,none,8.0,0,1,1,0,development,0,3,0.0,G1_technique,0.25,0,1,G0_unknown,3,0,1,3,1,0,,8,1,1.0,C12-AA-001,0.0,1,project05-m3star-runtime-contract-v0.6,16b8a68b34cb0608aa5c2dfe82f7b3423811b09f1a0d0f0d255c2e787bc4cb99,0.6.0,1,1,G1_technique,G1_technique,m3star_graph_transition_xgboost_v0.1,0
C12-witfoo-precinct6-f10c7270,random,0.6,23,project05_m3star_h1_dual,1,1.0,1,C12-AA-001,1.0,0.0,1,0,0,m3star_graph_action_value_xgboost_v0.3,m3star_graph_action_reachability_xgboost_v0.1,m3star_graph_action_value_xgboost_v0.3,8.0,0,1,1,0,development,0,3,0.0,G1_technique,0.25,1,1,G0_unknown,3,0,1,1,1,1,,8,1,1.0,C12-AA-001,0.0,1,project05-m3star-runtime-contract-v0.6,16b8a68b34cb0608aa5c2dfe82f7b3423811b09f1a0d0f0d255c2e787bc4cb99,0.6.0,1,1,G1_technique,G1_technique,m3star_graph_transition_xgboost_v0.1,0
C12-witfoo-precinct6-f10c7270,random,0.6,23,project05_xgboost_policy,1,1.0,1,C12-AA-001,1.0,0.0,1,0,0,,,,8.0,0,1,1,,development,0,3,0.0,G1_technique,0.25,,1,G0_unknown,3,0,,,,,,,,1.0,C12-AA-001,0.0,1,,,,1,,G1_technique,G1_technique,,0
C12-witfoo-precinct6-f10c7270,random,0.6,23,project05_m3b_policy,1,1.0,1,C12-AA-001,1.0,0.0,1,0,0,,,,8.0,0,1,1,,development,0,3,0.0,G1_technique,0.25,,1,G0_unknown,3,0,,,,,,,,1.0,C12-AA-001,0.0,1,,,,1,,G1_technique,G1_technique,,0
C12-witfoo-precinct6-f10c7270,random,0.6,23,project05_m2,1,1.0,1,C12-AA-001,1.0,0.0,1,0,0,,,,8.0,0,1,1,,development,0,3,0.0,G1_technique,0.25,,1,G0_unknown,3,0,,,,,,,,1.0,C12-AA-001,0.0,1,,,,1,,G1_technique,G1_technique,,0
C12-witfoo-precinct6-f10c7270,random,0.6,23,oracle_optimal,1,1.0,1,C12-AA-001,1.0,0.0,1,0,0,,,,8.0,0,1,1,,development,0,3,0.0,G1_technique,0.25,,1,G0_unknown,3,0,,,,,,,,1.0,C12-AA-001,0.0,1,,,,1,,G1_technique,G1_technique,,0
C12-witfoo-precinct6-f10c7270,random,0.6,37,project05_m3star_h3_dual,1,1.0,1,C12-AA-001,1.0,0.0,1,0,0,m3star_graph_action_value_xgboost_v0.3,m3star_graph_action_reachability_xgboost_v0.1,m3star_graph_action_value_xgboost_v0.3,8.0,0,1,1,0,development,0,3,0.0,G1_technique,0.25,1,1,G0_unknown,3,0,1,3,1,1,,8,1,1.0,C12-AA-001,0.0,1,project05-m3star-runtime-contract-v0.6,16b8a68b34cb0608aa5c2dfe82f7b3423811b09f1a0d0f0d255c2e787bc4cb99,0.6.0,1,1,G1_technique,G1_technique,m3star_graph_transition_xgboost_v0.1,0
C12-witfoo-precinct6-f10c7270,random,0.6,37,project05_m3star_h3_no_dominance_dual,1,1.0,1,C12-AA-001,1.0,0.0,1,0,0,m3star_graph_action_value_xgboost_v0.3,m3star_graph_action_reachability_xgboost_v0.1,m3star_graph_action_value_xgboost_v0.3,8.0,0,1,1,0,development,0,3,0.0,G1_technique,0.25,1,1,G0_unknown,3,0,1,3,0,1,,8,1,1.0,C12-AA-001,0.0,1,project05-m3star-runtime-contract-v0.6,16b8a68b34cb0608aa5c2dfe82f7b3423811b09f1a0d0f0d255c2e787bc4cb99,0.6.0,1,0,G1_technique,G1_technique,m3star_graph_transition_xgboost_v0.1,0
C12-witfoo-precinct6-f10c7270,random,0.6,37,project05_m3star_h3_unshielded_dual,1,1.0,1,C12-AA-001,1.0,0.0,1,0,0,m3star_graph_action_value_xgboost_v0.3,m3star_graph_action_reachability_xgboost_v0.1,m3star_graph_action_value_xgboost_v0.3,8.0,0,1,1,0,development,0,3,0.0,G1_technique,0.25,1,1,G0_unknown,3,0,0,3,1,1,,8,0,1.0,C12-AA-001,0.0,1,project05-m3star-runtime-contract-v0.6,16b8a68b34cb0608aa5c2dfe82f7b3423811b09f1a0d0f0d255c2e787bc4cb99,0.6.0,1,1,G1_technique,G1_technique,m3star_graph_transition_xgboost_v0.1,0
C12-witfoo-precinct6-f10c7270,random,0.6,37,project05_m3star_h3_transition_only,1,1.0,1,C12-AA-001,1.0,0.0,1,0,0,none,none,none,8.0,0,1,1,0,development,0,3,0.0,G1_technique,0.25,0,1,G0_unknown,3,0,1,3,1,0,,8,1,1.0,C12-AA-001,0.0,1,project05-m3star-runtime-contract-v0.6,16b8a68b34cb0608aa5c2dfe82f7b3423811b09f1a0d0f0d255c2e787bc4cb99,0.6.0,1,1,G1_technique,G1_technique,m3star_graph_transition_xgboost_v0.1,0
C12-witfoo-precinct6-f10c7270,random,0.6,37,project05_m3star_h1_dual,1,1.0,1,C12-AA-001,1.0,0.0,1,0,0,m3star_graph_action_value_xgboost_v0.3,m3star_graph_action_reachability_xgboost_v0.1,m3star_graph_action_value_xgboost_v0.3,8.0,0,1,1,0,development,0,3,0.0,G1_technique,0.25,1,1,G0_unknown,3,0,1,1,1,1,,8,1,1.0,C12-AA-001,0.0,1,project05-m3star-runtime-contract-v0.6,16b8a68b34cb0608aa5c2dfe82f7b3423811b09f1a0d0f0d255c2e787bc4cb99,0.6.0,1,1,G1_technique,G1_technique,m3star_graph_transition_xgboost_v0.1,0
C12-witfoo-precinct6-f10c7270,random,0.6,37,project05_xgboost_policy,1,1.0,1,C12-AA-001,1.0,0.0,1,0,0,,,,8.0,0,1,1,,development,0,3,0.0,G1_technique,0.25,,1,G0_unknown,3,0,,,,,,,,1.0,C12-AA-001,0.0,1,,,,1,,G1_technique,G1_technique,,0
C12-witfoo-precinct6-f10c7270,random,0.6,37,project05_m3b_policy,1,1.0,1,C12-AA-001,1.0,0.0,1,0,0,,,,8.0,0,1,1,,development,0,3,0.0,G1_technique,0.25,,1,G0_unknown,3,0,,,,,,,,1.0,C12-AA-001,0.0,1,,,,1,,G1_technique,G1_technique,,0
C12-witfoo-precinct6-f10c7270,random,0.6,37,project05_m2,1,1.0,1,C12-AA-001,1.0,0.0,1,0,0,,,,8.0,0,1,1,,development,0,3,0.0,G1_technique,0.25,,1,G0_unknown,3,0,,,,,,,,1.0,C12-AA-001,0.0,1,,,,1,,G1_technique,G1_technique,,0
C12-witfoo-precinct6-f10c7270,random,0.6,37,oracle_optimal,1,1.0,1,C12-AA-001,1.0,0.0,1,0,0,,,,8.0,0,1,1,,development,0,3,0.0,G1_technique,0.25,,1,G0_unknown,3,0,,,,,,,,1.0,C12-AA-001,0.0,1,,,,1,,G1_technique,G1_technique,,0
C12-witfoo-precinct6-f10c7270,random,0.6,41,project05_m3star_h3_dual,1,1.0,1,C12-AA-001,1.0,0.0,1,0,0,m3star_graph_action_value_xgboost_v0.3,m3star_graph_action_reachability_xgboost_v0.1,m3star_graph_action_value_xgboost_v0.3,8.0,0,1,1,0,development,0,3,0.0,G1_technique,0.25,1,1,G0_unknown,3,0,1,3,1,1,,8,1,1.0,C12-AA-001,0.0,1,project05-m3star-runtime-contract-v0.6,16b8a68b34cb0608aa5c2dfe82f7b3423811b09f1a0d0f0d255c2e787bc4cb99,0.6.0,1,1,G1_technique,G1_technique,m3star_graph_transition_xgboost_v0.1,0
C12-witfoo-precinct6-f10c7270,random,0.6,41,project05_m3star_h3_no_dominance_dual,1,1.0,1,C12-AA-001,1.0,0.0,1,0,0,m3star_graph_action_value_xgboost_v0.3,m3star_graph_action_reachability_xgboost_v0.1,m3star_graph_action_value_xgboost_v0.3,8.0,0,1,1,0,development,0,3,0.0,G1_technique,0.25,1,1,G0_unknown,3,0,1,3,0,1,,8,1,1.0,C12-AA-001,0.0,1,project05-m3star-runtime-contract-v0.6,16b8a68b34cb0608aa5c2dfe82f7b3423811b09f1a0d0f0d255c2e787bc4cb99,0.6.0,1,0,G1_technique,G1_technique,m3star_graph_transition_xgboost_v0.1,0
C12-witfoo-precinct6-f10c7270,random,0.6,41,project05_m3star_h3_unshielded_dual,1,1.0,1,C12-AA-001,1.0,0.0,1,0,0,m3star_graph_action_value_xgboost_v0.3,m3star_graph_action_reachability_xgboost_v0.1,m3star_graph_action_value_xgboost_v0.3,8.0,0,1,1,0,development,0,3,0.0,G1_technique,0.25,1,1,G0_unknown,3,0,0,3,1,1,,8,0,1.0,C12-AA-001,0.0,1,project05-m3star-runtime-contract-v0.6,16b8a68b34cb0608aa5c2dfe82f7b3423811b09f1a0d0f0d255c2e787bc4cb99,0.6.0,1,1,G1_technique,G1_technique,m3star_graph_transition_xgboost_v0.1,0
C12-witfoo-precinct6-f10c7270,random,0.6,41,project05_m3star_h3_transition_only,1,1.0,1,C12-AA-001,1.0,0.0,1,0,0,none,none,none,8.0,0,1,1,0,development,0,3,0.0,G1_technique,0.25,0,1,G0_unknown,3,0,1,3,1,0,,8,1,1.0,C12-AA-001,0.0,1,project05-m3star-runtime-contract-v0.6,16b8a68b34cb0608aa5c2dfe82f7b3423811b09f1a0d0f0d255c2e787bc4cb99,0.6.0,1,1,G1_technique,G1_technique,m3star_graph_transition_xgboost_v0.1,0
C12-witfoo-precinct6-f10c7270,random,0.6,41,project05_m3star_h1_dual,1,1.0,1,C12-AA-001,1.0,0.0,1,0,0,m3star_graph_action_value_xgboost_v0.3,m3star_graph_action_reachability_xgboost_v0.1,m3star_graph_action_value_xgboost_v0.3,8.0,0,1,1,0,development,0,3,0.0,G1_technique,0.25,1,1,G0_unknown,3,0,1,1,1,1,,8,1,1.0,C12-AA-001,0.0,1,project05-m3star-runtime-contract-v0.6,16b8a68b34cb0608aa5c2dfe82f7b3423811b09f1a0d0f0d255c2e787bc4cb99,0.6.0,1,1,G1_technique,G1_technique,m3star_graph_transition_xgboost_v0.1,0
C12-witfoo-precinct6-f10c7270,random,0.6,41,project05_xgboost_policy,1,1.0,1,C12-AA-001,1.0,0.0,1,0,0,,,,8.0,0,1,1,,development,0,3,0.0,G1_technique,0.25,,1,G0_unknown,3,0,,,,,,,,1.0,C12-AA-001,0.0,1,,,,1,,G1_technique,G1_technique,,0
C12-witfoo-precinct6-f10c7270,random,0.6,41,project05_m3b_policy,1,1.0,1,C12-AA-001,1.0,0.0,1,0,0,,,,8.0,0,1,1,,development,0,3,0.0,G1_technique,0.25,,1,G0_unknown,3,0,,,,,,,,1.0,C12-AA-001,0.0,1,,,,1,,G1_technique,G1_technique,,0
C12-witfoo-precinct6-f10c7270,random,0.6,41,project05_m2,1,1.0,1,C12-AA-001,1.0,0.0,1,0,0,,,,8.0,0,1,1,,development,0,3,0.0,G1_technique,0.25,,1,G0_unknown,3,0,,,,,,,,1.0,C12-AA-001,0.0,1,,,,1,,G1_technique,G1_technique,,0
C12-witfoo-precinct6-f10c7270,random,0.6,41,oracle_optimal,1,1.0,1,C12-AA-001,1.0,0.0,1,0,0,,,,8.0,0,1,1,,development,0,3,0.0,G1_technique,0.25,,1,G0_unknown,3,0,,,,,,,,1.0,C12-AA-001,0.0,1,,,,1,,G1_technique,G1_technique,,0
C12-witfoo-precinct6-f10c7270,random,0.6,53,project05_m3star_h3_dual,1,2.0,2,C12-AA-001|C12-AA-002,2.0,1.0,0,0,0,m3star_graph_action_value_xgboost_v0.3,m3star_graph_action_reachability_xgboost_v0.1,m3star_graph_action_value_xgboost_v0.3,8.0,0,1,1,0,development,0,3,0.0,G1_technique,0.25,1,1,G0_unknown,3,0,1,3,1,1,,8,1,1.0,C12-AA-002,0.1818,1,project05-m3star-runtime-contract-v0.6,16b8a68b34cb0608aa5c2dfe82f7b3423811b09f1a0d0f0d255c2e787bc4cb99,0.6.0,2,1,G1_technique,G1_technique,m3star_graph_transition_xgboost_v0.1,1
C12-witfoo-precinct6-f10c7270,random,0.6,53,project05_m3star_h3_no_dominance_dual,1,2.0,2,C12-AA-001|C12-AA-002,2.0,1.0,0,0,0,m3star_graph_action_value_xgboost_v0.3,m3star_graph_action_reachability_xgboost_v0.1,m3star_graph_action_value_xgboost_v0.3,8.0,0,1,1,0,development,0,3,0.0,G1_technique,0.25,1,1,G0_unknown,3,0,1,3,0,1,,8,1,1.0,C12-AA-002,0.1818,1,project05-m3star-runtime-contract-v0.6,16b8a68b34cb0608aa5c2dfe82f7b3423811b09f1a0d0f0d255c2e787bc4cb99,0.6.0,2,0,G1_technique,G1_technique,m3star_graph_transition_xgboost_v0.1,1
C12-witfoo-precinct6-f10c7270,random,0.6,53,project05_m3star_h3_unshielded_dual,1,2.0,2,C12-AA-001|C12-AA-002,2.0,1.0,0,0,0,m3star_graph_action_value_xgboost_v0.3,m3star_graph_action_reachability_xgboost_v0.1,m3star_graph_action_value_xgboost_v0.3,8.0,0,1,1,0,development,0,3,0.0,G1_technique,0.25,1,1,G0_unknown,3,0,0,3,1,1,,8,0,1.0,C12-AA-002,0.1818,1,project05-m3star-runtime-contract-v0.6,16b8a68b34cb0608aa5c2dfe82f7b3423811b09f1a0d0f0d255c2e787bc4cb99,0.6.0,2,1,G1_technique,G1_technique,m3star_graph_transition_xgboost_v0.1,1
C12-witfoo-precinct6-f10c7270,random,0.6,53,project05_m3star_h3_transition_only,1,2.0,2,C12-AA-001|C12-AA-002,2.0,1.0,0,0,0,none,none,none,8.0,0,1,1,0,development,0,3,0.0,G1_technique,0.25,0,1,G0_unknown,3,0,1,3,1,0,,8,1,1.0,C12-AA-002,0.1818,1,project05-m3star-runtime-contract-v0.6,16b8a68b34cb0608aa5c2dfe82f7b3423811b09f1a0d0f0d255c2e787bc4cb99,0.6.0,2,1,G1_technique,G1_technique,m3star_graph_transition_xgboost_v0.1,1
C12-witfoo-precinct6-f10c7270,random,0.6,53,project05_m3star_h1_dual,1,2.0,2,C12-AA-001|C12-AA-002,2.0,1.0,0,0,0,m3star_graph_action_value_xgboost_v0.3,m3star_graph_action_reachability_xgboost_v0.1,m3star_graph_action_value_xgboost_v0.3,8.0,0,1,1,0,development,0,3,0.0,G1_technique,0.25,1,1,G0_unknown,3,0,1,1,1,1,,8,1,1.0,C12-AA-002,0.1818,1,project05-m3star-runtime-contract-v0.6,16b8a68b34cb0608aa5c2dfe82f7b3423811b09f1a0d0f0d255c2e787bc4cb99,0.6.0,2,1,G1_technique,G1_technique,m3star_graph_transition_xgboost_v0.1,1
C12-witfoo-precinct6-f10c7270,random,0.6,53,project05_xgboost_policy,1,3.0,2,C12-AA-001|C12-AA-003,3.0,2.0,0,0,0,,,,8.0,0,1,1,,development,0,3,0.0,G1_technique,0.25,,1,G0_unknown,3,0,,,,,,,,1.0,C12-AA-002,0.3333,1,,,,2,,G1_technique,G1_technique,,1
C12-witfoo-precinct6-f10c7270,random,0.6,53,project05_m3b_policy,1,2.0,2,C12-AA-001|C12-AA-002,2.0,1.0,0,0,0,,,,8.0,0,1,1,,development,0,3,0.0,G1_technique,0.25,,1,G0_unknown,3,0,,,,,,,,1.0,C12-AA-002,0.1818,1,,,,2,,G1_technique,G1_technique,,1
C12-witfoo-precinct6-f10c7270,random,0.6,53,project05_m2,1,2.0,1,C12-AA-003,2.0,1.0,0,0,0,,,,8.0,0,1,1,,development,0,3,0.0,G1_technique,0.25,,1,G0_unknown,3,0,,,,,,,,1.0,C12-AA-002,0.0,1,,,,1,,G1_technique,G1_technique,,0
C12-witfoo-precinct6-f10c7270,random,0.6,53,oracle_optimal,1,1.0,1,C12-AA-002,1.0,0.0,1,0,0,,,,8.0,0,1,1,,development,0,3,0.0,G1_technique,0.25,,1,G0_unknown,3,0,,,,,,,,1.0,C12-AA-002,0.0,1,,,,1,,G1_technique,G1_technique,,0
C12-witfoo-precinct6-f10c7270,stage,0.2,11,project05_m3star_h3_dual,1,0.0,0,,0.0,0.0,0,0,0,m3star_graph_action_value_xgboost_v0.3,m3star_graph_action_reachability_xgboost_v0.1,m3star_graph_action_value_xgboost_v0.3,8.0,0,1,1,0,development,0,3,0.0,G1_technique,0.25,0,0,G1_technique,1,0,1,3,1,1,,8,1,0.0,,0.0,0,project05-m3star-runtime-contract-v0.6,16b8a68b34cb0608aa5c2dfe82f7b3423811b09f1a0d0f0d255c2e787bc4cb99,0.6.0,0,1,G1_technique,G1_technique,m3star_graph_transition_xgboost_v0.1,0
C12-witfoo-precinct6-f10c7270,stage,0.2,11,project05_m3star_h3_no_dominance_dual,1,0.0,0,,0.0,0.0,0,0,0,m3star_graph_action_value_xgboost_v0.3,m3star_graph_action_reachability_xgboost_v0.1,m3star_graph_action_value_xgboost_v0.3,8.0,0,1,1,0,development,0,3,0.0,G1_technique,0.25,0,0,G1_technique,1,0,1,3,0,1,,8,1,0.0,,0.0,0,project05-m3star-runtime-contract-v0.6,16b8a68b34cb0608aa5c2dfe82f7b3423811b09f1a0d0f0d255c2e787bc4cb99,0.6.0,0,0,G1_technique,G1_technique,m3star_graph_transition_xgboost_v0.1,0
C12-witfoo-precinct6-f10c7270,stage,0.2,11,project05_m3star_h3_unshielded_dual,1,0.0,0,,0.0,0.0,0,0,0,m3star_graph_action_value_xgboost_v0.3,m3star_graph_action_reachability_xgboost_v0.1,m3star_graph_action_value_xgboost_v0.3,8.0,0,1,1,0,development,0,3,0.0,G1_technique,0.25,0,0,G1_technique,1,0,0,3,1,1,,8,0,0.0,,0.0,0,project05-m3star-runtime-contract-v0.6,16b8a68b34cb0608aa5c2dfe82f7b3423811b09f1a0d0f0d255c2e787bc4cb99,0.6.0,0,1,G1_technique,G1_technique,m3star_graph_transition_xgboost_v0.1,0
C12-witfoo-precinct6-f10c7270,stage,0.2,11,project05_m3star_h3_transition_only,1,0.0,0,,0.0,0.0,0,0,0,none,none,none,8.0,0,1,1,0,development,0,3,0.0,G1_technique,0.25,0,0,G1_technique,1,0,1,3,1,0,,8,1,0.0,,0.0,0,project05-m3star-runtime-contract-v0.6,16b8a68b34cb0608aa5c2dfe82f7b3423811b09f1a0d0f0d255c2e787bc4cb99,0.6.0,0,1,G1_technique,G1_technique,m3star_graph_transition_xgboost_v0.1,0
C12-witfoo-precinct6-f10c7270,stage,0.2,11,project05_m3star_h1_dual,1,0.0,0,,0.0,0.0,0,0,0,m3star_graph_action_value_xgboost_v0.3,m3star_graph_action_reachability_xgboost_v0.1,m3star_graph_action_value_xgboost_v0.3,8.0,0,1,1,0,development,0,3,0.0,G1_technique,0.25,0,0,G1_technique,1,0,1,1,1,1,,8,1,0.0,,0.0,0,project05-m3star-runtime-contract-v0.6,16b8a68b34cb0608aa5c2dfe82f7b3423811b09f1a0d0f0d255c2e787bc4cb99,0.6.0,0,1,G1_technique,G1_technique,m3star_graph_transition_xgboost_v0.1,0
C12-witfoo-precinct6-f10c7270,stage,0.2,11,project05_xgboost_policy,1,0.0,0,,0.0,0.0,0,0,0,,,,8.0,0,1,1,,development,0,3,0.0,G1_technique,0.25,,0,G1_technique,1,0,,,,,,,,0.0,,0.0,0,,,,0,,G1_technique,G1_technique,,0
C12-witfoo-precinct6-f10c7270,stage,0.2,11,project05_m3b_policy,1,0.0,0,,0.0,0.0,0,0,0,,,,8.0,0,1,1,,development,0,3,0.0,G1_technique,0.25,,0,G1_technique,1,0,,,,,,,,0.0,,0.0,0,,,,0,,G1_technique,G1_technique,,0
C12-witfoo-precinct6-f10c7270,stage,0.2,11,project05_m2,1,0.0,0,,0.0,0.0,0,0,0,,,,8.0,0,1,1,,development,0,3,0.0,G1_technique,0.25,,0,G1_technique,1,0,,,,,,,,0.0,,0.0,0,,,,0,,G1_technique,G1_technique,,0
C12-witfoo-precinct6-f10c7270,stage,0.2,11,oracle_optimal,1,0.0,0,,0.0,0.0,0,0,0,,,,8.0,0,1,1,,development,0,3,0.0,G1_technique,0.25,,0,G1_technique,1,0,,,,,,,,0.0,,0.0,0,,,,0,,G1_technique,G1_technique,,0
C12-witfoo-precinct6-f10c7270,stage,0.2,23,project05_m3star_h3_dual,1,0.0,0,,0.0,0.0,0,0,0,m3star_graph_action_value_xgboost_v0.3,m3star_graph_action_reachability_xgboost_v0.1,m3star_graph_action_value_xgboost_v0.3,8.0,0,1,1,0,development,0,3,0.0,G1_technique,0.25,0,0,G1_technique,1,0,1,3,1,1,,8,1,0.0,,0.0,0,project05-m3star-runtime-contract-v0.6,16b8a68b34cb0608aa5c2dfe82f7b3423811b09f1a0d0f0d255c2e787bc4cb99,0.6.0,0,1,G1_technique,G1_technique,m3star_graph_transition_xgboost_v0.1,0
C12-witfoo-precinct6-f10c7270,stage,0.2,23,project05_m3star_h3_no_dominance_dual,1,0.0,0,,0.0,0.0,0,0,0,m3star_graph_action_value_xgboost_v0.3,m3star_graph_action_reachability_xgboost_v0.1,m3star_graph_action_value_xgboost_v0.3,8.0,0,1,1,0,development,0,3,0.0,G1_technique,0.25,0,0,G1_technique,1,0,1,3,0,1,,8,1,0.0,,0.0,0,project05-m3star-runtime-contract-v0.6,16b8a68b34cb0608aa5c2dfe82f7b3423811b09f1a0d0f0d255c2e787bc4cb99,0.6.0,0,0,G1_technique,G1_technique,m3star_graph_transition_xgboost_v0.1,0
C12-witfoo-precinct6-f10c7270,stage,0.2,23,project05_m3star_h3_unshielded_dual,1,0.0,0,,0.0,0.0,0,0,0,m3star_graph_action_value_xgboost_v0.3,m3star_graph_action_reachability_xgboost_v0.1,m3star_graph_action_value_xgboost_v0.3,8.0,0,1,1,0,development,0,3,0.0,G1_technique,0.25,0,0,G1_technique,1,0,0,3,1,1,,8,0,0.0,,0.0,0,project05-m3star-runtime-contract-v0.6,16b8a68b34cb0608aa5c2dfe82f7b3423811b09f1a0d0f0d255c2e787bc4cb99,0.6.0,0,1,G1_technique,G1_technique,m3star_graph_transition_xgboost_v0.1,0
C12-witfoo-precinct6-f10c7270,stage,0.2,23,project05_m3star_h3_transition_only,1,0.0,0,,0.0,0.0,0,0,0,none,none,none,8.0,0,1,1,0,development,0,3,0.0,G1_technique,0.25,0,0,G1_technique,1,0,1,3,1,0,,8,1,0.0,,0.0,0,project05-m3star-runtime-contract-v0.6,16b8a68b34cb0608aa5c2dfe82f7b3423811b09f1a0d0f0d255c2e787bc4cb99,0.6.0,0,1,G1_technique,G1_technique,m3star_graph_transition_xgboost_v0.1,0
C12-witfoo-precinct6-f10c7270,stage,0.2,23,project05_m3star_h1_dual,1,0.0,0,,0.0,0.0,0,0,0,m3star_graph_action_value_xgboost_v0.3,m3star_graph_action_reachability_xgboost_v0.1,m3star_graph_action_value_xgboost_v0.3,8.0,0,1,1,0,development,0,3,0.0,G1_technique,0.25,0,0,G1_technique,1,0,1,1,1,1,,8,1,0.0,,0.0,0,project05-m3star-runtime-contract-v0.6,16b8a68b34cb0608aa5c2dfe82f7b3423811b09f1a0d0f0d255c2e787bc4cb99,0.6.0,0,1,G1_technique,G1_technique,m3star_graph_transition_xgboost_v0.1,0
C12-witfoo-precinct6-f10c7270,stage,0.2,23,project05_xgboost_policy,1,0.0,0,,0.0,0.0,0,0,0,,,,8.0,0,1,1,,development,0,3,0.0,G1_technique,0.25,,0,G1_technique,1,0,,,,,,,,0.0,,0.0,0,,,,0,,G1_technique,G1_technique,,0
C12-witfoo-precinct6-f10c7270,stage,0.2,23,project05_m3b_policy,1,0.0,0,,0.0,0.0,0,0,0,,,,8.0,0,1,1,,development,0,3,0.0,G1_technique,0.25,,0,G1_technique,1,0,,,,,,,,0.0,,0.0,0,,,,0,,G1_technique,G1_technique,,0
C12-witfoo-precinct6-f10c7270,stage,0.2,23,project05_m2,1,0.0,0,,0.0,0.0,0,0,0,,,,8.0,0,1,1,,development,0,3,0.0,G1_technique,0.25,,0,G1_technique,1,0,,,,,,,,0.0,,0.0,0,,,,0,,G1_technique,G1_technique,,0
C12-witfoo-precinct6-f10c7270,stage,0.2,23,oracle_optimal,1,0.0,0,,0.0,0.0,0,0,0,,,,8.0,0,1,1,,development,0,3,0.0,G1_technique,0.25,,0,G1_technique,1,0,,,,,,,,0.0,,0.0,0,,,,0,,G1_technique,G1_technique,,0
C12-witfoo-precinct6-f10c7270,stage,0.2,37,project05_m3star_h3_dual,1,0.0,0,,0.0,0.0,0,0,0,m3star_graph_action_value_xgboost_v0.3,m3star_graph_action_reachability_xgboost_v0.1,m3star_graph_action_value_xgboost_v0.3,8.0,0,1,1,0,development,0,3,0.0,G1_technique,0.25,0,0,G1_technique,1,0,1,3,1,1,,8,1,0.0,,0.0,0,project05-m3star-runtime-contract-v0.6,16b8a68b34cb0608aa5c2dfe82f7b3423811b09f1a0d0f0d255c2e787bc4cb99,0.6.0,0,1,G1_technique,G1_technique,m3star_graph_transition_xgboost_v0.1,0
C12-witfoo-precinct6-f10c7270,stage,0.2,37,project05_m3star_h3_no_dominance_dual,1,0.0,0,,0.0,0.0,0,0,0,m3star_graph_action_value_xgboost_v0.3,m3star_graph_action_reachability_xgboost_v0.1,m3star_graph_action_value_xgboost_v0.3,8.0,0,1,1,0,development,0,3,0.0,G1_technique,0.25,0,0,G1_technique,1,0,1,3,0,1,,8,1,0.0,,0.0,0,project05-m3star-runtime-contract-v0.6,16b8a68b34cb0608aa5c2dfe82f7b3423811b09f1a0d0f0d255c2e787bc4cb99,0.6.0,0,0,G1_technique,G1_technique,m3star_graph_transition_xgboost_v0.1,0
C12-witfoo-precinct6-f10c7270,stage,0.2,37,project05_m3star_h3_unshielded_dual,1,0.0,0,,0.0,0.0,0,0,0,m3star_graph_action_value_xgboost_v0.3,m3star_graph_action_reachability_xgboost_v0.1,m3star_graph_action_value_xgboost_v0.3,8.0,0,1,1,0,development,0,3,0.0,G1_technique,0.25,0,0,G1_technique,1,0,0,3,1,1,,8,0,0.0,,0.0,0,project05-m3star-runtime-contract-v0.6,16b8a68b34cb0608aa5c2dfe82f7b3423811b09f1a0d0f0d255c2e787bc4cb99,0.6.0,0,1,G1_technique,G1_technique,m3star_graph_transition_xgboost_v0.1,0
C12-witfoo-precinct6-f10c7270,stage,0.2,37,project05_m3star_h3_transition_only,1,0.0,0,,0.0,0.0,0,0,0,none,none,none,8.0,0,1,1,0,development,0,3,0.0,G1_technique,0.25,0,0,G1_technique,1,0,1,3,1,0,,8,1,0.0,,0.0,0,project05-m3star-runtime-contract-v0.6,16b8a68b34cb0608aa5c2dfe82f7b3423811b09f1a0d0f0d255c2e787bc4cb99,0.6.0,0,1,G1_technique,G1_technique,m3star_graph_transition_xgboost_v0.1,0
C12-witfoo-precinct6-f10c7270,stage,0.2,37,project05_m3star_h1_dual,1,0.0,0,,0.0,0.0,0,0,0,m3star_graph_action_value_xgboost_v0.3,m3star_graph_action_reachability_xgboost_v0.1,m3star_graph_action_value_xgboost_v0.3,8.0,0,1,1,0,development,0,3,0.0,G1_technique,0.25,0,0,G1_technique,1,0,1,1,1,1,,8,1,0.0,,0.0,0,project05-m3star-runtime-contract-v0.6,16b8a68b34cb0608aa5c2dfe82f7b3423811b09f1a0d0f0d255c2e787bc4cb99,0.6.0,0,1,G1_technique,G1_technique,m3star_graph_transition_xgboost_v0.1,0
C12-witfoo-precinct6-f10c7270,stage,0.2,37,project05_xgboost_policy,1,0.0,0,,0.0,0.0,0,0,0,,,,8.0,0,1,1,,development,0,3,0.0,G1_technique,0.25,,0,G1_technique,1,0,,,,,,,,0.0,,0.0,0,,,,0,,G1_technique,G1_technique,,0
C12-witfoo-precinct6-f10c7270,stage,0.2,37,project05_m3b_policy,1,0.0,0,,0.0,0.0,0,0,0,,,,8.0,0,1,1,,development,0,3,0.0,G1_technique,0.25,,0,G1_technique,1,0,,,,,,,,0.0,,0.0,0,,,,0,,G1_technique,G1_technique,,0
C12-witfoo-precinct6-f10c7270,stage,0.2,37,project05_m2,1,0.0,0,,0.0,0.0,0,0,0,,,,8.0,0,1,1,,development,0,3,0.0,G1_technique,0.25,,0,G1_technique,1,0,,,,,,,,0.0,,0.0,0,,,,0,,G1_technique,G1_technique,,0
C12-witfoo-precinct6-f10c7270,stage,0.2,37,oracle_optimal,1,0.0,0,,0.0,0.0,0,0,0,,,,8.0,0,1,1,,development,0,3,0.0,G1_technique,0.25,,0,G1_technique,1,0,,,,,,,,0.0,,0.0,0,,,,0,,G1_technique,G1_technique,,0
C12-witfoo-precinct6-f10c7270,stage,0.2,41,project05_m3star_h3_dual,1,0.0,0,,0.0,0.0,0,0,0,m3star_graph_action_value_xgboost_v0.3,m3star_graph_action_reachability_xgboost_v0.1,m3star_graph_action_value_xgboost_v0.3,8.0,0,1,1,0,development,0,3,0.0,G1_technique,0.25,0,0,G1_technique,1,0,1,3,1,1,,8,1,0.0,,0.0,0,project05-m3star-runtime-contract-v0.6,16b8a68b34cb0608aa5c2dfe82f7b3423811b09f1a0d0f0d255c2e787bc4cb99,0.6.0,0,1,G1_technique,G1_technique,m3star_graph_transition_xgboost_v0.1,0
C12-witfoo-precinct6-f10c7270,stage,0.2,41,project05_m3star_h3_no_dominance_dual,1,0.0,0,,0.0,0.0,0,0,0,m3star_graph_action_value_xgboost_v0.3,m3star_graph_action_reachability_xgboost_v0.1,m3star_graph_action_value_xgboost_v0.3,8.0,0,1,1,0,development,0,3,0.0,G1_technique,0.25,0,0,G1_technique,1,0,1,3,0,1,,8,1,0.0,,0.0,0,project05-m3star-runtime-contract-v0.6,16b8a68b34cb0608aa5c2dfe82f7b3423811b09f1a0d0f0d255c2e787bc4cb99,0.6.0,0,0,G1_technique,G1_technique,m3star_graph_transition_xgboost_v0.1,0
C12-witfoo-precinct6-f10c7270,stage,0.2,41,project05_m3star_h3_unshielded_dual,1,0.0,0,,0.0,0.0,0,0,0,m3star_graph_action_value_xgboost_v0.3,m3star_graph_action_reachability_xgboost_v0.1,m3star_graph_action_value_xgboost_v0.3,8.0,0,1,1,0,development,0,3,0.0,G1_technique,0.25,0,0,G1_technique,1,0,0,3,1,1,,8,0,0.0,,0.0,0,project05-m3star-runtime-contract-v0.6,16b8a68b34cb0608aa5c2dfe82f7b3423811b09f1a0d0f0d255c2e787bc4cb99,0.6.0,0,1,G1_technique,G1_technique,m3star_graph_transition_xgboost_v0.1,0
C12-witfoo-precinct6-f10c7270,stage,0.2,41,project05_m3star_h3_transition_only,1,0.0,0,,0.0,0.0,0,0,0,none,none,none,8.0,0,1,1,0,development,0,3,0.0,G1_technique,0.25,0,0,G1_technique,1,0,1,3,1,0,,8,1,0.0,,0.0,0,project05-m3star-runtime-contract-v0.6,16b8a68b34cb0608aa5c2dfe82f7b3423811b09f1a0d0f0d255c2e787bc4cb99,0.6.0,0,1,G1_technique,G1_technique,m3star_graph_transition_xgboost_v0.1,0
C12-witfoo-precinct6-f10c7270,stage,0.2,41,project05_m3star_h1_dual,1,0.0,0,,0.0,0.0,0,0,0,m3star_graph_action_value_xgboost_v0.3,m3star_graph_action_reachability_xgboost_v0.1,m3star_graph_action_value_xgboost_v0.3,8.0,0,1,1,0,development,0,3,0.0,G1_technique,0.25,0,0,G1_technique,1,0,1,1,1,1,,8,1,0.0,,0.0,0,project05-m3star-runtime-contract-v0.6,16b8a68b34cb0608aa5c2dfe82f7b3423811b09f1a0d0f0d255c2e787bc4cb99,0.6.0,0,1,G1_technique,G1_technique,m3star_graph_transition_xgboost_v0.1,0
C12-witfoo-precinct6-f10c7270,stage,0.2,41,project05_xgboost_policy,1,0.0,0,,0.0,0.0,0,0,0,,,,8.0,0,1,1,,development,0,3,0.0,G1_technique,0.25,,0,G1_technique,1,0,,,,,,,,0.0,,0.0,0,,,,0,,G1_technique,G1_technique,,0
C12-witfoo-precinct6-f10c7270,stage,0.2,41,project05_m3b_policy,1,0.0,0,,0.0,0.0,0,0,0,,,,8.0,0,1,1,,development,0,3,0.0,G1_technique,0.25,,0,G1_technique,1,0,,,,,,,,0.0,,0.0,0,,,,0,,G1_technique,G1_technique,,0
C12-witfoo-precinct6-f10c7270,stage,0.2,41,project05_m2,1,0.0,0,,0.0,0.0,0,0,0,,,,8.0,0,1,1,,development,0,3,0.0,G1_technique,0.25,,0,G1_technique,1,0,,,,,,,,0.0,,0.0,0,,,,0,,G1_technique,G1_technique,,0
C12-witfoo-precinct6-f10c7270,stage,0.2,41,oracle_optimal,1,0.0,0,,0.0,0.0,0,0,0,,,,8.0,0,1,1,,development,0,3,0.0,G1_technique,0.25,,0,G1_technique,1,0,,,,,,,,0.0,,0.0,0,,,,0,,G1_technique,G1_technique,,0
C12-witfoo-precinct6-f10c7270,stage,0.2,53,project05_m3star_h3_dual,1,0.0,0,,0.0,0.0,0,0,0,m3star_graph_action_value_xgboost_v0.3,m3star_graph_action_reachability_xgboost_v0.1,m3star_graph_action_value_xgboost_v0.3,8.0,0,1,1,0,development,0,3,0.0,G1_technique,0.25,0,0,G1_technique,1,0,1,3,1,1,,8,1,0.0,,0.0,0,project05-m3star-runtime-contract-v0.6,16b8a68b34cb0608aa5c2dfe82f7b3423811b09f1a0d0f0d255c2e787bc4cb99,0.6.0,0,1,G1_technique,G1_technique,m3star_graph_transition_xgboost_v0.1,0
C12-witfoo-precinct6-f10c7270,stage,0.2,53,project05_m3star_h3_no_dominance_dual,1,0.0,0,,0.0,0.0,0,0,0,m3star_graph_action_value_xgboost_v0.3,m3star_graph_action_reachability_xgboost_v0.1,m3star_graph_action_value_xgboost_v0.3,8.0,0,1,1,0,development,0,3,0.0,G1_technique,0.25,0,0,G1_technique,1,0,1,3,0,1,,8,1,0.0,,0.0,0,project05-m3star-runtime-contract-v0.6,16b8a68b34cb0608aa5c2dfe82f7b3423811b09f1a0d0f0d255c2e787bc4cb99,0.6.0,0,0,G1_technique,G1_technique,m3star_graph_transition_xgboost_v0.1,0
C12-witfoo-precinct6-f10c7270,stage,0.2,53,project05_m3star_h3_unshielded_dual,1,0.0,0,,0.0,0.0,0,0,0,m3star_graph_action_value_xgboost_v0.3,m3star_graph_action_reachability_xgboost_v0.1,m3star_graph_action_value_xgboost_v0.3,8.0,0,1,1,0,development,0,3,0.0,G1_technique,0.25,0,0,G1_technique,1,0,0,3,1,1,,8,0,0.0,,0.0,0,project05-m3star-runtime-contract-v0.6,16b8a68b34cb0608aa5c2dfe82f7b3423811b09f1a0d0f0d255c2e787bc4cb99,0.6.0,0,1,G1_technique,G1_technique,m3star_graph_transition_xgboost_v0.1,0
C12-witfoo-precinct6-f10c7270,stage,0.2,53,project05_m3star_h3_transition_only,1,0.0,0,,0.0,0.0,0,0,0,none,none,none,8.0,0,1,1,0,development,0,3,0.0,G1_technique,0.25,0,0,G1_technique,1,0,1,3,1,0,,8,1,0.0,,0.0,0,project05-m3star-runtime-contract-v0.6,16b8a68b34cb0608aa5c2dfe82f7b3423811b09f1a0d0f0d255c2e787bc4cb99,0.6.0,0,1,G1_technique,G1_technique,m3star_graph_transition_xgboost_v0.1,0
C12-witfoo-precinct6-f10c7270,stage,0.2,53,project05_m3star_h1_dual,1,0.0,0,,0.0,0.0,0,0,0,m3star_graph_action_value_xgboost_v0.3,m3star_graph_action_reachability_xgboost_v0.1,m3star_graph_action_value_xgboost_v0.3,8.0,0,1,1,0,development,0,3,0.0,G1_technique,0.25,0,0,G1_technique,1,0,1,1,1,1,,8,1,0.0,,0.0,0,project05-m3star-runtime-contract-v0.6,16b8a68b34cb0608aa5c2dfe82f7b3423811b09f1a0d0f0d255c2e787bc4cb99,0.6.0,0,1,G1_technique,G1_technique,m3star_graph_transition_xgboost_v0.1,0
C12-witfoo-precinct6-f10c7270,stage,0.2,53,project05_xgboost_policy,1,0.0,0,,0.0,0.0,0,0,0,,,,8.0,0,1,1,,development,0,3,0.0,G1_technique,0.25,,0,G1_technique,1,0,,,,,,,,0.0,,0.0,0,,,,0,,G1_technique,G1_technique,,0
C12-witfoo-precinct6-f10c7270,stage,0.2,53,project05_m3b_policy,1,0.0,0,,0.0,0.0,0,0,0,,,,8.0,0,1,1,,development,0,3,0.0,G1_technique,0.25,,0,G1_technique,1,0,,,,,,,,0.0,,0.0,0,,,,0,,G1_technique,G1_technique,,0
C12-witfoo-precinct6-f10c7270,stage,0.2,53,project05_m2,1,0.0,0,,0.0,0.0,0,0,0,,,,8.0,0,1,1,,development,0,3,0.0,G1_technique,0.25,,0,G1_technique,1,0,,,,,,,,0.0,,0.0,0,,,,0,,G1_technique,G1_technique,,0
C12-witfoo-precinct6-f10c7270,stage,0.2,53,oracle_optimal,1,0.0,0,,0.0,0.0,0,0,0,,,,8.0,0,1,1,,development,0,3,0.0,G1_technique,0.25,,0,G1_technique,1,0,,,,,,,,0.0,,0.0,0,,,,0,,G1_technique,G1_technique,,0
C12-witfoo-precinct6-f10c7270,stage,0.4,11,project05_m3star_h3_dual,1,0.0,0,,0.0,0.0,0,0,0,m3star_graph_action_value_xgboost_v0.3,m3star_graph_action_reachability_xgboost_v0.1,m3star_graph_action_value_xgboost_v0.3,8.0,0,1,1,0,development,0,3,0.0,G1_technique,0.25,0,0,G1_technique,2,0,1,3,1,1,,8,1,0.0,,0.0,0,project05-m3star-runtime-contract-v0.6,16b8a68b34cb0608aa5c2dfe82f7b3423811b09f1a0d0f0d255c2e787bc4cb99,0.6.0,0,1,G1_technique,G1_technique,m3star_graph_transition_xgboost_v0.1,0
C12-witfoo-precinct6-f10c7270,stage,0.4,11,project05_m3star_h3_no_dominance_dual,1,0.0,0,,0.0,0.0,0,0,0,m3star_graph_action_value_xgboost_v0.3,m3star_graph_action_reachability_xgboost_v0.1,m3star_graph_action_value_xgboost_v0.3,8.0,0,1,1,0,development,0,3,0.0,G1_technique,0.25,0,0,G1_technique,2,0,1,3,0,1,,8,1,0.0,,0.0,0,project05-m3star-runtime-contract-v0.6,16b8a68b34cb0608aa5c2dfe82f7b3423811b09f1a0d0f0d255c2e787bc4cb99,0.6.0,0,0,G1_technique,G1_technique,m3star_graph_transition_xgboost_v0.1,0
C12-witfoo-precinct6-f10c7270,stage,0.4,11,project05_m3star_h3_unshielded_dual,1,0.0,0,,0.0,0.0,0,0,0,m3star_graph_action_value_xgboost_v0.3,m3star_graph_action_reachability_xgboost_v0.1,m3star_graph_action_value_xgboost_v0.3,8.0,0,1,1,0,development,0,3,0.0,G1_technique,0.25,0,0,G1_technique,2,0,0,3,1,1,,8,0,0.0,,0.0,0,project05-m3star-runtime-contract-v0.6,16b8a68b34cb0608aa5c2dfe82f7b3423811b09f1a0d0f0d255c2e787bc4cb99,0.6.0,0,1,G1_technique,G1_technique,m3star_graph_transition_xgboost_v0.1,0
C12-witfoo-precinct6-f10c7270,stage,0.4,11,project05_m3star_h3_transition_only,1,0.0,0,,0.0,0.0,0,0,0,none,none,none,8.0,0,1,1,0,development,0,3,0.0,G1_technique,0.25,0,0,G1_technique,2,0,1,3,1,0,,8,1,0.0,,0.0,0,project05-m3star-runtime-contract-v0.6,16b8a68b34cb0608aa5c2dfe82f7b3423811b09f1a0d0f0d255c2e787bc4cb99,0.6.0,0,1,G1_technique,G1_technique,m3star_graph_transition_xgboost_v0.1,0
C12-witfoo-precinct6-f10c7270,stage,0.4,11,project05_m3star_h1_dual,1,0.0,0,,0.0,0.0,0,0,0,m3star_graph_action_value_xgboost_v0.3,m3star_graph_action_reachability_xgboost_v0.1,m3star_graph_action_value_xgboost_v0.3,8.0,0,1,1,0,development,0,3,0.0,G1_technique,0.25,0,0,G1_technique,2,0,1,1,1,1,,8,1,0.0,,0.0,0,project05-m3star-runtime-contract-v0.6,16b8a68b34cb0608aa5c2dfe82f7b3423811b09f1a0d0f0d255c2e787bc4cb99,0.6.0,0,1,G1_technique,G1_technique,m3star_graph_transition_xgboost_v0.1,0
C12-witfoo-precinct6-f10c7270,stage,0.4,11,project05_xgboost_policy,1,0.0,0,,0.0,0.0,0,0,0,,,,8.0,0,1,1,,development,0,3,0.0,G1_technique,0.25,,0,G1_technique,2,0,,,,,,,,0.0,,0.0,0,,,,0,,G1_technique,G1_technique,,0
C12-witfoo-precinct6-f10c7270,stage,0.4,11,project05_m3b_policy,1,0.0,0,,0.0,0.0,0,0,0,,,,8.0,0,1,1,,development,0,3,0.0,G1_technique,0.25,,0,G1_technique,2,0,,,,,,,,0.0,,0.0,0,,,,0,,G1_technique,G1_technique,,0
C12-witfoo-precinct6-f10c7270,stage,0.4,11,project05_m2,1,0.0,0,,0.0,0.0,0,0,0,,,,8.0,0,1,1,,development,0,3,0.0,G1_technique,0.25,,0,G1_technique,2,0,,,,,,,,0.0,,0.0,0,,,,0,,G1_technique,G1_technique,,0
C12-witfoo-precinct6-f10c7270,stage,0.4,11,oracle_optimal,1,0.0,0,,0.0,0.0,0,0,0,,,,8.0,0,1,1,,development,0,3,0.0,G1_technique,0.25,,0,G1_technique,2,0,,,,,,,,0.0,,0.0,0,,,,0,,G1_technique,G1_technique,,0
C12-witfoo-precinct6-f10c7270,stage,0.4,23,project05_m3star_h3_dual,1,0.0,0,,0.0,0.0,0,0,0,m3star_graph_action_value_xgboost_v0.3,m3star_graph_action_reachability_xgboost_v0.1,m3star_graph_action_value_xgboost_v0.3,8.0,0,1,1,0,development,0,3,0.0,G1_technique,0.25,0,0,G1_technique,2,0,1,3,1,1,,8,1,0.0,,0.0,0,project05-m3star-runtime-contract-v0.6,16b8a68b34cb0608aa5c2dfe82f7b3423811b09f1a0d0f0d255c2e787bc4cb99,0.6.0,0,1,G1_technique,G1_technique,m3star_graph_transition_xgboost_v0.1,0
C12-witfoo-precinct6-f10c7270,stage,0.4,23,project05_m3star_h3_no_dominance_dual,1,0.0,0,,0.0,0.0,0,0,0,m3star_graph_action_value_xgboost_v0.3,m3star_graph_action_reachability_xgboost_v0.1,m3star_graph_action_value_xgboost_v0.3,8.0,0,1,1,0,development,0,3,0.0,G1_technique,0.25,0,0,G1_technique,2,0,1,3,0,1,,8,1,0.0,,0.0,0,project05-m3star-runtime-contract-v0.6,16b8a68b34cb0608aa5c2dfe82f7b3423811b09f1a0d0f0d255c2e787bc4cb99,0.6.0,0,0,G1_technique,G1_technique,m3star_graph_transition_xgboost_v0.1,0
C12-witfoo-precinct6-f10c7270,stage,0.4,23,project05_m3star_h3_unshielded_dual,1,0.0,0,,0.0,0.0,0,0,0,m3star_graph_action_value_xgboost_v0.3,m3star_graph_action_reachability_xgboost_v0.1,m3star_graph_action_value_xgboost_v0.3,8.0,0,1,1,0,development,0,3,0.0,G1_technique,0.25,0,0,G1_technique,2,0,0,3,1,1,,8,0,0.0,,0.0,0,project05-m3star-runtime-contract-v0.6,16b8a68b34cb0608aa5c2dfe82f7b3423811b09f1a0d0f0d255c2e787bc4cb99,0.6.0,0,1,G1_technique,G1_technique,m3star_graph_transition_xgboost_v0.1,0
C12-witfoo-precinct6-f10c7270,stage,0.4,23,project05_m3star_h3_transition_only,1,0.0,0,,0.0,0.0,0,0,0,none,none,none,8.0,0,1,1,0,development,0,3,0.0,G1_technique,0.25,0,0,G1_technique,2,0,1,3,1,0,,8,1,0.0,,0.0,0,project05-m3star-runtime-contract-v0.6,16b8a68b34cb0608aa5c2dfe82f7b3423811b09f1a0d0f0d255c2e787bc4cb99,0.6.0,0,1,G1_technique,G1_technique,m3star_graph_transition_xgboost_v0.1,0
C12-witfoo-precinct6-f10c7270,stage,0.4,23,project05_m3star_h1_dual,1,0.0,0,,0.0,0.0,0,0,0,m3star_graph_action_value_xgboost_v0.3,m3star_graph_action_reachability_xgboost_v0.1,m3star_graph_action_value_xgboost_v0.3,8.0,0,1,1,0,development,0,3,0.0,G1_technique,0.25,0,0,G1_technique,2,0,1,1,1,1,,8,1,0.0,,0.0,0,project05-m3star-runtime-contract-v0.6,16b8a68b34cb0608aa5c2dfe82f7b3423811b09f1a0d0f0d255c2e787bc4cb99,0.6.0,0,1,G1_technique,G1_technique,m3star_graph_transition_xgboost_v0.1,0
C12-witfoo-precinct6-f10c7270,stage,0.4,23,project05_xgboost_policy,1,0.0,0,,0.0,0.0,0,0,0,,,,8.0,0,1,1,,development,0,3,0.0,G1_technique,0.25,,0,G1_technique,2,0,,,,,,,,0.0,,0.0,0,,,,0,,G1_technique,G1_technique,,0
C12-witfoo-precinct6-f10c7270,stage,0.4,23,project05_m3b_policy,1,0.0,0,,0.0,0.0,0,0,0,,,,8.0,0,1,1,,development,0,3,0.0,G1_technique,0.25,,0,G1_technique,2,0,,,,,,,,0.0,,0.0,0,,,,0,,G1_technique,G1_technique,,0
C12-witfoo-precinct6-f10c7270,stage,0.4,23,project05_m2,1,0.0,0,,0.0,0.0,0,0,0,,,,8.0,0,1,1,,development,0,3,0.0,G1_technique,0.25,,0,G1_technique,2,0,,,,,,,,0.0,,0.0,0,,,,0,,G1_technique,G1_technique,,0
C12-witfoo-precinct6-f10c7270,stage,0.4,23,oracle_optimal,1,0.0,0,,0.0,0.0,0,0,0,,,,8.0,0,1,1,,development,0,3,0.0,G1_technique,0.25,,0,G1_technique,2,0,,,,,,,,0.0,,0.0,0,,,,0,,G1_technique,G1_technique,,0
C12-witfoo-precinct6-f10c7270,stage,0.4,37,project05_m3star_h3_dual,1,0.0,0,,0.0,0.0,0,0,0,m3star_graph_action_value_xgboost_v0.3,m3star_graph_action_reachability_xgboost_v0.1,m3star_graph_action_value_xgboost_v0.3,8.0,0,1,1,0,development,0,3,0.0,G1_technique,0.25,0,0,G1_technique,2,0,1,3,1,1,,8,1,0.0,,0.0,0,project05-m3star-runtime-contract-v0.6,16b8a68b34cb0608aa5c2dfe82f7b3423811b09f1a0d0f0d255c2e787bc4cb99,0.6.0,0,1,G1_technique,G1_technique,m3star_graph_transition_xgboost_v0.1,0
C12-witfoo-precinct6-f10c7270,stage,0.4,37,project05_m3star_h3_no_dominance_dual,1,0.0,0,,0.0,0.0,0,0,0,m3star_graph_action_value_xgboost_v0.3,m3star_graph_action_reachability_xgboost_v0.1,m3star_graph_action_value_xgboost_v0.3,8.0,0,1,1,0,development,0,3,0.0,G1_technique,0.25,0,0,G1_technique,2,0,1,3,0,1,,8,1,0.0,,0.0,0,project05-m3star-runtime-contract-v0.6,16b8a68b34cb0608aa5c2dfe82f7b3423811b09f1a0d0f0d255c2e787bc4cb99,0.6.0,0,0,G1_technique,G1_technique,m3star_graph_transition_xgboost_v0.1,0
C12-witfoo-precinct6-f10c7270,stage,0.4,37,project05_m3star_h3_unshielded_dual,1,0.0,0,,0.0,0.0,0,0,0,m3star_graph_action_value_xgboost_v0.3,m3star_graph_action_reachability_xgboost_v0.1,m3star_graph_action_value_xgboost_v0.3,8.0,0,1,1,0,development,0,3,0.0,G1_technique,0.25,0,0,G1_technique,2,0,0,3,1,1,,8,0,0.0,,0.0,0,project05-m3star-runtime-contract-v0.6,16b8a68b34cb0608aa5c2dfe82f7b3423811b09f1a0d0f0d255c2e787bc4cb99,0.6.0,0,1,G1_technique,G1_technique,m3star_graph_transition_xgboost_v0.1,0
C12-witfoo-precinct6-f10c7270,stage,0.4,37,project05_m3star_h3_transition_only,1,0.0,0,,0.0,0.0,0,0,0,none,none,none,8.0,0,1,1,0,development,0,3,0.0,G1_technique,0.25,0,0,G1_technique,2,0,1,3,1,0,,8,1,0.0,,0.0,0,project05-m3star-runtime-contract-v0.6,16b8a68b34cb0608aa5c2dfe82f7b3423811b09f1a0d0f0d255c2e787bc4cb99,0.6.0,0,1,G1_technique,G1_technique,m3star_graph_transition_xgboost_v0.1,0
C12-witfoo-precinct6-f10c7270,stage,0.4,37,project05_m3star_h1_dual,1,0.0,0,,0.0,0.0,0,0,0,m3star_graph_action_value_xgboost_v0.3,m3star_graph_action_reachability_xgboost_v0.1,m3star_graph_action_value_xgboost_v0.3,8.0,0,1,1,0,development,0,3,0.0,G1_technique,0.25,0,0,G1_technique,2,0,1,1,1,1,,8,1,0.0,,0.0,0,project05-m3star-runtime-contract-v0.6,16b8a68b34cb0608aa5c2dfe82f7b3423811b09f1a0d0f0d255c2e787bc4cb99,0.6.0,0,1,G1_technique,G1_technique,m3star_graph_transition_xgboost_v0.1,0
C12-witfoo-precinct6-f10c7270,stage,0.4,37,project05_xgboost_policy,1,0.0,0,,0.0,0.0,0,0,0,,,,8.0,0,1,1,,development,0,3,0.0,G1_technique,0.25,,0,G1_technique,2,0,,,,,,,,0.0,,0.0,0,,,,0,,G1_technique,G1_technique,,0
C12-witfoo-precinct6-f10c7270,stage,0.4,37,project05_m3b_policy,1,0.0,0,,0.0,0.0,0,0,0,,,,8.0,0,1,1,,development,0,3,0.0,G1_technique,0.25,,0,G1_technique,2,0,,,,,,,,0.0,,0.0,0,,,,0,,G1_technique,G1_technique,,0
C12-witfoo-precinct6-f10c7270,stage,0.4,37,project05_m2,1,0.0,0,,0.0,0.0,0,0,0,,,,8.0,0,1,1,,development,0,3,0.0,G1_technique,0.25,,0,G1_technique,2,0,,,,,,,,0.0,,0.0,0,,,,0,,G1_technique,G1_technique,,0
C12-witfoo-precinct6-f10c7270,stage,0.4,37,oracle_optimal,1,0.0,0,,0.0,0.0,0,0,0,,,,8.0,0,1,1,,development,0,3,0.0,G1_technique,0.25,,0,G1_technique,2,0,,,,,,,,0.0,,0.0,0,,,,0,,G1_technique,G1_technique,,0
C12-witfoo-precinct6-f10c7270,stage,0.4,41,project05_m3star_h3_dual,1,0.0,0,,0.0,0.0,0,0,0,m3star_graph_action_value_xgboost_v0.3,m3star_graph_action_reachability_xgboost_v0.1,m3star_graph_action_value_xgboost_v0.3,8.0,0,1,1,0,development,0,3,0.0,G1_technique,0.25,0,0,G1_technique,2,0,1,3,1,1,,8,1,0.0,,0.0,0,project05-m3star-runtime-contract-v0.6,16b8a68b34cb0608aa5c2dfe82f7b3423811b09f1a0d0f0d255c2e787bc4cb99,0.6.0,0,1,G1_technique,G1_technique,m3star_graph_transition_xgboost_v0.1,0
C12-witfoo-precinct6-f10c7270,stage,0.4,41,project05_m3star_h3_no_dominance_dual,1,0.0,0,,0.0,0.0,0,0,0,m3star_graph_action_value_xgboost_v0.3,m3star_graph_action_reachability_xgboost_v0.1,m3star_graph_action_value_xgboost_v0.3,8.0,0,1,1,0,development,0,3,0.0,G1_technique,0.25,0,0,G1_technique,2,0,1,3,0,1,,8,1,0.0,,0.0,0,project05-m3star-runtime-contract-v0.6,16b8a68b34cb0608aa5c2dfe82f7b3423811b09f1a0d0f0d255c2e787bc4cb99,0.6.0,0,0,G1_technique,G1_technique,m3star_graph_transition_xgboost_v0.1,0
C12-witfoo-precinct6-f10c7270,stage,0.4,41,project05_m3star_h3_unshielded_dual,1,0.0,0,,0.0,0.0,0,0,0,m3star_graph_action_value_xgboost_v0.3,m3star_graph_action_reachability_xgboost_v0.1,m3star_graph_action_value_xgboost_v0.3,8.0,0,1,1,0,development,0,3,0.0,G1_technique,0.25,0,0,G1_technique,2,0,0,3,1,1,,8,0,0.0,,0.0,0,project05-m3star-runtime-contract-v0.6,16b8a68b34cb0608aa5c2dfe82f7b3423811b09f1a0d0f0d255c2e787bc4cb99,0.6.0,0,1,G1_technique,G1_technique,m3star_graph_transition_xgboost_v0.1,0
C12-witfoo-precinct6-f10c7270,stage,0.4,41,project05_m3star_h3_transition_only,1,0.0,0,,0.0,0.0,0,0,0,none,none,none,8.0,0,1,1,0,development,0,3,0.0,G1_technique,0.25,0,0,G1_technique,2,0,1,3,1,0,,8,1,0.0,,0.0,0,project05-m3star-runtime-contract-v0.6,16b8a68b34cb0608aa5c2dfe82f7b3423811b09f1a0d0f0d255c2e787bc4cb99,0.6.0,0,1,G1_technique,G1_technique,m3star_graph_transition_xgboost_v0.1,0
C12-witfoo-precinct6-f10c7270,stage,0.4,41,project05_m3star_h1_dual,1,0.0,0,,0.0,0.0,0,0,0,m3star_graph_action_value_xgboost_v0.3,m3star_graph_action_reachability_xgboost_v0.1,m3star_graph_action_value_xgboost_v0.3,8.0,0,1,1,0,development,0,3,0.0,G1_technique,0.25,0,0,G1_technique,2,0,1,1,1,1,,8,1,0.0,,0.0,0,project05-m3star-runtime-contract-v0.6,16b8a68b34cb0608aa5c2dfe82f7b3423811b09f1a0d0f0d255c2e787bc4cb99,0.6.0,0,1,G1_technique,G1_technique,m3star_graph_transition_xgboost_v0.1,0
C12-witfoo-precinct6-f10c7270,stage,0.4,41,project05_xgboost_policy,1,0.0,0,,0.0,0.0,0,0,0,,,,8.0,0,1,1,,development,0,3,0.0,G1_technique,0.25,,0,G1_technique,2,0,,,,,,,,0.0,,0.0,0,,,,0,,G1_technique,G1_technique,,0
C12-witfoo-precinct6-f10c7270,stage,0.4,41,project05_m3b_policy,1,0.0,0,,0.0,0.0,0,0,0,,,,8.0,0,1,1,,development,0,3,0.0,G1_technique,0.25,,0,G1_technique,2,0,,,,,,,,0.0,,0.0,0,,,,0,,G1_technique,G1_technique,,0
C12-witfoo-precinct6-f10c7270,stage,0.4,41,project05_m2,1,0.0,0,,0.0,0.0,0,0,0,,,,8.0,0,1,1,,development,0,3,0.0,G1_technique,0.25,,0,G1_technique,2,0,,,,,,,,0.0,,0.0,0,,,,0,,G1_technique,G1_technique,,0
C12-witfoo-precinct6-f10c7270,stage,0.4,41,oracle_optimal,1,0.0,0,,0.0,0.0,0,0,0,,,,8.0,0,1,1,,development,0,3,0.0,G1_technique,0.25,,0,G1_technique,2,0,,,,,,,,0.0,,0.0,0,,,,0,,G1_technique,G1_technique,,0
C12-witfoo-precinct6-f10c7270,stage,0.4,53,project05_m3star_h3_dual,1,0.0,0,,0.0,0.0,0,0,0,m3star_graph_action_value_xgboost_v0.3,m3star_graph_action_reachability_xgboost_v0.1,m3star_graph_action_value_xgboost_v0.3,8.0,0,1,1,0,development,0,3,0.0,G1_technique,0.25,0,0,G1_technique,2,0,1,3,1,1,,8,1,0.0,,0.0,0,project05-m3star-runtime-contract-v0.6,16b8a68b34cb0608aa5c2dfe82f7b3423811b09f1a0d0f0d255c2e787bc4cb99,0.6.0,0,1,G1_technique,G1_technique,m3star_graph_transition_xgboost_v0.1,0
C12-witfoo-precinct6-f10c7270,stage,0.4,53,project05_m3star_h3_no_dominance_dual,1,0.0,0,,0.0,0.0,0,0,0,m3star_graph_action_value_xgboost_v0.3,m3star_graph_action_reachability_xgboost_v0.1,m3star_graph_action_value_xgboost_v0.3,8.0,0,1,1,0,development,0,3,0.0,G1_technique,0.25,0,0,G1_technique,2,0,1,3,0,1,,8,1,0.0,,0.0,0,project05-m3star-runtime-contract-v0.6,16b8a68b34cb0608aa5c2dfe82f7b3423811b09f1a0d0f0d255c2e787bc4cb99,0.6.0,0,0,G1_technique,G1_technique,m3star_graph_transition_xgboost_v0.1,0
C12-witfoo-precinct6-f10c7270,stage,0.4,53,project05_m3star_h3_unshielded_dual,1,0.0,0,,0.0,0.0,0,0,0,m3star_graph_action_value_xgboost_v0.3,m3star_graph_action_reachability_xgboost_v0.1,m3star_graph_action_value_xgboost_v0.3,8.0,0,1,1,0,development,0,3,0.0,G1_technique,0.25,0,0,G1_technique,2,0,0,3,1,1,,8,0,0.0,,0.0,0,project05-m3star-runtime-contract-v0.6,16b8a68b34cb0608aa5c2dfe82f7b3423811b09f1a0d0f0d255c2e787bc4cb99,0.6.0,0,1,G1_technique,G1_technique,m3star_graph_transition_xgboost_v0.1,0
C12-witfoo-precinct6-f10c7270,stage,0.4,53,project05_m3star_h3_transition_only,1,0.0,0,,0.0,0.0,0,0,0,none,none,none,8.0,0,1,1,0,development,0,3,0.0,G1_technique,0.25,0,0,G1_technique,2,0,1,3,1,0,,8,1,0.0,,0.0,0,project05-m3star-runtime-contract-v0.6,16b8a68b34cb0608aa5c2dfe82f7b3423811b09f1a0d0f0d255c2e787bc4cb99,0.6.0,0,1,G1_technique,G1_technique,m3star_graph_transition_xgboost_v0.1,0
C12-witfoo-precinct6-f10c7270,stage,0.4,53,project05_m3star_h1_dual,1,0.0,0,,0.0,0.0,0,0,0,m3star_graph_action_value_xgboost_v0.3,m3star_graph_action_reachability_xgboost_v0.1,m3star_graph_action_value_xgboost_v0.3,8.0,0,1,1,0,development,0,3,0.0,G1_technique,0.25,0,0,G1_technique,2,0,1,1,1,1,,8,1,0.0,,0.0,0,project05-m3star-runtime-contract-v0.6,16b8a68b34cb0608aa5c2dfe82f7b3423811b09f1a0d0f0d255c2e787bc4cb99,0.6.0,0,1,G1_technique,G1_technique,m3star_graph_transition_xgboost_v0.1,0
C12-witfoo-precinct6-f10c7270,stage,0.4,53,project05_xgboost_policy,1,0.0,0,,0.0,0.0,0,0,0,,,,8.0,0,1,1,,development,0,3,0.0,G1_technique,0.25,,0,G1_technique,2,0,,,,,,,,0.0,,0.0,0,,,,0,,G1_technique,G1_technique,,0
C12-witfoo-precinct6-f10c7270,stage,0.4,53,project05_m3b_policy,1,0.0,0,,0.0,0.0,0,0,0,,,,8.0,0,1,1,,development,0,3,0.0,G1_technique,0.25,,0,G1_technique,2,0,,,,,,,,0.0,,0.0,0,,,,0,,G1_technique,G1_technique,,0
C12-witfoo-precinct6-f10c7270,stage,0.4,53,project05_m2,1,0.0,0,,0.0,0.0,0,0,0,,,,8.0,0,1,1,,development,0,3,0.0,G1_technique,0.25,,0,G1_technique,2,0,,,,,,,,0.0,,0.0,0,,,,0,,G1_technique,G1_technique,,0
C12-witfoo-precinct6-f10c7270,stage,0.4,53,oracle_optimal,1,0.0,0,,0.0,0.0,0,0,0,,,,8.0,0,1,1,,development,0,3,0.0,G1_technique,0.25,,0,G1_technique,2,0,,,,,,,,0.0,,0.0,0,,,,0,,G1_technique,G1_technique,,0
C12-witfoo-precinct6-f10c7270,stage,0.6,11,project05_m3star_h3_dual,1,2.0,2,C12-AA-001|C12-AA-002,2.0,0.0,1,0,0,m3star_graph_action_value_xgboost_v0.3,m3star_graph_action_reachability_xgboost_v0.1,m3star_graph_action_value_xgboost_v0.3,8.0,0,1,1,0,development,0,3,0.0,G1_technique,0.25,1,1,G0_unknown,3,0,1,3,1,1,,8,1,2.0,C12-AA-001,0.1818,2,project05-m3star-runtime-contract-v0.6,16b8a68b34cb0608aa5c2dfe82f7b3423811b09f1a0d0f0d255c2e787bc4cb99,0.6.0,2,1,G1_technique,G1_technique,m3star_graph_transition_xgboost_v0.1,0
C12-witfoo-precinct6-f10c7270,stage,0.6,11,project05_m3star_h3_no_dominance_dual,1,2.0,2,C12-AA-001|C12-AA-002,2.0,0.0,1,0,0,m3star_graph_action_value_xgboost_v0.3,m3star_graph_action_reachability_xgboost_v0.1,m3star_graph_action_value_xgboost_v0.3,8.0,0,1,1,0,development,0,3,0.0,G1_technique,0.25,1,1,G0_unknown,3,0,1,3,0,1,,8,1,2.0,C12-AA-001,0.1818,2,project05-m3star-runtime-contract-v0.6,16b8a68b34cb0608aa5c2dfe82f7b3423811b09f1a0d0f0d255c2e787bc4cb99,0.6.0,2,0,G1_technique,G1_technique,m3star_graph_transition_xgboost_v0.1,0
C12-witfoo-precinct6-f10c7270,stage,0.6,11,project05_m3star_h3_unshielded_dual,1,2.0,2,C12-AA-001|C12-AA-002,2.0,0.0,1,0,0,m3star_graph_action_value_xgboost_v0.3,m3star_graph_action_reachability_xgboost_v0.1,m3star_graph_action_value_xgboost_v0.3,8.0,0,1,1,0,development,0,3,0.0,G1_technique,0.25,1,1,G0_unknown,3,0,0,3,1,1,,8,0,2.0,C12-AA-001,0.1818,2,project05-m3star-runtime-contract-v0.6,16b8a68b34cb0608aa5c2dfe82f7b3423811b09f1a0d0f0d255c2e787bc4cb99,0.6.0,2,1,G1_technique,G1_technique,m3star_graph_transition_xgboost_v0.1,0
C12-witfoo-precinct6-f10c7270,stage,0.6,11,project05_m3star_h3_transition_only,1,2.0,2,C12-AA-001|C12-AA-002,2.0,0.0,1,0,0,none,none,none,8.0,0,1,1,0,development,0,3,0.0,G1_technique,0.25,0,1,G0_unknown,3,0,1,3,1,0,,8,1,2.0,C12-AA-001,0.1818,2,project05-m3star-runtime-contract-v0.6,16b8a68b34cb0608aa5c2dfe82f7b3423811b09f1a0d0f0d255c2e787bc4cb99,0.6.0,2,1,G1_technique,G1_technique,m3star_graph_transition_xgboost_v0.1,0
C12-witfoo-precinct6-f10c7270,stage,0.6,11,project05_m3star_h1_dual,1,2.0,2,C12-AA-001|C12-AA-002,2.0,0.0,1,0,0,m3star_graph_action_value_xgboost_v0.3,m3star_graph_action_reachability_xgboost_v0.1,m3star_graph_action_value_xgboost_v0.3,8.0,0,1,1,0,development,0,3,0.0,G1_technique,0.25,1,1,G0_unknown,3,0,1,1,1,1,,8,1,2.0,C12-AA-001,0.1818,2,project05-m3star-runtime-contract-v0.6,16b8a68b34cb0608aa5c2dfe82f7b3423811b09f1a0d0f0d255c2e787bc4cb99,0.6.0,2,1,G1_technique,G1_technique,m3star_graph_transition_xgboost_v0.1,0
C12-witfoo-precinct6-f10c7270,stage,0.6,11,project05_xgboost_policy,1,3.0,2,C12-AA-001|C12-AA-003,3.0,1.0,1,0,0,,,,8.0,0,1,1,,development,0,2,0.3333,G1_technique,0.5,,1,G0_unknown,3,0,,,,,,,,2.0,C12-AA-001,0.3333,2,,,,2,,G1_technique,G1_technique,,0
C12-witfoo-precinct6-f10c7270,stage,0.6,11,project05_m3b_policy,1,2.0,2,C12-AA-001|C12-AA-002,2.0,0.0,1,0,0,,,,8.0,0,1,1,,development,0,3,0.0,G1_technique,0.25,,1,G0_unknown,3,0,,,,,,,,2.0,C12-AA-001,0.1818,2,,,,2,,G1_technique,G1_technique,,0
C12-witfoo-precinct6-f10c7270,stage,0.6,11,project05_m2,1,3.0,2,C12-AA-001|C12-AA-003,3.0,1.0,1,0,0,,,,8.0,0,1,1,,development,0,2,0.3333,G1_technique,0.5,,1,G0_unknown,3,0,,,,,,,,2.0,C12-AA-001,0.3333,2,,,,2,,G1_technique,G1_technique,,0
C12-witfoo-precinct6-f10c7270,stage,0.6,11,oracle_optimal,1,2.0,2,C12-AA-001|C12-AA-002,2.0,0.0,1,0,0,,,,8.0,0,1,1,,development,0,3,0.0,G1_technique,0.25,,1,G0_unknown,3,0,,,,,,,,2.0,C12-AA-001,0.1818,2,,,,2,,G1_technique,G1_technique,,0
C12-witfoo-precinct6-f10c7270,stage,0.6,23,project05_m3star_h3_dual,1,2.0,2,C12-AA-001|C12-AA-002,2.0,0.0,1,0,0,m3star_graph_action_value_xgboost_v0.3,m3star_graph_action_reachability_xgboost_v0.1,m3star_graph_action_value_xgboost_v0.3,8.0,0,1,1,0,development,0,3,0.0,G1_technique,0.25,1,1,G0_unknown,3,0,1,3,1,1,,8,1,2.0,C12-AA-001,0.1818,2,project05-m3star-runtime-contract-v0.6,16b8a68b34cb0608aa5c2dfe82f7b3423811b09f1a0d0f0d255c2e787bc4cb99,0.6.0,2,1,G1_technique,G1_technique,m3star_graph_transition_xgboost_v0.1,0
C12-witfoo-precinct6-f10c7270,stage,0.6,23,project05_m3star_h3_no_dominance_dual,1,2.0,2,C12-AA-001|C12-AA-002,2.0,0.0,1,0,0,m3star_graph_action_value_xgboost_v0.3,m3star_graph_action_reachability_xgboost_v0.1,m3star_graph_action_value_xgboost_v0.3,8.0,0,1,1,0,development,0,3,0.0,G1_technique,0.25,1,1,G0_unknown,3,0,1,3,0,1,,8,1,2.0,C12-AA-001,0.1818,2,project05-m3star-runtime-contract-v0.6,16b8a68b34cb0608aa5c2dfe82f7b3423811b09f1a0d0f0d255c2e787bc4cb99,0.6.0,2,0,G1_technique,G1_technique,m3star_graph_transition_xgboost_v0.1,0
C12-witfoo-precinct6-f10c7270,stage,0.6,23,project05_m3star_h3_unshielded_dual,1,2.0,2,C12-AA-001|C12-AA-002,2.0,0.0,1,0,0,m3star_graph_action_value_xgboost_v0.3,m3star_graph_action_reachability_xgboost_v0.1,m3star_graph_action_value_xgboost_v0.3,8.0,0,1,1,0,development,0,3,0.0,G1_technique,0.25,1,1,G0_unknown,3,0,0,3,1,1,,8,0,2.0,C12-AA-001,0.1818,2,project05-m3star-runtime-contract-v0.6,16b8a68b34cb0608aa5c2dfe82f7b3423811b09f1a0d0f0d255c2e787bc4cb99,0.6.0,2,1,G1_technique,G1_technique,m3star_graph_transition_xgboost_v0.1,0
C12-witfoo-precinct6-f10c7270,stage,0.6,23,project05_m3star_h3_transition_only,1,2.0,2,C12-AA-001|C12-AA-002,2.0,0.0,1,0,0,none,none,none,8.0,0,1,1,0,development,0,3,0.0,G1_technique,0.25,0,1,G0_unknown,3,0,1,3,1,0,,8,1,2.0,C12-AA-001,0.1818,2,project05-m3star-runtime-contract-v0.6,16b8a68b34cb0608aa5c2dfe82f7b3423811b09f1a0d0f0d255c2e787bc4cb99,0.6.0,2,1,G1_technique,G1_technique,m3star_graph_transition_xgboost_v0.1,0
C12-witfoo-precinct6-f10c7270,stage,0.6,23,project05_m3star_h1_dual,1,2.0,2,C12-AA-001|C12-AA-002,2.0,0.0,1,0,0,m3star_graph_action_value_xgboost_v0.3,m3star_graph_action_reachability_xgboost_v0.1,m3star_graph_action_value_xgboost_v0.3,8.0,0,1,1,0,development,0,3,0.0,G1_technique,0.25,1,1,G0_unknown,3,0,1,1,1,1,,8,1,2.0,C12-AA-001,0.1818,2,project05-m3star-runtime-contract-v0.6,16b8a68b34cb0608aa5c2dfe82f7b3423811b09f1a0d0f0d255c2e787bc4cb99,0.6.0,2,1,G1_technique,G1_technique,m3star_graph_transition_xgboost_v0.1,0
C12-witfoo-precinct6-f10c7270,stage,0.6,23,project05_xgboost_policy,1,3.0,2,C12-AA-001|C12-AA-003,3.0,1.0,1,0,0,,,,8.0,0,1,1,,development,0,2,0.3333,G1_technique,0.5,,1,G0_unknown,3,0,,,,,,,,2.0,C12-AA-001,0.3333,2,,,,2,,G1_technique,G1_technique,,0
C12-witfoo-precinct6-f10c7270,stage,0.6,23,project05_m3b_policy,1,2.0,2,C12-AA-001|C12-AA-002,2.0,0.0,1,0,0,,,,8.0,0,1,1,,development,0,3,0.0,G1_technique,0.25,,1,G0_unknown,3,0,,,,,,,,2.0,C12-AA-001,0.1818,2,,,,2,,G1_technique,G1_technique,,0
C12-witfoo-precinct6-f10c7270,stage,0.6,23,project05_m2,1,3.0,2,C12-AA-001|C12-AA-003,3.0,1.0,1,0,0,,,,8.0,0,1,1,,development,0,2,0.3333,G1_technique,0.5,,1,G0_unknown,3,0,,,,,,,,2.0,C12-AA-001,0.3333,2,,,,2,,G1_technique,G1_technique,,0
C12-witfoo-precinct6-f10c7270,stage,0.6,23,oracle_optimal,1,2.0,2,C12-AA-001|C12-AA-002,2.0,0.0,1,0,0,,,,8.0,0,1,1,,development,0,3,0.0,G1_technique,0.25,,1,G0_unknown,3,0,,,,,,,,2.0,C12-AA-001,0.1818,2,,,,2,,G1_technique,G1_technique,,0
C12-witfoo-precinct6-f10c7270,stage,0.6,37,project05_m3star_h3_dual,1,2.0,2,C12-AA-001|C12-AA-002,2.0,0.0,1,0,0,m3star_graph_action_value_xgboost_v0.3,m3star_graph_action_reachability_xgboost_v0.1,m3star_graph_action_value_xgboost_v0.3,8.0,0,1,1,0,development,0,3,0.0,G1_technique,0.25,1,1,G0_unknown,3,0,1,3,1,1,,8,1,2.0,C12-AA-001,0.1818,2,project05-m3star-runtime-contract-v0.6,16b8a68b34cb0608aa5c2dfe82f7b3423811b09f1a0d0f0d255c2e787bc4cb99,0.6.0,2,1,G1_technique,G1_technique,m3star_graph_transition_xgboost_v0.1,0
C12-witfoo-precinct6-f10c7270,stage,0.6,37,project05_m3star_h3_no_dominance_dual,1,2.0,2,C12-AA-001|C12-AA-002,2.0,0.0,1,0,0,m3star_graph_action_value_xgboost_v0.3,m3star_graph_action_reachability_xgboost_v0.1,m3star_graph_action_value_xgboost_v0.3,8.0,0,1,1,0,development,0,3,0.0,G1_technique,0.25,1,1,G0_unknown,3,0,1,3,0,1,,8,1,2.0,C12-AA-001,0.1818,2,project05-m3star-runtime-contract-v0.6,16b8a68b34cb0608aa5c2dfe82f7b3423811b09f1a0d0f0d255c2e787bc4cb99,0.6.0,2,0,G1_technique,G1_technique,m3star_graph_transition_xgboost_v0.1,0
C12-witfoo-precinct6-f10c7270,stage,0.6,37,project05_m3star_h3_unshielded_dual,1,2.0,2,C12-AA-001|C12-AA-002,2.0,0.0,1,0,0,m3star_graph_action_value_xgboost_v0.3,m3star_graph_action_reachability_xgboost_v0.1,m3star_graph_action_value_xgboost_v0.3,8.0,0,1,1,0,development,0,3,0.0,G1_technique,0.25,1,1,G0_unknown,3,0,0,3,1,1,,8,0,2.0,C12-AA-001,0.1818,2,project05-m3star-runtime-contract-v0.6,16b8a68b34cb0608aa5c2dfe82f7b3423811b09f1a0d0f0d255c2e787bc4cb99,0.6.0,2,1,G1_technique,G1_technique,m3star_graph_transition_xgboost_v0.1,0
C12-witfoo-precinct6-f10c7270,stage,0.6,37,project05_m3star_h3_transition_only,1,2.0,2,C12-AA-001|C12-AA-002,2.0,0.0,1,0,0,none,none,none,8.0,0,1,1,0,development,0,3,0.0,G1_technique,0.25,0,1,G0_unknown,3,0,1,3,1,0,,8,1,2.0,C12-AA-001,0.1818,2,project05-m3star-runtime-contract-v0.6,16b8a68b34cb0608aa5c2dfe82f7b3423811b09f1a0d0f0d255c2e787bc4cb99,0.6.0,2,1,G1_technique,G1_technique,m3star_graph_transition_xgboost_v0.1,0
C12-witfoo-precinct6-f10c7270,stage,0.6,37,project05_m3star_h1_dual,1,2.0,2,C12-AA-001|C12-AA-002,2.0,0.0,1,0,0,m3star_graph_action_value_xgboost_v0.3,m3star_graph_action_reachability_xgboost_v0.1,m3star_graph_action_value_xgboost_v0.3,8.0,0,1,1,0,development,0,3,0.0,G1_technique,0.25,1,1,G0_unknown,3,0,1,1,1,1,,8,1,2.0,C12-AA-001,0.1818,2,project05-m3star-runtime-contract-v0.6,16b8a68b34cb0608aa5c2dfe82f7b3423811b09f1a0d0f0d255c2e787bc4cb99,0.6.0,2,1,G1_technique,G1_technique,m3star_graph_transition_xgboost_v0.1,0
C12-witfoo-precinct6-f10c7270,stage,0.6,37,project05_xgboost_policy,1,3.0,2,C12-AA-001|C12-AA-003,3.0,1.0,1,0,0,,,,8.0,0,1,1,,development,0,2,0.3333,G1_technique,0.5,,1,G0_unknown,3,0,,,,,,,,2.0,C12-AA-001,0.3333,2,,,,2,,G1_technique,G1_technique,,0
C12-witfoo-precinct6-f10c7270,stage,0.6,37,project05_m3b_policy,1,2.0,2,C12-AA-001|C12-AA-002,2.0,0.0,1,0,0,,,,8.0,0,1,1,,development,0,3,0.0,G1_technique,0.25,,1,G0_unknown,3,0,,,,,,,,2.0,C12-AA-001,0.1818,2,,,,2,,G1_technique,G1_technique,,0
C12-witfoo-precinct6-f10c7270,stage,0.6,37,project05_m2,1,3.0,2,C12-AA-001|C12-AA-003,3.0,1.0,1,0,0,,,,8.0,0,1,1,,development,0,2,0.3333,G1_technique,0.5,,1,G0_unknown,3,0,,,,,,,,2.0,C12-AA-001,0.3333,2,,,,2,,G1_technique,G1_technique,,0
C12-witfoo-precinct6-f10c7270,stage,0.6,37,oracle_optimal,1,2.0,2,C12-AA-001|C12-AA-002,2.0,0.0,1,0,0,,,,8.0,0,1,1,,development,0,3,0.0,G1_technique,0.25,,1,G0_unknown,3,0,,,,,,,,2.0,C12-AA-001,0.1818,2,,,,2,,G1_technique,G1_technique,,0
C12-witfoo-precinct6-f10c7270,stage,0.6,41,project05_m3star_h3_dual,1,2.0,2,C12-AA-001|C12-AA-002,2.0,0.0,1,0,0,m3star_graph_action_value_xgboost_v0.3,m3star_graph_action_reachability_xgboost_v0.1,m3star_graph_action_value_xgboost_v0.3,8.0,0,1,1,0,development,0,3,0.0,G1_technique,0.25,1,1,G0_unknown,3,0,1,3,1,1,,8,1,2.0,C12-AA-001,0.1818,2,project05-m3star-runtime-contract-v0.6,16b8a68b34cb0608aa5c2dfe82f7b3423811b09f1a0d0f0d255c2e787bc4cb99,0.6.0,2,1,G1_technique,G1_technique,m3star_graph_transition_xgboost_v0.1,0
C12-witfoo-precinct6-f10c7270,stage,0.6,41,project05_m3star_h3_no_dominance_dual,1,2.0,2,C12-AA-001|C12-AA-002,2.0,0.0,1,0,0,m3star_graph_action_value_xgboost_v0.3,m3star_graph_action_reachability_xgboost_v0.1,m3star_graph_action_value_xgboost_v0.3,8.0,0,1,1,0,development,0,3,0.0,G1_technique,0.25,1,1,G0_unknown,3,0,1,3,0,1,,8,1,2.0,C12-AA-001,0.1818,2,project05-m3star-runtime-contract-v0.6,16b8a68b34cb0608aa5c2dfe82f7b3423811b09f1a0d0f0d255c2e787bc4cb99,0.6.0,2,0,G1_technique,G1_technique,m3star_graph_transition_xgboost_v0.1,0
C12-witfoo-precinct6-f10c7270,stage,0.6,41,project05_m3star_h3_unshielded_dual,1,2.0,2,C12-AA-001|C12-AA-002,2.0,0.0,1,0,0,m3star_graph_action_value_xgboost_v0.3,m3star_graph_action_reachability_xgboost_v0.1,m3star_graph_action_value_xgboost_v0.3,8.0,0,1,1,0,development,0,3,0.0,G1_technique,0.25,1,1,G0_unknown,3,0,0,3,1,1,,8,0,2.0,C12-AA-001,0.1818,2,project05-m3star-runtime-contract-v0.6,16b8a68b34cb0608aa5c2dfe82f7b3423811b09f1a0d0f0d255c2e787bc4cb99,0.6.0,2,1,G1_technique,G1_technique,m3star_graph_transition_xgboost_v0.1,0
C12-witfoo-precinct6-f10c7270,stage,0.6,41,project05_m3star_h3_transition_only,1,2.0,2,C12-AA-001|C12-AA-002,2.0,0.0,1,0,0,none,none,none,8.0,0,1,1,0,development,0,3,0.0,G1_technique,0.25,0,1,G0_unknown,3,0,1,3,1,0,,8,1,2.0,C12-AA-001,0.1818,2,project05-m3star-runtime-contract-v0.6,16b8a68b34cb0608aa5c2dfe82f7b3423811b09f1a0d0f0d255c2e787bc4cb99,0.6.0,2,1,G1_technique,G1_technique,m3star_graph_transition_xgboost_v0.1,0
C12-witfoo-precinct6-f10c7270,stage,0.6,41,project05_m3star_h1_dual,1,2.0,2,C12-AA-001|C12-AA-002,2.0,0.0,1,0,0,m3star_graph_action_value_xgboost_v0.3,m3star_graph_action_reachability_xgboost_v0.1,m3star_graph_action_value_xgboost_v0.3,8.0,0,1,1,0,development,0,3,0.0,G1_technique,0.25,1,1,G0_unknown,3,0,1,1,1,1,,8,1,2.0,C12-AA-001,0.1818,2,project05-m3star-runtime-contract-v0.6,16b8a68b34cb0608aa5c2dfe82f7b3423811b09f1a0d0f0d255c2e787bc4cb99,0.6.0,2,1,G1_technique,G1_technique,m3star_graph_transition_xgboost_v0.1,0
C12-witfoo-precinct6-f10c7270,stage,0.6,41,project05_xgboost_policy,1,3.0,2,C12-AA-001|C12-AA-003,3.0,1.0,1,0,0,,,,8.0,0,1,1,,development,0,2,0.3333,G1_technique,0.5,,1,G0_unknown,3,0,,,,,,,,2.0,C12-AA-001,0.3333,2,,,,2,,G1_technique,G1_technique,,0
C12-witfoo-precinct6-f10c7270,stage,0.6,41,project05_m3b_policy,1,2.0,2,C12-AA-001|C12-AA-002,2.0,0.0,1,0,0,,,,8.0,0,1,1,,development,0,3,0.0,G1_technique,0.25,,1,G0_unknown,3,0,,,,,,,,2.0,C12-AA-001,0.1818,2,,,,2,,G1_technique,G1_technique,,0
C12-witfoo-precinct6-f10c7270,stage,0.6,41,project05_m2,1,3.0,2,C12-AA-001|C12-AA-003,3.0,1.0,1,0,0,,,,8.0,0,1,1,,development,0,2,0.3333,G1_technique,0.5,,1,G0_unknown,3,0,,,,,,,,2.0,C12-AA-001,0.3333,2,,,,2,,G1_technique,G1_technique,,0
C12-witfoo-precinct6-f10c7270,stage,0.6,41,oracle_optimal,1,2.0,2,C12-AA-001|C12-AA-002,2.0,0.0,1,0,0,,,,8.0,0,1,1,,development,0,3,0.0,G1_technique,0.25,,1,G0_unknown,3,0,,,,,,,,2.0,C12-AA-001,0.1818,2,,,,2,,G1_technique,G1_technique,,0
C12-witfoo-precinct6-f10c7270,stage,0.6,53,project05_m3star_h3_dual,1,2.0,2,C12-AA-001|C12-AA-002,2.0,0.0,1,0,0,m3star_graph_action_value_xgboost_v0.3,m3star_graph_action_reachability_xgboost_v0.1,m3star_graph_action_value_xgboost_v0.3,8.0,0,1,1,0,development,0,3,0.0,G1_technique,0.25,1,1,G0_unknown,3,0,1,3,1,1,,8,1,2.0,C12-AA-001,0.1818,2,project05-m3star-runtime-contract-v0.6,16b8a68b34cb0608aa5c2dfe82f7b3423811b09f1a0d0f0d255c2e787bc4cb99,0.6.0,2,1,G1_technique,G1_technique,m3star_graph_transition_xgboost_v0.1,0
C12-witfoo-precinct6-f10c7270,stage,0.6,53,project05_m3star_h3_no_dominance_dual,1,2.0,2,C12-AA-001|C12-AA-002,2.0,0.0,1,0,0,m3star_graph_action_value_xgboost_v0.3,m3star_graph_action_reachability_xgboost_v0.1,m3star_graph_action_value_xgboost_v0.3,8.0,0,1,1,0,development,0,3,0.0,G1_technique,0.25,1,1,G0_unknown,3,0,1,3,0,1,,8,1,2.0,C12-AA-001,0.1818,2,project05-m3star-runtime-contract-v0.6,16b8a68b34cb0608aa5c2dfe82f7b3423811b09f1a0d0f0d255c2e787bc4cb99,0.6.0,2,0,G1_technique,G1_technique,m3star_graph_transition_xgboost_v0.1,0
C12-witfoo-precinct6-f10c7270,stage,0.6,53,project05_m3star_h3_unshielded_dual,1,2.0,2,C12-AA-001|C12-AA-002,2.0,0.0,1,0,0,m3star_graph_action_value_xgboost_v0.3,m3star_graph_action_reachability_xgboost_v0.1,m3star_graph_action_value_xgboost_v0.3,8.0,0,1,1,0,development,0,3,0.0,G1_technique,0.25,1,1,G0_unknown,3,0,0,3,1,1,,8,0,2.0,C12-AA-001,0.1818,2,project05-m3star-runtime-contract-v0.6,16b8a68b34cb0608aa5c2dfe82f7b3423811b09f1a0d0f0d255c2e787bc4cb99,0.6.0,2,1,G1_technique,G1_technique,m3star_graph_transition_xgboost_v0.1,0
C12-witfoo-precinct6-f10c7270,stage,0.6,53,project05_m3star_h3_transition_only,1,2.0,2,C12-AA-001|C12-AA-002,2.0,0.0,1,0,0,none,none,none,8.0,0,1,1,0,development,0,3,0.0,G1_technique,0.25,0,1,G0_unknown,3,0,1,3,1,0,,8,1,2.0,C12-AA-001,0.1818,2,project05-m3star-runtime-contract-v0.6,16b8a68b34cb0608aa5c2dfe82f7b3423811b09f1a0d0f0d255c2e787bc4cb99,0.6.0,2,1,G1_technique,G1_technique,m3star_graph_transition_xgboost_v0.1,0
C12-witfoo-precinct6-f10c7270,stage,0.6,53,project05_m3star_h1_dual,1,2.0,2,C12-AA-001|C12-AA-002,2.0,0.0,1,0,0,m3star_graph_action_value_xgboost_v0.3,m3star_graph_action_reachability_xgboost_v0.1,m3star_graph_action_value_xgboost_v0.3,8.0,0,1,1,0,development,0,3,0.0,G1_technique,0.25,1,1,G0_unknown,3,0,1,1,1,1,,8,1,2.0,C12-AA-001,0.1818,2,project05-m3star-runtime-contract-v0.6,16b8a68b34cb0608aa5c2dfe82f7b3423811b09f1a0d0f0d255c2e787bc4cb99,0.6.0,2,1,G1_technique,G1_technique,m3star_graph_transition_xgboost_v0.1,0
C12-witfoo-precinct6-f10c7270,stage,0.6,53,project05_xgboost_policy,1,3.0,2,C12-AA-001|C12-AA-003,3.0,1.0,1,0,0,,,,8.0,0,1,1,,development,0,2,0.3333,G1_technique,0.5,,1,G0_unknown,3,0,,,,,,,,2.0,C12-AA-001,0.3333,2,,,,2,,G1_technique,G1_technique,,0
C12-witfoo-precinct6-f10c7270,stage,0.6,53,project05_m3b_policy,1,2.0,2,C12-AA-001|C12-AA-002,2.0,0.0,1,0,0,,,,8.0,0,1,1,,development,0,3,0.0,G1_technique,0.25,,1,G0_unknown,3,0,,,,,,,,2.0,C12-AA-001,0.1818,2,,,,2,,G1_technique,G1_technique,,0
C12-witfoo-precinct6-f10c7270,stage,0.6,53,project05_m2,1,3.0,2,C12-AA-001|C12-AA-003,3.0,1.0,1,0,0,,,,8.0,0,1,1,,development,0,2,0.3333,G1_technique,0.5,,1,G0_unknown,3,0,,,,,,,,2.0,C12-AA-001,0.3333,2,,,,2,,G1_technique,G1_technique,,0
C12-witfoo-precinct6-f10c7270,stage,0.6,53,oracle_optimal,1,2.0,2,C12-AA-001|C12-AA-002,2.0,0.0,1,0,0,,,,8.0,0,1,1,,development,0,3,0.0,G1_technique,0.25,,1,G0_unknown,3,0,,,,,,,,2.0,C12-AA-001,0.1818,2,,,,2,,G1_technique,G1_technique,,0
C12-witfoo-precinct6-f10c7270,discriminative,0.2,11,project05_m3star_h3_dual,1,0.0,0,,0.0,0.0,0,0,0,m3star_graph_action_value_xgboost_v0.3,m3star_graph_action_reachability_xgboost_v0.1,m3star_graph_action_value_xgboost_v0.3,8.0,0,1,1,0,development,0,3,0.0,G1_technique,0.25,0,0,G1_technique,1,0,1,3,1,1,,8,1,0.0,,0.0,0,project05-m3star-runtime-contract-v0.6,16b8a68b34cb0608aa5c2dfe82f7b3423811b09f1a0d0f0d255c2e787bc4cb99,0.6.0,0,1,G1_technique,G1_technique,m3star_graph_transition_xgboost_v0.1,0
C12-witfoo-precinct6-f10c7270,discriminative,0.2,11,project05_m3star_h3_no_dominance_dual,1,0.0,0,,0.0,0.0,0,0,0,m3star_graph_action_value_xgboost_v0.3,m3star_graph_action_reachability_xgboost_v0.1,m3star_graph_action_value_xgboost_v0.3,8.0,0,1,1,0,development,0,3,0.0,G1_technique,0.25,0,0,G1_technique,1,0,1,3,0,1,,8,1,0.0,,0.0,0,project05-m3star-runtime-contract-v0.6,16b8a68b34cb0608aa5c2dfe82f7b3423811b09f1a0d0f0d255c2e787bc4cb99,0.6.0,0,0,G1_technique,G1_technique,m3star_graph_transition_xgboost_v0.1,0
C12-witfoo-precinct6-f10c7270,discriminative,0.2,11,project05_m3star_h3_unshielded_dual,1,0.0,0,,0.0,0.0,0,0,0,m3star_graph_action_value_xgboost_v0.3,m3star_graph_action_reachability_xgboost_v0.1,m3star_graph_action_value_xgboost_v0.3,8.0,0,1,1,0,development,0,3,0.0,G1_technique,0.25,0,0,G1_technique,1,0,0,3,1,1,,8,0,0.0,,0.0,0,project05-m3star-runtime-contract-v0.6,16b8a68b34cb0608aa5c2dfe82f7b3423811b09f1a0d0f0d255c2e787bc4cb99,0.6.0,0,1,G1_technique,G1_technique,m3star_graph_transition_xgboost_v0.1,0
C12-witfoo-precinct6-f10c7270,discriminative,0.2,11,project05_m3star_h3_transition_only,1,0.0,0,,0.0,0.0,0,0,0,none,none,none,8.0,0,1,1,0,development,0,3,0.0,G1_technique,0.25,0,0,G1_technique,1,0,1,3,1,0,,8,1,0.0,,0.0,0,project05-m3star-runtime-contract-v0.6,16b8a68b34cb0608aa5c2dfe82f7b3423811b09f1a0d0f0d255c2e787bc4cb99,0.6.0,0,1,G1_technique,G1_technique,m3star_graph_transition_xgboost_v0.1,0
C12-witfoo-precinct6-f10c7270,discriminative,0.2,11,project05_m3star_h1_dual,1,0.0,0,,0.0,0.0,0,0,0,m3star_graph_action_value_xgboost_v0.3,m3star_graph_action_reachability_xgboost_v0.1,m3star_graph_action_value_xgboost_v0.3,8.0,0,1,1,0,development,0,3,0.0,G1_technique,0.25,0,0,G1_technique,1,0,1,1,1,1,,8,1,0.0,,0.0,0,project05-m3star-runtime-contract-v0.6,16b8a68b34cb0608aa5c2dfe82f7b3423811b09f1a0d0f0d255c2e787bc4cb99,0.6.0,0,1,G1_technique,G1_technique,m3star_graph_transition_xgboost_v0.1,0
C12-witfoo-precinct6-f10c7270,discriminative,0.2,11,project05_xgboost_policy,1,0.0,0,,0.0,0.0,0,0,0,,,,8.0,0,1,1,,development,0,3,0.0,G1_technique,0.25,,0,G1_technique,1,0,,,,,,,,0.0,,0.0,0,,,,0,,G1_technique,G1_technique,,0
C12-witfoo-precinct6-f10c7270,discriminative,0.2,11,project05_m3b_policy,1,0.0,0,,0.0,0.0,0,0,0,,,,8.0,0,1,1,,development,0,3,0.0,G1_technique,0.25,,0,G1_technique,1,0,,,,,,,,0.0,,0.0,0,,,,0,,G1_technique,G1_technique,,0
C12-witfoo-precinct6-f10c7270,discriminative,0.2,11,project05_m2,1,0.0,0,,0.0,0.0,0,0,0,,,,8.0,0,1,1,,development,0,3,0.0,G1_technique,0.25,,0,G1_technique,1,0,,,,,,,,0.0,,0.0,0,,,,0,,G1_technique,G1_technique,,0
C12-witfoo-precinct6-f10c7270,discriminative,0.2,11,oracle_optimal,1,0.0,0,,0.0,0.0,0,0,0,,,,8.0,0,1,1,,development,0,3,0.0,G1_technique,0.25,,0,G1_technique,1,0,,,,,,,,0.0,,0.0,0,,,,0,,G1_technique,G1_technique,,0
C12-witfoo-precinct6-f10c7270,discriminative,0.2,23,project05_m3star_h3_dual,1,0.0,0,,0.0,0.0,0,0,0,m3star_graph_action_value_xgboost_v0.3,m3star_graph_action_reachability_xgboost_v0.1,m3star_graph_action_value_xgboost_v0.3,8.0,0,1,1,0,development,0,3,0.0,G1_technique,0.25,0,0,G1_technique,1,0,1,3,1,1,,8,1,0.0,,0.0,0,project05-m3star-runtime-contract-v0.6,16b8a68b34cb0608aa5c2dfe82f7b3423811b09f1a0d0f0d255c2e787bc4cb99,0.6.0,0,1,G1_technique,G1_technique,m3star_graph_transition_xgboost_v0.1,0
C12-witfoo-precinct6-f10c7270,discriminative,0.2,23,project05_m3star_h3_no_dominance_dual,1,0.0,0,,0.0,0.0,0,0,0,m3star_graph_action_value_xgboost_v0.3,m3star_graph_action_reachability_xgboost_v0.1,m3star_graph_action_value_xgboost_v0.3,8.0,0,1,1,0,development,0,3,0.0,G1_technique,0.25,0,0,G1_technique,1,0,1,3,0,1,,8,1,0.0,,0.0,0,project05-m3star-runtime-contract-v0.6,16b8a68b34cb0608aa5c2dfe82f7b3423811b09f1a0d0f0d255c2e787bc4cb99,0.6.0,0,0,G1_technique,G1_technique,m3star_graph_transition_xgboost_v0.1,0
C12-witfoo-precinct6-f10c7270,discriminative,0.2,23,project05_m3star_h3_unshielded_dual,1,0.0,0,,0.0,0.0,0,0,0,m3star_graph_action_value_xgboost_v0.3,m3star_graph_action_reachability_xgboost_v0.1,m3star_graph_action_value_xgboost_v0.3,8.0,0,1,1,0,development,0,3,0.0,G1_technique,0.25,0,0,G1_technique,1,0,0,3,1,1,,8,0,0.0,,0.0,0,project05-m3star-runtime-contract-v0.6,16b8a68b34cb0608aa5c2dfe82f7b3423811b09f1a0d0f0d255c2e787bc4cb99,0.6.0,0,1,G1_technique,G1_technique,m3star_graph_transition_xgboost_v0.1,0
C12-witfoo-precinct6-f10c7270,discriminative,0.2,23,project05_m3star_h3_transition_only,1,0.0,0,,0.0,0.0,0,0,0,none,none,none,8.0,0,1,1,0,development,0,3,0.0,G1_technique,0.25,0,0,G1_technique,1,0,1,3,1,0,,8,1,0.0,,0.0,0,project05-m3star-runtime-contract-v0.6,16b8a68b34cb0608aa5c2dfe82f7b3423811b09f1a0d0f0d255c2e787bc4cb99,0.6.0,0,1,G1_technique,G1_technique,m3star_graph_transition_xgboost_v0.1,0
C12-witfoo-precinct6-f10c7270,discriminative,0.2,23,project05_m3star_h1_dual,1,0.0,0,,0.0,0.0,0,0,0,m3star_graph_action_value_xgboost_v0.3,m3star_graph_action_reachability_xgboost_v0.1,m3star_graph_action_value_xgboost_v0.3,8.0,0,1,1,0,development,0,3,0.0,G1_technique,0.25,0,0,G1_technique,1,0,1,1,1,1,,8,1,0.0,,0.0,0,project05-m3star-runtime-contract-v0.6,16b8a68b34cb0608aa5c2dfe82f7b3423811b09f1a0d0f0d255c2e787bc4cb99,0.6.0,0,1,G1_technique,G1_technique,m3star_graph_transition_xgboost_v0.1,0
C12-witfoo-precinct6-f10c7270,discriminative,0.2,23,project05_xgboost_policy,1,0.0,0,,0.0,0.0,0,0,0,,,,8.0,0,1,1,,development,0,3,0.0,G1_technique,0.25,,0,G1_technique,1,0,,,,,,,,0.0,,0.0,0,,,,0,,G1_technique,G1_technique,,0
C12-witfoo-precinct6-f10c7270,discriminative,0.2,23,project05_m3b_policy,1,0.0,0,,0.0,0.0,0,0,0,,,,8.0,0,1,1,,development,0,3,0.0,G1_technique,0.25,,0,G1_technique,1,0,,,,,,,,0.0,,0.0,0,,,,0,,G1_technique,G1_technique,,0
C12-witfoo-precinct6-f10c7270,discriminative,0.2,23,project05_m2,1,0.0,0,,0.0,0.0,0,0,0,,,,8.0,0,1,1,,development,0,3,0.0,G1_technique,0.25,,0,G1_technique,1,0,,,,,,,,0.0,,0.0,0,,,,0,,G1_technique,G1_technique,,0
C12-witfoo-precinct6-f10c7270,discriminative,0.2,23,oracle_optimal,1,0.0,0,,0.0,0.0,0,0,0,,,,8.0,0,1,1,,development,0,3,0.0,G1_technique,0.25,,0,G1_technique,1,0,,,,,,,,0.0,,0.0,0,,,,0,,G1_technique,G1_technique,,0
C12-witfoo-precinct6-f10c7270,discriminative,0.2,37,project05_m3star_h3_dual,1,0.0,0,,0.0,0.0,0,0,0,m3star_graph_action_value_xgboost_v0.3,m3star_graph_action_reachability_xgboost_v0.1,m3star_graph_action_value_xgboost_v0.3,8.0,0,1,1,0,development,0,3,0.0,G1_technique,0.25,0,0,G1_technique,1,0,1,3,1,1,,8,1,0.0,,0.0,0,project05-m3star-runtime-contract-v0.6,16b8a68b34cb0608aa5c2dfe82f7b3423811b09f1a0d0f0d255c2e787bc4cb99,0.6.0,0,1,G1_technique,G1_technique,m3star_graph_transition_xgboost_v0.1,0
C12-witfoo-precinct6-f10c7270,discriminative,0.2,37,project05_m3star_h3_no_dominance_dual,1,0.0,0,,0.0,0.0,0,0,0,m3star_graph_action_value_xgboost_v0.3,m3star_graph_action_reachability_xgboost_v0.1,m3star_graph_action_value_xgboost_v0.3,8.0,0,1,1,0,development,0,3,0.0,G1_technique,0.25,0,0,G1_technique,1,0,1,3,0,1,,8,1,0.0,,0.0,0,project05-m3star-runtime-contract-v0.6,16b8a68b34cb0608aa5c2dfe82f7b3423811b09f1a0d0f0d255c2e787bc4cb99,0.6.0,0,0,G1_technique,G1_technique,m3star_graph_transition_xgboost_v0.1,0
C12-witfoo-precinct6-f10c7270,discriminative,0.2,37,project05_m3star_h3_unshielded_dual,1,0.0,0,,0.0,0.0,0,0,0,m3star_graph_action_value_xgboost_v0.3,m3star_graph_action_reachability_xgboost_v0.1,m3star_graph_action_value_xgboost_v0.3,8.0,0,1,1,0,development,0,3,0.0,G1_technique,0.25,0,0,G1_technique,1,0,0,3,1,1,,8,0,0.0,,0.0,0,project05-m3star-runtime-contract-v0.6,16b8a68b34cb0608aa5c2dfe82f7b3423811b09f1a0d0f0d255c2e787bc4cb99,0.6.0,0,1,G1_technique,G1_technique,m3star_graph_transition_xgboost_v0.1,0
C12-witfoo-precinct6-f10c7270,discriminative,0.2,37,project05_m3star_h3_transition_only,1,0.0,0,,0.0,0.0,0,0,0,none,none,none,8.0,0,1,1,0,development,0,3,0.0,G1_technique,0.25,0,0,G1_technique,1,0,1,3,1,0,,8,1,0.0,,0.0,0,project05-m3star-runtime-contract-v0.6,16b8a68b34cb0608aa5c2dfe82f7b3423811b09f1a0d0f0d255c2e787bc4cb99,0.6.0,0,1,G1_technique,G1_technique,m3star_graph_transition_xgboost_v0.1,0
C12-witfoo-precinct6-f10c7270,discriminative,0.2,37,project05_m3star_h1_dual,1,0.0,0,,0.0,0.0,0,0,0,m3star_graph_action_value_xgboost_v0.3,m3star_graph_action_reachability_xgboost_v0.1,m3star_graph_action_value_xgboost_v0.3,8.0,0,1,1,0,development,0,3,0.0,G1_technique,0.25,0,0,G1_technique,1,0,1,1,1,1,,8,1,0.0,,0.0,0,project05-m3star-runtime-contract-v0.6,16b8a68b34cb0608aa5c2dfe82f7b3423811b09f1a0d0f0d255c2e787bc4cb99,0.6.0,0,1,G1_technique,G1_technique,m3star_graph_transition_xgboost_v0.1,0
C12-witfoo-precinct6-f10c7270,discriminative,0.2,37,project05_xgboost_policy,1,0.0,0,,0.0,0.0,0,0,0,,,,8.0,0,1,1,,development,0,3,0.0,G1_technique,0.25,,0,G1_technique,1,0,,,,,,,,0.0,,0.0,0,,,,0,,G1_technique,G1_technique,,0
C12-witfoo-precinct6-f10c7270,discriminative,0.2,37,project05_m3b_policy,1,0.0,0,,0.0,0.0,0,0,0,,,,8.0,0,1,1,,development,0,3,0.0,G1_technique,0.25,,0,G1_technique,1,0,,,,,,,,0.0,,0.0,0,,,,0,,G1_technique,G1_technique,,0
C12-witfoo-precinct6-f10c7270,discriminative,0.2,37,project05_m2,1,0.0,0,,0.0,0.0,0,0,0,,,,8.0,0,1,1,,development,0,3,0.0,G1_technique,0.25,,0,G1_technique,1,0,,,,,,,,0.0,,0.0,0,,,,0,,G1_technique,G1_technique,,0
C12-witfoo-precinct6-f10c7270,discriminative,0.2,37,oracle_optimal,1,0.0,0,,0.0,0.0,0,0,0,,,,8.0,0,1,1,,development,0,3,0.0,G1_technique,0.25,,0,G1_technique,1,0,,,,,,,,0.0,,0.0,0,,,,0,,G1_technique,G1_technique,,0
C12-witfoo-precinct6-f10c7270,discriminative,0.2,41,project05_m3star_h3_dual,1,0.0,0,,0.0,0.0,0,0,0,m3star_graph_action_value_xgboost_v0.3,m3star_graph_action_reachability_xgboost_v0.1,m3star_graph_action_value_xgboost_v0.3,8.0,0,1,1,0,development,0,3,0.0,G1_technique,0.25,0,0,G1_technique,1,0,1,3,1,1,,8,1,0.0,,0.0,0,project05-m3star-runtime-contract-v0.6,16b8a68b34cb0608aa5c2dfe82f7b3423811b09f1a0d0f0d255c2e787bc4cb99,0.6.0,0,1,G1_technique,G1_technique,m3star_graph_transition_xgboost_v0.1,0
C12-witfoo-precinct6-f10c7270,discriminative,0.2,41,project05_m3star_h3_no_dominance_dual,1,0.0,0,,0.0,0.0,0,0,0,m3star_graph_action_value_xgboost_v0.3,m3star_graph_action_reachability_xgboost_v0.1,m3star_graph_action_value_xgboost_v0.3,8.0,0,1,1,0,development,0,3,0.0,G1_technique,0.25,0,0,G1_technique,1,0,1,3,0,1,,8,1,0.0,,0.0,0,project05-m3star-runtime-contract-v0.6,16b8a68b34cb0608aa5c2dfe82f7b3423811b09f1a0d0f0d255c2e787bc4cb99,0.6.0,0,0,G1_technique,G1_technique,m3star_graph_transition_xgboost_v0.1,0
C12-witfoo-precinct6-f10c7270,discriminative,0.2,41,project05_m3star_h3_unshielded_dual,1,0.0,0,,0.0,0.0,0,0,0,m3star_graph_action_value_xgboost_v0.3,m3star_graph_action_reachability_xgboost_v0.1,m3star_graph_action_value_xgboost_v0.3,8.0,0,1,1,0,development,0,3,0.0,G1_technique,0.25,0,0,G1_technique,1,0,0,3,1,1,,8,0,0.0,,0.0,0,project05-m3star-runtime-contract-v0.6,16b8a68b34cb0608aa5c2dfe82f7b3423811b09f1a0d0f0d255c2e787bc4cb99,0.6.0,0,1,G1_technique,G1_technique,m3star_graph_transition_xgboost_v0.1,0
C12-witfoo-precinct6-f10c7270,discriminative,0.2,41,project05_m3star_h3_transition_only,1,0.0,0,,0.0,0.0,0,0,0,none,none,none,8.0,0,1,1,0,development,0,3,0.0,G1_technique,0.25,0,0,G1_technique,1,0,1,3,1,0,,8,1,0.0,,0.0,0,project05-m3star-runtime-contract-v0.6,16b8a68b34cb0608aa5c2dfe82f7b3423811b09f1a0d0f0d255c2e787bc4cb99,0.6.0,0,1,G1_technique,G1_technique,m3star_graph_transition_xgboost_v0.1,0
C12-witfoo-precinct6-f10c7270,discriminative,0.2,41,project05_m3star_h1_dual,1,0.0,0,,0.0,0.0,0,0,0,m3star_graph_action_value_xgboost_v0.3,m3star_graph_action_reachability_xgboost_v0.1,m3star_graph_action_value_xgboost_v0.3,8.0,0,1,1,0,development,0,3,0.0,G1_technique,0.25,0,0,G1_technique,1,0,1,1,1,1,,8,1,0.0,,0.0,0,project05-m3star-runtime-contract-v0.6,16b8a68b34cb0608aa5c2dfe82f7b3423811b09f1a0d0f0d255c2e787bc4cb99,0.6.0,0,1,G1_technique,G1_technique,m3star_graph_transition_xgboost_v0.1,0
C12-witfoo-precinct6-f10c7270,discriminative,0.2,41,project05_xgboost_policy,1,0.0,0,,0.0,0.0,0,0,0,,,,8.0,0,1,1,,development,0,3,0.0,G1_technique,0.25,,0,G1_technique,1,0,,,,,,,,0.0,,0.0,0,,,,0,,G1_technique,G1_technique,,0
C12-witfoo-precinct6-f10c7270,discriminative,0.2,41,project05_m3b_policy,1,0.0,0,,0.0,0.0,0,0,0,,,,8.0,0,1,1,,development,0,3,0.0,G1_technique,0.25,,0,G1_technique,1,0,,,,,,,,0.0,,0.0,0,,,,0,,G1_technique,G1_technique,,0
C12-witfoo-precinct6-f10c7270,discriminative,0.2,41,project05_m2,1,0.0,0,,0.0,0.0,0,0,0,,,,8.0,0,1,1,,development,0,3,0.0,G1_technique,0.25,,0,G1_technique,1,0,,,,,,,,0.0,,0.0,0,,,,0,,G1_technique,G1_technique,,0
C12-witfoo-precinct6-f10c7270,discriminative,0.2,41,oracle_optimal,1,0.0,0,,0.0,0.0,0,0,0,,,,8.0,0,1,1,,development,0,3,0.0,G1_technique,0.25,,0,G1_technique,1,0,,,,,,,,0.0,,0.0,0,,,,0,,G1_technique,G1_technique,,0
C12-witfoo-precinct6-f10c7270,discriminative,0.2,53,project05_m3star_h3_dual,1,0.0,0,,0.0,0.0,0,0,0,m3star_graph_action_value_xgboost_v0.3,m3star_graph_action_reachability_xgboost_v0.1,m3star_graph_action_value_xgboost_v0.3,8.0,0,1,1,0,development,0,3,0.0,G1_technique,0.25,0,0,G1_technique,1,0,1,3,1,1,,8,1,0.0,,0.0,0,project05-m3star-runtime-contract-v0.6,16b8a68b34cb0608aa5c2dfe82f7b3423811b09f1a0d0f0d255c2e787bc4cb99,0.6.0,0,1,G1_technique,G1_technique,m3star_graph_transition_xgboost_v0.1,0
C12-witfoo-precinct6-f10c7270,discriminative,0.2,53,project05_m3star_h3_no_dominance_dual,1,0.0,0,,0.0,0.0,0,0,0,m3star_graph_action_value_xgboost_v0.3,m3star_graph_action_reachability_xgboost_v0.1,m3star_graph_action_value_xgboost_v0.3,8.0,0,1,1,0,development,0,3,0.0,G1_technique,0.25,0,0,G1_technique,1,0,1,3,0,1,,8,1,0.0,,0.0,0,project05-m3star-runtime-contract-v0.6,16b8a68b34cb0608aa5c2dfe82f7b3423811b09f1a0d0f0d255c2e787bc4cb99,0.6.0,0,0,G1_technique,G1_technique,m3star_graph_transition_xgboost_v0.1,0
C12-witfoo-precinct6-f10c7270,discriminative,0.2,53,project05_m3star_h3_unshielded_dual,1,0.0,0,,0.0,0.0,0,0,0,m3star_graph_action_value_xgboost_v0.3,m3star_graph_action_reachability_xgboost_v0.1,m3star_graph_action_value_xgboost_v0.3,8.0,0,1,1,0,development,0,3,0.0,G1_technique,0.25,0,0,G1_technique,1,0,0,3,1,1,,8,0,0.0,,0.0,0,project05-m3star-runtime-contract-v0.6,16b8a68b34cb0608aa5c2dfe82f7b3423811b09f1a0d0f0d255c2e787bc4cb99,0.6.0,0,1,G1_technique,G1_technique,m3star_graph_transition_xgboost_v0.1,0
C12-witfoo-precinct6-f10c7270,discriminative,0.2,53,project05_m3star_h3_transition_only,1,0.0,0,,0.0,0.0,0,0,0,none,none,none,8.0,0,1,1,0,development,0,3,0.0,G1_technique,0.25,0,0,G1_technique,1,0,1,3,1,0,,8,1,0.0,,0.0,0,project05-m3star-runtime-contract-v0.6,16b8a68b34cb0608aa5c2dfe82f7b3423811b09f1a0d0f0d255c2e787bc4cb99,0.6.0,0,1,G1_technique,G1_technique,m3star_graph_transition_xgboost_v0.1,0
C12-witfoo-precinct6-f10c7270,discriminative,0.2,53,project05_m3star_h1_dual,1,0.0,0,,0.0,0.0,0,0,0,m3star_graph_action_value_xgboost_v0.3,m3star_graph_action_reachability_xgboost_v0.1,m3star_graph_action_value_xgboost_v0.3,8.0,0,1,1,0,development,0,3,0.0,G1_technique,0.25,0,0,G1_technique,1,0,1,1,1,1,,8,1,0.0,,0.0,0,project05-m3star-runtime-contract-v0.6,16b8a68b34cb0608aa5c2dfe82f7b3423811b09f1a0d0f0d255c2e787bc4cb99,0.6.0,0,1,G1_technique,G1_technique,m3star_graph_transition_xgboost_v0.1,0
C12-witfoo-precinct6-f10c7270,discriminative,0.2,53,project05_xgboost_policy,1,0.0,0,,0.0,0.0,0,0,0,,,,8.0,0,1,1,,development,0,3,0.0,G1_technique,0.25,,0,G1_technique,1,0,,,,,,,,0.0,,0.0,0,,,,0,,G1_technique,G1_technique,,0
C12-witfoo-precinct6-f10c7270,discriminative,0.2,53,project05_m3b_policy,1,0.0,0,,0.0,0.0,0,0,0,,,,8.0,0,1,1,,development,0,3,0.0,G1_technique,0.25,,0,G1_technique,1,0,,,,,,,,0.0,,0.0,0,,,,0,,G1_technique,G1_technique,,0
C12-witfoo-precinct6-f10c7270,discriminative,0.2,53,project05_m2,1,0.0,0,,0.0,0.0,0,0,0,,,,8.0,0,1,1,,development,0,3,0.0,G1_technique,0.25,,0,G1_technique,1,0,,,,,,,,0.0,,0.0,0,,,,0,,G1_technique,G1_technique,,0
C12-witfoo-precinct6-f10c7270,discriminative,0.2,53,oracle_optimal,1,0.0,0,,0.0,0.0,0,0,0,,,,8.0,0,1,1,,development,0,3,0.0,G1_technique,0.25,,0,G1_technique,1,0,,,,,,,,0.0,,0.0,0,,,,0,,G1_technique,G1_technique,,0
C12-witfoo-precinct6-f10c7270,discriminative,0.4,11,project05_m3star_h3_dual,1,0.0,0,,0.0,0.0,0,0,0,m3star_graph_action_value_xgboost_v0.3,m3star_graph_action_reachability_xgboost_v0.1,m3star_graph_action_value_xgboost_v0.3,8.0,0,1,1,0,development,0,3,0.0,G1_technique,0.25,0,0,G1_technique,2,0,1,3,1,1,,8,1,0.0,,0.0,0,project05-m3star-runtime-contract-v0.6,16b8a68b34cb0608aa5c2dfe82f7b3423811b09f1a0d0f0d255c2e787bc4cb99,0.6.0,0,1,G1_technique,G1_technique,m3star_graph_transition_xgboost_v0.1,0
C12-witfoo-precinct6-f10c7270,discriminative,0.4,11,project05_m3star_h3_no_dominance_dual,1,0.0,0,,0.0,0.0,0,0,0,m3star_graph_action_value_xgboost_v0.3,m3star_graph_action_reachability_xgboost_v0.1,m3star_graph_action_value_xgboost_v0.3,8.0,0,1,1,0,development,0,3,0.0,G1_technique,0.25,0,0,G1_technique,2,0,1,3,0,1,,8,1,0.0,,0.0,0,project05-m3star-runtime-contract-v0.6,16b8a68b34cb0608aa5c2dfe82f7b3423811b09f1a0d0f0d255c2e787bc4cb99,0.6.0,0,0,G1_technique,G1_technique,m3star_graph_transition_xgboost_v0.1,0
C12-witfoo-precinct6-f10c7270,discriminative,0.4,11,project05_m3star_h3_unshielded_dual,1,0.0,0,,0.0,0.0,0,0,0,m3star_graph_action_value_xgboost_v0.3,m3star_graph_action_reachability_xgboost_v0.1,m3star_graph_action_value_xgboost_v0.3,8.0,0,1,1,0,development,0,3,0.0,G1_technique,0.25,0,0,G1_technique,2,0,0,3,1,1,,8,0,0.0,,0.0,0,project05-m3star-runtime-contract-v0.6,16b8a68b34cb0608aa5c2dfe82f7b3423811b09f1a0d0f0d255c2e787bc4cb99,0.6.0,0,1,G1_technique,G1_technique,m3star_graph_transition_xgboost_v0.1,0
C12-witfoo-precinct6-f10c7270,discriminative,0.4,11,project05_m3star_h3_transition_only,1,0.0,0,,0.0,0.0,0,0,0,none,none,none,8.0,0,1,1,0,development,0,3,0.0,G1_technique,0.25,0,0,G1_technique,2,0,1,3,1,0,,8,1,0.0,,0.0,0,project05-m3star-runtime-contract-v0.6,16b8a68b34cb0608aa5c2dfe82f7b3423811b09f1a0d0f0d255c2e787bc4cb99,0.6.0,0,1,G1_technique,G1_technique,m3star_graph_transition_xgboost_v0.1,0
C12-witfoo-precinct6-f10c7270,discriminative,0.4,11,project05_m3star_h1_dual,1,0.0,0,,0.0,0.0,0,0,0,m3star_graph_action_value_xgboost_v0.3,m3star_graph_action_reachability_xgboost_v0.1,m3star_graph_action_value_xgboost_v0.3,8.0,0,1,1,0,development,0,3,0.0,G1_technique,0.25,0,0,G1_technique,2,0,1,1,1,1,,8,1,0.0,,0.0,0,project05-m3star-runtime-contract-v0.6,16b8a68b34cb0608aa5c2dfe82f7b3423811b09f1a0d0f0d255c2e787bc4cb99,0.6.0,0,1,G1_technique,G1_technique,m3star_graph_transition_xgboost_v0.1,0
C12-witfoo-precinct6-f10c7270,discriminative,0.4,11,project05_xgboost_policy,1,0.0,0,,0.0,0.0,0,0,0,,,,8.0,0,1,1,,development,0,3,0.0,G1_technique,0.25,,0,G1_technique,2,0,,,,,,,,0.0,,0.0,0,,,,0,,G1_technique,G1_technique,,0
C12-witfoo-precinct6-f10c7270,discriminative,0.4,11,project05_m3b_policy,1,0.0,0,,0.0,0.0,0,0,0,,,,8.0,0,1,1,,development,0,3,0.0,G1_technique,0.25,,0,G1_technique,2,0,,,,,,,,0.0,,0.0,0,,,,0,,G1_technique,G1_technique,,0
C12-witfoo-precinct6-f10c7270,discriminative,0.4,11,project05_m2,1,0.0,0,,0.0,0.0,0,0,0,,,,8.0,0,1,1,,development,0,3,0.0,G1_technique,0.25,,0,G1_technique,2,0,,,,,,,,0.0,,0.0,0,,,,0,,G1_technique,G1_technique,,0
C12-witfoo-precinct6-f10c7270,discriminative,0.4,11,oracle_optimal,1,0.0,0,,0.0,0.0,0,0,0,,,,8.0,0,1,1,,development,0,3,0.0,G1_technique,0.25,,0,G1_technique,2,0,,,,,,,,0.0,,0.0,0,,,,0,,G1_technique,G1_technique,,0
C12-witfoo-precinct6-f10c7270,discriminative,0.4,23,project05_m3star_h3_dual,1,0.0,0,,0.0,0.0,0,0,0,m3star_graph_action_value_xgboost_v0.3,m3star_graph_action_reachability_xgboost_v0.1,m3star_graph_action_value_xgboost_v0.3,8.0,0,1,1,0,development,0,3,0.0,G1_technique,0.25,0,0,G1_technique,2,0,1,3,1,1,,8,1,0.0,,0.0,0,project05-m3star-runtime-contract-v0.6,16b8a68b34cb0608aa5c2dfe82f7b3423811b09f1a0d0f0d255c2e787bc4cb99,0.6.0,0,1,G1_technique,G1_technique,m3star_graph_transition_xgboost_v0.1,0
C12-witfoo-precinct6-f10c7270,discriminative,0.4,23,project05_m3star_h3_no_dominance_dual,1,0.0,0,,0.0,0.0,0,0,0,m3star_graph_action_value_xgboost_v0.3,m3star_graph_action_reachability_xgboost_v0.1,m3star_graph_action_value_xgboost_v0.3,8.0,0,1,1,0,development,0,3,0.0,G1_technique,0.25,0,0,G1_technique,2,0,1,3,0,1,,8,1,0.0,,0.0,0,project05-m3star-runtime-contract-v0.6,16b8a68b34cb0608aa5c2dfe82f7b3423811b09f1a0d0f0d255c2e787bc4cb99,0.6.0,0,0,G1_technique,G1_technique,m3star_graph_transition_xgboost_v0.1,0
C12-witfoo-precinct6-f10c7270,discriminative,0.4,23,project05_m3star_h3_unshielded_dual,1,0.0,0,,0.0,0.0,0,0,0,m3star_graph_action_value_xgboost_v0.3,m3star_graph_action_reachability_xgboost_v0.1,m3star_graph_action_value_xgboost_v0.3,8.0,0,1,1,0,development,0,3,0.0,G1_technique,0.25,0,0,G1_technique,2,0,0,3,1,1,,8,0,0.0,,0.0,0,project05-m3star-runtime-contract-v0.6,16b8a68b34cb0608aa5c2dfe82f7b3423811b09f1a0d0f0d255c2e787bc4cb99,0.6.0,0,1,G1_technique,G1_technique,m3star_graph_transition_xgboost_v0.1,0
C12-witfoo-precinct6-f10c7270,discriminative,0.4,23,project05_m3star_h3_transition_only,1,0.0,0,,0.0,0.0,0,0,0,none,none,none,8.0,0,1,1,0,development,0,3,0.0,G1_technique,0.25,0,0,G1_technique,2,0,1,3,1,0,,8,1,0.0,,0.0,0,project05-m3star-runtime-contract-v0.6,16b8a68b34cb0608aa5c2dfe82f7b3423811b09f1a0d0f0d255c2e787bc4cb99,0.6.0,0,1,G1_technique,G1_technique,m3star_graph_transition_xgboost_v0.1,0
C12-witfoo-precinct6-f10c7270,discriminative,0.4,23,project05_m3star_h1_dual,1,0.0,0,,0.0,0.0,0,0,0,m3star_graph_action_value_xgboost_v0.3,m3star_graph_action_reachability_xgboost_v0.1,m3star_graph_action_value_xgboost_v0.3,8.0,0,1,1,0,development,0,3,0.0,G1_technique,0.25,0,0,G1_technique,2,0,1,1,1,1,,8,1,0.0,,0.0,0,project05-m3star-runtime-contract-v0.6,16b8a68b34cb0608aa5c2dfe82f7b3423811b09f1a0d0f0d255c2e787bc4cb99,0.6.0,0,1,G1_technique,G1_technique,m3star_graph_transition_xgboost_v0.1,0
C12-witfoo-precinct6-f10c7270,discriminative,0.4,23,project05_xgboost_policy,1,0.0,0,,0.0,0.0,0,0,0,,,,8.0,0,1,1,,development,0,3,0.0,G1_technique,0.25,,0,G1_technique,2,0,,,,,,,,0.0,,0.0,0,,,,0,,G1_technique,G1_technique,,0
C12-witfoo-precinct6-f10c7270,discriminative,0.4,23,project05_m3b_policy,1,0.0,0,,0.0,0.0,0,0,0,,,,8.0,0,1,1,,development,0,3,0.0,G1_technique,0.25,,0,G1_technique,2,0,,,,,,,,0.0,,0.0,0,,,,0,,G1_technique,G1_technique,,0
C12-witfoo-precinct6-f10c7270,discriminative,0.4,23,project05_m2,1,0.0,0,,0.0,0.0,0,0,0,,,,8.0,0,1,1,,development,0,3,0.0,G1_technique,0.25,,0,G1_technique,2,0,,,,,,,,0.0,,0.0,0,,,,0,,G1_technique,G1_technique,,0
C12-witfoo-precinct6-f10c7270,discriminative,0.4,23,oracle_optimal,1,0.0,0,,0.0,0.0,0,0,0,,,,8.0,0,1,1,,development,0,3,0.0,G1_technique,0.25,,0,G1_technique,2,0,,,,,,,,0.0,,0.0,0,,,,0,,G1_technique,G1_technique,,0
C12-witfoo-precinct6-f10c7270,discriminative,0.4,37,project05_m3star_h3_dual,1,0.0,0,,0.0,0.0,0,0,0,m3star_graph_action_value_xgboost_v0.3,m3star_graph_action_reachability_xgboost_v0.1,m3star_graph_action_value_xgboost_v0.3,8.0,0,1,1,0,development,0,3,0.0,G1_technique,0.25,0,0,G1_technique,2,0,1,3,1,1,,8,1,0.0,,0.0,0,project05-m3star-runtime-contract-v0.6,16b8a68b34cb0608aa5c2dfe82f7b3423811b09f1a0d0f0d255c2e787bc4cb99,0.6.0,0,1,G1_technique,G1_technique,m3star_graph_transition_xgboost_v0.1,0
C12-witfoo-precinct6-f10c7270,discriminative,0.4,37,project05_m3star_h3_no_dominance_dual,1,0.0,0,,0.0,0.0,0,0,0,m3star_graph_action_value_xgboost_v0.3,m3star_graph_action_reachability_xgboost_v0.1,m3star_graph_action_value_xgboost_v0.3,8.0,0,1,1,0,development,0,3,0.0,G1_technique,0.25,0,0,G1_technique,2,0,1,3,0,1,,8,1,0.0,,0.0,0,project05-m3star-runtime-contract-v0.6,16b8a68b34cb0608aa5c2dfe82f7b3423811b09f1a0d0f0d255c2e787bc4cb99,0.6.0,0,0,G1_technique,G1_technique,m3star_graph_transition_xgboost_v0.1,0
C12-witfoo-precinct6-f10c7270,discriminative,0.4,37,project05_m3star_h3_unshielded_dual,1,0.0,0,,0.0,0.0,0,0,0,m3star_graph_action_value_xgboost_v0.3,m3star_graph_action_reachability_xgboost_v0.1,m3star_graph_action_value_xgboost_v0.3,8.0,0,1,1,0,development,0,3,0.0,G1_technique,0.25,0,0,G1_technique,2,0,0,3,1,1,,8,0,0.0,,0.0,0,project05-m3star-runtime-contract-v0.6,16b8a68b34cb0608aa5c2dfe82f7b3423811b09f1a0d0f0d255c2e787bc4cb99,0.6.0,0,1,G1_technique,G1_technique,m3star_graph_transition_xgboost_v0.1,0
C12-witfoo-precinct6-f10c7270,discriminative,0.4,37,project05_m3star_h3_transition_only,1,0.0,0,,0.0,0.0,0,0,0,none,none,none,8.0,0,1,1,0,development,0,3,0.0,G1_technique,0.25,0,0,G1_technique,2,0,1,3,1,0,,8,1,0.0,,0.0,0,project05-m3star-runtime-contract-v0.6,16b8a68b34cb0608aa5c2dfe82f7b3423811b09f1a0d0f0d255c2e787bc4cb99,0.6.0,0,1,G1_technique,G1_technique,m3star_graph_transition_xgboost_v0.1,0
C12-witfoo-precinct6-f10c7270,discriminative,0.4,37,project05_m3star_h1_dual,1,0.0,0,,0.0,0.0,0,0,0,m3star_graph_action_value_xgboost_v0.3,m3star_graph_action_reachability_xgboost_v0.1,m3star_graph_action_value_xgboost_v0.3,8.0,0,1,1,0,development,0,3,0.0,G1_technique,0.25,0,0,G1_technique,2,0,1,1,1,1,,8,1,0.0,,0.0,0,project05-m3star-runtime-contract-v0.6,16b8a68b34cb0608aa5c2dfe82f7b3423811b09f1a0d0f0d255c2e787bc4cb99,0.6.0,0,1,G1_technique,G1_technique,m3star_graph_transition_xgboost_v0.1,0
C12-witfoo-precinct6-f10c7270,discriminative,0.4,37,project05_xgboost_policy,1,0.0,0,,0.0,0.0,0,0,0,,,,8.0,0,1,1,,development,0,3,0.0,G1_technique,0.25,,0,G1_technique,2,0,,,,,,,,0.0,,0.0,0,,,,0,,G1_technique,G1_technique,,0
C12-witfoo-precinct6-f10c7270,discriminative,0.4,37,project05_m3b_policy,1,0.0,0,,0.0,0.0,0,0,0,,,,8.0,0,1,1,,development,0,3,0.0,G1_technique,0.25,,0,G1_technique,2,0,,,,,,,,0.0,,0.0,0,,,,0,,G1_technique,G1_technique,,0
C12-witfoo-precinct6-f10c7270,discriminative,0.4,37,project05_m2,1,0.0,0,,0.0,0.0,0,0,0,,,,8.0,0,1,1,,development,0,3,0.0,G1_technique,0.25,,0,G1_technique,2,0,,,,,,,,0.0,,0.0,0,,,,0,,G1_technique,G1_technique,,0
C12-witfoo-precinct6-f10c7270,discriminative,0.4,37,oracle_optimal,1,0.0,0,,0.0,0.0,0,0,0,,,,8.0,0,1,1,,development,0,3,0.0,G1_technique,0.25,,0,G1_technique,2,0,,,,,,,,0.0,,0.0,0,,,,0,,G1_technique,G1_technique,,0
C12-witfoo-precinct6-f10c7270,discriminative,0.4,41,project05_m3star_h3_dual,1,0.0,0,,0.0,0.0,0,0,0,m3star_graph_action_value_xgboost_v0.3,m3star_graph_action_reachability_xgboost_v0.1,m3star_graph_action_value_xgboost_v0.3,8.0,0,1,1,0,development,0,3,0.0,G1_technique,0.25,0,0,G1_technique,2,0,1,3,1,1,,8,1,0.0,,0.0,0,project05-m3star-runtime-contract-v0.6,16b8a68b34cb0608aa5c2dfe82f7b3423811b09f1a0d0f0d255c2e787bc4cb99,0.6.0,0,1,G1_technique,G1_technique,m3star_graph_transition_xgboost_v0.1,0
C12-witfoo-precinct6-f10c7270,discriminative,0.4,41,project05_m3star_h3_no_dominance_dual,1,0.0,0,,0.0,0.0,0,0,0,m3star_graph_action_value_xgboost_v0.3,m3star_graph_action_reachability_xgboost_v0.1,m3star_graph_action_value_xgboost_v0.3,8.0,0,1,1,0,development,0,3,0.0,G1_technique,0.25,0,0,G1_technique,2,0,1,3,0,1,,8,1,0.0,,0.0,0,project05-m3star-runtime-contract-v0.6,16b8a68b34cb0608aa5c2dfe82f7b3423811b09f1a0d0f0d255c2e787bc4cb99,0.6.0,0,0,G1_technique,G1_technique,m3star_graph_transition_xgboost_v0.1,0
C12-witfoo-precinct6-f10c7270,discriminative,0.4,41,project05_m3star_h3_unshielded_dual,1,0.0,0,,0.0,0.0,0,0,0,m3star_graph_action_value_xgboost_v0.3,m3star_graph_action_reachability_xgboost_v0.1,m3star_graph_action_value_xgboost_v0.3,8.0,0,1,1,0,development,0,3,0.0,G1_technique,0.25,0,0,G1_technique,2,0,0,3,1,1,,8,0,0.0,,0.0,0,project05-m3star-runtime-contract-v0.6,16b8a68b34cb0608aa5c2dfe82f7b3423811b09f1a0d0f0d255c2e787bc4cb99,0.6.0,0,1,G1_technique,G1_technique,m3star_graph_transition_xgboost_v0.1,0
C12-witfoo-precinct6-f10c7270,discriminative,0.4,41,project05_m3star_h3_transition_only,1,0.0,0,,0.0,0.0,0,0,0,none,none,none,8.0,0,1,1,0,development,0,3,0.0,G1_technique,0.25,0,0,G1_technique,2,0,1,3,1,0,,8,1,0.0,,0.0,0,project05-m3star-runtime-contract-v0.6,16b8a68b34cb0608aa5c2dfe82f7b3423811b09f1a0d0f0d255c2e787bc4cb99,0.6.0,0,1,G1_technique,G1_technique,m3star_graph_transition_xgboost_v0.1,0
C12-witfoo-precinct6-f10c7270,discriminative,0.4,41,project05_m3star_h1_dual,1,0.0,0,,0.0,0.0,0,0,0,m3star_graph_action_value_xgboost_v0.3,m3star_graph_action_reachability_xgboost_v0.1,m3star_graph_action_value_xgboost_v0.3,8.0,0,1,1,0,development,0,3,0.0,G1_technique,0.25,0,0,G1_technique,2,0,1,1,1,1,,8,1,0.0,,0.0,0,project05-m3star-runtime-contract-v0.6,16b8a68b34cb0608aa5c2dfe82f7b3423811b09f1a0d0f0d255c2e787bc4cb99,0.6.0,0,1,G1_technique,G1_technique,m3star_graph_transition_xgboost_v0.1,0
C12-witfoo-precinct6-f10c7270,discriminative,0.4,41,project05_xgboost_policy,1,0.0,0,,0.0,0.0,0,0,0,,,,8.0,0,1,1,,development,0,3,0.0,G1_technique,0.25,,0,G1_technique,2,0,,,,,,,,0.0,,0.0,0,,,,0,,G1_technique,G1_technique,,0
C12-witfoo-precinct6-f10c7270,discriminative,0.4,41,project05_m3b_policy,1,0.0,0,,0.0,0.0,0,0,0,,,,8.0,0,1,1,,development,0,3,0.0,G1_technique,0.25,,0,G1_technique,2,0,,,,,,,,0.0,,0.0,0,,,,0,,G1_technique,G1_technique,,0
C12-witfoo-precinct6-f10c7270,discriminative,0.4,41,project05_m2,1,0.0,0,,0.0,0.0,0,0,0,,,,8.0,0,1,1,,development,0,3,0.0,G1_technique,0.25,,0,G1_technique,2,0,,,,,,,,0.0,,0.0,0,,,,0,,G1_technique,G1_technique,,0
C12-witfoo-precinct6-f10c7270,discriminative,0.4,41,oracle_optimal,1,0.0,0,,0.0,0.0,0,0,0,,,,8.0,0,1,1,,development,0,3,0.0,G1_technique,0.25,,0,G1_technique,2,0,,,,,,,,0.0,,0.0,0,,,,0,,G1_technique,G1_technique,,0
C12-witfoo-precinct6-f10c7270,discriminative,0.4,53,project05_m3star_h3_dual,1,0.0,0,,0.0,0.0,0,0,0,m3star_graph_action_value_xgboost_v0.3,m3star_graph_action_reachability_xgboost_v0.1,m3star_graph_action_value_xgboost_v0.3,8.0,0,1,1,0,development,0,3,0.0,G1_technique,0.25,0,0,G1_technique,2,0,1,3,1,1,,8,1,0.0,,0.0,0,project05-m3star-runtime-contract-v0.6,16b8a68b34cb0608aa5c2dfe82f7b3423811b09f1a0d0f0d255c2e787bc4cb99,0.6.0,0,1,G1_technique,G1_technique,m3star_graph_transition_xgboost_v0.1,0
C12-witfoo-precinct6-f10c7270,discriminative,0.4,53,project05_m3star_h3_no_dominance_dual,1,0.0,0,,0.0,0.0,0,0,0,m3star_graph_action_value_xgboost_v0.3,m3star_graph_action_reachability_xgboost_v0.1,m3star_graph_action_value_xgboost_v0.3,8.0,0,1,1,0,development,0,3,0.0,G1_technique,0.25,0,0,G1_technique,2,0,1,3,0,1,,8,1,0.0,,0.0,0,project05-m3star-runtime-contract-v0.6,16b8a68b34cb0608aa5c2dfe82f7b3423811b09f1a0d0f0d255c2e787bc4cb99,0.6.0,0,0,G1_technique,G1_technique,m3star_graph_transition_xgboost_v0.1,0
C12-witfoo-precinct6-f10c7270,discriminative,0.4,53,project05_m3star_h3_unshielded_dual,1,0.0,0,,0.0,0.0,0,0,0,m3star_graph_action_value_xgboost_v0.3,m3star_graph_action_reachability_xgboost_v0.1,m3star_graph_action_value_xgboost_v0.3,8.0,0,1,1,0,development,0,3,0.0,G1_technique,0.25,0,0,G1_technique,2,0,0,3,1,1,,8,0,0.0,,0.0,0,project05-m3star-runtime-contract-v0.6,16b8a68b34cb0608aa5c2dfe82f7b3423811b09f1a0d0f0d255c2e787bc4cb99,0.6.0,0,1,G1_technique,G1_technique,m3star_graph_transition_xgboost_v0.1,0
C12-witfoo-precinct6-f10c7270,discriminative,0.4,53,project05_m3star_h3_transition_only,1,0.0,0,,0.0,0.0,0,0,0,none,none,none,8.0,0,1,1,0,development,0,3,0.0,G1_technique,0.25,0,0,G1_technique,2,0,1,3,1,0,,8,1,0.0,,0.0,0,project05-m3star-runtime-contract-v0.6,16b8a68b34cb0608aa5c2dfe82f7b3423811b09f1a0d0f0d255c2e787bc4cb99,0.6.0,0,1,G1_technique,G1_technique,m3star_graph_transition_xgboost_v0.1,0
C12-witfoo-precinct6-f10c7270,discriminative,0.4,53,project05_m3star_h1_dual,1,0.0,0,,0.0,0.0,0,0,0,m3star_graph_action_value_xgboost_v0.3,m3star_graph_action_reachability_xgboost_v0.1,m3star_graph_action_value_xgboost_v0.3,8.0,0,1,1,0,development,0,3,0.0,G1_technique,0.25,0,0,G1_technique,2,0,1,1,1,1,,8,1,0.0,,0.0,0,project05-m3star-runtime-contract-v0.6,16b8a68b34cb0608aa5c2dfe82f7b3423811b09f1a0d0f0d255c2e787bc4cb99,0.6.0,0,1,G1_technique,G1_technique,m3star_graph_transition_xgboost_v0.1,0
C12-witfoo-precinct6-f10c7270,discriminative,0.4,53,project05_xgboost_policy,1,0.0,0,,0.0,0.0,0,0,0,,,,8.0,0,1,1,,development,0,3,0.0,G1_technique,0.25,,0,G1_technique,2,0,,,,,,,,0.0,,0.0,0,,,,0,,G1_technique,G1_technique,,0
C12-witfoo-precinct6-f10c7270,discriminative,0.4,53,project05_m3b_policy,1,0.0,0,,0.0,0.0,0,0,0,,,,8.0,0,1,1,,development,0,3,0.0,G1_technique,0.25,,0,G1_technique,2,0,,,,,,,,0.0,,0.0,0,,,,0,,G1_technique,G1_technique,,0
C12-witfoo-precinct6-f10c7270,discriminative,0.4,53,project05_m2,1,0.0,0,,0.0,0.0,0,0,0,,,,8.0,0,1,1,,development,0,3,0.0,G1_technique,0.25,,0,G1_technique,2,0,,,,,,,,0.0,,0.0,0,,,,0,,G1_technique,G1_technique,,0
C12-witfoo-precinct6-f10c7270,discriminative,0.4,53,oracle_optimal,1,0.0,0,,0.0,0.0,0,0,0,,,,8.0,0,1,1,,development,0,3,0.0,G1_technique,0.25,,0,G1_technique,2,0,,,,,,,,0.0,,0.0,0,,,,0,,G1_technique,G1_technique,,0
C12-witfoo-precinct6-f10c7270,discriminative,0.6,11,project05_m3star_h3_dual,1,2.0,2,C12-AA-001|C12-AA-002,2.0,0.0,1,0,0,m3star_graph_action_value_xgboost_v0.3,m3star_graph_action_reachability_xgboost_v0.1,m3star_graph_action_value_xgboost_v0.3,8.0,0,1,1,0,development,0,3,0.0,G1_technique,0.25,1,1,G0_unknown,3,0,1,3,1,1,,8,1,2.0,C12-AA-001,0.1818,2,project05-m3star-runtime-contract-v0.6,16b8a68b34cb0608aa5c2dfe82f7b3423811b09f1a0d0f0d255c2e787bc4cb99,0.6.0,2,1,G1_technique,G1_technique,m3star_graph_transition_xgboost_v0.1,0
C12-witfoo-precinct6-f10c7270,discriminative,0.6,11,project05_m3star_h3_no_dominance_dual,1,2.0,2,C12-AA-001|C12-AA-002,2.0,0.0,1,0,0,m3star_graph_action_value_xgboost_v0.3,m3star_graph_action_reachability_xgboost_v0.1,m3star_graph_action_value_xgboost_v0.3,8.0,0,1,1,0,development,0,3,0.0,G1_technique,0.25,1,1,G0_unknown,3,0,1,3,0,1,,8,1,2.0,C12-AA-001,0.1818,2,project05-m3star-runtime-contract-v0.6,16b8a68b34cb0608aa5c2dfe82f7b3423811b09f1a0d0f0d255c2e787bc4cb99,0.6.0,2,0,G1_technique,G1_technique,m3star_graph_transition_xgboost_v0.1,0
C12-witfoo-precinct6-f10c7270,discriminative,0.6,11,project05_m3star_h3_unshielded_dual,1,2.0,2,C12-AA-001|C12-AA-002,2.0,0.0,1,0,0,m3star_graph_action_value_xgboost_v0.3,m3star_graph_action_reachability_xgboost_v0.1,m3star_graph_action_value_xgboost_v0.3,8.0,0,1,1,0,development,0,3,0.0,G1_technique,0.25,1,1,G0_unknown,3,0,0,3,1,1,,8,0,2.0,C12-AA-001,0.1818,2,project05-m3star-runtime-contract-v0.6,16b8a68b34cb0608aa5c2dfe82f7b3423811b09f1a0d0f0d255c2e787bc4cb99,0.6.0,2,1,G1_technique,G1_technique,m3star_graph_transition_xgboost_v0.1,0
C12-witfoo-precinct6-f10c7270,discriminative,0.6,11,project05_m3star_h3_transition_only,1,2.0,2,C12-AA-001|C12-AA-002,2.0,0.0,1,0,0,none,none,none,8.0,0,1,1,0,development,0,3,0.0,G1_technique,0.25,0,1,G0_unknown,3,0,1,3,1,0,,8,1,2.0,C12-AA-001,0.1818,2,project05-m3star-runtime-contract-v0.6,16b8a68b34cb0608aa5c2dfe82f7b3423811b09f1a0d0f0d255c2e787bc4cb99,0.6.0,2,1,G1_technique,G1_technique,m3star_graph_transition_xgboost_v0.1,0
C12-witfoo-precinct6-f10c7270,discriminative,0.6,11,project05_m3star_h1_dual,1,2.0,2,C12-AA-001|C12-AA-002,2.0,0.0,1,0,0,m3star_graph_action_value_xgboost_v0.3,m3star_graph_action_reachability_xgboost_v0.1,m3star_graph_action_value_xgboost_v0.3,8.0,0,1,1,0,development,0,3,0.0,G1_technique,0.25,1,1,G0_unknown,3,0,1,1,1,1,,8,1,2.0,C12-AA-001,0.1818,2,project05-m3star-runtime-contract-v0.6,16b8a68b34cb0608aa5c2dfe82f7b3423811b09f1a0d0f0d255c2e787bc4cb99,0.6.0,2,1,G1_technique,G1_technique,m3star_graph_transition_xgboost_v0.1,0
C12-witfoo-precinct6-f10c7270,discriminative,0.6,11,project05_xgboost_policy,1,3.0,2,C12-AA-001|C12-AA-003,3.0,1.0,1,0,0,,,,8.0,0,1,1,,development,0,2,0.3333,G1_technique,0.5,,1,G0_unknown,3,0,,,,,,,,2.0,C12-AA-001,0.3333,2,,,,2,,G1_technique,G1_technique,,0
C12-witfoo-precinct6-f10c7270,discriminative,0.6,11,project05_m3b_policy,1,2.0,2,C12-AA-001|C12-AA-002,2.0,0.0,1,0,0,,,,8.0,0,1,1,,development,0,3,0.0,G1_technique,0.25,,1,G0_unknown,3,0,,,,,,,,2.0,C12-AA-001,0.1818,2,,,,2,,G1_technique,G1_technique,,0
C12-witfoo-precinct6-f10c7270,discriminative,0.6,11,project05_m2,1,3.0,2,C12-AA-001|C12-AA-003,3.0,1.0,1,0,0,,,,8.0,0,1,1,,development,0,2,0.3333,G1_technique,0.5,,1,G0_unknown,3,0,,,,,,,,2.0,C12-AA-001,0.3333,2,,,,2,,G1_technique,G1_technique,,0
C12-witfoo-precinct6-f10c7270,discriminative,0.6,11,oracle_optimal,1,2.0,2,C12-AA-001|C12-AA-002,2.0,0.0,1,0,0,,,,8.0,0,1,1,,development,0,3,0.0,G1_technique,0.25,,1,G0_unknown,3,0,,,,,,,,2.0,C12-AA-001,0.1818,2,,,,2,,G1_technique,G1_technique,,0
C12-witfoo-precinct6-f10c7270,discriminative,0.6,23,project05_m3star_h3_dual,1,2.0,2,C12-AA-001|C12-AA-002,2.0,0.0,1,0,0,m3star_graph_action_value_xgboost_v0.3,m3star_graph_action_reachability_xgboost_v0.1,m3star_graph_action_value_xgboost_v0.3,8.0,0,1,1,0,development,0,3,0.0,G1_technique,0.25,1,1,G0_unknown,3,0,1,3,1,1,,8,1,2.0,C12-AA-001,0.1818,2,project05-m3star-runtime-contract-v0.6,16b8a68b34cb0608aa5c2dfe82f7b3423811b09f1a0d0f0d255c2e787bc4cb99,0.6.0,2,1,G1_technique,G1_technique,m3star_graph_transition_xgboost_v0.1,0
C12-witfoo-precinct6-f10c7270,discriminative,0.6,23,project05_m3star_h3_no_dominance_dual,1,2.0,2,C12-AA-001|C12-AA-002,2.0,0.0,1,0,0,m3star_graph_action_value_xgboost_v0.3,m3star_graph_action_reachability_xgboost_v0.1,m3star_graph_action_value_xgboost_v0.3,8.0,0,1,1,0,development,0,3,0.0,G1_technique,0.25,1,1,G0_unknown,3,0,1,3,0,1,,8,1,2.0,C12-AA-001,0.1818,2,project05-m3star-runtime-contract-v0.6,16b8a68b34cb0608aa5c2dfe82f7b3423811b09f1a0d0f0d255c2e787bc4cb99,0.6.0,2,0,G1_technique,G1_technique,m3star_graph_transition_xgboost_v0.1,0
C12-witfoo-precinct6-f10c7270,discriminative,0.6,23,project05_m3star_h3_unshielded_dual,1,2.0,2,C12-AA-001|C12-AA-002,2.0,0.0,1,0,0,m3star_graph_action_value_xgboost_v0.3,m3star_graph_action_reachability_xgboost_v0.1,m3star_graph_action_value_xgboost_v0.3,8.0,0,1,1,0,development,0,3,0.0,G1_technique,0.25,1,1,G0_unknown,3,0,0,3,1,1,,8,0,2.0,C12-AA-001,0.1818,2,project05-m3star-runtime-contract-v0.6,16b8a68b34cb0608aa5c2dfe82f7b3423811b09f1a0d0f0d255c2e787bc4cb99,0.6.0,2,1,G1_technique,G1_technique,m3star_graph_transition_xgboost_v0.1,0
C12-witfoo-precinct6-f10c7270,discriminative,0.6,23,project05_m3star_h3_transition_only,1,2.0,2,C12-AA-001|C12-AA-002,2.0,0.0,1,0,0,none,none,none,8.0,0,1,1,0,development,0,3,0.0,G1_technique,0.25,0,1,G0_unknown,3,0,1,3,1,0,,8,1,2.0,C12-AA-001,0.1818,2,project05-m3star-runtime-contract-v0.6,16b8a68b34cb0608aa5c2dfe82f7b3423811b09f1a0d0f0d255c2e787bc4cb99,0.6.0,2,1,G1_technique,G1_technique,m3star_graph_transition_xgboost_v0.1,0
C12-witfoo-precinct6-f10c7270,discriminative,0.6,23,project05_m3star_h1_dual,1,2.0,2,C12-AA-001|C12-AA-002,2.0,0.0,1,0,0,m3star_graph_action_value_xgboost_v0.3,m3star_graph_action_reachability_xgboost_v0.1,m3star_graph_action_value_xgboost_v0.3,8.0,0,1,1,0,development,0,3,0.0,G1_technique,0.25,1,1,G0_unknown,3,0,1,1,1,1,,8,1,2.0,C12-AA-001,0.1818,2,project05-m3star-runtime-contract-v0.6,16b8a68b34cb0608aa5c2dfe82f7b3423811b09f1a0d0f0d255c2e787bc4cb99,0.6.0,2,1,G1_technique,G1_technique,m3star_graph_transition_xgboost_v0.1,0
C12-witfoo-precinct6-f10c7270,discriminative,0.6,23,project05_xgboost_policy,1,3.0,2,C12-AA-001|C12-AA-003,3.0,1.0,1,0,0,,,,8.0,0,1,1,,development,0,2,0.3333,G1_technique,0.5,,1,G0_unknown,3,0,,,,,,,,2.0,C12-AA-001,0.3333,2,,,,2,,G1_technique,G1_technique,,0
C12-witfoo-precinct6-f10c7270,discriminative,0.6,23,project05_m3b_policy,1,2.0,2,C12-AA-001|C12-AA-002,2.0,0.0,1,0,0,,,,8.0,0,1,1,,development,0,3,0.0,G1_technique,0.25,,1,G0_unknown,3,0,,,,,,,,2.0,C12-AA-001,0.1818,2,,,,2,,G1_technique,G1_technique,,0
C12-witfoo-precinct6-f10c7270,discriminative,0.6,23,project05_m2,1,3.0,2,C12-AA-001|C12-AA-003,3.0,1.0,1,0,0,,,,8.0,0,1,1,,development,0,2,0.3333,G1_technique,0.5,,1,G0_unknown,3,0,,,,,,,,2.0,C12-AA-001,0.3333,2,,,,2,,G1_technique,G1_technique,,0
C12-witfoo-precinct6-f10c7270,discriminative,0.6,23,oracle_optimal,1,2.0,2,C12-AA-001|C12-AA-002,2.0,0.0,1,0,0,,,,8.0,0,1,1,,development,0,3,0.0,G1_technique,0.25,,1,G0_unknown,3,0,,,,,,,,2.0,C12-AA-001,0.1818,2,,,,2,,G1_technique,G1_technique,,0
C12-witfoo-precinct6-f10c7270,discriminative,0.6,37,project05_m3star_h3_dual,1,2.0,2,C12-AA-001|C12-AA-002,2.0,0.0,1,0,0,m3star_graph_action_value_xgboost_v0.3,m3star_graph_action_reachability_xgboost_v0.1,m3star_graph_action_value_xgboost_v0.3,8.0,0,1,1,0,development,0,3,0.0,G1_technique,0.25,1,1,G0_unknown,3,0,1,3,1,1,,8,1,2.0,C12-AA-001,0.1818,2,project05-m3star-runtime-contract-v0.6,16b8a68b34cb0608aa5c2dfe82f7b3423811b09f1a0d0f0d255c2e787bc4cb99,0.6.0,2,1,G1_technique,G1_technique,m3star_graph_transition_xgboost_v0.1,0
C12-witfoo-precinct6-f10c7270,discriminative,0.6,37,project05_m3star_h3_no_dominance_dual,1,2.0,2,C12-AA-001|C12-AA-002,2.0,0.0,1,0,0,m3star_graph_action_value_xgboost_v0.3,m3star_graph_action_reachability_xgboost_v0.1,m3star_graph_action_value_xgboost_v0.3,8.0,0,1,1,0,development,0,3,0.0,G1_technique,0.25,1,1,G0_unknown,3,0,1,3,0,1,,8,1,2.0,C12-AA-001,0.1818,2,project05-m3star-runtime-contract-v0.6,16b8a68b34cb0608aa5c2dfe82f7b3423811b09f1a0d0f0d255c2e787bc4cb99,0.6.0,2,0,G1_technique,G1_technique,m3star_graph_transition_xgboost_v0.1,0
C12-witfoo-precinct6-f10c7270,discriminative,0.6,37,project05_m3star_h3_unshielded_dual,1,2.0,2,C12-AA-001|C12-AA-002,2.0,0.0,1,0,0,m3star_graph_action_value_xgboost_v0.3,m3star_graph_action_reachability_xgboost_v0.1,m3star_graph_action_value_xgboost_v0.3,8.0,0,1,1,0,development,0,3,0.0,G1_technique,0.25,1,1,G0_unknown,3,0,0,3,1,1,,8,0,2.0,C12-AA-001,0.1818,2,project05-m3star-runtime-contract-v0.6,16b8a68b34cb0608aa5c2dfe82f7b3423811b09f1a0d0f0d255c2e787bc4cb99,0.6.0,2,1,G1_technique,G1_technique,m3star_graph_transition_xgboost_v0.1,0
C12-witfoo-precinct6-f10c7270,discriminative,0.6,37,project05_m3star_h3_transition_only,1,2.0,2,C12-AA-001|C12-AA-002,2.0,0.0,1,0,0,none,none,none,8.0,0,1,1,0,development,0,3,0.0,G1_technique,0.25,0,1,G0_unknown,3,0,1,3,1,0,,8,1,2.0,C12-AA-001,0.1818,2,project05-m3star-runtime-contract-v0.6,16b8a68b34cb0608aa5c2dfe82f7b3423811b09f1a0d0f0d255c2e787bc4cb99,0.6.0,2,1,G1_technique,G1_technique,m3star_graph_transition_xgboost_v0.1,0
C12-witfoo-precinct6-f10c7270,discriminative,0.6,37,project05_m3star_h1_dual,1,2.0,2,C12-AA-001|C12-AA-002,2.0,0.0,1,0,0,m3star_graph_action_value_xgboost_v0.3,m3star_graph_action_reachability_xgboost_v0.1,m3star_graph_action_value_xgboost_v0.3,8.0,0,1,1,0,development,0,3,0.0,G1_technique,0.25,1,1,G0_unknown,3,0,1,1,1,1,,8,1,2.0,C12-AA-001,0.1818,2,project05-m3star-runtime-contract-v0.6,16b8a68b34cb0608aa5c2dfe82f7b3423811b09f1a0d0f0d255c2e787bc4cb99,0.6.0,2,1,G1_technique,G1_technique,m3star_graph_transition_xgboost_v0.1,0
C12-witfoo-precinct6-f10c7270,discriminative,0.6,37,project05_xgboost_policy,1,3.0,2,C12-AA-001|C12-AA-003,3.0,1.0,1,0,0,,,,8.0,0,1,1,,development,0,2,0.3333,G1_technique,0.5,,1,G0_unknown,3,0,,,,,,,,2.0,C12-AA-001,0.3333,2,,,,2,,G1_technique,G1_technique,,0
C12-witfoo-precinct6-f10c7270,discriminative,0.6,37,project05_m3b_policy,1,2.0,2,C12-AA-001|C12-AA-002,2.0,0.0,1,0,0,,,,8.0,0,1,1,,development,0,3,0.0,G1_technique,0.25,,1,G0_unknown,3,0,,,,,,,,2.0,C12-AA-001,0.1818,2,,,,2,,G1_technique,G1_technique,,0
C12-witfoo-precinct6-f10c7270,discriminative,0.6,37,project05_m2,1,3.0,2,C12-AA-001|C12-AA-003,3.0,1.0,1,0,0,,,,8.0,0,1,1,,development,0,2,0.3333,G1_technique,0.5,,1,G0_unknown,3,0,,,,,,,,2.0,C12-AA-001,0.3333,2,,,,2,,G1_technique,G1_technique,,0
C12-witfoo-precinct6-f10c7270,discriminative,0.6,37,oracle_optimal,1,2.0,2,C12-AA-001|C12-AA-002,2.0,0.0,1,0,0,,,,8.0,0,1,1,,development,0,3,0.0,G1_technique,0.25,,1,G0_unknown,3,0,,,,,,,,2.0,C12-AA-001,0.1818,2,,,,2,,G1_technique,G1_technique,,0
C12-witfoo-precinct6-f10c7270,discriminative,0.6,41,project05_m3star_h3_dual,1,2.0,2,C12-AA-001|C12-AA-002,2.0,0.0,1,0,0,m3star_graph_action_value_xgboost_v0.3,m3star_graph_action_reachability_xgboost_v0.1,m3star_graph_action_value_xgboost_v0.3,8.0,0,1,1,0,development,0,3,0.0,G1_technique,0.25,1,1,G0_unknown,3,0,1,3,1,1,,8,1,2.0,C12-AA-001,0.1818,2,project05-m3star-runtime-contract-v0.6,16b8a68b34cb0608aa5c2dfe82f7b3423811b09f1a0d0f0d255c2e787bc4cb99,0.6.0,2,1,G1_technique,G1_technique,m3star_graph_transition_xgboost_v0.1,0
C12-witfoo-precinct6-f10c7270,discriminative,0.6,41,project05_m3star_h3_no_dominance_dual,1,2.0,2,C12-AA-001|C12-AA-002,2.0,0.0,1,0,0,m3star_graph_action_value_xgboost_v0.3,m3star_graph_action_reachability_xgboost_v0.1,m3star_graph_action_value_xgboost_v0.3,8.0,0,1,1,0,development,0,3,0.0,G1_technique,0.25,1,1,G0_unknown,3,0,1,3,0,1,,8,1,2.0,C12-AA-001,0.1818,2,project05-m3star-runtime-contract-v0.6,16b8a68b34cb0608aa5c2dfe82f7b3423811b09f1a0d0f0d255c2e787bc4cb99,0.6.0,2,0,G1_technique,G1_technique,m3star_graph_transition_xgboost_v0.1,0
C12-witfoo-precinct6-f10c7270,discriminative,0.6,41,project05_m3star_h3_unshielded_dual,1,2.0,2,C12-AA-001|C12-AA-002,2.0,0.0,1,0,0,m3star_graph_action_value_xgboost_v0.3,m3star_graph_action_reachability_xgboost_v0.1,m3star_graph_action_value_xgboost_v0.3,8.0,0,1,1,0,development,0,3,0.0,G1_technique,0.25,1,1,G0_unknown,3,0,0,3,1,1,,8,0,2.0,C12-AA-001,0.1818,2,project05-m3star-runtime-contract-v0.6,16b8a68b34cb0608aa5c2dfe82f7b3423811b09f1a0d0f0d255c2e787bc4cb99,0.6.0,2,1,G1_technique,G1_technique,m3star_graph_transition_xgboost_v0.1,0
C12-witfoo-precinct6-f10c7270,discriminative,0.6,41,project05_m3star_h3_transition_only,1,2.0,2,C12-AA-001|C12-AA-002,2.0,0.0,1,0,0,none,none,none,8.0,0,1,1,0,development,0,3,0.0,G1_technique,0.25,0,1,G0_unknown,3,0,1,3,1,0,,8,1,2.0,C12-AA-001,0.1818,2,project05-m3star-runtime-contract-v0.6,16b8a68b34cb0608aa5c2dfe82f7b3423811b09f1a0d0f0d255c2e787bc4cb99,0.6.0,2,1,G1_technique,G1_technique,m3star_graph_transition_xgboost_v0.1,0
C12-witfoo-precinct6-f10c7270,discriminative,0.6,41,project05_m3star_h1_dual,1,2.0,2,C12-AA-001|C12-AA-002,2.0,0.0,1,0,0,m3star_graph_action_value_xgboost_v0.3,m3star_graph_action_reachability_xgboost_v0.1,m3star_graph_action_value_xgboost_v0.3,8.0,0,1,1,0,development,0,3,0.0,G1_technique,0.25,1,1,G0_unknown,3,0,1,1,1,1,,8,1,2.0,C12-AA-001,0.1818,2,project05-m3star-runtime-contract-v0.6,16b8a68b34cb0608aa5c2dfe82f7b3423811b09f1a0d0f0d255c2e787bc4cb99,0.6.0,2,1,G1_technique,G1_technique,m3star_graph_transition_xgboost_v0.1,0
C12-witfoo-precinct6-f10c7270,discriminative,0.6,41,project05_xgboost_policy,1,3.0,2,C12-AA-001|C12-AA-003,3.0,1.0,1,0,0,,,,8.0,0,1,1,,development,0,2,0.3333,G1_technique,0.5,,1,G0_unknown,3,0,,,,,,,,2.0,C12-AA-001,0.3333,2,,,,2,,G1_technique,G1_technique,,0
C12-witfoo-precinct6-f10c7270,discriminative,0.6,41,project05_m3b_policy,1,2.0,2,C12-AA-001|C12-AA-002,2.0,0.0,1,0,0,,,,8.0,0,1,1,,development,0,3,0.0,G1_technique,0.25,,1,G0_unknown,3,0,,,,,,,,2.0,C12-AA-001,0.1818,2,,,,2,,G1_technique,G1_technique,,0
C12-witfoo-precinct6-f10c7270,discriminative,0.6,41,project05_m2,1,3.0,2,C12-AA-001|C12-AA-003,3.0,1.0,1,0,0,,,,8.0,0,1,1,,development,0,2,0.3333,G1_technique,0.5,,1,G0_unknown,3,0,,,,,,,,2.0,C12-AA-001,0.3333,2,,,,2,,G1_technique,G1_technique,,0
C12-witfoo-precinct6-f10c7270,discriminative,0.6,41,oracle_optimal,1,2.0,2,C12-AA-001|C12-AA-002,2.0,0.0,1,0,0,,,,8.0,0,1,1,,development,0,3,0.0,G1_technique,0.25,,1,G0_unknown,3,0,,,,,,,,2.0,C12-AA-001,0.1818,2,,,,2,,G1_technique,G1_technique,,0
C12-witfoo-precinct6-f10c7270,discriminative,0.6,53,project05_m3star_h3_dual,1,2.0,2,C12-AA-001|C12-AA-002,2.0,0.0,1,0,0,m3star_graph_action_value_xgboost_v0.3,m3star_graph_action_reachability_xgboost_v0.1,m3star_graph_action_value_xgboost_v0.3,8.0,0,1,1,0,development,0,3,0.0,G1_technique,0.25,1,1,G0_unknown,3,0,1,3,1,1,,8,1,2.0,C12-AA-001,0.1818,2,project05-m3star-runtime-contract-v0.6,16b8a68b34cb0608aa5c2dfe82f7b3423811b09f1a0d0f0d255c2e787bc4cb99,0.6.0,2,1,G1_technique,G1_technique,m3star_graph_transition_xgboost_v0.1,0
C12-witfoo-precinct6-f10c7270,discriminative,0.6,53,project05_m3star_h3_no_dominance_dual,1,2.0,2,C12-AA-001|C12-AA-002,2.0,0.0,1,0,0,m3star_graph_action_value_xgboost_v0.3,m3star_graph_action_reachability_xgboost_v0.1,m3star_graph_action_value_xgboost_v0.3,8.0,0,1,1,0,development,0,3,0.0,G1_technique,0.25,1,1,G0_unknown,3,0,1,3,0,1,,8,1,2.0,C12-AA-001,0.1818,2,project05-m3star-runtime-contract-v0.6,16b8a68b34cb0608aa5c2dfe82f7b3423811b09f1a0d0f0d255c2e787bc4cb99,0.6.0,2,0,G1_technique,G1_technique,m3star_graph_transition_xgboost_v0.1,0
C12-witfoo-precinct6-f10c7270,discriminative,0.6,53,project05_m3star_h3_unshielded_dual,1,2.0,2,C12-AA-001|C12-AA-002,2.0,0.0,1,0,0,m3star_graph_action_value_xgboost_v0.3,m3star_graph_action_reachability_xgboost_v0.1,m3star_graph_action_value_xgboost_v0.3,8.0,0,1,1,0,development,0,3,0.0,G1_technique,0.25,1,1,G0_unknown,3,0,0,3,1,1,,8,0,2.0,C12-AA-001,0.1818,2,project05-m3star-runtime-contract-v0.6,16b8a68b34cb0608aa5c2dfe82f7b3423811b09f1a0d0f0d255c2e787bc4cb99,0.6.0,2,1,G1_technique,G1_technique,m3star_graph_transition_xgboost_v0.1,0
C12-witfoo-precinct6-f10c7270,discriminative,0.6,53,project05_m3star_h3_transition_only,1,2.0,2,C12-AA-001|C12-AA-002,2.0,0.0,1,0,0,none,none,none,8.0,0,1,1,0,development,0,3,0.0,G1_technique,0.25,0,1,G0_unknown,3,0,1,3,1,0,,8,1,2.0,C12-AA-001,0.1818,2,project05-m3star-runtime-contract-v0.6,16b8a68b34cb0608aa5c2dfe82f7b3423811b09f1a0d0f0d255c2e787bc4cb99,0.6.0,2,1,G1_technique,G1_technique,m3star_graph_transition_xgboost_v0.1,0
C12-witfoo-precinct6-f10c7270,discriminative,0.6,53,project05_m3star_h1_dual,1,2.0,2,C12-AA-001|C12-AA-002,2.0,0.0,1,0,0,m3star_graph_action_value_xgboost_v0.3,m3star_graph_action_reachability_xgboost_v0.1,m3star_graph_action_value_xgboost_v0.3,8.0,0,1,1,0,development,0,3,0.0,G1_technique,0.25,1,1,G0_unknown,3,0,1,1,1,1,,8,1,2.0,C12-AA-001,0.1818,2,project05-m3star-runtime-contract-v0.6,16b8a68b34cb0608aa5c2dfe82f7b3423811b09f1a0d0f0d255c2e787bc4cb99,0.6.0,2,1,G1_technique,G1_technique,m3star_graph_transition_xgboost_v0.1,0
C12-witfoo-precinct6-f10c7270,discriminative,0.6,53,project05_xgboost_policy,1,3.0,2,C12-AA-001|C12-AA-003,3.0,1.0,1,0,0,,,,8.0,0,1,1,,development,0,2,0.3333,G1_technique,0.5,,1,G0_unknown,3,0,,,,,,,,2.0,C12-AA-001,0.3333,2,,,,2,,G1_technique,G1_technique,,0
C12-witfoo-precinct6-f10c7270,discriminative,0.6,53,project05_m3b_policy,1,2.0,2,C12-AA-001|C12-AA-002,2.0,0.0,1,0,0,,,,8.0,0,1,1,,development,0,3,0.0,G1_technique,0.25,,1,G0_unknown,3,0,,,,,,,,2.0,C12-AA-001,0.1818,2,,,,2,,G1_technique,G1_technique,,0
C12-witfoo-precinct6-f10c7270,discriminative,0.6,53,project05_m2,1,3.0,2,C12-AA-001|C12-AA-003,3.0,1.0,1,0,0,,,,8.0,0,1,1,,development,0,2,0.3333,G1_technique,0.5,,1,G0_unknown,3,0,,,,,,,,2.0,C12-AA-001,0.3333,2,,,,2,,G1_technique,G1_technique,,0
C12-witfoo-precinct6-f10c7270,discriminative,0.6,53,oracle_optimal,1,2.0,2,C12-AA-001|C12-AA-002,2.0,0.0,1,0,0,,,,8.0,0,1,1,,development,0,3,0.0,G1_technique,0.25,,1,G0_unknown,3,0,,,,,,,,2.0,C12-AA-001,0.1818,2,,,,2,,G1_technique,G1_technique,,0
