case_id,mask_strategy,mask_intensity,seed,planner,reached_target,cost_to_target,steps_to_target,actions_taken,budget_used,cost_regret_vs_oracle,oracle_top1_action_hit,premature_stop,ceiling_violation,action_cost_model_family,action_reachability_model_family,action_value_model_family,budget_total,correct_degrade_stop,correct_stop,correct_target_stop,dominance_substitution_count,evaluation_partition,explicit_stop,final_critical_gap_count,final_edge_coverage,final_granularity,final_node_coverage,initial_direct_over_attribution,initial_granularity,initial_hidden_claims,justified_degrade_stop,m3star_myopic_safety_shield,m3star_requested_horizon,m3star_stochastic_dominance_shield,m3star_uses_action_value,max_explicit_outcomes,max_outcome_nodes,myopic_safety_shield,oracle_cost_to_target,oracle_top1_action_id,overlap_waste_cost,recovered_claims,steps_taken,stochastic_dominance_shield,support_ceiling,target_granularity,transition_model_family,zero_yield_actions
C07-darpa-e5-theia-0515,random,0.2,11,project05_m3star_h3_dual,1,0.0,0,,0.0,0.0,0,0,0,m3star_graph_action_value_xgboost_v0.3,m3star_graph_action_value_xgboost_v0.3,m3star_graph_action_value_xgboost_v0.3,9.0,0,1,1,0,development,0,0,1.0,G3_campaign,1.0,0,G3_campaign,1,0,1,3,1,1,,8,1,0.0,,0.0,0,0,1,G3_campaign,G3_campaign,m3star_graph_transition_xgboost_v0.1,0
C07-darpa-e5-theia-0515,random,0.2,11,project05_m3star_h3_no_dominance_dual,1,0.0,0,,0.0,0.0,0,0,0,m3star_graph_action_value_xgboost_v0.3,m3star_graph_action_value_xgboost_v0.3,m3star_graph_action_value_xgboost_v0.3,9.0,0,1,1,0,development,0,0,1.0,G3_campaign,1.0,0,G3_campaign,1,0,1,3,0,1,,8,1,0.0,,0.0,0,0,0,G3_campaign,G3_campaign,m3star_graph_transition_xgboost_v0.1,0
C07-darpa-e5-theia-0515,random,0.2,11,project05_m3star_h3_unshielded_dual,1,0.0,0,,0.0,0.0,0,0,0,m3star_graph_action_value_xgboost_v0.3,m3star_graph_action_value_xgboost_v0.3,m3star_graph_action_value_xgboost_v0.3,9.0,0,1,1,0,development,0,0,1.0,G3_campaign,1.0,0,G3_campaign,1,0,0,3,1,1,,8,0,0.0,,0.0,0,0,1,G3_campaign,G3_campaign,m3star_graph_transition_xgboost_v0.1,0
C07-darpa-e5-theia-0515,random,0.2,11,project05_m3star_h3_transition_only,1,0.0,0,,0.0,0.0,0,0,0,none,none,none,9.0,0,1,1,0,development,0,0,1.0,G3_campaign,1.0,0,G3_campaign,1,0,1,3,1,0,,8,1,0.0,,0.0,0,0,1,G3_campaign,G3_campaign,m3star_graph_transition_xgboost_v0.1,0
C07-darpa-e5-theia-0515,random,0.2,11,project05_m3star_h1_dual,1,0.0,0,,0.0,0.0,0,0,0,m3star_graph_action_value_xgboost_v0.3,m3star_graph_action_value_xgboost_v0.3,m3star_graph_action_value_xgboost_v0.3,9.0,0,1,1,0,development,0,0,1.0,G3_campaign,1.0,0,G3_campaign,1,0,1,1,1,1,,8,1,0.0,,0.0,0,0,1,G3_campaign,G3_campaign,m3star_graph_transition_xgboost_v0.1,0
C07-darpa-e5-theia-0515,random,0.2,11,project05_xgboost_policy,1,0.0,0,,0.0,0.0,0,0,0,,,,9.0,0,1,1,,development,0,0,1.0,G3_campaign,1.0,0,G3_campaign,1,0,,,,,,,,0.0,,0.0,0,0,,G3_campaign,G3_campaign,,0
C07-darpa-e5-theia-0515,random,0.2,11,project05_m3b_policy,1,0.0,0,,0.0,0.0,0,0,0,,,,9.0,0,1,1,,development,0,0,1.0,G3_campaign,1.0,0,G3_campaign,1,0,,,,,,,,0.0,,0.0,0,0,,G3_campaign,G3_campaign,,0
C07-darpa-e5-theia-0515,random,0.2,11,project05_m2,1,0.0,0,,0.0,0.0,0,0,0,,,,9.0,0,1,1,,development,0,0,1.0,G3_campaign,1.0,0,G3_campaign,1,0,,,,,,,,0.0,,0.0,0,0,,G3_campaign,G3_campaign,,0
C07-darpa-e5-theia-0515,random,0.2,11,oracle_optimal,1,0.0,0,,0.0,0.0,0,0,0,,,,9.0,0,1,1,,development,0,0,1.0,G3_campaign,1.0,0,G3_campaign,1,0,,,,,,,,0.0,,0.0,0,0,,G3_campaign,G3_campaign,,0
C07-darpa-e5-theia-0515,random,0.2,23,project05_m3star_h3_dual,1,2.0,1,C07-AA-004,2.0,0.0,1,0,0,m3star_graph_action_value_xgboost_v0.3,m3star_graph_action_value_xgboost_v0.3,m3star_graph_action_value_xgboost_v0.3,9.0,0,1,1,0,development,0,0,1.0,G3_campaign,1.0,1,G2_tactic_intent,1,0,1,3,1,1,,8,1,2.0,C07-AA-004,0.0,1,1,1,G3_campaign,G3_campaign,m3star_graph_transition_xgboost_v0.1,0
C07-darpa-e5-theia-0515,random,0.2,23,project05_m3star_h3_no_dominance_dual,1,2.0,1,C07-AA-004,2.0,0.0,1,0,0,m3star_graph_action_value_xgboost_v0.3,m3star_graph_action_value_xgboost_v0.3,m3star_graph_action_value_xgboost_v0.3,9.0,0,1,1,0,development,0,0,1.0,G3_campaign,1.0,1,G2_tactic_intent,1,0,1,3,0,1,,8,1,2.0,C07-AA-004,0.0,1,1,0,G3_campaign,G3_campaign,m3star_graph_transition_xgboost_v0.1,0
C07-darpa-e5-theia-0515,random,0.2,23,project05_m3star_h3_unshielded_dual,1,2.0,1,C07-AA-004,2.0,0.0,1,0,0,m3star_graph_action_value_xgboost_v0.3,m3star_graph_action_value_xgboost_v0.3,m3star_graph_action_value_xgboost_v0.3,9.0,0,1,1,0,development,0,0,1.0,G3_campaign,1.0,1,G2_tactic_intent,1,0,0,3,1,1,,8,0,2.0,C07-AA-004,0.0,1,1,1,G3_campaign,G3_campaign,m3star_graph_transition_xgboost_v0.1,0
C07-darpa-e5-theia-0515,random,0.2,23,project05_m3star_h3_transition_only,1,2.0,1,C07-AA-004,2.0,0.0,1,0,0,none,none,none,9.0,0,1,1,0,development,0,0,1.0,G3_campaign,1.0,1,G2_tactic_intent,1,0,1,3,1,0,,8,1,2.0,C07-AA-004,0.0,1,1,1,G3_campaign,G3_campaign,m3star_graph_transition_xgboost_v0.1,0
C07-darpa-e5-theia-0515,random,0.2,23,project05_m3star_h1_dual,1,2.0,1,C07-AA-004,2.0,0.0,1,0,0,m3star_graph_action_value_xgboost_v0.3,m3star_graph_action_value_xgboost_v0.3,m3star_graph_action_value_xgboost_v0.3,9.0,0,1,1,0,development,0,0,1.0,G3_campaign,1.0,1,G2_tactic_intent,1,0,1,1,1,1,,8,1,2.0,C07-AA-004,0.0,1,1,1,G3_campaign,G3_campaign,m3star_graph_transition_xgboost_v0.1,0
C07-darpa-e5-theia-0515,random,0.2,23,project05_xgboost_policy,1,2.0,1,C07-AA-004,2.0,0.0,1,0,0,,,,9.0,0,1,1,,development,0,0,1.0,G3_campaign,1.0,1,G2_tactic_intent,1,0,,,,,,,,2.0,C07-AA-004,0.0,1,1,,G3_campaign,G3_campaign,,0
C07-darpa-e5-theia-0515,random,0.2,23,project05_m3b_policy,1,4.0,2,C07-AA-003|C07-AA-004,4.0,2.0,0,0,0,,,,9.0,0,1,1,,development,0,0,1.0,G3_campaign,1.0,1,G2_tactic_intent,1,0,,,,,,,,2.0,C07-AA-004,0.2222,1,2,,G3_campaign,G3_campaign,,1
C07-darpa-e5-theia-0515,random,0.2,23,project05_m2,1,2.0,1,C07-AA-004,2.0,0.0,1,0,0,,,,9.0,0,1,1,,development,0,0,1.0,G3_campaign,1.0,1,G2_tactic_intent,1,0,,,,,,,,2.0,C07-AA-004,0.0,1,1,,G3_campaign,G3_campaign,,0
C07-darpa-e5-theia-0515,random,0.2,23,oracle_optimal,1,2.0,1,C07-AA-004,2.0,0.0,1,0,0,,,,9.0,0,1,1,,development,0,0,1.0,G3_campaign,1.0,1,G2_tactic_intent,1,0,,,,,,,,2.0,C07-AA-004,0.0,1,1,,G3_campaign,G3_campaign,,0
C07-darpa-e5-theia-0515,random,0.2,37,project05_m3star_h3_dual,1,0.0,0,,0.0,0.0,0,0,0,m3star_graph_action_value_xgboost_v0.3,m3star_graph_action_value_xgboost_v0.3,m3star_graph_action_value_xgboost_v0.3,9.0,0,1,1,0,development,0,0,1.0,G3_campaign,1.0,0,G3_campaign,1,0,1,3,1,1,,8,1,0.0,,0.0,0,0,1,G3_campaign,G3_campaign,m3star_graph_transition_xgboost_v0.1,0
C07-darpa-e5-theia-0515,random,0.2,37,project05_m3star_h3_no_dominance_dual,1,0.0,0,,0.0,0.0,0,0,0,m3star_graph_action_value_xgboost_v0.3,m3star_graph_action_value_xgboost_v0.3,m3star_graph_action_value_xgboost_v0.3,9.0,0,1,1,0,development,0,0,1.0,G3_campaign,1.0,0,G3_campaign,1,0,1,3,0,1,,8,1,0.0,,0.0,0,0,0,G3_campaign,G3_campaign,m3star_graph_transition_xgboost_v0.1,0
C07-darpa-e5-theia-0515,random,0.2,37,project05_m3star_h3_unshielded_dual,1,0.0,0,,0.0,0.0,0,0,0,m3star_graph_action_value_xgboost_v0.3,m3star_graph_action_value_xgboost_v0.3,m3star_graph_action_value_xgboost_v0.3,9.0,0,1,1,0,development,0,0,1.0,G3_campaign,1.0,0,G3_campaign,1,0,0,3,1,1,,8,0,0.0,,0.0,0,0,1,G3_campaign,G3_campaign,m3star_graph_transition_xgboost_v0.1,0
C07-darpa-e5-theia-0515,random,0.2,37,project05_m3star_h3_transition_only,1,0.0,0,,0.0,0.0,0,0,0,none,none,none,9.0,0,1,1,0,development,0,0,1.0,G3_campaign,1.0,0,G3_campaign,1,0,1,3,1,0,,8,1,0.0,,0.0,0,0,1,G3_campaign,G3_campaign,m3star_graph_transition_xgboost_v0.1,0
C07-darpa-e5-theia-0515,random,0.2,37,project05_m3star_h1_dual,1,0.0,0,,0.0,0.0,0,0,0,m3star_graph_action_value_xgboost_v0.3,m3star_graph_action_value_xgboost_v0.3,m3star_graph_action_value_xgboost_v0.3,9.0,0,1,1,0,development,0,0,1.0,G3_campaign,1.0,0,G3_campaign,1,0,1,1,1,1,,8,1,0.0,,0.0,0,0,1,G3_campaign,G3_campaign,m3star_graph_transition_xgboost_v0.1,0
C07-darpa-e5-theia-0515,random,0.2,37,project05_xgboost_policy,1,0.0,0,,0.0,0.0,0,0,0,,,,9.0,0,1,1,,development,0,0,1.0,G3_campaign,1.0,0,G3_campaign,1,0,,,,,,,,0.0,,0.0,0,0,,G3_campaign,G3_campaign,,0
C07-darpa-e5-theia-0515,random,0.2,37,project05_m3b_policy,1,0.0,0,,0.0,0.0,0,0,0,,,,9.0,0,1,1,,development,0,0,1.0,G3_campaign,1.0,0,G3_campaign,1,0,,,,,,,,0.0,,0.0,0,0,,G3_campaign,G3_campaign,,0
C07-darpa-e5-theia-0515,random,0.2,37,project05_m2,1,0.0,0,,0.0,0.0,0,0,0,,,,9.0,0,1,1,,development,0,0,1.0,G3_campaign,1.0,0,G3_campaign,1,0,,,,,,,,0.0,,0.0,0,0,,G3_campaign,G3_campaign,,0
C07-darpa-e5-theia-0515,random,0.2,37,oracle_optimal,1,0.0,0,,0.0,0.0,0,0,0,,,,9.0,0,1,1,,development,0,0,1.0,G3_campaign,1.0,0,G3_campaign,1,0,,,,,,,,0.0,,0.0,0,0,,G3_campaign,G3_campaign,,0
C07-darpa-e5-theia-0515,random,0.2,41,project05_m3star_h3_dual,1,0.0,0,,0.0,0.0,0,0,0,m3star_graph_action_value_xgboost_v0.3,m3star_graph_action_value_xgboost_v0.3,m3star_graph_action_value_xgboost_v0.3,9.0,0,1,1,0,development,0,0,1.0,G3_campaign,1.0,0,G3_campaign,1,0,1,3,1,1,,8,1,0.0,,0.0,0,0,1,G3_campaign,G3_campaign,m3star_graph_transition_xgboost_v0.1,0
C07-darpa-e5-theia-0515,random,0.2,41,project05_m3star_h3_no_dominance_dual,1,0.0,0,,0.0,0.0,0,0,0,m3star_graph_action_value_xgboost_v0.3,m3star_graph_action_value_xgboost_v0.3,m3star_graph_action_value_xgboost_v0.3,9.0,0,1,1,0,development,0,0,1.0,G3_campaign,1.0,0,G3_campaign,1,0,1,3,0,1,,8,1,0.0,,0.0,0,0,0,G3_campaign,G3_campaign,m3star_graph_transition_xgboost_v0.1,0
C07-darpa-e5-theia-0515,random,0.2,41,project05_m3star_h3_unshielded_dual,1,0.0,0,,0.0,0.0,0,0,0,m3star_graph_action_value_xgboost_v0.3,m3star_graph_action_value_xgboost_v0.3,m3star_graph_action_value_xgboost_v0.3,9.0,0,1,1,0,development,0,0,1.0,G3_campaign,1.0,0,G3_campaign,1,0,0,3,1,1,,8,0,0.0,,0.0,0,0,1,G3_campaign,G3_campaign,m3star_graph_transition_xgboost_v0.1,0
C07-darpa-e5-theia-0515,random,0.2,41,project05_m3star_h3_transition_only,1,0.0,0,,0.0,0.0,0,0,0,none,none,none,9.0,0,1,1,0,development,0,0,1.0,G3_campaign,1.0,0,G3_campaign,1,0,1,3,1,0,,8,1,0.0,,0.0,0,0,1,G3_campaign,G3_campaign,m3star_graph_transition_xgboost_v0.1,0
C07-darpa-e5-theia-0515,random,0.2,41,project05_m3star_h1_dual,1,0.0,0,,0.0,0.0,0,0,0,m3star_graph_action_value_xgboost_v0.3,m3star_graph_action_value_xgboost_v0.3,m3star_graph_action_value_xgboost_v0.3,9.0,0,1,1,0,development,0,0,1.0,G3_campaign,1.0,0,G3_campaign,1,0,1,1,1,1,,8,1,0.0,,0.0,0,0,1,G3_campaign,G3_campaign,m3star_graph_transition_xgboost_v0.1,0
C07-darpa-e5-theia-0515,random,0.2,41,project05_xgboost_policy,1,0.0,0,,0.0,0.0,0,0,0,,,,9.0,0,1,1,,development,0,0,1.0,G3_campaign,1.0,0,G3_campaign,1,0,,,,,,,,0.0,,0.0,0,0,,G3_campaign,G3_campaign,,0
C07-darpa-e5-theia-0515,random,0.2,41,project05_m3b_policy,1,0.0,0,,0.0,0.0,0,0,0,,,,9.0,0,1,1,,development,0,0,1.0,G3_campaign,1.0,0,G3_campaign,1,0,,,,,,,,0.0,,0.0,0,0,,G3_campaign,G3_campaign,,0
C07-darpa-e5-theia-0515,random,0.2,41,project05_m2,1,0.0,0,,0.0,0.0,0,0,0,,,,9.0,0,1,1,,development,0,0,1.0,G3_campaign,1.0,0,G3_campaign,1,0,,,,,,,,0.0,,0.0,0,0,,G3_campaign,G3_campaign,,0
C07-darpa-e5-theia-0515,random,0.2,41,oracle_optimal,1,0.0,0,,0.0,0.0,0,0,0,,,,9.0,0,1,1,,development,0,0,1.0,G3_campaign,1.0,0,G3_campaign,1,0,,,,,,,,0.0,,0.0,0,0,,G3_campaign,G3_campaign,,0
C07-darpa-e5-theia-0515,random,0.2,53,project05_m3star_h3_dual,1,0.0,0,,0.0,0.0,0,0,0,m3star_graph_action_value_xgboost_v0.3,m3star_graph_action_value_xgboost_v0.3,m3star_graph_action_value_xgboost_v0.3,9.0,0,1,1,0,development,0,0,1.0,G3_campaign,1.0,0,G3_campaign,1,0,1,3,1,1,,8,1,0.0,,0.0,0,0,1,G3_campaign,G3_campaign,m3star_graph_transition_xgboost_v0.1,0
C07-darpa-e5-theia-0515,random,0.2,53,project05_m3star_h3_no_dominance_dual,1,0.0,0,,0.0,0.0,0,0,0,m3star_graph_action_value_xgboost_v0.3,m3star_graph_action_value_xgboost_v0.3,m3star_graph_action_value_xgboost_v0.3,9.0,0,1,1,0,development,0,0,1.0,G3_campaign,1.0,0,G3_campaign,1,0,1,3,0,1,,8,1,0.0,,0.0,0,0,0,G3_campaign,G3_campaign,m3star_graph_transition_xgboost_v0.1,0
C07-darpa-e5-theia-0515,random,0.2,53,project05_m3star_h3_unshielded_dual,1,0.0,0,,0.0,0.0,0,0,0,m3star_graph_action_value_xgboost_v0.3,m3star_graph_action_value_xgboost_v0.3,m3star_graph_action_value_xgboost_v0.3,9.0,0,1,1,0,development,0,0,1.0,G3_campaign,1.0,0,G3_campaign,1,0,0,3,1,1,,8,0,0.0,,0.0,0,0,1,G3_campaign,G3_campaign,m3star_graph_transition_xgboost_v0.1,0
C07-darpa-e5-theia-0515,random,0.2,53,project05_m3star_h3_transition_only,1,0.0,0,,0.0,0.0,0,0,0,none,none,none,9.0,0,1,1,0,development,0,0,1.0,G3_campaign,1.0,0,G3_campaign,1,0,1,3,1,0,,8,1,0.0,,0.0,0,0,1,G3_campaign,G3_campaign,m3star_graph_transition_xgboost_v0.1,0
C07-darpa-e5-theia-0515,random,0.2,53,project05_m3star_h1_dual,1,0.0,0,,0.0,0.0,0,0,0,m3star_graph_action_value_xgboost_v0.3,m3star_graph_action_value_xgboost_v0.3,m3star_graph_action_value_xgboost_v0.3,9.0,0,1,1,0,development,0,0,1.0,G3_campaign,1.0,0,G3_campaign,1,0,1,1,1,1,,8,1,0.0,,0.0,0,0,1,G3_campaign,G3_campaign,m3star_graph_transition_xgboost_v0.1,0
C07-darpa-e5-theia-0515,random,0.2,53,project05_xgboost_policy,1,0.0,0,,0.0,0.0,0,0,0,,,,9.0,0,1,1,,development,0,0,1.0,G3_campaign,1.0,0,G3_campaign,1,0,,,,,,,,0.0,,0.0,0,0,,G3_campaign,G3_campaign,,0
C07-darpa-e5-theia-0515,random,0.2,53,project05_m3b_policy,1,0.0,0,,0.0,0.0,0,0,0,,,,9.0,0,1,1,,development,0,0,1.0,G3_campaign,1.0,0,G3_campaign,1,0,,,,,,,,0.0,,0.0,0,0,,G3_campaign,G3_campaign,,0
C07-darpa-e5-theia-0515,random,0.2,53,project05_m2,1,0.0,0,,0.0,0.0,0,0,0,,,,9.0,0,1,1,,development,0,0,1.0,G3_campaign,1.0,0,G3_campaign,1,0,,,,,,,,0.0,,0.0,0,0,,G3_campaign,G3_campaign,,0
C07-darpa-e5-theia-0515,random,0.2,53,oracle_optimal,1,0.0,0,,0.0,0.0,0,0,0,,,,9.0,0,1,1,,development,0,0,1.0,G3_campaign,1.0,0,G3_campaign,1,0,,,,,,,,0.0,,0.0,0,0,,G3_campaign,G3_campaign,,0
C07-darpa-e5-theia-0515,random,0.4,11,project05_m3star_h3_dual,1,0.0,0,,0.0,0.0,0,0,0,m3star_graph_action_value_xgboost_v0.3,m3star_graph_action_value_xgboost_v0.3,m3star_graph_action_value_xgboost_v0.3,9.0,0,1,1,0,development,0,0,1.0,G3_campaign,1.0,0,G3_campaign,2,0,1,3,1,1,,8,1,0.0,,0.0,0,0,1,G3_campaign,G3_campaign,m3star_graph_transition_xgboost_v0.1,0
C07-darpa-e5-theia-0515,random,0.4,11,project05_m3star_h3_no_dominance_dual,1,0.0,0,,0.0,0.0,0,0,0,m3star_graph_action_value_xgboost_v0.3,m3star_graph_action_value_xgboost_v0.3,m3star_graph_action_value_xgboost_v0.3,9.0,0,1,1,0,development,0,0,1.0,G3_campaign,1.0,0,G3_campaign,2,0,1,3,0,1,,8,1,0.0,,0.0,0,0,0,G3_campaign,G3_campaign,m3star_graph_transition_xgboost_v0.1,0
C07-darpa-e5-theia-0515,random,0.4,11,project05_m3star_h3_unshielded_dual,1,0.0,0,,0.0,0.0,0,0,0,m3star_graph_action_value_xgboost_v0.3,m3star_graph_action_value_xgboost_v0.3,m3star_graph_action_value_xgboost_v0.3,9.0,0,1,1,0,development,0,0,1.0,G3_campaign,1.0,0,G3_campaign,2,0,0,3,1,1,,8,0,0.0,,0.0,0,0,1,G3_campaign,G3_campaign,m3star_graph_transition_xgboost_v0.1,0
C07-darpa-e5-theia-0515,random,0.4,11,project05_m3star_h3_transition_only,1,0.0,0,,0.0,0.0,0,0,0,none,none,none,9.0,0,1,1,0,development,0,0,1.0,G3_campaign,1.0,0,G3_campaign,2,0,1,3,1,0,,8,1,0.0,,0.0,0,0,1,G3_campaign,G3_campaign,m3star_graph_transition_xgboost_v0.1,0
C07-darpa-e5-theia-0515,random,0.4,11,project05_m3star_h1_dual,1,0.0,0,,0.0,0.0,0,0,0,m3star_graph_action_value_xgboost_v0.3,m3star_graph_action_value_xgboost_v0.3,m3star_graph_action_value_xgboost_v0.3,9.0,0,1,1,0,development,0,0,1.0,G3_campaign,1.0,0,G3_campaign,2,0,1,1,1,1,,8,1,0.0,,0.0,0,0,1,G3_campaign,G3_campaign,m3star_graph_transition_xgboost_v0.1,0
C07-darpa-e5-theia-0515,random,0.4,11,project05_xgboost_policy,1,0.0,0,,0.0,0.0,0,0,0,,,,9.0,0,1,1,,development,0,0,1.0,G3_campaign,1.0,0,G3_campaign,2,0,,,,,,,,0.0,,0.0,0,0,,G3_campaign,G3_campaign,,0
C07-darpa-e5-theia-0515,random,0.4,11,project05_m3b_policy,1,0.0,0,,0.0,0.0,0,0,0,,,,9.0,0,1,1,,development,0,0,1.0,G3_campaign,1.0,0,G3_campaign,2,0,,,,,,,,0.0,,0.0,0,0,,G3_campaign,G3_campaign,,0
C07-darpa-e5-theia-0515,random,0.4,11,project05_m2,1,0.0,0,,0.0,0.0,0,0,0,,,,9.0,0,1,1,,development,0,0,1.0,G3_campaign,1.0,0,G3_campaign,2,0,,,,,,,,0.0,,0.0,0,0,,G3_campaign,G3_campaign,,0
C07-darpa-e5-theia-0515,random,0.4,11,oracle_optimal,1,0.0,0,,0.0,0.0,0,0,0,,,,9.0,0,1,1,,development,0,0,1.0,G3_campaign,1.0,0,G3_campaign,2,0,,,,,,,,0.0,,0.0,0,0,,G3_campaign,G3_campaign,,0
C07-darpa-e5-theia-0515,random,0.4,23,project05_m3star_h3_dual,1,5.0,2,C07-AA-004|C07-AA-002,5.0,0.0,0,0,0,m3star_graph_action_value_xgboost_v0.3,m3star_graph_action_value_xgboost_v0.3,m3star_graph_action_value_xgboost_v0.3,9.0,0,1,1,1,development,0,0,1.0,G3_campaign,1.0,1,G1_technique,2,0,1,3,1,1,,8,1,5.0,C07-AA-002,0.6667,2,2,1,G3_campaign,G3_campaign,m3star_graph_transition_xgboost_v0.1,0
C07-darpa-e5-theia-0515,random,0.4,23,project05_m3star_h3_no_dominance_dual,1,7.0,3,C07-AA-004|C07-AA-001|C07-AA-002,7.0,2.0,0,0,0,m3star_graph_action_value_xgboost_v0.3,m3star_graph_action_value_xgboost_v0.3,m3star_graph_action_value_xgboost_v0.3,9.0,0,1,1,0,development,0,0,1.0,G3_campaign,1.0,1,G1_technique,2,0,1,3,0,1,,8,1,5.0,C07-AA-002,0.6667,2,3,0,G3_campaign,G3_campaign,m3star_graph_transition_xgboost_v0.1,1
C07-darpa-e5-theia-0515,random,0.4,23,project05_m3star_h3_unshielded_dual,1,5.0,2,C07-AA-002|C07-AA-004,5.0,0.0,1,0,0,m3star_graph_action_value_xgboost_v0.3,m3star_graph_action_value_xgboost_v0.3,m3star_graph_action_value_xgboost_v0.3,9.0,0,1,1,1,development,0,0,1.0,G3_campaign,1.0,1,G1_technique,2,0,0,3,1,1,,8,0,5.0,C07-AA-002,0.4444,2,2,1,G3_campaign,G3_campaign,m3star_graph_transition_xgboost_v0.1,0
C07-darpa-e5-theia-0515,random,0.4,23,project05_m3star_h3_transition_only,1,5.0,2,C07-AA-004|C07-AA-002,5.0,0.0,0,0,0,none,none,none,9.0,0,1,1,1,development,0,0,1.0,G3_campaign,1.0,1,G1_technique,2,0,1,3,1,0,,8,1,5.0,C07-AA-002,0.6667,2,2,1,G3_campaign,G3_campaign,m3star_graph_transition_xgboost_v0.1,0
C07-darpa-e5-theia-0515,random,0.4,23,project05_m3star_h1_dual,1,5.0,2,C07-AA-004|C07-AA-002,5.0,0.0,0,0,0,m3star_graph_action_value_xgboost_v0.3,m3star_graph_action_value_xgboost_v0.3,m3star_graph_action_value_xgboost_v0.3,9.0,0,1,1,1,development,0,0,1.0,G3_campaign,1.0,1,G1_technique,2,0,1,1,1,1,,8,1,5.0,C07-AA-002,0.6667,2,2,1,G3_campaign,G3_campaign,m3star_graph_transition_xgboost_v0.1,0
C07-darpa-e5-theia-0515,random,0.4,23,project05_xgboost_policy,1,5.0,2,C07-AA-002|C07-AA-004,5.0,0.0,1,0,0,,,,9.0,0,1,1,,development,0,0,1.0,G3_campaign,1.0,1,G1_technique,2,0,,,,,,,,5.0,C07-AA-002,0.4444,2,2,,G3_campaign,G3_campaign,,0
C07-darpa-e5-theia-0515,random,0.4,23,project05_m3b_policy,1,7.0,3,C07-AA-003|C07-AA-004|C07-AA-002,7.0,2.0,0,0,0,,,,9.0,0,1,1,,development,0,0,1.0,G3_campaign,1.0,1,G1_technique,2,0,,,,,,,,5.0,C07-AA-002,0.8889,2,3,,G3_campaign,G3_campaign,,1
C07-darpa-e5-theia-0515,random,0.4,23,project05_m2,1,7.0,3,C07-AA-001|C07-AA-004|C07-AA-002,7.0,2.0,0,0,0,,,,9.0,0,1,1,,development,0,0,1.0,G3_campaign,1.0,1,G1_technique,2,0,,,,,,,,5.0,C07-AA-002,0.6667,2,3,,G3_campaign,G3_campaign,,1
C07-darpa-e5-theia-0515,random,0.4,23,oracle_optimal,1,5.0,2,C07-AA-002|C07-AA-004,5.0,0.0,1,0,0,,,,9.0,0,1,1,,development,0,0,1.0,G3_campaign,1.0,1,G1_technique,2,0,,,,,,,,5.0,C07-AA-002,0.4444,2,2,,G3_campaign,G3_campaign,,0
C07-darpa-e5-theia-0515,random,0.4,37,project05_m3star_h3_dual,1,3.0,1,C07-AA-002,3.0,0.0,1,0,0,m3star_graph_action_value_xgboost_v0.3,m3star_graph_action_value_xgboost_v0.3,m3star_graph_action_value_xgboost_v0.3,9.0,0,1,1,1,development,0,0,1.0,G3_campaign,1.0,1,G2_tactic_intent,2,0,1,3,1,1,,8,1,3.0,C07-AA-002,0.0,1,1,1,G3_campaign,G3_campaign,m3star_graph_transition_xgboost_v0.1,0
C07-darpa-e5-theia-0515,random,0.4,37,project05_m3star_h3_no_dominance_dual,1,5.0,2,C07-AA-001|C07-AA-002,5.0,2.0,0,0,0,m3star_graph_action_value_xgboost_v0.3,m3star_graph_action_value_xgboost_v0.3,m3star_graph_action_value_xgboost_v0.3,9.0,0,1,1,0,development,0,0,1.0,G3_campaign,1.0,1,G2_tactic_intent,2,0,1,3,0,1,,8,1,3.0,C07-AA-002,0.6667,1,2,0,G3_campaign,G3_campaign,m3star_graph_transition_xgboost_v0.1,1
C07-darpa-e5-theia-0515,random,0.4,37,project05_m3star_h3_unshielded_dual,1,3.0,1,C07-AA-002,3.0,0.0,1,0,0,m3star_graph_action_value_xgboost_v0.3,m3star_graph_action_value_xgboost_v0.3,m3star_graph_action_value_xgboost_v0.3,9.0,0,1,1,1,development,0,0,1.0,G3_campaign,1.0,1,G2_tactic_intent,2,0,0,3,1,1,,8,0,3.0,C07-AA-002,0.0,1,1,1,G3_campaign,G3_campaign,m3star_graph_transition_xgboost_v0.1,0
C07-darpa-e5-theia-0515,random,0.4,37,project05_m3star_h3_transition_only,1,3.0,1,C07-AA-002,3.0,0.0,1,0,0,none,none,none,9.0,0,1,1,1,development,0,0,1.0,G3_campaign,1.0,1,G2_tactic_intent,2,0,1,3,1,0,,8,1,3.0,C07-AA-002,0.0,1,1,1,G3_campaign,G3_campaign,m3star_graph_transition_xgboost_v0.1,0
C07-darpa-e5-theia-0515,random,0.4,37,project05_m3star_h1_dual,1,3.0,1,C07-AA-002,3.0,0.0,1,0,0,m3star_graph_action_value_xgboost_v0.3,m3star_graph_action_value_xgboost_v0.3,m3star_graph_action_value_xgboost_v0.3,9.0,0,1,1,1,development,0,0,1.0,G3_campaign,1.0,1,G2_tactic_intent,2,0,1,1,1,1,,8,1,3.0,C07-AA-002,0.0,1,1,1,G3_campaign,G3_campaign,m3star_graph_transition_xgboost_v0.1,0
C07-darpa-e5-theia-0515,random,0.4,37,project05_xgboost_policy,1,3.0,1,C07-AA-002,3.0,0.0,1,0,0,,,,9.0,0,1,1,,development,0,0,1.0,G3_campaign,1.0,1,G2_tactic_intent,2,0,,,,,,,,3.0,C07-AA-002,0.0,1,1,,G3_campaign,G3_campaign,,0
C07-darpa-e5-theia-0515,random,0.4,37,project05_m3b_policy,1,3.0,1,C07-AA-002,3.0,0.0,1,0,0,,,,9.0,0,1,1,,development,0,0,1.0,G3_campaign,1.0,1,G2_tactic_intent,2,0,,,,,,,,3.0,C07-AA-002,0.0,1,1,,G3_campaign,G3_campaign,,0
C07-darpa-e5-theia-0515,random,0.4,37,project05_m2,1,5.0,2,C07-AA-001|C07-AA-002,5.0,2.0,0,0,0,,,,9.0,0,1,1,,development,0,0,1.0,G3_campaign,1.0,1,G2_tactic_intent,2,0,,,,,,,,3.0,C07-AA-002,0.6667,1,2,,G3_campaign,G3_campaign,,1
C07-darpa-e5-theia-0515,random,0.4,37,oracle_optimal,1,3.0,1,C07-AA-002,3.0,0.0,1,0,0,,,,9.0,0,1,1,,development,0,0,1.0,G3_campaign,1.0,1,G2_tactic_intent,2,0,,,,,,,,3.0,C07-AA-002,0.0,1,1,,G3_campaign,G3_campaign,,0
C07-darpa-e5-theia-0515,random,0.4,41,project05_m3star_h3_dual,1,2.0,1,C07-AA-004,2.0,0.0,1,0,0,m3star_graph_action_value_xgboost_v0.3,m3star_graph_action_value_xgboost_v0.3,m3star_graph_action_value_xgboost_v0.3,9.0,0,1,1,0,development,0,0,1.0,G3_campaign,1.0,1,G2_tactic_intent,2,0,1,3,1,1,,8,1,2.0,C07-AA-004,0.0,1,1,1,G3_campaign,G3_campaign,m3star_graph_transition_xgboost_v0.1,0
C07-darpa-e5-theia-0515,random,0.4,41,project05_m3star_h3_no_dominance_dual,1,2.0,1,C07-AA-004,2.0,0.0,1,0,0,m3star_graph_action_value_xgboost_v0.3,m3star_graph_action_value_xgboost_v0.3,m3star_graph_action_value_xgboost_v0.3,9.0,0,1,1,0,development,0,0,1.0,G3_campaign,1.0,1,G2_tactic_intent,2,0,1,3,0,1,,8,1,2.0,C07-AA-004,0.0,1,1,0,G3_campaign,G3_campaign,m3star_graph_transition_xgboost_v0.1,0
C07-darpa-e5-theia-0515,random,0.4,41,project05_m3star_h3_unshielded_dual,1,2.0,1,C07-AA-004,2.0,0.0,1,0,0,m3star_graph_action_value_xgboost_v0.3,m3star_graph_action_value_xgboost_v0.3,m3star_graph_action_value_xgboost_v0.3,9.0,0,1,1,0,development,0,0,1.0,G3_campaign,1.0,1,G2_tactic_intent,2,0,0,3,1,1,,8,0,2.0,C07-AA-004,0.0,1,1,1,G3_campaign,G3_campaign,m3star_graph_transition_xgboost_v0.1,0
C07-darpa-e5-theia-0515,random,0.4,41,project05_m3star_h3_transition_only,1,2.0,1,C07-AA-004,2.0,0.0,1,0,0,none,none,none,9.0,0,1,1,0,development,0,0,1.0,G3_campaign,1.0,1,G2_tactic_intent,2,0,1,3,1,0,,8,1,2.0,C07-AA-004,0.0,1,1,1,G3_campaign,G3_campaign,m3star_graph_transition_xgboost_v0.1,0
C07-darpa-e5-theia-0515,random,0.4,41,project05_m3star_h1_dual,1,2.0,1,C07-AA-004,2.0,0.0,1,0,0,m3star_graph_action_value_xgboost_v0.3,m3star_graph_action_value_xgboost_v0.3,m3star_graph_action_value_xgboost_v0.3,9.0,0,1,1,0,development,0,0,1.0,G3_campaign,1.0,1,G2_tactic_intent,2,0,1,1,1,1,,8,1,2.0,C07-AA-004,0.0,1,1,1,G3_campaign,G3_campaign,m3star_graph_transition_xgboost_v0.1,0
C07-darpa-e5-theia-0515,random,0.4,41,project05_xgboost_policy,1,2.0,1,C07-AA-004,2.0,0.0,1,0,0,,,,9.0,0,1,1,,development,0,0,1.0,G3_campaign,1.0,1,G2_tactic_intent,2,0,,,,,,,,2.0,C07-AA-004,0.0,1,1,,G3_campaign,G3_campaign,,0
C07-darpa-e5-theia-0515,random,0.4,41,project05_m3b_policy,1,4.0,2,C07-AA-003|C07-AA-004,4.0,2.0,0,0,0,,,,9.0,0,1,1,,development,0,0,1.0,G3_campaign,1.0,1,G2_tactic_intent,2,0,,,,,,,,2.0,C07-AA-004,0.2222,1,2,,G3_campaign,G3_campaign,,1
C07-darpa-e5-theia-0515,random,0.4,41,project05_m2,1,2.0,1,C07-AA-004,2.0,0.0,1,0,0,,,,9.0,0,1,1,,development,0,0,1.0,G3_campaign,1.0,1,G2_tactic_intent,2,0,,,,,,,,2.0,C07-AA-004,0.0,1,1,,G3_campaign,G3_campaign,,0
C07-darpa-e5-theia-0515,random,0.4,41,oracle_optimal,1,2.0,1,C07-AA-004,2.0,0.0,1,0,0,,,,9.0,0,1,1,,development,0,0,1.0,G3_campaign,1.0,1,G2_tactic_intent,2,0,,,,,,,,2.0,C07-AA-004,0.0,1,1,,G3_campaign,G3_campaign,,0
C07-darpa-e5-theia-0515,random,0.4,53,project05_m3star_h3_dual,1,2.0,1,C07-AA-003,2.0,0.0,1,0,0,m3star_graph_action_value_xgboost_v0.3,m3star_graph_action_value_xgboost_v0.3,m3star_graph_action_value_xgboost_v0.3,9.0,0,1,1,0,development,0,0,1.0,G3_campaign,1.0,1,G2_tactic_intent,2,0,1,3,1,1,,8,1,2.0,C07-AA-003,0.0,1,1,1,G3_campaign,G3_campaign,m3star_graph_transition_xgboost_v0.1,0
C07-darpa-e5-theia-0515,random,0.4,53,project05_m3star_h3_no_dominance_dual,1,2.0,1,C07-AA-003,2.0,0.0,1,0,0,m3star_graph_action_value_xgboost_v0.3,m3star_graph_action_value_xgboost_v0.3,m3star_graph_action_value_xgboost_v0.3,9.0,0,1,1,0,development,0,0,1.0,G3_campaign,1.0,1,G2_tactic_intent,2,0,1,3,0,1,,8,1,2.0,C07-AA-003,0.0,1,1,0,G3_campaign,G3_campaign,m3star_graph_transition_xgboost_v0.1,0
C07-darpa-e5-theia-0515,random,0.4,53,project05_m3star_h3_unshielded_dual,1,2.0,1,C07-AA-003,2.0,0.0,1,0,0,m3star_graph_action_value_xgboost_v0.3,m3star_graph_action_value_xgboost_v0.3,m3star_graph_action_value_xgboost_v0.3,9.0,0,1,1,0,development,0,0,1.0,G3_campaign,1.0,1,G2_tactic_intent,2,0,0,3,1,1,,8,0,2.0,C07-AA-003,0.0,1,1,1,G3_campaign,G3_campaign,m3star_graph_transition_xgboost_v0.1,0
C07-darpa-e5-theia-0515,random,0.4,53,project05_m3star_h3_transition_only,1,2.0,1,C07-AA-003,2.0,0.0,1,0,0,none,none,none,9.0,0,1,1,0,development,0,0,1.0,G3_campaign,1.0,1,G2_tactic_intent,2,0,1,3,1,0,,8,1,2.0,C07-AA-003,0.0,1,1,1,G3_campaign,G3_campaign,m3star_graph_transition_xgboost_v0.1,0
C07-darpa-e5-theia-0515,random,0.4,53,project05_m3star_h1_dual,1,2.0,1,C07-AA-003,2.0,0.0,1,0,0,m3star_graph_action_value_xgboost_v0.3,m3star_graph_action_value_xgboost_v0.3,m3star_graph_action_value_xgboost_v0.3,9.0,0,1,1,0,development,0,0,1.0,G3_campaign,1.0,1,G2_tactic_intent,2,0,1,1,1,1,,8,1,2.0,C07-AA-003,0.0,1,1,1,G3_campaign,G3_campaign,m3star_graph_transition_xgboost_v0.1,0
C07-darpa-e5-theia-0515,random,0.4,53,project05_xgboost_policy,1,7.0,3,C07-AA-002|C07-AA-004|C07-AA-003,7.0,5.0,0,0,0,,,,9.0,0,1,1,,development,0,0,1.0,G3_campaign,1.0,1,G2_tactic_intent,2,0,,,,,,,,2.0,C07-AA-003,0.6667,1,3,,G3_campaign,G3_campaign,,2
C07-darpa-e5-theia-0515,random,0.4,53,project05_m3b_policy,1,2.0,1,C07-AA-003,2.0,0.0,1,0,0,,,,9.0,0,1,1,,development,0,0,1.0,G3_campaign,1.0,1,G2_tactic_intent,2,0,,,,,,,,2.0,C07-AA-003,0.0,1,1,,G3_campaign,G3_campaign,,0
C07-darpa-e5-theia-0515,random,0.4,53,project05_m2,1,2.0,1,C07-AA-003,2.0,0.0,1,0,0,,,,9.0,0,1,1,,development,0,0,1.0,G3_campaign,1.0,1,G2_tactic_intent,2,0,,,,,,,,2.0,C07-AA-003,0.0,1,1,,G3_campaign,G3_campaign,,0
C07-darpa-e5-theia-0515,random,0.4,53,oracle_optimal,1,2.0,1,C07-AA-003,2.0,0.0,1,0,0,,,,9.0,0,1,1,,development,0,0,1.0,G3_campaign,1.0,1,G2_tactic_intent,2,0,,,,,,,,2.0,C07-AA-003,0.0,1,1,,G3_campaign,G3_campaign,,0
C07-darpa-e5-theia-0515,random,0.6,11,project05_m3star_h3_dual,1,2.0,1,C07-AA-003,2.0,0.0,1,0,0,m3star_graph_action_value_xgboost_v0.3,m3star_graph_action_value_xgboost_v0.3,m3star_graph_action_value_xgboost_v0.3,9.0,0,1,1,0,development,0,0,1.0,G3_campaign,1.0,1,G2_tactic_intent,3,0,1,3,1,1,,8,1,2.0,C07-AA-003,0.0,1,1,1,G3_campaign,G3_campaign,m3star_graph_transition_xgboost_v0.1,0
C07-darpa-e5-theia-0515,random,0.6,11,project05_m3star_h3_no_dominance_dual,1,2.0,1,C07-AA-003,2.0,0.0,1,0,0,m3star_graph_action_value_xgboost_v0.3,m3star_graph_action_value_xgboost_v0.3,m3star_graph_action_value_xgboost_v0.3,9.0,0,1,1,0,development,0,0,1.0,G3_campaign,1.0,1,G2_tactic_intent,3,0,1,3,0,1,,8,1,2.0,C07-AA-003,0.0,1,1,0,G3_campaign,G3_campaign,m3star_graph_transition_xgboost_v0.1,0
C07-darpa-e5-theia-0515,random,0.6,11,project05_m3star_h3_unshielded_dual,1,2.0,1,C07-AA-003,2.0,0.0,1,0,0,m3star_graph_action_value_xgboost_v0.3,m3star_graph_action_value_xgboost_v0.3,m3star_graph_action_value_xgboost_v0.3,9.0,0,1,1,0,development,0,0,1.0,G3_campaign,1.0,1,G2_tactic_intent,3,0,0,3,1,1,,8,0,2.0,C07-AA-003,0.0,1,1,1,G3_campaign,G3_campaign,m3star_graph_transition_xgboost_v0.1,0
C07-darpa-e5-theia-0515,random,0.6,11,project05_m3star_h3_transition_only,1,2.0,1,C07-AA-003,2.0,0.0,1,0,0,none,none,none,9.0,0,1,1,0,development,0,0,1.0,G3_campaign,1.0,1,G2_tactic_intent,3,0,1,3,1,0,,8,1,2.0,C07-AA-003,0.0,1,1,1,G3_campaign,G3_campaign,m3star_graph_transition_xgboost_v0.1,0
C07-darpa-e5-theia-0515,random,0.6,11,project05_m3star_h1_dual,1,2.0,1,C07-AA-003,2.0,0.0,1,0,0,m3star_graph_action_value_xgboost_v0.3,m3star_graph_action_value_xgboost_v0.3,m3star_graph_action_value_xgboost_v0.3,9.0,0,1,1,0,development,0,0,1.0,G3_campaign,1.0,1,G2_tactic_intent,3,0,1,1,1,1,,8,1,2.0,C07-AA-003,0.0,1,1,1,G3_campaign,G3_campaign,m3star_graph_transition_xgboost_v0.1,0
C07-darpa-e5-theia-0515,random,0.6,11,project05_xgboost_policy,1,7.0,3,C07-AA-002|C07-AA-004|C07-AA-003,7.0,5.0,0,0,0,,,,9.0,0,1,1,,development,0,0,1.0,G3_campaign,1.0,1,G2_tactic_intent,3,0,,,,,,,,2.0,C07-AA-003,0.6667,1,3,,G3_campaign,G3_campaign,,2
C07-darpa-e5-theia-0515,random,0.6,11,project05_m3b_policy,1,2.0,1,C07-AA-003,2.0,0.0,1,0,0,,,,9.0,0,1,1,,development,0,0,1.0,G3_campaign,1.0,1,G2_tactic_intent,3,0,,,,,,,,2.0,C07-AA-003,0.0,1,1,,G3_campaign,G3_campaign,,0
C07-darpa-e5-theia-0515,random,0.6,11,project05_m2,1,2.0,1,C07-AA-003,2.0,0.0,1,0,0,,,,9.0,0,1,1,,development,0,0,1.0,G3_campaign,1.0,1,G2_tactic_intent,3,0,,,,,,,,2.0,C07-AA-003,0.0,1,1,,G3_campaign,G3_campaign,,0
C07-darpa-e5-theia-0515,random,0.6,11,oracle_optimal,1,2.0,1,C07-AA-003,2.0,0.0,1,0,0,,,,9.0,0,1,1,,development,0,0,1.0,G3_campaign,1.0,1,G2_tactic_intent,3,0,,,,,,,,2.0,C07-AA-003,0.0,1,1,,G3_campaign,G3_campaign,,0
C07-darpa-e5-theia-0515,random,0.6,23,project05_m3star_h3_dual,1,5.0,2,C07-AA-004|C07-AA-002,5.0,0.0,0,0,0,m3star_graph_action_value_xgboost_v0.3,m3star_graph_action_value_xgboost_v0.3,m3star_graph_action_value_xgboost_v0.3,9.0,0,1,1,1,development,0,0,1.0,G3_campaign,1.0,1,G1_technique,3,0,1,3,1,1,,8,1,5.0,C07-AA-002,0.6667,2,2,1,G3_campaign,G3_campaign,m3star_graph_transition_xgboost_v0.1,0
C07-darpa-e5-theia-0515,random,0.6,23,project05_m3star_h3_no_dominance_dual,1,7.0,3,C07-AA-004|C07-AA-001|C07-AA-002,7.0,2.0,0,0,0,m3star_graph_action_value_xgboost_v0.3,m3star_graph_action_value_xgboost_v0.3,m3star_graph_action_value_xgboost_v0.3,9.0,0,1,1,0,development,0,0,1.0,G3_campaign,1.0,1,G1_technique,3,0,1,3,0,1,,8,1,5.0,C07-AA-002,0.6667,2,3,0,G3_campaign,G3_campaign,m3star_graph_transition_xgboost_v0.1,1
C07-darpa-e5-theia-0515,random,0.6,23,project05_m3star_h3_unshielded_dual,1,5.0,2,C07-AA-002|C07-AA-004,5.0,0.0,1,0,0,m3star_graph_action_value_xgboost_v0.3,m3star_graph_action_value_xgboost_v0.3,m3star_graph_action_value_xgboost_v0.3,9.0,0,1,1,1,development,0,0,1.0,G3_campaign,1.0,1,G1_technique,3,0,0,3,1,1,,8,0,5.0,C07-AA-002,0.4444,2,2,1,G3_campaign,G3_campaign,m3star_graph_transition_xgboost_v0.1,0
C07-darpa-e5-theia-0515,random,0.6,23,project05_m3star_h3_transition_only,1,5.0,2,C07-AA-004|C07-AA-002,5.0,0.0,0,0,0,none,none,none,9.0,0,1,1,1,development,0,0,1.0,G3_campaign,1.0,1,G1_technique,3,0,1,3,1,0,,8,1,5.0,C07-AA-002,0.6667,2,2,1,G3_campaign,G3_campaign,m3star_graph_transition_xgboost_v0.1,0
C07-darpa-e5-theia-0515,random,0.6,23,project05_m3star_h1_dual,1,5.0,2,C07-AA-004|C07-AA-002,5.0,0.0,0,0,0,m3star_graph_action_value_xgboost_v0.3,m3star_graph_action_value_xgboost_v0.3,m3star_graph_action_value_xgboost_v0.3,9.0,0,1,1,1,development,0,0,1.0,G3_campaign,1.0,1,G1_technique,3,0,1,1,1,1,,8,1,5.0,C07-AA-002,0.6667,2,2,1,G3_campaign,G3_campaign,m3star_graph_transition_xgboost_v0.1,0
C07-darpa-e5-theia-0515,random,0.6,23,project05_xgboost_policy,1,5.0,2,C07-AA-002|C07-AA-004,5.0,0.0,1,0,0,,,,9.0,0,1,1,,development,0,0,1.0,G3_campaign,1.0,1,G1_technique,3,0,,,,,,,,5.0,C07-AA-002,0.4444,2,2,,G3_campaign,G3_campaign,,0
C07-darpa-e5-theia-0515,random,0.6,23,project05_m3b_policy,1,7.0,3,C07-AA-003|C07-AA-004|C07-AA-002,7.0,2.0,0,0,0,,,,9.0,0,1,1,,development,0,0,1.0,G3_campaign,1.0,1,G1_technique,3,0,,,,,,,,5.0,C07-AA-002,0.8889,2,3,,G3_campaign,G3_campaign,,1
C07-darpa-e5-theia-0515,random,0.6,23,project05_m2,1,7.0,3,C07-AA-001|C07-AA-004|C07-AA-002,7.0,2.0,0,0,0,,,,9.0,0,1,1,,development,0,0,1.0,G3_campaign,1.0,1,G1_technique,3,0,,,,,,,,5.0,C07-AA-002,0.6667,2,3,,G3_campaign,G3_campaign,,1
C07-darpa-e5-theia-0515,random,0.6,23,oracle_optimal,1,5.0,2,C07-AA-002|C07-AA-004,5.0,0.0,1,0,0,,,,9.0,0,1,1,,development,0,0,1.0,G3_campaign,1.0,1,G1_technique,3,0,,,,,,,,5.0,C07-AA-002,0.4444,2,2,,G3_campaign,G3_campaign,,0
C07-darpa-e5-theia-0515,random,0.6,37,project05_m3star_h3_dual,1,5.0,2,C07-AA-004|C07-AA-002,5.0,0.0,0,0,0,m3star_graph_action_value_xgboost_v0.3,m3star_graph_action_value_xgboost_v0.3,m3star_graph_action_value_xgboost_v0.3,9.0,0,1,1,1,development,0,0,1.0,G3_campaign,1.0,1,G1_technique,3,0,1,3,1,1,,8,1,5.0,C07-AA-002,0.6667,2,2,1,G3_campaign,G3_campaign,m3star_graph_transition_xgboost_v0.1,0
C07-darpa-e5-theia-0515,random,0.6,37,project05_m3star_h3_no_dominance_dual,1,7.0,3,C07-AA-004|C07-AA-001|C07-AA-002,7.0,2.0,0,0,0,m3star_graph_action_value_xgboost_v0.3,m3star_graph_action_value_xgboost_v0.3,m3star_graph_action_value_xgboost_v0.3,9.0,0,1,1,0,development,0,0,1.0,G3_campaign,1.0,1,G1_technique,3,0,1,3,0,1,,8,1,5.0,C07-AA-002,0.6667,2,3,0,G3_campaign,G3_campaign,m3star_graph_transition_xgboost_v0.1,1
C07-darpa-e5-theia-0515,random,0.6,37,project05_m3star_h3_unshielded_dual,1,5.0,2,C07-AA-002|C07-AA-004,5.0,0.0,1,0,0,m3star_graph_action_value_xgboost_v0.3,m3star_graph_action_value_xgboost_v0.3,m3star_graph_action_value_xgboost_v0.3,9.0,0,1,1,1,development,0,0,1.0,G3_campaign,1.0,1,G1_technique,3,0,0,3,1,1,,8,0,5.0,C07-AA-002,0.4444,2,2,1,G3_campaign,G3_campaign,m3star_graph_transition_xgboost_v0.1,0
C07-darpa-e5-theia-0515,random,0.6,37,project05_m3star_h3_transition_only,1,5.0,2,C07-AA-004|C07-AA-002,5.0,0.0,0,0,0,none,none,none,9.0,0,1,1,1,development,0,0,1.0,G3_campaign,1.0,1,G1_technique,3,0,1,3,1,0,,8,1,5.0,C07-AA-002,0.6667,2,2,1,G3_campaign,G3_campaign,m3star_graph_transition_xgboost_v0.1,0
C07-darpa-e5-theia-0515,random,0.6,37,project05_m3star_h1_dual,1,5.0,2,C07-AA-004|C07-AA-002,5.0,0.0,0,0,0,m3star_graph_action_value_xgboost_v0.3,m3star_graph_action_value_xgboost_v0.3,m3star_graph_action_value_xgboost_v0.3,9.0,0,1,1,1,development,0,0,1.0,G3_campaign,1.0,1,G1_technique,3,0,1,1,1,1,,8,1,5.0,C07-AA-002,0.6667,2,2,1,G3_campaign,G3_campaign,m3star_graph_transition_xgboost_v0.1,0
C07-darpa-e5-theia-0515,random,0.6,37,project05_xgboost_policy,1,5.0,2,C07-AA-002|C07-AA-004,5.0,0.0,1,0,0,,,,9.0,0,1,1,,development,0,0,1.0,G3_campaign,1.0,1,G1_technique,3,0,,,,,,,,5.0,C07-AA-002,0.4444,2,2,,G3_campaign,G3_campaign,,0
C07-darpa-e5-theia-0515,random,0.6,37,project05_m3b_policy,1,7.0,3,C07-AA-003|C07-AA-004|C07-AA-002,7.0,2.0,0,0,0,,,,9.0,0,1,1,,development,0,0,1.0,G3_campaign,1.0,1,G1_technique,3,0,,,,,,,,5.0,C07-AA-002,0.8889,2,3,,G3_campaign,G3_campaign,,1
C07-darpa-e5-theia-0515,random,0.6,37,project05_m2,1,7.0,3,C07-AA-001|C07-AA-004|C07-AA-002,7.0,2.0,0,0,0,,,,9.0,0,1,1,,development,0,0,1.0,G3_campaign,1.0,1,G1_technique,3,0,,,,,,,,5.0,C07-AA-002,0.6667,2,3,,G3_campaign,G3_campaign,,1
C07-darpa-e5-theia-0515,random,0.6,37,oracle_optimal,1,5.0,2,C07-AA-002|C07-AA-004,5.0,0.0,1,0,0,,,,9.0,0,1,1,,development,0,0,1.0,G3_campaign,1.0,1,G1_technique,3,0,,,,,,,,5.0,C07-AA-002,0.4444,2,2,,G3_campaign,G3_campaign,,0
C07-darpa-e5-theia-0515,random,0.6,41,project05_m3star_h3_dual,1,5.0,2,C07-AA-004|C07-AA-002,5.0,1.0,0,0,0,m3star_graph_action_value_xgboost_v0.3,m3star_graph_action_value_xgboost_v0.3,m3star_graph_action_value_xgboost_v0.3,9.0,0,1,1,1,development,0,0,1.0,G3_campaign,1.0,1,G1_technique,3,0,1,3,1,1,,8,1,4.0,C07-AA-001,0.6667,2,2,1,G3_campaign,G3_campaign,m3star_graph_transition_xgboost_v0.1,0
C07-darpa-e5-theia-0515,random,0.6,41,project05_m3star_h3_no_dominance_dual,1,4.0,2,C07-AA-004|C07-AA-001,4.0,0.0,0,0,0,m3star_graph_action_value_xgboost_v0.3,m3star_graph_action_value_xgboost_v0.3,m3star_graph_action_value_xgboost_v0.3,9.0,0,1,1,0,development,0,0,1.0,G3_campaign,1.0,1,G1_technique,3,0,1,3,0,1,,8,1,4.0,C07-AA-001,0.0,2,2,0,G3_campaign,G3_campaign,m3star_graph_transition_xgboost_v0.1,0
C07-darpa-e5-theia-0515,random,0.6,41,project05_m3star_h3_unshielded_dual,1,5.0,2,C07-AA-002|C07-AA-004,5.0,1.0,0,0,0,m3star_graph_action_value_xgboost_v0.3,m3star_graph_action_value_xgboost_v0.3,m3star_graph_action_value_xgboost_v0.3,9.0,0,1,1,1,development,0,0,1.0,G3_campaign,1.0,1,G1_technique,3,0,0,3,1,1,,8,0,4.0,C07-AA-001,0.4444,2,2,1,G3_campaign,G3_campaign,m3star_graph_transition_xgboost_v0.1,0
C07-darpa-e5-theia-0515,random,0.6,41,project05_m3star_h3_transition_only,1,5.0,2,C07-AA-004|C07-AA-002,5.0,1.0,0,0,0,none,none,none,9.0,0,1,1,1,development,0,0,1.0,G3_campaign,1.0,1,G1_technique,3,0,1,3,1,0,,8,1,4.0,C07-AA-001,0.6667,2,2,1,G3_campaign,G3_campaign,m3star_graph_transition_xgboost_v0.1,0
C07-darpa-e5-theia-0515,random,0.6,41,project05_m3star_h1_dual,1,5.0,2,C07-AA-004|C07-AA-002,5.0,1.0,0,0,0,m3star_graph_action_value_xgboost_v0.3,m3star_graph_action_value_xgboost_v0.3,m3star_graph_action_value_xgboost_v0.3,9.0,0,1,1,1,development,0,0,1.0,G3_campaign,1.0,1,G1_technique,3,0,1,1,1,1,,8,1,4.0,C07-AA-001,0.6667,2,2,1,G3_campaign,G3_campaign,m3star_graph_transition_xgboost_v0.1,0
C07-darpa-e5-theia-0515,random,0.6,41,project05_xgboost_policy,1,5.0,2,C07-AA-002|C07-AA-004,5.0,1.0,0,0,0,,,,9.0,0,1,1,,development,0,0,1.0,G3_campaign,1.0,1,G1_technique,3,0,,,,,,,,4.0,C07-AA-001,0.4444,2,2,,G3_campaign,G3_campaign,,0
C07-darpa-e5-theia-0515,random,0.6,41,project05_m3b_policy,1,7.0,3,C07-AA-003|C07-AA-004|C07-AA-002,7.0,3.0,0,0,0,,,,9.0,0,1,1,,development,0,0,1.0,G3_campaign,1.0,1,G1_technique,3,0,,,,,,,,4.0,C07-AA-001,0.8889,2,3,,G3_campaign,G3_campaign,,1
C07-darpa-e5-theia-0515,random,0.6,41,project05_m2,1,4.0,2,C07-AA-001|C07-AA-004,4.0,0.0,1,0,0,,,,9.0,0,1,1,,development,0,0,1.0,G3_campaign,1.0,1,G1_technique,3,0,,,,,,,,4.0,C07-AA-001,0.0,2,2,,G3_campaign,G3_campaign,,0
C07-darpa-e5-theia-0515,random,0.6,41,oracle_optimal,1,4.0,2,C07-AA-001|C07-AA-004,4.0,0.0,1,0,0,,,,9.0,0,1,1,,development,0,0,1.0,G3_campaign,1.0,1,G1_technique,3,0,,,,,,,,4.0,C07-AA-001,0.0,2,2,,G3_campaign,G3_campaign,,0
C07-darpa-e5-theia-0515,random,0.6,53,project05_m3star_h3_dual,1,2.0,1,C07-AA-003,2.0,0.0,1,0,0,m3star_graph_action_value_xgboost_v0.3,m3star_graph_action_value_xgboost_v0.3,m3star_graph_action_value_xgboost_v0.3,9.0,0,1,1,0,development,0,0,1.0,G3_campaign,1.0,1,G2_tactic_intent,3,0,1,3,1,1,,8,1,2.0,C07-AA-003,0.0,1,1,1,G3_campaign,G3_campaign,m3star_graph_transition_xgboost_v0.1,0
C07-darpa-e5-theia-0515,random,0.6,53,project05_m3star_h3_no_dominance_dual,1,2.0,1,C07-AA-003,2.0,0.0,1,0,0,m3star_graph_action_value_xgboost_v0.3,m3star_graph_action_value_xgboost_v0.3,m3star_graph_action_value_xgboost_v0.3,9.0,0,1,1,0,development,0,0,1.0,G3_campaign,1.0,1,G2_tactic_intent,3,0,1,3,0,1,,8,1,2.0,C07-AA-003,0.0,1,1,0,G3_campaign,G3_campaign,m3star_graph_transition_xgboost_v0.1,0
C07-darpa-e5-theia-0515,random,0.6,53,project05_m3star_h3_unshielded_dual,1,2.0,1,C07-AA-003,2.0,0.0,1,0,0,m3star_graph_action_value_xgboost_v0.3,m3star_graph_action_value_xgboost_v0.3,m3star_graph_action_value_xgboost_v0.3,9.0,0,1,1,0,development,0,0,1.0,G3_campaign,1.0,1,G2_tactic_intent,3,0,0,3,1,1,,8,0,2.0,C07-AA-003,0.0,1,1,1,G3_campaign,G3_campaign,m3star_graph_transition_xgboost_v0.1,0
C07-darpa-e5-theia-0515,random,0.6,53,project05_m3star_h3_transition_only,1,2.0,1,C07-AA-003,2.0,0.0,1,0,0,none,none,none,9.0,0,1,1,0,development,0,0,1.0,G3_campaign,1.0,1,G2_tactic_intent,3,0,1,3,1,0,,8,1,2.0,C07-AA-003,0.0,1,1,1,G3_campaign,G3_campaign,m3star_graph_transition_xgboost_v0.1,0
C07-darpa-e5-theia-0515,random,0.6,53,project05_m3star_h1_dual,1,2.0,1,C07-AA-003,2.0,0.0,1,0,0,m3star_graph_action_value_xgboost_v0.3,m3star_graph_action_value_xgboost_v0.3,m3star_graph_action_value_xgboost_v0.3,9.0,0,1,1,0,development,0,0,1.0,G3_campaign,1.0,1,G2_tactic_intent,3,0,1,1,1,1,,8,1,2.0,C07-AA-003,0.0,1,1,1,G3_campaign,G3_campaign,m3star_graph_transition_xgboost_v0.1,0
C07-darpa-e5-theia-0515,random,0.6,53,project05_xgboost_policy,1,7.0,3,C07-AA-002|C07-AA-004|C07-AA-003,7.0,5.0,0,0,0,,,,9.0,0,1,1,,development,0,0,1.0,G3_campaign,1.0,1,G2_tactic_intent,3,0,,,,,,,,2.0,C07-AA-003,0.6667,1,3,,G3_campaign,G3_campaign,,2
C07-darpa-e5-theia-0515,random,0.6,53,project05_m3b_policy,1,2.0,1,C07-AA-003,2.0,0.0,1,0,0,,,,9.0,0,1,1,,development,0,0,1.0,G3_campaign,1.0,1,G2_tactic_intent,3,0,,,,,,,,2.0,C07-AA-003,0.0,1,1,,G3_campaign,G3_campaign,,0
C07-darpa-e5-theia-0515,random,0.6,53,project05_m2,1,2.0,1,C07-AA-003,2.0,0.0,1,0,0,,,,9.0,0,1,1,,development,0,0,1.0,G3_campaign,1.0,1,G2_tactic_intent,3,0,,,,,,,,2.0,C07-AA-003,0.0,1,1,,G3_campaign,G3_campaign,,0
C07-darpa-e5-theia-0515,random,0.6,53,oracle_optimal,1,2.0,1,C07-AA-003,2.0,0.0,1,0,0,,,,9.0,0,1,1,,development,0,0,1.0,G3_campaign,1.0,1,G2_tactic_intent,3,0,,,,,,,,2.0,C07-AA-003,0.0,1,1,,G3_campaign,G3_campaign,,0
C07-darpa-e5-theia-0515,stage,0.2,11,project05_m3star_h3_dual,1,3.0,1,C07-AA-002,3.0,1.0,0,0,0,m3star_graph_action_value_xgboost_v0.3,m3star_graph_action_value_xgboost_v0.3,m3star_graph_action_value_xgboost_v0.3,9.0,0,1,1,1,development,0,0,1.0,G3_campaign,1.0,1,G2_tactic_intent,1,0,1,3,1,1,,8,1,2.0,C07-AA-001,0.0,1,1,1,G3_campaign,G3_campaign,m3star_graph_transition_xgboost_v0.1,0
C07-darpa-e5-theia-0515,stage,0.2,11,project05_m3star_h3_no_dominance_dual,1,2.0,1,C07-AA-001,2.0,0.0,1,0,0,m3star_graph_action_value_xgboost_v0.3,m3star_graph_action_value_xgboost_v0.3,m3star_graph_action_value_xgboost_v0.3,9.0,0,1,1,0,development,0,0,1.0,G3_campaign,1.0,1,G2_tactic_intent,1,0,1,3,0,1,,8,1,2.0,C07-AA-001,0.0,1,1,0,G3_campaign,G3_campaign,m3star_graph_transition_xgboost_v0.1,0
C07-darpa-e5-theia-0515,stage,0.2,11,project05_m3star_h3_unshielded_dual,1,3.0,1,C07-AA-002,3.0,1.0,0,0,0,m3star_graph_action_value_xgboost_v0.3,m3star_graph_action_value_xgboost_v0.3,m3star_graph_action_value_xgboost_v0.3,9.0,0,1,1,1,development,0,0,1.0,G3_campaign,1.0,1,G2_tactic_intent,1,0,0,3,1,1,,8,0,2.0,C07-AA-001,0.0,1,1,1,G3_campaign,G3_campaign,m3star_graph_transition_xgboost_v0.1,0
C07-darpa-e5-theia-0515,stage,0.2,11,project05_m3star_h3_transition_only,1,3.0,1,C07-AA-002,3.0,1.0,0,0,0,none,none,none,9.0,0,1,1,1,development,0,0,1.0,G3_campaign,1.0,1,G2_tactic_intent,1,0,1,3,1,0,,8,1,2.0,C07-AA-001,0.0,1,1,1,G3_campaign,G3_campaign,m3star_graph_transition_xgboost_v0.1,0
C07-darpa-e5-theia-0515,stage,0.2,11,project05_m3star_h1_dual,1,3.0,1,C07-AA-002,3.0,1.0,0,0,0,m3star_graph_action_value_xgboost_v0.3,m3star_graph_action_value_xgboost_v0.3,m3star_graph_action_value_xgboost_v0.3,9.0,0,1,1,1,development,0,0,1.0,G3_campaign,1.0,1,G2_tactic_intent,1,0,1,1,1,1,,8,1,2.0,C07-AA-001,0.0,1,1,1,G3_campaign,G3_campaign,m3star_graph_transition_xgboost_v0.1,0
C07-darpa-e5-theia-0515,stage,0.2,11,project05_xgboost_policy,1,3.0,1,C07-AA-002,3.0,1.0,0,0,0,,,,9.0,0,1,1,,development,0,0,1.0,G3_campaign,1.0,1,G2_tactic_intent,1,0,,,,,,,,2.0,C07-AA-001,0.0,1,1,,G3_campaign,G3_campaign,,0
C07-darpa-e5-theia-0515,stage,0.2,11,project05_m3b_policy,1,3.0,1,C07-AA-002,3.0,1.0,0,0,0,,,,9.0,0,1,1,,development,0,0,1.0,G3_campaign,1.0,1,G2_tactic_intent,1,0,,,,,,,,2.0,C07-AA-001,0.0,1,1,,G3_campaign,G3_campaign,,0
C07-darpa-e5-theia-0515,stage,0.2,11,project05_m2,1,2.0,1,C07-AA-001,2.0,0.0,1,0,0,,,,9.0,0,1,1,,development,0,0,1.0,G3_campaign,1.0,1,G2_tactic_intent,1,0,,,,,,,,2.0,C07-AA-001,0.0,1,1,,G3_campaign,G3_campaign,,0
C07-darpa-e5-theia-0515,stage,0.2,11,oracle_optimal,1,2.0,1,C07-AA-001,2.0,0.0,1,0,0,,,,9.0,0,1,1,,development,0,0,1.0,G3_campaign,1.0,1,G2_tactic_intent,1,0,,,,,,,,2.0,C07-AA-001,0.0,1,1,,G3_campaign,G3_campaign,,0
C07-darpa-e5-theia-0515,stage,0.2,23,project05_m3star_h3_dual,1,3.0,1,C07-AA-002,3.0,0.0,1,0,0,m3star_graph_action_value_xgboost_v0.3,m3star_graph_action_value_xgboost_v0.3,m3star_graph_action_value_xgboost_v0.3,9.0,0,1,1,1,development,0,0,1.0,G3_campaign,1.0,1,G2_tactic_intent,1,0,1,3,1,1,,8,1,3.0,C07-AA-002,0.0,1,1,1,G3_campaign,G3_campaign,m3star_graph_transition_xgboost_v0.1,0
C07-darpa-e5-theia-0515,stage,0.2,23,project05_m3star_h3_no_dominance_dual,1,5.0,2,C07-AA-001|C07-AA-002,5.0,2.0,0,0,0,m3star_graph_action_value_xgboost_v0.3,m3star_graph_action_value_xgboost_v0.3,m3star_graph_action_value_xgboost_v0.3,9.0,0,1,1,0,development,0,0,1.0,G3_campaign,1.0,1,G2_tactic_intent,1,0,1,3,0,1,,8,1,3.0,C07-AA-002,0.6667,1,2,0,G3_campaign,G3_campaign,m3star_graph_transition_xgboost_v0.1,1
C07-darpa-e5-theia-0515,stage,0.2,23,project05_m3star_h3_unshielded_dual,1,3.0,1,C07-AA-002,3.0,0.0,1,0,0,m3star_graph_action_value_xgboost_v0.3,m3star_graph_action_value_xgboost_v0.3,m3star_graph_action_value_xgboost_v0.3,9.0,0,1,1,1,development,0,0,1.0,G3_campaign,1.0,1,G2_tactic_intent,1,0,0,3,1,1,,8,0,3.0,C07-AA-002,0.0,1,1,1,G3_campaign,G3_campaign,m3star_graph_transition_xgboost_v0.1,0
C07-darpa-e5-theia-0515,stage,0.2,23,project05_m3star_h3_transition_only,1,3.0,1,C07-AA-002,3.0,0.0,1,0,0,none,none,none,9.0,0,1,1,1,development,0,0,1.0,G3_campaign,1.0,1,G2_tactic_intent,1,0,1,3,1,0,,8,1,3.0,C07-AA-002,0.0,1,1,1,G3_campaign,G3_campaign,m3star_graph_transition_xgboost_v0.1,0
C07-darpa-e5-theia-0515,stage,0.2,23,project05_m3star_h1_dual,1,3.0,1,C07-AA-002,3.0,0.0,1,0,0,m3star_graph_action_value_xgboost_v0.3,m3star_graph_action_value_xgboost_v0.3,m3star_graph_action_value_xgboost_v0.3,9.0,0,1,1,1,development,0,0,1.0,G3_campaign,1.0,1,G2_tactic_intent,1,0,1,1,1,1,,8,1,3.0,C07-AA-002,0.0,1,1,1,G3_campaign,G3_campaign,m3star_graph_transition_xgboost_v0.1,0
C07-darpa-e5-theia-0515,stage,0.2,23,project05_xgboost_policy,1,3.0,1,C07-AA-002,3.0,0.0,1,0,0,,,,9.0,0,1,1,,development,0,0,1.0,G3_campaign,1.0,1,G2_tactic_intent,1,0,,,,,,,,3.0,C07-AA-002,0.0,1,1,,G3_campaign,G3_campaign,,0
C07-darpa-e5-theia-0515,stage,0.2,23,project05_m3b_policy,1,3.0,1,C07-AA-002,3.0,0.0,1,0,0,,,,9.0,0,1,1,,development,0,0,1.0,G3_campaign,1.0,1,G2_tactic_intent,1,0,,,,,,,,3.0,C07-AA-002,0.0,1,1,,G3_campaign,G3_campaign,,0
C07-darpa-e5-theia-0515,stage,0.2,23,project05_m2,1,5.0,2,C07-AA-001|C07-AA-002,5.0,2.0,0,0,0,,,,9.0,0,1,1,,development,0,0,1.0,G3_campaign,1.0,1,G2_tactic_intent,1,0,,,,,,,,3.0,C07-AA-002,0.6667,1,2,,G3_campaign,G3_campaign,,1
C07-darpa-e5-theia-0515,stage,0.2,23,oracle_optimal,1,3.0,1,C07-AA-002,3.0,0.0,1,0,0,,,,9.0,0,1,1,,development,0,0,1.0,G3_campaign,1.0,1,G2_tactic_intent,1,0,,,,,,,,3.0,C07-AA-002,0.0,1,1,,G3_campaign,G3_campaign,,0
C07-darpa-e5-theia-0515,stage,0.2,37,project05_m3star_h3_dual,1,3.0,1,C07-AA-002,3.0,0.0,1,0,0,m3star_graph_action_value_xgboost_v0.3,m3star_graph_action_value_xgboost_v0.3,m3star_graph_action_value_xgboost_v0.3,9.0,0,1,1,1,development,0,0,1.0,G3_campaign,1.0,1,G2_tactic_intent,1,0,1,3,1,1,,8,1,3.0,C07-AA-002,0.0,1,1,1,G3_campaign,G3_campaign,m3star_graph_transition_xgboost_v0.1,0
C07-darpa-e5-theia-0515,stage,0.2,37,project05_m3star_h3_no_dominance_dual,1,5.0,2,C07-AA-001|C07-AA-002,5.0,2.0,0,0,0,m3star_graph_action_value_xgboost_v0.3,m3star_graph_action_value_xgboost_v0.3,m3star_graph_action_value_xgboost_v0.3,9.0,0,1,1,0,development,0,0,1.0,G3_campaign,1.0,1,G2_tactic_intent,1,0,1,3,0,1,,8,1,3.0,C07-AA-002,0.6667,1,2,0,G3_campaign,G3_campaign,m3star_graph_transition_xgboost_v0.1,1
C07-darpa-e5-theia-0515,stage,0.2,37,project05_m3star_h3_unshielded_dual,1,3.0,1,C07-AA-002,3.0,0.0,1,0,0,m3star_graph_action_value_xgboost_v0.3,m3star_graph_action_value_xgboost_v0.3,m3star_graph_action_value_xgboost_v0.3,9.0,0,1,1,1,development,0,0,1.0,G3_campaign,1.0,1,G2_tactic_intent,1,0,0,3,1,1,,8,0,3.0,C07-AA-002,0.0,1,1,1,G3_campaign,G3_campaign,m3star_graph_transition_xgboost_v0.1,0
C07-darpa-e5-theia-0515,stage,0.2,37,project05_m3star_h3_transition_only,1,3.0,1,C07-AA-002,3.0,0.0,1,0,0,none,none,none,9.0,0,1,1,1,development,0,0,1.0,G3_campaign,1.0,1,G2_tactic_intent,1,0,1,3,1,0,,8,1,3.0,C07-AA-002,0.0,1,1,1,G3_campaign,G3_campaign,m3star_graph_transition_xgboost_v0.1,0
C07-darpa-e5-theia-0515,stage,0.2,37,project05_m3star_h1_dual,1,3.0,1,C07-AA-002,3.0,0.0,1,0,0,m3star_graph_action_value_xgboost_v0.3,m3star_graph_action_value_xgboost_v0.3,m3star_graph_action_value_xgboost_v0.3,9.0,0,1,1,1,development,0,0,1.0,G3_campaign,1.0,1,G2_tactic_intent,1,0,1,1,1,1,,8,1,3.0,C07-AA-002,0.0,1,1,1,G3_campaign,G3_campaign,m3star_graph_transition_xgboost_v0.1,0
C07-darpa-e5-theia-0515,stage,0.2,37,project05_xgboost_policy,1,3.0,1,C07-AA-002,3.0,0.0,1,0,0,,,,9.0,0,1,1,,development,0,0,1.0,G3_campaign,1.0,1,G2_tactic_intent,1,0,,,,,,,,3.0,C07-AA-002,0.0,1,1,,G3_campaign,G3_campaign,,0
C07-darpa-e5-theia-0515,stage,0.2,37,project05_m3b_policy,1,3.0,1,C07-AA-002,3.0,0.0,1,0,0,,,,9.0,0,1,1,,development,0,0,1.0,G3_campaign,1.0,1,G2_tactic_intent,1,0,,,,,,,,3.0,C07-AA-002,0.0,1,1,,G3_campaign,G3_campaign,,0
C07-darpa-e5-theia-0515,stage,0.2,37,project05_m2,1,5.0,2,C07-AA-001|C07-AA-002,5.0,2.0,0,0,0,,,,9.0,0,1,1,,development,0,0,1.0,G3_campaign,1.0,1,G2_tactic_intent,1,0,,,,,,,,3.0,C07-AA-002,0.6667,1,2,,G3_campaign,G3_campaign,,1
C07-darpa-e5-theia-0515,stage,0.2,37,oracle_optimal,1,3.0,1,C07-AA-002,3.0,0.0,1,0,0,,,,9.0,0,1,1,,development,0,0,1.0,G3_campaign,1.0,1,G2_tactic_intent,1,0,,,,,,,,3.0,C07-AA-002,0.0,1,1,,G3_campaign,G3_campaign,,0
C07-darpa-e5-theia-0515,stage,0.2,41,project05_m3star_h3_dual,1,3.0,1,C07-AA-002,3.0,1.0,0,0,0,m3star_graph_action_value_xgboost_v0.3,m3star_graph_action_value_xgboost_v0.3,m3star_graph_action_value_xgboost_v0.3,9.0,0,1,1,1,development,0,0,1.0,G3_campaign,1.0,1,G2_tactic_intent,1,0,1,3,1,1,,8,1,2.0,C07-AA-001,0.0,1,1,1,G3_campaign,G3_campaign,m3star_graph_transition_xgboost_v0.1,0
C07-darpa-e5-theia-0515,stage,0.2,41,project05_m3star_h3_no_dominance_dual,1,2.0,1,C07-AA-001,2.0,0.0,1,0,0,m3star_graph_action_value_xgboost_v0.3,m3star_graph_action_value_xgboost_v0.3,m3star_graph_action_value_xgboost_v0.3,9.0,0,1,1,0,development,0,0,1.0,G3_campaign,1.0,1,G2_tactic_intent,1,0,1,3,0,1,,8,1,2.0,C07-AA-001,0.0,1,1,0,G3_campaign,G3_campaign,m3star_graph_transition_xgboost_v0.1,0
C07-darpa-e5-theia-0515,stage,0.2,41,project05_m3star_h3_unshielded_dual,1,3.0,1,C07-AA-002,3.0,1.0,0,0,0,m3star_graph_action_value_xgboost_v0.3,m3star_graph_action_value_xgboost_v0.3,m3star_graph_action_value_xgboost_v0.3,9.0,0,1,1,1,development,0,0,1.0,G3_campaign,1.0,1,G2_tactic_intent,1,0,0,3,1,1,,8,0,2.0,C07-AA-001,0.0,1,1,1,G3_campaign,G3_campaign,m3star_graph_transition_xgboost_v0.1,0
C07-darpa-e5-theia-0515,stage,0.2,41,project05_m3star_h3_transition_only,1,3.0,1,C07-AA-002,3.0,1.0,0,0,0,none,none,none,9.0,0,1,1,1,development,0,0,1.0,G3_campaign,1.0,1,G2_tactic_intent,1,0,1,3,1,0,,8,1,2.0,C07-AA-001,0.0,1,1,1,G3_campaign,G3_campaign,m3star_graph_transition_xgboost_v0.1,0
C07-darpa-e5-theia-0515,stage,0.2,41,project05_m3star_h1_dual,1,3.0,1,C07-AA-002,3.0,1.0,0,0,0,m3star_graph_action_value_xgboost_v0.3,m3star_graph_action_value_xgboost_v0.3,m3star_graph_action_value_xgboost_v0.3,9.0,0,1,1,1,development,0,0,1.0,G3_campaign,1.0,1,G2_tactic_intent,1,0,1,1,1,1,,8,1,2.0,C07-AA-001,0.0,1,1,1,G3_campaign,G3_campaign,m3star_graph_transition_xgboost_v0.1,0
C07-darpa-e5-theia-0515,stage,0.2,41,project05_xgboost_policy,1,3.0,1,C07-AA-002,3.0,1.0,0,0,0,,,,9.0,0,1,1,,development,0,0,1.0,G3_campaign,1.0,1,G2_tactic_intent,1,0,,,,,,,,2.0,C07-AA-001,0.0,1,1,,G3_campaign,G3_campaign,,0
C07-darpa-e5-theia-0515,stage,0.2,41,project05_m3b_policy,1,3.0,1,C07-AA-002,3.0,1.0,0,0,0,,,,9.0,0,1,1,,development,0,0,1.0,G3_campaign,1.0,1,G2_tactic_intent,1,0,,,,,,,,2.0,C07-AA-001,0.0,1,1,,G3_campaign,G3_campaign,,0
C07-darpa-e5-theia-0515,stage,0.2,41,project05_m2,1,2.0,1,C07-AA-001,2.0,0.0,1,0,0,,,,9.0,0,1,1,,development,0,0,1.0,G3_campaign,1.0,1,G2_tactic_intent,1,0,,,,,,,,2.0,C07-AA-001,0.0,1,1,,G3_campaign,G3_campaign,,0
C07-darpa-e5-theia-0515,stage,0.2,41,oracle_optimal,1,2.0,1,C07-AA-001,2.0,0.0,1,0,0,,,,9.0,0,1,1,,development,0,0,1.0,G3_campaign,1.0,1,G2_tactic_intent,1,0,,,,,,,,2.0,C07-AA-001,0.0,1,1,,G3_campaign,G3_campaign,,0
C07-darpa-e5-theia-0515,stage,0.2,53,project05_m3star_h3_dual,1,3.0,1,C07-AA-002,3.0,1.0,0,0,0,m3star_graph_action_value_xgboost_v0.3,m3star_graph_action_value_xgboost_v0.3,m3star_graph_action_value_xgboost_v0.3,9.0,0,1,1,1,development,0,0,1.0,G3_campaign,1.0,1,G2_tactic_intent,1,0,1,3,1,1,,8,1,2.0,C07-AA-001,0.0,1,1,1,G3_campaign,G3_campaign,m3star_graph_transition_xgboost_v0.1,0
C07-darpa-e5-theia-0515,stage,0.2,53,project05_m3star_h3_no_dominance_dual,1,2.0,1,C07-AA-001,2.0,0.0,1,0,0,m3star_graph_action_value_xgboost_v0.3,m3star_graph_action_value_xgboost_v0.3,m3star_graph_action_value_xgboost_v0.3,9.0,0,1,1,0,development,0,0,1.0,G3_campaign,1.0,1,G2_tactic_intent,1,0,1,3,0,1,,8,1,2.0,C07-AA-001,0.0,1,1,0,G3_campaign,G3_campaign,m3star_graph_transition_xgboost_v0.1,0
C07-darpa-e5-theia-0515,stage,0.2,53,project05_m3star_h3_unshielded_dual,1,3.0,1,C07-AA-002,3.0,1.0,0,0,0,m3star_graph_action_value_xgboost_v0.3,m3star_graph_action_value_xgboost_v0.3,m3star_graph_action_value_xgboost_v0.3,9.0,0,1,1,1,development,0,0,1.0,G3_campaign,1.0,1,G2_tactic_intent,1,0,0,3,1,1,,8,0,2.0,C07-AA-001,0.0,1,1,1,G3_campaign,G3_campaign,m3star_graph_transition_xgboost_v0.1,0
C07-darpa-e5-theia-0515,stage,0.2,53,project05_m3star_h3_transition_only,1,3.0,1,C07-AA-002,3.0,1.0,0,0,0,none,none,none,9.0,0,1,1,1,development,0,0,1.0,G3_campaign,1.0,1,G2_tactic_intent,1,0,1,3,1,0,,8,1,2.0,C07-AA-001,0.0,1,1,1,G3_campaign,G3_campaign,m3star_graph_transition_xgboost_v0.1,0
C07-darpa-e5-theia-0515,stage,0.2,53,project05_m3star_h1_dual,1,3.0,1,C07-AA-002,3.0,1.0,0,0,0,m3star_graph_action_value_xgboost_v0.3,m3star_graph_action_value_xgboost_v0.3,m3star_graph_action_value_xgboost_v0.3,9.0,0,1,1,1,development,0,0,1.0,G3_campaign,1.0,1,G2_tactic_intent,1,0,1,1,1,1,,8,1,2.0,C07-AA-001,0.0,1,1,1,G3_campaign,G3_campaign,m3star_graph_transition_xgboost_v0.1,0
C07-darpa-e5-theia-0515,stage,0.2,53,project05_xgboost_policy,1,3.0,1,C07-AA-002,3.0,1.0,0,0,0,,,,9.0,0,1,1,,development,0,0,1.0,G3_campaign,1.0,1,G2_tactic_intent,1,0,,,,,,,,2.0,C07-AA-001,0.0,1,1,,G3_campaign,G3_campaign,,0
C07-darpa-e5-theia-0515,stage,0.2,53,project05_m3b_policy,1,3.0,1,C07-AA-002,3.0,1.0,0,0,0,,,,9.0,0,1,1,,development,0,0,1.0,G3_campaign,1.0,1,G2_tactic_intent,1,0,,,,,,,,2.0,C07-AA-001,0.0,1,1,,G3_campaign,G3_campaign,,0
C07-darpa-e5-theia-0515,stage,0.2,53,project05_m2,1,2.0,1,C07-AA-001,2.0,0.0,1,0,0,,,,9.0,0,1,1,,development,0,0,1.0,G3_campaign,1.0,1,G2_tactic_intent,1,0,,,,,,,,2.0,C07-AA-001,0.0,1,1,,G3_campaign,G3_campaign,,0
C07-darpa-e5-theia-0515,stage,0.2,53,oracle_optimal,1,2.0,1,C07-AA-001,2.0,0.0,1,0,0,,,,9.0,0,1,1,,development,0,0,1.0,G3_campaign,1.0,1,G2_tactic_intent,1,0,,,,,,,,2.0,C07-AA-001,0.0,1,1,,G3_campaign,G3_campaign,,0
C07-darpa-e5-theia-0515,stage,0.4,11,project05_m3star_h3_dual,1,5.0,2,C07-AA-002|C07-AA-003,5.0,1.0,0,0,0,m3star_graph_action_value_xgboost_v0.3,m3star_graph_action_value_xgboost_v0.3,m3star_graph_action_value_xgboost_v0.3,9.0,0,1,1,0,development,0,0,1.0,G3_campaign,1.0,1,G1_technique,2,0,1,3,1,1,,8,1,4.0,C07-AA-001,0.2,2,2,1,G3_campaign,G3_campaign,m3star_graph_transition_xgboost_v0.1,0
C07-darpa-e5-theia-0515,stage,0.4,11,project05_m3star_h3_no_dominance_dual,1,5.0,2,C07-AA-002|C07-AA-003,5.0,1.0,0,0,0,m3star_graph_action_value_xgboost_v0.3,m3star_graph_action_value_xgboost_v0.3,m3star_graph_action_value_xgboost_v0.3,9.0,0,1,1,0,development,0,0,1.0,G3_campaign,1.0,1,G1_technique,2,0,1,3,0,1,,8,1,4.0,C07-AA-001,0.2,2,2,0,G3_campaign,G3_campaign,m3star_graph_transition_xgboost_v0.1,0
C07-darpa-e5-theia-0515,stage,0.4,11,project05_m3star_h3_unshielded_dual,1,5.0,2,C07-AA-002|C07-AA-003,5.0,1.0,0,0,0,m3star_graph_action_value_xgboost_v0.3,m3star_graph_action_value_xgboost_v0.3,m3star_graph_action_value_xgboost_v0.3,9.0,0,1,1,1,development,0,0,1.0,G3_campaign,1.0,1,G1_technique,2,0,0,3,1,1,,8,0,4.0,C07-AA-001,0.2,2,2,1,G3_campaign,G3_campaign,m3star_graph_transition_xgboost_v0.1,0
C07-darpa-e5-theia-0515,stage,0.4,11,project05_m3star_h3_transition_only,1,5.0,2,C07-AA-002|C07-AA-003,5.0,1.0,0,0,0,none,none,none,9.0,0,1,1,0,development,0,0,1.0,G3_campaign,1.0,1,G1_technique,2,0,1,3,1,0,,8,1,4.0,C07-AA-001,0.2,2,2,1,G3_campaign,G3_campaign,m3star_graph_transition_xgboost_v0.1,0
C07-darpa-e5-theia-0515,stage,0.4,11,project05_m3star_h1_dual,1,5.0,2,C07-AA-002|C07-AA-003,5.0,1.0,0,0,0,m3star_graph_action_value_xgboost_v0.3,m3star_graph_action_value_xgboost_v0.3,m3star_graph_action_value_xgboost_v0.3,9.0,0,1,1,0,development,0,0,1.0,G3_campaign,1.0,1,G1_technique,2,0,1,1,1,1,,8,1,4.0,C07-AA-001,0.2,2,2,1,G3_campaign,G3_campaign,m3star_graph_transition_xgboost_v0.1,0
C07-darpa-e5-theia-0515,stage,0.4,11,project05_xgboost_policy,1,7.0,3,C07-AA-002|C07-AA-004|C07-AA-003,7.0,3.0,0,0,0,,,,9.0,0,1,1,,development,0,0,1.0,G3_campaign,1.0,1,G1_technique,2,0,,,,,,,,4.0,C07-AA-001,0.6667,2,3,,G3_campaign,G3_campaign,,1
C07-darpa-e5-theia-0515,stage,0.4,11,project05_m3b_policy,1,5.0,2,C07-AA-002|C07-AA-003,5.0,1.0,0,0,0,,,,9.0,0,1,1,,development,0,0,1.0,G3_campaign,1.0,1,G1_technique,2,0,,,,,,,,4.0,C07-AA-001,0.2,2,2,,G3_campaign,G3_campaign,,0
C07-darpa-e5-theia-0515,stage,0.4,11,project05_m2,1,4.0,2,C07-AA-001|C07-AA-003,4.0,0.0,1,0,0,,,,9.0,0,1,1,,development,0,0,1.0,G3_campaign,1.0,1,G1_technique,2,0,,,,,,,,4.0,C07-AA-001,0.0,2,2,,G3_campaign,G3_campaign,,0
C07-darpa-e5-theia-0515,stage,0.4,11,oracle_optimal,1,4.0,2,C07-AA-001|C07-AA-003,4.0,0.0,1,0,0,,,,9.0,0,1,1,,development,0,0,1.0,G3_campaign,1.0,1,G1_technique,2,0,,,,,,,,4.0,C07-AA-001,0.0,2,2,,G3_campaign,G3_campaign,,0
C07-darpa-e5-theia-0515,stage,0.4,23,project05_m3star_h3_dual,1,5.0,2,C07-AA-002|C07-AA-003,5.0,0.0,1,0,0,m3star_graph_action_value_xgboost_v0.3,m3star_graph_action_value_xgboost_v0.3,m3star_graph_action_value_xgboost_v0.3,9.0,0,1,1,0,development,0,0,1.0,G3_campaign,1.0,1,G1_technique,2,0,1,3,1,1,,8,1,5.0,C07-AA-002,0.2,2,2,1,G3_campaign,G3_campaign,m3star_graph_transition_xgboost_v0.1,0
C07-darpa-e5-theia-0515,stage,0.4,23,project05_m3star_h3_no_dominance_dual,1,5.0,2,C07-AA-002|C07-AA-003,5.0,0.0,1,0,0,m3star_graph_action_value_xgboost_v0.3,m3star_graph_action_value_xgboost_v0.3,m3star_graph_action_value_xgboost_v0.3,9.0,0,1,1,0,development,0,0,1.0,G3_campaign,1.0,1,G1_technique,2,0,1,3,0,1,,8,1,5.0,C07-AA-002,0.2,2,2,0,G3_campaign,G3_campaign,m3star_graph_transition_xgboost_v0.1,0
C07-darpa-e5-theia-0515,stage,0.4,23,project05_m3star_h3_unshielded_dual,1,5.0,2,C07-AA-002|C07-AA-003,5.0,0.0,1,0,0,m3star_graph_action_value_xgboost_v0.3,m3star_graph_action_value_xgboost_v0.3,m3star_graph_action_value_xgboost_v0.3,9.0,0,1,1,1,development,0,0,1.0,G3_campaign,1.0,1,G1_technique,2,0,0,3,1,1,,8,0,5.0,C07-AA-002,0.2,2,2,1,G3_campaign,G3_campaign,m3star_graph_transition_xgboost_v0.1,0
C07-darpa-e5-theia-0515,stage,0.4,23,project05_m3star_h3_transition_only,1,5.0,2,C07-AA-002|C07-AA-003,5.0,0.0,1,0,0,none,none,none,9.0,0,1,1,0,development,0,0,1.0,G3_campaign,1.0,1,G1_technique,2,0,1,3,1,0,,8,1,5.0,C07-AA-002,0.2,2,2,1,G3_campaign,G3_campaign,m3star_graph_transition_xgboost_v0.1,0
C07-darpa-e5-theia-0515,stage,0.4,23,project05_m3star_h1_dual,1,5.0,2,C07-AA-002|C07-AA-003,5.0,0.0,1,0,0,m3star_graph_action_value_xgboost_v0.3,m3star_graph_action_value_xgboost_v0.3,m3star_graph_action_value_xgboost_v0.3,9.0,0,1,1,0,development,0,0,1.0,G3_campaign,1.0,1,G1_technique,2,0,1,1,1,1,,8,1,5.0,C07-AA-002,0.2,2,2,1,G3_campaign,G3_campaign,m3star_graph_transition_xgboost_v0.1,0
C07-darpa-e5-theia-0515,stage,0.4,23,project05_xgboost_policy,1,7.0,3,C07-AA-002|C07-AA-004|C07-AA-003,7.0,2.0,1,0,0,,,,9.0,0,1,1,,development,0,0,1.0,G3_campaign,1.0,1,G1_technique,2,0,,,,,,,,5.0,C07-AA-002,0.6667,2,3,,G3_campaign,G3_campaign,,1
C07-darpa-e5-theia-0515,stage,0.4,23,project05_m3b_policy,1,5.0,2,C07-AA-002|C07-AA-003,5.0,0.0,1,0,0,,,,9.0,0,1,1,,development,0,0,1.0,G3_campaign,1.0,1,G1_technique,2,0,,,,,,,,5.0,C07-AA-002,0.2,2,2,,G3_campaign,G3_campaign,,0
C07-darpa-e5-theia-0515,stage,0.4,23,project05_m2,1,7.0,3,C07-AA-001|C07-AA-003|C07-AA-002,7.0,2.0,0,0,0,,,,9.0,0,1,1,,development,0,0,1.0,G3_campaign,1.0,1,G1_technique,2,0,,,,,,,,5.0,C07-AA-002,0.6667,2,3,,G3_campaign,G3_campaign,,1
C07-darpa-e5-theia-0515,stage,0.4,23,oracle_optimal,1,5.0,2,C07-AA-002|C07-AA-003,5.0,0.0,1,0,0,,,,9.0,0,1,1,,development,0,0,1.0,G3_campaign,1.0,1,G1_technique,2,0,,,,,,,,5.0,C07-AA-002,0.2,2,2,,G3_campaign,G3_campaign,,0
C07-darpa-e5-theia-0515,stage,0.4,37,project05_m3star_h3_dual,1,5.0,2,C07-AA-002|C07-AA-003,5.0,0.0,1,0,0,m3star_graph_action_value_xgboost_v0.3,m3star_graph_action_value_xgboost_v0.3,m3star_graph_action_value_xgboost_v0.3,9.0,0,1,1,0,development,0,0,1.0,G3_campaign,1.0,1,G1_technique,2,0,1,3,1,1,,8,1,5.0,C07-AA-002,0.2,2,2,1,G3_campaign,G3_campaign,m3star_graph_transition_xgboost_v0.1,0
C07-darpa-e5-theia-0515,stage,0.4,37,project05_m3star_h3_no_dominance_dual,1,5.0,2,C07-AA-002|C07-AA-003,5.0,0.0,1,0,0,m3star_graph_action_value_xgboost_v0.3,m3star_graph_action_value_xgboost_v0.3,m3star_graph_action_value_xgboost_v0.3,9.0,0,1,1,0,development,0,0,1.0,G3_campaign,1.0,1,G1_technique,2,0,1,3,0,1,,8,1,5.0,C07-AA-002,0.2,2,2,0,G3_campaign,G3_campaign,m3star_graph_transition_xgboost_v0.1,0
C07-darpa-e5-theia-0515,stage,0.4,37,project05_m3star_h3_unshielded_dual,1,5.0,2,C07-AA-002|C07-AA-003,5.0,0.0,1,0,0,m3star_graph_action_value_xgboost_v0.3,m3star_graph_action_value_xgboost_v0.3,m3star_graph_action_value_xgboost_v0.3,9.0,0,1,1,1,development,0,0,1.0,G3_campaign,1.0,1,G1_technique,2,0,0,3,1,1,,8,0,5.0,C07-AA-002,0.2,2,2,1,G3_campaign,G3_campaign,m3star_graph_transition_xgboost_v0.1,0
C07-darpa-e5-theia-0515,stage,0.4,37,project05_m3star_h3_transition_only,1,5.0,2,C07-AA-002|C07-AA-003,5.0,0.0,1,0,0,none,none,none,9.0,0,1,1,0,development,0,0,1.0,G3_campaign,1.0,1,G1_technique,2,0,1,3,1,0,,8,1,5.0,C07-AA-002,0.2,2,2,1,G3_campaign,G3_campaign,m3star_graph_transition_xgboost_v0.1,0
C07-darpa-e5-theia-0515,stage,0.4,37,project05_m3star_h1_dual,1,5.0,2,C07-AA-002|C07-AA-003,5.0,0.0,1,0,0,m3star_graph_action_value_xgboost_v0.3,m3star_graph_action_value_xgboost_v0.3,m3star_graph_action_value_xgboost_v0.3,9.0,0,1,1,0,development,0,0,1.0,G3_campaign,1.0,1,G1_technique,2,0,1,1,1,1,,8,1,5.0,C07-AA-002,0.2,2,2,1,G3_campaign,G3_campaign,m3star_graph_transition_xgboost_v0.1,0
C07-darpa-e5-theia-0515,stage,0.4,37,project05_xgboost_policy,1,7.0,3,C07-AA-002|C07-AA-004|C07-AA-003,7.0,2.0,1,0,0,,,,9.0,0,1,1,,development,0,0,1.0,G3_campaign,1.0,1,G1_technique,2,0,,,,,,,,5.0,C07-AA-002,0.6667,2,3,,G3_campaign,G3_campaign,,1
C07-darpa-e5-theia-0515,stage,0.4,37,project05_m3b_policy,1,5.0,2,C07-AA-002|C07-AA-003,5.0,0.0,1,0,0,,,,9.0,0,1,1,,development,0,0,1.0,G3_campaign,1.0,1,G1_technique,2,0,,,,,,,,5.0,C07-AA-002,0.2,2,2,,G3_campaign,G3_campaign,,0
C07-darpa-e5-theia-0515,stage,0.4,37,project05_m2,1,7.0,3,C07-AA-001|C07-AA-003|C07-AA-002,7.0,2.0,0,0,0,,,,9.0,0,1,1,,development,0,0,1.0,G3_campaign,1.0,1,G1_technique,2,0,,,,,,,,5.0,C07-AA-002,0.6667,2,3,,G3_campaign,G3_campaign,,1
C07-darpa-e5-theia-0515,stage,0.4,37,oracle_optimal,1,5.0,2,C07-AA-002|C07-AA-003,5.0,0.0,1,0,0,,,,9.0,0,1,1,,development,0,0,1.0,G3_campaign,1.0,1,G1_technique,2,0,,,,,,,,5.0,C07-AA-002,0.2,2,2,,G3_campaign,G3_campaign,,0
C07-darpa-e5-theia-0515,stage,0.4,41,project05_m3star_h3_dual,1,5.0,2,C07-AA-002|C07-AA-003,5.0,1.0,0,0,0,m3star_graph_action_value_xgboost_v0.3,m3star_graph_action_value_xgboost_v0.3,m3star_graph_action_value_xgboost_v0.3,9.0,0,1,1,0,development,0,0,1.0,G3_campaign,1.0,1,G1_technique,2,0,1,3,1,1,,8,1,4.0,C07-AA-001,0.2,2,2,1,G3_campaign,G3_campaign,m3star_graph_transition_xgboost_v0.1,0
C07-darpa-e5-theia-0515,stage,0.4,41,project05_m3star_h3_no_dominance_dual,1,5.0,2,C07-AA-002|C07-AA-003,5.0,1.0,0,0,0,m3star_graph_action_value_xgboost_v0.3,m3star_graph_action_value_xgboost_v0.3,m3star_graph_action_value_xgboost_v0.3,9.0,0,1,1,0,development,0,0,1.0,G3_campaign,1.0,1,G1_technique,2,0,1,3,0,1,,8,1,4.0,C07-AA-001,0.2,2,2,0,G3_campaign,G3_campaign,m3star_graph_transition_xgboost_v0.1,0
C07-darpa-e5-theia-0515,stage,0.4,41,project05_m3star_h3_unshielded_dual,1,5.0,2,C07-AA-002|C07-AA-003,5.0,1.0,0,0,0,m3star_graph_action_value_xgboost_v0.3,m3star_graph_action_value_xgboost_v0.3,m3star_graph_action_value_xgboost_v0.3,9.0,0,1,1,1,development,0,0,1.0,G3_campaign,1.0,1,G1_technique,2,0,0,3,1,1,,8,0,4.0,C07-AA-001,0.2,2,2,1,G3_campaign,G3_campaign,m3star_graph_transition_xgboost_v0.1,0
C07-darpa-e5-theia-0515,stage,0.4,41,project05_m3star_h3_transition_only,1,5.0,2,C07-AA-002|C07-AA-003,5.0,1.0,0,0,0,none,none,none,9.0,0,1,1,0,development,0,0,1.0,G3_campaign,1.0,1,G1_technique,2,0,1,3,1,0,,8,1,4.0,C07-AA-001,0.2,2,2,1,G3_campaign,G3_campaign,m3star_graph_transition_xgboost_v0.1,0
C07-darpa-e5-theia-0515,stage,0.4,41,project05_m3star_h1_dual,1,5.0,2,C07-AA-002|C07-AA-003,5.0,1.0,0,0,0,m3star_graph_action_value_xgboost_v0.3,m3star_graph_action_value_xgboost_v0.3,m3star_graph_action_value_xgboost_v0.3,9.0,0,1,1,0,development,0,0,1.0,G3_campaign,1.0,1,G1_technique,2,0,1,1,1,1,,8,1,4.0,C07-AA-001,0.2,2,2,1,G3_campaign,G3_campaign,m3star_graph_transition_xgboost_v0.1,0
C07-darpa-e5-theia-0515,stage,0.4,41,project05_xgboost_policy,1,7.0,3,C07-AA-002|C07-AA-004|C07-AA-003,7.0,3.0,0,0,0,,,,9.0,0,1,1,,development,0,0,1.0,G3_campaign,1.0,1,G1_technique,2,0,,,,,,,,4.0,C07-AA-001,0.6667,2,3,,G3_campaign,G3_campaign,,1
C07-darpa-e5-theia-0515,stage,0.4,41,project05_m3b_policy,1,5.0,2,C07-AA-002|C07-AA-003,5.0,1.0,0,0,0,,,,9.0,0,1,1,,development,0,0,1.0,G3_campaign,1.0,1,G1_technique,2,0,,,,,,,,4.0,C07-AA-001,0.2,2,2,,G3_campaign,G3_campaign,,0
C07-darpa-e5-theia-0515,stage,0.4,41,project05_m2,1,4.0,2,C07-AA-001|C07-AA-003,4.0,0.0,1,0,0,,,,9.0,0,1,1,,development,0,0,1.0,G3_campaign,1.0,1,G1_technique,2,0,,,,,,,,4.0,C07-AA-001,0.0,2,2,,G3_campaign,G3_campaign,,0
C07-darpa-e5-theia-0515,stage,0.4,41,oracle_optimal,1,4.0,2,C07-AA-001|C07-AA-003,4.0,0.0,1,0,0,,,,9.0,0,1,1,,development,0,0,1.0,G3_campaign,1.0,1,G1_technique,2,0,,,,,,,,4.0,C07-AA-001,0.0,2,2,,G3_campaign,G3_campaign,,0
C07-darpa-e5-theia-0515,stage,0.4,53,project05_m3star_h3_dual,1,5.0,2,C07-AA-002|C07-AA-003,5.0,1.0,0,0,0,m3star_graph_action_value_xgboost_v0.3,m3star_graph_action_value_xgboost_v0.3,m3star_graph_action_value_xgboost_v0.3,9.0,0,1,1,0,development,0,0,1.0,G3_campaign,1.0,1,G1_technique,2,0,1,3,1,1,,8,1,4.0,C07-AA-001,0.2,2,2,1,G3_campaign,G3_campaign,m3star_graph_transition_xgboost_v0.1,0
C07-darpa-e5-theia-0515,stage,0.4,53,project05_m3star_h3_no_dominance_dual,1,5.0,2,C07-AA-002|C07-AA-003,5.0,1.0,0,0,0,m3star_graph_action_value_xgboost_v0.3,m3star_graph_action_value_xgboost_v0.3,m3star_graph_action_value_xgboost_v0.3,9.0,0,1,1,0,development,0,0,1.0,G3_campaign,1.0,1,G1_technique,2,0,1,3,0,1,,8,1,4.0,C07-AA-001,0.2,2,2,0,G3_campaign,G3_campaign,m3star_graph_transition_xgboost_v0.1,0
C07-darpa-e5-theia-0515,stage,0.4,53,project05_m3star_h3_unshielded_dual,1,5.0,2,C07-AA-002|C07-AA-003,5.0,1.0,0,0,0,m3star_graph_action_value_xgboost_v0.3,m3star_graph_action_value_xgboost_v0.3,m3star_graph_action_value_xgboost_v0.3,9.0,0,1,1,1,development,0,0,1.0,G3_campaign,1.0,1,G1_technique,2,0,0,3,1,1,,8,0,4.0,C07-AA-001,0.2,2,2,1,G3_campaign,G3_campaign,m3star_graph_transition_xgboost_v0.1,0
C07-darpa-e5-theia-0515,stage,0.4,53,project05_m3star_h3_transition_only,1,5.0,2,C07-AA-002|C07-AA-003,5.0,1.0,0,0,0,none,none,none,9.0,0,1,1,0,development,0,0,1.0,G3_campaign,1.0,1,G1_technique,2,0,1,3,1,0,,8,1,4.0,C07-AA-001,0.2,2,2,1,G3_campaign,G3_campaign,m3star_graph_transition_xgboost_v0.1,0
C07-darpa-e5-theia-0515,stage,0.4,53,project05_m3star_h1_dual,1,5.0,2,C07-AA-002|C07-AA-003,5.0,1.0,0,0,0,m3star_graph_action_value_xgboost_v0.3,m3star_graph_action_value_xgboost_v0.3,m3star_graph_action_value_xgboost_v0.3,9.0,0,1,1,0,development,0,0,1.0,G3_campaign,1.0,1,G1_technique,2,0,1,1,1,1,,8,1,4.0,C07-AA-001,0.2,2,2,1,G3_campaign,G3_campaign,m3star_graph_transition_xgboost_v0.1,0
C07-darpa-e5-theia-0515,stage,0.4,53,project05_xgboost_policy,1,7.0,3,C07-AA-002|C07-AA-004|C07-AA-003,7.0,3.0,0,0,0,,,,9.0,0,1,1,,development,0,0,1.0,G3_campaign,1.0,1,G1_technique,2,0,,,,,,,,4.0,C07-AA-001,0.6667,2,3,,G3_campaign,G3_campaign,,1
C07-darpa-e5-theia-0515,stage,0.4,53,project05_m3b_policy,1,5.0,2,C07-AA-002|C07-AA-003,5.0,1.0,0,0,0,,,,9.0,0,1,1,,development,0,0,1.0,G3_campaign,1.0,1,G1_technique,2,0,,,,,,,,4.0,C07-AA-001,0.2,2,2,,G3_campaign,G3_campaign,,0
C07-darpa-e5-theia-0515,stage,0.4,53,project05_m2,1,4.0,2,C07-AA-001|C07-AA-003,4.0,0.0,1,0,0,,,,9.0,0,1,1,,development,0,0,1.0,G3_campaign,1.0,1,G1_technique,2,0,,,,,,,,4.0,C07-AA-001,0.0,2,2,,G3_campaign,G3_campaign,,0
C07-darpa-e5-theia-0515,stage,0.4,53,oracle_optimal,1,4.0,2,C07-AA-001|C07-AA-003,4.0,0.0,1,0,0,,,,9.0,0,1,1,,development,0,0,1.0,G3_campaign,1.0,1,G1_technique,2,0,,,,,,,,4.0,C07-AA-001,0.0,2,2,,G3_campaign,G3_campaign,,0
C07-darpa-e5-theia-0515,stage,0.6,11,project05_m3star_h3_dual,1,7.0,3,C07-AA-004|C07-AA-002|C07-AA-003,7.0,1.0,0,0,0,m3star_graph_action_value_xgboost_v0.3,m3star_graph_action_value_xgboost_v0.3,m3star_graph_action_value_xgboost_v0.3,9.0,0,1,1,0,development,0,0,1.0,G3_campaign,1.0,1,G0_unknown,3,0,1,3,1,1,,8,1,6.0,C07-AA-001,0.8889,3,3,1,G3_campaign,G3_campaign,m3star_graph_transition_xgboost_v0.1,0
C07-darpa-e5-theia-0515,stage,0.6,11,project05_m3star_h3_no_dominance_dual,1,6.0,3,C07-AA-004|C07-AA-001|C07-AA-003,6.0,0.0,0,0,0,m3star_graph_action_value_xgboost_v0.3,m3star_graph_action_value_xgboost_v0.3,m3star_graph_action_value_xgboost_v0.3,9.0,0,1,1,0,development,0,0,1.0,G3_campaign,1.0,1,G0_unknown,3,0,1,3,0,1,,8,1,6.0,C07-AA-001,0.2222,3,3,0,G3_campaign,G3_campaign,m3star_graph_transition_xgboost_v0.1,0
C07-darpa-e5-theia-0515,stage,0.6,11,project05_m3star_h3_unshielded_dual,1,7.0,3,C07-AA-002|C07-AA-004|C07-AA-003,7.0,1.0,0,0,0,m3star_graph_action_value_xgboost_v0.3,m3star_graph_action_value_xgboost_v0.3,m3star_graph_action_value_xgboost_v0.3,9.0,0,1,1,1,development,0,0,1.0,G3_campaign,1.0,1,G0_unknown,3,0,0,3,1,1,,8,0,6.0,C07-AA-001,0.6667,3,3,1,G3_campaign,G3_campaign,m3star_graph_transition_xgboost_v0.1,0
C07-darpa-e5-theia-0515,stage,0.6,11,project05_m3star_h3_transition_only,1,7.0,3,C07-AA-004|C07-AA-002|C07-AA-003,7.0,1.0,0,0,0,none,none,none,9.0,0,1,1,0,development,0,0,1.0,G3_campaign,1.0,1,G0_unknown,3,0,1,3,1,0,,8,1,6.0,C07-AA-001,0.8889,3,3,1,G3_campaign,G3_campaign,m3star_graph_transition_xgboost_v0.1,0
C07-darpa-e5-theia-0515,stage,0.6,11,project05_m3star_h1_dual,1,7.0,3,C07-AA-004|C07-AA-002|C07-AA-003,7.0,1.0,0,0,0,m3star_graph_action_value_xgboost_v0.3,m3star_graph_action_value_xgboost_v0.3,m3star_graph_action_value_xgboost_v0.3,9.0,0,1,1,0,development,0,0,1.0,G3_campaign,1.0,1,G0_unknown,3,0,1,1,1,1,,8,1,6.0,C07-AA-001,0.8889,3,3,1,G3_campaign,G3_campaign,m3star_graph_transition_xgboost_v0.1,0
C07-darpa-e5-theia-0515,stage,0.6,11,project05_xgboost_policy,1,7.0,3,C07-AA-004|C07-AA-002|C07-AA-003,7.0,1.0,0,0,0,,,,9.0,0,1,1,,development,0,0,1.0,G3_campaign,1.0,1,G0_unknown,3,0,,,,,,,,6.0,C07-AA-001,0.8889,3,3,,G3_campaign,G3_campaign,,0
C07-darpa-e5-theia-0515,stage,0.6,11,project05_m3b_policy,1,7.0,3,C07-AA-003|C07-AA-004|C07-AA-002,7.0,1.0,0,0,0,,,,9.0,0,1,1,,development,0,0,1.0,G3_campaign,1.0,1,G0_unknown,3,0,,,,,,,,6.0,C07-AA-001,0.8889,3,3,,G3_campaign,G3_campaign,,0
C07-darpa-e5-theia-0515,stage,0.6,11,project05_m2,1,7.0,3,C07-AA-002|C07-AA-003|C07-AA-004,7.0,1.0,0,0,0,,,,9.0,0,1,1,,development,0,0,1.0,G3_campaign,1.0,1,G0_unknown,3,0,,,,,,,,6.0,C07-AA-001,0.6444,3,3,,G3_campaign,G3_campaign,,0
C07-darpa-e5-theia-0515,stage,0.6,11,oracle_optimal,1,6.0,3,C07-AA-001|C07-AA-003|C07-AA-004,6.0,0.0,1,0,0,,,,9.0,0,1,1,,development,0,0,1.0,G3_campaign,1.0,1,G0_unknown,3,0,,,,,,,,6.0,C07-AA-001,0.2222,3,3,,G3_campaign,G3_campaign,,0
C07-darpa-e5-theia-0515,stage,0.6,23,project05_m3star_h3_dual,1,7.0,3,C07-AA-004|C07-AA-002|C07-AA-003,7.0,0.0,0,0,0,m3star_graph_action_value_xgboost_v0.3,m3star_graph_action_value_xgboost_v0.3,m3star_graph_action_value_xgboost_v0.3,9.0,0,1,1,0,development,0,0,1.0,G3_campaign,1.0,1,G0_unknown,3,0,1,3,1,1,,8,1,7.0,C07-AA-002,0.8889,3,3,1,G3_campaign,G3_campaign,m3star_graph_transition_xgboost_v0.1,0
C07-darpa-e5-theia-0515,stage,0.6,23,project05_m3star_h3_no_dominance_dual,1,9.0,4,C07-AA-004|C07-AA-001|C07-AA-002|C07-AA-003,9.0,2.0,0,0,0,m3star_graph_action_value_xgboost_v0.3,m3star_graph_action_value_xgboost_v0.3,m3star_graph_action_value_xgboost_v0.3,9.0,0,1,1,0,development,0,0,1.0,G3_campaign,1.0,1,G0_unknown,3,0,1,3,0,1,,8,1,7.0,C07-AA-002,0.8889,3,4,0,G3_campaign,G3_campaign,m3star_graph_transition_xgboost_v0.1,1
C07-darpa-e5-theia-0515,stage,0.6,23,project05_m3star_h3_unshielded_dual,1,7.0,3,C07-AA-002|C07-AA-004|C07-AA-003,7.0,0.0,1,0,0,m3star_graph_action_value_xgboost_v0.3,m3star_graph_action_value_xgboost_v0.3,m3star_graph_action_value_xgboost_v0.3,9.0,0,1,1,1,development,0,0,1.0,G3_campaign,1.0,1,G0_unknown,3,0,0,3,1,1,,8,0,7.0,C07-AA-002,0.6667,3,3,1,G3_campaign,G3_campaign,m3star_graph_transition_xgboost_v0.1,0
C07-darpa-e5-theia-0515,stage,0.6,23,project05_m3star_h3_transition_only,1,7.0,3,C07-AA-004|C07-AA-002|C07-AA-003,7.0,0.0,0,0,0,none,none,none,9.0,0,1,1,0,development,0,0,1.0,G3_campaign,1.0,1,G0_unknown,3,0,1,3,1,0,,8,1,7.0,C07-AA-002,0.8889,3,3,1,G3_campaign,G3_campaign,m3star_graph_transition_xgboost_v0.1,0
C07-darpa-e5-theia-0515,stage,0.6,23,project05_m3star_h1_dual,1,7.0,3,C07-AA-004|C07-AA-002|C07-AA-003,7.0,0.0,0,0,0,m3star_graph_action_value_xgboost_v0.3,m3star_graph_action_value_xgboost_v0.3,m3star_graph_action_value_xgboost_v0.3,9.0,0,1,1,0,development,0,0,1.0,G3_campaign,1.0,1,G0_unknown,3,0,1,1,1,1,,8,1,7.0,C07-AA-002,0.8889,3,3,1,G3_campaign,G3_campaign,m3star_graph_transition_xgboost_v0.1,0
C07-darpa-e5-theia-0515,stage,0.6,23,project05_xgboost_policy,1,7.0,3,C07-AA-004|C07-AA-002|C07-AA-003,7.0,0.0,0,0,0,,,,9.0,0,1,1,,development,0,0,1.0,G3_campaign,1.0,1,G0_unknown,3,0,,,,,,,,7.0,C07-AA-002,0.8889,3,3,,G3_campaign,G3_campaign,,0
C07-darpa-e5-theia-0515,stage,0.6,23,project05_m3b_policy,1,7.0,3,C07-AA-003|C07-AA-004|C07-AA-002,7.0,0.0,0,0,0,,,,9.0,0,1,1,,development,0,0,1.0,G3_campaign,1.0,1,G0_unknown,3,0,,,,,,,,7.0,C07-AA-002,0.8889,3,3,,G3_campaign,G3_campaign,,0
C07-darpa-e5-theia-0515,stage,0.6,23,project05_m2,1,7.0,3,C07-AA-002|C07-AA-003|C07-AA-004,7.0,0.0,1,0,0,,,,9.0,0,1,1,,development,0,0,1.0,G3_campaign,1.0,1,G0_unknown,3,0,,,,,,,,7.0,C07-AA-002,0.6444,3,3,,G3_campaign,G3_campaign,,0
C07-darpa-e5-theia-0515,stage,0.6,23,oracle_optimal,1,7.0,3,C07-AA-002|C07-AA-003|C07-AA-004,7.0,0.0,1,0,0,,,,9.0,0,1,1,,development,0,0,1.0,G3_campaign,1.0,1,G0_unknown,3,0,,,,,,,,7.0,C07-AA-002,0.6444,3,3,,G3_campaign,G3_campaign,,0
C07-darpa-e5-theia-0515,stage,0.6,37,project05_m3star_h3_dual,1,7.0,3,C07-AA-004|C07-AA-002|C07-AA-003,7.0,0.0,0,0,0,m3star_graph_action_value_xgboost_v0.3,m3star_graph_action_value_xgboost_v0.3,m3star_graph_action_value_xgboost_v0.3,9.0,0,1,1,0,development,0,0,1.0,G3_campaign,1.0,1,G0_unknown,3,0,1,3,1,1,,8,1,7.0,C07-AA-002,0.8889,3,3,1,G3_campaign,G3_campaign,m3star_graph_transition_xgboost_v0.1,0
C07-darpa-e5-theia-0515,stage,0.6,37,project05_m3star_h3_no_dominance_dual,1,9.0,4,C07-AA-004|C07-AA-001|C07-AA-002|C07-AA-003,9.0,2.0,0,0,0,m3star_graph_action_value_xgboost_v0.3,m3star_graph_action_value_xgboost_v0.3,m3star_graph_action_value_xgboost_v0.3,9.0,0,1,1,0,development,0,0,1.0,G3_campaign,1.0,1,G0_unknown,3,0,1,3,0,1,,8,1,7.0,C07-AA-002,0.8889,3,4,0,G3_campaign,G3_campaign,m3star_graph_transition_xgboost_v0.1,1
C07-darpa-e5-theia-0515,stage,0.6,37,project05_m3star_h3_unshielded_dual,1,7.0,3,C07-AA-002|C07-AA-004|C07-AA-003,7.0,0.0,1,0,0,m3star_graph_action_value_xgboost_v0.3,m3star_graph_action_value_xgboost_v0.3,m3star_graph_action_value_xgboost_v0.3,9.0,0,1,1,1,development,0,0,1.0,G3_campaign,1.0,1,G0_unknown,3,0,0,3,1,1,,8,0,7.0,C07-AA-002,0.6667,3,3,1,G3_campaign,G3_campaign,m3star_graph_transition_xgboost_v0.1,0
C07-darpa-e5-theia-0515,stage,0.6,37,project05_m3star_h3_transition_only,1,7.0,3,C07-AA-004|C07-AA-002|C07-AA-003,7.0,0.0,0,0,0,none,none,none,9.0,0,1,1,0,development,0,0,1.0,G3_campaign,1.0,1,G0_unknown,3,0,1,3,1,0,,8,1,7.0,C07-AA-002,0.8889,3,3,1,G3_campaign,G3_campaign,m3star_graph_transition_xgboost_v0.1,0
C07-darpa-e5-theia-0515,stage,0.6,37,project05_m3star_h1_dual,1,7.0,3,C07-AA-004|C07-AA-002|C07-AA-003,7.0,0.0,0,0,0,m3star_graph_action_value_xgboost_v0.3,m3star_graph_action_value_xgboost_v0.3,m3star_graph_action_value_xgboost_v0.3,9.0,0,1,1,0,development,0,0,1.0,G3_campaign,1.0,1,G0_unknown,3,0,1,1,1,1,,8,1,7.0,C07-AA-002,0.8889,3,3,1,G3_campaign,G3_campaign,m3star_graph_transition_xgboost_v0.1,0
C07-darpa-e5-theia-0515,stage,0.6,37,project05_xgboost_policy,1,7.0,3,C07-AA-004|C07-AA-002|C07-AA-003,7.0,0.0,0,0,0,,,,9.0,0,1,1,,development,0,0,1.0,G3_campaign,1.0,1,G0_unknown,3,0,,,,,,,,7.0,C07-AA-002,0.8889,3,3,,G3_campaign,G3_campaign,,0
C07-darpa-e5-theia-0515,stage,0.6,37,project05_m3b_policy,1,7.0,3,C07-AA-003|C07-AA-004|C07-AA-002,7.0,0.0,0,0,0,,,,9.0,0,1,1,,development,0,0,1.0,G3_campaign,1.0,1,G0_unknown,3,0,,,,,,,,7.0,C07-AA-002,0.8889,3,3,,G3_campaign,G3_campaign,,0
C07-darpa-e5-theia-0515,stage,0.6,37,project05_m2,1,7.0,3,C07-AA-002|C07-AA-003|C07-AA-004,7.0,0.0,1,0,0,,,,9.0,0,1,1,,development,0,0,1.0,G3_campaign,1.0,1,G0_unknown,3,0,,,,,,,,7.0,C07-AA-002,0.6444,3,3,,G3_campaign,G3_campaign,,0
C07-darpa-e5-theia-0515,stage,0.6,37,oracle_optimal,1,7.0,3,C07-AA-002|C07-AA-003|C07-AA-004,7.0,0.0,1,0,0,,,,9.0,0,1,1,,development,0,0,1.0,G3_campaign,1.0,1,G0_unknown,3,0,,,,,,,,7.0,C07-AA-002,0.6444,3,3,,G3_campaign,G3_campaign,,0
C07-darpa-e5-theia-0515,stage,0.6,41,project05_m3star_h3_dual,1,7.0,3,C07-AA-004|C07-AA-002|C07-AA-003,7.0,1.0,0,0,0,m3star_graph_action_value_xgboost_v0.3,m3star_graph_action_value_xgboost_v0.3,m3star_graph_action_value_xgboost_v0.3,9.0,0,1,1,0,development,0,0,1.0,G3_campaign,1.0,1,G0_unknown,3,0,1,3,1,1,,8,1,6.0,C07-AA-001,0.8889,3,3,1,G3_campaign,G3_campaign,m3star_graph_transition_xgboost_v0.1,0
C07-darpa-e5-theia-0515,stage,0.6,41,project05_m3star_h3_no_dominance_dual,1,6.0,3,C07-AA-004|C07-AA-001|C07-AA-003,6.0,0.0,0,0,0,m3star_graph_action_value_xgboost_v0.3,m3star_graph_action_value_xgboost_v0.3,m3star_graph_action_value_xgboost_v0.3,9.0,0,1,1,0,development,0,0,1.0,G3_campaign,1.0,1,G0_unknown,3,0,1,3,0,1,,8,1,6.0,C07-AA-001,0.2222,3,3,0,G3_campaign,G3_campaign,m3star_graph_transition_xgboost_v0.1,0
C07-darpa-e5-theia-0515,stage,0.6,41,project05_m3star_h3_unshielded_dual,1,7.0,3,C07-AA-002|C07-AA-004|C07-AA-003,7.0,1.0,0,0,0,m3star_graph_action_value_xgboost_v0.3,m3star_graph_action_value_xgboost_v0.3,m3star_graph_action_value_xgboost_v0.3,9.0,0,1,1,1,development,0,0,1.0,G3_campaign,1.0,1,G0_unknown,3,0,0,3,1,1,,8,0,6.0,C07-AA-001,0.6667,3,3,1,G3_campaign,G3_campaign,m3star_graph_transition_xgboost_v0.1,0
C07-darpa-e5-theia-0515,stage,0.6,41,project05_m3star_h3_transition_only,1,7.0,3,C07-AA-004|C07-AA-002|C07-AA-003,7.0,1.0,0,0,0,none,none,none,9.0,0,1,1,0,development,0,0,1.0,G3_campaign,1.0,1,G0_unknown,3,0,1,3,1,0,,8,1,6.0,C07-AA-001,0.8889,3,3,1,G3_campaign,G3_campaign,m3star_graph_transition_xgboost_v0.1,0
C07-darpa-e5-theia-0515,stage,0.6,41,project05_m3star_h1_dual,1,7.0,3,C07-AA-004|C07-AA-002|C07-AA-003,7.0,1.0,0,0,0,m3star_graph_action_value_xgboost_v0.3,m3star_graph_action_value_xgboost_v0.3,m3star_graph_action_value_xgboost_v0.3,9.0,0,1,1,0,development,0,0,1.0,G3_campaign,1.0,1,G0_unknown,3,0,1,1,1,1,,8,1,6.0,C07-AA-001,0.8889,3,3,1,G3_campaign,G3_campaign,m3star_graph_transition_xgboost_v0.1,0
C07-darpa-e5-theia-0515,stage,0.6,41,project05_xgboost_policy,1,7.0,3,C07-AA-004|C07-AA-002|C07-AA-003,7.0,1.0,0,0,0,,,,9.0,0,1,1,,development,0,0,1.0,G3_campaign,1.0,1,G0_unknown,3,0,,,,,,,,6.0,C07-AA-001,0.8889,3,3,,G3_campaign,G3_campaign,,0
C07-darpa-e5-theia-0515,stage,0.6,41,project05_m3b_policy,1,7.0,3,C07-AA-003|C07-AA-004|C07-AA-002,7.0,1.0,0,0,0,,,,9.0,0,1,1,,development,0,0,1.0,G3_campaign,1.0,1,G0_unknown,3,0,,,,,,,,6.0,C07-AA-001,0.8889,3,3,,G3_campaign,G3_campaign,,0
C07-darpa-e5-theia-0515,stage,0.6,41,project05_m2,1,7.0,3,C07-AA-002|C07-AA-003|C07-AA-004,7.0,1.0,0,0,0,,,,9.0,0,1,1,,development,0,0,1.0,G3_campaign,1.0,1,G0_unknown,3,0,,,,,,,,6.0,C07-AA-001,0.6444,3,3,,G3_campaign,G3_campaign,,0
C07-darpa-e5-theia-0515,stage,0.6,41,oracle_optimal,1,6.0,3,C07-AA-001|C07-AA-003|C07-AA-004,6.0,0.0,1,0,0,,,,9.0,0,1,1,,development,0,0,1.0,G3_campaign,1.0,1,G0_unknown,3,0,,,,,,,,6.0,C07-AA-001,0.2222,3,3,,G3_campaign,G3_campaign,,0
C07-darpa-e5-theia-0515,stage,0.6,53,project05_m3star_h3_dual,1,7.0,3,C07-AA-004|C07-AA-002|C07-AA-003,7.0,1.0,0,0,0,m3star_graph_action_value_xgboost_v0.3,m3star_graph_action_value_xgboost_v0.3,m3star_graph_action_value_xgboost_v0.3,9.0,0,1,1,0,development,0,0,1.0,G3_campaign,1.0,1,G0_unknown,3,0,1,3,1,1,,8,1,6.0,C07-AA-001,0.8889,3,3,1,G3_campaign,G3_campaign,m3star_graph_transition_xgboost_v0.1,0
C07-darpa-e5-theia-0515,stage,0.6,53,project05_m3star_h3_no_dominance_dual,1,6.0,3,C07-AA-004|C07-AA-001|C07-AA-003,6.0,0.0,0,0,0,m3star_graph_action_value_xgboost_v0.3,m3star_graph_action_value_xgboost_v0.3,m3star_graph_action_value_xgboost_v0.3,9.0,0,1,1,0,development,0,0,1.0,G3_campaign,1.0,1,G0_unknown,3,0,1,3,0,1,,8,1,6.0,C07-AA-001,0.2222,3,3,0,G3_campaign,G3_campaign,m3star_graph_transition_xgboost_v0.1,0
C07-darpa-e5-theia-0515,stage,0.6,53,project05_m3star_h3_unshielded_dual,1,7.0,3,C07-AA-002|C07-AA-004|C07-AA-003,7.0,1.0,0,0,0,m3star_graph_action_value_xgboost_v0.3,m3star_graph_action_value_xgboost_v0.3,m3star_graph_action_value_xgboost_v0.3,9.0,0,1,1,1,development,0,0,1.0,G3_campaign,1.0,1,G0_unknown,3,0,0,3,1,1,,8,0,6.0,C07-AA-001,0.6667,3,3,1,G3_campaign,G3_campaign,m3star_graph_transition_xgboost_v0.1,0
C07-darpa-e5-theia-0515,stage,0.6,53,project05_m3star_h3_transition_only,1,7.0,3,C07-AA-004|C07-AA-002|C07-AA-003,7.0,1.0,0,0,0,none,none,none,9.0,0,1,1,0,development,0,0,1.0,G3_campaign,1.0,1,G0_unknown,3,0,1,3,1,0,,8,1,6.0,C07-AA-001,0.8889,3,3,1,G3_campaign,G3_campaign,m3star_graph_transition_xgboost_v0.1,0
C07-darpa-e5-theia-0515,stage,0.6,53,project05_m3star_h1_dual,1,7.0,3,C07-AA-004|C07-AA-002|C07-AA-003,7.0,1.0,0,0,0,m3star_graph_action_value_xgboost_v0.3,m3star_graph_action_value_xgboost_v0.3,m3star_graph_action_value_xgboost_v0.3,9.0,0,1,1,0,development,0,0,1.0,G3_campaign,1.0,1,G0_unknown,3,0,1,1,1,1,,8,1,6.0,C07-AA-001,0.8889,3,3,1,G3_campaign,G3_campaign,m3star_graph_transition_xgboost_v0.1,0
C07-darpa-e5-theia-0515,stage,0.6,53,project05_xgboost_policy,1,7.0,3,C07-AA-004|C07-AA-002|C07-AA-003,7.0,1.0,0,0,0,,,,9.0,0,1,1,,development,0,0,1.0,G3_campaign,1.0,1,G0_unknown,3,0,,,,,,,,6.0,C07-AA-001,0.8889,3,3,,G3_campaign,G3_campaign,,0
C07-darpa-e5-theia-0515,stage,0.6,53,project05_m3b_policy,1,7.0,3,C07-AA-003|C07-AA-004|C07-AA-002,7.0,1.0,0,0,0,,,,9.0,0,1,1,,development,0,0,1.0,G3_campaign,1.0,1,G0_unknown,3,0,,,,,,,,6.0,C07-AA-001,0.8889,3,3,,G3_campaign,G3_campaign,,0
C07-darpa-e5-theia-0515,stage,0.6,53,project05_m2,1,7.0,3,C07-AA-002|C07-AA-003|C07-AA-004,7.0,1.0,0,0,0,,,,9.0,0,1,1,,development,0,0,1.0,G3_campaign,1.0,1,G0_unknown,3,0,,,,,,,,6.0,C07-AA-001,0.6444,3,3,,G3_campaign,G3_campaign,,0
C07-darpa-e5-theia-0515,stage,0.6,53,oracle_optimal,1,6.0,3,C07-AA-001|C07-AA-003|C07-AA-004,6.0,0.0,1,0,0,,,,9.0,0,1,1,,development,0,0,1.0,G3_campaign,1.0,1,G0_unknown,3,0,,,,,,,,6.0,C07-AA-001,0.2222,3,3,,G3_campaign,G3_campaign,,0
C07-darpa-e5-theia-0515,discriminative,0.2,11,project05_m3star_h3_dual,1,3.0,1,C07-AA-002,3.0,1.0,0,0,0,m3star_graph_action_value_xgboost_v0.3,m3star_graph_action_value_xgboost_v0.3,m3star_graph_action_value_xgboost_v0.3,9.0,0,1,1,1,development,0,0,1.0,G3_campaign,1.0,1,G2_tactic_intent,1,0,1,3,1,1,,8,1,2.0,C07-AA-001,0.0,1,1,1,G3_campaign,G3_campaign,m3star_graph_transition_xgboost_v0.1,0
C07-darpa-e5-theia-0515,discriminative,0.2,11,project05_m3star_h3_no_dominance_dual,1,2.0,1,C07-AA-001,2.0,0.0,1,0,0,m3star_graph_action_value_xgboost_v0.3,m3star_graph_action_value_xgboost_v0.3,m3star_graph_action_value_xgboost_v0.3,9.0,0,1,1,0,development,0,0,1.0,G3_campaign,1.0,1,G2_tactic_intent,1,0,1,3,0,1,,8,1,2.0,C07-AA-001,0.0,1,1,0,G3_campaign,G3_campaign,m3star_graph_transition_xgboost_v0.1,0
C07-darpa-e5-theia-0515,discriminative,0.2,11,project05_m3star_h3_unshielded_dual,1,3.0,1,C07-AA-002,3.0,1.0,0,0,0,m3star_graph_action_value_xgboost_v0.3,m3star_graph_action_value_xgboost_v0.3,m3star_graph_action_value_xgboost_v0.3,9.0,0,1,1,1,development,0,0,1.0,G3_campaign,1.0,1,G2_tactic_intent,1,0,0,3,1,1,,8,0,2.0,C07-AA-001,0.0,1,1,1,G3_campaign,G3_campaign,m3star_graph_transition_xgboost_v0.1,0
C07-darpa-e5-theia-0515,discriminative,0.2,11,project05_m3star_h3_transition_only,1,3.0,1,C07-AA-002,3.0,1.0,0,0,0,none,none,none,9.0,0,1,1,1,development,0,0,1.0,G3_campaign,1.0,1,G2_tactic_intent,1,0,1,3,1,0,,8,1,2.0,C07-AA-001,0.0,1,1,1,G3_campaign,G3_campaign,m3star_graph_transition_xgboost_v0.1,0
C07-darpa-e5-theia-0515,discriminative,0.2,11,project05_m3star_h1_dual,1,3.0,1,C07-AA-002,3.0,1.0,0,0,0,m3star_graph_action_value_xgboost_v0.3,m3star_graph_action_value_xgboost_v0.3,m3star_graph_action_value_xgboost_v0.3,9.0,0,1,1,1,development,0,0,1.0,G3_campaign,1.0,1,G2_tactic_intent,1,0,1,1,1,1,,8,1,2.0,C07-AA-001,0.0,1,1,1,G3_campaign,G3_campaign,m3star_graph_transition_xgboost_v0.1,0
C07-darpa-e5-theia-0515,discriminative,0.2,11,project05_xgboost_policy,1,3.0,1,C07-AA-002,3.0,1.0,0,0,0,,,,9.0,0,1,1,,development,0,0,1.0,G3_campaign,1.0,1,G2_tactic_intent,1,0,,,,,,,,2.0,C07-AA-001,0.0,1,1,,G3_campaign,G3_campaign,,0
C07-darpa-e5-theia-0515,discriminative,0.2,11,project05_m3b_policy,1,3.0,1,C07-AA-002,3.0,1.0,0,0,0,,,,9.0,0,1,1,,development,0,0,1.0,G3_campaign,1.0,1,G2_tactic_intent,1,0,,,,,,,,2.0,C07-AA-001,0.0,1,1,,G3_campaign,G3_campaign,,0
C07-darpa-e5-theia-0515,discriminative,0.2,11,project05_m2,1,2.0,1,C07-AA-001,2.0,0.0,1,0,0,,,,9.0,0,1,1,,development,0,0,1.0,G3_campaign,1.0,1,G2_tactic_intent,1,0,,,,,,,,2.0,C07-AA-001,0.0,1,1,,G3_campaign,G3_campaign,,0
C07-darpa-e5-theia-0515,discriminative,0.2,11,oracle_optimal,1,2.0,1,C07-AA-001,2.0,0.0,1,0,0,,,,9.0,0,1,1,,development,0,0,1.0,G3_campaign,1.0,1,G2_tactic_intent,1,0,,,,,,,,2.0,C07-AA-001,0.0,1,1,,G3_campaign,G3_campaign,,0
C07-darpa-e5-theia-0515,discriminative,0.2,23,project05_m3star_h3_dual,1,3.0,1,C07-AA-002,3.0,0.0,1,0,0,m3star_graph_action_value_xgboost_v0.3,m3star_graph_action_value_xgboost_v0.3,m3star_graph_action_value_xgboost_v0.3,9.0,0,1,1,1,development,0,0,1.0,G3_campaign,1.0,1,G2_tactic_intent,1,0,1,3,1,1,,8,1,3.0,C07-AA-002,0.0,1,1,1,G3_campaign,G3_campaign,m3star_graph_transition_xgboost_v0.1,0
C07-darpa-e5-theia-0515,discriminative,0.2,23,project05_m3star_h3_no_dominance_dual,1,5.0,2,C07-AA-001|C07-AA-002,5.0,2.0,0,0,0,m3star_graph_action_value_xgboost_v0.3,m3star_graph_action_value_xgboost_v0.3,m3star_graph_action_value_xgboost_v0.3,9.0,0,1,1,0,development,0,0,1.0,G3_campaign,1.0,1,G2_tactic_intent,1,0,1,3,0,1,,8,1,3.0,C07-AA-002,0.6667,1,2,0,G3_campaign,G3_campaign,m3star_graph_transition_xgboost_v0.1,1
C07-darpa-e5-theia-0515,discriminative,0.2,23,project05_m3star_h3_unshielded_dual,1,3.0,1,C07-AA-002,3.0,0.0,1,0,0,m3star_graph_action_value_xgboost_v0.3,m3star_graph_action_value_xgboost_v0.3,m3star_graph_action_value_xgboost_v0.3,9.0,0,1,1,1,development,0,0,1.0,G3_campaign,1.0,1,G2_tactic_intent,1,0,0,3,1,1,,8,0,3.0,C07-AA-002,0.0,1,1,1,G3_campaign,G3_campaign,m3star_graph_transition_xgboost_v0.1,0
C07-darpa-e5-theia-0515,discriminative,0.2,23,project05_m3star_h3_transition_only,1,3.0,1,C07-AA-002,3.0,0.0,1,0,0,none,none,none,9.0,0,1,1,1,development,0,0,1.0,G3_campaign,1.0,1,G2_tactic_intent,1,0,1,3,1,0,,8,1,3.0,C07-AA-002,0.0,1,1,1,G3_campaign,G3_campaign,m3star_graph_transition_xgboost_v0.1,0
C07-darpa-e5-theia-0515,discriminative,0.2,23,project05_m3star_h1_dual,1,3.0,1,C07-AA-002,3.0,0.0,1,0,0,m3star_graph_action_value_xgboost_v0.3,m3star_graph_action_value_xgboost_v0.3,m3star_graph_action_value_xgboost_v0.3,9.0,0,1,1,1,development,0,0,1.0,G3_campaign,1.0,1,G2_tactic_intent,1,0,1,1,1,1,,8,1,3.0,C07-AA-002,0.0,1,1,1,G3_campaign,G3_campaign,m3star_graph_transition_xgboost_v0.1,0
C07-darpa-e5-theia-0515,discriminative,0.2,23,project05_xgboost_policy,1,3.0,1,C07-AA-002,3.0,0.0,1,0,0,,,,9.0,0,1,1,,development,0,0,1.0,G3_campaign,1.0,1,G2_tactic_intent,1,0,,,,,,,,3.0,C07-AA-002,0.0,1,1,,G3_campaign,G3_campaign,,0
C07-darpa-e5-theia-0515,discriminative,0.2,23,project05_m3b_policy,1,3.0,1,C07-AA-002,3.0,0.0,1,0,0,,,,9.0,0,1,1,,development,0,0,1.0,G3_campaign,1.0,1,G2_tactic_intent,1,0,,,,,,,,3.0,C07-AA-002,0.0,1,1,,G3_campaign,G3_campaign,,0
C07-darpa-e5-theia-0515,discriminative,0.2,23,project05_m2,1,5.0,2,C07-AA-001|C07-AA-002,5.0,2.0,0,0,0,,,,9.0,0,1,1,,development,0,0,1.0,G3_campaign,1.0,1,G2_tactic_intent,1,0,,,,,,,,3.0,C07-AA-002,0.6667,1,2,,G3_campaign,G3_campaign,,1
C07-darpa-e5-theia-0515,discriminative,0.2,23,oracle_optimal,1,3.0,1,C07-AA-002,3.0,0.0,1,0,0,,,,9.0,0,1,1,,development,0,0,1.0,G3_campaign,1.0,1,G2_tactic_intent,1,0,,,,,,,,3.0,C07-AA-002,0.0,1,1,,G3_campaign,G3_campaign,,0
C07-darpa-e5-theia-0515,discriminative,0.2,37,project05_m3star_h3_dual,1,3.0,1,C07-AA-002,3.0,0.0,1,0,0,m3star_graph_action_value_xgboost_v0.3,m3star_graph_action_value_xgboost_v0.3,m3star_graph_action_value_xgboost_v0.3,9.0,0,1,1,1,development,0,0,1.0,G3_campaign,1.0,1,G2_tactic_intent,1,0,1,3,1,1,,8,1,3.0,C07-AA-002,0.0,1,1,1,G3_campaign,G3_campaign,m3star_graph_transition_xgboost_v0.1,0
C07-darpa-e5-theia-0515,discriminative,0.2,37,project05_m3star_h3_no_dominance_dual,1,5.0,2,C07-AA-001|C07-AA-002,5.0,2.0,0,0,0,m3star_graph_action_value_xgboost_v0.3,m3star_graph_action_value_xgboost_v0.3,m3star_graph_action_value_xgboost_v0.3,9.0,0,1,1,0,development,0,0,1.0,G3_campaign,1.0,1,G2_tactic_intent,1,0,1,3,0,1,,8,1,3.0,C07-AA-002,0.6667,1,2,0,G3_campaign,G3_campaign,m3star_graph_transition_xgboost_v0.1,1
C07-darpa-e5-theia-0515,discriminative,0.2,37,project05_m3star_h3_unshielded_dual,1,3.0,1,C07-AA-002,3.0,0.0,1,0,0,m3star_graph_action_value_xgboost_v0.3,m3star_graph_action_value_xgboost_v0.3,m3star_graph_action_value_xgboost_v0.3,9.0,0,1,1,1,development,0,0,1.0,G3_campaign,1.0,1,G2_tactic_intent,1,0,0,3,1,1,,8,0,3.0,C07-AA-002,0.0,1,1,1,G3_campaign,G3_campaign,m3star_graph_transition_xgboost_v0.1,0
C07-darpa-e5-theia-0515,discriminative,0.2,37,project05_m3star_h3_transition_only,1,3.0,1,C07-AA-002,3.0,0.0,1,0,0,none,none,none,9.0,0,1,1,1,development,0,0,1.0,G3_campaign,1.0,1,G2_tactic_intent,1,0,1,3,1,0,,8,1,3.0,C07-AA-002,0.0,1,1,1,G3_campaign,G3_campaign,m3star_graph_transition_xgboost_v0.1,0
C07-darpa-e5-theia-0515,discriminative,0.2,37,project05_m3star_h1_dual,1,3.0,1,C07-AA-002,3.0,0.0,1,0,0,m3star_graph_action_value_xgboost_v0.3,m3star_graph_action_value_xgboost_v0.3,m3star_graph_action_value_xgboost_v0.3,9.0,0,1,1,1,development,0,0,1.0,G3_campaign,1.0,1,G2_tactic_intent,1,0,1,1,1,1,,8,1,3.0,C07-AA-002,0.0,1,1,1,G3_campaign,G3_campaign,m3star_graph_transition_xgboost_v0.1,0
C07-darpa-e5-theia-0515,discriminative,0.2,37,project05_xgboost_policy,1,3.0,1,C07-AA-002,3.0,0.0,1,0,0,,,,9.0,0,1,1,,development,0,0,1.0,G3_campaign,1.0,1,G2_tactic_intent,1,0,,,,,,,,3.0,C07-AA-002,0.0,1,1,,G3_campaign,G3_campaign,,0
C07-darpa-e5-theia-0515,discriminative,0.2,37,project05_m3b_policy,1,3.0,1,C07-AA-002,3.0,0.0,1,0,0,,,,9.0,0,1,1,,development,0,0,1.0,G3_campaign,1.0,1,G2_tactic_intent,1,0,,,,,,,,3.0,C07-AA-002,0.0,1,1,,G3_campaign,G3_campaign,,0
C07-darpa-e5-theia-0515,discriminative,0.2,37,project05_m2,1,5.0,2,C07-AA-001|C07-AA-002,5.0,2.0,0,0,0,,,,9.0,0,1,1,,development,0,0,1.0,G3_campaign,1.0,1,G2_tactic_intent,1,0,,,,,,,,3.0,C07-AA-002,0.6667,1,2,,G3_campaign,G3_campaign,,1
C07-darpa-e5-theia-0515,discriminative,0.2,37,oracle_optimal,1,3.0,1,C07-AA-002,3.0,0.0,1,0,0,,,,9.0,0,1,1,,development,0,0,1.0,G3_campaign,1.0,1,G2_tactic_intent,1,0,,,,,,,,3.0,C07-AA-002,0.0,1,1,,G3_campaign,G3_campaign,,0
C07-darpa-e5-theia-0515,discriminative,0.2,41,project05_m3star_h3_dual,1,3.0,1,C07-AA-002,3.0,1.0,0,0,0,m3star_graph_action_value_xgboost_v0.3,m3star_graph_action_value_xgboost_v0.3,m3star_graph_action_value_xgboost_v0.3,9.0,0,1,1,1,development,0,0,1.0,G3_campaign,1.0,1,G2_tactic_intent,1,0,1,3,1,1,,8,1,2.0,C07-AA-001,0.0,1,1,1,G3_campaign,G3_campaign,m3star_graph_transition_xgboost_v0.1,0
C07-darpa-e5-theia-0515,discriminative,0.2,41,project05_m3star_h3_no_dominance_dual,1,2.0,1,C07-AA-001,2.0,0.0,1,0,0,m3star_graph_action_value_xgboost_v0.3,m3star_graph_action_value_xgboost_v0.3,m3star_graph_action_value_xgboost_v0.3,9.0,0,1,1,0,development,0,0,1.0,G3_campaign,1.0,1,G2_tactic_intent,1,0,1,3,0,1,,8,1,2.0,C07-AA-001,0.0,1,1,0,G3_campaign,G3_campaign,m3star_graph_transition_xgboost_v0.1,0
C07-darpa-e5-theia-0515,discriminative,0.2,41,project05_m3star_h3_unshielded_dual,1,3.0,1,C07-AA-002,3.0,1.0,0,0,0,m3star_graph_action_value_xgboost_v0.3,m3star_graph_action_value_xgboost_v0.3,m3star_graph_action_value_xgboost_v0.3,9.0,0,1,1,1,development,0,0,1.0,G3_campaign,1.0,1,G2_tactic_intent,1,0,0,3,1,1,,8,0,2.0,C07-AA-001,0.0,1,1,1,G3_campaign,G3_campaign,m3star_graph_transition_xgboost_v0.1,0
C07-darpa-e5-theia-0515,discriminative,0.2,41,project05_m3star_h3_transition_only,1,3.0,1,C07-AA-002,3.0,1.0,0,0,0,none,none,none,9.0,0,1,1,1,development,0,0,1.0,G3_campaign,1.0,1,G2_tactic_intent,1,0,1,3,1,0,,8,1,2.0,C07-AA-001,0.0,1,1,1,G3_campaign,G3_campaign,m3star_graph_transition_xgboost_v0.1,0
C07-darpa-e5-theia-0515,discriminative,0.2,41,project05_m3star_h1_dual,1,3.0,1,C07-AA-002,3.0,1.0,0,0,0,m3star_graph_action_value_xgboost_v0.3,m3star_graph_action_value_xgboost_v0.3,m3star_graph_action_value_xgboost_v0.3,9.0,0,1,1,1,development,0,0,1.0,G3_campaign,1.0,1,G2_tactic_intent,1,0,1,1,1,1,,8,1,2.0,C07-AA-001,0.0,1,1,1,G3_campaign,G3_campaign,m3star_graph_transition_xgboost_v0.1,0
C07-darpa-e5-theia-0515,discriminative,0.2,41,project05_xgboost_policy,1,3.0,1,C07-AA-002,3.0,1.0,0,0,0,,,,9.0,0,1,1,,development,0,0,1.0,G3_campaign,1.0,1,G2_tactic_intent,1,0,,,,,,,,2.0,C07-AA-001,0.0,1,1,,G3_campaign,G3_campaign,,0
C07-darpa-e5-theia-0515,discriminative,0.2,41,project05_m3b_policy,1,3.0,1,C07-AA-002,3.0,1.0,0,0,0,,,,9.0,0,1,1,,development,0,0,1.0,G3_campaign,1.0,1,G2_tactic_intent,1,0,,,,,,,,2.0,C07-AA-001,0.0,1,1,,G3_campaign,G3_campaign,,0
C07-darpa-e5-theia-0515,discriminative,0.2,41,project05_m2,1,2.0,1,C07-AA-001,2.0,0.0,1,0,0,,,,9.0,0,1,1,,development,0,0,1.0,G3_campaign,1.0,1,G2_tactic_intent,1,0,,,,,,,,2.0,C07-AA-001,0.0,1,1,,G3_campaign,G3_campaign,,0
C07-darpa-e5-theia-0515,discriminative,0.2,41,oracle_optimal,1,2.0,1,C07-AA-001,2.0,0.0,1,0,0,,,,9.0,0,1,1,,development,0,0,1.0,G3_campaign,1.0,1,G2_tactic_intent,1,0,,,,,,,,2.0,C07-AA-001,0.0,1,1,,G3_campaign,G3_campaign,,0
C07-darpa-e5-theia-0515,discriminative,0.2,53,project05_m3star_h3_dual,1,3.0,1,C07-AA-002,3.0,1.0,0,0,0,m3star_graph_action_value_xgboost_v0.3,m3star_graph_action_value_xgboost_v0.3,m3star_graph_action_value_xgboost_v0.3,9.0,0,1,1,1,development,0,0,1.0,G3_campaign,1.0,1,G2_tactic_intent,1,0,1,3,1,1,,8,1,2.0,C07-AA-001,0.0,1,1,1,G3_campaign,G3_campaign,m3star_graph_transition_xgboost_v0.1,0
C07-darpa-e5-theia-0515,discriminative,0.2,53,project05_m3star_h3_no_dominance_dual,1,2.0,1,C07-AA-001,2.0,0.0,1,0,0,m3star_graph_action_value_xgboost_v0.3,m3star_graph_action_value_xgboost_v0.3,m3star_graph_action_value_xgboost_v0.3,9.0,0,1,1,0,development,0,0,1.0,G3_campaign,1.0,1,G2_tactic_intent,1,0,1,3,0,1,,8,1,2.0,C07-AA-001,0.0,1,1,0,G3_campaign,G3_campaign,m3star_graph_transition_xgboost_v0.1,0
C07-darpa-e5-theia-0515,discriminative,0.2,53,project05_m3star_h3_unshielded_dual,1,3.0,1,C07-AA-002,3.0,1.0,0,0,0,m3star_graph_action_value_xgboost_v0.3,m3star_graph_action_value_xgboost_v0.3,m3star_graph_action_value_xgboost_v0.3,9.0,0,1,1,1,development,0,0,1.0,G3_campaign,1.0,1,G2_tactic_intent,1,0,0,3,1,1,,8,0,2.0,C07-AA-001,0.0,1,1,1,G3_campaign,G3_campaign,m3star_graph_transition_xgboost_v0.1,0
C07-darpa-e5-theia-0515,discriminative,0.2,53,project05_m3star_h3_transition_only,1,3.0,1,C07-AA-002,3.0,1.0,0,0,0,none,none,none,9.0,0,1,1,1,development,0,0,1.0,G3_campaign,1.0,1,G2_tactic_intent,1,0,1,3,1,0,,8,1,2.0,C07-AA-001,0.0,1,1,1,G3_campaign,G3_campaign,m3star_graph_transition_xgboost_v0.1,0
C07-darpa-e5-theia-0515,discriminative,0.2,53,project05_m3star_h1_dual,1,3.0,1,C07-AA-002,3.0,1.0,0,0,0,m3star_graph_action_value_xgboost_v0.3,m3star_graph_action_value_xgboost_v0.3,m3star_graph_action_value_xgboost_v0.3,9.0,0,1,1,1,development,0,0,1.0,G3_campaign,1.0,1,G2_tactic_intent,1,0,1,1,1,1,,8,1,2.0,C07-AA-001,0.0,1,1,1,G3_campaign,G3_campaign,m3star_graph_transition_xgboost_v0.1,0
C07-darpa-e5-theia-0515,discriminative,0.2,53,project05_xgboost_policy,1,3.0,1,C07-AA-002,3.0,1.0,0,0,0,,,,9.0,0,1,1,,development,0,0,1.0,G3_campaign,1.0,1,G2_tactic_intent,1,0,,,,,,,,2.0,C07-AA-001,0.0,1,1,,G3_campaign,G3_campaign,,0
C07-darpa-e5-theia-0515,discriminative,0.2,53,project05_m3b_policy,1,3.0,1,C07-AA-002,3.0,1.0,0,0,0,,,,9.0,0,1,1,,development,0,0,1.0,G3_campaign,1.0,1,G2_tactic_intent,1,0,,,,,,,,2.0,C07-AA-001,0.0,1,1,,G3_campaign,G3_campaign,,0
C07-darpa-e5-theia-0515,discriminative,0.2,53,project05_m2,1,2.0,1,C07-AA-001,2.0,0.0,1,0,0,,,,9.0,0,1,1,,development,0,0,1.0,G3_campaign,1.0,1,G2_tactic_intent,1,0,,,,,,,,2.0,C07-AA-001,0.0,1,1,,G3_campaign,G3_campaign,,0
C07-darpa-e5-theia-0515,discriminative,0.2,53,oracle_optimal,1,2.0,1,C07-AA-001,2.0,0.0,1,0,0,,,,9.0,0,1,1,,development,0,0,1.0,G3_campaign,1.0,1,G2_tactic_intent,1,0,,,,,,,,2.0,C07-AA-001,0.0,1,1,,G3_campaign,G3_campaign,,0
C07-darpa-e5-theia-0515,discriminative,0.4,11,project05_m3star_h3_dual,1,5.0,2,C07-AA-002|C07-AA-003,5.0,1.0,0,0,0,m3star_graph_action_value_xgboost_v0.3,m3star_graph_action_value_xgboost_v0.3,m3star_graph_action_value_xgboost_v0.3,9.0,0,1,1,0,development,0,0,1.0,G3_campaign,1.0,1,G1_technique,2,0,1,3,1,1,,8,1,4.0,C07-AA-001,0.2,2,2,1,G3_campaign,G3_campaign,m3star_graph_transition_xgboost_v0.1,0
C07-darpa-e5-theia-0515,discriminative,0.4,11,project05_m3star_h3_no_dominance_dual,1,5.0,2,C07-AA-002|C07-AA-003,5.0,1.0,0,0,0,m3star_graph_action_value_xgboost_v0.3,m3star_graph_action_value_xgboost_v0.3,m3star_graph_action_value_xgboost_v0.3,9.0,0,1,1,0,development,0,0,1.0,G3_campaign,1.0,1,G1_technique,2,0,1,3,0,1,,8,1,4.0,C07-AA-001,0.2,2,2,0,G3_campaign,G3_campaign,m3star_graph_transition_xgboost_v0.1,0
C07-darpa-e5-theia-0515,discriminative,0.4,11,project05_m3star_h3_unshielded_dual,1,5.0,2,C07-AA-002|C07-AA-003,5.0,1.0,0,0,0,m3star_graph_action_value_xgboost_v0.3,m3star_graph_action_value_xgboost_v0.3,m3star_graph_action_value_xgboost_v0.3,9.0,0,1,1,1,development,0,0,1.0,G3_campaign,1.0,1,G1_technique,2,0,0,3,1,1,,8,0,4.0,C07-AA-001,0.2,2,2,1,G3_campaign,G3_campaign,m3star_graph_transition_xgboost_v0.1,0
C07-darpa-e5-theia-0515,discriminative,0.4,11,project05_m3star_h3_transition_only,1,5.0,2,C07-AA-002|C07-AA-003,5.0,1.0,0,0,0,none,none,none,9.0,0,1,1,0,development,0,0,1.0,G3_campaign,1.0,1,G1_technique,2,0,1,3,1,0,,8,1,4.0,C07-AA-001,0.2,2,2,1,G3_campaign,G3_campaign,m3star_graph_transition_xgboost_v0.1,0
C07-darpa-e5-theia-0515,discriminative,0.4,11,project05_m3star_h1_dual,1,5.0,2,C07-AA-002|C07-AA-003,5.0,1.0,0,0,0,m3star_graph_action_value_xgboost_v0.3,m3star_graph_action_value_xgboost_v0.3,m3star_graph_action_value_xgboost_v0.3,9.0,0,1,1,0,development,0,0,1.0,G3_campaign,1.0,1,G1_technique,2,0,1,1,1,1,,8,1,4.0,C07-AA-001,0.2,2,2,1,G3_campaign,G3_campaign,m3star_graph_transition_xgboost_v0.1,0
C07-darpa-e5-theia-0515,discriminative,0.4,11,project05_xgboost_policy,1,7.0,3,C07-AA-002|C07-AA-004|C07-AA-003,7.0,3.0,0,0,0,,,,9.0,0,1,1,,development,0,0,1.0,G3_campaign,1.0,1,G1_technique,2,0,,,,,,,,4.0,C07-AA-001,0.6667,2,3,,G3_campaign,G3_campaign,,1
C07-darpa-e5-theia-0515,discriminative,0.4,11,project05_m3b_policy,1,5.0,2,C07-AA-002|C07-AA-003,5.0,1.0,0,0,0,,,,9.0,0,1,1,,development,0,0,1.0,G3_campaign,1.0,1,G1_technique,2,0,,,,,,,,4.0,C07-AA-001,0.2,2,2,,G3_campaign,G3_campaign,,0
C07-darpa-e5-theia-0515,discriminative,0.4,11,project05_m2,1,4.0,2,C07-AA-001|C07-AA-003,4.0,0.0,1,0,0,,,,9.0,0,1,1,,development,0,0,1.0,G3_campaign,1.0,1,G1_technique,2,0,,,,,,,,4.0,C07-AA-001,0.0,2,2,,G3_campaign,G3_campaign,,0
C07-darpa-e5-theia-0515,discriminative,0.4,11,oracle_optimal,1,4.0,2,C07-AA-001|C07-AA-003,4.0,0.0,1,0,0,,,,9.0,0,1,1,,development,0,0,1.0,G3_campaign,1.0,1,G1_technique,2,0,,,,,,,,4.0,C07-AA-001,0.0,2,2,,G3_campaign,G3_campaign,,0
C07-darpa-e5-theia-0515,discriminative,0.4,23,project05_m3star_h3_dual,1,5.0,2,C07-AA-002|C07-AA-003,5.0,0.0,1,0,0,m3star_graph_action_value_xgboost_v0.3,m3star_graph_action_value_xgboost_v0.3,m3star_graph_action_value_xgboost_v0.3,9.0,0,1,1,0,development,0,0,1.0,G3_campaign,1.0,1,G1_technique,2,0,1,3,1,1,,8,1,5.0,C07-AA-002,0.2,2,2,1,G3_campaign,G3_campaign,m3star_graph_transition_xgboost_v0.1,0
C07-darpa-e5-theia-0515,discriminative,0.4,23,project05_m3star_h3_no_dominance_dual,1,5.0,2,C07-AA-002|C07-AA-003,5.0,0.0,1,0,0,m3star_graph_action_value_xgboost_v0.3,m3star_graph_action_value_xgboost_v0.3,m3star_graph_action_value_xgboost_v0.3,9.0,0,1,1,0,development,0,0,1.0,G3_campaign,1.0,1,G1_technique,2,0,1,3,0,1,,8,1,5.0,C07-AA-002,0.2,2,2,0,G3_campaign,G3_campaign,m3star_graph_transition_xgboost_v0.1,0
C07-darpa-e5-theia-0515,discriminative,0.4,23,project05_m3star_h3_unshielded_dual,1,5.0,2,C07-AA-002|C07-AA-003,5.0,0.0,1,0,0,m3star_graph_action_value_xgboost_v0.3,m3star_graph_action_value_xgboost_v0.3,m3star_graph_action_value_xgboost_v0.3,9.0,0,1,1,1,development,0,0,1.0,G3_campaign,1.0,1,G1_technique,2,0,0,3,1,1,,8,0,5.0,C07-AA-002,0.2,2,2,1,G3_campaign,G3_campaign,m3star_graph_transition_xgboost_v0.1,0
C07-darpa-e5-theia-0515,discriminative,0.4,23,project05_m3star_h3_transition_only,1,5.0,2,C07-AA-002|C07-AA-003,5.0,0.0,1,0,0,none,none,none,9.0,0,1,1,0,development,0,0,1.0,G3_campaign,1.0,1,G1_technique,2,0,1,3,1,0,,8,1,5.0,C07-AA-002,0.2,2,2,1,G3_campaign,G3_campaign,m3star_graph_transition_xgboost_v0.1,0
C07-darpa-e5-theia-0515,discriminative,0.4,23,project05_m3star_h1_dual,1,5.0,2,C07-AA-002|C07-AA-003,5.0,0.0,1,0,0,m3star_graph_action_value_xgboost_v0.3,m3star_graph_action_value_xgboost_v0.3,m3star_graph_action_value_xgboost_v0.3,9.0,0,1,1,0,development,0,0,1.0,G3_campaign,1.0,1,G1_technique,2,0,1,1,1,1,,8,1,5.0,C07-AA-002,0.2,2,2,1,G3_campaign,G3_campaign,m3star_graph_transition_xgboost_v0.1,0
C07-darpa-e5-theia-0515,discriminative,0.4,23,project05_xgboost_policy,1,7.0,3,C07-AA-002|C07-AA-004|C07-AA-003,7.0,2.0,1,0,0,,,,9.0,0,1,1,,development,0,0,1.0,G3_campaign,1.0,1,G1_technique,2,0,,,,,,,,5.0,C07-AA-002,0.6667,2,3,,G3_campaign,G3_campaign,,1
C07-darpa-e5-theia-0515,discriminative,0.4,23,project05_m3b_policy,1,5.0,2,C07-AA-002|C07-AA-003,5.0,0.0,1,0,0,,,,9.0,0,1,1,,development,0,0,1.0,G3_campaign,1.0,1,G1_technique,2,0,,,,,,,,5.0,C07-AA-002,0.2,2,2,,G3_campaign,G3_campaign,,0
C07-darpa-e5-theia-0515,discriminative,0.4,23,project05_m2,1,7.0,3,C07-AA-001|C07-AA-003|C07-AA-002,7.0,2.0,0,0,0,,,,9.0,0,1,1,,development,0,0,1.0,G3_campaign,1.0,1,G1_technique,2,0,,,,,,,,5.0,C07-AA-002,0.6667,2,3,,G3_campaign,G3_campaign,,1
C07-darpa-e5-theia-0515,discriminative,0.4,23,oracle_optimal,1,5.0,2,C07-AA-002|C07-AA-003,5.0,0.0,1,0,0,,,,9.0,0,1,1,,development,0,0,1.0,G3_campaign,1.0,1,G1_technique,2,0,,,,,,,,5.0,C07-AA-002,0.2,2,2,,G3_campaign,G3_campaign,,0
C07-darpa-e5-theia-0515,discriminative,0.4,37,project05_m3star_h3_dual,1,5.0,2,C07-AA-002|C07-AA-003,5.0,0.0,1,0,0,m3star_graph_action_value_xgboost_v0.3,m3star_graph_action_value_xgboost_v0.3,m3star_graph_action_value_xgboost_v0.3,9.0,0,1,1,0,development,0,0,1.0,G3_campaign,1.0,1,G1_technique,2,0,1,3,1,1,,8,1,5.0,C07-AA-002,0.2,2,2,1,G3_campaign,G3_campaign,m3star_graph_transition_xgboost_v0.1,0
C07-darpa-e5-theia-0515,discriminative,0.4,37,project05_m3star_h3_no_dominance_dual,1,5.0,2,C07-AA-002|C07-AA-003,5.0,0.0,1,0,0,m3star_graph_action_value_xgboost_v0.3,m3star_graph_action_value_xgboost_v0.3,m3star_graph_action_value_xgboost_v0.3,9.0,0,1,1,0,development,0,0,1.0,G3_campaign,1.0,1,G1_technique,2,0,1,3,0,1,,8,1,5.0,C07-AA-002,0.2,2,2,0,G3_campaign,G3_campaign,m3star_graph_transition_xgboost_v0.1,0
C07-darpa-e5-theia-0515,discriminative,0.4,37,project05_m3star_h3_unshielded_dual,1,5.0,2,C07-AA-002|C07-AA-003,5.0,0.0,1,0,0,m3star_graph_action_value_xgboost_v0.3,m3star_graph_action_value_xgboost_v0.3,m3star_graph_action_value_xgboost_v0.3,9.0,0,1,1,1,development,0,0,1.0,G3_campaign,1.0,1,G1_technique,2,0,0,3,1,1,,8,0,5.0,C07-AA-002,0.2,2,2,1,G3_campaign,G3_campaign,m3star_graph_transition_xgboost_v0.1,0
C07-darpa-e5-theia-0515,discriminative,0.4,37,project05_m3star_h3_transition_only,1,5.0,2,C07-AA-002|C07-AA-003,5.0,0.0,1,0,0,none,none,none,9.0,0,1,1,0,development,0,0,1.0,G3_campaign,1.0,1,G1_technique,2,0,1,3,1,0,,8,1,5.0,C07-AA-002,0.2,2,2,1,G3_campaign,G3_campaign,m3star_graph_transition_xgboost_v0.1,0
C07-darpa-e5-theia-0515,discriminative,0.4,37,project05_m3star_h1_dual,1,5.0,2,C07-AA-002|C07-AA-003,5.0,0.0,1,0,0,m3star_graph_action_value_xgboost_v0.3,m3star_graph_action_value_xgboost_v0.3,m3star_graph_action_value_xgboost_v0.3,9.0,0,1,1,0,development,0,0,1.0,G3_campaign,1.0,1,G1_technique,2,0,1,1,1,1,,8,1,5.0,C07-AA-002,0.2,2,2,1,G3_campaign,G3_campaign,m3star_graph_transition_xgboost_v0.1,0
C07-darpa-e5-theia-0515,discriminative,0.4,37,project05_xgboost_policy,1,7.0,3,C07-AA-002|C07-AA-004|C07-AA-003,7.0,2.0,1,0,0,,,,9.0,0,1,1,,development,0,0,1.0,G3_campaign,1.0,1,G1_technique,2,0,,,,,,,,5.0,C07-AA-002,0.6667,2,3,,G3_campaign,G3_campaign,,1
C07-darpa-e5-theia-0515,discriminative,0.4,37,project05_m3b_policy,1,5.0,2,C07-AA-002|C07-AA-003,5.0,0.0,1,0,0,,,,9.0,0,1,1,,development,0,0,1.0,G3_campaign,1.0,1,G1_technique,2,0,,,,,,,,5.0,C07-AA-002,0.2,2,2,,G3_campaign,G3_campaign,,0
C07-darpa-e5-theia-0515,discriminative,0.4,37,project05_m2,1,7.0,3,C07-AA-001|C07-AA-003|C07-AA-002,7.0,2.0,0,0,0,,,,9.0,0,1,1,,development,0,0,1.0,G3_campaign,1.0,1,G1_technique,2,0,,,,,,,,5.0,C07-AA-002,0.6667,2,3,,G3_campaign,G3_campaign,,1
C07-darpa-e5-theia-0515,discriminative,0.4,37,oracle_optimal,1,5.0,2,C07-AA-002|C07-AA-003,5.0,0.0,1,0,0,,,,9.0,0,1,1,,development,0,0,1.0,G3_campaign,1.0,1,G1_technique,2,0,,,,,,,,5.0,C07-AA-002,0.2,2,2,,G3_campaign,G3_campaign,,0
C07-darpa-e5-theia-0515,discriminative,0.4,41,project05_m3star_h3_dual,1,5.0,2,C07-AA-002|C07-AA-003,5.0,1.0,0,0,0,m3star_graph_action_value_xgboost_v0.3,m3star_graph_action_value_xgboost_v0.3,m3star_graph_action_value_xgboost_v0.3,9.0,0,1,1,0,development,0,0,1.0,G3_campaign,1.0,1,G1_technique,2,0,1,3,1,1,,8,1,4.0,C07-AA-001,0.2,2,2,1,G3_campaign,G3_campaign,m3star_graph_transition_xgboost_v0.1,0
C07-darpa-e5-theia-0515,discriminative,0.4,41,project05_m3star_h3_no_dominance_dual,1,5.0,2,C07-AA-002|C07-AA-003,5.0,1.0,0,0,0,m3star_graph_action_value_xgboost_v0.3,m3star_graph_action_value_xgboost_v0.3,m3star_graph_action_value_xgboost_v0.3,9.0,0,1,1,0,development,0,0,1.0,G3_campaign,1.0,1,G1_technique,2,0,1,3,0,1,,8,1,4.0,C07-AA-001,0.2,2,2,0,G3_campaign,G3_campaign,m3star_graph_transition_xgboost_v0.1,0
C07-darpa-e5-theia-0515,discriminative,0.4,41,project05_m3star_h3_unshielded_dual,1,5.0,2,C07-AA-002|C07-AA-003,5.0,1.0,0,0,0,m3star_graph_action_value_xgboost_v0.3,m3star_graph_action_value_xgboost_v0.3,m3star_graph_action_value_xgboost_v0.3,9.0,0,1,1,1,development,0,0,1.0,G3_campaign,1.0,1,G1_technique,2,0,0,3,1,1,,8,0,4.0,C07-AA-001,0.2,2,2,1,G3_campaign,G3_campaign,m3star_graph_transition_xgboost_v0.1,0
C07-darpa-e5-theia-0515,discriminative,0.4,41,project05_m3star_h3_transition_only,1,5.0,2,C07-AA-002|C07-AA-003,5.0,1.0,0,0,0,none,none,none,9.0,0,1,1,0,development,0,0,1.0,G3_campaign,1.0,1,G1_technique,2,0,1,3,1,0,,8,1,4.0,C07-AA-001,0.2,2,2,1,G3_campaign,G3_campaign,m3star_graph_transition_xgboost_v0.1,0
C07-darpa-e5-theia-0515,discriminative,0.4,41,project05_m3star_h1_dual,1,5.0,2,C07-AA-002|C07-AA-003,5.0,1.0,0,0,0,m3star_graph_action_value_xgboost_v0.3,m3star_graph_action_value_xgboost_v0.3,m3star_graph_action_value_xgboost_v0.3,9.0,0,1,1,0,development,0,0,1.0,G3_campaign,1.0,1,G1_technique,2,0,1,1,1,1,,8,1,4.0,C07-AA-001,0.2,2,2,1,G3_campaign,G3_campaign,m3star_graph_transition_xgboost_v0.1,0
C07-darpa-e5-theia-0515,discriminative,0.4,41,project05_xgboost_policy,1,7.0,3,C07-AA-002|C07-AA-004|C07-AA-003,7.0,3.0,0,0,0,,,,9.0,0,1,1,,development,0,0,1.0,G3_campaign,1.0,1,G1_technique,2,0,,,,,,,,4.0,C07-AA-001,0.6667,2,3,,G3_campaign,G3_campaign,,1
C07-darpa-e5-theia-0515,discriminative,0.4,41,project05_m3b_policy,1,5.0,2,C07-AA-002|C07-AA-003,5.0,1.0,0,0,0,,,,9.0,0,1,1,,development,0,0,1.0,G3_campaign,1.0,1,G1_technique,2,0,,,,,,,,4.0,C07-AA-001,0.2,2,2,,G3_campaign,G3_campaign,,0
C07-darpa-e5-theia-0515,discriminative,0.4,41,project05_m2,1,4.0,2,C07-AA-001|C07-AA-003,4.0,0.0,1,0,0,,,,9.0,0,1,1,,development,0,0,1.0,G3_campaign,1.0,1,G1_technique,2,0,,,,,,,,4.0,C07-AA-001,0.0,2,2,,G3_campaign,G3_campaign,,0
C07-darpa-e5-theia-0515,discriminative,0.4,41,oracle_optimal,1,4.0,2,C07-AA-001|C07-AA-003,4.0,0.0,1,0,0,,,,9.0,0,1,1,,development,0,0,1.0,G3_campaign,1.0,1,G1_technique,2,0,,,,,,,,4.0,C07-AA-001,0.0,2,2,,G3_campaign,G3_campaign,,0
C07-darpa-e5-theia-0515,discriminative,0.4,53,project05_m3star_h3_dual,1,5.0,2,C07-AA-002|C07-AA-003,5.0,1.0,0,0,0,m3star_graph_action_value_xgboost_v0.3,m3star_graph_action_value_xgboost_v0.3,m3star_graph_action_value_xgboost_v0.3,9.0,0,1,1,0,development,0,0,1.0,G3_campaign,1.0,1,G1_technique,2,0,1,3,1,1,,8,1,4.0,C07-AA-001,0.2,2,2,1,G3_campaign,G3_campaign,m3star_graph_transition_xgboost_v0.1,0
C07-darpa-e5-theia-0515,discriminative,0.4,53,project05_m3star_h3_no_dominance_dual,1,5.0,2,C07-AA-002|C07-AA-003,5.0,1.0,0,0,0,m3star_graph_action_value_xgboost_v0.3,m3star_graph_action_value_xgboost_v0.3,m3star_graph_action_value_xgboost_v0.3,9.0,0,1,1,0,development,0,0,1.0,G3_campaign,1.0,1,G1_technique,2,0,1,3,0,1,,8,1,4.0,C07-AA-001,0.2,2,2,0,G3_campaign,G3_campaign,m3star_graph_transition_xgboost_v0.1,0
C07-darpa-e5-theia-0515,discriminative,0.4,53,project05_m3star_h3_unshielded_dual,1,5.0,2,C07-AA-002|C07-AA-003,5.0,1.0,0,0,0,m3star_graph_action_value_xgboost_v0.3,m3star_graph_action_value_xgboost_v0.3,m3star_graph_action_value_xgboost_v0.3,9.0,0,1,1,1,development,0,0,1.0,G3_campaign,1.0,1,G1_technique,2,0,0,3,1,1,,8,0,4.0,C07-AA-001,0.2,2,2,1,G3_campaign,G3_campaign,m3star_graph_transition_xgboost_v0.1,0
C07-darpa-e5-theia-0515,discriminative,0.4,53,project05_m3star_h3_transition_only,1,5.0,2,C07-AA-002|C07-AA-003,5.0,1.0,0,0,0,none,none,none,9.0,0,1,1,0,development,0,0,1.0,G3_campaign,1.0,1,G1_technique,2,0,1,3,1,0,,8,1,4.0,C07-AA-001,0.2,2,2,1,G3_campaign,G3_campaign,m3star_graph_transition_xgboost_v0.1,0
C07-darpa-e5-theia-0515,discriminative,0.4,53,project05_m3star_h1_dual,1,5.0,2,C07-AA-002|C07-AA-003,5.0,1.0,0,0,0,m3star_graph_action_value_xgboost_v0.3,m3star_graph_action_value_xgboost_v0.3,m3star_graph_action_value_xgboost_v0.3,9.0,0,1,1,0,development,0,0,1.0,G3_campaign,1.0,1,G1_technique,2,0,1,1,1,1,,8,1,4.0,C07-AA-001,0.2,2,2,1,G3_campaign,G3_campaign,m3star_graph_transition_xgboost_v0.1,0
C07-darpa-e5-theia-0515,discriminative,0.4,53,project05_xgboost_policy,1,7.0,3,C07-AA-002|C07-AA-004|C07-AA-003,7.0,3.0,0,0,0,,,,9.0,0,1,1,,development,0,0,1.0,G3_campaign,1.0,1,G1_technique,2,0,,,,,,,,4.0,C07-AA-001,0.6667,2,3,,G3_campaign,G3_campaign,,1
C07-darpa-e5-theia-0515,discriminative,0.4,53,project05_m3b_policy,1,5.0,2,C07-AA-002|C07-AA-003,5.0,1.0,0,0,0,,,,9.0,0,1,1,,development,0,0,1.0,G3_campaign,1.0,1,G1_technique,2,0,,,,,,,,4.0,C07-AA-001,0.2,2,2,,G3_campaign,G3_campaign,,0
C07-darpa-e5-theia-0515,discriminative,0.4,53,project05_m2,1,4.0,2,C07-AA-001|C07-AA-003,4.0,0.0,1,0,0,,,,9.0,0,1,1,,development,0,0,1.0,G3_campaign,1.0,1,G1_technique,2,0,,,,,,,,4.0,C07-AA-001,0.0,2,2,,G3_campaign,G3_campaign,,0
C07-darpa-e5-theia-0515,discriminative,0.4,53,oracle_optimal,1,4.0,2,C07-AA-001|C07-AA-003,4.0,0.0,1,0,0,,,,9.0,0,1,1,,development,0,0,1.0,G3_campaign,1.0,1,G1_technique,2,0,,,,,,,,4.0,C07-AA-001,0.0,2,2,,G3_campaign,G3_campaign,,0
C07-darpa-e5-theia-0515,discriminative,0.6,11,project05_m3star_h3_dual,1,7.0,3,C07-AA-004|C07-AA-002|C07-AA-003,7.0,1.0,0,0,0,m3star_graph_action_value_xgboost_v0.3,m3star_graph_action_value_xgboost_v0.3,m3star_graph_action_value_xgboost_v0.3,9.0,0,1,1,0,development,0,0,1.0,G3_campaign,1.0,1,G0_unknown,3,0,1,3,1,1,,8,1,6.0,C07-AA-001,0.8889,3,3,1,G3_campaign,G3_campaign,m3star_graph_transition_xgboost_v0.1,0
C07-darpa-e5-theia-0515,discriminative,0.6,11,project05_m3star_h3_no_dominance_dual,1,6.0,3,C07-AA-004|C07-AA-001|C07-AA-003,6.0,0.0,0,0,0,m3star_graph_action_value_xgboost_v0.3,m3star_graph_action_value_xgboost_v0.3,m3star_graph_action_value_xgboost_v0.3,9.0,0,1,1,0,development,0,0,1.0,G3_campaign,1.0,1,G0_unknown,3,0,1,3,0,1,,8,1,6.0,C07-AA-001,0.2222,3,3,0,G3_campaign,G3_campaign,m3star_graph_transition_xgboost_v0.1,0
C07-darpa-e5-theia-0515,discriminative,0.6,11,project05_m3star_h3_unshielded_dual,1,7.0,3,C07-AA-002|C07-AA-004|C07-AA-003,7.0,1.0,0,0,0,m3star_graph_action_value_xgboost_v0.3,m3star_graph_action_value_xgboost_v0.3,m3star_graph_action_value_xgboost_v0.3,9.0,0,1,1,1,development,0,0,1.0,G3_campaign,1.0,1,G0_unknown,3,0,0,3,1,1,,8,0,6.0,C07-AA-001,0.6667,3,3,1,G3_campaign,G3_campaign,m3star_graph_transition_xgboost_v0.1,0
C07-darpa-e5-theia-0515,discriminative,0.6,11,project05_m3star_h3_transition_only,1,7.0,3,C07-AA-004|C07-AA-002|C07-AA-003,7.0,1.0,0,0,0,none,none,none,9.0,0,1,1,0,development,0,0,1.0,G3_campaign,1.0,1,G0_unknown,3,0,1,3,1,0,,8,1,6.0,C07-AA-001,0.8889,3,3,1,G3_campaign,G3_campaign,m3star_graph_transition_xgboost_v0.1,0
C07-darpa-e5-theia-0515,discriminative,0.6,11,project05_m3star_h1_dual,1,7.0,3,C07-AA-004|C07-AA-002|C07-AA-003,7.0,1.0,0,0,0,m3star_graph_action_value_xgboost_v0.3,m3star_graph_action_value_xgboost_v0.3,m3star_graph_action_value_xgboost_v0.3,9.0,0,1,1,0,development,0,0,1.0,G3_campaign,1.0,1,G0_unknown,3,0,1,1,1,1,,8,1,6.0,C07-AA-001,0.8889,3,3,1,G3_campaign,G3_campaign,m3star_graph_transition_xgboost_v0.1,0
C07-darpa-e5-theia-0515,discriminative,0.6,11,project05_xgboost_policy,1,7.0,3,C07-AA-004|C07-AA-002|C07-AA-003,7.0,1.0,0,0,0,,,,9.0,0,1,1,,development,0,0,1.0,G3_campaign,1.0,1,G0_unknown,3,0,,,,,,,,6.0,C07-AA-001,0.8889,3,3,,G3_campaign,G3_campaign,,0
C07-darpa-e5-theia-0515,discriminative,0.6,11,project05_m3b_policy,1,7.0,3,C07-AA-003|C07-AA-004|C07-AA-002,7.0,1.0,0,0,0,,,,9.0,0,1,1,,development,0,0,1.0,G3_campaign,1.0,1,G0_unknown,3,0,,,,,,,,6.0,C07-AA-001,0.8889,3,3,,G3_campaign,G3_campaign,,0
C07-darpa-e5-theia-0515,discriminative,0.6,11,project05_m2,1,7.0,3,C07-AA-002|C07-AA-003|C07-AA-004,7.0,1.0,0,0,0,,,,9.0,0,1,1,,development,0,0,1.0,G3_campaign,1.0,1,G0_unknown,3,0,,,,,,,,6.0,C07-AA-001,0.6444,3,3,,G3_campaign,G3_campaign,,0
C07-darpa-e5-theia-0515,discriminative,0.6,11,oracle_optimal,1,6.0,3,C07-AA-001|C07-AA-003|C07-AA-004,6.0,0.0,1,0,0,,,,9.0,0,1,1,,development,0,0,1.0,G3_campaign,1.0,1,G0_unknown,3,0,,,,,,,,6.0,C07-AA-001,0.2222,3,3,,G3_campaign,G3_campaign,,0
C07-darpa-e5-theia-0515,discriminative,0.6,23,project05_m3star_h3_dual,1,7.0,3,C07-AA-004|C07-AA-002|C07-AA-003,7.0,0.0,0,0,0,m3star_graph_action_value_xgboost_v0.3,m3star_graph_action_value_xgboost_v0.3,m3star_graph_action_value_xgboost_v0.3,9.0,0,1,1,0,development,0,0,1.0,G3_campaign,1.0,1,G0_unknown,3,0,1,3,1,1,,8,1,7.0,C07-AA-002,0.8889,3,3,1,G3_campaign,G3_campaign,m3star_graph_transition_xgboost_v0.1,0
C07-darpa-e5-theia-0515,discriminative,0.6,23,project05_m3star_h3_no_dominance_dual,1,9.0,4,C07-AA-004|C07-AA-001|C07-AA-002|C07-AA-003,9.0,2.0,0,0,0,m3star_graph_action_value_xgboost_v0.3,m3star_graph_action_value_xgboost_v0.3,m3star_graph_action_value_xgboost_v0.3,9.0,0,1,1,0,development,0,0,1.0,G3_campaign,1.0,1,G0_unknown,3,0,1,3,0,1,,8,1,7.0,C07-AA-002,0.8889,3,4,0,G3_campaign,G3_campaign,m3star_graph_transition_xgboost_v0.1,1
C07-darpa-e5-theia-0515,discriminative,0.6,23,project05_m3star_h3_unshielded_dual,1,7.0,3,C07-AA-002|C07-AA-004|C07-AA-003,7.0,0.0,1,0,0,m3star_graph_action_value_xgboost_v0.3,m3star_graph_action_value_xgboost_v0.3,m3star_graph_action_value_xgboost_v0.3,9.0,0,1,1,1,development,0,0,1.0,G3_campaign,1.0,1,G0_unknown,3,0,0,3,1,1,,8,0,7.0,C07-AA-002,0.6667,3,3,1,G3_campaign,G3_campaign,m3star_graph_transition_xgboost_v0.1,0
C07-darpa-e5-theia-0515,discriminative,0.6,23,project05_m3star_h3_transition_only,1,7.0,3,C07-AA-004|C07-AA-002|C07-AA-003,7.0,0.0,0,0,0,none,none,none,9.0,0,1,1,0,development,0,0,1.0,G3_campaign,1.0,1,G0_unknown,3,0,1,3,1,0,,8,1,7.0,C07-AA-002,0.8889,3,3,1,G3_campaign,G3_campaign,m3star_graph_transition_xgboost_v0.1,0
C07-darpa-e5-theia-0515,discriminative,0.6,23,project05_m3star_h1_dual,1,7.0,3,C07-AA-004|C07-AA-002|C07-AA-003,7.0,0.0,0,0,0,m3star_graph_action_value_xgboost_v0.3,m3star_graph_action_value_xgboost_v0.3,m3star_graph_action_value_xgboost_v0.3,9.0,0,1,1,0,development,0,0,1.0,G3_campaign,1.0,1,G0_unknown,3,0,1,1,1,1,,8,1,7.0,C07-AA-002,0.8889,3,3,1,G3_campaign,G3_campaign,m3star_graph_transition_xgboost_v0.1,0
C07-darpa-e5-theia-0515,discriminative,0.6,23,project05_xgboost_policy,1,7.0,3,C07-AA-004|C07-AA-002|C07-AA-003,7.0,0.0,0,0,0,,,,9.0,0,1,1,,development,0,0,1.0,G3_campaign,1.0,1,G0_unknown,3,0,,,,,,,,7.0,C07-AA-002,0.8889,3,3,,G3_campaign,G3_campaign,,0
C07-darpa-e5-theia-0515,discriminative,0.6,23,project05_m3b_policy,1,7.0,3,C07-AA-003|C07-AA-004|C07-AA-002,7.0,0.0,0,0,0,,,,9.0,0,1,1,,development,0,0,1.0,G3_campaign,1.0,1,G0_unknown,3,0,,,,,,,,7.0,C07-AA-002,0.8889,3,3,,G3_campaign,G3_campaign,,0
C07-darpa-e5-theia-0515,discriminative,0.6,23,project05_m2,1,7.0,3,C07-AA-002|C07-AA-003|C07-AA-004,7.0,0.0,1,0,0,,,,9.0,0,1,1,,development,0,0,1.0,G3_campaign,1.0,1,G0_unknown,3,0,,,,,,,,7.0,C07-AA-002,0.6444,3,3,,G3_campaign,G3_campaign,,0
C07-darpa-e5-theia-0515,discriminative,0.6,23,oracle_optimal,1,7.0,3,C07-AA-002|C07-AA-003|C07-AA-004,7.0,0.0,1,0,0,,,,9.0,0,1,1,,development,0,0,1.0,G3_campaign,1.0,1,G0_unknown,3,0,,,,,,,,7.0,C07-AA-002,0.6444,3,3,,G3_campaign,G3_campaign,,0
C07-darpa-e5-theia-0515,discriminative,0.6,37,project05_m3star_h3_dual,1,7.0,3,C07-AA-004|C07-AA-002|C07-AA-003,7.0,0.0,0,0,0,m3star_graph_action_value_xgboost_v0.3,m3star_graph_action_value_xgboost_v0.3,m3star_graph_action_value_xgboost_v0.3,9.0,0,1,1,0,development,0,0,1.0,G3_campaign,1.0,1,G0_unknown,3,0,1,3,1,1,,8,1,7.0,C07-AA-002,0.8889,3,3,1,G3_campaign,G3_campaign,m3star_graph_transition_xgboost_v0.1,0
C07-darpa-e5-theia-0515,discriminative,0.6,37,project05_m3star_h3_no_dominance_dual,1,9.0,4,C07-AA-004|C07-AA-001|C07-AA-002|C07-AA-003,9.0,2.0,0,0,0,m3star_graph_action_value_xgboost_v0.3,m3star_graph_action_value_xgboost_v0.3,m3star_graph_action_value_xgboost_v0.3,9.0,0,1,1,0,development,0,0,1.0,G3_campaign,1.0,1,G0_unknown,3,0,1,3,0,1,,8,1,7.0,C07-AA-002,0.8889,3,4,0,G3_campaign,G3_campaign,m3star_graph_transition_xgboost_v0.1,1
C07-darpa-e5-theia-0515,discriminative,0.6,37,project05_m3star_h3_unshielded_dual,1,7.0,3,C07-AA-002|C07-AA-004|C07-AA-003,7.0,0.0,1,0,0,m3star_graph_action_value_xgboost_v0.3,m3star_graph_action_value_xgboost_v0.3,m3star_graph_action_value_xgboost_v0.3,9.0,0,1,1,1,development,0,0,1.0,G3_campaign,1.0,1,G0_unknown,3,0,0,3,1,1,,8,0,7.0,C07-AA-002,0.6667,3,3,1,G3_campaign,G3_campaign,m3star_graph_transition_xgboost_v0.1,0
C07-darpa-e5-theia-0515,discriminative,0.6,37,project05_m3star_h3_transition_only,1,7.0,3,C07-AA-004|C07-AA-002|C07-AA-003,7.0,0.0,0,0,0,none,none,none,9.0,0,1,1,0,development,0,0,1.0,G3_campaign,1.0,1,G0_unknown,3,0,1,3,1,0,,8,1,7.0,C07-AA-002,0.8889,3,3,1,G3_campaign,G3_campaign,m3star_graph_transition_xgboost_v0.1,0
C07-darpa-e5-theia-0515,discriminative,0.6,37,project05_m3star_h1_dual,1,7.0,3,C07-AA-004|C07-AA-002|C07-AA-003,7.0,0.0,0,0,0,m3star_graph_action_value_xgboost_v0.3,m3star_graph_action_value_xgboost_v0.3,m3star_graph_action_value_xgboost_v0.3,9.0,0,1,1,0,development,0,0,1.0,G3_campaign,1.0,1,G0_unknown,3,0,1,1,1,1,,8,1,7.0,C07-AA-002,0.8889,3,3,1,G3_campaign,G3_campaign,m3star_graph_transition_xgboost_v0.1,0
C07-darpa-e5-theia-0515,discriminative,0.6,37,project05_xgboost_policy,1,7.0,3,C07-AA-004|C07-AA-002|C07-AA-003,7.0,0.0,0,0,0,,,,9.0,0,1,1,,development,0,0,1.0,G3_campaign,1.0,1,G0_unknown,3,0,,,,,,,,7.0,C07-AA-002,0.8889,3,3,,G3_campaign,G3_campaign,,0
C07-darpa-e5-theia-0515,discriminative,0.6,37,project05_m3b_policy,1,7.0,3,C07-AA-003|C07-AA-004|C07-AA-002,7.0,0.0,0,0,0,,,,9.0,0,1,1,,development,0,0,1.0,G3_campaign,1.0,1,G0_unknown,3,0,,,,,,,,7.0,C07-AA-002,0.8889,3,3,,G3_campaign,G3_campaign,,0
C07-darpa-e5-theia-0515,discriminative,0.6,37,project05_m2,1,7.0,3,C07-AA-002|C07-AA-003|C07-AA-004,7.0,0.0,1,0,0,,,,9.0,0,1,1,,development,0,0,1.0,G3_campaign,1.0,1,G0_unknown,3,0,,,,,,,,7.0,C07-AA-002,0.6444,3,3,,G3_campaign,G3_campaign,,0
C07-darpa-e5-theia-0515,discriminative,0.6,37,oracle_optimal,1,7.0,3,C07-AA-002|C07-AA-003|C07-AA-004,7.0,0.0,1,0,0,,,,9.0,0,1,1,,development,0,0,1.0,G3_campaign,1.0,1,G0_unknown,3,0,,,,,,,,7.0,C07-AA-002,0.6444,3,3,,G3_campaign,G3_campaign,,0
C07-darpa-e5-theia-0515,discriminative,0.6,41,project05_m3star_h3_dual,1,7.0,3,C07-AA-004|C07-AA-002|C07-AA-003,7.0,1.0,0,0,0,m3star_graph_action_value_xgboost_v0.3,m3star_graph_action_value_xgboost_v0.3,m3star_graph_action_value_xgboost_v0.3,9.0,0,1,1,0,development,0,0,1.0,G3_campaign,1.0,1,G0_unknown,3,0,1,3,1,1,,8,1,6.0,C07-AA-001,0.8889,3,3,1,G3_campaign,G3_campaign,m3star_graph_transition_xgboost_v0.1,0
C07-darpa-e5-theia-0515,discriminative,0.6,41,project05_m3star_h3_no_dominance_dual,1,6.0,3,C07-AA-004|C07-AA-001|C07-AA-003,6.0,0.0,0,0,0,m3star_graph_action_value_xgboost_v0.3,m3star_graph_action_value_xgboost_v0.3,m3star_graph_action_value_xgboost_v0.3,9.0,0,1,1,0,development,0,0,1.0,G3_campaign,1.0,1,G0_unknown,3,0,1,3,0,1,,8,1,6.0,C07-AA-001,0.2222,3,3,0,G3_campaign,G3_campaign,m3star_graph_transition_xgboost_v0.1,0
C07-darpa-e5-theia-0515,discriminative,0.6,41,project05_m3star_h3_unshielded_dual,1,7.0,3,C07-AA-002|C07-AA-004|C07-AA-003,7.0,1.0,0,0,0,m3star_graph_action_value_xgboost_v0.3,m3star_graph_action_value_xgboost_v0.3,m3star_graph_action_value_xgboost_v0.3,9.0,0,1,1,1,development,0,0,1.0,G3_campaign,1.0,1,G0_unknown,3,0,0,3,1,1,,8,0,6.0,C07-AA-001,0.6667,3,3,1,G3_campaign,G3_campaign,m3star_graph_transition_xgboost_v0.1,0
C07-darpa-e5-theia-0515,discriminative,0.6,41,project05_m3star_h3_transition_only,1,7.0,3,C07-AA-004|C07-AA-002|C07-AA-003,7.0,1.0,0,0,0,none,none,none,9.0,0,1,1,0,development,0,0,1.0,G3_campaign,1.0,1,G0_unknown,3,0,1,3,1,0,,8,1,6.0,C07-AA-001,0.8889,3,3,1,G3_campaign,G3_campaign,m3star_graph_transition_xgboost_v0.1,0
C07-darpa-e5-theia-0515,discriminative,0.6,41,project05_m3star_h1_dual,1,7.0,3,C07-AA-004|C07-AA-002|C07-AA-003,7.0,1.0,0,0,0,m3star_graph_action_value_xgboost_v0.3,m3star_graph_action_value_xgboost_v0.3,m3star_graph_action_value_xgboost_v0.3,9.0,0,1,1,0,development,0,0,1.0,G3_campaign,1.0,1,G0_unknown,3,0,1,1,1,1,,8,1,6.0,C07-AA-001,0.8889,3,3,1,G3_campaign,G3_campaign,m3star_graph_transition_xgboost_v0.1,0
C07-darpa-e5-theia-0515,discriminative,0.6,41,project05_xgboost_policy,1,7.0,3,C07-AA-004|C07-AA-002|C07-AA-003,7.0,1.0,0,0,0,,,,9.0,0,1,1,,development,0,0,1.0,G3_campaign,1.0,1,G0_unknown,3,0,,,,,,,,6.0,C07-AA-001,0.8889,3,3,,G3_campaign,G3_campaign,,0
C07-darpa-e5-theia-0515,discriminative,0.6,41,project05_m3b_policy,1,7.0,3,C07-AA-003|C07-AA-004|C07-AA-002,7.0,1.0,0,0,0,,,,9.0,0,1,1,,development,0,0,1.0,G3_campaign,1.0,1,G0_unknown,3,0,,,,,,,,6.0,C07-AA-001,0.8889,3,3,,G3_campaign,G3_campaign,,0
C07-darpa-e5-theia-0515,discriminative,0.6,41,project05_m2,1,7.0,3,C07-AA-002|C07-AA-003|C07-AA-004,7.0,1.0,0,0,0,,,,9.0,0,1,1,,development,0,0,1.0,G3_campaign,1.0,1,G0_unknown,3,0,,,,,,,,6.0,C07-AA-001,0.6444,3,3,,G3_campaign,G3_campaign,,0
C07-darpa-e5-theia-0515,discriminative,0.6,41,oracle_optimal,1,6.0,3,C07-AA-001|C07-AA-003|C07-AA-004,6.0,0.0,1,0,0,,,,9.0,0,1,1,,development,0,0,1.0,G3_campaign,1.0,1,G0_unknown,3,0,,,,,,,,6.0,C07-AA-001,0.2222,3,3,,G3_campaign,G3_campaign,,0
C07-darpa-e5-theia-0515,discriminative,0.6,53,project05_m3star_h3_dual,1,7.0,3,C07-AA-004|C07-AA-002|C07-AA-003,7.0,1.0,0,0,0,m3star_graph_action_value_xgboost_v0.3,m3star_graph_action_value_xgboost_v0.3,m3star_graph_action_value_xgboost_v0.3,9.0,0,1,1,0,development,0,0,1.0,G3_campaign,1.0,1,G0_unknown,3,0,1,3,1,1,,8,1,6.0,C07-AA-001,0.8889,3,3,1,G3_campaign,G3_campaign,m3star_graph_transition_xgboost_v0.1,0
C07-darpa-e5-theia-0515,discriminative,0.6,53,project05_m3star_h3_no_dominance_dual,1,6.0,3,C07-AA-004|C07-AA-001|C07-AA-003,6.0,0.0,0,0,0,m3star_graph_action_value_xgboost_v0.3,m3star_graph_action_value_xgboost_v0.3,m3star_graph_action_value_xgboost_v0.3,9.0,0,1,1,0,development,0,0,1.0,G3_campaign,1.0,1,G0_unknown,3,0,1,3,0,1,,8,1,6.0,C07-AA-001,0.2222,3,3,0,G3_campaign,G3_campaign,m3star_graph_transition_xgboost_v0.1,0
C07-darpa-e5-theia-0515,discriminative,0.6,53,project05_m3star_h3_unshielded_dual,1,7.0,3,C07-AA-002|C07-AA-004|C07-AA-003,7.0,1.0,0,0,0,m3star_graph_action_value_xgboost_v0.3,m3star_graph_action_value_xgboost_v0.3,m3star_graph_action_value_xgboost_v0.3,9.0,0,1,1,1,development,0,0,1.0,G3_campaign,1.0,1,G0_unknown,3,0,0,3,1,1,,8,0,6.0,C07-AA-001,0.6667,3,3,1,G3_campaign,G3_campaign,m3star_graph_transition_xgboost_v0.1,0
C07-darpa-e5-theia-0515,discriminative,0.6,53,project05_m3star_h3_transition_only,1,7.0,3,C07-AA-004|C07-AA-002|C07-AA-003,7.0,1.0,0,0,0,none,none,none,9.0,0,1,1,0,development,0,0,1.0,G3_campaign,1.0,1,G0_unknown,3,0,1,3,1,0,,8,1,6.0,C07-AA-001,0.8889,3,3,1,G3_campaign,G3_campaign,m3star_graph_transition_xgboost_v0.1,0
C07-darpa-e5-theia-0515,discriminative,0.6,53,project05_m3star_h1_dual,1,7.0,3,C07-AA-004|C07-AA-002|C07-AA-003,7.0,1.0,0,0,0,m3star_graph_action_value_xgboost_v0.3,m3star_graph_action_value_xgboost_v0.3,m3star_graph_action_value_xgboost_v0.3,9.0,0,1,1,0,development,0,0,1.0,G3_campaign,1.0,1,G0_unknown,3,0,1,1,1,1,,8,1,6.0,C07-AA-001,0.8889,3,3,1,G3_campaign,G3_campaign,m3star_graph_transition_xgboost_v0.1,0
C07-darpa-e5-theia-0515,discriminative,0.6,53,project05_xgboost_policy,1,7.0,3,C07-AA-004|C07-AA-002|C07-AA-003,7.0,1.0,0,0,0,,,,9.0,0,1,1,,development,0,0,1.0,G3_campaign,1.0,1,G0_unknown,3,0,,,,,,,,6.0,C07-AA-001,0.8889,3,3,,G3_campaign,G3_campaign,,0
C07-darpa-e5-theia-0515,discriminative,0.6,53,project05_m3b_policy,1,7.0,3,C07-AA-003|C07-AA-004|C07-AA-002,7.0,1.0,0,0,0,,,,9.0,0,1,1,,development,0,0,1.0,G3_campaign,1.0,1,G0_unknown,3,0,,,,,,,,6.0,C07-AA-001,0.8889,3,3,,G3_campaign,G3_campaign,,0
C07-darpa-e5-theia-0515,discriminative,0.6,53,project05_m2,1,7.0,3,C07-AA-002|C07-AA-003|C07-AA-004,7.0,1.0,0,0,0,,,,9.0,0,1,1,,development,0,0,1.0,G3_campaign,1.0,1,G0_unknown,3,0,,,,,,,,6.0,C07-AA-001,0.6444,3,3,,G3_campaign,G3_campaign,,0
C07-darpa-e5-theia-0515,discriminative,0.6,53,oracle_optimal,1,6.0,3,C07-AA-001|C07-AA-003|C07-AA-004,6.0,0.0,1,0,0,,,,9.0,0,1,1,,development,0,0,1.0,G3_campaign,1.0,1,G0_unknown,3,0,,,,,,,,6.0,C07-AA-001,0.2222,3,3,,G3_campaign,G3_campaign,,0
C08-darpa-e5-clearscope-0515,random,0.2,11,project05_m3star_h3_dual,1,0.0,0,,0.0,0.0,0,0,0,m3star_graph_action_value_xgboost_v0.3,m3star_graph_action_value_xgboost_v0.3,m3star_graph_action_value_xgboost_v0.3,9.0,0,1,1,0,development,0,0,1.0,G3_campaign,1.0,0,G3_campaign,1,0,1,3,1,1,,8,1,0.0,,0.0,0,0,1,G3_campaign,G3_campaign,m3star_graph_transition_xgboost_v0.1,0
C08-darpa-e5-clearscope-0515,random,0.2,11,project05_m3star_h3_no_dominance_dual,1,0.0,0,,0.0,0.0,0,0,0,m3star_graph_action_value_xgboost_v0.3,m3star_graph_action_value_xgboost_v0.3,m3star_graph_action_value_xgboost_v0.3,9.0,0,1,1,0,development,0,0,1.0,G3_campaign,1.0,0,G3_campaign,1,0,1,3,0,1,,8,1,0.0,,0.0,0,0,0,G3_campaign,G3_campaign,m3star_graph_transition_xgboost_v0.1,0
C08-darpa-e5-clearscope-0515,random,0.2,11,project05_m3star_h3_unshielded_dual,1,0.0,0,,0.0,0.0,0,0,0,m3star_graph_action_value_xgboost_v0.3,m3star_graph_action_value_xgboost_v0.3,m3star_graph_action_value_xgboost_v0.3,9.0,0,1,1,0,development,0,0,1.0,G3_campaign,1.0,0,G3_campaign,1,0,0,3,1,1,,8,0,0.0,,0.0,0,0,1,G3_campaign,G3_campaign,m3star_graph_transition_xgboost_v0.1,0
C08-darpa-e5-clearscope-0515,random,0.2,11,project05_m3star_h3_transition_only,1,0.0,0,,0.0,0.0,0,0,0,none,none,none,9.0,0,1,1,0,development,0,0,1.0,G3_campaign,1.0,0,G3_campaign,1,0,1,3,1,0,,8,1,0.0,,0.0,0,0,1,G3_campaign,G3_campaign,m3star_graph_transition_xgboost_v0.1,0
C08-darpa-e5-clearscope-0515,random,0.2,11,project05_m3star_h1_dual,1,0.0,0,,0.0,0.0,0,0,0,m3star_graph_action_value_xgboost_v0.3,m3star_graph_action_value_xgboost_v0.3,m3star_graph_action_value_xgboost_v0.3,9.0,0,1,1,0,development,0,0,1.0,G3_campaign,1.0,0,G3_campaign,1,0,1,1,1,1,,8,1,0.0,,0.0,0,0,1,G3_campaign,G3_campaign,m3star_graph_transition_xgboost_v0.1,0
C08-darpa-e5-clearscope-0515,random,0.2,11,project05_xgboost_policy,1,0.0,0,,0.0,0.0,0,0,0,,,,9.0,0,1,1,,development,0,0,1.0,G3_campaign,1.0,0,G3_campaign,1,0,,,,,,,,0.0,,0.0,0,0,,G3_campaign,G3_campaign,,0
C08-darpa-e5-clearscope-0515,random,0.2,11,project05_m3b_policy,1,0.0,0,,0.0,0.0,0,0,0,,,,9.0,0,1,1,,development,0,0,1.0,G3_campaign,1.0,0,G3_campaign,1,0,,,,,,,,0.0,,0.0,0,0,,G3_campaign,G3_campaign,,0
C08-darpa-e5-clearscope-0515,random,0.2,11,project05_m2,1,0.0,0,,0.0,0.0,0,0,0,,,,9.0,0,1,1,,development,0,0,1.0,G3_campaign,1.0,0,G3_campaign,1,0,,,,,,,,0.0,,0.0,0,0,,G3_campaign,G3_campaign,,0
C08-darpa-e5-clearscope-0515,random,0.2,11,oracle_optimal,1,0.0,0,,0.0,0.0,0,0,0,,,,9.0,0,1,1,,development,0,0,1.0,G3_campaign,1.0,0,G3_campaign,1,0,,,,,,,,0.0,,0.0,0,0,,G3_campaign,G3_campaign,,0
C08-darpa-e5-clearscope-0515,random,0.2,23,project05_m3star_h3_dual,1,2.0,1,C08-AA-004,2.0,0.0,1,0,0,m3star_graph_action_value_xgboost_v0.3,m3star_graph_action_value_xgboost_v0.3,m3star_graph_action_value_xgboost_v0.3,9.0,0,1,1,0,development,0,0,1.0,G3_campaign,1.0,1,G2_tactic_intent,1,0,1,3,1,1,,8,1,2.0,C08-AA-004,0.0,1,1,1,G3_campaign,G3_campaign,m3star_graph_transition_xgboost_v0.1,0
C08-darpa-e5-clearscope-0515,random,0.2,23,project05_m3star_h3_no_dominance_dual,1,2.0,1,C08-AA-004,2.0,0.0,1,0,0,m3star_graph_action_value_xgboost_v0.3,m3star_graph_action_value_xgboost_v0.3,m3star_graph_action_value_xgboost_v0.3,9.0,0,1,1,0,development,0,0,1.0,G3_campaign,1.0,1,G2_tactic_intent,1,0,1,3,0,1,,8,1,2.0,C08-AA-004,0.0,1,1,0,G3_campaign,G3_campaign,m3star_graph_transition_xgboost_v0.1,0
C08-darpa-e5-clearscope-0515,random,0.2,23,project05_m3star_h3_unshielded_dual,1,2.0,1,C08-AA-004,2.0,0.0,1,0,0,m3star_graph_action_value_xgboost_v0.3,m3star_graph_action_value_xgboost_v0.3,m3star_graph_action_value_xgboost_v0.3,9.0,0,1,1,0,development,0,0,1.0,G3_campaign,1.0,1,G2_tactic_intent,1,0,0,3,1,1,,8,0,2.0,C08-AA-004,0.0,1,1,1,G3_campaign,G3_campaign,m3star_graph_transition_xgboost_v0.1,0
C08-darpa-e5-clearscope-0515,random,0.2,23,project05_m3star_h3_transition_only,1,2.0,1,C08-AA-004,2.0,0.0,1,0,0,none,none,none,9.0,0,1,1,0,development,0,0,1.0,G3_campaign,1.0,1,G2_tactic_intent,1,0,1,3,1,0,,8,1,2.0,C08-AA-004,0.0,1,1,1,G3_campaign,G3_campaign,m3star_graph_transition_xgboost_v0.1,0
C08-darpa-e5-clearscope-0515,random,0.2,23,project05_m3star_h1_dual,1,2.0,1,C08-AA-004,2.0,0.0,1,0,0,m3star_graph_action_value_xgboost_v0.3,m3star_graph_action_value_xgboost_v0.3,m3star_graph_action_value_xgboost_v0.3,9.0,0,1,1,0,development,0,0,1.0,G3_campaign,1.0,1,G2_tactic_intent,1,0,1,1,1,1,,8,1,2.0,C08-AA-004,0.0,1,1,1,G3_campaign,G3_campaign,m3star_graph_transition_xgboost_v0.1,0
C08-darpa-e5-clearscope-0515,random,0.2,23,project05_xgboost_policy,1,2.0,1,C08-AA-004,2.0,0.0,1,0,0,,,,9.0,0,1,1,,development,0,0,1.0,G3_campaign,1.0,1,G2_tactic_intent,1,0,,,,,,,,2.0,C08-AA-004,0.0,1,1,,G3_campaign,G3_campaign,,0
C08-darpa-e5-clearscope-0515,random,0.2,23,project05_m3b_policy,1,4.0,2,C08-AA-003|C08-AA-004,4.0,2.0,0,0,0,,,,9.0,0,1,1,,development,0,0,1.0,G3_campaign,1.0,1,G2_tactic_intent,1,0,,,,,,,,2.0,C08-AA-004,0.5,1,2,,G3_campaign,G3_campaign,,1
C08-darpa-e5-clearscope-0515,random,0.2,23,project05_m2,1,2.0,1,C08-AA-004,2.0,0.0,1,0,0,,,,9.0,0,1,1,,development,0,0,1.0,G3_campaign,1.0,1,G2_tactic_intent,1,0,,,,,,,,2.0,C08-AA-004,0.0,1,1,,G3_campaign,G3_campaign,,0
C08-darpa-e5-clearscope-0515,random,0.2,23,oracle_optimal,1,2.0,1,C08-AA-004,2.0,0.0,1,0,0,,,,9.0,0,1,1,,development,0,0,1.0,G3_campaign,1.0,1,G2_tactic_intent,1,0,,,,,,,,2.0,C08-AA-004,0.0,1,1,,G3_campaign,G3_campaign,,0
C08-darpa-e5-clearscope-0515,random,0.2,37,project05_m3star_h3_dual,1,3.0,1,C08-AA-002,3.0,0.0,1,0,0,m3star_graph_action_value_xgboost_v0.3,m3star_graph_action_value_xgboost_v0.3,m3star_graph_action_value_xgboost_v0.3,9.0,0,1,1,1,development,0,0,1.0,G3_campaign,1.0,1,G2_tactic_intent,1,0,1,3,1,1,,8,1,3.0,C08-AA-002,0.0,1,1,1,G3_campaign,G3_campaign,m3star_graph_transition_xgboost_v0.1,0
C08-darpa-e5-clearscope-0515,random,0.2,37,project05_m3star_h3_no_dominance_dual,1,7.0,3,C08-AA-001|C08-AA-004|C08-AA-002,7.0,4.0,0,0,0,m3star_graph_action_value_xgboost_v0.3,m3star_graph_action_value_xgboost_v0.3,m3star_graph_action_value_xgboost_v0.3,9.0,0,1,1,0,development,0,0,1.0,G3_campaign,1.0,1,G2_tactic_intent,1,0,1,3,0,1,,8,1,3.0,C08-AA-002,0.6667,1,3,0,G3_campaign,G3_campaign,m3star_graph_transition_xgboost_v0.1,2
C08-darpa-e5-clearscope-0515,random,0.2,37,project05_m3star_h3_unshielded_dual,1,3.0,1,C08-AA-002,3.0,0.0,1,0,0,m3star_graph_action_value_xgboost_v0.3,m3star_graph_action_value_xgboost_v0.3,m3star_graph_action_value_xgboost_v0.3,9.0,0,1,1,1,development,0,0,1.0,G3_campaign,1.0,1,G2_tactic_intent,1,0,0,3,1,1,,8,0,3.0,C08-AA-002,0.0,1,1,1,G3_campaign,G3_campaign,m3star_graph_transition_xgboost_v0.1,0
C08-darpa-e5-clearscope-0515,random,0.2,37,project05_m3star_h3_transition_only,1,5.0,2,C08-AA-004|C08-AA-002,5.0,2.0,0,0,0,none,none,none,9.0,0,1,1,1,development,0,0,1.0,G3_campaign,1.0,1,G2_tactic_intent,1,0,1,3,1,0,,8,1,3.0,C08-AA-002,0.6667,1,2,1,G3_campaign,G3_campaign,m3star_graph_transition_xgboost_v0.1,1
C08-darpa-e5-clearscope-0515,random,0.2,37,project05_m3star_h1_dual,1,3.0,1,C08-AA-002,3.0,0.0,1,0,0,m3star_graph_action_value_xgboost_v0.3,m3star_graph_action_value_xgboost_v0.3,m3star_graph_action_value_xgboost_v0.3,9.0,0,1,1,1,development,0,0,1.0,G3_campaign,1.0,1,G2_tactic_intent,1,0,1,1,1,1,,8,1,3.0,C08-AA-002,0.0,1,1,1,G3_campaign,G3_campaign,m3star_graph_transition_xgboost_v0.1,0
C08-darpa-e5-clearscope-0515,random,0.2,37,project05_xgboost_policy,1,3.0,1,C08-AA-002,3.0,0.0,1,0,0,,,,9.0,0,1,1,,development,0,0,1.0,G3_campaign,1.0,1,G2_tactic_intent,1,0,,,,,,,,3.0,C08-AA-002,0.0,1,1,,G3_campaign,G3_campaign,,0
C08-darpa-e5-clearscope-0515,random,0.2,37,project05_m3b_policy,1,5.0,2,C08-AA-004|C08-AA-002,5.0,2.0,0,0,0,,,,9.0,0,1,1,,development,0,0,1.0,G3_campaign,1.0,1,G2_tactic_intent,1,0,,,,,,,,3.0,C08-AA-002,0.6667,1,2,,G3_campaign,G3_campaign,,1
C08-darpa-e5-clearscope-0515,random,0.2,37,project05_m2,1,5.0,2,C08-AA-001|C08-AA-002,5.0,2.0,0,0,0,,,,9.0,0,1,1,,development,0,0,1.0,G3_campaign,1.0,1,G2_tactic_intent,1,0,,,,,,,,3.0,C08-AA-002,0.6667,1,2,,G3_campaign,G3_campaign,,1
C08-darpa-e5-clearscope-0515,random,0.2,37,oracle_optimal,1,3.0,1,C08-AA-002,3.0,0.0,1,0,0,,,,9.0,0,1,1,,development,0,0,1.0,G3_campaign,1.0,1,G2_tactic_intent,1,0,,,,,,,,3.0,C08-AA-002,0.0,1,1,,G3_campaign,G3_campaign,,0
C08-darpa-e5-clearscope-0515,random,0.2,41,project05_m3star_h3_dual,1,0.0,0,,0.0,0.0,0,0,0,m3star_graph_action_value_xgboost_v0.3,m3star_graph_action_value_xgboost_v0.3,m3star_graph_action_value_xgboost_v0.3,9.0,0,1,1,0,development,0,0,1.0,G3_campaign,1.0,0,G3_campaign,1,0,1,3,1,1,,8,1,0.0,,0.0,0,0,1,G3_campaign,G3_campaign,m3star_graph_transition_xgboost_v0.1,0
C08-darpa-e5-clearscope-0515,random,0.2,41,project05_m3star_h3_no_dominance_dual,1,0.0,0,,0.0,0.0,0,0,0,m3star_graph_action_value_xgboost_v0.3,m3star_graph_action_value_xgboost_v0.3,m3star_graph_action_value_xgboost_v0.3,9.0,0,1,1,0,development,0,0,1.0,G3_campaign,1.0,0,G3_campaign,1,0,1,3,0,1,,8,1,0.0,,0.0,0,0,0,G3_campaign,G3_campaign,m3star_graph_transition_xgboost_v0.1,0
C08-darpa-e5-clearscope-0515,random,0.2,41,project05_m3star_h3_unshielded_dual,1,0.0,0,,0.0,0.0,0,0,0,m3star_graph_action_value_xgboost_v0.3,m3star_graph_action_value_xgboost_v0.3,m3star_graph_action_value_xgboost_v0.3,9.0,0,1,1,0,development,0,0,1.0,G3_campaign,1.0,0,G3_campaign,1,0,0,3,1,1,,8,0,0.0,,0.0,0,0,1,G3_campaign,G3_campaign,m3star_graph_transition_xgboost_v0.1,0
C08-darpa-e5-clearscope-0515,random,0.2,41,project05_m3star_h3_transition_only,1,0.0,0,,0.0,0.0,0,0,0,none,none,none,9.0,0,1,1,0,development,0,0,1.0,G3_campaign,1.0,0,G3_campaign,1,0,1,3,1,0,,8,1,0.0,,0.0,0,0,1,G3_campaign,G3_campaign,m3star_graph_transition_xgboost_v0.1,0
C08-darpa-e5-clearscope-0515,random,0.2,41,project05_m3star_h1_dual,1,0.0,0,,0.0,0.0,0,0,0,m3star_graph_action_value_xgboost_v0.3,m3star_graph_action_value_xgboost_v0.3,m3star_graph_action_value_xgboost_v0.3,9.0,0,1,1,0,development,0,0,1.0,G3_campaign,1.0,0,G3_campaign,1,0,1,1,1,1,,8,1,0.0,,0.0,0,0,1,G3_campaign,G3_campaign,m3star_graph_transition_xgboost_v0.1,0
C08-darpa-e5-clearscope-0515,random,0.2,41,project05_xgboost_policy,1,0.0,0,,0.0,0.0,0,0,0,,,,9.0,0,1,1,,development,0,0,1.0,G3_campaign,1.0,0,G3_campaign,1,0,,,,,,,,0.0,,0.0,0,0,,G3_campaign,G3_campaign,,0
C08-darpa-e5-clearscope-0515,random,0.2,41,project05_m3b_policy,1,0.0,0,,0.0,0.0,0,0,0,,,,9.0,0,1,1,,development,0,0,1.0,G3_campaign,1.0,0,G3_campaign,1,0,,,,,,,,0.0,,0.0,0,0,,G3_campaign,G3_campaign,,0
C08-darpa-e5-clearscope-0515,random,0.2,41,project05_m2,1,0.0,0,,0.0,0.0,0,0,0,,,,9.0,0,1,1,,development,0,0,1.0,G3_campaign,1.0,0,G3_campaign,1,0,,,,,,,,0.0,,0.0,0,0,,G3_campaign,G3_campaign,,0
C08-darpa-e5-clearscope-0515,random,0.2,41,oracle_optimal,1,0.0,0,,0.0,0.0,0,0,0,,,,9.0,0,1,1,,development,0,0,1.0,G3_campaign,1.0,0,G3_campaign,1,0,,,,,,,,0.0,,0.0,0,0,,G3_campaign,G3_campaign,,0
C08-darpa-e5-clearscope-0515,random,0.2,53,project05_m3star_h3_dual,1,2.0,1,C08-AA-003,2.0,0.0,1,0,0,m3star_graph_action_value_xgboost_v0.3,m3star_graph_action_value_xgboost_v0.3,m3star_graph_action_value_xgboost_v0.3,9.0,0,1,1,0,development,0,0,1.0,G3_campaign,1.0,1,G2_tactic_intent,1,0,1,3,1,1,,8,1,2.0,C08-AA-003,0.0,1,1,1,G3_campaign,G3_campaign,m3star_graph_transition_xgboost_v0.1,0
C08-darpa-e5-clearscope-0515,random,0.2,53,project05_m3star_h3_no_dominance_dual,1,2.0,1,C08-AA-003,2.0,0.0,1,0,0,m3star_graph_action_value_xgboost_v0.3,m3star_graph_action_value_xgboost_v0.3,m3star_graph_action_value_xgboost_v0.3,9.0,0,1,1,0,development,0,0,1.0,G3_campaign,1.0,1,G2_tactic_intent,1,0,1,3,0,1,,8,1,2.0,C08-AA-003,0.0,1,1,0,G3_campaign,G3_campaign,m3star_graph_transition_xgboost_v0.1,0
C08-darpa-e5-clearscope-0515,random,0.2,53,project05_m3star_h3_unshielded_dual,1,2.0,1,C08-AA-003,2.0,0.0,1,0,0,m3star_graph_action_value_xgboost_v0.3,m3star_graph_action_value_xgboost_v0.3,m3star_graph_action_value_xgboost_v0.3,9.0,0,1,1,0,development,0,0,1.0,G3_campaign,1.0,1,G2_tactic_intent,1,0,0,3,1,1,,8,0,2.0,C08-AA-003,0.0,1,1,1,G3_campaign,G3_campaign,m3star_graph_transition_xgboost_v0.1,0
C08-darpa-e5-clearscope-0515,random,0.2,53,project05_m3star_h3_transition_only,1,2.0,1,C08-AA-003,2.0,0.0,1,0,0,none,none,none,9.0,0,1,1,0,development,0,0,1.0,G3_campaign,1.0,1,G2_tactic_intent,1,0,1,3,1,0,,8,1,2.0,C08-AA-003,0.0,1,1,1,G3_campaign,G3_campaign,m3star_graph_transition_xgboost_v0.1,0
C08-darpa-e5-clearscope-0515,random,0.2,53,project05_m3star_h1_dual,1,2.0,1,C08-AA-003,2.0,0.0,1,0,0,m3star_graph_action_value_xgboost_v0.3,m3star_graph_action_value_xgboost_v0.3,m3star_graph_action_value_xgboost_v0.3,9.0,0,1,1,0,development,0,0,1.0,G3_campaign,1.0,1,G2_tactic_intent,1,0,1,1,1,1,,8,1,2.0,C08-AA-003,0.0,1,1,1,G3_campaign,G3_campaign,m3star_graph_transition_xgboost_v0.1,0
C08-darpa-e5-clearscope-0515,random,0.2,53,project05_xgboost_policy,1,5.0,2,C08-AA-002|C08-AA-003,5.0,3.0,0,0,0,,,,9.0,0,1,1,,development,0,0,1.0,G3_campaign,1.0,1,G2_tactic_intent,1,0,,,,,,,,2.0,C08-AA-003,0.2,1,2,,G3_campaign,G3_campaign,,1
C08-darpa-e5-clearscope-0515,random,0.2,53,project05_m3b_policy,1,2.0,1,C08-AA-003,2.0,0.0,1,0,0,,,,9.0,0,1,1,,development,0,0,1.0,G3_campaign,1.0,1,G2_tactic_intent,1,0,,,,,,,,2.0,C08-AA-003,0.0,1,1,,G3_campaign,G3_campaign,,0
C08-darpa-e5-clearscope-0515,random,0.2,53,project05_m2,1,2.0,1,C08-AA-003,2.0,0.0,1,0,0,,,,9.0,0,1,1,,development,0,0,1.0,G3_campaign,1.0,1,G2_tactic_intent,1,0,,,,,,,,2.0,C08-AA-003,0.0,1,1,,G3_campaign,G3_campaign,,0
C08-darpa-e5-clearscope-0515,random,0.2,53,oracle_optimal,1,2.0,1,C08-AA-003,2.0,0.0,1,0,0,,,,9.0,0,1,1,,development,0,0,1.0,G3_campaign,1.0,1,G2_tactic_intent,1,0,,,,,,,,2.0,C08-AA-003,0.0,1,1,,G3_campaign,G3_campaign,,0
C08-darpa-e5-clearscope-0515,random,0.4,11,project05_m3star_h3_dual,1,2.0,1,C08-AA-004,2.0,0.0,1,0,0,m3star_graph_action_value_xgboost_v0.3,m3star_graph_action_value_xgboost_v0.3,m3star_graph_action_value_xgboost_v0.3,9.0,0,1,1,0,development,0,0,1.0,G3_campaign,1.0,1,G2_tactic_intent,2,0,1,3,1,1,,8,1,2.0,C08-AA-004,0.0,1,1,1,G3_campaign,G3_campaign,m3star_graph_transition_xgboost_v0.1,0
C08-darpa-e5-clearscope-0515,random,0.4,11,project05_m3star_h3_no_dominance_dual,1,2.0,1,C08-AA-004,2.0,0.0,1,0,0,m3star_graph_action_value_xgboost_v0.3,m3star_graph_action_value_xgboost_v0.3,m3star_graph_action_value_xgboost_v0.3,9.0,0,1,1,0,development,0,0,1.0,G3_campaign,1.0,1,G2_tactic_intent,2,0,1,3,0,1,,8,1,2.0,C08-AA-004,0.0,1,1,0,G3_campaign,G3_campaign,m3star_graph_transition_xgboost_v0.1,0
C08-darpa-e5-clearscope-0515,random,0.4,11,project05_m3star_h3_unshielded_dual,1,2.0,1,C08-AA-004,2.0,0.0,1,0,0,m3star_graph_action_value_xgboost_v0.3,m3star_graph_action_value_xgboost_v0.3,m3star_graph_action_value_xgboost_v0.3,9.0,0,1,1,0,development,0,0,1.0,G3_campaign,1.0,1,G2_tactic_intent,2,0,0,3,1,1,,8,0,2.0,C08-AA-004,0.0,1,1,1,G3_campaign,G3_campaign,m3star_graph_transition_xgboost_v0.1,0
C08-darpa-e5-clearscope-0515,random,0.4,11,project05_m3star_h3_transition_only,1,2.0,1,C08-AA-004,2.0,0.0,1,0,0,none,none,none,9.0,0,1,1,0,development,0,0,1.0,G3_campaign,1.0,1,G2_tactic_intent,2,0,1,3,1,0,,8,1,2.0,C08-AA-004,0.0,1,1,1,G3_campaign,G3_campaign,m3star_graph_transition_xgboost_v0.1,0
C08-darpa-e5-clearscope-0515,random,0.4,11,project05_m3star_h1_dual,1,2.0,1,C08-AA-004,2.0,0.0,1,0,0,m3star_graph_action_value_xgboost_v0.3,m3star_graph_action_value_xgboost_v0.3,m3star_graph_action_value_xgboost_v0.3,9.0,0,1,1,0,development,0,0,1.0,G3_campaign,1.0,1,G2_tactic_intent,2,0,1,1,1,1,,8,1,2.0,C08-AA-004,0.0,1,1,1,G3_campaign,G3_campaign,m3star_graph_transition_xgboost_v0.1,0
C08-darpa-e5-clearscope-0515,random,0.4,11,project05_xgboost_policy,1,2.0,1,C08-AA-004,2.0,0.0,1,0,0,,,,9.0,0,1,1,,development,0,0,1.0,G3_campaign,1.0,1,G2_tactic_intent,2,0,,,,,,,,2.0,C08-AA-004,0.0,1,1,,G3_campaign,G3_campaign,,0
C08-darpa-e5-clearscope-0515,random,0.4,11,project05_m3b_policy,1,4.0,2,C08-AA-003|C08-AA-004,4.0,2.0,0,0,0,,,,9.0,0,1,1,,development,0,0,1.0,G3_campaign,1.0,1,G2_tactic_intent,2,0,,,,,,,,2.0,C08-AA-004,0.5,1,2,,G3_campaign,G3_campaign,,1
C08-darpa-e5-clearscope-0515,random,0.4,11,project05_m2,1,2.0,1,C08-AA-004,2.0,0.0,1,0,0,,,,9.0,0,1,1,,development,0,0,1.0,G3_campaign,1.0,1,G2_tactic_intent,2,0,,,,,,,,2.0,C08-AA-004,0.0,1,1,,G3_campaign,G3_campaign,,0
C08-darpa-e5-clearscope-0515,random,0.4,11,oracle_optimal,1,2.0,1,C08-AA-004,2.0,0.0,1,0,0,,,,9.0,0,1,1,,development,0,0,1.0,G3_campaign,1.0,1,G2_tactic_intent,2,0,,,,,,,,2.0,C08-AA-004,0.0,1,1,,G3_campaign,G3_campaign,,0
C08-darpa-e5-clearscope-0515,random,0.4,23,project05_m3star_h3_dual,1,5.0,2,C08-AA-004|C08-AA-002,5.0,1.0,0,0,0,m3star_graph_action_value_xgboost_v0.3,m3star_graph_action_value_xgboost_v0.3,m3star_graph_action_value_xgboost_v0.3,9.0,0,1,1,1,development,0,0,1.0,G3_campaign,1.0,1,G1_technique,2,0,1,3,1,1,,8,1,4.0,C08-AA-001,0.6667,2,2,1,G3_campaign,G3_campaign,m3star_graph_transition_xgboost_v0.1,0
C08-darpa-e5-clearscope-0515,random,0.4,23,project05_m3star_h3_no_dominance_dual,1,4.0,2,C08-AA-004|C08-AA-001,4.0,0.0,0,0,0,m3star_graph_action_value_xgboost_v0.3,m3star_graph_action_value_xgboost_v0.3,m3star_graph_action_value_xgboost_v0.3,9.0,0,1,1,0,development,0,0,1.0,G3_campaign,1.0,1,G1_technique,2,0,1,3,0,1,,8,1,4.0,C08-AA-001,0.0,2,2,0,G3_campaign,G3_campaign,m3star_graph_transition_xgboost_v0.1,0
C08-darpa-e5-clearscope-0515,random,0.4,23,project05_m3star_h3_unshielded_dual,1,5.0,2,C08-AA-004|C08-AA-002,5.0,1.0,0,0,0,m3star_graph_action_value_xgboost_v0.3,m3star_graph_action_value_xgboost_v0.3,m3star_graph_action_value_xgboost_v0.3,9.0,0,1,1,1,development,0,0,1.0,G3_campaign,1.0,1,G1_technique,2,0,0,3,1,1,,8,0,4.0,C08-AA-001,0.6667,2,2,1,G3_campaign,G3_campaign,m3star_graph_transition_xgboost_v0.1,0
C08-darpa-e5-clearscope-0515,random,0.4,23,project05_m3star_h3_transition_only,1,5.0,2,C08-AA-004|C08-AA-002,5.0,1.0,0,0,0,none,none,none,9.0,0,1,1,1,development,0,0,1.0,G3_campaign,1.0,1,G1_technique,2,0,1,3,1,0,,8,1,4.0,C08-AA-001,0.6667,2,2,1,G3_campaign,G3_campaign,m3star_graph_transition_xgboost_v0.1,0
C08-darpa-e5-clearscope-0515,random,0.4,23,project05_m3star_h1_dual,1,5.0,2,C08-AA-004|C08-AA-002,5.0,1.0,0,0,0,m3star_graph_action_value_xgboost_v0.3,m3star_graph_action_value_xgboost_v0.3,m3star_graph_action_value_xgboost_v0.3,9.0,0,1,1,1,development,0,0,1.0,G3_campaign,1.0,1,G1_technique,2,0,1,1,1,1,,8,1,4.0,C08-AA-001,0.6667,2,2,1,G3_campaign,G3_campaign,m3star_graph_transition_xgboost_v0.1,0
C08-darpa-e5-clearscope-0515,random,0.4,23,project05_xgboost_policy,1,5.0,2,C08-AA-004|C08-AA-002,5.0,1.0,0,0,0,,,,9.0,0,1,1,,development,0,0,1.0,G3_campaign,1.0,1,G1_technique,2,0,,,,,,,,4.0,C08-AA-001,0.6667,2,2,,G3_campaign,G3_campaign,,0
C08-darpa-e5-clearscope-0515,random,0.4,23,project05_m3b_policy,1,5.0,2,C08-AA-004|C08-AA-002,5.0,1.0,0,0,0,,,,9.0,0,1,1,,development,0,0,1.0,G3_campaign,1.0,1,G1_technique,2,0,,,,,,,,4.0,C08-AA-001,0.6667,2,2,,G3_campaign,G3_campaign,,0
C08-darpa-e5-clearscope-0515,random,0.4,23,project05_m2,1,4.0,2,C08-AA-001|C08-AA-004,4.0,0.0,1,0,0,,,,9.0,0,1,1,,development,0,0,1.0,G3_campaign,1.0,1,G1_technique,2,0,,,,,,,,4.0,C08-AA-001,0.0,2,2,,G3_campaign,G3_campaign,,0
C08-darpa-e5-clearscope-0515,random,0.4,23,oracle_optimal,1,4.0,2,C08-AA-001|C08-AA-004,4.0,0.0,1,0,0,,,,9.0,0,1,1,,development,0,0,1.0,G3_campaign,1.0,1,G1_technique,2,0,,,,,,,,4.0,C08-AA-001,0.0,2,2,,G3_campaign,G3_campaign,,0
C08-darpa-e5-clearscope-0515,random,0.4,37,project05_m3star_h3_dual,1,5.0,2,C08-AA-004|C08-AA-002,5.0,0.0,0,0,0,m3star_graph_action_value_xgboost_v0.3,m3star_graph_action_value_xgboost_v0.3,m3star_graph_action_value_xgboost_v0.3,9.0,0,1,1,1,development,0,0,1.0,G3_campaign,1.0,1,G1_technique,2,0,1,3,1,1,,8,1,5.0,C08-AA-002,0.6667,2,2,1,G3_campaign,G3_campaign,m3star_graph_transition_xgboost_v0.1,0
C08-darpa-e5-clearscope-0515,random,0.4,37,project05_m3star_h3_no_dominance_dual,1,7.0,3,C08-AA-004|C08-AA-001|C08-AA-002,7.0,2.0,0,0,0,m3star_graph_action_value_xgboost_v0.3,m3star_graph_action_value_xgboost_v0.3,m3star_graph_action_value_xgboost_v0.3,9.0,0,1,1,0,development,0,0,1.0,G3_campaign,1.0,1,G1_technique,2,0,1,3,0,1,,8,1,5.0,C08-AA-002,0.6667,2,3,0,G3_campaign,G3_campaign,m3star_graph_transition_xgboost_v0.1,1
C08-darpa-e5-clearscope-0515,random,0.4,37,project05_m3star_h3_unshielded_dual,1,5.0,2,C08-AA-004|C08-AA-002,5.0,0.0,0,0,0,m3star_graph_action_value_xgboost_v0.3,m3star_graph_action_value_xgboost_v0.3,m3star_graph_action_value_xgboost_v0.3,9.0,0,1,1,1,development,0,0,1.0,G3_campaign,1.0,1,G1_technique,2,0,0,3,1,1,,8,0,5.0,C08-AA-002,0.6667,2,2,1,G3_campaign,G3_campaign,m3star_graph_transition_xgboost_v0.1,0
C08-darpa-e5-clearscope-0515,random,0.4,37,project05_m3star_h3_transition_only,1,5.0,2,C08-AA-004|C08-AA-002,5.0,0.0,0,0,0,none,none,none,9.0,0,1,1,1,development,0,0,1.0,G3_campaign,1.0,1,G1_technique,2,0,1,3,1,0,,8,1,5.0,C08-AA-002,0.6667,2,2,1,G3_campaign,G3_campaign,m3star_graph_transition_xgboost_v0.1,0
C08-darpa-e5-clearscope-0515,random,0.4,37,project05_m3star_h1_dual,1,5.0,2,C08-AA-004|C08-AA-002,5.0,0.0,0,0,0,m3star_graph_action_value_xgboost_v0.3,m3star_graph_action_value_xgboost_v0.3,m3star_graph_action_value_xgboost_v0.3,9.0,0,1,1,1,development,0,0,1.0,G3_campaign,1.0,1,G1_technique,2,0,1,1,1,1,,8,1,5.0,C08-AA-002,0.6667,2,2,1,G3_campaign,G3_campaign,m3star_graph_transition_xgboost_v0.1,0
C08-darpa-e5-clearscope-0515,random,0.4,37,project05_xgboost_policy,1,5.0,2,C08-AA-004|C08-AA-002,5.0,0.0,0,0,0,,,,9.0,0,1,1,,development,0,0,1.0,G3_campaign,1.0,1,G1_technique,2,0,,,,,,,,5.0,C08-AA-002,0.6667,2,2,,G3_campaign,G3_campaign,,0
C08-darpa-e5-clearscope-0515,random,0.4,37,project05_m3b_policy,1,5.0,2,C08-AA-004|C08-AA-002,5.0,0.0,0,0,0,,,,9.0,0,1,1,,development,0,0,1.0,G3_campaign,1.0,1,G1_technique,2,0,,,,,,,,5.0,C08-AA-002,0.6667,2,2,,G3_campaign,G3_campaign,,0
C08-darpa-e5-clearscope-0515,random,0.4,37,project05_m2,1,7.0,3,C08-AA-001|C08-AA-004|C08-AA-002,7.0,2.0,0,0,0,,,,9.0,0,1,1,,development,0,0,1.0,G3_campaign,1.0,1,G1_technique,2,0,,,,,,,,5.0,C08-AA-002,0.6667,2,3,,G3_campaign,G3_campaign,,1
C08-darpa-e5-clearscope-0515,random,0.4,37,oracle_optimal,1,5.0,2,C08-AA-002|C08-AA-004,5.0,0.0,1,0,0,,,,9.0,0,1,1,,development,0,0,1.0,G3_campaign,1.0,1,G1_technique,2,0,,,,,,,,5.0,C08-AA-002,0.4444,2,2,,G3_campaign,G3_campaign,,0
C08-darpa-e5-clearscope-0515,random,0.4,41,project05_m3star_h3_dual,1,2.0,1,C08-AA-003,2.0,0.0,1,0,0,m3star_graph_action_value_xgboost_v0.3,m3star_graph_action_value_xgboost_v0.3,m3star_graph_action_value_xgboost_v0.3,9.0,0,1,1,0,development,0,0,1.0,G3_campaign,1.0,1,G2_tactic_intent,2,0,1,3,1,1,,8,1,2.0,C08-AA-003,0.0,1,1,1,G3_campaign,G3_campaign,m3star_graph_transition_xgboost_v0.1,0
C08-darpa-e5-clearscope-0515,random,0.4,41,project05_m3star_h3_no_dominance_dual,1,2.0,1,C08-AA-003,2.0,0.0,1,0,0,m3star_graph_action_value_xgboost_v0.3,m3star_graph_action_value_xgboost_v0.3,m3star_graph_action_value_xgboost_v0.3,9.0,0,1,1,0,development,0,0,1.0,G3_campaign,1.0,1,G2_tactic_intent,2,0,1,3,0,1,,8,1,2.0,C08-AA-003,0.0,1,1,0,G3_campaign,G3_campaign,m3star_graph_transition_xgboost_v0.1,0
C08-darpa-e5-clearscope-0515,random,0.4,41,project05_m3star_h3_unshielded_dual,1,2.0,1,C08-AA-003,2.0,0.0,1,0,0,m3star_graph_action_value_xgboost_v0.3,m3star_graph_action_value_xgboost_v0.3,m3star_graph_action_value_xgboost_v0.3,9.0,0,1,1,0,development,0,0,1.0,G3_campaign,1.0,1,G2_tactic_intent,2,0,0,3,1,1,,8,0,2.0,C08-AA-003,0.0,1,1,1,G3_campaign,G3_campaign,m3star_graph_transition_xgboost_v0.1,0
C08-darpa-e5-clearscope-0515,random,0.4,41,project05_m3star_h3_transition_only,1,2.0,1,C08-AA-003,2.0,0.0,1,0,0,none,none,none,9.0,0,1,1,0,development,0,0,1.0,G3_campaign,1.0,1,G2_tactic_intent,2,0,1,3,1,0,,8,1,2.0,C08-AA-003,0.0,1,1,1,G3_campaign,G3_campaign,m3star_graph_transition_xgboost_v0.1,0
C08-darpa-e5-clearscope-0515,random,0.4,41,project05_m3star_h1_dual,1,2.0,1,C08-AA-003,2.0,0.0,1,0,0,m3star_graph_action_value_xgboost_v0.3,m3star_graph_action_value_xgboost_v0.3,m3star_graph_action_value_xgboost_v0.3,9.0,0,1,1,0,development,0,0,1.0,G3_campaign,1.0,1,G2_tactic_intent,2,0,1,1,1,1,,8,1,2.0,C08-AA-003,0.0,1,1,1,G3_campaign,G3_campaign,m3star_graph_transition_xgboost_v0.1,0
C08-darpa-e5-clearscope-0515,random,0.4,41,project05_xgboost_policy,1,5.0,2,C08-AA-002|C08-AA-003,5.0,3.0,0,0,0,,,,9.0,0,1,1,,development,0,0,1.0,G3_campaign,1.0,1,G2_tactic_intent,2,0,,,,,,,,2.0,C08-AA-003,0.2,1,2,,G3_campaign,G3_campaign,,1
C08-darpa-e5-clearscope-0515,random,0.4,41,project05_m3b_policy,1,2.0,1,C08-AA-003,2.0,0.0,1,0,0,,,,9.0,0,1,1,,development,0,0,1.0,G3_campaign,1.0,1,G2_tactic_intent,2,0,,,,,,,,2.0,C08-AA-003,0.0,1,1,,G3_campaign,G3_campaign,,0
C08-darpa-e5-clearscope-0515,random,0.4,41,project05_m2,1,2.0,1,C08-AA-003,2.0,0.0,1,0,0,,,,9.0,0,1,1,,development,0,0,1.0,G3_campaign,1.0,1,G2_tactic_intent,2,0,,,,,,,,2.0,C08-AA-003,0.0,1,1,,G3_campaign,G3_campaign,,0
C08-darpa-e5-clearscope-0515,random,0.4,41,oracle_optimal,1,2.0,1,C08-AA-003,2.0,0.0,1,0,0,,,,9.0,0,1,1,,development,0,0,1.0,G3_campaign,1.0,1,G2_tactic_intent,2,0,,,,,,,,2.0,C08-AA-003,0.0,1,1,,G3_campaign,G3_campaign,,0
C08-darpa-e5-clearscope-0515,random,0.4,53,project05_m3star_h3_dual,1,2.0,1,C08-AA-003,2.0,0.0,1,0,0,m3star_graph_action_value_xgboost_v0.3,m3star_graph_action_value_xgboost_v0.3,m3star_graph_action_value_xgboost_v0.3,9.0,0,1,1,0,development,0,0,1.0,G3_campaign,1.0,1,G2_tactic_intent,2,0,1,3,1,1,,8,1,2.0,C08-AA-003,0.0,1,1,1,G3_campaign,G3_campaign,m3star_graph_transition_xgboost_v0.1,0
C08-darpa-e5-clearscope-0515,random,0.4,53,project05_m3star_h3_no_dominance_dual,1,2.0,1,C08-AA-003,2.0,0.0,1,0,0,m3star_graph_action_value_xgboost_v0.3,m3star_graph_action_value_xgboost_v0.3,m3star_graph_action_value_xgboost_v0.3,9.0,0,1,1,0,development,0,0,1.0,G3_campaign,1.0,1,G2_tactic_intent,2,0,1,3,0,1,,8,1,2.0,C08-AA-003,0.0,1,1,0,G3_campaign,G3_campaign,m3star_graph_transition_xgboost_v0.1,0
C08-darpa-e5-clearscope-0515,random,0.4,53,project05_m3star_h3_unshielded_dual,1,2.0,1,C08-AA-003,2.0,0.0,1,0,0,m3star_graph_action_value_xgboost_v0.3,m3star_graph_action_value_xgboost_v0.3,m3star_graph_action_value_xgboost_v0.3,9.0,0,1,1,0,development,0,0,1.0,G3_campaign,1.0,1,G2_tactic_intent,2,0,0,3,1,1,,8,0,2.0,C08-AA-003,0.0,1,1,1,G3_campaign,G3_campaign,m3star_graph_transition_xgboost_v0.1,0
C08-darpa-e5-clearscope-0515,random,0.4,53,project05_m3star_h3_transition_only,1,2.0,1,C08-AA-003,2.0,0.0,1,0,0,none,none,none,9.0,0,1,1,0,development,0,0,1.0,G3_campaign,1.0,1,G2_tactic_intent,2,0,1,3,1,0,,8,1,2.0,C08-AA-003,0.0,1,1,1,G3_campaign,G3_campaign,m3star_graph_transition_xgboost_v0.1,0
C08-darpa-e5-clearscope-0515,random,0.4,53,project05_m3star_h1_dual,1,2.0,1,C08-AA-003,2.0,0.0,1,0,0,m3star_graph_action_value_xgboost_v0.3,m3star_graph_action_value_xgboost_v0.3,m3star_graph_action_value_xgboost_v0.3,9.0,0,1,1,0,development,0,0,1.0,G3_campaign,1.0,1,G2_tactic_intent,2,0,1,1,1,1,,8,1,2.0,C08-AA-003,0.0,1,1,1,G3_campaign,G3_campaign,m3star_graph_transition_xgboost_v0.1,0
C08-darpa-e5-clearscope-0515,random,0.4,53,project05_xgboost_policy,1,5.0,2,C08-AA-002|C08-AA-003,5.0,3.0,0,0,0,,,,9.0,0,1,1,,development,0,0,1.0,G3_campaign,1.0,1,G2_tactic_intent,2,0,,,,,,,,2.0,C08-AA-003,0.2,1,2,,G3_campaign,G3_campaign,,1
C08-darpa-e5-clearscope-0515,random,0.4,53,project05_m3b_policy,1,2.0,1,C08-AA-003,2.0,0.0,1,0,0,,,,9.0,0,1,1,,development,0,0,1.0,G3_campaign,1.0,1,G2_tactic_intent,2,0,,,,,,,,2.0,C08-AA-003,0.0,1,1,,G3_campaign,G3_campaign,,0
C08-darpa-e5-clearscope-0515,random,0.4,53,project05_m2,1,2.0,1,C08-AA-003,2.0,0.0,1,0,0,,,,9.0,0,1,1,,development,0,0,1.0,G3_campaign,1.0,1,G2_tactic_intent,2,0,,,,,,,,2.0,C08-AA-003,0.0,1,1,,G3_campaign,G3_campaign,,0
C08-darpa-e5-clearscope-0515,random,0.4,53,oracle_optimal,1,2.0,1,C08-AA-003,2.0,0.0,1,0,0,,,,9.0,0,1,1,,development,0,0,1.0,G3_campaign,1.0,1,G2_tactic_intent,2,0,,,,,,,,2.0,C08-AA-003,0.0,1,1,,G3_campaign,G3_campaign,,0
C08-darpa-e5-clearscope-0515,random,0.6,11,project05_m3star_h3_dual,1,4.0,2,C08-AA-003|C08-AA-004,4.0,0.0,1,0,0,m3star_graph_action_value_xgboost_v0.3,m3star_graph_action_value_xgboost_v0.3,m3star_graph_action_value_xgboost_v0.3,9.0,0,1,1,0,development,0,0,1.0,G3_campaign,1.0,1,G1_technique,3,0,1,3,1,1,,8,1,4.0,C08-AA-003,0.5,2,2,1,G3_campaign,G3_campaign,m3star_graph_transition_xgboost_v0.1,0
C08-darpa-e5-clearscope-0515,random,0.6,11,project05_m3star_h3_no_dominance_dual,1,4.0,2,C08-AA-003|C08-AA-004,4.0,0.0,1,0,0,m3star_graph_action_value_xgboost_v0.3,m3star_graph_action_value_xgboost_v0.3,m3star_graph_action_value_xgboost_v0.3,9.0,0,1,1,0,development,0,0,1.0,G3_campaign,1.0,1,G1_technique,3,0,1,3,0,1,,8,1,4.0,C08-AA-003,0.5,2,2,0,G3_campaign,G3_campaign,m3star_graph_transition_xgboost_v0.1,0
C08-darpa-e5-clearscope-0515,random,0.6,11,project05_m3star_h3_unshielded_dual,1,4.0,2,C08-AA-003|C08-AA-004,4.0,0.0,1,0,0,m3star_graph_action_value_xgboost_v0.3,m3star_graph_action_value_xgboost_v0.3,m3star_graph_action_value_xgboost_v0.3,9.0,0,1,1,0,development,0,0,1.0,G3_campaign,1.0,1,G1_technique,3,0,0,3,1,1,,8,0,4.0,C08-AA-003,0.5,2,2,1,G3_campaign,G3_campaign,m3star_graph_transition_xgboost_v0.1,0
C08-darpa-e5-clearscope-0515,random,0.6,11,project05_m3star_h3_transition_only,1,4.0,2,C08-AA-003|C08-AA-004,4.0,0.0,1,0,0,none,none,none,9.0,0,1,1,0,development,0,0,1.0,G3_campaign,1.0,1,G1_technique,3,0,1,3,1,0,,8,1,4.0,C08-AA-003,0.5,2,2,1,G3_campaign,G3_campaign,m3star_graph_transition_xgboost_v0.1,0
C08-darpa-e5-clearscope-0515,random,0.6,11,project05_m3star_h1_dual,1,4.0,2,C08-AA-003|C08-AA-004,4.0,0.0,1,0,0,m3star_graph_action_value_xgboost_v0.3,m3star_graph_action_value_xgboost_v0.3,m3star_graph_action_value_xgboost_v0.3,9.0,0,1,1,0,development,0,0,1.0,G3_campaign,1.0,1,G1_technique,3,0,1,1,1,1,,8,1,4.0,C08-AA-003,0.5,2,2,1,G3_campaign,G3_campaign,m3star_graph_transition_xgboost_v0.1,0
C08-darpa-e5-clearscope-0515,random,0.6,11,project05_xgboost_policy,1,4.0,2,C08-AA-003|C08-AA-004,4.0,0.0,1,0,0,,,,9.0,0,1,1,,development,0,0,1.0,G3_campaign,1.0,1,G1_technique,3,0,,,,,,,,4.0,C08-AA-003,0.5,2,2,,G3_campaign,G3_campaign,,0
C08-darpa-e5-clearscope-0515,random,0.6,11,project05_m3b_policy,1,4.0,2,C08-AA-003|C08-AA-004,4.0,0.0,1,0,0,,,,9.0,0,1,1,,development,0,0,1.0,G3_campaign,1.0,1,G1_technique,3,0,,,,,,,,4.0,C08-AA-003,0.5,2,2,,G3_campaign,G3_campaign,,0
C08-darpa-e5-clearscope-0515,random,0.6,11,project05_m2,1,4.0,2,C08-AA-004|C08-AA-003,4.0,0.0,0,0,0,,,,9.0,0,1,1,,development,0,0,1.0,G3_campaign,1.0,1,G1_technique,3,0,,,,,,,,4.0,C08-AA-003,0.5,2,2,,G3_campaign,G3_campaign,,0
C08-darpa-e5-clearscope-0515,random,0.6,11,oracle_optimal,1,4.0,2,C08-AA-003|C08-AA-004,4.0,0.0,1,0,0,,,,9.0,0,1,1,,development,0,0,1.0,G3_campaign,1.0,1,G1_technique,3,0,,,,,,,,4.0,C08-AA-003,0.5,2,2,,G3_campaign,G3_campaign,,0
C08-darpa-e5-clearscope-0515,random,0.6,23,project05_m3star_h3_dual,1,5.0,2,C08-AA-004|C08-AA-002,5.0,1.0,0,0,0,m3star_graph_action_value_xgboost_v0.3,m3star_graph_action_value_xgboost_v0.3,m3star_graph_action_value_xgboost_v0.3,9.0,0,1,1,1,development,0,0,1.0,G3_campaign,1.0,1,G1_technique,3,0,1,3,1,1,,8,1,4.0,C08-AA-001,0.6667,2,2,1,G3_campaign,G3_campaign,m3star_graph_transition_xgboost_v0.1,0
C08-darpa-e5-clearscope-0515,random,0.6,23,project05_m3star_h3_no_dominance_dual,1,4.0,2,C08-AA-004|C08-AA-001,4.0,0.0,0,0,0,m3star_graph_action_value_xgboost_v0.3,m3star_graph_action_value_xgboost_v0.3,m3star_graph_action_value_xgboost_v0.3,9.0,0,1,1,0,development,0,0,1.0,G3_campaign,1.0,1,G1_technique,3,0,1,3,0,1,,8,1,4.0,C08-AA-001,0.0,2,2,0,G3_campaign,G3_campaign,m3star_graph_transition_xgboost_v0.1,0
C08-darpa-e5-clearscope-0515,random,0.6,23,project05_m3star_h3_unshielded_dual,1,5.0,2,C08-AA-004|C08-AA-002,5.0,1.0,0,0,0,m3star_graph_action_value_xgboost_v0.3,m3star_graph_action_value_xgboost_v0.3,m3star_graph_action_value_xgboost_v0.3,9.0,0,1,1,1,development,0,0,1.0,G3_campaign,1.0,1,G1_technique,3,0,0,3,1,1,,8,0,4.0,C08-AA-001,0.6667,2,2,1,G3_campaign,G3_campaign,m3star_graph_transition_xgboost_v0.1,0
C08-darpa-e5-clearscope-0515,random,0.6,23,project05_m3star_h3_transition_only,1,5.0,2,C08-AA-004|C08-AA-002,5.0,1.0,0,0,0,none,none,none,9.0,0,1,1,1,development,0,0,1.0,G3_campaign,1.0,1,G1_technique,3,0,1,3,1,0,,8,1,4.0,C08-AA-001,0.6667,2,2,1,G3_campaign,G3_campaign,m3star_graph_transition_xgboost_v0.1,0
C08-darpa-e5-clearscope-0515,random,0.6,23,project05_m3star_h1_dual,1,5.0,2,C08-AA-004|C08-AA-002,5.0,1.0,0,0,0,m3star_graph_action_value_xgboost_v0.3,m3star_graph_action_value_xgboost_v0.3,m3star_graph_action_value_xgboost_v0.3,9.0,0,1,1,1,development,0,0,1.0,G3_campaign,1.0,1,G1_technique,3,0,1,1,1,1,,8,1,4.0,C08-AA-001,0.6667,2,2,1,G3_campaign,G3_campaign,m3star_graph_transition_xgboost_v0.1,0
C08-darpa-e5-clearscope-0515,random,0.6,23,project05_xgboost_policy,1,5.0,2,C08-AA-004|C08-AA-002,5.0,1.0,0,0,0,,,,9.0,0,1,1,,development,0,0,1.0,G3_campaign,1.0,1,G1_technique,3,0,,,,,,,,4.0,C08-AA-001,0.6667,2,2,,G3_campaign,G3_campaign,,0
C08-darpa-e5-clearscope-0515,random,0.6,23,project05_m3b_policy,1,5.0,2,C08-AA-004|C08-AA-002,5.0,1.0,0,0,0,,,,9.0,0,1,1,,development,0,0,1.0,G3_campaign,1.0,1,G1_technique,3,0,,,,,,,,4.0,C08-AA-001,0.6667,2,2,,G3_campaign,G3_campaign,,0
C08-darpa-e5-clearscope-0515,random,0.6,23,project05_m2,1,4.0,2,C08-AA-001|C08-AA-004,4.0,0.0,1,0,0,,,,9.0,0,1,1,,development,0,0,1.0,G3_campaign,1.0,1,G1_technique,3,0,,,,,,,,4.0,C08-AA-001,0.0,2,2,,G3_campaign,G3_campaign,,0
C08-darpa-e5-clearscope-0515,random,0.6,23,oracle_optimal,1,4.0,2,C08-AA-001|C08-AA-004,4.0,0.0,1,0,0,,,,9.0,0,1,1,,development,0,0,1.0,G3_campaign,1.0,1,G1_technique,3,0,,,,,,,,4.0,C08-AA-001,0.0,2,2,,G3_campaign,G3_campaign,,0
C08-darpa-e5-clearscope-0515,random,0.6,37,project05_m3star_h3_dual,1,5.0,2,C08-AA-004|C08-AA-002,5.0,0.0,0,0,0,m3star_graph_action_value_xgboost_v0.3,m3star_graph_action_value_xgboost_v0.3,m3star_graph_action_value_xgboost_v0.3,9.0,0,1,1,1,development,0,0,1.0,G3_campaign,1.0,1,G1_technique,3,0,1,3,1,1,,8,1,5.0,C08-AA-002,0.6667,2,2,1,G3_campaign,G3_campaign,m3star_graph_transition_xgboost_v0.1,0
C08-darpa-e5-clearscope-0515,random,0.6,37,project05_m3star_h3_no_dominance_dual,1,7.0,3,C08-AA-004|C08-AA-001|C08-AA-002,7.0,2.0,0,0,0,m3star_graph_action_value_xgboost_v0.3,m3star_graph_action_value_xgboost_v0.3,m3star_graph_action_value_xgboost_v0.3,9.0,0,1,1,0,development,0,0,1.0,G3_campaign,1.0,1,G1_technique,3,0,1,3,0,1,,8,1,5.0,C08-AA-002,0.6667,2,3,0,G3_campaign,G3_campaign,m3star_graph_transition_xgboost_v0.1,1
C08-darpa-e5-clearscope-0515,random,0.6,37,project05_m3star_h3_unshielded_dual,1,5.0,2,C08-AA-004|C08-AA-002,5.0,0.0,0,0,0,m3star_graph_action_value_xgboost_v0.3,m3star_graph_action_value_xgboost_v0.3,m3star_graph_action_value_xgboost_v0.3,9.0,0,1,1,1,development,0,0,1.0,G3_campaign,1.0,1,G1_technique,3,0,0,3,1,1,,8,0,5.0,C08-AA-002,0.6667,2,2,1,G3_campaign,G3_campaign,m3star_graph_transition_xgboost_v0.1,0
C08-darpa-e5-clearscope-0515,random,0.6,37,project05_m3star_h3_transition_only,1,5.0,2,C08-AA-004|C08-AA-002,5.0,0.0,0,0,0,none,none,none,9.0,0,1,1,1,development,0,0,1.0,G3_campaign,1.0,1,G1_technique,3,0,1,3,1,0,,8,1,5.0,C08-AA-002,0.6667,2,2,1,G3_campaign,G3_campaign,m3star_graph_transition_xgboost_v0.1,0
C08-darpa-e5-clearscope-0515,random,0.6,37,project05_m3star_h1_dual,1,5.0,2,C08-AA-004|C08-AA-002,5.0,0.0,0,0,0,m3star_graph_action_value_xgboost_v0.3,m3star_graph_action_value_xgboost_v0.3,m3star_graph_action_value_xgboost_v0.3,9.0,0,1,1,1,development,0,0,1.0,G3_campaign,1.0,1,G1_technique,3,0,1,1,1,1,,8,1,5.0,C08-AA-002,0.6667,2,2,1,G3_campaign,G3_campaign,m3star_graph_transition_xgboost_v0.1,0
C08-darpa-e5-clearscope-0515,random,0.6,37,project05_xgboost_policy,1,5.0,2,C08-AA-004|C08-AA-002,5.0,0.0,0,0,0,,,,9.0,0,1,1,,development,0,0,1.0,G3_campaign,1.0,1,G1_technique,3,0,,,,,,,,5.0,C08-AA-002,0.6667,2,2,,G3_campaign,G3_campaign,,0
C08-darpa-e5-clearscope-0515,random,0.6,37,project05_m3b_policy,1,5.0,2,C08-AA-004|C08-AA-002,5.0,0.0,0,0,0,,,,9.0,0,1,1,,development,0,0,1.0,G3_campaign,1.0,1,G1_technique,3,0,,,,,,,,5.0,C08-AA-002,0.6667,2,2,,G3_campaign,G3_campaign,,0
C08-darpa-e5-clearscope-0515,random,0.6,37,project05_m2,1,7.0,3,C08-AA-001|C08-AA-004|C08-AA-002,7.0,2.0,0,0,0,,,,9.0,0,1,1,,development,0,0,1.0,G3_campaign,1.0,1,G1_technique,3,0,,,,,,,,5.0,C08-AA-002,0.6667,2,3,,G3_campaign,G3_campaign,,1
C08-darpa-e5-clearscope-0515,random,0.6,37,oracle_optimal,1,5.0,2,C08-AA-002|C08-AA-004,5.0,0.0,1,0,0,,,,9.0,0,1,1,,development,0,0,1.0,G3_campaign,1.0,1,G1_technique,3,0,,,,,,,,5.0,C08-AA-002,0.4444,2,2,,G3_campaign,G3_campaign,,0
C08-darpa-e5-clearscope-0515,random,0.6,41,project05_m3star_h3_dual,1,5.0,2,C08-AA-002|C08-AA-003,5.0,1.0,0,0,0,m3star_graph_action_value_xgboost_v0.3,m3star_graph_action_value_xgboost_v0.3,m3star_graph_action_value_xgboost_v0.3,9.0,0,1,1,0,development,0,0,1.0,G3_campaign,1.0,1,G1_technique,3,0,1,3,1,1,,8,1,4.0,C08-AA-001,0.2,2,2,1,G3_campaign,G3_campaign,m3star_graph_transition_xgboost_v0.1,0
C08-darpa-e5-clearscope-0515,random,0.6,41,project05_m3star_h3_no_dominance_dual,1,5.0,2,C08-AA-002|C08-AA-003,5.0,1.0,0,0,0,m3star_graph_action_value_xgboost_v0.3,m3star_graph_action_value_xgboost_v0.3,m3star_graph_action_value_xgboost_v0.3,9.0,0,1,1,0,development,0,0,1.0,G3_campaign,1.0,1,G1_technique,3,0,1,3,0,1,,8,1,4.0,C08-AA-001,0.2,2,2,0,G3_campaign,G3_campaign,m3star_graph_transition_xgboost_v0.1,0
C08-darpa-e5-clearscope-0515,random,0.6,41,project05_m3star_h3_unshielded_dual,1,5.0,2,C08-AA-002|C08-AA-003,5.0,1.0,0,0,0,m3star_graph_action_value_xgboost_v0.3,m3star_graph_action_value_xgboost_v0.3,m3star_graph_action_value_xgboost_v0.3,9.0,0,1,1,1,development,0,0,1.0,G3_campaign,1.0,1,G1_technique,3,0,0,3,1,1,,8,0,4.0,C08-AA-001,0.2,2,2,1,G3_campaign,G3_campaign,m3star_graph_transition_xgboost_v0.1,0
C08-darpa-e5-clearscope-0515,random,0.6,41,project05_m3star_h3_transition_only,1,5.0,2,C08-AA-002|C08-AA-003,5.0,1.0,0,0,0,none,none,none,9.0,0,1,1,0,development,0,0,1.0,G3_campaign,1.0,1,G1_technique,3,0,1,3,1,0,,8,1,4.0,C08-AA-001,0.2,2,2,1,G3_campaign,G3_campaign,m3star_graph_transition_xgboost_v0.1,0
C08-darpa-e5-clearscope-0515,random,0.6,41,project05_m3star_h1_dual,1,5.0,2,C08-AA-002|C08-AA-003,5.0,1.0,0,0,0,m3star_graph_action_value_xgboost_v0.3,m3star_graph_action_value_xgboost_v0.3,m3star_graph_action_value_xgboost_v0.3,9.0,0,1,1,0,development,0,0,1.0,G3_campaign,1.0,1,G1_technique,3,0,1,1,1,1,,8,1,4.0,C08-AA-001,0.2,2,2,1,G3_campaign,G3_campaign,m3star_graph_transition_xgboost_v0.1,0
C08-darpa-e5-clearscope-0515,random,0.6,41,project05_xgboost_policy,1,5.0,2,C08-AA-002|C08-AA-003,5.0,1.0,0,0,0,,,,9.0,0,1,1,,development,0,0,1.0,G3_campaign,1.0,1,G1_technique,3,0,,,,,,,,4.0,C08-AA-001,0.2,2,2,,G3_campaign,G3_campaign,,0
C08-darpa-e5-clearscope-0515,random,0.6,41,project05_m3b_policy,1,5.0,2,C08-AA-002|C08-AA-003,5.0,1.0,0,0,0,,,,9.0,0,1,1,,development,0,0,1.0,G3_campaign,1.0,1,G1_technique,3,0,,,,,,,,4.0,C08-AA-001,0.2,2,2,,G3_campaign,G3_campaign,,0
C08-darpa-e5-clearscope-0515,random,0.6,41,project05_m2,1,4.0,2,C08-AA-001|C08-AA-003,4.0,0.0,1,0,0,,,,9.0,0,1,1,,development,0,0,1.0,G3_campaign,1.0,1,G1_technique,3,0,,,,,,,,4.0,C08-AA-001,0.0,2,2,,G3_campaign,G3_campaign,,0
C08-darpa-e5-clearscope-0515,random,0.6,41,oracle_optimal,1,4.0,2,C08-AA-001|C08-AA-003,4.0,0.0,1,0,0,,,,9.0,0,1,1,,development,0,0,1.0,G3_campaign,1.0,1,G1_technique,3,0,,,,,,,,4.0,C08-AA-001,0.0,2,2,,G3_campaign,G3_campaign,,0
C08-darpa-e5-clearscope-0515,random,0.6,53,project05_m3star_h3_dual,1,4.0,2,C08-AA-003|C08-AA-004,4.0,0.0,1,0,0,m3star_graph_action_value_xgboost_v0.3,m3star_graph_action_value_xgboost_v0.3,m3star_graph_action_value_xgboost_v0.3,9.0,0,1,1,0,development,0,0,1.0,G3_campaign,1.0,1,G1_technique,3,0,1,3,1,1,,8,1,4.0,C08-AA-003,0.5,2,2,1,G3_campaign,G3_campaign,m3star_graph_transition_xgboost_v0.1,0
C08-darpa-e5-clearscope-0515,random,0.6,53,project05_m3star_h3_no_dominance_dual,1,4.0,2,C08-AA-003|C08-AA-004,4.0,0.0,1,0,0,m3star_graph_action_value_xgboost_v0.3,m3star_graph_action_value_xgboost_v0.3,m3star_graph_action_value_xgboost_v0.3,9.0,0,1,1,0,development,0,0,1.0,G3_campaign,1.0,1,G1_technique,3,0,1,3,0,1,,8,1,4.0,C08-AA-003,0.5,2,2,0,G3_campaign,G3_campaign,m3star_graph_transition_xgboost_v0.1,0
C08-darpa-e5-clearscope-0515,random,0.6,53,project05_m3star_h3_unshielded_dual,1,4.0,2,C08-AA-003|C08-AA-004,4.0,0.0,1,0,0,m3star_graph_action_value_xgboost_v0.3,m3star_graph_action_value_xgboost_v0.3,m3star_graph_action_value_xgboost_v0.3,9.0,0,1,1,0,development,0,0,1.0,G3_campaign,1.0,1,G1_technique,3,0,0,3,1,1,,8,0,4.0,C08-AA-003,0.5,2,2,1,G3_campaign,G3_campaign,m3star_graph_transition_xgboost_v0.1,0
C08-darpa-e5-clearscope-0515,random,0.6,53,project05_m3star_h3_transition_only,1,4.0,2,C08-AA-003|C08-AA-004,4.0,0.0,1,0,0,none,none,none,9.0,0,1,1,0,development,0,0,1.0,G3_campaign,1.0,1,G1_technique,3,0,1,3,1,0,,8,1,4.0,C08-AA-003,0.5,2,2,1,G3_campaign,G3_campaign,m3star_graph_transition_xgboost_v0.1,0
C08-darpa-e5-clearscope-0515,random,0.6,53,project05_m3star_h1_dual,1,4.0,2,C08-AA-003|C08-AA-004,4.0,0.0,1,0,0,m3star_graph_action_value_xgboost_v0.3,m3star_graph_action_value_xgboost_v0.3,m3star_graph_action_value_xgboost_v0.3,9.0,0,1,1,0,development,0,0,1.0,G3_campaign,1.0,1,G1_technique,3,0,1,1,1,1,,8,1,4.0,C08-AA-003,0.5,2,2,1,G3_campaign,G3_campaign,m3star_graph_transition_xgboost_v0.1,0
C08-darpa-e5-clearscope-0515,random,0.6,53,project05_xgboost_policy,1,4.0,2,C08-AA-003|C08-AA-004,4.0,0.0,1,0,0,,,,9.0,0,1,1,,development,0,0,1.0,G3_campaign,1.0,1,G1_technique,3,0,,,,,,,,4.0,C08-AA-003,0.5,2,2,,G3_campaign,G3_campaign,,0
C08-darpa-e5-clearscope-0515,random,0.6,53,project05_m3b_policy,1,4.0,2,C08-AA-003|C08-AA-004,4.0,0.0,1,0,0,,,,9.0,0,1,1,,development,0,0,1.0,G3_campaign,1.0,1,G1_technique,3,0,,,,,,,,4.0,C08-AA-003,0.5,2,2,,G3_campaign,G3_campaign,,0
C08-darpa-e5-clearscope-0515,random,0.6,53,project05_m2,1,4.0,2,C08-AA-004|C08-AA-003,4.0,0.0,0,0,0,,,,9.0,0,1,1,,development,0,0,1.0,G3_campaign,1.0,1,G1_technique,3,0,,,,,,,,4.0,C08-AA-003,0.5,2,2,,G3_campaign,G3_campaign,,0
C08-darpa-e5-clearscope-0515,random,0.6,53,oracle_optimal,1,4.0,2,C08-AA-003|C08-AA-004,4.0,0.0,1,0,0,,,,9.0,0,1,1,,development,0,0,1.0,G3_campaign,1.0,1,G1_technique,3,0,,,,,,,,4.0,C08-AA-003,0.5,2,2,,G3_campaign,G3_campaign,,0
C08-darpa-e5-clearscope-0515,stage,0.2,11,project05_m3star_h3_dual,1,3.0,1,C08-AA-002,3.0,1.0,0,0,0,m3star_graph_action_value_xgboost_v0.3,m3star_graph_action_value_xgboost_v0.3,m3star_graph_action_value_xgboost_v0.3,9.0,0,1,1,1,development,0,0,1.0,G3_campaign,1.0,1,G2_tactic_intent,1,0,1,3,1,1,,8,1,2.0,C08-AA-001,0.0,1,1,1,G3_campaign,G3_campaign,m3star_graph_transition_xgboost_v0.1,0
C08-darpa-e5-clearscope-0515,stage,0.2,11,project05_m3star_h3_no_dominance_dual,1,2.0,1,C08-AA-001,2.0,0.0,1,0,0,m3star_graph_action_value_xgboost_v0.3,m3star_graph_action_value_xgboost_v0.3,m3star_graph_action_value_xgboost_v0.3,9.0,0,1,1,0,development,0,0,1.0,G3_campaign,1.0,1,G2_tactic_intent,1,0,1,3,0,1,,8,1,2.0,C08-AA-001,0.0,1,1,0,G3_campaign,G3_campaign,m3star_graph_transition_xgboost_v0.1,0
C08-darpa-e5-clearscope-0515,stage,0.2,11,project05_m3star_h3_unshielded_dual,1,3.0,1,C08-AA-002,3.0,1.0,0,0,0,m3star_graph_action_value_xgboost_v0.3,m3star_graph_action_value_xgboost_v0.3,m3star_graph_action_value_xgboost_v0.3,9.0,0,1,1,1,development,0,0,1.0,G3_campaign,1.0,1,G2_tactic_intent,1,0,0,3,1,1,,8,0,2.0,C08-AA-001,0.0,1,1,1,G3_campaign,G3_campaign,m3star_graph_transition_xgboost_v0.1,0
C08-darpa-e5-clearscope-0515,stage,0.2,11,project05_m3star_h3_transition_only,1,5.0,2,C08-AA-004|C08-AA-002,5.0,3.0,0,0,0,none,none,none,9.0,0,1,1,1,development,0,0,1.0,G3_campaign,1.0,1,G2_tactic_intent,1,0,1,3,1,0,,8,1,2.0,C08-AA-001,0.6667,1,2,1,G3_campaign,G3_campaign,m3star_graph_transition_xgboost_v0.1,1
C08-darpa-e5-clearscope-0515,stage,0.2,11,project05_m3star_h1_dual,1,3.0,1,C08-AA-002,3.0,1.0,0,0,0,m3star_graph_action_value_xgboost_v0.3,m3star_graph_action_value_xgboost_v0.3,m3star_graph_action_value_xgboost_v0.3,9.0,0,1,1,1,development,0,0,1.0,G3_campaign,1.0,1,G2_tactic_intent,1,0,1,1,1,1,,8,1,2.0,C08-AA-001,0.0,1,1,1,G3_campaign,G3_campaign,m3star_graph_transition_xgboost_v0.1,0
C08-darpa-e5-clearscope-0515,stage,0.2,11,project05_xgboost_policy,1,3.0,1,C08-AA-002,3.0,1.0,0,0,0,,,,9.0,0,1,1,,development,0,0,1.0,G3_campaign,1.0,1,G2_tactic_intent,1,0,,,,,,,,2.0,C08-AA-001,0.0,1,1,,G3_campaign,G3_campaign,,0
C08-darpa-e5-clearscope-0515,stage,0.2,11,project05_m3b_policy,1,5.0,2,C08-AA-004|C08-AA-002,5.0,3.0,0,0,0,,,,9.0,0,1,1,,development,0,0,1.0,G3_campaign,1.0,1,G2_tactic_intent,1,0,,,,,,,,2.0,C08-AA-001,0.6667,1,2,,G3_campaign,G3_campaign,,1
C08-darpa-e5-clearscope-0515,stage,0.2,11,project05_m2,1,2.0,1,C08-AA-001,2.0,0.0,1,0,0,,,,9.0,0,1,1,,development,0,0,1.0,G3_campaign,1.0,1,G2_tactic_intent,1,0,,,,,,,,2.0,C08-AA-001,0.0,1,1,,G3_campaign,G3_campaign,,0
C08-darpa-e5-clearscope-0515,stage,0.2,11,oracle_optimal,1,2.0,1,C08-AA-001,2.0,0.0,1,0,0,,,,9.0,0,1,1,,development,0,0,1.0,G3_campaign,1.0,1,G2_tactic_intent,1,0,,,,,,,,2.0,C08-AA-001,0.0,1,1,,G3_campaign,G3_campaign,,0
C08-darpa-e5-clearscope-0515,stage,0.2,23,project05_m3star_h3_dual,1,3.0,1,C08-AA-002,3.0,1.0,0,0,0,m3star_graph_action_value_xgboost_v0.3,m3star_graph_action_value_xgboost_v0.3,m3star_graph_action_value_xgboost_v0.3,9.0,0,1,1,1,development,0,0,1.0,G3_campaign,1.0,1,G2_tactic_intent,1,0,1,3,1,1,,8,1,2.0,C08-AA-001,0.0,1,1,1,G3_campaign,G3_campaign,m3star_graph_transition_xgboost_v0.1,0
C08-darpa-e5-clearscope-0515,stage,0.2,23,project05_m3star_h3_no_dominance_dual,1,2.0,1,C08-AA-001,2.0,0.0,1,0,0,m3star_graph_action_value_xgboost_v0.3,m3star_graph_action_value_xgboost_v0.3,m3star_graph_action_value_xgboost_v0.3,9.0,0,1,1,0,development,0,0,1.0,G3_campaign,1.0,1,G2_tactic_intent,1,0,1,3,0,1,,8,1,2.0,C08-AA-001,0.0,1,1,0,G3_campaign,G3_campaign,m3star_graph_transition_xgboost_v0.1,0
C08-darpa-e5-clearscope-0515,stage,0.2,23,project05_m3star_h3_unshielded_dual,1,3.0,1,C08-AA-002,3.0,1.0,0,0,0,m3star_graph_action_value_xgboost_v0.3,m3star_graph_action_value_xgboost_v0.3,m3star_graph_action_value_xgboost_v0.3,9.0,0,1,1,1,development,0,0,1.0,G3_campaign,1.0,1,G2_tactic_intent,1,0,0,3,1,1,,8,0,2.0,C08-AA-001,0.0,1,1,1,G3_campaign,G3_campaign,m3star_graph_transition_xgboost_v0.1,0
C08-darpa-e5-clearscope-0515,stage,0.2,23,project05_m3star_h3_transition_only,1,5.0,2,C08-AA-004|C08-AA-002,5.0,3.0,0,0,0,none,none,none,9.0,0,1,1,1,development,0,0,1.0,G3_campaign,1.0,1,G2_tactic_intent,1,0,1,3,1,0,,8,1,2.0,C08-AA-001,0.6667,1,2,1,G3_campaign,G3_campaign,m3star_graph_transition_xgboost_v0.1,1
C08-darpa-e5-clearscope-0515,stage,0.2,23,project05_m3star_h1_dual,1,3.0,1,C08-AA-002,3.0,1.0,0,0,0,m3star_graph_action_value_xgboost_v0.3,m3star_graph_action_value_xgboost_v0.3,m3star_graph_action_value_xgboost_v0.3,9.0,0,1,1,1,development,0,0,1.0,G3_campaign,1.0,1,G2_tactic_intent,1,0,1,1,1,1,,8,1,2.0,C08-AA-001,0.0,1,1,1,G3_campaign,G3_campaign,m3star_graph_transition_xgboost_v0.1,0
C08-darpa-e5-clearscope-0515,stage,0.2,23,project05_xgboost_policy,1,3.0,1,C08-AA-002,3.0,1.0,0,0,0,,,,9.0,0,1,1,,development,0,0,1.0,G3_campaign,1.0,1,G2_tactic_intent,1,0,,,,,,,,2.0,C08-AA-001,0.0,1,1,,G3_campaign,G3_campaign,,0
C08-darpa-e5-clearscope-0515,stage,0.2,23,project05_m3b_policy,1,5.0,2,C08-AA-004|C08-AA-002,5.0,3.0,0,0,0,,,,9.0,0,1,1,,development,0,0,1.0,G3_campaign,1.0,1,G2_tactic_intent,1,0,,,,,,,,2.0,C08-AA-001,0.6667,1,2,,G3_campaign,G3_campaign,,1
C08-darpa-e5-clearscope-0515,stage,0.2,23,project05_m2,1,2.0,1,C08-AA-001,2.0,0.0,1,0,0,,,,9.0,0,1,1,,development,0,0,1.0,G3_campaign,1.0,1,G2_tactic_intent,1,0,,,,,,,,2.0,C08-AA-001,0.0,1,1,,G3_campaign,G3_campaign,,0
C08-darpa-e5-clearscope-0515,stage,0.2,23,oracle_optimal,1,2.0,1,C08-AA-001,2.0,0.0,1,0,0,,,,9.0,0,1,1,,development,0,0,1.0,G3_campaign,1.0,1,G2_tactic_intent,1,0,,,,,,,,2.0,C08-AA-001,0.0,1,1,,G3_campaign,G3_campaign,,0
C08-darpa-e5-clearscope-0515,stage,0.2,37,project05_m3star_h3_dual,1,3.0,1,C08-AA-002,3.0,0.0,1,0,0,m3star_graph_action_value_xgboost_v0.3,m3star_graph_action_value_xgboost_v0.3,m3star_graph_action_value_xgboost_v0.3,9.0,0,1,1,1,development,0,0,1.0,G3_campaign,1.0,1,G2_tactic_intent,1,0,1,3,1,1,,8,1,3.0,C08-AA-002,0.0,1,1,1,G3_campaign,G3_campaign,m3star_graph_transition_xgboost_v0.1,0
C08-darpa-e5-clearscope-0515,stage,0.2,37,project05_m3star_h3_no_dominance_dual,1,7.0,3,C08-AA-001|C08-AA-004|C08-AA-002,7.0,4.0,0,0,0,m3star_graph_action_value_xgboost_v0.3,m3star_graph_action_value_xgboost_v0.3,m3star_graph_action_value_xgboost_v0.3,9.0,0,1,1,0,development,0,0,1.0,G3_campaign,1.0,1,G2_tactic_intent,1,0,1,3,0,1,,8,1,3.0,C08-AA-002,0.6667,1,3,0,G3_campaign,G3_campaign,m3star_graph_transition_xgboost_v0.1,2
C08-darpa-e5-clearscope-0515,stage,0.2,37,project05_m3star_h3_unshielded_dual,1,3.0,1,C08-AA-002,3.0,0.0,1,0,0,m3star_graph_action_value_xgboost_v0.3,m3star_graph_action_value_xgboost_v0.3,m3star_graph_action_value_xgboost_v0.3,9.0,0,1,1,1,development,0,0,1.0,G3_campaign,1.0,1,G2_tactic_intent,1,0,0,3,1,1,,8,0,3.0,C08-AA-002,0.0,1,1,1,G3_campaign,G3_campaign,m3star_graph_transition_xgboost_v0.1,0
C08-darpa-e5-clearscope-0515,stage,0.2,37,project05_m3star_h3_transition_only,1,5.0,2,C08-AA-004|C08-AA-002,5.0,2.0,0,0,0,none,none,none,9.0,0,1,1,1,development,0,0,1.0,G3_campaign,1.0,1,G2_tactic_intent,1,0,1,3,1,0,,8,1,3.0,C08-AA-002,0.6667,1,2,1,G3_campaign,G3_campaign,m3star_graph_transition_xgboost_v0.1,1
C08-darpa-e5-clearscope-0515,stage,0.2,37,project05_m3star_h1_dual,1,3.0,1,C08-AA-002,3.0,0.0,1,0,0,m3star_graph_action_value_xgboost_v0.3,m3star_graph_action_value_xgboost_v0.3,m3star_graph_action_value_xgboost_v0.3,9.0,0,1,1,1,development,0,0,1.0,G3_campaign,1.0,1,G2_tactic_intent,1,0,1,1,1,1,,8,1,3.0,C08-AA-002,0.0,1,1,1,G3_campaign,G3_campaign,m3star_graph_transition_xgboost_v0.1,0
C08-darpa-e5-clearscope-0515,stage,0.2,37,project05_xgboost_policy,1,3.0,1,C08-AA-002,3.0,0.0,1,0,0,,,,9.0,0,1,1,,development,0,0,1.0,G3_campaign,1.0,1,G2_tactic_intent,1,0,,,,,,,,3.0,C08-AA-002,0.0,1,1,,G3_campaign,G3_campaign,,0
C08-darpa-e5-clearscope-0515,stage,0.2,37,project05_m3b_policy,1,5.0,2,C08-AA-004|C08-AA-002,5.0,2.0,0,0,0,,,,9.0,0,1,1,,development,0,0,1.0,G3_campaign,1.0,1,G2_tactic_intent,1,0,,,,,,,,3.0,C08-AA-002,0.6667,1,2,,G3_campaign,G3_campaign,,1
C08-darpa-e5-clearscope-0515,stage,0.2,37,project05_m2,1,5.0,2,C08-AA-001|C08-AA-002,5.0,2.0,0,0,0,,,,9.0,0,1,1,,development,0,0,1.0,G3_campaign,1.0,1,G2_tactic_intent,1,0,,,,,,,,3.0,C08-AA-002,0.6667,1,2,,G3_campaign,G3_campaign,,1
C08-darpa-e5-clearscope-0515,stage,0.2,37,oracle_optimal,1,3.0,1,C08-AA-002,3.0,0.0,1,0,0,,,,9.0,0,1,1,,development,0,0,1.0,G3_campaign,1.0,1,G2_tactic_intent,1,0,,,,,,,,3.0,C08-AA-002,0.0,1,1,,G3_campaign,G3_campaign,,0
C08-darpa-e5-clearscope-0515,stage,0.2,41,project05_m3star_h3_dual,1,3.0,1,C08-AA-002,3.0,1.0,0,0,0,m3star_graph_action_value_xgboost_v0.3,m3star_graph_action_value_xgboost_v0.3,m3star_graph_action_value_xgboost_v0.3,9.0,0,1,1,1,development,0,0,1.0,G3_campaign,1.0,1,G2_tactic_intent,1,0,1,3,1,1,,8,1,2.0,C08-AA-001,0.0,1,1,1,G3_campaign,G3_campaign,m3star_graph_transition_xgboost_v0.1,0
C08-darpa-e5-clearscope-0515,stage,0.2,41,project05_m3star_h3_no_dominance_dual,1,2.0,1,C08-AA-001,2.0,0.0,1,0,0,m3star_graph_action_value_xgboost_v0.3,m3star_graph_action_value_xgboost_v0.3,m3star_graph_action_value_xgboost_v0.3,9.0,0,1,1,0,development,0,0,1.0,G3_campaign,1.0,1,G2_tactic_intent,1,0,1,3,0,1,,8,1,2.0,C08-AA-001,0.0,1,1,0,G3_campaign,G3_campaign,m3star_graph_transition_xgboost_v0.1,0
C08-darpa-e5-clearscope-0515,stage,0.2,41,project05_m3star_h3_unshielded_dual,1,3.0,1,C08-AA-002,3.0,1.0,0,0,0,m3star_graph_action_value_xgboost_v0.3,m3star_graph_action_value_xgboost_v0.3,m3star_graph_action_value_xgboost_v0.3,9.0,0,1,1,1,development,0,0,1.0,G3_campaign,1.0,1,G2_tactic_intent,1,0,0,3,1,1,,8,0,2.0,C08-AA-001,0.0,1,1,1,G3_campaign,G3_campaign,m3star_graph_transition_xgboost_v0.1,0
C08-darpa-e5-clearscope-0515,stage,0.2,41,project05_m3star_h3_transition_only,1,5.0,2,C08-AA-004|C08-AA-002,5.0,3.0,0,0,0,none,none,none,9.0,0,1,1,1,development,0,0,1.0,G3_campaign,1.0,1,G2_tactic_intent,1,0,1,3,1,0,,8,1,2.0,C08-AA-001,0.6667,1,2,1,G3_campaign,G3_campaign,m3star_graph_transition_xgboost_v0.1,1
C08-darpa-e5-clearscope-0515,stage,0.2,41,project05_m3star_h1_dual,1,3.0,1,C08-AA-002,3.0,1.0,0,0,0,m3star_graph_action_value_xgboost_v0.3,m3star_graph_action_value_xgboost_v0.3,m3star_graph_action_value_xgboost_v0.3,9.0,0,1,1,1,development,0,0,1.0,G3_campaign,1.0,1,G2_tactic_intent,1,0,1,1,1,1,,8,1,2.0,C08-AA-001,0.0,1,1,1,G3_campaign,G3_campaign,m3star_graph_transition_xgboost_v0.1,0
C08-darpa-e5-clearscope-0515,stage,0.2,41,project05_xgboost_policy,1,3.0,1,C08-AA-002,3.0,1.0,0,0,0,,,,9.0,0,1,1,,development,0,0,1.0,G3_campaign,1.0,1,G2_tactic_intent,1,0,,,,,,,,2.0,C08-AA-001,0.0,1,1,,G3_campaign,G3_campaign,,0
C08-darpa-e5-clearscope-0515,stage,0.2,41,project05_m3b_policy,1,5.0,2,C08-AA-004|C08-AA-002,5.0,3.0,0,0,0,,,,9.0,0,1,1,,development,0,0,1.0,G3_campaign,1.0,1,G2_tactic_intent,1,0,,,,,,,,2.0,C08-AA-001,0.6667,1,2,,G3_campaign,G3_campaign,,1
C08-darpa-e5-clearscope-0515,stage,0.2,41,project05_m2,1,2.0,1,C08-AA-001,2.0,0.0,1,0,0,,,,9.0,0,1,1,,development,0,0,1.0,G3_campaign,1.0,1,G2_tactic_intent,1,0,,,,,,,,2.0,C08-AA-001,0.0,1,1,,G3_campaign,G3_campaign,,0
C08-darpa-e5-clearscope-0515,stage,0.2,41,oracle_optimal,1,2.0,1,C08-AA-001,2.0,0.0,1,0,0,,,,9.0,0,1,1,,development,0,0,1.0,G3_campaign,1.0,1,G2_tactic_intent,1,0,,,,,,,,2.0,C08-AA-001,0.0,1,1,,G3_campaign,G3_campaign,,0
C08-darpa-e5-clearscope-0515,stage,0.2,53,project05_m3star_h3_dual,1,3.0,1,C08-AA-002,3.0,0.0,1,0,0,m3star_graph_action_value_xgboost_v0.3,m3star_graph_action_value_xgboost_v0.3,m3star_graph_action_value_xgboost_v0.3,9.0,0,1,1,1,development,0,0,1.0,G3_campaign,1.0,1,G2_tactic_intent,1,0,1,3,1,1,,8,1,3.0,C08-AA-002,0.0,1,1,1,G3_campaign,G3_campaign,m3star_graph_transition_xgboost_v0.1,0
C08-darpa-e5-clearscope-0515,stage,0.2,53,project05_m3star_h3_no_dominance_dual,1,7.0,3,C08-AA-001|C08-AA-004|C08-AA-002,7.0,4.0,0,0,0,m3star_graph_action_value_xgboost_v0.3,m3star_graph_action_value_xgboost_v0.3,m3star_graph_action_value_xgboost_v0.3,9.0,0,1,1,0,development,0,0,1.0,G3_campaign,1.0,1,G2_tactic_intent,1,0,1,3,0,1,,8,1,3.0,C08-AA-002,0.6667,1,3,0,G3_campaign,G3_campaign,m3star_graph_transition_xgboost_v0.1,2
C08-darpa-e5-clearscope-0515,stage,0.2,53,project05_m3star_h3_unshielded_dual,1,3.0,1,C08-AA-002,3.0,0.0,1,0,0,m3star_graph_action_value_xgboost_v0.3,m3star_graph_action_value_xgboost_v0.3,m3star_graph_action_value_xgboost_v0.3,9.0,0,1,1,1,development,0,0,1.0,G3_campaign,1.0,1,G2_tactic_intent,1,0,0,3,1,1,,8,0,3.0,C08-AA-002,0.0,1,1,1,G3_campaign,G3_campaign,m3star_graph_transition_xgboost_v0.1,0
C08-darpa-e5-clearscope-0515,stage,0.2,53,project05_m3star_h3_transition_only,1,5.0,2,C08-AA-004|C08-AA-002,5.0,2.0,0,0,0,none,none,none,9.0,0,1,1,1,development,0,0,1.0,G3_campaign,1.0,1,G2_tactic_intent,1,0,1,3,1,0,,8,1,3.0,C08-AA-002,0.6667,1,2,1,G3_campaign,G3_campaign,m3star_graph_transition_xgboost_v0.1,1
C08-darpa-e5-clearscope-0515,stage,0.2,53,project05_m3star_h1_dual,1,3.0,1,C08-AA-002,3.0,0.0,1,0,0,m3star_graph_action_value_xgboost_v0.3,m3star_graph_action_value_xgboost_v0.3,m3star_graph_action_value_xgboost_v0.3,9.0,0,1,1,1,development,0,0,1.0,G3_campaign,1.0,1,G2_tactic_intent,1,0,1,1,1,1,,8,1,3.0,C08-AA-002,0.0,1,1,1,G3_campaign,G3_campaign,m3star_graph_transition_xgboost_v0.1,0
C08-darpa-e5-clearscope-0515,stage,0.2,53,project05_xgboost_policy,1,3.0,1,C08-AA-002,3.0,0.0,1,0,0,,,,9.0,0,1,1,,development,0,0,1.0,G3_campaign,1.0,1,G2_tactic_intent,1,0,,,,,,,,3.0,C08-AA-002,0.0,1,1,,G3_campaign,G3_campaign,,0
C08-darpa-e5-clearscope-0515,stage,0.2,53,project05_m3b_policy,1,5.0,2,C08-AA-004|C08-AA-002,5.0,2.0,0,0,0,,,,9.0,0,1,1,,development,0,0,1.0,G3_campaign,1.0,1,G2_tactic_intent,1,0,,,,,,,,3.0,C08-AA-002,0.6667,1,2,,G3_campaign,G3_campaign,,1
C08-darpa-e5-clearscope-0515,stage,0.2,53,project05_m2,1,5.0,2,C08-AA-001|C08-AA-002,5.0,2.0,0,0,0,,,,9.0,0,1,1,,development,0,0,1.0,G3_campaign,1.0,1,G2_tactic_intent,1,0,,,,,,,,3.0,C08-AA-002,0.6667,1,2,,G3_campaign,G3_campaign,,1
C08-darpa-e5-clearscope-0515,stage,0.2,53,oracle_optimal,1,3.0,1,C08-AA-002,3.0,0.0,1,0,0,,,,9.0,0,1,1,,development,0,0,1.0,G3_campaign,1.0,1,G2_tactic_intent,1,0,,,,,,,,3.0,C08-AA-002,0.0,1,1,,G3_campaign,G3_campaign,,0
C08-darpa-e5-clearscope-0515,stage,0.4,11,project05_m3star_h3_dual,1,5.0,2,C08-AA-002|C08-AA-003,5.0,1.0,0,0,0,m3star_graph_action_value_xgboost_v0.3,m3star_graph_action_value_xgboost_v0.3,m3star_graph_action_value_xgboost_v0.3,9.0,0,1,1,0,development,0,0,1.0,G3_campaign,1.0,1,G1_technique,2,0,1,3,1,1,,8,1,4.0,C08-AA-001,0.2,2,2,1,G3_campaign,G3_campaign,m3star_graph_transition_xgboost_v0.1,0
C08-darpa-e5-clearscope-0515,stage,0.4,11,project05_m3star_h3_no_dominance_dual,1,5.0,2,C08-AA-002|C08-AA-003,5.0,1.0,0,0,0,m3star_graph_action_value_xgboost_v0.3,m3star_graph_action_value_xgboost_v0.3,m3star_graph_action_value_xgboost_v0.3,9.0,0,1,1,0,development,0,0,1.0,G3_campaign,1.0,1,G1_technique,2,0,1,3,0,1,,8,1,4.0,C08-AA-001,0.2,2,2,0,G3_campaign,G3_campaign,m3star_graph_transition_xgboost_v0.1,0
C08-darpa-e5-clearscope-0515,stage,0.4,11,project05_m3star_h3_unshielded_dual,1,5.0,2,C08-AA-002|C08-AA-003,5.0,1.0,0,0,0,m3star_graph_action_value_xgboost_v0.3,m3star_graph_action_value_xgboost_v0.3,m3star_graph_action_value_xgboost_v0.3,9.0,0,1,1,1,development,0,0,1.0,G3_campaign,1.0,1,G1_technique,2,0,0,3,1,1,,8,0,4.0,C08-AA-001,0.2,2,2,1,G3_campaign,G3_campaign,m3star_graph_transition_xgboost_v0.1,0
C08-darpa-e5-clearscope-0515,stage,0.4,11,project05_m3star_h3_transition_only,1,5.0,2,C08-AA-002|C08-AA-003,5.0,1.0,0,0,0,none,none,none,9.0,0,1,1,0,development,0,0,1.0,G3_campaign,1.0,1,G1_technique,2,0,1,3,1,0,,8,1,4.0,C08-AA-001,0.2,2,2,1,G3_campaign,G3_campaign,m3star_graph_transition_xgboost_v0.1,0
C08-darpa-e5-clearscope-0515,stage,0.4,11,project05_m3star_h1_dual,1,5.0,2,C08-AA-002|C08-AA-003,5.0,1.0,0,0,0,m3star_graph_action_value_xgboost_v0.3,m3star_graph_action_value_xgboost_v0.3,m3star_graph_action_value_xgboost_v0.3,9.0,0,1,1,0,development,0,0,1.0,G3_campaign,1.0,1,G1_technique,2,0,1,1,1,1,,8,1,4.0,C08-AA-001,0.2,2,2,1,G3_campaign,G3_campaign,m3star_graph_transition_xgboost_v0.1,0
C08-darpa-e5-clearscope-0515,stage,0.4,11,project05_xgboost_policy,1,5.0,2,C08-AA-002|C08-AA-003,5.0,1.0,0,0,0,,,,9.0,0,1,1,,development,0,0,1.0,G3_campaign,1.0,1,G1_technique,2,0,,,,,,,,4.0,C08-AA-001,0.2,2,2,,G3_campaign,G3_campaign,,0
C08-darpa-e5-clearscope-0515,stage,0.4,11,project05_m3b_policy,1,5.0,2,C08-AA-002|C08-AA-003,5.0,1.0,0,0,0,,,,9.0,0,1,1,,development,0,0,1.0,G3_campaign,1.0,1,G1_technique,2,0,,,,,,,,4.0,C08-AA-001,0.2,2,2,,G3_campaign,G3_campaign,,0
C08-darpa-e5-clearscope-0515,stage,0.4,11,project05_m2,1,4.0,2,C08-AA-001|C08-AA-003,4.0,0.0,1,0,0,,,,9.0,0,1,1,,development,0,0,1.0,G3_campaign,1.0,1,G1_technique,2,0,,,,,,,,4.0,C08-AA-001,0.0,2,2,,G3_campaign,G3_campaign,,0
C08-darpa-e5-clearscope-0515,stage,0.4,11,oracle_optimal,1,4.0,2,C08-AA-001|C08-AA-003,4.0,0.0,1,0,0,,,,9.0,0,1,1,,development,0,0,1.0,G3_campaign,1.0,1,G1_technique,2,0,,,,,,,,4.0,C08-AA-001,0.0,2,2,,G3_campaign,G3_campaign,,0
C08-darpa-e5-clearscope-0515,stage,0.4,23,project05_m3star_h3_dual,1,5.0,2,C08-AA-002|C08-AA-003,5.0,1.0,0,0,0,m3star_graph_action_value_xgboost_v0.3,m3star_graph_action_value_xgboost_v0.3,m3star_graph_action_value_xgboost_v0.3,9.0,0,1,1,0,development,0,0,1.0,G3_campaign,1.0,1,G1_technique,2,0,1,3,1,1,,8,1,4.0,C08-AA-001,0.2,2,2,1,G3_campaign,G3_campaign,m3star_graph_transition_xgboost_v0.1,0
C08-darpa-e5-clearscope-0515,stage,0.4,23,project05_m3star_h3_no_dominance_dual,1,5.0,2,C08-AA-002|C08-AA-003,5.0,1.0,0,0,0,m3star_graph_action_value_xgboost_v0.3,m3star_graph_action_value_xgboost_v0.3,m3star_graph_action_value_xgboost_v0.3,9.0,0,1,1,0,development,0,0,1.0,G3_campaign,1.0,1,G1_technique,2,0,1,3,0,1,,8,1,4.0,C08-AA-001,0.2,2,2,0,G3_campaign,G3_campaign,m3star_graph_transition_xgboost_v0.1,0
C08-darpa-e5-clearscope-0515,stage,0.4,23,project05_m3star_h3_unshielded_dual,1,5.0,2,C08-AA-002|C08-AA-003,5.0,1.0,0,0,0,m3star_graph_action_value_xgboost_v0.3,m3star_graph_action_value_xgboost_v0.3,m3star_graph_action_value_xgboost_v0.3,9.0,0,1,1,1,development,0,0,1.0,G3_campaign,1.0,1,G1_technique,2,0,0,3,1,1,,8,0,4.0,C08-AA-001,0.2,2,2,1,G3_campaign,G3_campaign,m3star_graph_transition_xgboost_v0.1,0
C08-darpa-e5-clearscope-0515,stage,0.4,23,project05_m3star_h3_transition_only,1,5.0,2,C08-AA-002|C08-AA-003,5.0,1.0,0,0,0,none,none,none,9.0,0,1,1,0,development,0,0,1.0,G3_campaign,1.0,1,G1_technique,2,0,1,3,1,0,,8,1,4.0,C08-AA-001,0.2,2,2,1,G3_campaign,G3_campaign,m3star_graph_transition_xgboost_v0.1,0
C08-darpa-e5-clearscope-0515,stage,0.4,23,project05_m3star_h1_dual,1,5.0,2,C08-AA-002|C08-AA-003,5.0,1.0,0,0,0,m3star_graph_action_value_xgboost_v0.3,m3star_graph_action_value_xgboost_v0.3,m3star_graph_action_value_xgboost_v0.3,9.0,0,1,1,0,development,0,0,1.0,G3_campaign,1.0,1,G1_technique,2,0,1,1,1,1,,8,1,4.0,C08-AA-001,0.2,2,2,1,G3_campaign,G3_campaign,m3star_graph_transition_xgboost_v0.1,0
C08-darpa-e5-clearscope-0515,stage,0.4,23,project05_xgboost_policy,1,5.0,2,C08-AA-002|C08-AA-003,5.0,1.0,0,0,0,,,,9.0,0,1,1,,development,0,0,1.0,G3_campaign,1.0,1,G1_technique,2,0,,,,,,,,4.0,C08-AA-001,0.2,2,2,,G3_campaign,G3_campaign,,0
C08-darpa-e5-clearscope-0515,stage,0.4,23,project05_m3b_policy,1,5.0,2,C08-AA-002|C08-AA-003,5.0,1.0,0,0,0,,,,9.0,0,1,1,,development,0,0,1.0,G3_campaign,1.0,1,G1_technique,2,0,,,,,,,,4.0,C08-AA-001,0.2,2,2,,G3_campaign,G3_campaign,,0
C08-darpa-e5-clearscope-0515,stage,0.4,23,project05_m2,1,4.0,2,C08-AA-001|C08-AA-003,4.0,0.0,1,0,0,,,,9.0,0,1,1,,development,0,0,1.0,G3_campaign,1.0,1,G1_technique,2,0,,,,,,,,4.0,C08-AA-001,0.0,2,2,,G3_campaign,G3_campaign,,0
C08-darpa-e5-clearscope-0515,stage,0.4,23,oracle_optimal,1,4.0,2,C08-AA-001|C08-AA-003,4.0,0.0,1,0,0,,,,9.0,0,1,1,,development,0,0,1.0,G3_campaign,1.0,1,G1_technique,2,0,,,,,,,,4.0,C08-AA-001,0.0,2,2,,G3_campaign,G3_campaign,,0
C08-darpa-e5-clearscope-0515,stage,0.4,37,project05_m3star_h3_dual,1,5.0,2,C08-AA-002|C08-AA-003,5.0,0.0,1,0,0,m3star_graph_action_value_xgboost_v0.3,m3star_graph_action_value_xgboost_v0.3,m3star_graph_action_value_xgboost_v0.3,9.0,0,1,1,0,development,0,0,1.0,G3_campaign,1.0,1,G1_technique,2,0,1,3,1,1,,8,1,5.0,C08-AA-002,0.2,2,2,1,G3_campaign,G3_campaign,m3star_graph_transition_xgboost_v0.1,0
C08-darpa-e5-clearscope-0515,stage,0.4,37,project05_m3star_h3_no_dominance_dual,1,5.0,2,C08-AA-002|C08-AA-003,5.0,0.0,1,0,0,m3star_graph_action_value_xgboost_v0.3,m3star_graph_action_value_xgboost_v0.3,m3star_graph_action_value_xgboost_v0.3,9.0,0,1,1,0,development,0,0,1.0,G3_campaign,1.0,1,G1_technique,2,0,1,3,0,1,,8,1,5.0,C08-AA-002,0.2,2,2,0,G3_campaign,G3_campaign,m3star_graph_transition_xgboost_v0.1,0
C08-darpa-e5-clearscope-0515,stage,0.4,37,project05_m3star_h3_unshielded_dual,1,5.0,2,C08-AA-002|C08-AA-003,5.0,0.0,1,0,0,m3star_graph_action_value_xgboost_v0.3,m3star_graph_action_value_xgboost_v0.3,m3star_graph_action_value_xgboost_v0.3,9.0,0,1,1,1,development,0,0,1.0,G3_campaign,1.0,1,G1_technique,2,0,0,3,1,1,,8,0,5.0,C08-AA-002,0.2,2,2,1,G3_campaign,G3_campaign,m3star_graph_transition_xgboost_v0.1,0
C08-darpa-e5-clearscope-0515,stage,0.4,37,project05_m3star_h3_transition_only,1,5.0,2,C08-AA-002|C08-AA-003,5.0,0.0,1,0,0,none,none,none,9.0,0,1,1,0,development,0,0,1.0,G3_campaign,1.0,1,G1_technique,2,0,1,3,1,0,,8,1,5.0,C08-AA-002,0.2,2,2,1,G3_campaign,G3_campaign,m3star_graph_transition_xgboost_v0.1,0
C08-darpa-e5-clearscope-0515,stage,0.4,37,project05_m3star_h1_dual,1,5.0,2,C08-AA-002|C08-AA-003,5.0,0.0,1,0,0,m3star_graph_action_value_xgboost_v0.3,m3star_graph_action_value_xgboost_v0.3,m3star_graph_action_value_xgboost_v0.3,9.0,0,1,1,0,development,0,0,1.0,G3_campaign,1.0,1,G1_technique,2,0,1,1,1,1,,8,1,5.0,C08-AA-002,0.2,2,2,1,G3_campaign,G3_campaign,m3star_graph_transition_xgboost_v0.1,0
C08-darpa-e5-clearscope-0515,stage,0.4,37,project05_xgboost_policy,1,5.0,2,C08-AA-002|C08-AA-003,5.0,0.0,1,0,0,,,,9.0,0,1,1,,development,0,0,1.0,G3_campaign,1.0,1,G1_technique,2,0,,,,,,,,5.0,C08-AA-002,0.2,2,2,,G3_campaign,G3_campaign,,0
C08-darpa-e5-clearscope-0515,stage,0.4,37,project05_m3b_policy,1,5.0,2,C08-AA-002|C08-AA-003,5.0,0.0,1,0,0,,,,9.0,0,1,1,,development,0,0,1.0,G3_campaign,1.0,1,G1_technique,2,0,,,,,,,,5.0,C08-AA-002,0.2,2,2,,G3_campaign,G3_campaign,,0
C08-darpa-e5-clearscope-0515,stage,0.4,37,project05_m2,1,7.0,3,C08-AA-001|C08-AA-003|C08-AA-002,7.0,2.0,0,0,0,,,,9.0,0,1,1,,development,0,0,1.0,G3_campaign,1.0,1,G1_technique,2,0,,,,,,,,5.0,C08-AA-002,0.6667,2,3,,G3_campaign,G3_campaign,,1
C08-darpa-e5-clearscope-0515,stage,0.4,37,oracle_optimal,1,5.0,2,C08-AA-002|C08-AA-003,5.0,0.0,1,0,0,,,,9.0,0,1,1,,development,0,0,1.0,G3_campaign,1.0,1,G1_technique,2,0,,,,,,,,5.0,C08-AA-002,0.2,2,2,,G3_campaign,G3_campaign,,0
C08-darpa-e5-clearscope-0515,stage,0.4,41,project05_m3star_h3_dual,1,5.0,2,C08-AA-002|C08-AA-003,5.0,1.0,0,0,0,m3star_graph_action_value_xgboost_v0.3,m3star_graph_action_value_xgboost_v0.3,m3star_graph_action_value_xgboost_v0.3,9.0,0,1,1,0,development,0,0,1.0,G3_campaign,1.0,1,G1_technique,2,0,1,3,1,1,,8,1,4.0,C08-AA-001,0.2,2,2,1,G3_campaign,G3_campaign,m3star_graph_transition_xgboost_v0.1,0
C08-darpa-e5-clearscope-0515,stage,0.4,41,project05_m3star_h3_no_dominance_dual,1,5.0,2,C08-AA-002|C08-AA-003,5.0,1.0,0,0,0,m3star_graph_action_value_xgboost_v0.3,m3star_graph_action_value_xgboost_v0.3,m3star_graph_action_value_xgboost_v0.3,9.0,0,1,1,0,development,0,0,1.0,G3_campaign,1.0,1,G1_technique,2,0,1,3,0,1,,8,1,4.0,C08-AA-001,0.2,2,2,0,G3_campaign,G3_campaign,m3star_graph_transition_xgboost_v0.1,0
C08-darpa-e5-clearscope-0515,stage,0.4,41,project05_m3star_h3_unshielded_dual,1,5.0,2,C08-AA-002|C08-AA-003,5.0,1.0,0,0,0,m3star_graph_action_value_xgboost_v0.3,m3star_graph_action_value_xgboost_v0.3,m3star_graph_action_value_xgboost_v0.3,9.0,0,1,1,1,development,0,0,1.0,G3_campaign,1.0,1,G1_technique,2,0,0,3,1,1,,8,0,4.0,C08-AA-001,0.2,2,2,1,G3_campaign,G3_campaign,m3star_graph_transition_xgboost_v0.1,0
C08-darpa-e5-clearscope-0515,stage,0.4,41,project05_m3star_h3_transition_only,1,5.0,2,C08-AA-002|C08-AA-003,5.0,1.0,0,0,0,none,none,none,9.0,0,1,1,0,development,0,0,1.0,G3_campaign,1.0,1,G1_technique,2,0,1,3,1,0,,8,1,4.0,C08-AA-001,0.2,2,2,1,G3_campaign,G3_campaign,m3star_graph_transition_xgboost_v0.1,0
C08-darpa-e5-clearscope-0515,stage,0.4,41,project05_m3star_h1_dual,1,5.0,2,C08-AA-002|C08-AA-003,5.0,1.0,0,0,0,m3star_graph_action_value_xgboost_v0.3,m3star_graph_action_value_xgboost_v0.3,m3star_graph_action_value_xgboost_v0.3,9.0,0,1,1,0,development,0,0,1.0,G3_campaign,1.0,1,G1_technique,2,0,1,1,1,1,,8,1,4.0,C08-AA-001,0.2,2,2,1,G3_campaign,G3_campaign,m3star_graph_transition_xgboost_v0.1,0
C08-darpa-e5-clearscope-0515,stage,0.4,41,project05_xgboost_policy,1,5.0,2,C08-AA-002|C08-AA-003,5.0,1.0,0,0,0,,,,9.0,0,1,1,,development,0,0,1.0,G3_campaign,1.0,1,G1_technique,2,0,,,,,,,,4.0,C08-AA-001,0.2,2,2,,G3_campaign,G3_campaign,,0
C08-darpa-e5-clearscope-0515,stage,0.4,41,project05_m3b_policy,1,5.0,2,C08-AA-002|C08-AA-003,5.0,1.0,0,0,0,,,,9.0,0,1,1,,development,0,0,1.0,G3_campaign,1.0,1,G1_technique,2,0,,,,,,,,4.0,C08-AA-001,0.2,2,2,,G3_campaign,G3_campaign,,0
C08-darpa-e5-clearscope-0515,stage,0.4,41,project05_m2,1,4.0,2,C08-AA-001|C08-AA-003,4.0,0.0,1,0,0,,,,9.0,0,1,1,,development,0,0,1.0,G3_campaign,1.0,1,G1_technique,2,0,,,,,,,,4.0,C08-AA-001,0.0,2,2,,G3_campaign,G3_campaign,,0
C08-darpa-e5-clearscope-0515,stage,0.4,41,oracle_optimal,1,4.0,2,C08-AA-001|C08-AA-003,4.0,0.0,1,0,0,,,,9.0,0,1,1,,development,0,0,1.0,G3_campaign,1.0,1,G1_technique,2,0,,,,,,,,4.0,C08-AA-001,0.0,2,2,,G3_campaign,G3_campaign,,0
C08-darpa-e5-clearscope-0515,stage,0.4,53,project05_m3star_h3_dual,1,5.0,2,C08-AA-002|C08-AA-003,5.0,0.0,1,0,0,m3star_graph_action_value_xgboost_v0.3,m3star_graph_action_value_xgboost_v0.3,m3star_graph_action_value_xgboost_v0.3,9.0,0,1,1,0,development,0,0,1.0,G3_campaign,1.0,1,G1_technique,2,0,1,3,1,1,,8,1,5.0,C08-AA-002,0.2,2,2,1,G3_campaign,G3_campaign,m3star_graph_transition_xgboost_v0.1,0
C08-darpa-e5-clearscope-0515,stage,0.4,53,project05_m3star_h3_no_dominance_dual,1,5.0,2,C08-AA-002|C08-AA-003,5.0,0.0,1,0,0,m3star_graph_action_value_xgboost_v0.3,m3star_graph_action_value_xgboost_v0.3,m3star_graph_action_value_xgboost_v0.3,9.0,0,1,1,0,development,0,0,1.0,G3_campaign,1.0,1,G1_technique,2,0,1,3,0,1,,8,1,5.0,C08-AA-002,0.2,2,2,0,G3_campaign,G3_campaign,m3star_graph_transition_xgboost_v0.1,0
C08-darpa-e5-clearscope-0515,stage,0.4,53,project05_m3star_h3_unshielded_dual,1,5.0,2,C08-AA-002|C08-AA-003,5.0,0.0,1,0,0,m3star_graph_action_value_xgboost_v0.3,m3star_graph_action_value_xgboost_v0.3,m3star_graph_action_value_xgboost_v0.3,9.0,0,1,1,1,development,0,0,1.0,G3_campaign,1.0,1,G1_technique,2,0,0,3,1,1,,8,0,5.0,C08-AA-002,0.2,2,2,1,G3_campaign,G3_campaign,m3star_graph_transition_xgboost_v0.1,0
C08-darpa-e5-clearscope-0515,stage,0.4,53,project05_m3star_h3_transition_only,1,5.0,2,C08-AA-002|C08-AA-003,5.0,0.0,1,0,0,none,none,none,9.0,0,1,1,0,development,0,0,1.0,G3_campaign,1.0,1,G1_technique,2,0,1,3,1,0,,8,1,5.0,C08-AA-002,0.2,2,2,1,G3_campaign,G3_campaign,m3star_graph_transition_xgboost_v0.1,0
C08-darpa-e5-clearscope-0515,stage,0.4,53,project05_m3star_h1_dual,1,5.0,2,C08-AA-002|C08-AA-003,5.0,0.0,1,0,0,m3star_graph_action_value_xgboost_v0.3,m3star_graph_action_value_xgboost_v0.3,m3star_graph_action_value_xgboost_v0.3,9.0,0,1,1,0,development,0,0,1.0,G3_campaign,1.0,1,G1_technique,2,0,1,1,1,1,,8,1,5.0,C08-AA-002,0.2,2,2,1,G3_campaign,G3_campaign,m3star_graph_transition_xgboost_v0.1,0
C08-darpa-e5-clearscope-0515,stage,0.4,53,project05_xgboost_policy,1,5.0,2,C08-AA-002|C08-AA-003,5.0,0.0,1,0,0,,,,9.0,0,1,1,,development,0,0,1.0,G3_campaign,1.0,1,G1_technique,2,0,,,,,,,,5.0,C08-AA-002,0.2,2,2,,G3_campaign,G3_campaign,,0
C08-darpa-e5-clearscope-0515,stage,0.4,53,project05_m3b_policy,1,5.0,2,C08-AA-002|C08-AA-003,5.0,0.0,1,0,0,,,,9.0,0,1,1,,development,0,0,1.0,G3_campaign,1.0,1,G1_technique,2,0,,,,,,,,5.0,C08-AA-002,0.2,2,2,,G3_campaign,G3_campaign,,0
C08-darpa-e5-clearscope-0515,stage,0.4,53,project05_m2,1,7.0,3,C08-AA-001|C08-AA-003|C08-AA-002,7.0,2.0,0,0,0,,,,9.0,0,1,1,,development,0,0,1.0,G3_campaign,1.0,1,G1_technique,2,0,,,,,,,,5.0,C08-AA-002,0.6667,2,3,,G3_campaign,G3_campaign,,1
C08-darpa-e5-clearscope-0515,stage,0.4,53,oracle_optimal,1,5.0,2,C08-AA-002|C08-AA-003,5.0,0.0,1,0,0,,,,9.0,0,1,1,,development,0,0,1.0,G3_campaign,1.0,1,G1_technique,2,0,,,,,,,,5.0,C08-AA-002,0.2,2,2,,G3_campaign,G3_campaign,,0
C08-darpa-e5-clearscope-0515,stage,0.6,11,project05_m3star_h3_dual,1,7.0,3,C08-AA-003|C08-AA-004|C08-AA-002,7.0,1.0,0,0,0,m3star_graph_action_value_xgboost_v0.3,m3star_graph_action_value_xgboost_v0.3,m3star_graph_action_value_xgboost_v0.3,9.0,0,1,1,1,development,0,0,1.0,G3_campaign,1.0,1,G0_unknown,3,0,1,3,1,1,,8,1,6.0,C08-AA-001,1.1667,3,3,1,G3_campaign,G3_campaign,m3star_graph_transition_xgboost_v0.1,0
C08-darpa-e5-clearscope-0515,stage,0.6,11,project05_m3star_h3_no_dominance_dual,1,6.0,3,C08-AA-003|C08-AA-004|C08-AA-001,6.0,0.0,0,0,0,m3star_graph_action_value_xgboost_v0.3,m3star_graph_action_value_xgboost_v0.3,m3star_graph_action_value_xgboost_v0.3,9.0,0,1,1,0,development,0,0,1.0,G3_campaign,1.0,1,G0_unknown,3,0,1,3,0,1,,8,1,6.0,C08-AA-001,0.5,3,3,0,G3_campaign,G3_campaign,m3star_graph_transition_xgboost_v0.1,0
C08-darpa-e5-clearscope-0515,stage,0.6,11,project05_m3star_h3_unshielded_dual,1,7.0,3,C08-AA-003|C08-AA-004|C08-AA-002,7.0,1.0,0,0,0,m3star_graph_action_value_xgboost_v0.3,m3star_graph_action_value_xgboost_v0.3,m3star_graph_action_value_xgboost_v0.3,9.0,0,1,1,1,development,0,0,1.0,G3_campaign,1.0,1,G0_unknown,3,0,0,3,1,1,,8,0,6.0,C08-AA-001,1.1667,3,3,1,G3_campaign,G3_campaign,m3star_graph_transition_xgboost_v0.1,0
C08-darpa-e5-clearscope-0515,stage,0.6,11,project05_m3star_h3_transition_only,1,7.0,3,C08-AA-003|C08-AA-004|C08-AA-002,7.0,1.0,0,0,0,none,none,none,9.0,0,1,1,1,development,0,0,1.0,G3_campaign,1.0,1,G0_unknown,3,0,1,3,1,0,,8,1,6.0,C08-AA-001,1.1667,3,3,1,G3_campaign,G3_campaign,m3star_graph_transition_xgboost_v0.1,0
C08-darpa-e5-clearscope-0515,stage,0.6,11,project05_m3star_h1_dual,1,7.0,3,C08-AA-003|C08-AA-004|C08-AA-002,7.0,1.0,0,0,0,m3star_graph_action_value_xgboost_v0.3,m3star_graph_action_value_xgboost_v0.3,m3star_graph_action_value_xgboost_v0.3,9.0,0,1,1,1,development,0,0,1.0,G3_campaign,1.0,1,G0_unknown,3,0,1,1,1,1,,8,1,6.0,C08-AA-001,1.1667,3,3,1,G3_campaign,G3_campaign,m3star_graph_transition_xgboost_v0.1,0
C08-darpa-e5-clearscope-0515,stage,0.6,11,project05_xgboost_policy,1,7.0,3,C08-AA-004|C08-AA-002|C08-AA-003,7.0,1.0,0,0,0,,,,9.0,0,1,1,,development,0,0,1.0,G3_campaign,1.0,1,G0_unknown,3,0,,,,,,,,6.0,C08-AA-001,1.1667,3,3,,G3_campaign,G3_campaign,,0
C08-darpa-e5-clearscope-0515,stage,0.6,11,project05_m3b_policy,1,7.0,3,C08-AA-003|C08-AA-004|C08-AA-002,7.0,1.0,0,0,0,,,,9.0,0,1,1,,development,0,0,1.0,G3_campaign,1.0,1,G0_unknown,3,0,,,,,,,,6.0,C08-AA-001,1.1667,3,3,,G3_campaign,G3_campaign,,0
C08-darpa-e5-clearscope-0515,stage,0.6,11,project05_m2,1,7.0,3,C08-AA-002|C08-AA-003|C08-AA-004,7.0,1.0,0,0,0,,,,9.0,0,1,1,,development,0,0,1.0,G3_campaign,1.0,1,G0_unknown,3,0,,,,,,,,6.0,C08-AA-001,0.7,3,3,,G3_campaign,G3_campaign,,0
C08-darpa-e5-clearscope-0515,stage,0.6,11,oracle_optimal,1,6.0,3,C08-AA-001|C08-AA-003|C08-AA-004,6.0,0.0,1,0,0,,,,9.0,0,1,1,,development,0,0,1.0,G3_campaign,1.0,1,G0_unknown,3,0,,,,,,,,6.0,C08-AA-001,0.5,3,3,,G3_campaign,G3_campaign,,0
C08-darpa-e5-clearscope-0515,stage,0.6,23,project05_m3star_h3_dual,1,7.0,3,C08-AA-003|C08-AA-004|C08-AA-002,7.0,1.0,0,0,0,m3star_graph_action_value_xgboost_v0.3,m3star_graph_action_value_xgboost_v0.3,m3star_graph_action_value_xgboost_v0.3,9.0,0,1,1,1,development,0,0,1.0,G3_campaign,1.0,1,G0_unknown,3,0,1,3,1,1,,8,1,6.0,C08-AA-001,1.1667,3,3,1,G3_campaign,G3_campaign,m3star_graph_transition_xgboost_v0.1,0
C08-darpa-e5-clearscope-0515,stage,0.6,23,project05_m3star_h3_no_dominance_dual,1,6.0,3,C08-AA-003|C08-AA-004|C08-AA-001,6.0,0.0,0,0,0,m3star_graph_action_value_xgboost_v0.3,m3star_graph_action_value_xgboost_v0.3,m3star_graph_action_value_xgboost_v0.3,9.0,0,1,1,0,development,0,0,1.0,G3_campaign,1.0,1,G0_unknown,3,0,1,3,0,1,,8,1,6.0,C08-AA-001,0.5,3,3,0,G3_campaign,G3_campaign,m3star_graph_transition_xgboost_v0.1,0
C08-darpa-e5-clearscope-0515,stage,0.6,23,project05_m3star_h3_unshielded_dual,1,7.0,3,C08-AA-003|C08-AA-004|C08-AA-002,7.0,1.0,0,0,0,m3star_graph_action_value_xgboost_v0.3,m3star_graph_action_value_xgboost_v0.3,m3star_graph_action_value_xgboost_v0.3,9.0,0,1,1,1,development,0,0,1.0,G3_campaign,1.0,1,G0_unknown,3,0,0,3,1,1,,8,0,6.0,C08-AA-001,1.1667,3,3,1,G3_campaign,G3_campaign,m3star_graph_transition_xgboost_v0.1,0
C08-darpa-e5-clearscope-0515,stage,0.6,23,project05_m3star_h3_transition_only,1,7.0,3,C08-AA-003|C08-AA-004|C08-AA-002,7.0,1.0,0,0,0,none,none,none,9.0,0,1,1,1,development,0,0,1.0,G3_campaign,1.0,1,G0_unknown,3,0,1,3,1,0,,8,1,6.0,C08-AA-001,1.1667,3,3,1,G3_campaign,G3_campaign,m3star_graph_transition_xgboost_v0.1,0
C08-darpa-e5-clearscope-0515,stage,0.6,23,project05_m3star_h1_dual,1,7.0,3,C08-AA-003|C08-AA-004|C08-AA-002,7.0,1.0,0,0,0,m3star_graph_action_value_xgboost_v0.3,m3star_graph_action_value_xgboost_v0.3,m3star_graph_action_value_xgboost_v0.3,9.0,0,1,1,1,development,0,0,1.0,G3_campaign,1.0,1,G0_unknown,3,0,1,1,1,1,,8,1,6.0,C08-AA-001,1.1667,3,3,1,G3_campaign,G3_campaign,m3star_graph_transition_xgboost_v0.1,0
C08-darpa-e5-clearscope-0515,stage,0.6,23,project05_xgboost_policy,1,7.0,3,C08-AA-004|C08-AA-002|C08-AA-003,7.0,1.0,0,0,0,,,,9.0,0,1,1,,development,0,0,1.0,G3_campaign,1.0,1,G0_unknown,3,0,,,,,,,,6.0,C08-AA-001,1.1667,3,3,,G3_campaign,G3_campaign,,0
C08-darpa-e5-clearscope-0515,stage,0.6,23,project05_m3b_policy,1,7.0,3,C08-AA-003|C08-AA-004|C08-AA-002,7.0,1.0,0,0,0,,,,9.0,0,1,1,,development,0,0,1.0,G3_campaign,1.0,1,G0_unknown,3,0,,,,,,,,6.0,C08-AA-001,1.1667,3,3,,G3_campaign,G3_campaign,,0
C08-darpa-e5-clearscope-0515,stage,0.6,23,project05_m2,1,7.0,3,C08-AA-002|C08-AA-003|C08-AA-004,7.0,1.0,0,0,0,,,,9.0,0,1,1,,development,0,0,1.0,G3_campaign,1.0,1,G0_unknown,3,0,,,,,,,,6.0,C08-AA-001,0.7,3,3,,G3_campaign,G3_campaign,,0
C08-darpa-e5-clearscope-0515,stage,0.6,23,oracle_optimal,1,6.0,3,C08-AA-001|C08-AA-003|C08-AA-004,6.0,0.0,1,0,0,,,,9.0,0,1,1,,development,0,0,1.0,G3_campaign,1.0,1,G0_unknown,3,0,,,,,,,,6.0,C08-AA-001,0.5,3,3,,G3_campaign,G3_campaign,,0
C08-darpa-e5-clearscope-0515,stage,0.6,37,project05_m3star_h3_dual,1,7.0,3,C08-AA-003|C08-AA-004|C08-AA-002,7.0,0.0,0,0,0,m3star_graph_action_value_xgboost_v0.3,m3star_graph_action_value_xgboost_v0.3,m3star_graph_action_value_xgboost_v0.3,9.0,0,1,1,1,development,0,0,1.0,G3_campaign,1.0,1,G0_unknown,3,0,1,3,1,1,,8,1,7.0,C08-AA-002,1.1667,3,3,1,G3_campaign,G3_campaign,m3star_graph_transition_xgboost_v0.1,0
C08-darpa-e5-clearscope-0515,stage,0.6,37,project05_m3star_h3_no_dominance_dual,1,9.0,4,C08-AA-003|C08-AA-004|C08-AA-001|C08-AA-002,9.0,2.0,0,0,0,m3star_graph_action_value_xgboost_v0.3,m3star_graph_action_value_xgboost_v0.3,m3star_graph_action_value_xgboost_v0.3,9.0,0,1,1,0,development,0,0,1.0,G3_campaign,1.0,1,G0_unknown,3,0,1,3,0,1,,8,1,7.0,C08-AA-002,1.1667,3,4,0,G3_campaign,G3_campaign,m3star_graph_transition_xgboost_v0.1,1
C08-darpa-e5-clearscope-0515,stage,0.6,37,project05_m3star_h3_unshielded_dual,1,7.0,3,C08-AA-003|C08-AA-004|C08-AA-002,7.0,0.0,0,0,0,m3star_graph_action_value_xgboost_v0.3,m3star_graph_action_value_xgboost_v0.3,m3star_graph_action_value_xgboost_v0.3,9.0,0,1,1,1,development,0,0,1.0,G3_campaign,1.0,1,G0_unknown,3,0,0,3,1,1,,8,0,7.0,C08-AA-002,1.1667,3,3,1,G3_campaign,G3_campaign,m3star_graph_transition_xgboost_v0.1,0
C08-darpa-e5-clearscope-0515,stage,0.6,37,project05_m3star_h3_transition_only,1,7.0,3,C08-AA-003|C08-AA-004|C08-AA-002,7.0,0.0,0,0,0,none,none,none,9.0,0,1,1,1,development,0,0,1.0,G3_campaign,1.0,1,G0_unknown,3,0,1,3,1,0,,8,1,7.0,C08-AA-002,1.1667,3,3,1,G3_campaign,G3_campaign,m3star_graph_transition_xgboost_v0.1,0
C08-darpa-e5-clearscope-0515,stage,0.6,37,project05_m3star_h1_dual,1,7.0,3,C08-AA-003|C08-AA-004|C08-AA-002,7.0,0.0,0,0,0,m3star_graph_action_value_xgboost_v0.3,m3star_graph_action_value_xgboost_v0.3,m3star_graph_action_value_xgboost_v0.3,9.0,0,1,1,1,development,0,0,1.0,G3_campaign,1.0,1,G0_unknown,3,0,1,1,1,1,,8,1,7.0,C08-AA-002,1.1667,3,3,1,G3_campaign,G3_campaign,m3star_graph_transition_xgboost_v0.1,0
C08-darpa-e5-clearscope-0515,stage,0.6,37,project05_xgboost_policy,1,7.0,3,C08-AA-004|C08-AA-002|C08-AA-003,7.0,0.0,0,0,0,,,,9.0,0,1,1,,development,0,0,1.0,G3_campaign,1.0,1,G0_unknown,3,0,,,,,,,,7.0,C08-AA-002,1.1667,3,3,,G3_campaign,G3_campaign,,0
C08-darpa-e5-clearscope-0515,stage,0.6,37,project05_m3b_policy,1,7.0,3,C08-AA-003|C08-AA-004|C08-AA-002,7.0,0.0,0,0,0,,,,9.0,0,1,1,,development,0,0,1.0,G3_campaign,1.0,1,G0_unknown,3,0,,,,,,,,7.0,C08-AA-002,1.1667,3,3,,G3_campaign,G3_campaign,,0
C08-darpa-e5-clearscope-0515,stage,0.6,37,project05_m2,1,7.0,3,C08-AA-002|C08-AA-003|C08-AA-004,7.0,0.0,1,0,0,,,,9.0,0,1,1,,development,0,0,1.0,G3_campaign,1.0,1,G0_unknown,3,0,,,,,,,,7.0,C08-AA-002,0.7,3,3,,G3_campaign,G3_campaign,,0
C08-darpa-e5-clearscope-0515,stage,0.6,37,oracle_optimal,1,7.0,3,C08-AA-002|C08-AA-003|C08-AA-004,7.0,0.0,1,0,0,,,,9.0,0,1,1,,development,0,0,1.0,G3_campaign,1.0,1,G0_unknown,3,0,,,,,,,,7.0,C08-AA-002,0.7,3,3,,G3_campaign,G3_campaign,,0
C08-darpa-e5-clearscope-0515,stage,0.6,41,project05_m3star_h3_dual,1,7.0,3,C08-AA-003|C08-AA-004|C08-AA-002,7.0,1.0,0,0,0,m3star_graph_action_value_xgboost_v0.3,m3star_graph_action_value_xgboost_v0.3,m3star_graph_action_value_xgboost_v0.3,9.0,0,1,1,1,development,0,0,1.0,G3_campaign,1.0,1,G0_unknown,3,0,1,3,1,1,,8,1,6.0,C08-AA-001,1.1667,3,3,1,G3_campaign,G3_campaign,m3star_graph_transition_xgboost_v0.1,0
C08-darpa-e5-clearscope-0515,stage,0.6,41,project05_m3star_h3_no_dominance_dual,1,6.0,3,C08-AA-003|C08-AA-004|C08-AA-001,6.0,0.0,0,0,0,m3star_graph_action_value_xgboost_v0.3,m3star_graph_action_value_xgboost_v0.3,m3star_graph_action_value_xgboost_v0.3,9.0,0,1,1,0,development,0,0,1.0,G3_campaign,1.0,1,G0_unknown,3,0,1,3,0,1,,8,1,6.0,C08-AA-001,0.5,3,3,0,G3_campaign,G3_campaign,m3star_graph_transition_xgboost_v0.1,0
C08-darpa-e5-clearscope-0515,stage,0.6,41,project05_m3star_h3_unshielded_dual,1,7.0,3,C08-AA-003|C08-AA-004|C08-AA-002,7.0,1.0,0,0,0,m3star_graph_action_value_xgboost_v0.3,m3star_graph_action_value_xgboost_v0.3,m3star_graph_action_value_xgboost_v0.3,9.0,0,1,1,1,development,0,0,1.0,G3_campaign,1.0,1,G0_unknown,3,0,0,3,1,1,,8,0,6.0,C08-AA-001,1.1667,3,3,1,G3_campaign,G3_campaign,m3star_graph_transition_xgboost_v0.1,0
C08-darpa-e5-clearscope-0515,stage,0.6,41,project05_m3star_h3_transition_only,1,7.0,3,C08-AA-003|C08-AA-004|C08-AA-002,7.0,1.0,0,0,0,none,none,none,9.0,0,1,1,1,development,0,0,1.0,G3_campaign,1.0,1,G0_unknown,3,0,1,3,1,0,,8,1,6.0,C08-AA-001,1.1667,3,3,1,G3_campaign,G3_campaign,m3star_graph_transition_xgboost_v0.1,0
C08-darpa-e5-clearscope-0515,stage,0.6,41,project05_m3star_h1_dual,1,7.0,3,C08-AA-003|C08-AA-004|C08-AA-002,7.0,1.0,0,0,0,m3star_graph_action_value_xgboost_v0.3,m3star_graph_action_value_xgboost_v0.3,m3star_graph_action_value_xgboost_v0.3,9.0,0,1,1,1,development,0,0,1.0,G3_campaign,1.0,1,G0_unknown,3,0,1,1,1,1,,8,1,6.0,C08-AA-001,1.1667,3,3,1,G3_campaign,G3_campaign,m3star_graph_transition_xgboost_v0.1,0
C08-darpa-e5-clearscope-0515,stage,0.6,41,project05_xgboost_policy,1,7.0,3,C08-AA-004|C08-AA-002|C08-AA-003,7.0,1.0,0,0,0,,,,9.0,0,1,1,,development,0,0,1.0,G3_campaign,1.0,1,G0_unknown,3,0,,,,,,,,6.0,C08-AA-001,1.1667,3,3,,G3_campaign,G3_campaign,,0
C08-darpa-e5-clearscope-0515,stage,0.6,41,project05_m3b_policy,1,7.0,3,C08-AA-003|C08-AA-004|C08-AA-002,7.0,1.0,0,0,0,,,,9.0,0,1,1,,development,0,0,1.0,G3_campaign,1.0,1,G0_unknown,3,0,,,,,,,,6.0,C08-AA-001,1.1667,3,3,,G3_campaign,G3_campaign,,0
C08-darpa-e5-clearscope-0515,stage,0.6,41,project05_m2,1,7.0,3,C08-AA-002|C08-AA-003|C08-AA-004,7.0,1.0,0,0,0,,,,9.0,0,1,1,,development,0,0,1.0,G3_campaign,1.0,1,G0_unknown,3,0,,,,,,,,6.0,C08-AA-001,0.7,3,3,,G3_campaign,G3_campaign,,0
C08-darpa-e5-clearscope-0515,stage,0.6,41,oracle_optimal,1,6.0,3,C08-AA-001|C08-AA-003|C08-AA-004,6.0,0.0,1,0,0,,,,9.0,0,1,1,,development,0,0,1.0,G3_campaign,1.0,1,G0_unknown,3,0,,,,,,,,6.0,C08-AA-001,0.5,3,3,,G3_campaign,G3_campaign,,0
C08-darpa-e5-clearscope-0515,stage,0.6,53,project05_m3star_h3_dual,1,7.0,3,C08-AA-003|C08-AA-004|C08-AA-002,7.0,0.0,0,0,0,m3star_graph_action_value_xgboost_v0.3,m3star_graph_action_value_xgboost_v0.3,m3star_graph_action_value_xgboost_v0.3,9.0,0,1,1,1,development,0,0,1.0,G3_campaign,1.0,1,G0_unknown,3,0,1,3,1,1,,8,1,7.0,C08-AA-002,1.1667,3,3,1,G3_campaign,G3_campaign,m3star_graph_transition_xgboost_v0.1,0
C08-darpa-e5-clearscope-0515,stage,0.6,53,project05_m3star_h3_no_dominance_dual,1,9.0,4,C08-AA-003|C08-AA-004|C08-AA-001|C08-AA-002,9.0,2.0,0,0,0,m3star_graph_action_value_xgboost_v0.3,m3star_graph_action_value_xgboost_v0.3,m3star_graph_action_value_xgboost_v0.3,9.0,0,1,1,0,development,0,0,1.0,G3_campaign,1.0,1,G0_unknown,3,0,1,3,0,1,,8,1,7.0,C08-AA-002,1.1667,3,4,0,G3_campaign,G3_campaign,m3star_graph_transition_xgboost_v0.1,1
C08-darpa-e5-clearscope-0515,stage,0.6,53,project05_m3star_h3_unshielded_dual,1,7.0,3,C08-AA-003|C08-AA-004|C08-AA-002,7.0,0.0,0,0,0,m3star_graph_action_value_xgboost_v0.3,m3star_graph_action_value_xgboost_v0.3,m3star_graph_action_value_xgboost_v0.3,9.0,0,1,1,1,development,0,0,1.0,G3_campaign,1.0,1,G0_unknown,3,0,0,3,1,1,,8,0,7.0,C08-AA-002,1.1667,3,3,1,G3_campaign,G3_campaign,m3star_graph_transition_xgboost_v0.1,0
C08-darpa-e5-clearscope-0515,stage,0.6,53,project05_m3star_h3_transition_only,1,7.0,3,C08-AA-003|C08-AA-004|C08-AA-002,7.0,0.0,0,0,0,none,none,none,9.0,0,1,1,1,development,0,0,1.0,G3_campaign,1.0,1,G0_unknown,3,0,1,3,1,0,,8,1,7.0,C08-AA-002,1.1667,3,3,1,G3_campaign,G3_campaign,m3star_graph_transition_xgboost_v0.1,0
C08-darpa-e5-clearscope-0515,stage,0.6,53,project05_m3star_h1_dual,1,7.0,3,C08-AA-003|C08-AA-004|C08-AA-002,7.0,0.0,0,0,0,m3star_graph_action_value_xgboost_v0.3,m3star_graph_action_value_xgboost_v0.3,m3star_graph_action_value_xgboost_v0.3,9.0,0,1,1,1,development,0,0,1.0,G3_campaign,1.0,1,G0_unknown,3,0,1,1,1,1,,8,1,7.0,C08-AA-002,1.1667,3,3,1,G3_campaign,G3_campaign,m3star_graph_transition_xgboost_v0.1,0
C08-darpa-e5-clearscope-0515,stage,0.6,53,project05_xgboost_policy,1,7.0,3,C08-AA-004|C08-AA-002|C08-AA-003,7.0,0.0,0,0,0,,,,9.0,0,1,1,,development,0,0,1.0,G3_campaign,1.0,1,G0_unknown,3,0,,,,,,,,7.0,C08-AA-002,1.1667,3,3,,G3_campaign,G3_campaign,,0
C08-darpa-e5-clearscope-0515,stage,0.6,53,project05_m3b_policy,1,7.0,3,C08-AA-003|C08-AA-004|C08-AA-002,7.0,0.0,0,0,0,,,,9.0,0,1,1,,development,0,0,1.0,G3_campaign,1.0,1,G0_unknown,3,0,,,,,,,,7.0,C08-AA-002,1.1667,3,3,,G3_campaign,G3_campaign,,0
C08-darpa-e5-clearscope-0515,stage,0.6,53,project05_m2,1,7.0,3,C08-AA-002|C08-AA-003|C08-AA-004,7.0,0.0,1,0,0,,,,9.0,0,1,1,,development,0,0,1.0,G3_campaign,1.0,1,G0_unknown,3,0,,,,,,,,7.0,C08-AA-002,0.7,3,3,,G3_campaign,G3_campaign,,0
C08-darpa-e5-clearscope-0515,stage,0.6,53,oracle_optimal,1,7.0,3,C08-AA-002|C08-AA-003|C08-AA-004,7.0,0.0,1,0,0,,,,9.0,0,1,1,,development,0,0,1.0,G3_campaign,1.0,1,G0_unknown,3,0,,,,,,,,7.0,C08-AA-002,0.7,3,3,,G3_campaign,G3_campaign,,0
C08-darpa-e5-clearscope-0515,discriminative,0.2,11,project05_m3star_h3_dual,1,3.0,1,C08-AA-002,3.0,1.0,0,0,0,m3star_graph_action_value_xgboost_v0.3,m3star_graph_action_value_xgboost_v0.3,m3star_graph_action_value_xgboost_v0.3,9.0,0,1,1,1,development,0,0,1.0,G3_campaign,1.0,1,G2_tactic_intent,1,0,1,3,1,1,,8,1,2.0,C08-AA-001,0.0,1,1,1,G3_campaign,G3_campaign,m3star_graph_transition_xgboost_v0.1,0
C08-darpa-e5-clearscope-0515,discriminative,0.2,11,project05_m3star_h3_no_dominance_dual,1,2.0,1,C08-AA-001,2.0,0.0,1,0,0,m3star_graph_action_value_xgboost_v0.3,m3star_graph_action_value_xgboost_v0.3,m3star_graph_action_value_xgboost_v0.3,9.0,0,1,1,0,development,0,0,1.0,G3_campaign,1.0,1,G2_tactic_intent,1,0,1,3,0,1,,8,1,2.0,C08-AA-001,0.0,1,1,0,G3_campaign,G3_campaign,m3star_graph_transition_xgboost_v0.1,0
C08-darpa-e5-clearscope-0515,discriminative,0.2,11,project05_m3star_h3_unshielded_dual,1,3.0,1,C08-AA-002,3.0,1.0,0,0,0,m3star_graph_action_value_xgboost_v0.3,m3star_graph_action_value_xgboost_v0.3,m3star_graph_action_value_xgboost_v0.3,9.0,0,1,1,1,development,0,0,1.0,G3_campaign,1.0,1,G2_tactic_intent,1,0,0,3,1,1,,8,0,2.0,C08-AA-001,0.0,1,1,1,G3_campaign,G3_campaign,m3star_graph_transition_xgboost_v0.1,0
C08-darpa-e5-clearscope-0515,discriminative,0.2,11,project05_m3star_h3_transition_only,1,5.0,2,C08-AA-004|C08-AA-002,5.0,3.0,0,0,0,none,none,none,9.0,0,1,1,1,development,0,0,1.0,G3_campaign,1.0,1,G2_tactic_intent,1,0,1,3,1,0,,8,1,2.0,C08-AA-001,0.6667,1,2,1,G3_campaign,G3_campaign,m3star_graph_transition_xgboost_v0.1,1
C08-darpa-e5-clearscope-0515,discriminative,0.2,11,project05_m3star_h1_dual,1,3.0,1,C08-AA-002,3.0,1.0,0,0,0,m3star_graph_action_value_xgboost_v0.3,m3star_graph_action_value_xgboost_v0.3,m3star_graph_action_value_xgboost_v0.3,9.0,0,1,1,1,development,0,0,1.0,G3_campaign,1.0,1,G2_tactic_intent,1,0,1,1,1,1,,8,1,2.0,C08-AA-001,0.0,1,1,1,G3_campaign,G3_campaign,m3star_graph_transition_xgboost_v0.1,0
C08-darpa-e5-clearscope-0515,discriminative,0.2,11,project05_xgboost_policy,1,3.0,1,C08-AA-002,3.0,1.0,0,0,0,,,,9.0,0,1,1,,development,0,0,1.0,G3_campaign,1.0,1,G2_tactic_intent,1,0,,,,,,,,2.0,C08-AA-001,0.0,1,1,,G3_campaign,G3_campaign,,0
C08-darpa-e5-clearscope-0515,discriminative,0.2,11,project05_m3b_policy,1,5.0,2,C08-AA-004|C08-AA-002,5.0,3.0,0,0,0,,,,9.0,0,1,1,,development,0,0,1.0,G3_campaign,1.0,1,G2_tactic_intent,1,0,,,,,,,,2.0,C08-AA-001,0.6667,1,2,,G3_campaign,G3_campaign,,1
C08-darpa-e5-clearscope-0515,discriminative,0.2,11,project05_m2,1,2.0,1,C08-AA-001,2.0,0.0,1,0,0,,,,9.0,0,1,1,,development,0,0,1.0,G3_campaign,1.0,1,G2_tactic_intent,1,0,,,,,,,,2.0,C08-AA-001,0.0,1,1,,G3_campaign,G3_campaign,,0
C08-darpa-e5-clearscope-0515,discriminative,0.2,11,oracle_optimal,1,2.0,1,C08-AA-001,2.0,0.0,1,0,0,,,,9.0,0,1,1,,development,0,0,1.0,G3_campaign,1.0,1,G2_tactic_intent,1,0,,,,,,,,2.0,C08-AA-001,0.0,1,1,,G3_campaign,G3_campaign,,0
C08-darpa-e5-clearscope-0515,discriminative,0.2,23,project05_m3star_h3_dual,1,3.0,1,C08-AA-002,3.0,1.0,0,0,0,m3star_graph_action_value_xgboost_v0.3,m3star_graph_action_value_xgboost_v0.3,m3star_graph_action_value_xgboost_v0.3,9.0,0,1,1,1,development,0,0,1.0,G3_campaign,1.0,1,G2_tactic_intent,1,0,1,3,1,1,,8,1,2.0,C08-AA-001,0.0,1,1,1,G3_campaign,G3_campaign,m3star_graph_transition_xgboost_v0.1,0
C08-darpa-e5-clearscope-0515,discriminative,0.2,23,project05_m3star_h3_no_dominance_dual,1,2.0,1,C08-AA-001,2.0,0.0,1,0,0,m3star_graph_action_value_xgboost_v0.3,m3star_graph_action_value_xgboost_v0.3,m3star_graph_action_value_xgboost_v0.3,9.0,0,1,1,0,development,0,0,1.0,G3_campaign,1.0,1,G2_tactic_intent,1,0,1,3,0,1,,8,1,2.0,C08-AA-001,0.0,1,1,0,G3_campaign,G3_campaign,m3star_graph_transition_xgboost_v0.1,0
C08-darpa-e5-clearscope-0515,discriminative,0.2,23,project05_m3star_h3_unshielded_dual,1,3.0,1,C08-AA-002,3.0,1.0,0,0,0,m3star_graph_action_value_xgboost_v0.3,m3star_graph_action_value_xgboost_v0.3,m3star_graph_action_value_xgboost_v0.3,9.0,0,1,1,1,development,0,0,1.0,G3_campaign,1.0,1,G2_tactic_intent,1,0,0,3,1,1,,8,0,2.0,C08-AA-001,0.0,1,1,1,G3_campaign,G3_campaign,m3star_graph_transition_xgboost_v0.1,0
C08-darpa-e5-clearscope-0515,discriminative,0.2,23,project05_m3star_h3_transition_only,1,5.0,2,C08-AA-004|C08-AA-002,5.0,3.0,0,0,0,none,none,none,9.0,0,1,1,1,development,0,0,1.0,G3_campaign,1.0,1,G2_tactic_intent,1,0,1,3,1,0,,8,1,2.0,C08-AA-001,0.6667,1,2,1,G3_campaign,G3_campaign,m3star_graph_transition_xgboost_v0.1,1
C08-darpa-e5-clearscope-0515,discriminative,0.2,23,project05_m3star_h1_dual,1,3.0,1,C08-AA-002,3.0,1.0,0,0,0,m3star_graph_action_value_xgboost_v0.3,m3star_graph_action_value_xgboost_v0.3,m3star_graph_action_value_xgboost_v0.3,9.0,0,1,1,1,development,0,0,1.0,G3_campaign,1.0,1,G2_tactic_intent,1,0,1,1,1,1,,8,1,2.0,C08-AA-001,0.0,1,1,1,G3_campaign,G3_campaign,m3star_graph_transition_xgboost_v0.1,0
C08-darpa-e5-clearscope-0515,discriminative,0.2,23,project05_xgboost_policy,1,3.0,1,C08-AA-002,3.0,1.0,0,0,0,,,,9.0,0,1,1,,development,0,0,1.0,G3_campaign,1.0,1,G2_tactic_intent,1,0,,,,,,,,2.0,C08-AA-001,0.0,1,1,,G3_campaign,G3_campaign,,0
C08-darpa-e5-clearscope-0515,discriminative,0.2,23,project05_m3b_policy,1,5.0,2,C08-AA-004|C08-AA-002,5.0,3.0,0,0,0,,,,9.0,0,1,1,,development,0,0,1.0,G3_campaign,1.0,1,G2_tactic_intent,1,0,,,,,,,,2.0,C08-AA-001,0.6667,1,2,,G3_campaign,G3_campaign,,1
C08-darpa-e5-clearscope-0515,discriminative,0.2,23,project05_m2,1,2.0,1,C08-AA-001,2.0,0.0,1,0,0,,,,9.0,0,1,1,,development,0,0,1.0,G3_campaign,1.0,1,G2_tactic_intent,1,0,,,,,,,,2.0,C08-AA-001,0.0,1,1,,G3_campaign,G3_campaign,,0
C08-darpa-e5-clearscope-0515,discriminative,0.2,23,oracle_optimal,1,2.0,1,C08-AA-001,2.0,0.0,1,0,0,,,,9.0,0,1,1,,development,0,0,1.0,G3_campaign,1.0,1,G2_tactic_intent,1,0,,,,,,,,2.0,C08-AA-001,0.0,1,1,,G3_campaign,G3_campaign,,0
C08-darpa-e5-clearscope-0515,discriminative,0.2,37,project05_m3star_h3_dual,1,3.0,1,C08-AA-002,3.0,0.0,1,0,0,m3star_graph_action_value_xgboost_v0.3,m3star_graph_action_value_xgboost_v0.3,m3star_graph_action_value_xgboost_v0.3,9.0,0,1,1,1,development,0,0,1.0,G3_campaign,1.0,1,G2_tactic_intent,1,0,1,3,1,1,,8,1,3.0,C08-AA-002,0.0,1,1,1,G3_campaign,G3_campaign,m3star_graph_transition_xgboost_v0.1,0
C08-darpa-e5-clearscope-0515,discriminative,0.2,37,project05_m3star_h3_no_dominance_dual,1,7.0,3,C08-AA-001|C08-AA-004|C08-AA-002,7.0,4.0,0,0,0,m3star_graph_action_value_xgboost_v0.3,m3star_graph_action_value_xgboost_v0.3,m3star_graph_action_value_xgboost_v0.3,9.0,0,1,1,0,development,0,0,1.0,G3_campaign,1.0,1,G2_tactic_intent,1,0,1,3,0,1,,8,1,3.0,C08-AA-002,0.6667,1,3,0,G3_campaign,G3_campaign,m3star_graph_transition_xgboost_v0.1,2
C08-darpa-e5-clearscope-0515,discriminative,0.2,37,project05_m3star_h3_unshielded_dual,1,3.0,1,C08-AA-002,3.0,0.0,1,0,0,m3star_graph_action_value_xgboost_v0.3,m3star_graph_action_value_xgboost_v0.3,m3star_graph_action_value_xgboost_v0.3,9.0,0,1,1,1,development,0,0,1.0,G3_campaign,1.0,1,G2_tactic_intent,1,0,0,3,1,1,,8,0,3.0,C08-AA-002,0.0,1,1,1,G3_campaign,G3_campaign,m3star_graph_transition_xgboost_v0.1,0
C08-darpa-e5-clearscope-0515,discriminative,0.2,37,project05_m3star_h3_transition_only,1,5.0,2,C08-AA-004|C08-AA-002,5.0,2.0,0,0,0,none,none,none,9.0,0,1,1,1,development,0,0,1.0,G3_campaign,1.0,1,G2_tactic_intent,1,0,1,3,1,0,,8,1,3.0,C08-AA-002,0.6667,1,2,1,G3_campaign,G3_campaign,m3star_graph_transition_xgboost_v0.1,1
C08-darpa-e5-clearscope-0515,discriminative,0.2,37,project05_m3star_h1_dual,1,3.0,1,C08-AA-002,3.0,0.0,1,0,0,m3star_graph_action_value_xgboost_v0.3,m3star_graph_action_value_xgboost_v0.3,m3star_graph_action_value_xgboost_v0.3,9.0,0,1,1,1,development,0,0,1.0,G3_campaign,1.0,1,G2_tactic_intent,1,0,1,1,1,1,,8,1,3.0,C08-AA-002,0.0,1,1,1,G3_campaign,G3_campaign,m3star_graph_transition_xgboost_v0.1,0
C08-darpa-e5-clearscope-0515,discriminative,0.2,37,project05_xgboost_policy,1,3.0,1,C08-AA-002,3.0,0.0,1,0,0,,,,9.0,0,1,1,,development,0,0,1.0,G3_campaign,1.0,1,G2_tactic_intent,1,0,,,,,,,,3.0,C08-AA-002,0.0,1,1,,G3_campaign,G3_campaign,,0
C08-darpa-e5-clearscope-0515,discriminative,0.2,37,project05_m3b_policy,1,5.0,2,C08-AA-004|C08-AA-002,5.0,2.0,0,0,0,,,,9.0,0,1,1,,development,0,0,1.0,G3_campaign,1.0,1,G2_tactic_intent,1,0,,,,,,,,3.0,C08-AA-002,0.6667,1,2,,G3_campaign,G3_campaign,,1
C08-darpa-e5-clearscope-0515,discriminative,0.2,37,project05_m2,1,5.0,2,C08-AA-001|C08-AA-002,5.0,2.0,0,0,0,,,,9.0,0,1,1,,development,0,0,1.0,G3_campaign,1.0,1,G2_tactic_intent,1,0,,,,,,,,3.0,C08-AA-002,0.6667,1,2,,G3_campaign,G3_campaign,,1
C08-darpa-e5-clearscope-0515,discriminative,0.2,37,oracle_optimal,1,3.0,1,C08-AA-002,3.0,0.0,1,0,0,,,,9.0,0,1,1,,development,0,0,1.0,G3_campaign,1.0,1,G2_tactic_intent,1,0,,,,,,,,3.0,C08-AA-002,0.0,1,1,,G3_campaign,G3_campaign,,0
C08-darpa-e5-clearscope-0515,discriminative,0.2,41,project05_m3star_h3_dual,1,3.0,1,C08-AA-002,3.0,1.0,0,0,0,m3star_graph_action_value_xgboost_v0.3,m3star_graph_action_value_xgboost_v0.3,m3star_graph_action_value_xgboost_v0.3,9.0,0,1,1,1,development,0,0,1.0,G3_campaign,1.0,1,G2_tactic_intent,1,0,1,3,1,1,,8,1,2.0,C08-AA-001,0.0,1,1,1,G3_campaign,G3_campaign,m3star_graph_transition_xgboost_v0.1,0
C08-darpa-e5-clearscope-0515,discriminative,0.2,41,project05_m3star_h3_no_dominance_dual,1,2.0,1,C08-AA-001,2.0,0.0,1,0,0,m3star_graph_action_value_xgboost_v0.3,m3star_graph_action_value_xgboost_v0.3,m3star_graph_action_value_xgboost_v0.3,9.0,0,1,1,0,development,0,0,1.0,G3_campaign,1.0,1,G2_tactic_intent,1,0,1,3,0,1,,8,1,2.0,C08-AA-001,0.0,1,1,0,G3_campaign,G3_campaign,m3star_graph_transition_xgboost_v0.1,0
C08-darpa-e5-clearscope-0515,discriminative,0.2,41,project05_m3star_h3_unshielded_dual,1,3.0,1,C08-AA-002,3.0,1.0,0,0,0,m3star_graph_action_value_xgboost_v0.3,m3star_graph_action_value_xgboost_v0.3,m3star_graph_action_value_xgboost_v0.3,9.0,0,1,1,1,development,0,0,1.0,G3_campaign,1.0,1,G2_tactic_intent,1,0,0,3,1,1,,8,0,2.0,C08-AA-001,0.0,1,1,1,G3_campaign,G3_campaign,m3star_graph_transition_xgboost_v0.1,0
C08-darpa-e5-clearscope-0515,discriminative,0.2,41,project05_m3star_h3_transition_only,1,5.0,2,C08-AA-004|C08-AA-002,5.0,3.0,0,0,0,none,none,none,9.0,0,1,1,1,development,0,0,1.0,G3_campaign,1.0,1,G2_tactic_intent,1,0,1,3,1,0,,8,1,2.0,C08-AA-001,0.6667,1,2,1,G3_campaign,G3_campaign,m3star_graph_transition_xgboost_v0.1,1
C08-darpa-e5-clearscope-0515,discriminative,0.2,41,project05_m3star_h1_dual,1,3.0,1,C08-AA-002,3.0,1.0,0,0,0,m3star_graph_action_value_xgboost_v0.3,m3star_graph_action_value_xgboost_v0.3,m3star_graph_action_value_xgboost_v0.3,9.0,0,1,1,1,development,0,0,1.0,G3_campaign,1.0,1,G2_tactic_intent,1,0,1,1,1,1,,8,1,2.0,C08-AA-001,0.0,1,1,1,G3_campaign,G3_campaign,m3star_graph_transition_xgboost_v0.1,0
C08-darpa-e5-clearscope-0515,discriminative,0.2,41,project05_xgboost_policy,1,3.0,1,C08-AA-002,3.0,1.0,0,0,0,,,,9.0,0,1,1,,development,0,0,1.0,G3_campaign,1.0,1,G2_tactic_intent,1,0,,,,,,,,2.0,C08-AA-001,0.0,1,1,,G3_campaign,G3_campaign,,0
C08-darpa-e5-clearscope-0515,discriminative,0.2,41,project05_m3b_policy,1,5.0,2,C08-AA-004|C08-AA-002,5.0,3.0,0,0,0,,,,9.0,0,1,1,,development,0,0,1.0,G3_campaign,1.0,1,G2_tactic_intent,1,0,,,,,,,,2.0,C08-AA-001,0.6667,1,2,,G3_campaign,G3_campaign,,1
C08-darpa-e5-clearscope-0515,discriminative,0.2,41,project05_m2,1,2.0,1,C08-AA-001,2.0,0.0,1,0,0,,,,9.0,0,1,1,,development,0,0,1.0,G3_campaign,1.0,1,G2_tactic_intent,1,0,,,,,,,,2.0,C08-AA-001,0.0,1,1,,G3_campaign,G3_campaign,,0
C08-darpa-e5-clearscope-0515,discriminative,0.2,41,oracle_optimal,1,2.0,1,C08-AA-001,2.0,0.0,1,0,0,,,,9.0,0,1,1,,development,0,0,1.0,G3_campaign,1.0,1,G2_tactic_intent,1,0,,,,,,,,2.0,C08-AA-001,0.0,1,1,,G3_campaign,G3_campaign,,0
C08-darpa-e5-clearscope-0515,discriminative,0.2,53,project05_m3star_h3_dual,1,3.0,1,C08-AA-002,3.0,0.0,1,0,0,m3star_graph_action_value_xgboost_v0.3,m3star_graph_action_value_xgboost_v0.3,m3star_graph_action_value_xgboost_v0.3,9.0,0,1,1,1,development,0,0,1.0,G3_campaign,1.0,1,G2_tactic_intent,1,0,1,3,1,1,,8,1,3.0,C08-AA-002,0.0,1,1,1,G3_campaign,G3_campaign,m3star_graph_transition_xgboost_v0.1,0
C08-darpa-e5-clearscope-0515,discriminative,0.2,53,project05_m3star_h3_no_dominance_dual,1,7.0,3,C08-AA-001|C08-AA-004|C08-AA-002,7.0,4.0,0,0,0,m3star_graph_action_value_xgboost_v0.3,m3star_graph_action_value_xgboost_v0.3,m3star_graph_action_value_xgboost_v0.3,9.0,0,1,1,0,development,0,0,1.0,G3_campaign,1.0,1,G2_tactic_intent,1,0,1,3,0,1,,8,1,3.0,C08-AA-002,0.6667,1,3,0,G3_campaign,G3_campaign,m3star_graph_transition_xgboost_v0.1,2
C08-darpa-e5-clearscope-0515,discriminative,0.2,53,project05_m3star_h3_unshielded_dual,1,3.0,1,C08-AA-002,3.0,0.0,1,0,0,m3star_graph_action_value_xgboost_v0.3,m3star_graph_action_value_xgboost_v0.3,m3star_graph_action_value_xgboost_v0.3,9.0,0,1,1,1,development,0,0,1.0,G3_campaign,1.0,1,G2_tactic_intent,1,0,0,3,1,1,,8,0,3.0,C08-AA-002,0.0,1,1,1,G3_campaign,G3_campaign,m3star_graph_transition_xgboost_v0.1,0
C08-darpa-e5-clearscope-0515,discriminative,0.2,53,project05_m3star_h3_transition_only,1,5.0,2,C08-AA-004|C08-AA-002,5.0,2.0,0,0,0,none,none,none,9.0,0,1,1,1,development,0,0,1.0,G3_campaign,1.0,1,G2_tactic_intent,1,0,1,3,1,0,,8,1,3.0,C08-AA-002,0.6667,1,2,1,G3_campaign,G3_campaign,m3star_graph_transition_xgboost_v0.1,1
C08-darpa-e5-clearscope-0515,discriminative,0.2,53,project05_m3star_h1_dual,1,3.0,1,C08-AA-002,3.0,0.0,1,0,0,m3star_graph_action_value_xgboost_v0.3,m3star_graph_action_value_xgboost_v0.3,m3star_graph_action_value_xgboost_v0.3,9.0,0,1,1,1,development,0,0,1.0,G3_campaign,1.0,1,G2_tactic_intent,1,0,1,1,1,1,,8,1,3.0,C08-AA-002,0.0,1,1,1,G3_campaign,G3_campaign,m3star_graph_transition_xgboost_v0.1,0
C08-darpa-e5-clearscope-0515,discriminative,0.2,53,project05_xgboost_policy,1,3.0,1,C08-AA-002,3.0,0.0,1,0,0,,,,9.0,0,1,1,,development,0,0,1.0,G3_campaign,1.0,1,G2_tactic_intent,1,0,,,,,,,,3.0,C08-AA-002,0.0,1,1,,G3_campaign,G3_campaign,,0
C08-darpa-e5-clearscope-0515,discriminative,0.2,53,project05_m3b_policy,1,5.0,2,C08-AA-004|C08-AA-002,5.0,2.0,0,0,0,,,,9.0,0,1,1,,development,0,0,1.0,G3_campaign,1.0,1,G2_tactic_intent,1,0,,,,,,,,3.0,C08-AA-002,0.6667,1,2,,G3_campaign,G3_campaign,,1
C08-darpa-e5-clearscope-0515,discriminative,0.2,53,project05_m2,1,5.0,2,C08-AA-001|C08-AA-002,5.0,2.0,0,0,0,,,,9.0,0,1,1,,development,0,0,1.0,G3_campaign,1.0,1,G2_tactic_intent,1,0,,,,,,,,3.0,C08-AA-002,0.6667,1,2,,G3_campaign,G3_campaign,,1
C08-darpa-e5-clearscope-0515,discriminative,0.2,53,oracle_optimal,1,3.0,1,C08-AA-002,3.0,0.0,1,0,0,,,,9.0,0,1,1,,development,0,0,1.0,G3_campaign,1.0,1,G2_tactic_intent,1,0,,,,,,,,3.0,C08-AA-002,0.0,1,1,,G3_campaign,G3_campaign,,0
C08-darpa-e5-clearscope-0515,discriminative,0.4,11,project05_m3star_h3_dual,1,5.0,2,C08-AA-002|C08-AA-003,5.0,1.0,0,0,0,m3star_graph_action_value_xgboost_v0.3,m3star_graph_action_value_xgboost_v0.3,m3star_graph_action_value_xgboost_v0.3,9.0,0,1,1,0,development,0,0,1.0,G3_campaign,1.0,1,G1_technique,2,0,1,3,1,1,,8,1,4.0,C08-AA-001,0.2,2,2,1,G3_campaign,G3_campaign,m3star_graph_transition_xgboost_v0.1,0
C08-darpa-e5-clearscope-0515,discriminative,0.4,11,project05_m3star_h3_no_dominance_dual,1,5.0,2,C08-AA-002|C08-AA-003,5.0,1.0,0,0,0,m3star_graph_action_value_xgboost_v0.3,m3star_graph_action_value_xgboost_v0.3,m3star_graph_action_value_xgboost_v0.3,9.0,0,1,1,0,development,0,0,1.0,G3_campaign,1.0,1,G1_technique,2,0,1,3,0,1,,8,1,4.0,C08-AA-001,0.2,2,2,0,G3_campaign,G3_campaign,m3star_graph_transition_xgboost_v0.1,0
C08-darpa-e5-clearscope-0515,discriminative,0.4,11,project05_m3star_h3_unshielded_dual,1,5.0,2,C08-AA-002|C08-AA-003,5.0,1.0,0,0,0,m3star_graph_action_value_xgboost_v0.3,m3star_graph_action_value_xgboost_v0.3,m3star_graph_action_value_xgboost_v0.3,9.0,0,1,1,1,development,0,0,1.0,G3_campaign,1.0,1,G1_technique,2,0,0,3,1,1,,8,0,4.0,C08-AA-001,0.2,2,2,1,G3_campaign,G3_campaign,m3star_graph_transition_xgboost_v0.1,0
C08-darpa-e5-clearscope-0515,discriminative,0.4,11,project05_m3star_h3_transition_only,1,5.0,2,C08-AA-002|C08-AA-003,5.0,1.0,0,0,0,none,none,none,9.0,0,1,1,0,development,0,0,1.0,G3_campaign,1.0,1,G1_technique,2,0,1,3,1,0,,8,1,4.0,C08-AA-001,0.2,2,2,1,G3_campaign,G3_campaign,m3star_graph_transition_xgboost_v0.1,0
C08-darpa-e5-clearscope-0515,discriminative,0.4,11,project05_m3star_h1_dual,1,5.0,2,C08-AA-002|C08-AA-003,5.0,1.0,0,0,0,m3star_graph_action_value_xgboost_v0.3,m3star_graph_action_value_xgboost_v0.3,m3star_graph_action_value_xgboost_v0.3,9.0,0,1,1,0,development,0,0,1.0,G3_campaign,1.0,1,G1_technique,2,0,1,1,1,1,,8,1,4.0,C08-AA-001,0.2,2,2,1,G3_campaign,G3_campaign,m3star_graph_transition_xgboost_v0.1,0
C08-darpa-e5-clearscope-0515,discriminative,0.4,11,project05_xgboost_policy,1,5.0,2,C08-AA-002|C08-AA-003,5.0,1.0,0,0,0,,,,9.0,0,1,1,,development,0,0,1.0,G3_campaign,1.0,1,G1_technique,2,0,,,,,,,,4.0,C08-AA-001,0.2,2,2,,G3_campaign,G3_campaign,,0
C08-darpa-e5-clearscope-0515,discriminative,0.4,11,project05_m3b_policy,1,5.0,2,C08-AA-002|C08-AA-003,5.0,1.0,0,0,0,,,,9.0,0,1,1,,development,0,0,1.0,G3_campaign,1.0,1,G1_technique,2,0,,,,,,,,4.0,C08-AA-001,0.2,2,2,,G3_campaign,G3_campaign,,0
C08-darpa-e5-clearscope-0515,discriminative,0.4,11,project05_m2,1,4.0,2,C08-AA-001|C08-AA-003,4.0,0.0,1,0,0,,,,9.0,0,1,1,,development,0,0,1.0,G3_campaign,1.0,1,G1_technique,2,0,,,,,,,,4.0,C08-AA-001,0.0,2,2,,G3_campaign,G3_campaign,,0
C08-darpa-e5-clearscope-0515,discriminative,0.4,11,oracle_optimal,1,4.0,2,C08-AA-001|C08-AA-003,4.0,0.0,1,0,0,,,,9.0,0,1,1,,development,0,0,1.0,G3_campaign,1.0,1,G1_technique,2,0,,,,,,,,4.0,C08-AA-001,0.0,2,2,,G3_campaign,G3_campaign,,0
C08-darpa-e5-clearscope-0515,discriminative,0.4,23,project05_m3star_h3_dual,1,5.0,2,C08-AA-002|C08-AA-003,5.0,1.0,0,0,0,m3star_graph_action_value_xgboost_v0.3,m3star_graph_action_value_xgboost_v0.3,m3star_graph_action_value_xgboost_v0.3,9.0,0,1,1,0,development,0,0,1.0,G3_campaign,1.0,1,G1_technique,2,0,1,3,1,1,,8,1,4.0,C08-AA-001,0.2,2,2,1,G3_campaign,G3_campaign,m3star_graph_transition_xgboost_v0.1,0
C08-darpa-e5-clearscope-0515,discriminative,0.4,23,project05_m3star_h3_no_dominance_dual,1,5.0,2,C08-AA-002|C08-AA-003,5.0,1.0,0,0,0,m3star_graph_action_value_xgboost_v0.3,m3star_graph_action_value_xgboost_v0.3,m3star_graph_action_value_xgboost_v0.3,9.0,0,1,1,0,development,0,0,1.0,G3_campaign,1.0,1,G1_technique,2,0,1,3,0,1,,8,1,4.0,C08-AA-001,0.2,2,2,0,G3_campaign,G3_campaign,m3star_graph_transition_xgboost_v0.1,0
C08-darpa-e5-clearscope-0515,discriminative,0.4,23,project05_m3star_h3_unshielded_dual,1,5.0,2,C08-AA-002|C08-AA-003,5.0,1.0,0,0,0,m3star_graph_action_value_xgboost_v0.3,m3star_graph_action_value_xgboost_v0.3,m3star_graph_action_value_xgboost_v0.3,9.0,0,1,1,1,development,0,0,1.0,G3_campaign,1.0,1,G1_technique,2,0,0,3,1,1,,8,0,4.0,C08-AA-001,0.2,2,2,1,G3_campaign,G3_campaign,m3star_graph_transition_xgboost_v0.1,0
C08-darpa-e5-clearscope-0515,discriminative,0.4,23,project05_m3star_h3_transition_only,1,5.0,2,C08-AA-002|C08-AA-003,5.0,1.0,0,0,0,none,none,none,9.0,0,1,1,0,development,0,0,1.0,G3_campaign,1.0,1,G1_technique,2,0,1,3,1,0,,8,1,4.0,C08-AA-001,0.2,2,2,1,G3_campaign,G3_campaign,m3star_graph_transition_xgboost_v0.1,0
C08-darpa-e5-clearscope-0515,discriminative,0.4,23,project05_m3star_h1_dual,1,5.0,2,C08-AA-002|C08-AA-003,5.0,1.0,0,0,0,m3star_graph_action_value_xgboost_v0.3,m3star_graph_action_value_xgboost_v0.3,m3star_graph_action_value_xgboost_v0.3,9.0,0,1,1,0,development,0,0,1.0,G3_campaign,1.0,1,G1_technique,2,0,1,1,1,1,,8,1,4.0,C08-AA-001,0.2,2,2,1,G3_campaign,G3_campaign,m3star_graph_transition_xgboost_v0.1,0
C08-darpa-e5-clearscope-0515,discriminative,0.4,23,project05_xgboost_policy,1,5.0,2,C08-AA-002|C08-AA-003,5.0,1.0,0,0,0,,,,9.0,0,1,1,,development,0,0,1.0,G3_campaign,1.0,1,G1_technique,2,0,,,,,,,,4.0,C08-AA-001,0.2,2,2,,G3_campaign,G3_campaign,,0
C08-darpa-e5-clearscope-0515,discriminative,0.4,23,project05_m3b_policy,1,5.0,2,C08-AA-002|C08-AA-003,5.0,1.0,0,0,0,,,,9.0,0,1,1,,development,0,0,1.0,G3_campaign,1.0,1,G1_technique,2,0,,,,,,,,4.0,C08-AA-001,0.2,2,2,,G3_campaign,G3_campaign,,0
C08-darpa-e5-clearscope-0515,discriminative,0.4,23,project05_m2,1,4.0,2,C08-AA-001|C08-AA-003,4.0,0.0,1,0,0,,,,9.0,0,1,1,,development,0,0,1.0,G3_campaign,1.0,1,G1_technique,2,0,,,,,,,,4.0,C08-AA-001,0.0,2,2,,G3_campaign,G3_campaign,,0
C08-darpa-e5-clearscope-0515,discriminative,0.4,23,oracle_optimal,1,4.0,2,C08-AA-001|C08-AA-003,4.0,0.0,1,0,0,,,,9.0,0,1,1,,development,0,0,1.0,G3_campaign,1.0,1,G1_technique,2,0,,,,,,,,4.0,C08-AA-001,0.0,2,2,,G3_campaign,G3_campaign,,0
C08-darpa-e5-clearscope-0515,discriminative,0.4,37,project05_m3star_h3_dual,1,5.0,2,C08-AA-002|C08-AA-003,5.0,0.0,1,0,0,m3star_graph_action_value_xgboost_v0.3,m3star_graph_action_value_xgboost_v0.3,m3star_graph_action_value_xgboost_v0.3,9.0,0,1,1,0,development,0,0,1.0,G3_campaign,1.0,1,G1_technique,2,0,1,3,1,1,,8,1,5.0,C08-AA-002,0.2,2,2,1,G3_campaign,G3_campaign,m3star_graph_transition_xgboost_v0.1,0
C08-darpa-e5-clearscope-0515,discriminative,0.4,37,project05_m3star_h3_no_dominance_dual,1,5.0,2,C08-AA-002|C08-AA-003,5.0,0.0,1,0,0,m3star_graph_action_value_xgboost_v0.3,m3star_graph_action_value_xgboost_v0.3,m3star_graph_action_value_xgboost_v0.3,9.0,0,1,1,0,development,0,0,1.0,G3_campaign,1.0,1,G1_technique,2,0,1,3,0,1,,8,1,5.0,C08-AA-002,0.2,2,2,0,G3_campaign,G3_campaign,m3star_graph_transition_xgboost_v0.1,0
C08-darpa-e5-clearscope-0515,discriminative,0.4,37,project05_m3star_h3_unshielded_dual,1,5.0,2,C08-AA-002|C08-AA-003,5.0,0.0,1,0,0,m3star_graph_action_value_xgboost_v0.3,m3star_graph_action_value_xgboost_v0.3,m3star_graph_action_value_xgboost_v0.3,9.0,0,1,1,1,development,0,0,1.0,G3_campaign,1.0,1,G1_technique,2,0,0,3,1,1,,8,0,5.0,C08-AA-002,0.2,2,2,1,G3_campaign,G3_campaign,m3star_graph_transition_xgboost_v0.1,0
C08-darpa-e5-clearscope-0515,discriminative,0.4,37,project05_m3star_h3_transition_only,1,5.0,2,C08-AA-002|C08-AA-003,5.0,0.0,1,0,0,none,none,none,9.0,0,1,1,0,development,0,0,1.0,G3_campaign,1.0,1,G1_technique,2,0,1,3,1,0,,8,1,5.0,C08-AA-002,0.2,2,2,1,G3_campaign,G3_campaign,m3star_graph_transition_xgboost_v0.1,0
C08-darpa-e5-clearscope-0515,discriminative,0.4,37,project05_m3star_h1_dual,1,5.0,2,C08-AA-002|C08-AA-003,5.0,0.0,1,0,0,m3star_graph_action_value_xgboost_v0.3,m3star_graph_action_value_xgboost_v0.3,m3star_graph_action_value_xgboost_v0.3,9.0,0,1,1,0,development,0,0,1.0,G3_campaign,1.0,1,G1_technique,2,0,1,1,1,1,,8,1,5.0,C08-AA-002,0.2,2,2,1,G3_campaign,G3_campaign,m3star_graph_transition_xgboost_v0.1,0
C08-darpa-e5-clearscope-0515,discriminative,0.4,37,project05_xgboost_policy,1,5.0,2,C08-AA-002|C08-AA-003,5.0,0.0,1,0,0,,,,9.0,0,1,1,,development,0,0,1.0,G3_campaign,1.0,1,G1_technique,2,0,,,,,,,,5.0,C08-AA-002,0.2,2,2,,G3_campaign,G3_campaign,,0
C08-darpa-e5-clearscope-0515,discriminative,0.4,37,project05_m3b_policy,1,5.0,2,C08-AA-002|C08-AA-003,5.0,0.0,1,0,0,,,,9.0,0,1,1,,development,0,0,1.0,G3_campaign,1.0,1,G1_technique,2,0,,,,,,,,5.0,C08-AA-002,0.2,2,2,,G3_campaign,G3_campaign,,0
C08-darpa-e5-clearscope-0515,discriminative,0.4,37,project05_m2,1,7.0,3,C08-AA-001|C08-AA-003|C08-AA-002,7.0,2.0,0,0,0,,,,9.0,0,1,1,,development,0,0,1.0,G3_campaign,1.0,1,G1_technique,2,0,,,,,,,,5.0,C08-AA-002,0.6667,2,3,,G3_campaign,G3_campaign,,1
C08-darpa-e5-clearscope-0515,discriminative,0.4,37,oracle_optimal,1,5.0,2,C08-AA-002|C08-AA-003,5.0,0.0,1,0,0,,,,9.0,0,1,1,,development,0,0,1.0,G3_campaign,1.0,1,G1_technique,2,0,,,,,,,,5.0,C08-AA-002,0.2,2,2,,G3_campaign,G3_campaign,,0
C08-darpa-e5-clearscope-0515,discriminative,0.4,41,project05_m3star_h3_dual,1,5.0,2,C08-AA-002|C08-AA-003,5.0,1.0,0,0,0,m3star_graph_action_value_xgboost_v0.3,m3star_graph_action_value_xgboost_v0.3,m3star_graph_action_value_xgboost_v0.3,9.0,0,1,1,0,development,0,0,1.0,G3_campaign,1.0,1,G1_technique,2,0,1,3,1,1,,8,1,4.0,C08-AA-001,0.2,2,2,1,G3_campaign,G3_campaign,m3star_graph_transition_xgboost_v0.1,0
C08-darpa-e5-clearscope-0515,discriminative,0.4,41,project05_m3star_h3_no_dominance_dual,1,5.0,2,C08-AA-002|C08-AA-003,5.0,1.0,0,0,0,m3star_graph_action_value_xgboost_v0.3,m3star_graph_action_value_xgboost_v0.3,m3star_graph_action_value_xgboost_v0.3,9.0,0,1,1,0,development,0,0,1.0,G3_campaign,1.0,1,G1_technique,2,0,1,3,0,1,,8,1,4.0,C08-AA-001,0.2,2,2,0,G3_campaign,G3_campaign,m3star_graph_transition_xgboost_v0.1,0
C08-darpa-e5-clearscope-0515,discriminative,0.4,41,project05_m3star_h3_unshielded_dual,1,5.0,2,C08-AA-002|C08-AA-003,5.0,1.0,0,0,0,m3star_graph_action_value_xgboost_v0.3,m3star_graph_action_value_xgboost_v0.3,m3star_graph_action_value_xgboost_v0.3,9.0,0,1,1,1,development,0,0,1.0,G3_campaign,1.0,1,G1_technique,2,0,0,3,1,1,,8,0,4.0,C08-AA-001,0.2,2,2,1,G3_campaign,G3_campaign,m3star_graph_transition_xgboost_v0.1,0
C08-darpa-e5-clearscope-0515,discriminative,0.4,41,project05_m3star_h3_transition_only,1,5.0,2,C08-AA-002|C08-AA-003,5.0,1.0,0,0,0,none,none,none,9.0,0,1,1,0,development,0,0,1.0,G3_campaign,1.0,1,G1_technique,2,0,1,3,1,0,,8,1,4.0,C08-AA-001,0.2,2,2,1,G3_campaign,G3_campaign,m3star_graph_transition_xgboost_v0.1,0
C08-darpa-e5-clearscope-0515,discriminative,0.4,41,project05_m3star_h1_dual,1,5.0,2,C08-AA-002|C08-AA-003,5.0,1.0,0,0,0,m3star_graph_action_value_xgboost_v0.3,m3star_graph_action_value_xgboost_v0.3,m3star_graph_action_value_xgboost_v0.3,9.0,0,1,1,0,development,0,0,1.0,G3_campaign,1.0,1,G1_technique,2,0,1,1,1,1,,8,1,4.0,C08-AA-001,0.2,2,2,1,G3_campaign,G3_campaign,m3star_graph_transition_xgboost_v0.1,0
C08-darpa-e5-clearscope-0515,discriminative,0.4,41,project05_xgboost_policy,1,5.0,2,C08-AA-002|C08-AA-003,5.0,1.0,0,0,0,,,,9.0,0,1,1,,development,0,0,1.0,G3_campaign,1.0,1,G1_technique,2,0,,,,,,,,4.0,C08-AA-001,0.2,2,2,,G3_campaign,G3_campaign,,0
C08-darpa-e5-clearscope-0515,discriminative,0.4,41,project05_m3b_policy,1,5.0,2,C08-AA-002|C08-AA-003,5.0,1.0,0,0,0,,,,9.0,0,1,1,,development,0,0,1.0,G3_campaign,1.0,1,G1_technique,2,0,,,,,,,,4.0,C08-AA-001,0.2,2,2,,G3_campaign,G3_campaign,,0
C08-darpa-e5-clearscope-0515,discriminative,0.4,41,project05_m2,1,4.0,2,C08-AA-001|C08-AA-003,4.0,0.0,1,0,0,,,,9.0,0,1,1,,development,0,0,1.0,G3_campaign,1.0,1,G1_technique,2,0,,,,,,,,4.0,C08-AA-001,0.0,2,2,,G3_campaign,G3_campaign,,0
C08-darpa-e5-clearscope-0515,discriminative,0.4,41,oracle_optimal,1,4.0,2,C08-AA-001|C08-AA-003,4.0,0.0,1,0,0,,,,9.0,0,1,1,,development,0,0,1.0,G3_campaign,1.0,1,G1_technique,2,0,,,,,,,,4.0,C08-AA-001,0.0,2,2,,G3_campaign,G3_campaign,,0
C08-darpa-e5-clearscope-0515,discriminative,0.4,53,project05_m3star_h3_dual,1,5.0,2,C08-AA-002|C08-AA-003,5.0,0.0,1,0,0,m3star_graph_action_value_xgboost_v0.3,m3star_graph_action_value_xgboost_v0.3,m3star_graph_action_value_xgboost_v0.3,9.0,0,1,1,0,development,0,0,1.0,G3_campaign,1.0,1,G1_technique,2,0,1,3,1,1,,8,1,5.0,C08-AA-002,0.2,2,2,1,G3_campaign,G3_campaign,m3star_graph_transition_xgboost_v0.1,0
C08-darpa-e5-clearscope-0515,discriminative,0.4,53,project05_m3star_h3_no_dominance_dual,1,5.0,2,C08-AA-002|C08-AA-003,5.0,0.0,1,0,0,m3star_graph_action_value_xgboost_v0.3,m3star_graph_action_value_xgboost_v0.3,m3star_graph_action_value_xgboost_v0.3,9.0,0,1,1,0,development,0,0,1.0,G3_campaign,1.0,1,G1_technique,2,0,1,3,0,1,,8,1,5.0,C08-AA-002,0.2,2,2,0,G3_campaign,G3_campaign,m3star_graph_transition_xgboost_v0.1,0
C08-darpa-e5-clearscope-0515,discriminative,0.4,53,project05_m3star_h3_unshielded_dual,1,5.0,2,C08-AA-002|C08-AA-003,5.0,0.0,1,0,0,m3star_graph_action_value_xgboost_v0.3,m3star_graph_action_value_xgboost_v0.3,m3star_graph_action_value_xgboost_v0.3,9.0,0,1,1,1,development,0,0,1.0,G3_campaign,1.0,1,G1_technique,2,0,0,3,1,1,,8,0,5.0,C08-AA-002,0.2,2,2,1,G3_campaign,G3_campaign,m3star_graph_transition_xgboost_v0.1,0
C08-darpa-e5-clearscope-0515,discriminative,0.4,53,project05_m3star_h3_transition_only,1,5.0,2,C08-AA-002|C08-AA-003,5.0,0.0,1,0,0,none,none,none,9.0,0,1,1,0,development,0,0,1.0,G3_campaign,1.0,1,G1_technique,2,0,1,3,1,0,,8,1,5.0,C08-AA-002,0.2,2,2,1,G3_campaign,G3_campaign,m3star_graph_transition_xgboost_v0.1,0
C08-darpa-e5-clearscope-0515,discriminative,0.4,53,project05_m3star_h1_dual,1,5.0,2,C08-AA-002|C08-AA-003,5.0,0.0,1,0,0,m3star_graph_action_value_xgboost_v0.3,m3star_graph_action_value_xgboost_v0.3,m3star_graph_action_value_xgboost_v0.3,9.0,0,1,1,0,development,0,0,1.0,G3_campaign,1.0,1,G1_technique,2,0,1,1,1,1,,8,1,5.0,C08-AA-002,0.2,2,2,1,G3_campaign,G3_campaign,m3star_graph_transition_xgboost_v0.1,0
C08-darpa-e5-clearscope-0515,discriminative,0.4,53,project05_xgboost_policy,1,5.0,2,C08-AA-002|C08-AA-003,5.0,0.0,1,0,0,,,,9.0,0,1,1,,development,0,0,1.0,G3_campaign,1.0,1,G1_technique,2,0,,,,,,,,5.0,C08-AA-002,0.2,2,2,,G3_campaign,G3_campaign,,0
C08-darpa-e5-clearscope-0515,discriminative,0.4,53,project05_m3b_policy,1,5.0,2,C08-AA-002|C08-AA-003,5.0,0.0,1,0,0,,,,9.0,0,1,1,,development,0,0,1.0,G3_campaign,1.0,1,G1_technique,2,0,,,,,,,,5.0,C08-AA-002,0.2,2,2,,G3_campaign,G3_campaign,,0
C08-darpa-e5-clearscope-0515,discriminative,0.4,53,project05_m2,1,7.0,3,C08-AA-001|C08-AA-003|C08-AA-002,7.0,2.0,0,0,0,,,,9.0,0,1,1,,development,0,0,1.0,G3_campaign,1.0,1,G1_technique,2,0,,,,,,,,5.0,C08-AA-002,0.6667,2,3,,G3_campaign,G3_campaign,,1
C08-darpa-e5-clearscope-0515,discriminative,0.4,53,oracle_optimal,1,5.0,2,C08-AA-002|C08-AA-003,5.0,0.0,1,0,0,,,,9.0,0,1,1,,development,0,0,1.0,G3_campaign,1.0,1,G1_technique,2,0,,,,,,,,5.0,C08-AA-002,0.2,2,2,,G3_campaign,G3_campaign,,0
C08-darpa-e5-clearscope-0515,discriminative,0.6,11,project05_m3star_h3_dual,1,7.0,3,C08-AA-003|C08-AA-004|C08-AA-002,7.0,1.0,0,0,0,m3star_graph_action_value_xgboost_v0.3,m3star_graph_action_value_xgboost_v0.3,m3star_graph_action_value_xgboost_v0.3,9.0,0,1,1,1,development,0,0,1.0,G3_campaign,1.0,1,G0_unknown,3,0,1,3,1,1,,8,1,6.0,C08-AA-001,1.1667,3,3,1,G3_campaign,G3_campaign,m3star_graph_transition_xgboost_v0.1,0
C08-darpa-e5-clearscope-0515,discriminative,0.6,11,project05_m3star_h3_no_dominance_dual,1,6.0,3,C08-AA-003|C08-AA-004|C08-AA-001,6.0,0.0,0,0,0,m3star_graph_action_value_xgboost_v0.3,m3star_graph_action_value_xgboost_v0.3,m3star_graph_action_value_xgboost_v0.3,9.0,0,1,1,0,development,0,0,1.0,G3_campaign,1.0,1,G0_unknown,3,0,1,3,0,1,,8,1,6.0,C08-AA-001,0.5,3,3,0,G3_campaign,G3_campaign,m3star_graph_transition_xgboost_v0.1,0
C08-darpa-e5-clearscope-0515,discriminative,0.6,11,project05_m3star_h3_unshielded_dual,1,7.0,3,C08-AA-003|C08-AA-004|C08-AA-002,7.0,1.0,0,0,0,m3star_graph_action_value_xgboost_v0.3,m3star_graph_action_value_xgboost_v0.3,m3star_graph_action_value_xgboost_v0.3,9.0,0,1,1,1,development,0,0,1.0,G3_campaign,1.0,1,G0_unknown,3,0,0,3,1,1,,8,0,6.0,C08-AA-001,1.1667,3,3,1,G3_campaign,G3_campaign,m3star_graph_transition_xgboost_v0.1,0
C08-darpa-e5-clearscope-0515,discriminative,0.6,11,project05_m3star_h3_transition_only,1,7.0,3,C08-AA-003|C08-AA-004|C08-AA-002,7.0,1.0,0,0,0,none,none,none,9.0,0,1,1,1,development,0,0,1.0,G3_campaign,1.0,1,G0_unknown,3,0,1,3,1,0,,8,1,6.0,C08-AA-001,1.1667,3,3,1,G3_campaign,G3_campaign,m3star_graph_transition_xgboost_v0.1,0
C08-darpa-e5-clearscope-0515,discriminative,0.6,11,project05_m3star_h1_dual,1,7.0,3,C08-AA-003|C08-AA-004|C08-AA-002,7.0,1.0,0,0,0,m3star_graph_action_value_xgboost_v0.3,m3star_graph_action_value_xgboost_v0.3,m3star_graph_action_value_xgboost_v0.3,9.0,0,1,1,1,development,0,0,1.0,G3_campaign,1.0,1,G0_unknown,3,0,1,1,1,1,,8,1,6.0,C08-AA-001,1.1667,3,3,1,G3_campaign,G3_campaign,m3star_graph_transition_xgboost_v0.1,0
C08-darpa-e5-clearscope-0515,discriminative,0.6,11,project05_xgboost_policy,1,7.0,3,C08-AA-004|C08-AA-002|C08-AA-003,7.0,1.0,0,0,0,,,,9.0,0,1,1,,development,0,0,1.0,G3_campaign,1.0,1,G0_unknown,3,0,,,,,,,,6.0,C08-AA-001,1.1667,3,3,,G3_campaign,G3_campaign,,0
C08-darpa-e5-clearscope-0515,discriminative,0.6,11,project05_m3b_policy,1,7.0,3,C08-AA-003|C08-AA-004|C08-AA-002,7.0,1.0,0,0,0,,,,9.0,0,1,1,,development,0,0,1.0,G3_campaign,1.0,1,G0_unknown,3,0,,,,,,,,6.0,C08-AA-001,1.1667,3,3,,G3_campaign,G3_campaign,,0
C08-darpa-e5-clearscope-0515,discriminative,0.6,11,project05_m2,1,7.0,3,C08-AA-002|C08-AA-003|C08-AA-004,7.0,1.0,0,0,0,,,,9.0,0,1,1,,development,0,0,1.0,G3_campaign,1.0,1,G0_unknown,3,0,,,,,,,,6.0,C08-AA-001,0.7,3,3,,G3_campaign,G3_campaign,,0
C08-darpa-e5-clearscope-0515,discriminative,0.6,11,oracle_optimal,1,6.0,3,C08-AA-001|C08-AA-003|C08-AA-004,6.0,0.0,1,0,0,,,,9.0,0,1,1,,development,0,0,1.0,G3_campaign,1.0,1,G0_unknown,3,0,,,,,,,,6.0,C08-AA-001,0.5,3,3,,G3_campaign,G3_campaign,,0
C08-darpa-e5-clearscope-0515,discriminative,0.6,23,project05_m3star_h3_dual,1,7.0,3,C08-AA-003|C08-AA-004|C08-AA-002,7.0,1.0,0,0,0,m3star_graph_action_value_xgboost_v0.3,m3star_graph_action_value_xgboost_v0.3,m3star_graph_action_value_xgboost_v0.3,9.0,0,1,1,1,development,0,0,1.0,G3_campaign,1.0,1,G0_unknown,3,0,1,3,1,1,,8,1,6.0,C08-AA-001,1.1667,3,3,1,G3_campaign,G3_campaign,m3star_graph_transition_xgboost_v0.1,0
C08-darpa-e5-clearscope-0515,discriminative,0.6,23,project05_m3star_h3_no_dominance_dual,1,6.0,3,C08-AA-003|C08-AA-004|C08-AA-001,6.0,0.0,0,0,0,m3star_graph_action_value_xgboost_v0.3,m3star_graph_action_value_xgboost_v0.3,m3star_graph_action_value_xgboost_v0.3,9.0,0,1,1,0,development,0,0,1.0,G3_campaign,1.0,1,G0_unknown,3,0,1,3,0,1,,8,1,6.0,C08-AA-001,0.5,3,3,0,G3_campaign,G3_campaign,m3star_graph_transition_xgboost_v0.1,0
C08-darpa-e5-clearscope-0515,discriminative,0.6,23,project05_m3star_h3_unshielded_dual,1,7.0,3,C08-AA-003|C08-AA-004|C08-AA-002,7.0,1.0,0,0,0,m3star_graph_action_value_xgboost_v0.3,m3star_graph_action_value_xgboost_v0.3,m3star_graph_action_value_xgboost_v0.3,9.0,0,1,1,1,development,0,0,1.0,G3_campaign,1.0,1,G0_unknown,3,0,0,3,1,1,,8,0,6.0,C08-AA-001,1.1667,3,3,1,G3_campaign,G3_campaign,m3star_graph_transition_xgboost_v0.1,0
C08-darpa-e5-clearscope-0515,discriminative,0.6,23,project05_m3star_h3_transition_only,1,7.0,3,C08-AA-003|C08-AA-004|C08-AA-002,7.0,1.0,0,0,0,none,none,none,9.0,0,1,1,1,development,0,0,1.0,G3_campaign,1.0,1,G0_unknown,3,0,1,3,1,0,,8,1,6.0,C08-AA-001,1.1667,3,3,1,G3_campaign,G3_campaign,m3star_graph_transition_xgboost_v0.1,0
C08-darpa-e5-clearscope-0515,discriminative,0.6,23,project05_m3star_h1_dual,1,7.0,3,C08-AA-003|C08-AA-004|C08-AA-002,7.0,1.0,0,0,0,m3star_graph_action_value_xgboost_v0.3,m3star_graph_action_value_xgboost_v0.3,m3star_graph_action_value_xgboost_v0.3,9.0,0,1,1,1,development,0,0,1.0,G3_campaign,1.0,1,G0_unknown,3,0,1,1,1,1,,8,1,6.0,C08-AA-001,1.1667,3,3,1,G3_campaign,G3_campaign,m3star_graph_transition_xgboost_v0.1,0
C08-darpa-e5-clearscope-0515,discriminative,0.6,23,project05_xgboost_policy,1,7.0,3,C08-AA-004|C08-AA-002|C08-AA-003,7.0,1.0,0,0,0,,,,9.0,0,1,1,,development,0,0,1.0,G3_campaign,1.0,1,G0_unknown,3,0,,,,,,,,6.0,C08-AA-001,1.1667,3,3,,G3_campaign,G3_campaign,,0
C08-darpa-e5-clearscope-0515,discriminative,0.6,23,project05_m3b_policy,1,7.0,3,C08-AA-003|C08-AA-004|C08-AA-002,7.0,1.0,0,0,0,,,,9.0,0,1,1,,development,0,0,1.0,G3_campaign,1.0,1,G0_unknown,3,0,,,,,,,,6.0,C08-AA-001,1.1667,3,3,,G3_campaign,G3_campaign,,0
C08-darpa-e5-clearscope-0515,discriminative,0.6,23,project05_m2,1,7.0,3,C08-AA-002|C08-AA-003|C08-AA-004,7.0,1.0,0,0,0,,,,9.0,0,1,1,,development,0,0,1.0,G3_campaign,1.0,1,G0_unknown,3,0,,,,,,,,6.0,C08-AA-001,0.7,3,3,,G3_campaign,G3_campaign,,0
C08-darpa-e5-clearscope-0515,discriminative,0.6,23,oracle_optimal,1,6.0,3,C08-AA-001|C08-AA-003|C08-AA-004,6.0,0.0,1,0,0,,,,9.0,0,1,1,,development,0,0,1.0,G3_campaign,1.0,1,G0_unknown,3,0,,,,,,,,6.0,C08-AA-001,0.5,3,3,,G3_campaign,G3_campaign,,0
C08-darpa-e5-clearscope-0515,discriminative,0.6,37,project05_m3star_h3_dual,1,7.0,3,C08-AA-003|C08-AA-004|C08-AA-002,7.0,0.0,0,0,0,m3star_graph_action_value_xgboost_v0.3,m3star_graph_action_value_xgboost_v0.3,m3star_graph_action_value_xgboost_v0.3,9.0,0,1,1,1,development,0,0,1.0,G3_campaign,1.0,1,G0_unknown,3,0,1,3,1,1,,8,1,7.0,C08-AA-002,1.1667,3,3,1,G3_campaign,G3_campaign,m3star_graph_transition_xgboost_v0.1,0
C08-darpa-e5-clearscope-0515,discriminative,0.6,37,project05_m3star_h3_no_dominance_dual,1,9.0,4,C08-AA-003|C08-AA-004|C08-AA-001|C08-AA-002,9.0,2.0,0,0,0,m3star_graph_action_value_xgboost_v0.3,m3star_graph_action_value_xgboost_v0.3,m3star_graph_action_value_xgboost_v0.3,9.0,0,1,1,0,development,0,0,1.0,G3_campaign,1.0,1,G0_unknown,3,0,1,3,0,1,,8,1,7.0,C08-AA-002,1.1667,3,4,0,G3_campaign,G3_campaign,m3star_graph_transition_xgboost_v0.1,1
C08-darpa-e5-clearscope-0515,discriminative,0.6,37,project05_m3star_h3_unshielded_dual,1,7.0,3,C08-AA-003|C08-AA-004|C08-AA-002,7.0,0.0,0,0,0,m3star_graph_action_value_xgboost_v0.3,m3star_graph_action_value_xgboost_v0.3,m3star_graph_action_value_xgboost_v0.3,9.0,0,1,1,1,development,0,0,1.0,G3_campaign,1.0,1,G0_unknown,3,0,0,3,1,1,,8,0,7.0,C08-AA-002,1.1667,3,3,1,G3_campaign,G3_campaign,m3star_graph_transition_xgboost_v0.1,0
C08-darpa-e5-clearscope-0515,discriminative,0.6,37,project05_m3star_h3_transition_only,1,7.0,3,C08-AA-003|C08-AA-004|C08-AA-002,7.0,0.0,0,0,0,none,none,none,9.0,0,1,1,1,development,0,0,1.0,G3_campaign,1.0,1,G0_unknown,3,0,1,3,1,0,,8,1,7.0,C08-AA-002,1.1667,3,3,1,G3_campaign,G3_campaign,m3star_graph_transition_xgboost_v0.1,0
C08-darpa-e5-clearscope-0515,discriminative,0.6,37,project05_m3star_h1_dual,1,7.0,3,C08-AA-003|C08-AA-004|C08-AA-002,7.0,0.0,0,0,0,m3star_graph_action_value_xgboost_v0.3,m3star_graph_action_value_xgboost_v0.3,m3star_graph_action_value_xgboost_v0.3,9.0,0,1,1,1,development,0,0,1.0,G3_campaign,1.0,1,G0_unknown,3,0,1,1,1,1,,8,1,7.0,C08-AA-002,1.1667,3,3,1,G3_campaign,G3_campaign,m3star_graph_transition_xgboost_v0.1,0
C08-darpa-e5-clearscope-0515,discriminative,0.6,37,project05_xgboost_policy,1,7.0,3,C08-AA-004|C08-AA-002|C08-AA-003,7.0,0.0,0,0,0,,,,9.0,0,1,1,,development,0,0,1.0,G3_campaign,1.0,1,G0_unknown,3,0,,,,,,,,7.0,C08-AA-002,1.1667,3,3,,G3_campaign,G3_campaign,,0
C08-darpa-e5-clearscope-0515,discriminative,0.6,37,project05_m3b_policy,1,7.0,3,C08-AA-003|C08-AA-004|C08-AA-002,7.0,0.0,0,0,0,,,,9.0,0,1,1,,development,0,0,1.0,G3_campaign,1.0,1,G0_unknown,3,0,,,,,,,,7.0,C08-AA-002,1.1667,3,3,,G3_campaign,G3_campaign,,0
C08-darpa-e5-clearscope-0515,discriminative,0.6,37,project05_m2,1,7.0,3,C08-AA-002|C08-AA-003|C08-AA-004,7.0,0.0,1,0,0,,,,9.0,0,1,1,,development,0,0,1.0,G3_campaign,1.0,1,G0_unknown,3,0,,,,,,,,7.0,C08-AA-002,0.7,3,3,,G3_campaign,G3_campaign,,0
C08-darpa-e5-clearscope-0515,discriminative,0.6,37,oracle_optimal,1,7.0,3,C08-AA-002|C08-AA-003|C08-AA-004,7.0,0.0,1,0,0,,,,9.0,0,1,1,,development,0,0,1.0,G3_campaign,1.0,1,G0_unknown,3,0,,,,,,,,7.0,C08-AA-002,0.7,3,3,,G3_campaign,G3_campaign,,0
C08-darpa-e5-clearscope-0515,discriminative,0.6,41,project05_m3star_h3_dual,1,7.0,3,C08-AA-003|C08-AA-004|C08-AA-002,7.0,1.0,0,0,0,m3star_graph_action_value_xgboost_v0.3,m3star_graph_action_value_xgboost_v0.3,m3star_graph_action_value_xgboost_v0.3,9.0,0,1,1,1,development,0,0,1.0,G3_campaign,1.0,1,G0_unknown,3,0,1,3,1,1,,8,1,6.0,C08-AA-001,1.1667,3,3,1,G3_campaign,G3_campaign,m3star_graph_transition_xgboost_v0.1,0
C08-darpa-e5-clearscope-0515,discriminative,0.6,41,project05_m3star_h3_no_dominance_dual,1,6.0,3,C08-AA-003|C08-AA-004|C08-AA-001,6.0,0.0,0,0,0,m3star_graph_action_value_xgboost_v0.3,m3star_graph_action_value_xgboost_v0.3,m3star_graph_action_value_xgboost_v0.3,9.0,0,1,1,0,development,0,0,1.0,G3_campaign,1.0,1,G0_unknown,3,0,1,3,0,1,,8,1,6.0,C08-AA-001,0.5,3,3,0,G3_campaign,G3_campaign,m3star_graph_transition_xgboost_v0.1,0
C08-darpa-e5-clearscope-0515,discriminative,0.6,41,project05_m3star_h3_unshielded_dual,1,7.0,3,C08-AA-003|C08-AA-004|C08-AA-002,7.0,1.0,0,0,0,m3star_graph_action_value_xgboost_v0.3,m3star_graph_action_value_xgboost_v0.3,m3star_graph_action_value_xgboost_v0.3,9.0,0,1,1,1,development,0,0,1.0,G3_campaign,1.0,1,G0_unknown,3,0,0,3,1,1,,8,0,6.0,C08-AA-001,1.1667,3,3,1,G3_campaign,G3_campaign,m3star_graph_transition_xgboost_v0.1,0
C08-darpa-e5-clearscope-0515,discriminative,0.6,41,project05_m3star_h3_transition_only,1,7.0,3,C08-AA-003|C08-AA-004|C08-AA-002,7.0,1.0,0,0,0,none,none,none,9.0,0,1,1,1,development,0,0,1.0,G3_campaign,1.0,1,G0_unknown,3,0,1,3,1,0,,8,1,6.0,C08-AA-001,1.1667,3,3,1,G3_campaign,G3_campaign,m3star_graph_transition_xgboost_v0.1,0
C08-darpa-e5-clearscope-0515,discriminative,0.6,41,project05_m3star_h1_dual,1,7.0,3,C08-AA-003|C08-AA-004|C08-AA-002,7.0,1.0,0,0,0,m3star_graph_action_value_xgboost_v0.3,m3star_graph_action_value_xgboost_v0.3,m3star_graph_action_value_xgboost_v0.3,9.0,0,1,1,1,development,0,0,1.0,G3_campaign,1.0,1,G0_unknown,3,0,1,1,1,1,,8,1,6.0,C08-AA-001,1.1667,3,3,1,G3_campaign,G3_campaign,m3star_graph_transition_xgboost_v0.1,0
C08-darpa-e5-clearscope-0515,discriminative,0.6,41,project05_xgboost_policy,1,7.0,3,C08-AA-004|C08-AA-002|C08-AA-003,7.0,1.0,0,0,0,,,,9.0,0,1,1,,development,0,0,1.0,G3_campaign,1.0,1,G0_unknown,3,0,,,,,,,,6.0,C08-AA-001,1.1667,3,3,,G3_campaign,G3_campaign,,0
C08-darpa-e5-clearscope-0515,discriminative,0.6,41,project05_m3b_policy,1,7.0,3,C08-AA-003|C08-AA-004|C08-AA-002,7.0,1.0,0,0,0,,,,9.0,0,1,1,,development,0,0,1.0,G3_campaign,1.0,1,G0_unknown,3,0,,,,,,,,6.0,C08-AA-001,1.1667,3,3,,G3_campaign,G3_campaign,,0
C08-darpa-e5-clearscope-0515,discriminative,0.6,41,project05_m2,1,7.0,3,C08-AA-002|C08-AA-003|C08-AA-004,7.0,1.0,0,0,0,,,,9.0,0,1,1,,development,0,0,1.0,G3_campaign,1.0,1,G0_unknown,3,0,,,,,,,,6.0,C08-AA-001,0.7,3,3,,G3_campaign,G3_campaign,,0
C08-darpa-e5-clearscope-0515,discriminative,0.6,41,oracle_optimal,1,6.0,3,C08-AA-001|C08-AA-003|C08-AA-004,6.0,0.0,1,0,0,,,,9.0,0,1,1,,development,0,0,1.0,G3_campaign,1.0,1,G0_unknown,3,0,,,,,,,,6.0,C08-AA-001,0.5,3,3,,G3_campaign,G3_campaign,,0
C08-darpa-e5-clearscope-0515,discriminative,0.6,53,project05_m3star_h3_dual,1,7.0,3,C08-AA-003|C08-AA-004|C08-AA-002,7.0,0.0,0,0,0,m3star_graph_action_value_xgboost_v0.3,m3star_graph_action_value_xgboost_v0.3,m3star_graph_action_value_xgboost_v0.3,9.0,0,1,1,1,development,0,0,1.0,G3_campaign,1.0,1,G0_unknown,3,0,1,3,1,1,,8,1,7.0,C08-AA-002,1.1667,3,3,1,G3_campaign,G3_campaign,m3star_graph_transition_xgboost_v0.1,0
C08-darpa-e5-clearscope-0515,discriminative,0.6,53,project05_m3star_h3_no_dominance_dual,1,9.0,4,C08-AA-003|C08-AA-004|C08-AA-001|C08-AA-002,9.0,2.0,0,0,0,m3star_graph_action_value_xgboost_v0.3,m3star_graph_action_value_xgboost_v0.3,m3star_graph_action_value_xgboost_v0.3,9.0,0,1,1,0,development,0,0,1.0,G3_campaign,1.0,1,G0_unknown,3,0,1,3,0,1,,8,1,7.0,C08-AA-002,1.1667,3,4,0,G3_campaign,G3_campaign,m3star_graph_transition_xgboost_v0.1,1
C08-darpa-e5-clearscope-0515,discriminative,0.6,53,project05_m3star_h3_unshielded_dual,1,7.0,3,C08-AA-003|C08-AA-004|C08-AA-002,7.0,0.0,0,0,0,m3star_graph_action_value_xgboost_v0.3,m3star_graph_action_value_xgboost_v0.3,m3star_graph_action_value_xgboost_v0.3,9.0,0,1,1,1,development,0,0,1.0,G3_campaign,1.0,1,G0_unknown,3,0,0,3,1,1,,8,0,7.0,C08-AA-002,1.1667,3,3,1,G3_campaign,G3_campaign,m3star_graph_transition_xgboost_v0.1,0
C08-darpa-e5-clearscope-0515,discriminative,0.6,53,project05_m3star_h3_transition_only,1,7.0,3,C08-AA-003|C08-AA-004|C08-AA-002,7.0,0.0,0,0,0,none,none,none,9.0,0,1,1,1,development,0,0,1.0,G3_campaign,1.0,1,G0_unknown,3,0,1,3,1,0,,8,1,7.0,C08-AA-002,1.1667,3,3,1,G3_campaign,G3_campaign,m3star_graph_transition_xgboost_v0.1,0
C08-darpa-e5-clearscope-0515,discriminative,0.6,53,project05_m3star_h1_dual,1,7.0,3,C08-AA-003|C08-AA-004|C08-AA-002,7.0,0.0,0,0,0,m3star_graph_action_value_xgboost_v0.3,m3star_graph_action_value_xgboost_v0.3,m3star_graph_action_value_xgboost_v0.3,9.0,0,1,1,1,development,0,0,1.0,G3_campaign,1.0,1,G0_unknown,3,0,1,1,1,1,,8,1,7.0,C08-AA-002,1.1667,3,3,1,G3_campaign,G3_campaign,m3star_graph_transition_xgboost_v0.1,0
C08-darpa-e5-clearscope-0515,discriminative,0.6,53,project05_xgboost_policy,1,7.0,3,C08-AA-004|C08-AA-002|C08-AA-003,7.0,0.0,0,0,0,,,,9.0,0,1,1,,development,0,0,1.0,G3_campaign,1.0,1,G0_unknown,3,0,,,,,,,,7.0,C08-AA-002,1.1667,3,3,,G3_campaign,G3_campaign,,0
C08-darpa-e5-clearscope-0515,discriminative,0.6,53,project05_m3b_policy,1,7.0,3,C08-AA-003|C08-AA-004|C08-AA-002,7.0,0.0,0,0,0,,,,9.0,0,1,1,,development,0,0,1.0,G3_campaign,1.0,1,G0_unknown,3,0,,,,,,,,7.0,C08-AA-002,1.1667,3,3,,G3_campaign,G3_campaign,,0
C08-darpa-e5-clearscope-0515,discriminative,0.6,53,project05_m2,1,7.0,3,C08-AA-002|C08-AA-003|C08-AA-004,7.0,0.0,1,0,0,,,,9.0,0,1,1,,development,0,0,1.0,G3_campaign,1.0,1,G0_unknown,3,0,,,,,,,,7.0,C08-AA-002,0.7,3,3,,G3_campaign,G3_campaign,,0
C08-darpa-e5-clearscope-0515,discriminative,0.6,53,oracle_optimal,1,7.0,3,C08-AA-002|C08-AA-003|C08-AA-004,7.0,0.0,1,0,0,,,,9.0,0,1,1,,development,0,0,1.0,G3_campaign,1.0,1,G0_unknown,3,0,,,,,,,,7.0,C08-AA-002,0.7,3,3,,G3_campaign,G3_campaign,,0
C09-darpa-optc-sysclient0201-0923,random,0.2,11,project05_m3star_h3_dual,1,3.0,1,C09-AA-005,3.0,0.0,1,0,0,m3star_graph_action_value_xgboost_v0.3,m3star_graph_action_value_xgboost_v0.3,m3star_graph_action_value_xgboost_v0.3,11.0,0,1,1,0,development,0,0,1.0,G3_campaign,1.0,1,G2_tactic_intent,1,0,1,3,1,1,,8,1,3.0,C09-AA-005,0.0,1,1,1,G3_campaign,G3_campaign,m3star_graph_transition_xgboost_v0.1,0
C09-darpa-optc-sysclient0201-0923,random,0.2,11,project05_m3star_h3_no_dominance_dual,1,3.0,1,C09-AA-005,3.0,0.0,1,0,0,m3star_graph_action_value_xgboost_v0.3,m3star_graph_action_value_xgboost_v0.3,m3star_graph_action_value_xgboost_v0.3,11.0,0,1,1,0,development,0,0,1.0,G3_campaign,1.0,1,G2_tactic_intent,1,0,1,3,0,1,,8,1,3.0,C09-AA-005,0.0,1,1,0,G3_campaign,G3_campaign,m3star_graph_transition_xgboost_v0.1,0
C09-darpa-optc-sysclient0201-0923,random,0.2,11,project05_m3star_h3_unshielded_dual,1,3.0,1,C09-AA-005,3.0,0.0,1,0,0,m3star_graph_action_value_xgboost_v0.3,m3star_graph_action_value_xgboost_v0.3,m3star_graph_action_value_xgboost_v0.3,11.0,0,1,1,0,development,0,0,1.0,G3_campaign,1.0,1,G2_tactic_intent,1,0,0,3,1,1,,8,0,3.0,C09-AA-005,0.0,1,1,1,G3_campaign,G3_campaign,m3star_graph_transition_xgboost_v0.1,0
C09-darpa-optc-sysclient0201-0923,random,0.2,11,project05_m3star_h3_transition_only,1,3.0,1,C09-AA-005,3.0,0.0,1,0,0,none,none,none,11.0,0,1,1,0,development,0,0,1.0,G3_campaign,1.0,1,G2_tactic_intent,1,0,1,3,1,0,,8,1,3.0,C09-AA-005,0.0,1,1,1,G3_campaign,G3_campaign,m3star_graph_transition_xgboost_v0.1,0
C09-darpa-optc-sysclient0201-0923,random,0.2,11,project05_m3star_h1_dual,1,3.0,1,C09-AA-005,3.0,0.0,1,0,0,m3star_graph_action_value_xgboost_v0.3,m3star_graph_action_value_xgboost_v0.3,m3star_graph_action_value_xgboost_v0.3,11.0,0,1,1,0,development,0,0,1.0,G3_campaign,1.0,1,G2_tactic_intent,1,0,1,1,1,1,,8,1,3.0,C09-AA-005,0.0,1,1,1,G3_campaign,G3_campaign,m3star_graph_transition_xgboost_v0.1,0
C09-darpa-optc-sysclient0201-0923,random,0.2,11,project05_xgboost_policy,1,3.0,1,C09-AA-005,3.0,0.0,1,0,0,,,,11.0,0,1,1,,development,0,0,1.0,G3_campaign,1.0,1,G2_tactic_intent,1,0,,,,,,,,3.0,C09-AA-005,0.0,1,1,,G3_campaign,G3_campaign,,0
C09-darpa-optc-sysclient0201-0923,random,0.2,11,project05_m3b_policy,0,,,STOP,0.0,,0,1,0,,,,11.0,0,0,0,,development,1,1,0.6667,G2_tactic_intent,0.75,1,G2_tactic_intent,1,0,,,,,,,,3.0,C09-AA-005,0.0,0,1,,G3_campaign,G3_campaign,,0
C09-darpa-optc-sysclient0201-0923,random,0.2,11,project05_m2,1,3.0,1,C09-AA-005,3.0,0.0,1,0,0,,,,11.0,0,1,1,,development,0,0,1.0,G3_campaign,1.0,1,G2_tactic_intent,1,0,,,,,,,,3.0,C09-AA-005,0.0,1,1,,G3_campaign,G3_campaign,,0
C09-darpa-optc-sysclient0201-0923,random,0.2,11,oracle_optimal,1,3.0,1,C09-AA-005,3.0,0.0,1,0,0,,,,11.0,0,1,1,,development,0,0,1.0,G3_campaign,1.0,1,G2_tactic_intent,1,0,,,,,,,,3.0,C09-AA-005,0.0,1,1,,G3_campaign,G3_campaign,,0
C09-darpa-optc-sysclient0201-0923,random,0.2,23,project05_m3star_h3_dual,1,2.0,1,C09-AA-004,2.0,0.0,1,0,0,m3star_graph_action_value_xgboost_v0.3,m3star_graph_action_value_xgboost_v0.3,m3star_graph_action_value_xgboost_v0.3,11.0,0,1,1,0,development,0,0,1.0,G3_campaign,1.0,1,G2_tactic_intent,1,0,1,3,1,1,,8,1,2.0,C09-AA-004,0.0,1,1,1,G3_campaign,G3_campaign,m3star_graph_transition_xgboost_v0.1,0
C09-darpa-optc-sysclient0201-0923,random,0.2,23,project05_m3star_h3_no_dominance_dual,1,2.0,1,C09-AA-004,2.0,0.0,1,0,0,m3star_graph_action_value_xgboost_v0.3,m3star_graph_action_value_xgboost_v0.3,m3star_graph_action_value_xgboost_v0.3,11.0,0,1,1,0,development,0,0,1.0,G3_campaign,1.0,1,G2_tactic_intent,1,0,1,3,0,1,,8,1,2.0,C09-AA-004,0.0,1,1,0,G3_campaign,G3_campaign,m3star_graph_transition_xgboost_v0.1,0
C09-darpa-optc-sysclient0201-0923,random,0.2,23,project05_m3star_h3_unshielded_dual,1,2.0,1,C09-AA-004,2.0,0.0,1,0,0,m3star_graph_action_value_xgboost_v0.3,m3star_graph_action_value_xgboost_v0.3,m3star_graph_action_value_xgboost_v0.3,11.0,0,1,1,0,development,0,0,1.0,G3_campaign,1.0,1,G2_tactic_intent,1,0,0,3,1,1,,8,0,2.0,C09-AA-004,0.0,1,1,1,G3_campaign,G3_campaign,m3star_graph_transition_xgboost_v0.1,0
C09-darpa-optc-sysclient0201-0923,random,0.2,23,project05_m3star_h3_transition_only,1,2.0,1,C09-AA-004,2.0,0.0,1,0,0,none,none,none,11.0,0,1,1,0,development,0,0,1.0,G3_campaign,1.0,1,G2_tactic_intent,1,0,1,3,1,0,,8,1,2.0,C09-AA-004,0.0,1,1,1,G3_campaign,G3_campaign,m3star_graph_transition_xgboost_v0.1,0
C09-darpa-optc-sysclient0201-0923,random,0.2,23,project05_m3star_h1_dual,1,2.0,1,C09-AA-004,2.0,0.0,1,0,0,m3star_graph_action_value_xgboost_v0.3,m3star_graph_action_value_xgboost_v0.3,m3star_graph_action_value_xgboost_v0.3,11.0,0,1,1,0,development,0,0,1.0,G3_campaign,1.0,1,G2_tactic_intent,1,0,1,1,1,1,,8,1,2.0,C09-AA-004,0.0,1,1,1,G3_campaign,G3_campaign,m3star_graph_transition_xgboost_v0.1,0
C09-darpa-optc-sysclient0201-0923,random,0.2,23,project05_xgboost_policy,1,5.0,2,C09-AA-005|C09-AA-004,5.0,3.0,0,0,0,,,,11.0,0,1,1,,development,0,0,1.0,G3_campaign,1.0,1,G2_tactic_intent,1,0,,,,,,,,2.0,C09-AA-004,0.5,1,2,,G3_campaign,G3_campaign,,1
C09-darpa-optc-sysclient0201-0923,random,0.2,23,project05_m3b_policy,1,4.0,2,C09-AA-003|C09-AA-004,4.0,2.0,0,0,0,,,,11.0,0,1,1,,development,0,0,1.0,G3_campaign,1.0,1,G2_tactic_intent,1,0,,,,,,,,2.0,C09-AA-004,0.2222,1,2,,G3_campaign,G3_campaign,,1
C09-darpa-optc-sysclient0201-0923,random,0.2,23,project05_m2,1,2.0,1,C09-AA-004,2.0,0.0,1,0,0,,,,11.0,0,1,1,,development,0,0,1.0,G3_campaign,1.0,1,G2_tactic_intent,1,0,,,,,,,,2.0,C09-AA-004,0.0,1,1,,G3_campaign,G3_campaign,,0
C09-darpa-optc-sysclient0201-0923,random,0.2,23,oracle_optimal,1,2.0,1,C09-AA-004,2.0,0.0,1,0,0,,,,11.0,0,1,1,,development,0,0,1.0,G3_campaign,1.0,1,G2_tactic_intent,1,0,,,,,,,,2.0,C09-AA-004,0.0,1,1,,G3_campaign,G3_campaign,,0
C09-darpa-optc-sysclient0201-0923,random,0.2,37,project05_m3star_h3_dual,1,0.0,0,,0.0,0.0,0,0,0,m3star_graph_action_value_xgboost_v0.3,m3star_graph_action_value_xgboost_v0.3,m3star_graph_action_value_xgboost_v0.3,11.0,0,1,1,0,development,0,0,1.0,G3_campaign,1.0,0,G3_campaign,1,0,1,3,1,1,,8,1,0.0,,0.0,0,0,1,G3_campaign,G3_campaign,m3star_graph_transition_xgboost_v0.1,0
C09-darpa-optc-sysclient0201-0923,random,0.2,37,project05_m3star_h3_no_dominance_dual,1,0.0,0,,0.0,0.0,0,0,0,m3star_graph_action_value_xgboost_v0.3,m3star_graph_action_value_xgboost_v0.3,m3star_graph_action_value_xgboost_v0.3,11.0,0,1,1,0,development,0,0,1.0,G3_campaign,1.0,0,G3_campaign,1,0,1,3,0,1,,8,1,0.0,,0.0,0,0,0,G3_campaign,G3_campaign,m3star_graph_transition_xgboost_v0.1,0
C09-darpa-optc-sysclient0201-0923,random,0.2,37,project05_m3star_h3_unshielded_dual,1,0.0,0,,0.0,0.0,0,0,0,m3star_graph_action_value_xgboost_v0.3,m3star_graph_action_value_xgboost_v0.3,m3star_graph_action_value_xgboost_v0.3,11.0,0,1,1,0,development,0,0,1.0,G3_campaign,1.0,0,G3_campaign,1,0,0,3,1,1,,8,0,0.0,,0.0,0,0,1,G3_campaign,G3_campaign,m3star_graph_transition_xgboost_v0.1,0
C09-darpa-optc-sysclient0201-0923,random,0.2,37,project05_m3star_h3_transition_only,1,0.0,0,,0.0,0.0,0,0,0,none,none,none,11.0,0,1,1,0,development,0,0,1.0,G3_campaign,1.0,0,G3_campaign,1,0,1,3,1,0,,8,1,0.0,,0.0,0,0,1,G3_campaign,G3_campaign,m3star_graph_transition_xgboost_v0.1,0
C09-darpa-optc-sysclient0201-0923,random,0.2,37,project05_m3star_h1_dual,1,0.0,0,,0.0,0.0,0,0,0,m3star_graph_action_value_xgboost_v0.3,m3star_graph_action_value_xgboost_v0.3,m3star_graph_action_value_xgboost_v0.3,11.0,0,1,1,0,development,0,0,1.0,G3_campaign,1.0,0,G3_campaign,1,0,1,1,1,1,,8,1,0.0,,0.0,0,0,1,G3_campaign,G3_campaign,m3star_graph_transition_xgboost_v0.1,0
C09-darpa-optc-sysclient0201-0923,random,0.2,37,project05_xgboost_policy,1,0.0,0,,0.0,0.0,0,0,0,,,,11.0,0,1,1,,development,0,0,1.0,G3_campaign,1.0,0,G3_campaign,1,0,,,,,,,,0.0,,0.0,0,0,,G3_campaign,G3_campaign,,0
C09-darpa-optc-sysclient0201-0923,random,0.2,37,project05_m3b_policy,1,0.0,0,,0.0,0.0,0,0,0,,,,11.0,0,1,1,,development,0,0,1.0,G3_campaign,1.0,0,G3_campaign,1,0,,,,,,,,0.0,,0.0,0,0,,G3_campaign,G3_campaign,,0
C09-darpa-optc-sysclient0201-0923,random,0.2,37,project05_m2,1,0.0,0,,0.0,0.0,0,0,0,,,,11.0,0,1,1,,development,0,0,1.0,G3_campaign,1.0,0,G3_campaign,1,0,,,,,,,,0.0,,0.0,0,0,,G3_campaign,G3_campaign,,0
C09-darpa-optc-sysclient0201-0923,random,0.2,37,oracle_optimal,1,0.0,0,,0.0,0.0,0,0,0,,,,11.0,0,1,1,,development,0,0,1.0,G3_campaign,1.0,0,G3_campaign,1,0,,,,,,,,0.0,,0.0,0,0,,G3_campaign,G3_campaign,,0
C09-darpa-optc-sysclient0201-0923,random,0.2,41,project05_m3star_h3_dual,1,3.0,1,C09-AA-005,3.0,0.0,1,0,0,m3star_graph_action_value_xgboost_v0.3,m3star_graph_action_value_xgboost_v0.3,m3star_graph_action_value_xgboost_v0.3,11.0,0,1,1,0,development,0,0,1.0,G3_campaign,1.0,1,G2_tactic_intent,1,0,1,3,1,1,,8,1,3.0,C09-AA-005,0.0,1,1,1,G3_campaign,G3_campaign,m3star_graph_transition_xgboost_v0.1,0
C09-darpa-optc-sysclient0201-0923,random,0.2,41,project05_m3star_h3_no_dominance_dual,1,3.0,1,C09-AA-005,3.0,0.0,1,0,0,m3star_graph_action_value_xgboost_v0.3,m3star_graph_action_value_xgboost_v0.3,m3star_graph_action_value_xgboost_v0.3,11.0,0,1,1,0,development,0,0,1.0,G3_campaign,1.0,1,G2_tactic_intent,1,0,1,3,0,1,,8,1,3.0,C09-AA-005,0.0,1,1,0,G3_campaign,G3_campaign,m3star_graph_transition_xgboost_v0.1,0
C09-darpa-optc-sysclient0201-0923,random,0.2,41,project05_m3star_h3_unshielded_dual,1,3.0,1,C09-AA-005,3.0,0.0,1,0,0,m3star_graph_action_value_xgboost_v0.3,m3star_graph_action_value_xgboost_v0.3,m3star_graph_action_value_xgboost_v0.3,11.0,0,1,1,0,development,0,0,1.0,G3_campaign,1.0,1,G2_tactic_intent,1,0,0,3,1,1,,8,0,3.0,C09-AA-005,0.0,1,1,1,G3_campaign,G3_campaign,m3star_graph_transition_xgboost_v0.1,0
C09-darpa-optc-sysclient0201-0923,random,0.2,41,project05_m3star_h3_transition_only,1,3.0,1,C09-AA-005,3.0,0.0,1,0,0,none,none,none,11.0,0,1,1,0,development,0,0,1.0,G3_campaign,1.0,1,G2_tactic_intent,1,0,1,3,1,0,,8,1,3.0,C09-AA-005,0.0,1,1,1,G3_campaign,G3_campaign,m3star_graph_transition_xgboost_v0.1,0
C09-darpa-optc-sysclient0201-0923,random,0.2,41,project05_m3star_h1_dual,1,3.0,1,C09-AA-005,3.0,0.0,1,0,0,m3star_graph_action_value_xgboost_v0.3,m3star_graph_action_value_xgboost_v0.3,m3star_graph_action_value_xgboost_v0.3,11.0,0,1,1,0,development,0,0,1.0,G3_campaign,1.0,1,G2_tactic_intent,1,0,1,1,1,1,,8,1,3.0,C09-AA-005,0.0,1,1,1,G3_campaign,G3_campaign,m3star_graph_transition_xgboost_v0.1,0
C09-darpa-optc-sysclient0201-0923,random,0.2,41,project05_xgboost_policy,1,3.0,1,C09-AA-005,3.0,0.0,1,0,0,,,,11.0,0,1,1,,development,0,0,1.0,G3_campaign,1.0,1,G2_tactic_intent,1,0,,,,,,,,3.0,C09-AA-005,0.0,1,1,,G3_campaign,G3_campaign,,0
C09-darpa-optc-sysclient0201-0923,random,0.2,41,project05_m3b_policy,0,,,STOP,0.0,,0,1,0,,,,11.0,0,0,0,,development,1,1,0.6667,G2_tactic_intent,0.75,1,G2_tactic_intent,1,0,,,,,,,,3.0,C09-AA-005,0.0,0,1,,G3_campaign,G3_campaign,,0
C09-darpa-optc-sysclient0201-0923,random,0.2,41,project05_m2,1,3.0,1,C09-AA-005,3.0,0.0,1,0,0,,,,11.0,0,1,1,,development,0,0,1.0,G3_campaign,1.0,1,G2_tactic_intent,1,0,,,,,,,,3.0,C09-AA-005,0.0,1,1,,G3_campaign,G3_campaign,,0
C09-darpa-optc-sysclient0201-0923,random,0.2,41,oracle_optimal,1,3.0,1,C09-AA-005,3.0,0.0,1,0,0,,,,11.0,0,1,1,,development,0,0,1.0,G3_campaign,1.0,1,G2_tactic_intent,1,0,,,,,,,,3.0,C09-AA-005,0.0,1,1,,G3_campaign,G3_campaign,,0
C09-darpa-optc-sysclient0201-0923,random,0.2,53,project05_m3star_h3_dual,1,0.0,0,,0.0,0.0,0,0,0,m3star_graph_action_value_xgboost_v0.3,m3star_graph_action_value_xgboost_v0.3,m3star_graph_action_value_xgboost_v0.3,11.0,0,1,1,0,development,0,0,1.0,G3_campaign,1.0,0,G3_campaign,1,0,1,3,1,1,,8,1,0.0,,0.0,0,0,1,G3_campaign,G3_campaign,m3star_graph_transition_xgboost_v0.1,0
C09-darpa-optc-sysclient0201-0923,random,0.2,53,project05_m3star_h3_no_dominance_dual,1,0.0,0,,0.0,0.0,0,0,0,m3star_graph_action_value_xgboost_v0.3,m3star_graph_action_value_xgboost_v0.3,m3star_graph_action_value_xgboost_v0.3,11.0,0,1,1,0,development,0,0,1.0,G3_campaign,1.0,0,G3_campaign,1,0,1,3,0,1,,8,1,0.0,,0.0,0,0,0,G3_campaign,G3_campaign,m3star_graph_transition_xgboost_v0.1,0
C09-darpa-optc-sysclient0201-0923,random,0.2,53,project05_m3star_h3_unshielded_dual,1,0.0,0,,0.0,0.0,0,0,0,m3star_graph_action_value_xgboost_v0.3,m3star_graph_action_value_xgboost_v0.3,m3star_graph_action_value_xgboost_v0.3,11.0,0,1,1,0,development,0,0,1.0,G3_campaign,1.0,0,G3_campaign,1,0,0,3,1,1,,8,0,0.0,,0.0,0,0,1,G3_campaign,G3_campaign,m3star_graph_transition_xgboost_v0.1,0
C09-darpa-optc-sysclient0201-0923,random,0.2,53,project05_m3star_h3_transition_only,1,0.0,0,,0.0,0.0,0,0,0,none,none,none,11.0,0,1,1,0,development,0,0,1.0,G3_campaign,1.0,0,G3_campaign,1,0,1,3,1,0,,8,1,0.0,,0.0,0,0,1,G3_campaign,G3_campaign,m3star_graph_transition_xgboost_v0.1,0
C09-darpa-optc-sysclient0201-0923,random,0.2,53,project05_m3star_h1_dual,1,0.0,0,,0.0,0.0,0,0,0,m3star_graph_action_value_xgboost_v0.3,m3star_graph_action_value_xgboost_v0.3,m3star_graph_action_value_xgboost_v0.3,11.0,0,1,1,0,development,0,0,1.0,G3_campaign,1.0,0,G3_campaign,1,0,1,1,1,1,,8,1,0.0,,0.0,0,0,1,G3_campaign,G3_campaign,m3star_graph_transition_xgboost_v0.1,0
C09-darpa-optc-sysclient0201-0923,random,0.2,53,project05_xgboost_policy,1,0.0,0,,0.0,0.0,0,0,0,,,,11.0,0,1,1,,development,0,0,1.0,G3_campaign,1.0,0,G3_campaign,1,0,,,,,,,,0.0,,0.0,0,0,,G3_campaign,G3_campaign,,0
C09-darpa-optc-sysclient0201-0923,random,0.2,53,project05_m3b_policy,1,0.0,0,,0.0,0.0,0,0,0,,,,11.0,0,1,1,,development,0,0,1.0,G3_campaign,1.0,0,G3_campaign,1,0,,,,,,,,0.0,,0.0,0,0,,G3_campaign,G3_campaign,,0
C09-darpa-optc-sysclient0201-0923,random,0.2,53,project05_m2,1,0.0,0,,0.0,0.0,0,0,0,,,,11.0,0,1,1,,development,0,0,1.0,G3_campaign,1.0,0,G3_campaign,1,0,,,,,,,,0.0,,0.0,0,0,,G3_campaign,G3_campaign,,0
C09-darpa-optc-sysclient0201-0923,random,0.2,53,oracle_optimal,1,0.0,0,,0.0,0.0,0,0,0,,,,11.0,0,1,1,,development,0,0,1.0,G3_campaign,1.0,0,G3_campaign,1,0,,,,,,,,0.0,,0.0,0,0,,G3_campaign,G3_campaign,,0
C09-darpa-optc-sysclient0201-0923,random,0.4,11,project05_m3star_h3_dual,1,3.0,1,C09-AA-005,3.0,0.0,1,0,0,m3star_graph_action_value_xgboost_v0.3,m3star_graph_action_value_xgboost_v0.3,m3star_graph_action_value_xgboost_v0.3,11.0,0,1,1,0,development,0,0,1.0,G3_campaign,1.0,1,G2_tactic_intent,2,0,1,3,1,1,,8,1,3.0,C09-AA-005,0.0,1,1,1,G3_campaign,G3_campaign,m3star_graph_transition_xgboost_v0.1,0
C09-darpa-optc-sysclient0201-0923,random,0.4,11,project05_m3star_h3_no_dominance_dual,1,3.0,1,C09-AA-005,3.0,0.0,1,0,0,m3star_graph_action_value_xgboost_v0.3,m3star_graph_action_value_xgboost_v0.3,m3star_graph_action_value_xgboost_v0.3,11.0,0,1,1,0,development,0,0,1.0,G3_campaign,1.0,1,G2_tactic_intent,2,0,1,3,0,1,,8,1,3.0,C09-AA-005,0.0,1,1,0,G3_campaign,G3_campaign,m3star_graph_transition_xgboost_v0.1,0
C09-darpa-optc-sysclient0201-0923,random,0.4,11,project05_m3star_h3_unshielded_dual,1,3.0,1,C09-AA-005,3.0,0.0,1,0,0,m3star_graph_action_value_xgboost_v0.3,m3star_graph_action_value_xgboost_v0.3,m3star_graph_action_value_xgboost_v0.3,11.0,0,1,1,0,development,0,0,1.0,G3_campaign,1.0,1,G2_tactic_intent,2,0,0,3,1,1,,8,0,3.0,C09-AA-005,0.0,1,1,1,G3_campaign,G3_campaign,m3star_graph_transition_xgboost_v0.1,0
C09-darpa-optc-sysclient0201-0923,random,0.4,11,project05_m3star_h3_transition_only,1,3.0,1,C09-AA-005,3.0,0.0,1,0,0,none,none,none,11.0,0,1,1,0,development,0,0,1.0,G3_campaign,1.0,1,G2_tactic_intent,2,0,1,3,1,0,,8,1,3.0,C09-AA-005,0.0,1,1,1,G3_campaign,G3_campaign,m3star_graph_transition_xgboost_v0.1,0
C09-darpa-optc-sysclient0201-0923,random,0.4,11,project05_m3star_h1_dual,1,3.0,1,C09-AA-005,3.0,0.0,1,0,0,m3star_graph_action_value_xgboost_v0.3,m3star_graph_action_value_xgboost_v0.3,m3star_graph_action_value_xgboost_v0.3,11.0,0,1,1,0,development,0,0,1.0,G3_campaign,1.0,1,G2_tactic_intent,2,0,1,1,1,1,,8,1,3.0,C09-AA-005,0.0,1,1,1,G3_campaign,G3_campaign,m3star_graph_transition_xgboost_v0.1,0
C09-darpa-optc-sysclient0201-0923,random,0.4,11,project05_xgboost_policy,1,3.0,1,C09-AA-005,3.0,0.0,1,0,0,,,,11.0,0,1,1,,development,0,0,1.0,G3_campaign,1.0,1,G2_tactic_intent,2,0,,,,,,,,3.0,C09-AA-005,0.0,1,1,,G3_campaign,G3_campaign,,0
C09-darpa-optc-sysclient0201-0923,random,0.4,11,project05_m3b_policy,0,,,STOP,0.0,,0,1,0,,,,11.0,0,0,0,,development,1,1,0.6667,G2_tactic_intent,0.75,1,G2_tactic_intent,2,0,,,,,,,,3.0,C09-AA-005,0.0,0,1,,G3_campaign,G3_campaign,,0
C09-darpa-optc-sysclient0201-0923,random,0.4,11,project05_m2,1,3.0,1,C09-AA-005,3.0,0.0,1,0,0,,,,11.0,0,1,1,,development,0,0,1.0,G3_campaign,1.0,1,G2_tactic_intent,2,0,,,,,,,,3.0,C09-AA-005,0.0,1,1,,G3_campaign,G3_campaign,,0
C09-darpa-optc-sysclient0201-0923,random,0.4,11,oracle_optimal,1,3.0,1,C09-AA-005,3.0,0.0,1,0,0,,,,11.0,0,1,1,,development,0,0,1.0,G3_campaign,1.0,1,G2_tactic_intent,2,0,,,,,,,,3.0,C09-AA-005,0.0,1,1,,G3_campaign,G3_campaign,,0
C09-darpa-optc-sysclient0201-0923,random,0.4,23,project05_m3star_h3_dual,1,5.0,2,C09-AA-004|C09-AA-002,5.0,0.0,0,0,0,m3star_graph_action_value_xgboost_v0.3,m3star_graph_action_value_xgboost_v0.3,m3star_graph_action_value_xgboost_v0.3,11.0,0,1,1,1,development,0,0,1.0,G3_campaign,1.0,1,G2_tactic_intent,2,0,1,3,1,1,,8,1,5.0,C09-AA-002,0.6667,2,2,1,G3_campaign,G3_campaign,m3star_graph_transition_xgboost_v0.1,0
C09-darpa-optc-sysclient0201-0923,random,0.4,23,project05_m3star_h3_no_dominance_dual,1,7.0,3,C09-AA-004|C09-AA-001|C09-AA-002,7.0,2.0,0,0,0,m3star_graph_action_value_xgboost_v0.3,m3star_graph_action_value_xgboost_v0.3,m3star_graph_action_value_xgboost_v0.3,11.0,0,1,1,0,development,0,0,1.0,G3_campaign,1.0,1,G2_tactic_intent,2,0,1,3,0,1,,8,1,5.0,C09-AA-002,0.6667,2,3,0,G3_campaign,G3_campaign,m3star_graph_transition_xgboost_v0.1,1
C09-darpa-optc-sysclient0201-0923,random,0.4,23,project05_m3star_h3_unshielded_dual,1,5.0,2,C09-AA-004|C09-AA-002,5.0,0.0,0,0,0,m3star_graph_action_value_xgboost_v0.3,m3star_graph_action_value_xgboost_v0.3,m3star_graph_action_value_xgboost_v0.3,11.0,0,1,1,1,development,0,0,1.0,G3_campaign,1.0,1,G2_tactic_intent,2,0,0,3,1,1,,8,0,5.0,C09-AA-002,0.6667,2,2,1,G3_campaign,G3_campaign,m3star_graph_transition_xgboost_v0.1,0
C09-darpa-optc-sysclient0201-0923,random,0.4,23,project05_m3star_h3_transition_only,1,5.0,2,C09-AA-004|C09-AA-002,5.0,0.0,0,0,0,none,none,none,11.0,0,1,1,1,development,0,0,1.0,G3_campaign,1.0,1,G2_tactic_intent,2,0,1,3,1,0,,8,1,5.0,C09-AA-002,0.6667,2,2,1,G3_campaign,G3_campaign,m3star_graph_transition_xgboost_v0.1,0
C09-darpa-optc-sysclient0201-0923,random,0.4,23,project05_m3star_h1_dual,1,5.0,2,C09-AA-004|C09-AA-002,5.0,0.0,0,0,0,m3star_graph_action_value_xgboost_v0.3,m3star_graph_action_value_xgboost_v0.3,m3star_graph_action_value_xgboost_v0.3,11.0,0,1,1,1,development,0,0,1.0,G3_campaign,1.0,1,G2_tactic_intent,2,0,1,1,1,1,,8,1,5.0,C09-AA-002,0.6667,2,2,1,G3_campaign,G3_campaign,m3star_graph_transition_xgboost_v0.1,0
C09-darpa-optc-sysclient0201-0923,random,0.4,23,project05_xgboost_policy,1,5.0,2,C09-AA-004|C09-AA-002,5.0,0.0,0,0,0,,,,11.0,0,1,1,,development,0,0,1.0,G3_campaign,1.0,1,G2_tactic_intent,2,0,,,,,,,,5.0,C09-AA-002,0.6667,2,2,,G3_campaign,G3_campaign,,0
C09-darpa-optc-sysclient0201-0923,random,0.4,23,project05_m3b_policy,1,5.0,2,C09-AA-004|C09-AA-002,5.0,0.0,0,0,0,,,,11.0,0,1,1,,development,0,0,1.0,G3_campaign,1.0,1,G2_tactic_intent,2,0,,,,,,,,5.0,C09-AA-002,0.6667,2,2,,G3_campaign,G3_campaign,,0
C09-darpa-optc-sysclient0201-0923,random,0.4,23,project05_m2,1,7.0,3,C09-AA-001|C09-AA-002|C09-AA-004,7.0,2.0,0,0,0,,,,11.0,0,1,1,,development,0,0,1.0,G3_campaign,1.0,1,G2_tactic_intent,2,0,,,,,,,,5.0,C09-AA-002,1.1111,2,3,,G3_campaign,G3_campaign,,1
C09-darpa-optc-sysclient0201-0923,random,0.4,23,oracle_optimal,1,5.0,2,C09-AA-002|C09-AA-004,5.0,0.0,1,0,0,,,,11.0,0,1,1,,development,0,0,1.0,G3_campaign,1.0,1,G2_tactic_intent,2,0,,,,,,,,5.0,C09-AA-002,0.4444,2,2,,G3_campaign,G3_campaign,,0
C09-darpa-optc-sysclient0201-0923,random,0.4,37,project05_m3star_h3_dual,1,3.0,1,C09-AA-002,3.0,1.0,0,0,0,m3star_graph_action_value_xgboost_v0.3,m3star_graph_action_value_xgboost_v0.3,m3star_graph_action_value_xgboost_v0.3,11.0,0,1,1,1,development,0,0,1.0,G3_campaign,1.0,1,G2_tactic_intent,2,0,1,3,1,1,,8,1,2.0,C09-AA-001,0.0,1,1,1,G3_campaign,G3_campaign,m3star_graph_transition_xgboost_v0.1,0
C09-darpa-optc-sysclient0201-0923,random,0.4,37,project05_m3star_h3_no_dominance_dual,1,2.0,1,C09-AA-001,2.0,0.0,1,0,0,m3star_graph_action_value_xgboost_v0.3,m3star_graph_action_value_xgboost_v0.3,m3star_graph_action_value_xgboost_v0.3,11.0,0,1,1,0,development,0,0,1.0,G3_campaign,1.0,1,G2_tactic_intent,2,0,1,3,0,1,,8,1,2.0,C09-AA-001,0.0,1,1,0,G3_campaign,G3_campaign,m3star_graph_transition_xgboost_v0.1,0
C09-darpa-optc-sysclient0201-0923,random,0.4,37,project05_m3star_h3_unshielded_dual,1,3.0,1,C09-AA-002,3.0,1.0,0,0,0,m3star_graph_action_value_xgboost_v0.3,m3star_graph_action_value_xgboost_v0.3,m3star_graph_action_value_xgboost_v0.3,11.0,0,1,1,1,development,0,0,1.0,G3_campaign,1.0,1,G2_tactic_intent,2,0,0,3,1,1,,8,0,2.0,C09-AA-001,0.0,1,1,1,G3_campaign,G3_campaign,m3star_graph_transition_xgboost_v0.1,0
C09-darpa-optc-sysclient0201-0923,random,0.4,37,project05_m3star_h3_transition_only,1,5.0,2,C09-AA-004|C09-AA-002,5.0,3.0,0,0,0,none,none,none,11.0,0,1,1,1,development,0,0,1.0,G3_campaign,1.0,1,G2_tactic_intent,2,0,1,3,1,0,,8,1,2.0,C09-AA-001,0.6667,1,2,1,G3_campaign,G3_campaign,m3star_graph_transition_xgboost_v0.1,1
C09-darpa-optc-sysclient0201-0923,random,0.4,37,project05_m3star_h1_dual,1,3.0,1,C09-AA-002,3.0,1.0,0,0,0,m3star_graph_action_value_xgboost_v0.3,m3star_graph_action_value_xgboost_v0.3,m3star_graph_action_value_xgboost_v0.3,11.0,0,1,1,1,development,0,0,1.0,G3_campaign,1.0,1,G2_tactic_intent,2,0,1,1,1,1,,8,1,2.0,C09-AA-001,0.0,1,1,1,G3_campaign,G3_campaign,m3star_graph_transition_xgboost_v0.1,0
C09-darpa-optc-sysclient0201-0923,random,0.4,37,project05_xgboost_policy,1,3.0,1,C09-AA-002,3.0,1.0,0,0,0,,,,11.0,0,1,1,,development,0,0,1.0,G3_campaign,1.0,1,G2_tactic_intent,2,0,,,,,,,,2.0,C09-AA-001,0.0,1,1,,G3_campaign,G3_campaign,,0
C09-darpa-optc-sysclient0201-0923,random,0.4,37,project05_m3b_policy,1,5.0,2,C09-AA-004|C09-AA-002,5.0,3.0,0,0,0,,,,11.0,0,1,1,,development,0,0,1.0,G3_campaign,1.0,1,G2_tactic_intent,2,0,,,,,,,,2.0,C09-AA-001,0.6667,1,2,,G3_campaign,G3_campaign,,1
C09-darpa-optc-sysclient0201-0923,random,0.4,37,project05_m2,1,2.0,1,C09-AA-001,2.0,0.0,1,0,0,,,,11.0,0,1,1,,development,0,0,1.0,G3_campaign,1.0,1,G2_tactic_intent,2,0,,,,,,,,2.0,C09-AA-001,0.0,1,1,,G3_campaign,G3_campaign,,0
C09-darpa-optc-sysclient0201-0923,random,0.4,37,oracle_optimal,1,2.0,1,C09-AA-001,2.0,0.0,1,0,0,,,,11.0,0,1,1,,development,0,0,1.0,G3_campaign,1.0,1,G2_tactic_intent,2,0,,,,,,,,2.0,C09-AA-001,0.0,1,1,,G3_campaign,G3_campaign,,0
C09-darpa-optc-sysclient0201-0923,random,0.4,41,project05_m3star_h3_dual,1,5.0,2,C09-AA-005|C09-AA-004,5.0,0.0,0,0,0,m3star_graph_action_value_xgboost_v0.3,m3star_graph_action_value_xgboost_v0.3,m3star_graph_action_value_xgboost_v0.3,11.0,0,1,1,0,development,0,0,1.0,G3_campaign,1.0,1,G2_tactic_intent,2,0,1,3,1,1,,8,1,5.0,C09-AA-004,0.5,2,2,1,G3_campaign,G3_campaign,m3star_graph_transition_xgboost_v0.1,0
C09-darpa-optc-sysclient0201-0923,random,0.4,41,project05_m3star_h3_no_dominance_dual,1,5.0,2,C09-AA-005|C09-AA-004,5.0,0.0,0,0,0,m3star_graph_action_value_xgboost_v0.3,m3star_graph_action_value_xgboost_v0.3,m3star_graph_action_value_xgboost_v0.3,11.0,0,1,1,0,development,0,0,1.0,G3_campaign,1.0,1,G2_tactic_intent,2,0,1,3,0,1,,8,1,5.0,C09-AA-004,0.5,2,2,0,G3_campaign,G3_campaign,m3star_graph_transition_xgboost_v0.1,0
C09-darpa-optc-sysclient0201-0923,random,0.4,41,project05_m3star_h3_unshielded_dual,1,5.0,2,C09-AA-005|C09-AA-004,5.0,0.0,0,0,0,m3star_graph_action_value_xgboost_v0.3,m3star_graph_action_value_xgboost_v0.3,m3star_graph_action_value_xgboost_v0.3,11.0,0,1,1,0,development,0,0,1.0,G3_campaign,1.0,1,G2_tactic_intent,2,0,0,3,1,1,,8,0,5.0,C09-AA-004,0.5,2,2,1,G3_campaign,G3_campaign,m3star_graph_transition_xgboost_v0.1,0
C09-darpa-optc-sysclient0201-0923,random,0.4,41,project05_m3star_h3_transition_only,1,5.0,2,C09-AA-005|C09-AA-004,5.0,0.0,0,0,0,none,none,none,11.0,0,1,1,0,development,0,0,1.0,G3_campaign,1.0,1,G2_tactic_intent,2,0,1,3,1,0,,8,1,5.0,C09-AA-004,0.5,2,2,1,G3_campaign,G3_campaign,m3star_graph_transition_xgboost_v0.1,0
C09-darpa-optc-sysclient0201-0923,random,0.4,41,project05_m3star_h1_dual,1,5.0,2,C09-AA-005|C09-AA-004,5.0,0.0,0,0,0,m3star_graph_action_value_xgboost_v0.3,m3star_graph_action_value_xgboost_v0.3,m3star_graph_action_value_xgboost_v0.3,11.0,0,1,1,0,development,0,0,1.0,G3_campaign,1.0,1,G2_tactic_intent,2,0,1,1,1,1,,8,1,5.0,C09-AA-004,0.5,2,2,1,G3_campaign,G3_campaign,m3star_graph_transition_xgboost_v0.1,0
C09-darpa-optc-sysclient0201-0923,random,0.4,41,project05_xgboost_policy,1,5.0,2,C09-AA-005|C09-AA-004,5.0,0.0,0,0,0,,,,11.0,0,1,1,,development,0,0,1.0,G3_campaign,1.0,1,G2_tactic_intent,2,0,,,,,,,,5.0,C09-AA-004,0.5,2,2,,G3_campaign,G3_campaign,,0
C09-darpa-optc-sysclient0201-0923,random,0.4,41,project05_m3b_policy,1,7.0,3,C09-AA-005|C09-AA-003|C09-AA-004,7.0,2.0,0,0,0,,,,11.0,0,1,1,,development,0,0,1.0,G3_campaign,1.0,1,G2_tactic_intent,2,0,,,,,,,,5.0,C09-AA-004,0.7222,2,3,,G3_campaign,G3_campaign,,1
C09-darpa-optc-sysclient0201-0923,random,0.4,41,project05_m2,1,5.0,2,C09-AA-004|C09-AA-005,5.0,0.0,1,0,0,,,,11.0,0,1,1,,development,0,0,1.0,G3_campaign,1.0,1,G2_tactic_intent,2,0,,,,,,,,5.0,C09-AA-004,0.75,2,2,,G3_campaign,G3_campaign,,0
C09-darpa-optc-sysclient0201-0923,random,0.4,41,oracle_optimal,1,5.0,2,C09-AA-004|C09-AA-005,5.0,0.0,1,0,0,,,,11.0,0,1,1,,development,0,0,1.0,G3_campaign,1.0,1,G2_tactic_intent,2,0,,,,,,,,5.0,C09-AA-004,0.75,2,2,,G3_campaign,G3_campaign,,0
C09-darpa-optc-sysclient0201-0923,random,0.4,53,project05_m3star_h3_dual,1,2.0,1,C09-AA-003,2.0,0.0,1,0,0,m3star_graph_action_value_xgboost_v0.3,m3star_graph_action_value_xgboost_v0.3,m3star_graph_action_value_xgboost_v0.3,11.0,0,1,1,0,development,0,0,1.0,G3_campaign,1.0,1,G2_tactic_intent,2,0,1,3,1,1,,8,1,2.0,C09-AA-003,0.0,1,1,1,G3_campaign,G3_campaign,m3star_graph_transition_xgboost_v0.1,0
C09-darpa-optc-sysclient0201-0923,random,0.4,53,project05_m3star_h3_no_dominance_dual,1,2.0,1,C09-AA-003,2.0,0.0,1,0,0,m3star_graph_action_value_xgboost_v0.3,m3star_graph_action_value_xgboost_v0.3,m3star_graph_action_value_xgboost_v0.3,11.0,0,1,1,0,development,0,0,1.0,G3_campaign,1.0,1,G2_tactic_intent,2,0,1,3,0,1,,8,1,2.0,C09-AA-003,0.0,1,1,0,G3_campaign,G3_campaign,m3star_graph_transition_xgboost_v0.1,0
C09-darpa-optc-sysclient0201-0923,random,0.4,53,project05_m3star_h3_unshielded_dual,1,2.0,1,C09-AA-003,2.0,0.0,1,0,0,m3star_graph_action_value_xgboost_v0.3,m3star_graph_action_value_xgboost_v0.3,m3star_graph_action_value_xgboost_v0.3,11.0,0,1,1,0,development,0,0,1.0,G3_campaign,1.0,1,G2_tactic_intent,2,0,0,3,1,1,,8,0,2.0,C09-AA-003,0.0,1,1,1,G3_campaign,G3_campaign,m3star_graph_transition_xgboost_v0.1,0
C09-darpa-optc-sysclient0201-0923,random,0.4,53,project05_m3star_h3_transition_only,1,2.0,1,C09-AA-003,2.0,0.0,1,0,0,none,none,none,11.0,0,1,1,0,development,0,0,1.0,G3_campaign,1.0,1,G2_tactic_intent,2,0,1,3,1,0,,8,1,2.0,C09-AA-003,0.0,1,1,1,G3_campaign,G3_campaign,m3star_graph_transition_xgboost_v0.1,0
C09-darpa-optc-sysclient0201-0923,random,0.4,53,project05_m3star_h1_dual,1,2.0,1,C09-AA-003,2.0,0.0,1,0,0,m3star_graph_action_value_xgboost_v0.3,m3star_graph_action_value_xgboost_v0.3,m3star_graph_action_value_xgboost_v0.3,11.0,0,1,1,0,development,0,0,1.0,G3_campaign,1.0,1,G2_tactic_intent,2,0,1,1,1,1,,8,1,2.0,C09-AA-003,0.0,1,1,1,G3_campaign,G3_campaign,m3star_graph_transition_xgboost_v0.1,0
C09-darpa-optc-sysclient0201-0923,random,0.4,53,project05_xgboost_policy,1,5.0,2,C09-AA-002|C09-AA-003,5.0,3.0,0,0,0,,,,11.0,0,1,1,,development,0,0,1.0,G3_campaign,1.0,1,G2_tactic_intent,2,0,,,,,,,,2.0,C09-AA-003,0.2,1,2,,G3_campaign,G3_campaign,,1
C09-darpa-optc-sysclient0201-0923,random,0.4,53,project05_m3b_policy,1,2.0,1,C09-AA-003,2.0,0.0,1,0,0,,,,11.0,0,1,1,,development,0,0,1.0,G3_campaign,1.0,1,G2_tactic_intent,2,0,,,,,,,,2.0,C09-AA-003,0.0,1,1,,G3_campaign,G3_campaign,,0
C09-darpa-optc-sysclient0201-0923,random,0.4,53,project05_m2,1,2.0,1,C09-AA-003,2.0,0.0,1,0,0,,,,11.0,0,1,1,,development,0,0,1.0,G3_campaign,1.0,1,G2_tactic_intent,2,0,,,,,,,,2.0,C09-AA-003,0.0,1,1,,G3_campaign,G3_campaign,,0
C09-darpa-optc-sysclient0201-0923,random,0.4,53,oracle_optimal,1,2.0,1,C09-AA-003,2.0,0.0,1,0,0,,,,11.0,0,1,1,,development,0,0,1.0,G3_campaign,1.0,1,G2_tactic_intent,2,0,,,,,,,,2.0,C09-AA-003,0.0,1,1,,G3_campaign,G3_campaign,,0
C09-darpa-optc-sysclient0201-0923,random,0.6,11,project05_m3star_h3_dual,1,5.0,2,C09-AA-003|C09-AA-005,5.0,0.0,1,0,0,m3star_graph_action_value_xgboost_v0.3,m3star_graph_action_value_xgboost_v0.3,m3star_graph_action_value_xgboost_v0.3,11.0,0,1,1,0,development,0,0,1.0,G3_campaign,1.0,1,G2_tactic_intent,3,0,1,3,1,1,,8,1,5.0,C09-AA-003,0.3333,2,2,1,G3_campaign,G3_campaign,m3star_graph_transition_xgboost_v0.1,0
C09-darpa-optc-sysclient0201-0923,random,0.6,11,project05_m3star_h3_no_dominance_dual,1,5.0,2,C09-AA-003|C09-AA-005,5.0,0.0,1,0,0,m3star_graph_action_value_xgboost_v0.3,m3star_graph_action_value_xgboost_v0.3,m3star_graph_action_value_xgboost_v0.3,11.0,0,1,1,0,development,0,0,1.0,G3_campaign,1.0,1,G2_tactic_intent,3,0,1,3,0,1,,8,1,5.0,C09-AA-003,0.3333,2,2,0,G3_campaign,G3_campaign,m3star_graph_transition_xgboost_v0.1,0
C09-darpa-optc-sysclient0201-0923,random,0.6,11,project05_m3star_h3_unshielded_dual,1,5.0,2,C09-AA-003|C09-AA-005,5.0,0.0,1,0,0,m3star_graph_action_value_xgboost_v0.3,m3star_graph_action_value_xgboost_v0.3,m3star_graph_action_value_xgboost_v0.3,11.0,0,1,1,0,development,0,0,1.0,G3_campaign,1.0,1,G2_tactic_intent,3,0,0,3,1,1,,8,0,5.0,C09-AA-003,0.3333,2,2,1,G3_campaign,G3_campaign,m3star_graph_transition_xgboost_v0.1,0
C09-darpa-optc-sysclient0201-0923,random,0.6,11,project05_m3star_h3_transition_only,1,5.0,2,C09-AA-003|C09-AA-005,5.0,0.0,1,0,0,none,none,none,11.0,0,1,1,0,development,0,0,1.0,G3_campaign,1.0,1,G2_tactic_intent,3,0,1,3,1,0,,8,1,5.0,C09-AA-003,0.3333,2,2,1,G3_campaign,G3_campaign,m3star_graph_transition_xgboost_v0.1,0
C09-darpa-optc-sysclient0201-0923,random,0.6,11,project05_m3star_h1_dual,1,5.0,2,C09-AA-005|C09-AA-003,5.0,0.0,0,0,0,m3star_graph_action_value_xgboost_v0.3,m3star_graph_action_value_xgboost_v0.3,m3star_graph_action_value_xgboost_v0.3,11.0,0,1,1,0,development,0,0,1.0,G3_campaign,1.0,1,G2_tactic_intent,3,0,1,1,1,1,,8,1,5.0,C09-AA-003,0.2222,2,2,1,G3_campaign,G3_campaign,m3star_graph_transition_xgboost_v0.1,0
C09-darpa-optc-sysclient0201-0923,random,0.6,11,project05_xgboost_policy,1,8.0,3,C09-AA-002|C09-AA-005|C09-AA-003,8.0,3.0,0,0,0,,,,11.0,0,1,1,,development,0,0,1.0,G3_campaign,1.0,1,G2_tactic_intent,3,0,,,,,,,,5.0,C09-AA-003,0.8889,2,3,,G3_campaign,G3_campaign,,1
C09-darpa-optc-sysclient0201-0923,random,0.6,11,project05_m3b_policy,1,5.0,2,C09-AA-003|C09-AA-005,5.0,0.0,1,0,0,,,,11.0,0,1,1,,development,0,0,1.0,G3_campaign,1.0,1,G2_tactic_intent,3,0,,,,,,,,5.0,C09-AA-003,0.3333,2,2,,G3_campaign,G3_campaign,,0
C09-darpa-optc-sysclient0201-0923,random,0.6,11,project05_m2,1,5.0,2,C09-AA-005|C09-AA-003,5.0,0.0,0,0,0,,,,11.0,0,1,1,,development,0,0,1.0,G3_campaign,1.0,1,G2_tactic_intent,3,0,,,,,,,,5.0,C09-AA-003,0.2222,2,2,,G3_campaign,G3_campaign,,0
C09-darpa-optc-sysclient0201-0923,random,0.6,11,oracle_optimal,1,5.0,2,C09-AA-003|C09-AA-005,5.0,0.0,1,0,0,,,,11.0,0,1,1,,development,0,0,1.0,G3_campaign,1.0,1,G2_tactic_intent,3,0,,,,,,,,5.0,C09-AA-003,0.3333,2,2,,G3_campaign,G3_campaign,,0
C09-darpa-optc-sysclient0201-0923,random,0.6,23,project05_m3star_h3_dual,1,8.0,3,C09-AA-004|C09-AA-005|C09-AA-002,8.0,0.0,0,0,0,m3star_graph_action_value_xgboost_v0.3,m3star_graph_action_value_xgboost_v0.3,m3star_graph_action_value_xgboost_v0.3,11.0,0,1,1,1,development,0,0,1.0,G3_campaign,1.0,1,G1_technique,3,0,1,3,1,1,,8,1,8.0,C09-AA-002,1.4167,3,3,1,G3_campaign,G3_campaign,m3star_graph_transition_xgboost_v0.1,0
C09-darpa-optc-sysclient0201-0923,random,0.6,23,project05_m3star_h3_no_dominance_dual,1,10.0,4,C09-AA-004|C09-AA-001|C09-AA-005|C09-AA-002,10.0,2.0,0,0,0,m3star_graph_action_value_xgboost_v0.3,m3star_graph_action_value_xgboost_v0.3,m3star_graph_action_value_xgboost_v0.3,11.0,0,1,1,0,development,0,0,1.0,G3_campaign,1.0,1,G1_technique,3,0,1,3,0,1,,8,1,8.0,C09-AA-002,1.4167,3,4,0,G3_campaign,G3_campaign,m3star_graph_transition_xgboost_v0.1,1
C09-darpa-optc-sysclient0201-0923,random,0.6,23,project05_m3star_h3_unshielded_dual,1,8.0,3,C09-AA-004|C09-AA-002|C09-AA-005,8.0,0.0,0,0,0,m3star_graph_action_value_xgboost_v0.3,m3star_graph_action_value_xgboost_v0.3,m3star_graph_action_value_xgboost_v0.3,11.0,0,1,1,1,development,0,0,1.0,G3_campaign,1.0,1,G1_technique,3,0,0,3,1,1,,8,0,8.0,C09-AA-002,1.4167,3,3,1,G3_campaign,G3_campaign,m3star_graph_transition_xgboost_v0.1,0
C09-darpa-optc-sysclient0201-0923,random,0.6,23,project05_m3star_h3_transition_only,1,8.0,3,C09-AA-004|C09-AA-005|C09-AA-002,8.0,0.0,0,0,0,none,none,none,11.0,0,1,1,1,development,0,0,1.0,G3_campaign,1.0,1,G1_technique,3,0,1,3,1,0,,8,1,8.0,C09-AA-002,1.4167,3,3,1,G3_campaign,G3_campaign,m3star_graph_transition_xgboost_v0.1,0
C09-darpa-optc-sysclient0201-0923,random,0.6,23,project05_m3star_h1_dual,1,8.0,3,C09-AA-005|C09-AA-004|C09-AA-002,8.0,0.0,0,0,0,m3star_graph_action_value_xgboost_v0.3,m3star_graph_action_value_xgboost_v0.3,m3star_graph_action_value_xgboost_v0.3,11.0,0,1,1,1,development,0,0,1.0,G3_campaign,1.0,1,G1_technique,3,0,1,1,1,1,,8,1,8.0,C09-AA-002,1.1667,3,3,1,G3_campaign,G3_campaign,m3star_graph_transition_xgboost_v0.1,0
C09-darpa-optc-sysclient0201-0923,random,0.6,23,project05_xgboost_policy,1,8.0,3,C09-AA-004|C09-AA-002|C09-AA-005,8.0,0.0,0,0,0,,,,11.0,0,1,1,,development,0,0,1.0,G3_campaign,1.0,1,G1_technique,3,0,,,,,,,,8.0,C09-AA-002,1.4167,3,3,,G3_campaign,G3_campaign,,0
C09-darpa-optc-sysclient0201-0923,random,0.6,23,project05_m3b_policy,1,8.0,3,C09-AA-004|C09-AA-002|C09-AA-005,8.0,0.0,0,0,0,,,,11.0,0,1,1,,development,0,0,1.0,G3_campaign,1.0,1,G1_technique,3,0,,,,,,,,8.0,C09-AA-002,1.4167,3,3,,G3_campaign,G3_campaign,,0
C09-darpa-optc-sysclient0201-0923,random,0.6,23,project05_m2,1,10.0,4,C09-AA-001|C09-AA-004|C09-AA-002|C09-AA-005,10.0,2.0,0,0,0,,,,11.0,0,1,1,,development,0,0,1.0,G3_campaign,1.0,1,G1_technique,3,0,,,,,,,,8.0,C09-AA-002,1.4167,3,4,,G3_campaign,G3_campaign,,1
C09-darpa-optc-sysclient0201-0923,random,0.6,23,oracle_optimal,1,8.0,3,C09-AA-002|C09-AA-004|C09-AA-005,8.0,0.0,1,0,0,,,,11.0,0,1,1,,development,0,0,1.0,G3_campaign,1.0,1,G1_technique,3,0,,,,,,,,8.0,C09-AA-002,1.1944,3,3,,G3_campaign,G3_campaign,,0
C09-darpa-optc-sysclient0201-0923,random,0.6,37,project05_m3star_h3_dual,1,5.0,2,C09-AA-004|C09-AA-002,5.0,1.0,0,0,0,m3star_graph_action_value_xgboost_v0.3,m3star_graph_action_value_xgboost_v0.3,m3star_graph_action_value_xgboost_v0.3,11.0,0,1,1,1,development,0,0,1.0,G3_campaign,1.0,1,G2_tactic_intent,3,0,1,3,1,1,,8,1,4.0,C09-AA-001,0.6667,2,2,1,G3_campaign,G3_campaign,m3star_graph_transition_xgboost_v0.1,0
C09-darpa-optc-sysclient0201-0923,random,0.6,37,project05_m3star_h3_no_dominance_dual,1,4.0,2,C09-AA-004|C09-AA-001,4.0,0.0,0,0,0,m3star_graph_action_value_xgboost_v0.3,m3star_graph_action_value_xgboost_v0.3,m3star_graph_action_value_xgboost_v0.3,11.0,0,1,1,0,development,0,0,1.0,G3_campaign,1.0,1,G2_tactic_intent,3,0,1,3,0,1,,8,1,4.0,C09-AA-001,0.0,2,2,0,G3_campaign,G3_campaign,m3star_graph_transition_xgboost_v0.1,0
C09-darpa-optc-sysclient0201-0923,random,0.6,37,project05_m3star_h3_unshielded_dual,1,5.0,2,C09-AA-004|C09-AA-002,5.0,1.0,0,0,0,m3star_graph_action_value_xgboost_v0.3,m3star_graph_action_value_xgboost_v0.3,m3star_graph_action_value_xgboost_v0.3,11.0,0,1,1,1,development,0,0,1.0,G3_campaign,1.0,1,G2_tactic_intent,3,0,0,3,1,1,,8,0,4.0,C09-AA-001,0.6667,2,2,1,G3_campaign,G3_campaign,m3star_graph_transition_xgboost_v0.1,0
C09-darpa-optc-sysclient0201-0923,random,0.6,37,project05_m3star_h3_transition_only,1,5.0,2,C09-AA-004|C09-AA-002,5.0,1.0,0,0,0,none,none,none,11.0,0,1,1,1,development,0,0,1.0,G3_campaign,1.0,1,G2_tactic_intent,3,0,1,3,1,0,,8,1,4.0,C09-AA-001,0.6667,2,2,1,G3_campaign,G3_campaign,m3star_graph_transition_xgboost_v0.1,0
C09-darpa-optc-sysclient0201-0923,random,0.6,37,project05_m3star_h1_dual,1,5.0,2,C09-AA-004|C09-AA-002,5.0,1.0,0,0,0,m3star_graph_action_value_xgboost_v0.3,m3star_graph_action_value_xgboost_v0.3,m3star_graph_action_value_xgboost_v0.3,11.0,0,1,1,1,development,0,0,1.0,G3_campaign,1.0,1,G2_tactic_intent,3,0,1,1,1,1,,8,1,4.0,C09-AA-001,0.6667,2,2,1,G3_campaign,G3_campaign,m3star_graph_transition_xgboost_v0.1,0
C09-darpa-optc-sysclient0201-0923,random,0.6,37,project05_xgboost_policy,1,5.0,2,C09-AA-004|C09-AA-002,5.0,1.0,0,0,0,,,,11.0,0,1,1,,development,0,0,1.0,G3_campaign,1.0,1,G2_tactic_intent,3,0,,,,,,,,4.0,C09-AA-001,0.6667,2,2,,G3_campaign,G3_campaign,,0
C09-darpa-optc-sysclient0201-0923,random,0.6,37,project05_m3b_policy,1,5.0,2,C09-AA-004|C09-AA-002,5.0,1.0,0,0,0,,,,11.0,0,1,1,,development,0,0,1.0,G3_campaign,1.0,1,G2_tactic_intent,3,0,,,,,,,,4.0,C09-AA-001,0.6667,2,2,,G3_campaign,G3_campaign,,0
C09-darpa-optc-sysclient0201-0923,random,0.6,37,project05_m2,1,4.0,2,C09-AA-001|C09-AA-004,4.0,0.0,1,0,0,,,,11.0,0,1,1,,development,0,0,1.0,G3_campaign,1.0,1,G2_tactic_intent,3,0,,,,,,,,4.0,C09-AA-001,0.0,2,2,,G3_campaign,G3_campaign,,0
C09-darpa-optc-sysclient0201-0923,random,0.6,37,oracle_optimal,1,4.0,2,C09-AA-001|C09-AA-004,4.0,0.0,1,0,0,,,,11.0,0,1,1,,development,0,0,1.0,G3_campaign,1.0,1,G2_tactic_intent,3,0,,,,,,,,4.0,C09-AA-001,0.0,2,2,,G3_campaign,G3_campaign,,0
C09-darpa-optc-sysclient0201-0923,random,0.6,41,project05_m3star_h3_dual,1,8.0,3,C09-AA-004|C09-AA-005|C09-AA-002,8.0,1.0,0,0,0,m3star_graph_action_value_xgboost_v0.3,m3star_graph_action_value_xgboost_v0.3,m3star_graph_action_value_xgboost_v0.3,11.0,0,1,1,1,development,0,0,1.0,G3_campaign,1.0,1,G1_technique,3,0,1,3,1,1,,8,1,7.0,C09-AA-001,1.4167,3,3,1,G3_campaign,G3_campaign,m3star_graph_transition_xgboost_v0.1,0
C09-darpa-optc-sysclient0201-0923,random,0.6,41,project05_m3star_h3_no_dominance_dual,1,7.0,3,C09-AA-004|C09-AA-001|C09-AA-005,7.0,0.0,0,0,0,m3star_graph_action_value_xgboost_v0.3,m3star_graph_action_value_xgboost_v0.3,m3star_graph_action_value_xgboost_v0.3,11.0,0,1,1,0,development,0,0,1.0,G3_campaign,1.0,1,G1_technique,3,0,1,3,0,1,,8,1,7.0,C09-AA-001,0.75,3,3,0,G3_campaign,G3_campaign,m3star_graph_transition_xgboost_v0.1,0
C09-darpa-optc-sysclient0201-0923,random,0.6,41,project05_m3star_h3_unshielded_dual,1,8.0,3,C09-AA-004|C09-AA-002|C09-AA-005,8.0,1.0,0,0,0,m3star_graph_action_value_xgboost_v0.3,m3star_graph_action_value_xgboost_v0.3,m3star_graph_action_value_xgboost_v0.3,11.0,0,1,1,1,development,0,0,1.0,G3_campaign,1.0,1,G1_technique,3,0,0,3,1,1,,8,0,7.0,C09-AA-001,1.4167,3,3,1,G3_campaign,G3_campaign,m3star_graph_transition_xgboost_v0.1,0
C09-darpa-optc-sysclient0201-0923,random,0.6,41,project05_m3star_h3_transition_only,1,8.0,3,C09-AA-004|C09-AA-005|C09-AA-002,8.0,1.0,0,0,0,none,none,none,11.0,0,1,1,1,development,0,0,1.0,G3_campaign,1.0,1,G1_technique,3,0,1,3,1,0,,8,1,7.0,C09-AA-001,1.4167,3,3,1,G3_campaign,G3_campaign,m3star_graph_transition_xgboost_v0.1,0
C09-darpa-optc-sysclient0201-0923,random,0.6,41,project05_m3star_h1_dual,1,8.0,3,C09-AA-005|C09-AA-004|C09-AA-002,8.0,1.0,0,0,0,m3star_graph_action_value_xgboost_v0.3,m3star_graph_action_value_xgboost_v0.3,m3star_graph_action_value_xgboost_v0.3,11.0,0,1,1,1,development,0,0,1.0,G3_campaign,1.0,1,G1_technique,3,0,1,1,1,1,,8,1,7.0,C09-AA-001,1.1667,3,3,1,G3_campaign,G3_campaign,m3star_graph_transition_xgboost_v0.1,0
C09-darpa-optc-sysclient0201-0923,random,0.6,41,project05_xgboost_policy,1,8.0,3,C09-AA-004|C09-AA-002|C09-AA-005,8.0,1.0,0,0,0,,,,11.0,0,1,1,,development,0,0,1.0,G3_campaign,1.0,1,G1_technique,3,0,,,,,,,,7.0,C09-AA-001,1.4167,3,3,,G3_campaign,G3_campaign,,0
C09-darpa-optc-sysclient0201-0923,random,0.6,41,project05_m3b_policy,1,8.0,3,C09-AA-004|C09-AA-002|C09-AA-005,8.0,1.0,0,0,0,,,,11.0,0,1,1,,development,0,0,1.0,G3_campaign,1.0,1,G1_technique,3,0,,,,,,,,7.0,C09-AA-001,1.4167,3,3,,G3_campaign,G3_campaign,,0
C09-darpa-optc-sysclient0201-0923,random,0.6,41,project05_m2,1,7.0,3,C09-AA-001|C09-AA-004|C09-AA-005,7.0,0.0,1,0,0,,,,11.0,0,1,1,,development,0,0,1.0,G3_campaign,1.0,1,G1_technique,3,0,,,,,,,,7.0,C09-AA-001,0.75,3,3,,G3_campaign,G3_campaign,,0
C09-darpa-optc-sysclient0201-0923,random,0.6,41,oracle_optimal,1,7.0,3,C09-AA-001|C09-AA-004|C09-AA-005,7.0,0.0,1,0,0,,,,11.0,0,1,1,,development,0,0,1.0,G3_campaign,1.0,1,G1_technique,3,0,,,,,,,,7.0,C09-AA-001,0.75,3,3,,G3_campaign,G3_campaign,,0
C09-darpa-optc-sysclient0201-0923,random,0.6,53,project05_m3star_h3_dual,1,5.0,2,C09-AA-003|C09-AA-005,5.0,0.0,1,0,0,m3star_graph_action_value_xgboost_v0.3,m3star_graph_action_value_xgboost_v0.3,m3star_graph_action_value_xgboost_v0.3,11.0,0,1,1,0,development,0,0,1.0,G3_campaign,1.0,1,G2_tactic_intent,3,0,1,3,1,1,,8,1,5.0,C09-AA-003,0.3333,2,2,1,G3_campaign,G3_campaign,m3star_graph_transition_xgboost_v0.1,0
C09-darpa-optc-sysclient0201-0923,random,0.6,53,project05_m3star_h3_no_dominance_dual,1,5.0,2,C09-AA-003|C09-AA-005,5.0,0.0,1,0,0,m3star_graph_action_value_xgboost_v0.3,m3star_graph_action_value_xgboost_v0.3,m3star_graph_action_value_xgboost_v0.3,11.0,0,1,1,0,development,0,0,1.0,G3_campaign,1.0,1,G2_tactic_intent,3,0,1,3,0,1,,8,1,5.0,C09-AA-003,0.3333,2,2,0,G3_campaign,G3_campaign,m3star_graph_transition_xgboost_v0.1,0
C09-darpa-optc-sysclient0201-0923,random,0.6,53,project05_m3star_h3_unshielded_dual,1,5.0,2,C09-AA-003|C09-AA-005,5.0,0.0,1,0,0,m3star_graph_action_value_xgboost_v0.3,m3star_graph_action_value_xgboost_v0.3,m3star_graph_action_value_xgboost_v0.3,11.0,0,1,1,0,development,0,0,1.0,G3_campaign,1.0,1,G2_tactic_intent,3,0,0,3,1,1,,8,0,5.0,C09-AA-003,0.3333,2,2,1,G3_campaign,G3_campaign,m3star_graph_transition_xgboost_v0.1,0
C09-darpa-optc-sysclient0201-0923,random,0.6,53,project05_m3star_h3_transition_only,1,5.0,2,C09-AA-003|C09-AA-005,5.0,0.0,1,0,0,none,none,none,11.0,0,1,1,0,development,0,0,1.0,G3_campaign,1.0,1,G2_tactic_intent,3,0,1,3,1,0,,8,1,5.0,C09-AA-003,0.3333,2,2,1,G3_campaign,G3_campaign,m3star_graph_transition_xgboost_v0.1,0
C09-darpa-optc-sysclient0201-0923,random,0.6,53,project05_m3star_h1_dual,1,5.0,2,C09-AA-005|C09-AA-003,5.0,0.0,0,0,0,m3star_graph_action_value_xgboost_v0.3,m3star_graph_action_value_xgboost_v0.3,m3star_graph_action_value_xgboost_v0.3,11.0,0,1,1,0,development,0,0,1.0,G3_campaign,1.0,1,G2_tactic_intent,3,0,1,1,1,1,,8,1,5.0,C09-AA-003,0.2222,2,2,1,G3_campaign,G3_campaign,m3star_graph_transition_xgboost_v0.1,0
C09-darpa-optc-sysclient0201-0923,random,0.6,53,project05_xgboost_policy,1,8.0,3,C09-AA-002|C09-AA-005|C09-AA-003,8.0,3.0,0,0,0,,,,11.0,0,1,1,,development,0,0,1.0,G3_campaign,1.0,1,G2_tactic_intent,3,0,,,,,,,,5.0,C09-AA-003,0.8889,2,3,,G3_campaign,G3_campaign,,1
C09-darpa-optc-sysclient0201-0923,random,0.6,53,project05_m3b_policy,1,5.0,2,C09-AA-003|C09-AA-005,5.0,0.0,1,0,0,,,,11.0,0,1,1,,development,0,0,1.0,G3_campaign,1.0,1,G2_tactic_intent,3,0,,,,,,,,5.0,C09-AA-003,0.3333,2,2,,G3_campaign,G3_campaign,,0
C09-darpa-optc-sysclient0201-0923,random,0.6,53,project05_m2,1,5.0,2,C09-AA-005|C09-AA-003,5.0,0.0,0,0,0,,,,11.0,0,1,1,,development,0,0,1.0,G3_campaign,1.0,1,G2_tactic_intent,3,0,,,,,,,,5.0,C09-AA-003,0.2222,2,2,,G3_campaign,G3_campaign,,0
C09-darpa-optc-sysclient0201-0923,random,0.6,53,oracle_optimal,1,5.0,2,C09-AA-003|C09-AA-005,5.0,0.0,1,0,0,,,,11.0,0,1,1,,development,0,0,1.0,G3_campaign,1.0,1,G2_tactic_intent,3,0,,,,,,,,5.0,C09-AA-003,0.3333,2,2,,G3_campaign,G3_campaign,,0
C09-darpa-optc-sysclient0201-0923,stage,0.2,11,project05_m3star_h3_dual,1,3.0,1,C09-AA-002,3.0,0.0,1,0,0,m3star_graph_action_value_xgboost_v0.3,m3star_graph_action_value_xgboost_v0.3,m3star_graph_action_value_xgboost_v0.3,11.0,0,1,1,1,development,0,0,1.0,G3_campaign,1.0,1,G2_tactic_intent,1,0,1,3,1,1,,8,1,3.0,C09-AA-002,0.0,1,1,1,G3_campaign,G3_campaign,m3star_graph_transition_xgboost_v0.1,0
C09-darpa-optc-sysclient0201-0923,stage,0.2,11,project05_m3star_h3_no_dominance_dual,1,7.0,3,C09-AA-001|C09-AA-004|C09-AA-002,7.0,4.0,0,0,0,m3star_graph_action_value_xgboost_v0.3,m3star_graph_action_value_xgboost_v0.3,m3star_graph_action_value_xgboost_v0.3,11.0,0,1,1,0,development,0,0,1.0,G3_campaign,1.0,1,G2_tactic_intent,1,0,1,3,0,1,,8,1,3.0,C09-AA-002,0.6667,1,3,0,G3_campaign,G3_campaign,m3star_graph_transition_xgboost_v0.1,2
C09-darpa-optc-sysclient0201-0923,stage,0.2,11,project05_m3star_h3_unshielded_dual,1,3.0,1,C09-AA-002,3.0,0.0,1,0,0,m3star_graph_action_value_xgboost_v0.3,m3star_graph_action_value_xgboost_v0.3,m3star_graph_action_value_xgboost_v0.3,11.0,0,1,1,1,development,0,0,1.0,G3_campaign,1.0,1,G2_tactic_intent,1,0,0,3,1,1,,8,0,3.0,C09-AA-002,0.0,1,1,1,G3_campaign,G3_campaign,m3star_graph_transition_xgboost_v0.1,0
C09-darpa-optc-sysclient0201-0923,stage,0.2,11,project05_m3star_h3_transition_only,1,5.0,2,C09-AA-004|C09-AA-002,5.0,2.0,0,0,0,none,none,none,11.0,0,1,1,1,development,0,0,1.0,G3_campaign,1.0,1,G2_tactic_intent,1,0,1,3,1,0,,8,1,3.0,C09-AA-002,0.6667,1,2,1,G3_campaign,G3_campaign,m3star_graph_transition_xgboost_v0.1,1
C09-darpa-optc-sysclient0201-0923,stage,0.2,11,project05_m3star_h1_dual,1,3.0,1,C09-AA-002,3.0,0.0,1,0,0,m3star_graph_action_value_xgboost_v0.3,m3star_graph_action_value_xgboost_v0.3,m3star_graph_action_value_xgboost_v0.3,11.0,0,1,1,1,development,0,0,1.0,G3_campaign,1.0,1,G2_tactic_intent,1,0,1,1,1,1,,8,1,3.0,C09-AA-002,0.0,1,1,1,G3_campaign,G3_campaign,m3star_graph_transition_xgboost_v0.1,0
C09-darpa-optc-sysclient0201-0923,stage,0.2,11,project05_xgboost_policy,1,3.0,1,C09-AA-002,3.0,0.0,1,0,0,,,,11.0,0,1,1,,development,0,0,1.0,G3_campaign,1.0,1,G2_tactic_intent,1,0,,,,,,,,3.0,C09-AA-002,0.0,1,1,,G3_campaign,G3_campaign,,0
C09-darpa-optc-sysclient0201-0923,stage,0.2,11,project05_m3b_policy,1,5.0,2,C09-AA-004|C09-AA-002,5.0,2.0,0,0,0,,,,11.0,0,1,1,,development,0,0,1.0,G3_campaign,1.0,1,G2_tactic_intent,1,0,,,,,,,,3.0,C09-AA-002,0.6667,1,2,,G3_campaign,G3_campaign,,1
C09-darpa-optc-sysclient0201-0923,stage,0.2,11,project05_m2,1,5.0,2,C09-AA-001|C09-AA-002,5.0,2.0,0,0,0,,,,11.0,0,1,1,,development,0,0,1.0,G3_campaign,1.0,1,G2_tactic_intent,1,0,,,,,,,,3.0,C09-AA-002,0.6667,1,2,,G3_campaign,G3_campaign,,1
C09-darpa-optc-sysclient0201-0923,stage,0.2,11,oracle_optimal,1,3.0,1,C09-AA-002,3.0,0.0,1,0,0,,,,11.0,0,1,1,,development,0,0,1.0,G3_campaign,1.0,1,G2_tactic_intent,1,0,,,,,,,,3.0,C09-AA-002,0.0,1,1,,G3_campaign,G3_campaign,,0
C09-darpa-optc-sysclient0201-0923,stage,0.2,23,project05_m3star_h3_dual,1,3.0,1,C09-AA-002,3.0,0.0,1,0,0,m3star_graph_action_value_xgboost_v0.3,m3star_graph_action_value_xgboost_v0.3,m3star_graph_action_value_xgboost_v0.3,11.0,0,1,1,1,development,0,0,1.0,G3_campaign,1.0,1,G2_tactic_intent,1,0,1,3,1,1,,8,1,3.0,C09-AA-002,0.0,1,1,1,G3_campaign,G3_campaign,m3star_graph_transition_xgboost_v0.1,0
C09-darpa-optc-sysclient0201-0923,stage,0.2,23,project05_m3star_h3_no_dominance_dual,1,7.0,3,C09-AA-001|C09-AA-004|C09-AA-002,7.0,4.0,0,0,0,m3star_graph_action_value_xgboost_v0.3,m3star_graph_action_value_xgboost_v0.3,m3star_graph_action_value_xgboost_v0.3,11.0,0,1,1,0,development,0,0,1.0,G3_campaign,1.0,1,G2_tactic_intent,1,0,1,3,0,1,,8,1,3.0,C09-AA-002,0.6667,1,3,0,G3_campaign,G3_campaign,m3star_graph_transition_xgboost_v0.1,2
C09-darpa-optc-sysclient0201-0923,stage,0.2,23,project05_m3star_h3_unshielded_dual,1,3.0,1,C09-AA-002,3.0,0.0,1,0,0,m3star_graph_action_value_xgboost_v0.3,m3star_graph_action_value_xgboost_v0.3,m3star_graph_action_value_xgboost_v0.3,11.0,0,1,1,1,development,0,0,1.0,G3_campaign,1.0,1,G2_tactic_intent,1,0,0,3,1,1,,8,0,3.0,C09-AA-002,0.0,1,1,1,G3_campaign,G3_campaign,m3star_graph_transition_xgboost_v0.1,0
C09-darpa-optc-sysclient0201-0923,stage,0.2,23,project05_m3star_h3_transition_only,1,5.0,2,C09-AA-004|C09-AA-002,5.0,2.0,0,0,0,none,none,none,11.0,0,1,1,1,development,0,0,1.0,G3_campaign,1.0,1,G2_tactic_intent,1,0,1,3,1,0,,8,1,3.0,C09-AA-002,0.6667,1,2,1,G3_campaign,G3_campaign,m3star_graph_transition_xgboost_v0.1,1
C09-darpa-optc-sysclient0201-0923,stage,0.2,23,project05_m3star_h1_dual,1,3.0,1,C09-AA-002,3.0,0.0,1,0,0,m3star_graph_action_value_xgboost_v0.3,m3star_graph_action_value_xgboost_v0.3,m3star_graph_action_value_xgboost_v0.3,11.0,0,1,1,1,development,0,0,1.0,G3_campaign,1.0,1,G2_tactic_intent,1,0,1,1,1,1,,8,1,3.0,C09-AA-002,0.0,1,1,1,G3_campaign,G3_campaign,m3star_graph_transition_xgboost_v0.1,0
C09-darpa-optc-sysclient0201-0923,stage,0.2,23,project05_xgboost_policy,1,3.0,1,C09-AA-002,3.0,0.0,1,0,0,,,,11.0,0,1,1,,development,0,0,1.0,G3_campaign,1.0,1,G2_tactic_intent,1,0,,,,,,,,3.0,C09-AA-002,0.0,1,1,,G3_campaign,G3_campaign,,0
C09-darpa-optc-sysclient0201-0923,stage,0.2,23,project05_m3b_policy,1,5.0,2,C09-AA-004|C09-AA-002,5.0,2.0,0,0,0,,,,11.0,0,1,1,,development,0,0,1.0,G3_campaign,1.0,1,G2_tactic_intent,1,0,,,,,,,,3.0,C09-AA-002,0.6667,1,2,,G3_campaign,G3_campaign,,1
C09-darpa-optc-sysclient0201-0923,stage,0.2,23,project05_m2,1,5.0,2,C09-AA-001|C09-AA-002,5.0,2.0,0,0,0,,,,11.0,0,1,1,,development,0,0,1.0,G3_campaign,1.0,1,G2_tactic_intent,1,0,,,,,,,,3.0,C09-AA-002,0.6667,1,2,,G3_campaign,G3_campaign,,1
C09-darpa-optc-sysclient0201-0923,stage,0.2,23,oracle_optimal,1,3.0,1,C09-AA-002,3.0,0.0,1,0,0,,,,11.0,0,1,1,,development,0,0,1.0,G3_campaign,1.0,1,G2_tactic_intent,1,0,,,,,,,,3.0,C09-AA-002,0.0,1,1,,G3_campaign,G3_campaign,,0
C09-darpa-optc-sysclient0201-0923,stage,0.2,37,project05_m3star_h3_dual,1,3.0,1,C09-AA-002,3.0,1.0,0,0,0,m3star_graph_action_value_xgboost_v0.3,m3star_graph_action_value_xgboost_v0.3,m3star_graph_action_value_xgboost_v0.3,11.0,0,1,1,1,development,0,0,1.0,G3_campaign,1.0,1,G2_tactic_intent,1,0,1,3,1,1,,8,1,2.0,C09-AA-001,0.0,1,1,1,G3_campaign,G3_campaign,m3star_graph_transition_xgboost_v0.1,0
C09-darpa-optc-sysclient0201-0923,stage,0.2,37,project05_m3star_h3_no_dominance_dual,1,2.0,1,C09-AA-001,2.0,0.0,1,0,0,m3star_graph_action_value_xgboost_v0.3,m3star_graph_action_value_xgboost_v0.3,m3star_graph_action_value_xgboost_v0.3,11.0,0,1,1,0,development,0,0,1.0,G3_campaign,1.0,1,G2_tactic_intent,1,0,1,3,0,1,,8,1,2.0,C09-AA-001,0.0,1,1,0,G3_campaign,G3_campaign,m3star_graph_transition_xgboost_v0.1,0
C09-darpa-optc-sysclient0201-0923,stage,0.2,37,project05_m3star_h3_unshielded_dual,1,3.0,1,C09-AA-002,3.0,1.0,0,0,0,m3star_graph_action_value_xgboost_v0.3,m3star_graph_action_value_xgboost_v0.3,m3star_graph_action_value_xgboost_v0.3,11.0,0,1,1,1,development,0,0,1.0,G3_campaign,1.0,1,G2_tactic_intent,1,0,0,3,1,1,,8,0,2.0,C09-AA-001,0.0,1,1,1,G3_campaign,G3_campaign,m3star_graph_transition_xgboost_v0.1,0
C09-darpa-optc-sysclient0201-0923,stage,0.2,37,project05_m3star_h3_transition_only,1,5.0,2,C09-AA-004|C09-AA-002,5.0,3.0,0,0,0,none,none,none,11.0,0,1,1,1,development,0,0,1.0,G3_campaign,1.0,1,G2_tactic_intent,1,0,1,3,1,0,,8,1,2.0,C09-AA-001,0.6667,1,2,1,G3_campaign,G3_campaign,m3star_graph_transition_xgboost_v0.1,1
C09-darpa-optc-sysclient0201-0923,stage,0.2,37,project05_m3star_h1_dual,1,3.0,1,C09-AA-002,3.0,1.0,0,0,0,m3star_graph_action_value_xgboost_v0.3,m3star_graph_action_value_xgboost_v0.3,m3star_graph_action_value_xgboost_v0.3,11.0,0,1,1,1,development,0,0,1.0,G3_campaign,1.0,1,G2_tactic_intent,1,0,1,1,1,1,,8,1,2.0,C09-AA-001,0.0,1,1,1,G3_campaign,G3_campaign,m3star_graph_transition_xgboost_v0.1,0
C09-darpa-optc-sysclient0201-0923,stage,0.2,37,project05_xgboost_policy,1,3.0,1,C09-AA-002,3.0,1.0,0,0,0,,,,11.0,0,1,1,,development,0,0,1.0,G3_campaign,1.0,1,G2_tactic_intent,1,0,,,,,,,,2.0,C09-AA-001,0.0,1,1,,G3_campaign,G3_campaign,,0
C09-darpa-optc-sysclient0201-0923,stage,0.2,37,project05_m3b_policy,1,5.0,2,C09-AA-004|C09-AA-002,5.0,3.0,0,0,0,,,,11.0,0,1,1,,development,0,0,1.0,G3_campaign,1.0,1,G2_tactic_intent,1,0,,,,,,,,2.0,C09-AA-001,0.6667,1,2,,G3_campaign,G3_campaign,,1
C09-darpa-optc-sysclient0201-0923,stage,0.2,37,project05_m2,1,2.0,1,C09-AA-001,2.0,0.0,1,0,0,,,,11.0,0,1,1,,development,0,0,1.0,G3_campaign,1.0,1,G2_tactic_intent,1,0,,,,,,,,2.0,C09-AA-001,0.0,1,1,,G3_campaign,G3_campaign,,0
C09-darpa-optc-sysclient0201-0923,stage,0.2,37,oracle_optimal,1,2.0,1,C09-AA-001,2.0,0.0,1,0,0,,,,11.0,0,1,1,,development,0,0,1.0,G3_campaign,1.0,1,G2_tactic_intent,1,0,,,,,,,,2.0,C09-AA-001,0.0,1,1,,G3_campaign,G3_campaign,,0
C09-darpa-optc-sysclient0201-0923,stage,0.2,41,project05_m3star_h3_dual,1,3.0,1,C09-AA-002,3.0,1.0,0,0,0,m3star_graph_action_value_xgboost_v0.3,m3star_graph_action_value_xgboost_v0.3,m3star_graph_action_value_xgboost_v0.3,11.0,0,1,1,1,development,0,0,1.0,G3_campaign,1.0,1,G2_tactic_intent,1,0,1,3,1,1,,8,1,2.0,C09-AA-001,0.0,1,1,1,G3_campaign,G3_campaign,m3star_graph_transition_xgboost_v0.1,0
C09-darpa-optc-sysclient0201-0923,stage,0.2,41,project05_m3star_h3_no_dominance_dual,1,2.0,1,C09-AA-001,2.0,0.0,1,0,0,m3star_graph_action_value_xgboost_v0.3,m3star_graph_action_value_xgboost_v0.3,m3star_graph_action_value_xgboost_v0.3,11.0,0,1,1,0,development,0,0,1.0,G3_campaign,1.0,1,G2_tactic_intent,1,0,1,3,0,1,,8,1,2.0,C09-AA-001,0.0,1,1,0,G3_campaign,G3_campaign,m3star_graph_transition_xgboost_v0.1,0
C09-darpa-optc-sysclient0201-0923,stage,0.2,41,project05_m3star_h3_unshielded_dual,1,3.0,1,C09-AA-002,3.0,1.0,0,0,0,m3star_graph_action_value_xgboost_v0.3,m3star_graph_action_value_xgboost_v0.3,m3star_graph_action_value_xgboost_v0.3,11.0,0,1,1,1,development,0,0,1.0,G3_campaign,1.0,1,G2_tactic_intent,1,0,0,3,1,1,,8,0,2.0,C09-AA-001,0.0,1,1,1,G3_campaign,G3_campaign,m3star_graph_transition_xgboost_v0.1,0
C09-darpa-optc-sysclient0201-0923,stage,0.2,41,project05_m3star_h3_transition_only,1,5.0,2,C09-AA-004|C09-AA-002,5.0,3.0,0,0,0,none,none,none,11.0,0,1,1,1,development,0,0,1.0,G3_campaign,1.0,1,G2_tactic_intent,1,0,1,3,1,0,,8,1,2.0,C09-AA-001,0.6667,1,2,1,G3_campaign,G3_campaign,m3star_graph_transition_xgboost_v0.1,1
C09-darpa-optc-sysclient0201-0923,stage,0.2,41,project05_m3star_h1_dual,1,3.0,1,C09-AA-002,3.0,1.0,0,0,0,m3star_graph_action_value_xgboost_v0.3,m3star_graph_action_value_xgboost_v0.3,m3star_graph_action_value_xgboost_v0.3,11.0,0,1,1,1,development,0,0,1.0,G3_campaign,1.0,1,G2_tactic_intent,1,0,1,1,1,1,,8,1,2.0,C09-AA-001,0.0,1,1,1,G3_campaign,G3_campaign,m3star_graph_transition_xgboost_v0.1,0
C09-darpa-optc-sysclient0201-0923,stage,0.2,41,project05_xgboost_policy,1,3.0,1,C09-AA-002,3.0,1.0,0,0,0,,,,11.0,0,1,1,,development,0,0,1.0,G3_campaign,1.0,1,G2_tactic_intent,1,0,,,,,,,,2.0,C09-AA-001,0.0,1,1,,G3_campaign,G3_campaign,,0
C09-darpa-optc-sysclient0201-0923,stage,0.2,41,project05_m3b_policy,1,5.0,2,C09-AA-004|C09-AA-002,5.0,3.0,0,0,0,,,,11.0,0,1,1,,development,0,0,1.0,G3_campaign,1.0,1,G2_tactic_intent,1,0,,,,,,,,2.0,C09-AA-001,0.6667,1,2,,G3_campaign,G3_campaign,,1
C09-darpa-optc-sysclient0201-0923,stage,0.2,41,project05_m2,1,2.0,1,C09-AA-001,2.0,0.0,1,0,0,,,,11.0,0,1,1,,development,0,0,1.0,G3_campaign,1.0,1,G2_tactic_intent,1,0,,,,,,,,2.0,C09-AA-001,0.0,1,1,,G3_campaign,G3_campaign,,0
C09-darpa-optc-sysclient0201-0923,stage,0.2,41,oracle_optimal,1,2.0,1,C09-AA-001,2.0,0.0,1,0,0,,,,11.0,0,1,1,,development,0,0,1.0,G3_campaign,1.0,1,G2_tactic_intent,1,0,,,,,,,,2.0,C09-AA-001,0.0,1,1,,G3_campaign,G3_campaign,,0
C09-darpa-optc-sysclient0201-0923,stage,0.2,53,project05_m3star_h3_dual,1,3.0,1,C09-AA-002,3.0,1.0,0,0,0,m3star_graph_action_value_xgboost_v0.3,m3star_graph_action_value_xgboost_v0.3,m3star_graph_action_value_xgboost_v0.3,11.0,0,1,1,1,development,0,0,1.0,G3_campaign,1.0,1,G2_tactic_intent,1,0,1,3,1,1,,8,1,2.0,C09-AA-001,0.0,1,1,1,G3_campaign,G3_campaign,m3star_graph_transition_xgboost_v0.1,0
C09-darpa-optc-sysclient0201-0923,stage,0.2,53,project05_m3star_h3_no_dominance_dual,1,2.0,1,C09-AA-001,2.0,0.0,1,0,0,m3star_graph_action_value_xgboost_v0.3,m3star_graph_action_value_xgboost_v0.3,m3star_graph_action_value_xgboost_v0.3,11.0,0,1,1,0,development,0,0,1.0,G3_campaign,1.0,1,G2_tactic_intent,1,0,1,3,0,1,,8,1,2.0,C09-AA-001,0.0,1,1,0,G3_campaign,G3_campaign,m3star_graph_transition_xgboost_v0.1,0
C09-darpa-optc-sysclient0201-0923,stage,0.2,53,project05_m3star_h3_unshielded_dual,1,3.0,1,C09-AA-002,3.0,1.0,0,0,0,m3star_graph_action_value_xgboost_v0.3,m3star_graph_action_value_xgboost_v0.3,m3star_graph_action_value_xgboost_v0.3,11.0,0,1,1,1,development,0,0,1.0,G3_campaign,1.0,1,G2_tactic_intent,1,0,0,3,1,1,,8,0,2.0,C09-AA-001,0.0,1,1,1,G3_campaign,G3_campaign,m3star_graph_transition_xgboost_v0.1,0
C09-darpa-optc-sysclient0201-0923,stage,0.2,53,project05_m3star_h3_transition_only,1,5.0,2,C09-AA-004|C09-AA-002,5.0,3.0,0,0,0,none,none,none,11.0,0,1,1,1,development,0,0,1.0,G3_campaign,1.0,1,G2_tactic_intent,1,0,1,3,1,0,,8,1,2.0,C09-AA-001,0.6667,1,2,1,G3_campaign,G3_campaign,m3star_graph_transition_xgboost_v0.1,1
C09-darpa-optc-sysclient0201-0923,stage,0.2,53,project05_m3star_h1_dual,1,3.0,1,C09-AA-002,3.0,1.0,0,0,0,m3star_graph_action_value_xgboost_v0.3,m3star_graph_action_value_xgboost_v0.3,m3star_graph_action_value_xgboost_v0.3,11.0,0,1,1,1,development,0,0,1.0,G3_campaign,1.0,1,G2_tactic_intent,1,0,1,1,1,1,,8,1,2.0,C09-AA-001,0.0,1,1,1,G3_campaign,G3_campaign,m3star_graph_transition_xgboost_v0.1,0
C09-darpa-optc-sysclient0201-0923,stage,0.2,53,project05_xgboost_policy,1,3.0,1,C09-AA-002,3.0,1.0,0,0,0,,,,11.0,0,1,1,,development,0,0,1.0,G3_campaign,1.0,1,G2_tactic_intent,1,0,,,,,,,,2.0,C09-AA-001,0.0,1,1,,G3_campaign,G3_campaign,,0
C09-darpa-optc-sysclient0201-0923,stage,0.2,53,project05_m3b_policy,1,5.0,2,C09-AA-004|C09-AA-002,5.0,3.0,0,0,0,,,,11.0,0,1,1,,development,0,0,1.0,G3_campaign,1.0,1,G2_tactic_intent,1,0,,,,,,,,2.0,C09-AA-001,0.6667,1,2,,G3_campaign,G3_campaign,,1
C09-darpa-optc-sysclient0201-0923,stage,0.2,53,project05_m2,1,2.0,1,C09-AA-001,2.0,0.0,1,0,0,,,,11.0,0,1,1,,development,0,0,1.0,G3_campaign,1.0,1,G2_tactic_intent,1,0,,,,,,,,2.0,C09-AA-001,0.0,1,1,,G3_campaign,G3_campaign,,0
C09-darpa-optc-sysclient0201-0923,stage,0.2,53,oracle_optimal,1,2.0,1,C09-AA-001,2.0,0.0,1,0,0,,,,11.0,0,1,1,,development,0,0,1.0,G3_campaign,1.0,1,G2_tactic_intent,1,0,,,,,,,,2.0,C09-AA-001,0.0,1,1,,G3_campaign,G3_campaign,,0
C09-darpa-optc-sysclient0201-0923,stage,0.4,11,project05_m3star_h3_dual,1,5.0,2,C09-AA-002|C09-AA-003,5.0,0.0,1,0,0,m3star_graph_action_value_xgboost_v0.3,m3star_graph_action_value_xgboost_v0.3,m3star_graph_action_value_xgboost_v0.3,11.0,0,1,1,0,development,0,0,1.0,G3_campaign,1.0,1,G2_tactic_intent,2,0,1,3,1,1,,8,1,5.0,C09-AA-002,0.2,2,2,1,G3_campaign,G3_campaign,m3star_graph_transition_xgboost_v0.1,0
C09-darpa-optc-sysclient0201-0923,stage,0.4,11,project05_m3star_h3_no_dominance_dual,1,7.0,3,C09-AA-001|C09-AA-002|C09-AA-003,7.0,2.0,0,0,0,m3star_graph_action_value_xgboost_v0.3,m3star_graph_action_value_xgboost_v0.3,m3star_graph_action_value_xgboost_v0.3,11.0,0,1,1,0,development,0,0,1.0,G3_campaign,1.0,1,G2_tactic_intent,2,0,1,3,0,1,,8,1,5.0,C09-AA-002,0.8667,2,3,0,G3_campaign,G3_campaign,m3star_graph_transition_xgboost_v0.1,1
C09-darpa-optc-sysclient0201-0923,stage,0.4,11,project05_m3star_h3_unshielded_dual,1,5.0,2,C09-AA-002|C09-AA-003,5.0,0.0,1,0,0,m3star_graph_action_value_xgboost_v0.3,m3star_graph_action_value_xgboost_v0.3,m3star_graph_action_value_xgboost_v0.3,11.0,0,1,1,1,development,0,0,1.0,G3_campaign,1.0,1,G2_tactic_intent,2,0,0,3,1,1,,8,0,5.0,C09-AA-002,0.2,2,2,1,G3_campaign,G3_campaign,m3star_graph_transition_xgboost_v0.1,0
C09-darpa-optc-sysclient0201-0923,stage,0.4,11,project05_m3star_h3_transition_only,1,5.0,2,C09-AA-002|C09-AA-003,5.0,0.0,1,0,0,none,none,none,11.0,0,1,1,0,development,0,0,1.0,G3_campaign,1.0,1,G2_tactic_intent,2,0,1,3,1,0,,8,1,5.0,C09-AA-002,0.2,2,2,1,G3_campaign,G3_campaign,m3star_graph_transition_xgboost_v0.1,0
C09-darpa-optc-sysclient0201-0923,stage,0.4,11,project05_m3star_h1_dual,1,5.0,2,C09-AA-002|C09-AA-003,5.0,0.0,1,0,0,m3star_graph_action_value_xgboost_v0.3,m3star_graph_action_value_xgboost_v0.3,m3star_graph_action_value_xgboost_v0.3,11.0,0,1,1,0,development,0,0,1.0,G3_campaign,1.0,1,G2_tactic_intent,2,0,1,1,1,1,,8,1,5.0,C09-AA-002,0.2,2,2,1,G3_campaign,G3_campaign,m3star_graph_transition_xgboost_v0.1,0
C09-darpa-optc-sysclient0201-0923,stage,0.4,11,project05_xgboost_policy,1,5.0,2,C09-AA-002|C09-AA-003,5.0,0.0,1,0,0,,,,11.0,0,1,1,,development,0,0,1.0,G3_campaign,1.0,1,G2_tactic_intent,2,0,,,,,,,,5.0,C09-AA-002,0.2,2,2,,G3_campaign,G3_campaign,,0
C09-darpa-optc-sysclient0201-0923,stage,0.4,11,project05_m3b_policy,1,5.0,2,C09-AA-002|C09-AA-003,5.0,0.0,1,0,0,,,,11.0,0,1,1,,development,0,0,1.0,G3_campaign,1.0,1,G2_tactic_intent,2,0,,,,,,,,5.0,C09-AA-002,0.2,2,2,,G3_campaign,G3_campaign,,0
C09-darpa-optc-sysclient0201-0923,stage,0.4,11,project05_m2,1,7.0,3,C09-AA-001|C09-AA-002|C09-AA-003,7.0,2.0,0,0,0,,,,11.0,0,1,1,,development,0,0,1.0,G3_campaign,1.0,1,G2_tactic_intent,2,0,,,,,,,,5.0,C09-AA-002,0.8667,2,3,,G3_campaign,G3_campaign,,1
C09-darpa-optc-sysclient0201-0923,stage,0.4,11,oracle_optimal,1,5.0,2,C09-AA-002|C09-AA-003,5.0,0.0,1,0,0,,,,11.0,0,1,1,,development,0,0,1.0,G3_campaign,1.0,1,G2_tactic_intent,2,0,,,,,,,,5.0,C09-AA-002,0.2,2,2,,G3_campaign,G3_campaign,,0
C09-darpa-optc-sysclient0201-0923,stage,0.4,23,project05_m3star_h3_dual,1,5.0,2,C09-AA-002|C09-AA-003,5.0,0.0,1,0,0,m3star_graph_action_value_xgboost_v0.3,m3star_graph_action_value_xgboost_v0.3,m3star_graph_action_value_xgboost_v0.3,11.0,0,1,1,0,development,0,0,1.0,G3_campaign,1.0,1,G2_tactic_intent,2,0,1,3,1,1,,8,1,5.0,C09-AA-002,0.2,2,2,1,G3_campaign,G3_campaign,m3star_graph_transition_xgboost_v0.1,0
C09-darpa-optc-sysclient0201-0923,stage,0.4,23,project05_m3star_h3_no_dominance_dual,1,7.0,3,C09-AA-001|C09-AA-002|C09-AA-003,7.0,2.0,0,0,0,m3star_graph_action_value_xgboost_v0.3,m3star_graph_action_value_xgboost_v0.3,m3star_graph_action_value_xgboost_v0.3,11.0,0,1,1,0,development,0,0,1.0,G3_campaign,1.0,1,G2_tactic_intent,2,0,1,3,0,1,,8,1,5.0,C09-AA-002,0.8667,2,3,0,G3_campaign,G3_campaign,m3star_graph_transition_xgboost_v0.1,1
C09-darpa-optc-sysclient0201-0923,stage,0.4,23,project05_m3star_h3_unshielded_dual,1,5.0,2,C09-AA-002|C09-AA-003,5.0,0.0,1,0,0,m3star_graph_action_value_xgboost_v0.3,m3star_graph_action_value_xgboost_v0.3,m3star_graph_action_value_xgboost_v0.3,11.0,0,1,1,1,development,0,0,1.0,G3_campaign,1.0,1,G2_tactic_intent,2,0,0,3,1,1,,8,0,5.0,C09-AA-002,0.2,2,2,1,G3_campaign,G3_campaign,m3star_graph_transition_xgboost_v0.1,0
C09-darpa-optc-sysclient0201-0923,stage,0.4,23,project05_m3star_h3_transition_only,1,5.0,2,C09-AA-002|C09-AA-003,5.0,0.0,1,0,0,none,none,none,11.0,0,1,1,0,development,0,0,1.0,G3_campaign,1.0,1,G2_tactic_intent,2,0,1,3,1,0,,8,1,5.0,C09-AA-002,0.2,2,2,1,G3_campaign,G3_campaign,m3star_graph_transition_xgboost_v0.1,0
C09-darpa-optc-sysclient0201-0923,stage,0.4,23,project05_m3star_h1_dual,1,5.0,2,C09-AA-002|C09-AA-003,5.0,0.0,1,0,0,m3star_graph_action_value_xgboost_v0.3,m3star_graph_action_value_xgboost_v0.3,m3star_graph_action_value_xgboost_v0.3,11.0,0,1,1,0,development,0,0,1.0,G3_campaign,1.0,1,G2_tactic_intent,2,0,1,1,1,1,,8,1,5.0,C09-AA-002,0.2,2,2,1,G3_campaign,G3_campaign,m3star_graph_transition_xgboost_v0.1,0
C09-darpa-optc-sysclient0201-0923,stage,0.4,23,project05_xgboost_policy,1,5.0,2,C09-AA-002|C09-AA-003,5.0,0.0,1,0,0,,,,11.0,0,1,1,,development,0,0,1.0,G3_campaign,1.0,1,G2_tactic_intent,2,0,,,,,,,,5.0,C09-AA-002,0.2,2,2,,G3_campaign,G3_campaign,,0
C09-darpa-optc-sysclient0201-0923,stage,0.4,23,project05_m3b_policy,1,5.0,2,C09-AA-002|C09-AA-003,5.0,0.0,1,0,0,,,,11.0,0,1,1,,development,0,0,1.0,G3_campaign,1.0,1,G2_tactic_intent,2,0,,,,,,,,5.0,C09-AA-002,0.2,2,2,,G3_campaign,G3_campaign,,0
C09-darpa-optc-sysclient0201-0923,stage,0.4,23,project05_m2,1,7.0,3,C09-AA-001|C09-AA-002|C09-AA-003,7.0,2.0,0,0,0,,,,11.0,0,1,1,,development,0,0,1.0,G3_campaign,1.0,1,G2_tactic_intent,2,0,,,,,,,,5.0,C09-AA-002,0.8667,2,3,,G3_campaign,G3_campaign,,1
C09-darpa-optc-sysclient0201-0923,stage,0.4,23,oracle_optimal,1,5.0,2,C09-AA-002|C09-AA-003,5.0,0.0,1,0,0,,,,11.0,0,1,1,,development,0,0,1.0,G3_campaign,1.0,1,G2_tactic_intent,2,0,,,,,,,,5.0,C09-AA-002,0.2,2,2,,G3_campaign,G3_campaign,,0
C09-darpa-optc-sysclient0201-0923,stage,0.4,37,project05_m3star_h3_dual,1,5.0,2,C09-AA-002|C09-AA-003,5.0,1.0,0,0,0,m3star_graph_action_value_xgboost_v0.3,m3star_graph_action_value_xgboost_v0.3,m3star_graph_action_value_xgboost_v0.3,11.0,0,1,1,0,development,0,0,1.0,G3_campaign,1.0,1,G2_tactic_intent,2,0,1,3,1,1,,8,1,4.0,C09-AA-001,0.2,2,2,1,G3_campaign,G3_campaign,m3star_graph_transition_xgboost_v0.1,0
C09-darpa-optc-sysclient0201-0923,stage,0.4,37,project05_m3star_h3_no_dominance_dual,1,4.0,2,C09-AA-001|C09-AA-003,4.0,0.0,1,0,0,m3star_graph_action_value_xgboost_v0.3,m3star_graph_action_value_xgboost_v0.3,m3star_graph_action_value_xgboost_v0.3,11.0,0,1,1,0,development,0,0,1.0,G3_campaign,1.0,1,G2_tactic_intent,2,0,1,3,0,1,,8,1,4.0,C09-AA-001,0.0,2,2,0,G3_campaign,G3_campaign,m3star_graph_transition_xgboost_v0.1,0
C09-darpa-optc-sysclient0201-0923,stage,0.4,37,project05_m3star_h3_unshielded_dual,1,5.0,2,C09-AA-002|C09-AA-003,5.0,1.0,0,0,0,m3star_graph_action_value_xgboost_v0.3,m3star_graph_action_value_xgboost_v0.3,m3star_graph_action_value_xgboost_v0.3,11.0,0,1,1,1,development,0,0,1.0,G3_campaign,1.0,1,G2_tactic_intent,2,0,0,3,1,1,,8,0,4.0,C09-AA-001,0.2,2,2,1,G3_campaign,G3_campaign,m3star_graph_transition_xgboost_v0.1,0
C09-darpa-optc-sysclient0201-0923,stage,0.4,37,project05_m3star_h3_transition_only,1,5.0,2,C09-AA-002|C09-AA-003,5.0,1.0,0,0,0,none,none,none,11.0,0,1,1,0,development,0,0,1.0,G3_campaign,1.0,1,G2_tactic_intent,2,0,1,3,1,0,,8,1,4.0,C09-AA-001,0.2,2,2,1,G3_campaign,G3_campaign,m3star_graph_transition_xgboost_v0.1,0
C09-darpa-optc-sysclient0201-0923,stage,0.4,37,project05_m3star_h1_dual,1,5.0,2,C09-AA-002|C09-AA-003,5.0,1.0,0,0,0,m3star_graph_action_value_xgboost_v0.3,m3star_graph_action_value_xgboost_v0.3,m3star_graph_action_value_xgboost_v0.3,11.0,0,1,1,0,development,0,0,1.0,G3_campaign,1.0,1,G2_tactic_intent,2,0,1,1,1,1,,8,1,4.0,C09-AA-001,0.2,2,2,1,G3_campaign,G3_campaign,m3star_graph_transition_xgboost_v0.1,0
C09-darpa-optc-sysclient0201-0923,stage,0.4,37,project05_xgboost_policy,1,5.0,2,C09-AA-002|C09-AA-003,5.0,1.0,0,0,0,,,,11.0,0,1,1,,development,0,0,1.0,G3_campaign,1.0,1,G2_tactic_intent,2,0,,,,,,,,4.0,C09-AA-001,0.2,2,2,,G3_campaign,G3_campaign,,0
C09-darpa-optc-sysclient0201-0923,stage,0.4,37,project05_m3b_policy,1,5.0,2,C09-AA-002|C09-AA-003,5.0,1.0,0,0,0,,,,11.0,0,1,1,,development,0,0,1.0,G3_campaign,1.0,1,G2_tactic_intent,2,0,,,,,,,,4.0,C09-AA-001,0.2,2,2,,G3_campaign,G3_campaign,,0
C09-darpa-optc-sysclient0201-0923,stage,0.4,37,project05_m2,1,4.0,2,C09-AA-001|C09-AA-003,4.0,0.0,1,0,0,,,,11.0,0,1,1,,development,0,0,1.0,G3_campaign,1.0,1,G2_tactic_intent,2,0,,,,,,,,4.0,C09-AA-001,0.0,2,2,,G3_campaign,G3_campaign,,0
C09-darpa-optc-sysclient0201-0923,stage,0.4,37,oracle_optimal,1,4.0,2,C09-AA-001|C09-AA-003,4.0,0.0,1,0,0,,,,11.0,0,1,1,,development,0,0,1.0,G3_campaign,1.0,1,G2_tactic_intent,2,0,,,,,,,,4.0,C09-AA-001,0.0,2,2,,G3_campaign,G3_campaign,,0
C09-darpa-optc-sysclient0201-0923,stage,0.4,41,project05_m3star_h3_dual,1,5.0,2,C09-AA-002|C09-AA-003,5.0,1.0,0,0,0,m3star_graph_action_value_xgboost_v0.3,m3star_graph_action_value_xgboost_v0.3,m3star_graph_action_value_xgboost_v0.3,11.0,0,1,1,0,development,0,0,1.0,G3_campaign,1.0,1,G2_tactic_intent,2,0,1,3,1,1,,8,1,4.0,C09-AA-001,0.2,2,2,1,G3_campaign,G3_campaign,m3star_graph_transition_xgboost_v0.1,0
C09-darpa-optc-sysclient0201-0923,stage,0.4,41,project05_m3star_h3_no_dominance_dual,1,4.0,2,C09-AA-001|C09-AA-003,4.0,0.0,1,0,0,m3star_graph_action_value_xgboost_v0.3,m3star_graph_action_value_xgboost_v0.3,m3star_graph_action_value_xgboost_v0.3,11.0,0,1,1,0,development,0,0,1.0,G3_campaign,1.0,1,G2_tactic_intent,2,0,1,3,0,1,,8,1,4.0,C09-AA-001,0.0,2,2,0,G3_campaign,G3_campaign,m3star_graph_transition_xgboost_v0.1,0
C09-darpa-optc-sysclient0201-0923,stage,0.4,41,project05_m3star_h3_unshielded_dual,1,5.0,2,C09-AA-002|C09-AA-003,5.0,1.0,0,0,0,m3star_graph_action_value_xgboost_v0.3,m3star_graph_action_value_xgboost_v0.3,m3star_graph_action_value_xgboost_v0.3,11.0,0,1,1,1,development,0,0,1.0,G3_campaign,1.0,1,G2_tactic_intent,2,0,0,3,1,1,,8,0,4.0,C09-AA-001,0.2,2,2,1,G3_campaign,G3_campaign,m3star_graph_transition_xgboost_v0.1,0
C09-darpa-optc-sysclient0201-0923,stage,0.4,41,project05_m3star_h3_transition_only,1,5.0,2,C09-AA-002|C09-AA-003,5.0,1.0,0,0,0,none,none,none,11.0,0,1,1,0,development,0,0,1.0,G3_campaign,1.0,1,G2_tactic_intent,2,0,1,3,1,0,,8,1,4.0,C09-AA-001,0.2,2,2,1,G3_campaign,G3_campaign,m3star_graph_transition_xgboost_v0.1,0
C09-darpa-optc-sysclient0201-0923,stage,0.4,41,project05_m3star_h1_dual,1,5.0,2,C09-AA-002|C09-AA-003,5.0,1.0,0,0,0,m3star_graph_action_value_xgboost_v0.3,m3star_graph_action_value_xgboost_v0.3,m3star_graph_action_value_xgboost_v0.3,11.0,0,1,1,0,development,0,0,1.0,G3_campaign,1.0,1,G2_tactic_intent,2,0,1,1,1,1,,8,1,4.0,C09-AA-001,0.2,2,2,1,G3_campaign,G3_campaign,m3star_graph_transition_xgboost_v0.1,0
C09-darpa-optc-sysclient0201-0923,stage,0.4,41,project05_xgboost_policy,1,5.0,2,C09-AA-002|C09-AA-003,5.0,1.0,0,0,0,,,,11.0,0,1,1,,development,0,0,1.0,G3_campaign,1.0,1,G2_tactic_intent,2,0,,,,,,,,4.0,C09-AA-001,0.2,2,2,,G3_campaign,G3_campaign,,0
C09-darpa-optc-sysclient0201-0923,stage,0.4,41,project05_m3b_policy,1,5.0,2,C09-AA-002|C09-AA-003,5.0,1.0,0,0,0,,,,11.0,0,1,1,,development,0,0,1.0,G3_campaign,1.0,1,G2_tactic_intent,2,0,,,,,,,,4.0,C09-AA-001,0.2,2,2,,G3_campaign,G3_campaign,,0
C09-darpa-optc-sysclient0201-0923,stage,0.4,41,project05_m2,1,4.0,2,C09-AA-001|C09-AA-003,4.0,0.0,1,0,0,,,,11.0,0,1,1,,development,0,0,1.0,G3_campaign,1.0,1,G2_tactic_intent,2,0,,,,,,,,4.0,C09-AA-001,0.0,2,2,,G3_campaign,G3_campaign,,0
C09-darpa-optc-sysclient0201-0923,stage,0.4,41,oracle_optimal,1,4.0,2,C09-AA-001|C09-AA-003,4.0,0.0,1,0,0,,,,11.0,0,1,1,,development,0,0,1.0,G3_campaign,1.0,1,G2_tactic_intent,2,0,,,,,,,,4.0,C09-AA-001,0.0,2,2,,G3_campaign,G3_campaign,,0
C09-darpa-optc-sysclient0201-0923,stage,0.4,53,project05_m3star_h3_dual,1,5.0,2,C09-AA-002|C09-AA-003,5.0,1.0,0,0,0,m3star_graph_action_value_xgboost_v0.3,m3star_graph_action_value_xgboost_v0.3,m3star_graph_action_value_xgboost_v0.3,11.0,0,1,1,0,development,0,0,1.0,G3_campaign,1.0,1,G2_tactic_intent,2,0,1,3,1,1,,8,1,4.0,C09-AA-001,0.2,2,2,1,G3_campaign,G3_campaign,m3star_graph_transition_xgboost_v0.1,0
C09-darpa-optc-sysclient0201-0923,stage,0.4,53,project05_m3star_h3_no_dominance_dual,1,4.0,2,C09-AA-001|C09-AA-003,4.0,0.0,1,0,0,m3star_graph_action_value_xgboost_v0.3,m3star_graph_action_value_xgboost_v0.3,m3star_graph_action_value_xgboost_v0.3,11.0,0,1,1,0,development,0,0,1.0,G3_campaign,1.0,1,G2_tactic_intent,2,0,1,3,0,1,,8,1,4.0,C09-AA-001,0.0,2,2,0,G3_campaign,G3_campaign,m3star_graph_transition_xgboost_v0.1,0
C09-darpa-optc-sysclient0201-0923,stage,0.4,53,project05_m3star_h3_unshielded_dual,1,5.0,2,C09-AA-002|C09-AA-003,5.0,1.0,0,0,0,m3star_graph_action_value_xgboost_v0.3,m3star_graph_action_value_xgboost_v0.3,m3star_graph_action_value_xgboost_v0.3,11.0,0,1,1,1,development,0,0,1.0,G3_campaign,1.0,1,G2_tactic_intent,2,0,0,3,1,1,,8,0,4.0,C09-AA-001,0.2,2,2,1,G3_campaign,G3_campaign,m3star_graph_transition_xgboost_v0.1,0
C09-darpa-optc-sysclient0201-0923,stage,0.4,53,project05_m3star_h3_transition_only,1,5.0,2,C09-AA-002|C09-AA-003,5.0,1.0,0,0,0,none,none,none,11.0,0,1,1,0,development,0,0,1.0,G3_campaign,1.0,1,G2_tactic_intent,2,0,1,3,1,0,,8,1,4.0,C09-AA-001,0.2,2,2,1,G3_campaign,G3_campaign,m3star_graph_transition_xgboost_v0.1,0
C09-darpa-optc-sysclient0201-0923,stage,0.4,53,project05_m3star_h1_dual,1,5.0,2,C09-AA-002|C09-AA-003,5.0,1.0,0,0,0,m3star_graph_action_value_xgboost_v0.3,m3star_graph_action_value_xgboost_v0.3,m3star_graph_action_value_xgboost_v0.3,11.0,0,1,1,0,development,0,0,1.0,G3_campaign,1.0,1,G2_tactic_intent,2,0,1,1,1,1,,8,1,4.0,C09-AA-001,0.2,2,2,1,G3_campaign,G3_campaign,m3star_graph_transition_xgboost_v0.1,0
C09-darpa-optc-sysclient0201-0923,stage,0.4,53,project05_xgboost_policy,1,5.0,2,C09-AA-002|C09-AA-003,5.0,1.0,0,0,0,,,,11.0,0,1,1,,development,0,0,1.0,G3_campaign,1.0,1,G2_tactic_intent,2,0,,,,,,,,4.0,C09-AA-001,0.2,2,2,,G3_campaign,G3_campaign,,0
C09-darpa-optc-sysclient0201-0923,stage,0.4,53,project05_m3b_policy,1,5.0,2,C09-AA-002|C09-AA-003,5.0,1.0,0,0,0,,,,11.0,0,1,1,,development,0,0,1.0,G3_campaign,1.0,1,G2_tactic_intent,2,0,,,,,,,,4.0,C09-AA-001,0.2,2,2,,G3_campaign,G3_campaign,,0
C09-darpa-optc-sysclient0201-0923,stage,0.4,53,project05_m2,1,4.0,2,C09-AA-001|C09-AA-003,4.0,0.0,1,0,0,,,,11.0,0,1,1,,development,0,0,1.0,G3_campaign,1.0,1,G2_tactic_intent,2,0,,,,,,,,4.0,C09-AA-001,0.0,2,2,,G3_campaign,G3_campaign,,0
C09-darpa-optc-sysclient0201-0923,stage,0.4,53,oracle_optimal,1,4.0,2,C09-AA-001|C09-AA-003,4.0,0.0,1,0,0,,,,11.0,0,1,1,,development,0,0,1.0,G3_campaign,1.0,1,G2_tactic_intent,2,0,,,,,,,,4.0,C09-AA-001,0.0,2,2,,G3_campaign,G3_campaign,,0
C09-darpa-optc-sysclient0201-0923,stage,0.6,11,project05_m3star_h3_dual,1,7.0,3,C09-AA-004|C09-AA-002|C09-AA-003,7.0,0.0,0,0,0,m3star_graph_action_value_xgboost_v0.3,m3star_graph_action_value_xgboost_v0.3,m3star_graph_action_value_xgboost_v0.3,11.0,0,1,1,0,development,0,0,1.0,G3_campaign,1.0,1,G1_technique,3,0,1,3,1,1,,8,1,7.0,C09-AA-002,0.8889,3,3,1,G3_campaign,G3_campaign,m3star_graph_transition_xgboost_v0.1,0
C09-darpa-optc-sysclient0201-0923,stage,0.6,11,project05_m3star_h3_no_dominance_dual,1,9.0,4,C09-AA-004|C09-AA-001|C09-AA-002|C09-AA-003,9.0,2.0,0,0,0,m3star_graph_action_value_xgboost_v0.3,m3star_graph_action_value_xgboost_v0.3,m3star_graph_action_value_xgboost_v0.3,11.0,0,1,1,0,development,0,0,1.0,G3_campaign,1.0,1,G1_technique,3,0,1,3,0,1,,8,1,7.0,C09-AA-002,0.8889,3,4,0,G3_campaign,G3_campaign,m3star_graph_transition_xgboost_v0.1,1
C09-darpa-optc-sysclient0201-0923,stage,0.6,11,project05_m3star_h3_unshielded_dual,1,7.0,3,C09-AA-004|C09-AA-002|C09-AA-003,7.0,0.0,0,0,0,m3star_graph_action_value_xgboost_v0.3,m3star_graph_action_value_xgboost_v0.3,m3star_graph_action_value_xgboost_v0.3,11.0,0,1,1,1,development,0,0,1.0,G3_campaign,1.0,1,G1_technique,3,0,0,3,1,1,,8,0,7.0,C09-AA-002,0.8889,3,3,1,G3_campaign,G3_campaign,m3star_graph_transition_xgboost_v0.1,0
C09-darpa-optc-sysclient0201-0923,stage,0.6,11,project05_m3star_h3_transition_only,1,7.0,3,C09-AA-004|C09-AA-002|C09-AA-003,7.0,0.0,0,0,0,none,none,none,11.0,0,1,1,0,development,0,0,1.0,G3_campaign,1.0,1,G1_technique,3,0,1,3,1,0,,8,1,7.0,C09-AA-002,0.8889,3,3,1,G3_campaign,G3_campaign,m3star_graph_transition_xgboost_v0.1,0
C09-darpa-optc-sysclient0201-0923,stage,0.6,11,project05_m3star_h1_dual,1,7.0,3,C09-AA-003|C09-AA-004|C09-AA-002,7.0,0.0,0,0,0,m3star_graph_action_value_xgboost_v0.3,m3star_graph_action_value_xgboost_v0.3,m3star_graph_action_value_xgboost_v0.3,11.0,0,1,1,1,development,0,0,1.0,G3_campaign,1.0,1,G1_technique,3,0,1,1,1,1,,8,1,7.0,C09-AA-002,0.8889,3,3,1,G3_campaign,G3_campaign,m3star_graph_transition_xgboost_v0.1,0
C09-darpa-optc-sysclient0201-0923,stage,0.6,11,project05_xgboost_policy,1,7.0,3,C09-AA-004|C09-AA-002|C09-AA-003,7.0,0.0,0,0,0,,,,11.0,0,1,1,,development,0,0,1.0,G3_campaign,1.0,1,G1_technique,3,0,,,,,,,,7.0,C09-AA-002,0.8889,3,3,,G3_campaign,G3_campaign,,0
C09-darpa-optc-sysclient0201-0923,stage,0.6,11,project05_m3b_policy,1,7.0,3,C09-AA-003|C09-AA-004|C09-AA-002,7.0,0.0,0,0,0,,,,11.0,0,1,1,,development,0,0,1.0,G3_campaign,1.0,1,G1_technique,3,0,,,,,,,,7.0,C09-AA-002,0.8889,3,3,,G3_campaign,G3_campaign,,0
C09-darpa-optc-sysclient0201-0923,stage,0.6,11,project05_m2,1,9.0,4,C09-AA-001|C09-AA-004|C09-AA-002|C09-AA-003,9.0,2.0,0,0,0,,,,11.0,0,1,1,,development,0,0,1.0,G3_campaign,1.0,1,G1_technique,3,0,,,,,,,,7.0,C09-AA-002,0.8889,3,4,,G3_campaign,G3_campaign,,1
C09-darpa-optc-sysclient0201-0923,stage,0.6,11,oracle_optimal,1,7.0,3,C09-AA-002|C09-AA-003|C09-AA-004,7.0,0.0,1,0,0,,,,11.0,0,1,1,,development,0,0,1.0,G3_campaign,1.0,1,G1_technique,3,0,,,,,,,,7.0,C09-AA-002,0.6444,3,3,,G3_campaign,G3_campaign,,0
C09-darpa-optc-sysclient0201-0923,stage,0.6,23,project05_m3star_h3_dual,1,7.0,3,C09-AA-004|C09-AA-002|C09-AA-003,7.0,0.0,0,0,0,m3star_graph_action_value_xgboost_v0.3,m3star_graph_action_value_xgboost_v0.3,m3star_graph_action_value_xgboost_v0.3,11.0,0,1,1,0,development,0,0,1.0,G3_campaign,1.0,1,G1_technique,3,0,1,3,1,1,,8,1,7.0,C09-AA-002,0.8889,3,3,1,G3_campaign,G3_campaign,m3star_graph_transition_xgboost_v0.1,0
C09-darpa-optc-sysclient0201-0923,stage,0.6,23,project05_m3star_h3_no_dominance_dual,1,9.0,4,C09-AA-004|C09-AA-001|C09-AA-002|C09-AA-003,9.0,2.0,0,0,0,m3star_graph_action_value_xgboost_v0.3,m3star_graph_action_value_xgboost_v0.3,m3star_graph_action_value_xgboost_v0.3,11.0,0,1,1,0,development,0,0,1.0,G3_campaign,1.0,1,G1_technique,3,0,1,3,0,1,,8,1,7.0,C09-AA-002,0.8889,3,4,0,G3_campaign,G3_campaign,m3star_graph_transition_xgboost_v0.1,1
C09-darpa-optc-sysclient0201-0923,stage,0.6,23,project05_m3star_h3_unshielded_dual,1,7.0,3,C09-AA-004|C09-AA-002|C09-AA-003,7.0,0.0,0,0,0,m3star_graph_action_value_xgboost_v0.3,m3star_graph_action_value_xgboost_v0.3,m3star_graph_action_value_xgboost_v0.3,11.0,0,1,1,1,development,0,0,1.0,G3_campaign,1.0,1,G1_technique,3,0,0,3,1,1,,8,0,7.0,C09-AA-002,0.8889,3,3,1,G3_campaign,G3_campaign,m3star_graph_transition_xgboost_v0.1,0
C09-darpa-optc-sysclient0201-0923,stage,0.6,23,project05_m3star_h3_transition_only,1,7.0,3,C09-AA-004|C09-AA-002|C09-AA-003,7.0,0.0,0,0,0,none,none,none,11.0,0,1,1,0,development,0,0,1.0,G3_campaign,1.0,1,G1_technique,3,0,1,3,1,0,,8,1,7.0,C09-AA-002,0.8889,3,3,1,G3_campaign,G3_campaign,m3star_graph_transition_xgboost_v0.1,0
C09-darpa-optc-sysclient0201-0923,stage,0.6,23,project05_m3star_h1_dual,1,7.0,3,C09-AA-003|C09-AA-004|C09-AA-002,7.0,0.0,0,0,0,m3star_graph_action_value_xgboost_v0.3,m3star_graph_action_value_xgboost_v0.3,m3star_graph_action_value_xgboost_v0.3,11.0,0,1,1,1,development,0,0,1.0,G3_campaign,1.0,1,G1_technique,3,0,1,1,1,1,,8,1,7.0,C09-AA-002,0.8889,3,3,1,G3_campaign,G3_campaign,m3star_graph_transition_xgboost_v0.1,0
C09-darpa-optc-sysclient0201-0923,stage,0.6,23,project05_xgboost_policy,1,7.0,3,C09-AA-004|C09-AA-002|C09-AA-003,7.0,0.0,0,0,0,,,,11.0,0,1,1,,development,0,0,1.0,G3_campaign,1.0,1,G1_technique,3,0,,,,,,,,7.0,C09-AA-002,0.8889,3,3,,G3_campaign,G3_campaign,,0
C09-darpa-optc-sysclient0201-0923,stage,0.6,23,project05_m3b_policy,1,7.0,3,C09-AA-003|C09-AA-004|C09-AA-002,7.0,0.0,0,0,0,,,,11.0,0,1,1,,development,0,0,1.0,G3_campaign,1.0,1,G1_technique,3,0,,,,,,,,7.0,C09-AA-002,0.8889,3,3,,G3_campaign,G3_campaign,,0
C09-darpa-optc-sysclient0201-0923,stage,0.6,23,project05_m2,1,9.0,4,C09-AA-001|C09-AA-004|C09-AA-002|C09-AA-003,9.0,2.0,0,0,0,,,,11.0,0,1,1,,development,0,0,1.0,G3_campaign,1.0,1,G1_technique,3,0,,,,,,,,7.0,C09-AA-002,0.8889,3,4,,G3_campaign,G3_campaign,,1
C09-darpa-optc-sysclient0201-0923,stage,0.6,23,oracle_optimal,1,7.0,3,C09-AA-002|C09-AA-003|C09-AA-004,7.0,0.0,1,0,0,,,,11.0,0,1,1,,development,0,0,1.0,G3_campaign,1.0,1,G1_technique,3,0,,,,,,,,7.0,C09-AA-002,0.6444,3,3,,G3_campaign,G3_campaign,,0
C09-darpa-optc-sysclient0201-0923,stage,0.6,37,project05_m3star_h3_dual,1,7.0,3,C09-AA-004|C09-AA-002|C09-AA-003,7.0,1.0,0,0,0,m3star_graph_action_value_xgboost_v0.3,m3star_graph_action_value_xgboost_v0.3,m3star_graph_action_value_xgboost_v0.3,11.0,0,1,1,0,development,0,0,1.0,G3_campaign,1.0,1,G1_technique,3,0,1,3,1,1,,8,1,6.0,C09-AA-001,0.8889,3,3,1,G3_campaign,G3_campaign,m3star_graph_transition_xgboost_v0.1,0
C09-darpa-optc-sysclient0201-0923,stage,0.6,37,project05_m3star_h3_no_dominance_dual,1,6.0,3,C09-AA-004|C09-AA-001|C09-AA-003,6.0,0.0,0,0,0,m3star_graph_action_value_xgboost_v0.3,m3star_graph_action_value_xgboost_v0.3,m3star_graph_action_value_xgboost_v0.3,11.0,0,1,1,0,development,0,0,1.0,G3_campaign,1.0,1,G1_technique,3,0,1,3,0,1,,8,1,6.0,C09-AA-001,0.2222,3,3,0,G3_campaign,G3_campaign,m3star_graph_transition_xgboost_v0.1,0
C09-darpa-optc-sysclient0201-0923,stage,0.6,37,project05_m3star_h3_unshielded_dual,1,7.0,3,C09-AA-004|C09-AA-002|C09-AA-003,7.0,1.0,0,0,0,m3star_graph_action_value_xgboost_v0.3,m3star_graph_action_value_xgboost_v0.3,m3star_graph_action_value_xgboost_v0.3,11.0,0,1,1,1,development,0,0,1.0,G3_campaign,1.0,1,G1_technique,3,0,0,3,1,1,,8,0,6.0,C09-AA-001,0.8889,3,3,1,G3_campaign,G3_campaign,m3star_graph_transition_xgboost_v0.1,0
C09-darpa-optc-sysclient0201-0923,stage,0.6,37,project05_m3star_h3_transition_only,1,7.0,3,C09-AA-004|C09-AA-002|C09-AA-003,7.0,1.0,0,0,0,none,none,none,11.0,0,1,1,0,development,0,0,1.0,G3_campaign,1.0,1,G1_technique,3,0,1,3,1,0,,8,1,6.0,C09-AA-001,0.8889,3,3,1,G3_campaign,G3_campaign,m3star_graph_transition_xgboost_v0.1,0
C09-darpa-optc-sysclient0201-0923,stage,0.6,37,project05_m3star_h1_dual,1,7.0,3,C09-AA-003|C09-AA-004|C09-AA-002,7.0,1.0,0,0,0,m3star_graph_action_value_xgboost_v0.3,m3star_graph_action_value_xgboost_v0.3,m3star_graph_action_value_xgboost_v0.3,11.0,0,1,1,1,development,0,0,1.0,G3_campaign,1.0,1,G1_technique,3,0,1,1,1,1,,8,1,6.0,C09-AA-001,0.8889,3,3,1,G3_campaign,G3_campaign,m3star_graph_transition_xgboost_v0.1,0
C09-darpa-optc-sysclient0201-0923,stage,0.6,37,project05_xgboost_policy,1,7.0,3,C09-AA-004|C09-AA-002|C09-AA-003,7.0,1.0,0,0,0,,,,11.0,0,1,1,,development,0,0,1.0,G3_campaign,1.0,1,G1_technique,3,0,,,,,,,,6.0,C09-AA-001,0.8889,3,3,,G3_campaign,G3_campaign,,0
C09-darpa-optc-sysclient0201-0923,stage,0.6,37,project05_m3b_policy,1,7.0,3,C09-AA-003|C09-AA-004|C09-AA-002,7.0,1.0,0,0,0,,,,11.0,0,1,1,,development,0,0,1.0,G3_campaign,1.0,1,G1_technique,3,0,,,,,,,,6.0,C09-AA-001,0.8889,3,3,,G3_campaign,G3_campaign,,0
C09-darpa-optc-sysclient0201-0923,stage,0.6,37,project05_m2,1,6.0,3,C09-AA-001|C09-AA-004|C09-AA-003,6.0,0.0,1,0,0,,,,11.0,0,1,1,,development,0,0,1.0,G3_campaign,1.0,1,G1_technique,3,0,,,,,,,,6.0,C09-AA-001,0.2222,3,3,,G3_campaign,G3_campaign,,0
C09-darpa-optc-sysclient0201-0923,stage,0.6,37,oracle_optimal,1,6.0,3,C09-AA-001|C09-AA-003|C09-AA-004,6.0,0.0,1,0,0,,,,11.0,0,1,1,,development,0,0,1.0,G3_campaign,1.0,1,G1_technique,3,0,,,,,,,,6.0,C09-AA-001,0.2222,3,3,,G3_campaign,G3_campaign,,0
C09-darpa-optc-sysclient0201-0923,stage,0.6,41,project05_m3star_h3_dual,1,7.0,3,C09-AA-004|C09-AA-002|C09-AA-003,7.0,1.0,0,0,0,m3star_graph_action_value_xgboost_v0.3,m3star_graph_action_value_xgboost_v0.3,m3star_graph_action_value_xgboost_v0.3,11.0,0,1,1,0,development,0,0,1.0,G3_campaign,1.0,1,G1_technique,3,0,1,3,1,1,,8,1,6.0,C09-AA-001,0.8889,3,3,1,G3_campaign,G3_campaign,m3star_graph_transition_xgboost_v0.1,0
C09-darpa-optc-sysclient0201-0923,stage,0.6,41,project05_m3star_h3_no_dominance_dual,1,6.0,3,C09-AA-004|C09-AA-001|C09-AA-003,6.0,0.0,0,0,0,m3star_graph_action_value_xgboost_v0.3,m3star_graph_action_value_xgboost_v0.3,m3star_graph_action_value_xgboost_v0.3,11.0,0,1,1,0,development,0,0,1.0,G3_campaign,1.0,1,G1_technique,3,0,1,3,0,1,,8,1,6.0,C09-AA-001,0.2222,3,3,0,G3_campaign,G3_campaign,m3star_graph_transition_xgboost_v0.1,0
C09-darpa-optc-sysclient0201-0923,stage,0.6,41,project05_m3star_h3_unshielded_dual,1,7.0,3,C09-AA-004|C09-AA-002|C09-AA-003,7.0,1.0,0,0,0,m3star_graph_action_value_xgboost_v0.3,m3star_graph_action_value_xgboost_v0.3,m3star_graph_action_value_xgboost_v0.3,11.0,0,1,1,1,development,0,0,1.0,G3_campaign,1.0,1,G1_technique,3,0,0,3,1,1,,8,0,6.0,C09-AA-001,0.8889,3,3,1,G3_campaign,G3_campaign,m3star_graph_transition_xgboost_v0.1,0
C09-darpa-optc-sysclient0201-0923,stage,0.6,41,project05_m3star_h3_transition_only,1,7.0,3,C09-AA-004|C09-AA-002|C09-AA-003,7.0,1.0,0,0,0,none,none,none,11.0,0,1,1,0,development,0,0,1.0,G3_campaign,1.0,1,G1_technique,3,0,1,3,1,0,,8,1,6.0,C09-AA-001,0.8889,3,3,1,G3_campaign,G3_campaign,m3star_graph_transition_xgboost_v0.1,0
C09-darpa-optc-sysclient0201-0923,stage,0.6,41,project05_m3star_h1_dual,1,7.0,3,C09-AA-003|C09-AA-004|C09-AA-002,7.0,1.0,0,0,0,m3star_graph_action_value_xgboost_v0.3,m3star_graph_action_value_xgboost_v0.3,m3star_graph_action_value_xgboost_v0.3,11.0,0,1,1,1,development,0,0,1.0,G3_campaign,1.0,1,G1_technique,3,0,1,1,1,1,,8,1,6.0,C09-AA-001,0.8889,3,3,1,G3_campaign,G3_campaign,m3star_graph_transition_xgboost_v0.1,0
C09-darpa-optc-sysclient0201-0923,stage,0.6,41,project05_xgboost_policy,1,7.0,3,C09-AA-004|C09-AA-002|C09-AA-003,7.0,1.0,0,0,0,,,,11.0,0,1,1,,development,0,0,1.0,G3_campaign,1.0,1,G1_technique,3,0,,,,,,,,6.0,C09-AA-001,0.8889,3,3,,G3_campaign,G3_campaign,,0
C09-darpa-optc-sysclient0201-0923,stage,0.6,41,project05_m3b_policy,1,7.0,3,C09-AA-003|C09-AA-004|C09-AA-002,7.0,1.0,0,0,0,,,,11.0,0,1,1,,development,0,0,1.0,G3_campaign,1.0,1,G1_technique,3,0,,,,,,,,6.0,C09-AA-001,0.8889,3,3,,G3_campaign,G3_campaign,,0
C09-darpa-optc-sysclient0201-0923,stage,0.6,41,project05_m2,1,6.0,3,C09-AA-001|C09-AA-004|C09-AA-003,6.0,0.0,1,0,0,,,,11.0,0,1,1,,development,0,0,1.0,G3_campaign,1.0,1,G1_technique,3,0,,,,,,,,6.0,C09-AA-001,0.2222,3,3,,G3_campaign,G3_campaign,,0
C09-darpa-optc-sysclient0201-0923,stage,0.6,41,oracle_optimal,1,6.0,3,C09-AA-001|C09-AA-003|C09-AA-004,6.0,0.0,1,0,0,,,,11.0,0,1,1,,development,0,0,1.0,G3_campaign,1.0,1,G1_technique,3,0,,,,,,,,6.0,C09-AA-001,0.2222,3,3,,G3_campaign,G3_campaign,,0
C09-darpa-optc-sysclient0201-0923,stage,0.6,53,project05_m3star_h3_dual,1,7.0,3,C09-AA-004|C09-AA-002|C09-AA-003,7.0,1.0,0,0,0,m3star_graph_action_value_xgboost_v0.3,m3star_graph_action_value_xgboost_v0.3,m3star_graph_action_value_xgboost_v0.3,11.0,0,1,1,0,development,0,0,1.0,G3_campaign,1.0,1,G1_technique,3,0,1,3,1,1,,8,1,6.0,C09-AA-001,0.8889,3,3,1,G3_campaign,G3_campaign,m3star_graph_transition_xgboost_v0.1,0
C09-darpa-optc-sysclient0201-0923,stage,0.6,53,project05_m3star_h3_no_dominance_dual,1,6.0,3,C09-AA-004|C09-AA-001|C09-AA-003,6.0,0.0,0,0,0,m3star_graph_action_value_xgboost_v0.3,m3star_graph_action_value_xgboost_v0.3,m3star_graph_action_value_xgboost_v0.3,11.0,0,1,1,0,development,0,0,1.0,G3_campaign,1.0,1,G1_technique,3,0,1,3,0,1,,8,1,6.0,C09-AA-001,0.2222,3,3,0,G3_campaign,G3_campaign,m3star_graph_transition_xgboost_v0.1,0
C09-darpa-optc-sysclient0201-0923,stage,0.6,53,project05_m3star_h3_unshielded_dual,1,7.0,3,C09-AA-004|C09-AA-002|C09-AA-003,7.0,1.0,0,0,0,m3star_graph_action_value_xgboost_v0.3,m3star_graph_action_value_xgboost_v0.3,m3star_graph_action_value_xgboost_v0.3,11.0,0,1,1,1,development,0,0,1.0,G3_campaign,1.0,1,G1_technique,3,0,0,3,1,1,,8,0,6.0,C09-AA-001,0.8889,3,3,1,G3_campaign,G3_campaign,m3star_graph_transition_xgboost_v0.1,0
C09-darpa-optc-sysclient0201-0923,stage,0.6,53,project05_m3star_h3_transition_only,1,7.0,3,C09-AA-004|C09-AA-002|C09-AA-003,7.0,1.0,0,0,0,none,none,none,11.0,0,1,1,0,development,0,0,1.0,G3_campaign,1.0,1,G1_technique,3,0,1,3,1,0,,8,1,6.0,C09-AA-001,0.8889,3,3,1,G3_campaign,G3_campaign,m3star_graph_transition_xgboost_v0.1,0
C09-darpa-optc-sysclient0201-0923,stage,0.6,53,project05_m3star_h1_dual,1,7.0,3,C09-AA-003|C09-AA-004|C09-AA-002,7.0,1.0,0,0,0,m3star_graph_action_value_xgboost_v0.3,m3star_graph_action_value_xgboost_v0.3,m3star_graph_action_value_xgboost_v0.3,11.0,0,1,1,1,development,0,0,1.0,G3_campaign,1.0,1,G1_technique,3,0,1,1,1,1,,8,1,6.0,C09-AA-001,0.8889,3,3,1,G3_campaign,G3_campaign,m3star_graph_transition_xgboost_v0.1,0
C09-darpa-optc-sysclient0201-0923,stage,0.6,53,project05_xgboost_policy,1,7.0,3,C09-AA-004|C09-AA-002|C09-AA-003,7.0,1.0,0,0,0,,,,11.0,0,1,1,,development,0,0,1.0,G3_campaign,1.0,1,G1_technique,3,0,,,,,,,,6.0,C09-AA-001,0.8889,3,3,,G3_campaign,G3_campaign,,0
C09-darpa-optc-sysclient0201-0923,stage,0.6,53,project05_m3b_policy,1,7.0,3,C09-AA-003|C09-AA-004|C09-AA-002,7.0,1.0,0,0,0,,,,11.0,0,1,1,,development,0,0,1.0,G3_campaign,1.0,1,G1_technique,3,0,,,,,,,,6.0,C09-AA-001,0.8889,3,3,,G3_campaign,G3_campaign,,0
C09-darpa-optc-sysclient0201-0923,stage,0.6,53,project05_m2,1,6.0,3,C09-AA-001|C09-AA-004|C09-AA-003,6.0,0.0,1,0,0,,,,11.0,0,1,1,,development,0,0,1.0,G3_campaign,1.0,1,G1_technique,3,0,,,,,,,,6.0,C09-AA-001,0.2222,3,3,,G3_campaign,G3_campaign,,0
C09-darpa-optc-sysclient0201-0923,stage,0.6,53,oracle_optimal,1,6.0,3,C09-AA-001|C09-AA-003|C09-AA-004,6.0,0.0,1,0,0,,,,11.0,0,1,1,,development,0,0,1.0,G3_campaign,1.0,1,G1_technique,3,0,,,,,,,,6.0,C09-AA-001,0.2222,3,3,,G3_campaign,G3_campaign,,0
C09-darpa-optc-sysclient0201-0923,discriminative,0.2,11,project05_m3star_h3_dual,1,3.0,1,C09-AA-002,3.0,0.0,1,0,0,m3star_graph_action_value_xgboost_v0.3,m3star_graph_action_value_xgboost_v0.3,m3star_graph_action_value_xgboost_v0.3,11.0,0,1,1,1,development,0,0,1.0,G3_campaign,1.0,1,G2_tactic_intent,1,0,1,3,1,1,,8,1,3.0,C09-AA-002,0.0,1,1,1,G3_campaign,G3_campaign,m3star_graph_transition_xgboost_v0.1,0
C09-darpa-optc-sysclient0201-0923,discriminative,0.2,11,project05_m3star_h3_no_dominance_dual,1,7.0,3,C09-AA-001|C09-AA-004|C09-AA-002,7.0,4.0,0,0,0,m3star_graph_action_value_xgboost_v0.3,m3star_graph_action_value_xgboost_v0.3,m3star_graph_action_value_xgboost_v0.3,11.0,0,1,1,0,development,0,0,1.0,G3_campaign,1.0,1,G2_tactic_intent,1,0,1,3,0,1,,8,1,3.0,C09-AA-002,0.6667,1,3,0,G3_campaign,G3_campaign,m3star_graph_transition_xgboost_v0.1,2
C09-darpa-optc-sysclient0201-0923,discriminative,0.2,11,project05_m3star_h3_unshielded_dual,1,3.0,1,C09-AA-002,3.0,0.0,1,0,0,m3star_graph_action_value_xgboost_v0.3,m3star_graph_action_value_xgboost_v0.3,m3star_graph_action_value_xgboost_v0.3,11.0,0,1,1,1,development,0,0,1.0,G3_campaign,1.0,1,G2_tactic_intent,1,0,0,3,1,1,,8,0,3.0,C09-AA-002,0.0,1,1,1,G3_campaign,G3_campaign,m3star_graph_transition_xgboost_v0.1,0
C09-darpa-optc-sysclient0201-0923,discriminative,0.2,11,project05_m3star_h3_transition_only,1,5.0,2,C09-AA-004|C09-AA-002,5.0,2.0,0,0,0,none,none,none,11.0,0,1,1,1,development,0,0,1.0,G3_campaign,1.0,1,G2_tactic_intent,1,0,1,3,1,0,,8,1,3.0,C09-AA-002,0.6667,1,2,1,G3_campaign,G3_campaign,m3star_graph_transition_xgboost_v0.1,1
C09-darpa-optc-sysclient0201-0923,discriminative,0.2,11,project05_m3star_h1_dual,1,3.0,1,C09-AA-002,3.0,0.0,1,0,0,m3star_graph_action_value_xgboost_v0.3,m3star_graph_action_value_xgboost_v0.3,m3star_graph_action_value_xgboost_v0.3,11.0,0,1,1,1,development,0,0,1.0,G3_campaign,1.0,1,G2_tactic_intent,1,0,1,1,1,1,,8,1,3.0,C09-AA-002,0.0,1,1,1,G3_campaign,G3_campaign,m3star_graph_transition_xgboost_v0.1,0
C09-darpa-optc-sysclient0201-0923,discriminative,0.2,11,project05_xgboost_policy,1,3.0,1,C09-AA-002,3.0,0.0,1,0,0,,,,11.0,0,1,1,,development,0,0,1.0,G3_campaign,1.0,1,G2_tactic_intent,1,0,,,,,,,,3.0,C09-AA-002,0.0,1,1,,G3_campaign,G3_campaign,,0
C09-darpa-optc-sysclient0201-0923,discriminative,0.2,11,project05_m3b_policy,1,5.0,2,C09-AA-004|C09-AA-002,5.0,2.0,0,0,0,,,,11.0,0,1,1,,development,0,0,1.0,G3_campaign,1.0,1,G2_tactic_intent,1,0,,,,,,,,3.0,C09-AA-002,0.6667,1,2,,G3_campaign,G3_campaign,,1
C09-darpa-optc-sysclient0201-0923,discriminative,0.2,11,project05_m2,1,5.0,2,C09-AA-001|C09-AA-002,5.0,2.0,0,0,0,,,,11.0,0,1,1,,development,0,0,1.0,G3_campaign,1.0,1,G2_tactic_intent,1,0,,,,,,,,3.0,C09-AA-002,0.6667,1,2,,G3_campaign,G3_campaign,,1
C09-darpa-optc-sysclient0201-0923,discriminative,0.2,11,oracle_optimal,1,3.0,1,C09-AA-002,3.0,0.0,1,0,0,,,,11.0,0,1,1,,development,0,0,1.0,G3_campaign,1.0,1,G2_tactic_intent,1,0,,,,,,,,3.0,C09-AA-002,0.0,1,1,,G3_campaign,G3_campaign,,0
C09-darpa-optc-sysclient0201-0923,discriminative,0.2,23,project05_m3star_h3_dual,1,3.0,1,C09-AA-002,3.0,0.0,1,0,0,m3star_graph_action_value_xgboost_v0.3,m3star_graph_action_value_xgboost_v0.3,m3star_graph_action_value_xgboost_v0.3,11.0,0,1,1,1,development,0,0,1.0,G3_campaign,1.0,1,G2_tactic_intent,1,0,1,3,1,1,,8,1,3.0,C09-AA-002,0.0,1,1,1,G3_campaign,G3_campaign,m3star_graph_transition_xgboost_v0.1,0
C09-darpa-optc-sysclient0201-0923,discriminative,0.2,23,project05_m3star_h3_no_dominance_dual,1,7.0,3,C09-AA-001|C09-AA-004|C09-AA-002,7.0,4.0,0,0,0,m3star_graph_action_value_xgboost_v0.3,m3star_graph_action_value_xgboost_v0.3,m3star_graph_action_value_xgboost_v0.3,11.0,0,1,1,0,development,0,0,1.0,G3_campaign,1.0,1,G2_tactic_intent,1,0,1,3,0,1,,8,1,3.0,C09-AA-002,0.6667,1,3,0,G3_campaign,G3_campaign,m3star_graph_transition_xgboost_v0.1,2
C09-darpa-optc-sysclient0201-0923,discriminative,0.2,23,project05_m3star_h3_unshielded_dual,1,3.0,1,C09-AA-002,3.0,0.0,1,0,0,m3star_graph_action_value_xgboost_v0.3,m3star_graph_action_value_xgboost_v0.3,m3star_graph_action_value_xgboost_v0.3,11.0,0,1,1,1,development,0,0,1.0,G3_campaign,1.0,1,G2_tactic_intent,1,0,0,3,1,1,,8,0,3.0,C09-AA-002,0.0,1,1,1,G3_campaign,G3_campaign,m3star_graph_transition_xgboost_v0.1,0
C09-darpa-optc-sysclient0201-0923,discriminative,0.2,23,project05_m3star_h3_transition_only,1,5.0,2,C09-AA-004|C09-AA-002,5.0,2.0,0,0,0,none,none,none,11.0,0,1,1,1,development,0,0,1.0,G3_campaign,1.0,1,G2_tactic_intent,1,0,1,3,1,0,,8,1,3.0,C09-AA-002,0.6667,1,2,1,G3_campaign,G3_campaign,m3star_graph_transition_xgboost_v0.1,1
C09-darpa-optc-sysclient0201-0923,discriminative,0.2,23,project05_m3star_h1_dual,1,3.0,1,C09-AA-002,3.0,0.0,1,0,0,m3star_graph_action_value_xgboost_v0.3,m3star_graph_action_value_xgboost_v0.3,m3star_graph_action_value_xgboost_v0.3,11.0,0,1,1,1,development,0,0,1.0,G3_campaign,1.0,1,G2_tactic_intent,1,0,1,1,1,1,,8,1,3.0,C09-AA-002,0.0,1,1,1,G3_campaign,G3_campaign,m3star_graph_transition_xgboost_v0.1,0
C09-darpa-optc-sysclient0201-0923,discriminative,0.2,23,project05_xgboost_policy,1,3.0,1,C09-AA-002,3.0,0.0,1,0,0,,,,11.0,0,1,1,,development,0,0,1.0,G3_campaign,1.0,1,G2_tactic_intent,1,0,,,,,,,,3.0,C09-AA-002,0.0,1,1,,G3_campaign,G3_campaign,,0
C09-darpa-optc-sysclient0201-0923,discriminative,0.2,23,project05_m3b_policy,1,5.0,2,C09-AA-004|C09-AA-002,5.0,2.0,0,0,0,,,,11.0,0,1,1,,development,0,0,1.0,G3_campaign,1.0,1,G2_tactic_intent,1,0,,,,,,,,3.0,C09-AA-002,0.6667,1,2,,G3_campaign,G3_campaign,,1
C09-darpa-optc-sysclient0201-0923,discriminative,0.2,23,project05_m2,1,5.0,2,C09-AA-001|C09-AA-002,5.0,2.0,0,0,0,,,,11.0,0,1,1,,development,0,0,1.0,G3_campaign,1.0,1,G2_tactic_intent,1,0,,,,,,,,3.0,C09-AA-002,0.6667,1,2,,G3_campaign,G3_campaign,,1
C09-darpa-optc-sysclient0201-0923,discriminative,0.2,23,oracle_optimal,1,3.0,1,C09-AA-002,3.0,0.0,1,0,0,,,,11.0,0,1,1,,development,0,0,1.0,G3_campaign,1.0,1,G2_tactic_intent,1,0,,,,,,,,3.0,C09-AA-002,0.0,1,1,,G3_campaign,G3_campaign,,0
C09-darpa-optc-sysclient0201-0923,discriminative,0.2,37,project05_m3star_h3_dual,1,3.0,1,C09-AA-002,3.0,1.0,0,0,0,m3star_graph_action_value_xgboost_v0.3,m3star_graph_action_value_xgboost_v0.3,m3star_graph_action_value_xgboost_v0.3,11.0,0,1,1,1,development,0,0,1.0,G3_campaign,1.0,1,G2_tactic_intent,1,0,1,3,1,1,,8,1,2.0,C09-AA-001,0.0,1,1,1,G3_campaign,G3_campaign,m3star_graph_transition_xgboost_v0.1,0
C09-darpa-optc-sysclient0201-0923,discriminative,0.2,37,project05_m3star_h3_no_dominance_dual,1,2.0,1,C09-AA-001,2.0,0.0,1,0,0,m3star_graph_action_value_xgboost_v0.3,m3star_graph_action_value_xgboost_v0.3,m3star_graph_action_value_xgboost_v0.3,11.0,0,1,1,0,development,0,0,1.0,G3_campaign,1.0,1,G2_tactic_intent,1,0,1,3,0,1,,8,1,2.0,C09-AA-001,0.0,1,1,0,G3_campaign,G3_campaign,m3star_graph_transition_xgboost_v0.1,0
C09-darpa-optc-sysclient0201-0923,discriminative,0.2,37,project05_m3star_h3_unshielded_dual,1,3.0,1,C09-AA-002,3.0,1.0,0,0,0,m3star_graph_action_value_xgboost_v0.3,m3star_graph_action_value_xgboost_v0.3,m3star_graph_action_value_xgboost_v0.3,11.0,0,1,1,1,development,0,0,1.0,G3_campaign,1.0,1,G2_tactic_intent,1,0,0,3,1,1,,8,0,2.0,C09-AA-001,0.0,1,1,1,G3_campaign,G3_campaign,m3star_graph_transition_xgboost_v0.1,0
C09-darpa-optc-sysclient0201-0923,discriminative,0.2,37,project05_m3star_h3_transition_only,1,5.0,2,C09-AA-004|C09-AA-002,5.0,3.0,0,0,0,none,none,none,11.0,0,1,1,1,development,0,0,1.0,G3_campaign,1.0,1,G2_tactic_intent,1,0,1,3,1,0,,8,1,2.0,C09-AA-001,0.6667,1,2,1,G3_campaign,G3_campaign,m3star_graph_transition_xgboost_v0.1,1
C09-darpa-optc-sysclient0201-0923,discriminative,0.2,37,project05_m3star_h1_dual,1,3.0,1,C09-AA-002,3.0,1.0,0,0,0,m3star_graph_action_value_xgboost_v0.3,m3star_graph_action_value_xgboost_v0.3,m3star_graph_action_value_xgboost_v0.3,11.0,0,1,1,1,development,0,0,1.0,G3_campaign,1.0,1,G2_tactic_intent,1,0,1,1,1,1,,8,1,2.0,C09-AA-001,0.0,1,1,1,G3_campaign,G3_campaign,m3star_graph_transition_xgboost_v0.1,0
C09-darpa-optc-sysclient0201-0923,discriminative,0.2,37,project05_xgboost_policy,1,3.0,1,C09-AA-002,3.0,1.0,0,0,0,,,,11.0,0,1,1,,development,0,0,1.0,G3_campaign,1.0,1,G2_tactic_intent,1,0,,,,,,,,2.0,C09-AA-001,0.0,1,1,,G3_campaign,G3_campaign,,0
C09-darpa-optc-sysclient0201-0923,discriminative,0.2,37,project05_m3b_policy,1,5.0,2,C09-AA-004|C09-AA-002,5.0,3.0,0,0,0,,,,11.0,0,1,1,,development,0,0,1.0,G3_campaign,1.0,1,G2_tactic_intent,1,0,,,,,,,,2.0,C09-AA-001,0.6667,1,2,,G3_campaign,G3_campaign,,1
C09-darpa-optc-sysclient0201-0923,discriminative,0.2,37,project05_m2,1,2.0,1,C09-AA-001,2.0,0.0,1,0,0,,,,11.0,0,1,1,,development,0,0,1.0,G3_campaign,1.0,1,G2_tactic_intent,1,0,,,,,,,,2.0,C09-AA-001,0.0,1,1,,G3_campaign,G3_campaign,,0
C09-darpa-optc-sysclient0201-0923,discriminative,0.2,37,oracle_optimal,1,2.0,1,C09-AA-001,2.0,0.0,1,0,0,,,,11.0,0,1,1,,development,0,0,1.0,G3_campaign,1.0,1,G2_tactic_intent,1,0,,,,,,,,2.0,C09-AA-001,0.0,1,1,,G3_campaign,G3_campaign,,0
C09-darpa-optc-sysclient0201-0923,discriminative,0.2,41,project05_m3star_h3_dual,1,3.0,1,C09-AA-002,3.0,1.0,0,0,0,m3star_graph_action_value_xgboost_v0.3,m3star_graph_action_value_xgboost_v0.3,m3star_graph_action_value_xgboost_v0.3,11.0,0,1,1,1,development,0,0,1.0,G3_campaign,1.0,1,G2_tactic_intent,1,0,1,3,1,1,,8,1,2.0,C09-AA-001,0.0,1,1,1,G3_campaign,G3_campaign,m3star_graph_transition_xgboost_v0.1,0
C09-darpa-optc-sysclient0201-0923,discriminative,0.2,41,project05_m3star_h3_no_dominance_dual,1,2.0,1,C09-AA-001,2.0,0.0,1,0,0,m3star_graph_action_value_xgboost_v0.3,m3star_graph_action_value_xgboost_v0.3,m3star_graph_action_value_xgboost_v0.3,11.0,0,1,1,0,development,0,0,1.0,G3_campaign,1.0,1,G2_tactic_intent,1,0,1,3,0,1,,8,1,2.0,C09-AA-001,0.0,1,1,0,G3_campaign,G3_campaign,m3star_graph_transition_xgboost_v0.1,0
C09-darpa-optc-sysclient0201-0923,discriminative,0.2,41,project05_m3star_h3_unshielded_dual,1,3.0,1,C09-AA-002,3.0,1.0,0,0,0,m3star_graph_action_value_xgboost_v0.3,m3star_graph_action_value_xgboost_v0.3,m3star_graph_action_value_xgboost_v0.3,11.0,0,1,1,1,development,0,0,1.0,G3_campaign,1.0,1,G2_tactic_intent,1,0,0,3,1,1,,8,0,2.0,C09-AA-001,0.0,1,1,1,G3_campaign,G3_campaign,m3star_graph_transition_xgboost_v0.1,0
C09-darpa-optc-sysclient0201-0923,discriminative,0.2,41,project05_m3star_h3_transition_only,1,5.0,2,C09-AA-004|C09-AA-002,5.0,3.0,0,0,0,none,none,none,11.0,0,1,1,1,development,0,0,1.0,G3_campaign,1.0,1,G2_tactic_intent,1,0,1,3,1,0,,8,1,2.0,C09-AA-001,0.6667,1,2,1,G3_campaign,G3_campaign,m3star_graph_transition_xgboost_v0.1,1
C09-darpa-optc-sysclient0201-0923,discriminative,0.2,41,project05_m3star_h1_dual,1,3.0,1,C09-AA-002,3.0,1.0,0,0,0,m3star_graph_action_value_xgboost_v0.3,m3star_graph_action_value_xgboost_v0.3,m3star_graph_action_value_xgboost_v0.3,11.0,0,1,1,1,development,0,0,1.0,G3_campaign,1.0,1,G2_tactic_intent,1,0,1,1,1,1,,8,1,2.0,C09-AA-001,0.0,1,1,1,G3_campaign,G3_campaign,m3star_graph_transition_xgboost_v0.1,0
C09-darpa-optc-sysclient0201-0923,discriminative,0.2,41,project05_xgboost_policy,1,3.0,1,C09-AA-002,3.0,1.0,0,0,0,,,,11.0,0,1,1,,development,0,0,1.0,G3_campaign,1.0,1,G2_tactic_intent,1,0,,,,,,,,2.0,C09-AA-001,0.0,1,1,,G3_campaign,G3_campaign,,0
C09-darpa-optc-sysclient0201-0923,discriminative,0.2,41,project05_m3b_policy,1,5.0,2,C09-AA-004|C09-AA-002,5.0,3.0,0,0,0,,,,11.0,0,1,1,,development,0,0,1.0,G3_campaign,1.0,1,G2_tactic_intent,1,0,,,,,,,,2.0,C09-AA-001,0.6667,1,2,,G3_campaign,G3_campaign,,1
C09-darpa-optc-sysclient0201-0923,discriminative,0.2,41,project05_m2,1,2.0,1,C09-AA-001,2.0,0.0,1,0,0,,,,11.0,0,1,1,,development,0,0,1.0,G3_campaign,1.0,1,G2_tactic_intent,1,0,,,,,,,,2.0,C09-AA-001,0.0,1,1,,G3_campaign,G3_campaign,,0
C09-darpa-optc-sysclient0201-0923,discriminative,0.2,41,oracle_optimal,1,2.0,1,C09-AA-001,2.0,0.0,1,0,0,,,,11.0,0,1,1,,development,0,0,1.0,G3_campaign,1.0,1,G2_tactic_intent,1,0,,,,,,,,2.0,C09-AA-001,0.0,1,1,,G3_campaign,G3_campaign,,0
C09-darpa-optc-sysclient0201-0923,discriminative,0.2,53,project05_m3star_h3_dual,1,3.0,1,C09-AA-002,3.0,1.0,0,0,0,m3star_graph_action_value_xgboost_v0.3,m3star_graph_action_value_xgboost_v0.3,m3star_graph_action_value_xgboost_v0.3,11.0,0,1,1,1,development,0,0,1.0,G3_campaign,1.0,1,G2_tactic_intent,1,0,1,3,1,1,,8,1,2.0,C09-AA-001,0.0,1,1,1,G3_campaign,G3_campaign,m3star_graph_transition_xgboost_v0.1,0
C09-darpa-optc-sysclient0201-0923,discriminative,0.2,53,project05_m3star_h3_no_dominance_dual,1,2.0,1,C09-AA-001,2.0,0.0,1,0,0,m3star_graph_action_value_xgboost_v0.3,m3star_graph_action_value_xgboost_v0.3,m3star_graph_action_value_xgboost_v0.3,11.0,0,1,1,0,development,0,0,1.0,G3_campaign,1.0,1,G2_tactic_intent,1,0,1,3,0,1,,8,1,2.0,C09-AA-001,0.0,1,1,0,G3_campaign,G3_campaign,m3star_graph_transition_xgboost_v0.1,0
C09-darpa-optc-sysclient0201-0923,discriminative,0.2,53,project05_m3star_h3_unshielded_dual,1,3.0,1,C09-AA-002,3.0,1.0,0,0,0,m3star_graph_action_value_xgboost_v0.3,m3star_graph_action_value_xgboost_v0.3,m3star_graph_action_value_xgboost_v0.3,11.0,0,1,1,1,development,0,0,1.0,G3_campaign,1.0,1,G2_tactic_intent,1,0,0,3,1,1,,8,0,2.0,C09-AA-001,0.0,1,1,1,G3_campaign,G3_campaign,m3star_graph_transition_xgboost_v0.1,0
C09-darpa-optc-sysclient0201-0923,discriminative,0.2,53,project05_m3star_h3_transition_only,1,5.0,2,C09-AA-004|C09-AA-002,5.0,3.0,0,0,0,none,none,none,11.0,0,1,1,1,development,0,0,1.0,G3_campaign,1.0,1,G2_tactic_intent,1,0,1,3,1,0,,8,1,2.0,C09-AA-001,0.6667,1,2,1,G3_campaign,G3_campaign,m3star_graph_transition_xgboost_v0.1,1
C09-darpa-optc-sysclient0201-0923,discriminative,0.2,53,project05_m3star_h1_dual,1,3.0,1,C09-AA-002,3.0,1.0,0,0,0,m3star_graph_action_value_xgboost_v0.3,m3star_graph_action_value_xgboost_v0.3,m3star_graph_action_value_xgboost_v0.3,11.0,0,1,1,1,development,0,0,1.0,G3_campaign,1.0,1,G2_tactic_intent,1,0,1,1,1,1,,8,1,2.0,C09-AA-001,0.0,1,1,1,G3_campaign,G3_campaign,m3star_graph_transition_xgboost_v0.1,0
C09-darpa-optc-sysclient0201-0923,discriminative,0.2,53,project05_xgboost_policy,1,3.0,1,C09-AA-002,3.0,1.0,0,0,0,,,,11.0,0,1,1,,development,0,0,1.0,G3_campaign,1.0,1,G2_tactic_intent,1,0,,,,,,,,2.0,C09-AA-001,0.0,1,1,,G3_campaign,G3_campaign,,0
C09-darpa-optc-sysclient0201-0923,discriminative,0.2,53,project05_m3b_policy,1,5.0,2,C09-AA-004|C09-AA-002,5.0,3.0,0,0,0,,,,11.0,0,1,1,,development,0,0,1.0,G3_campaign,1.0,1,G2_tactic_intent,1,0,,,,,,,,2.0,C09-AA-001,0.6667,1,2,,G3_campaign,G3_campaign,,1
C09-darpa-optc-sysclient0201-0923,discriminative,0.2,53,project05_m2,1,2.0,1,C09-AA-001,2.0,0.0,1,0,0,,,,11.0,0,1,1,,development,0,0,1.0,G3_campaign,1.0,1,G2_tactic_intent,1,0,,,,,,,,2.0,C09-AA-001,0.0,1,1,,G3_campaign,G3_campaign,,0
C09-darpa-optc-sysclient0201-0923,discriminative,0.2,53,oracle_optimal,1,2.0,1,C09-AA-001,2.0,0.0,1,0,0,,,,11.0,0,1,1,,development,0,0,1.0,G3_campaign,1.0,1,G2_tactic_intent,1,0,,,,,,,,2.0,C09-AA-001,0.0,1,1,,G3_campaign,G3_campaign,,0
C09-darpa-optc-sysclient0201-0923,discriminative,0.4,11,project05_m3star_h3_dual,1,5.0,2,C09-AA-002|C09-AA-003,5.0,0.0,1,0,0,m3star_graph_action_value_xgboost_v0.3,m3star_graph_action_value_xgboost_v0.3,m3star_graph_action_value_xgboost_v0.3,11.0,0,1,1,0,development,0,0,1.0,G3_campaign,1.0,1,G2_tactic_intent,2,0,1,3,1,1,,8,1,5.0,C09-AA-002,0.2,2,2,1,G3_campaign,G3_campaign,m3star_graph_transition_xgboost_v0.1,0
C09-darpa-optc-sysclient0201-0923,discriminative,0.4,11,project05_m3star_h3_no_dominance_dual,1,7.0,3,C09-AA-001|C09-AA-002|C09-AA-003,7.0,2.0,0,0,0,m3star_graph_action_value_xgboost_v0.3,m3star_graph_action_value_xgboost_v0.3,m3star_graph_action_value_xgboost_v0.3,11.0,0,1,1,0,development,0,0,1.0,G3_campaign,1.0,1,G2_tactic_intent,2,0,1,3,0,1,,8,1,5.0,C09-AA-002,0.8667,2,3,0,G3_campaign,G3_campaign,m3star_graph_transition_xgboost_v0.1,1
C09-darpa-optc-sysclient0201-0923,discriminative,0.4,11,project05_m3star_h3_unshielded_dual,1,5.0,2,C09-AA-002|C09-AA-003,5.0,0.0,1,0,0,m3star_graph_action_value_xgboost_v0.3,m3star_graph_action_value_xgboost_v0.3,m3star_graph_action_value_xgboost_v0.3,11.0,0,1,1,1,development,0,0,1.0,G3_campaign,1.0,1,G2_tactic_intent,2,0,0,3,1,1,,8,0,5.0,C09-AA-002,0.2,2,2,1,G3_campaign,G3_campaign,m3star_graph_transition_xgboost_v0.1,0
C09-darpa-optc-sysclient0201-0923,discriminative,0.4,11,project05_m3star_h3_transition_only,1,5.0,2,C09-AA-002|C09-AA-003,5.0,0.0,1,0,0,none,none,none,11.0,0,1,1,0,development,0,0,1.0,G3_campaign,1.0,1,G2_tactic_intent,2,0,1,3,1,0,,8,1,5.0,C09-AA-002,0.2,2,2,1,G3_campaign,G3_campaign,m3star_graph_transition_xgboost_v0.1,0
C09-darpa-optc-sysclient0201-0923,discriminative,0.4,11,project05_m3star_h1_dual,1,5.0,2,C09-AA-002|C09-AA-003,5.0,0.0,1,0,0,m3star_graph_action_value_xgboost_v0.3,m3star_graph_action_value_xgboost_v0.3,m3star_graph_action_value_xgboost_v0.3,11.0,0,1,1,0,development,0,0,1.0,G3_campaign,1.0,1,G2_tactic_intent,2,0,1,1,1,1,,8,1,5.0,C09-AA-002,0.2,2,2,1,G3_campaign,G3_campaign,m3star_graph_transition_xgboost_v0.1,0
C09-darpa-optc-sysclient0201-0923,discriminative,0.4,11,project05_xgboost_policy,1,5.0,2,C09-AA-002|C09-AA-003,5.0,0.0,1,0,0,,,,11.0,0,1,1,,development,0,0,1.0,G3_campaign,1.0,1,G2_tactic_intent,2,0,,,,,,,,5.0,C09-AA-002,0.2,2,2,,G3_campaign,G3_campaign,,0
C09-darpa-optc-sysclient0201-0923,discriminative,0.4,11,project05_m3b_policy,1,5.0,2,C09-AA-002|C09-AA-003,5.0,0.0,1,0,0,,,,11.0,0,1,1,,development,0,0,1.0,G3_campaign,1.0,1,G2_tactic_intent,2,0,,,,,,,,5.0,C09-AA-002,0.2,2,2,,G3_campaign,G3_campaign,,0
C09-darpa-optc-sysclient0201-0923,discriminative,0.4,11,project05_m2,1,7.0,3,C09-AA-001|C09-AA-002|C09-AA-003,7.0,2.0,0,0,0,,,,11.0,0,1,1,,development,0,0,1.0,G3_campaign,1.0,1,G2_tactic_intent,2,0,,,,,,,,5.0,C09-AA-002,0.8667,2,3,,G3_campaign,G3_campaign,,1
C09-darpa-optc-sysclient0201-0923,discriminative,0.4,11,oracle_optimal,1,5.0,2,C09-AA-002|C09-AA-003,5.0,0.0,1,0,0,,,,11.0,0,1,1,,development,0,0,1.0,G3_campaign,1.0,1,G2_tactic_intent,2,0,,,,,,,,5.0,C09-AA-002,0.2,2,2,,G3_campaign,G3_campaign,,0
C09-darpa-optc-sysclient0201-0923,discriminative,0.4,23,project05_m3star_h3_dual,1,5.0,2,C09-AA-002|C09-AA-003,5.0,0.0,1,0,0,m3star_graph_action_value_xgboost_v0.3,m3star_graph_action_value_xgboost_v0.3,m3star_graph_action_value_xgboost_v0.3,11.0,0,1,1,0,development,0,0,1.0,G3_campaign,1.0,1,G2_tactic_intent,2,0,1,3,1,1,,8,1,5.0,C09-AA-002,0.2,2,2,1,G3_campaign,G3_campaign,m3star_graph_transition_xgboost_v0.1,0
C09-darpa-optc-sysclient0201-0923,discriminative,0.4,23,project05_m3star_h3_no_dominance_dual,1,7.0,3,C09-AA-001|C09-AA-002|C09-AA-003,7.0,2.0,0,0,0,m3star_graph_action_value_xgboost_v0.3,m3star_graph_action_value_xgboost_v0.3,m3star_graph_action_value_xgboost_v0.3,11.0,0,1,1,0,development,0,0,1.0,G3_campaign,1.0,1,G2_tactic_intent,2,0,1,3,0,1,,8,1,5.0,C09-AA-002,0.8667,2,3,0,G3_campaign,G3_campaign,m3star_graph_transition_xgboost_v0.1,1
C09-darpa-optc-sysclient0201-0923,discriminative,0.4,23,project05_m3star_h3_unshielded_dual,1,5.0,2,C09-AA-002|C09-AA-003,5.0,0.0,1,0,0,m3star_graph_action_value_xgboost_v0.3,m3star_graph_action_value_xgboost_v0.3,m3star_graph_action_value_xgboost_v0.3,11.0,0,1,1,1,development,0,0,1.0,G3_campaign,1.0,1,G2_tactic_intent,2,0,0,3,1,1,,8,0,5.0,C09-AA-002,0.2,2,2,1,G3_campaign,G3_campaign,m3star_graph_transition_xgboost_v0.1,0
C09-darpa-optc-sysclient0201-0923,discriminative,0.4,23,project05_m3star_h3_transition_only,1,5.0,2,C09-AA-002|C09-AA-003,5.0,0.0,1,0,0,none,none,none,11.0,0,1,1,0,development,0,0,1.0,G3_campaign,1.0,1,G2_tactic_intent,2,0,1,3,1,0,,8,1,5.0,C09-AA-002,0.2,2,2,1,G3_campaign,G3_campaign,m3star_graph_transition_xgboost_v0.1,0
C09-darpa-optc-sysclient0201-0923,discriminative,0.4,23,project05_m3star_h1_dual,1,5.0,2,C09-AA-002|C09-AA-003,5.0,0.0,1,0,0,m3star_graph_action_value_xgboost_v0.3,m3star_graph_action_value_xgboost_v0.3,m3star_graph_action_value_xgboost_v0.3,11.0,0,1,1,0,development,0,0,1.0,G3_campaign,1.0,1,G2_tactic_intent,2,0,1,1,1,1,,8,1,5.0,C09-AA-002,0.2,2,2,1,G3_campaign,G3_campaign,m3star_graph_transition_xgboost_v0.1,0
C09-darpa-optc-sysclient0201-0923,discriminative,0.4,23,project05_xgboost_policy,1,5.0,2,C09-AA-002|C09-AA-003,5.0,0.0,1,0,0,,,,11.0,0,1,1,,development,0,0,1.0,G3_campaign,1.0,1,G2_tactic_intent,2,0,,,,,,,,5.0,C09-AA-002,0.2,2,2,,G3_campaign,G3_campaign,,0
C09-darpa-optc-sysclient0201-0923,discriminative,0.4,23,project05_m3b_policy,1,5.0,2,C09-AA-002|C09-AA-003,5.0,0.0,1,0,0,,,,11.0,0,1,1,,development,0,0,1.0,G3_campaign,1.0,1,G2_tactic_intent,2,0,,,,,,,,5.0,C09-AA-002,0.2,2,2,,G3_campaign,G3_campaign,,0
C09-darpa-optc-sysclient0201-0923,discriminative,0.4,23,project05_m2,1,7.0,3,C09-AA-001|C09-AA-002|C09-AA-003,7.0,2.0,0,0,0,,,,11.0,0,1,1,,development,0,0,1.0,G3_campaign,1.0,1,G2_tactic_intent,2,0,,,,,,,,5.0,C09-AA-002,0.8667,2,3,,G3_campaign,G3_campaign,,1
C09-darpa-optc-sysclient0201-0923,discriminative,0.4,23,oracle_optimal,1,5.0,2,C09-AA-002|C09-AA-003,5.0,0.0,1,0,0,,,,11.0,0,1,1,,development,0,0,1.0,G3_campaign,1.0,1,G2_tactic_intent,2,0,,,,,,,,5.0,C09-AA-002,0.2,2,2,,G3_campaign,G3_campaign,,0
C09-darpa-optc-sysclient0201-0923,discriminative,0.4,37,project05_m3star_h3_dual,1,5.0,2,C09-AA-002|C09-AA-003,5.0,1.0,0,0,0,m3star_graph_action_value_xgboost_v0.3,m3star_graph_action_value_xgboost_v0.3,m3star_graph_action_value_xgboost_v0.3,11.0,0,1,1,0,development,0,0,1.0,G3_campaign,1.0,1,G2_tactic_intent,2,0,1,3,1,1,,8,1,4.0,C09-AA-001,0.2,2,2,1,G3_campaign,G3_campaign,m3star_graph_transition_xgboost_v0.1,0
C09-darpa-optc-sysclient0201-0923,discriminative,0.4,37,project05_m3star_h3_no_dominance_dual,1,4.0,2,C09-AA-001|C09-AA-003,4.0,0.0,1,0,0,m3star_graph_action_value_xgboost_v0.3,m3star_graph_action_value_xgboost_v0.3,m3star_graph_action_value_xgboost_v0.3,11.0,0,1,1,0,development,0,0,1.0,G3_campaign,1.0,1,G2_tactic_intent,2,0,1,3,0,1,,8,1,4.0,C09-AA-001,0.0,2,2,0,G3_campaign,G3_campaign,m3star_graph_transition_xgboost_v0.1,0
C09-darpa-optc-sysclient0201-0923,discriminative,0.4,37,project05_m3star_h3_unshielded_dual,1,5.0,2,C09-AA-002|C09-AA-003,5.0,1.0,0,0,0,m3star_graph_action_value_xgboost_v0.3,m3star_graph_action_value_xgboost_v0.3,m3star_graph_action_value_xgboost_v0.3,11.0,0,1,1,1,development,0,0,1.0,G3_campaign,1.0,1,G2_tactic_intent,2,0,0,3,1,1,,8,0,4.0,C09-AA-001,0.2,2,2,1,G3_campaign,G3_campaign,m3star_graph_transition_xgboost_v0.1,0
C09-darpa-optc-sysclient0201-0923,discriminative,0.4,37,project05_m3star_h3_transition_only,1,5.0,2,C09-AA-002|C09-AA-003,5.0,1.0,0,0,0,none,none,none,11.0,0,1,1,0,development,0,0,1.0,G3_campaign,1.0,1,G2_tactic_intent,2,0,1,3,1,0,,8,1,4.0,C09-AA-001,0.2,2,2,1,G3_campaign,G3_campaign,m3star_graph_transition_xgboost_v0.1,0
C09-darpa-optc-sysclient0201-0923,discriminative,0.4,37,project05_m3star_h1_dual,1,5.0,2,C09-AA-002|C09-AA-003,5.0,1.0,0,0,0,m3star_graph_action_value_xgboost_v0.3,m3star_graph_action_value_xgboost_v0.3,m3star_graph_action_value_xgboost_v0.3,11.0,0,1,1,0,development,0,0,1.0,G3_campaign,1.0,1,G2_tactic_intent,2,0,1,1,1,1,,8,1,4.0,C09-AA-001,0.2,2,2,1,G3_campaign,G3_campaign,m3star_graph_transition_xgboost_v0.1,0
C09-darpa-optc-sysclient0201-0923,discriminative,0.4,37,project05_xgboost_policy,1,5.0,2,C09-AA-002|C09-AA-003,5.0,1.0,0,0,0,,,,11.0,0,1,1,,development,0,0,1.0,G3_campaign,1.0,1,G2_tactic_intent,2,0,,,,,,,,4.0,C09-AA-001,0.2,2,2,,G3_campaign,G3_campaign,,0
C09-darpa-optc-sysclient0201-0923,discriminative,0.4,37,project05_m3b_policy,1,5.0,2,C09-AA-002|C09-AA-003,5.0,1.0,0,0,0,,,,11.0,0,1,1,,development,0,0,1.0,G3_campaign,1.0,1,G2_tactic_intent,2,0,,,,,,,,4.0,C09-AA-001,0.2,2,2,,G3_campaign,G3_campaign,,0
C09-darpa-optc-sysclient0201-0923,discriminative,0.4,37,project05_m2,1,4.0,2,C09-AA-001|C09-AA-003,4.0,0.0,1,0,0,,,,11.0,0,1,1,,development,0,0,1.0,G3_campaign,1.0,1,G2_tactic_intent,2,0,,,,,,,,4.0,C09-AA-001,0.0,2,2,,G3_campaign,G3_campaign,,0
C09-darpa-optc-sysclient0201-0923,discriminative,0.4,37,oracle_optimal,1,4.0,2,C09-AA-001|C09-AA-003,4.0,0.0,1,0,0,,,,11.0,0,1,1,,development,0,0,1.0,G3_campaign,1.0,1,G2_tactic_intent,2,0,,,,,,,,4.0,C09-AA-001,0.0,2,2,,G3_campaign,G3_campaign,,0
C09-darpa-optc-sysclient0201-0923,discriminative,0.4,41,project05_m3star_h3_dual,1,5.0,2,C09-AA-002|C09-AA-003,5.0,1.0,0,0,0,m3star_graph_action_value_xgboost_v0.3,m3star_graph_action_value_xgboost_v0.3,m3star_graph_action_value_xgboost_v0.3,11.0,0,1,1,0,development,0,0,1.0,G3_campaign,1.0,1,G2_tactic_intent,2,0,1,3,1,1,,8,1,4.0,C09-AA-001,0.2,2,2,1,G3_campaign,G3_campaign,m3star_graph_transition_xgboost_v0.1,0
C09-darpa-optc-sysclient0201-0923,discriminative,0.4,41,project05_m3star_h3_no_dominance_dual,1,4.0,2,C09-AA-001|C09-AA-003,4.0,0.0,1,0,0,m3star_graph_action_value_xgboost_v0.3,m3star_graph_action_value_xgboost_v0.3,m3star_graph_action_value_xgboost_v0.3,11.0,0,1,1,0,development,0,0,1.0,G3_campaign,1.0,1,G2_tactic_intent,2,0,1,3,0,1,,8,1,4.0,C09-AA-001,0.0,2,2,0,G3_campaign,G3_campaign,m3star_graph_transition_xgboost_v0.1,0
C09-darpa-optc-sysclient0201-0923,discriminative,0.4,41,project05_m3star_h3_unshielded_dual,1,5.0,2,C09-AA-002|C09-AA-003,5.0,1.0,0,0,0,m3star_graph_action_value_xgboost_v0.3,m3star_graph_action_value_xgboost_v0.3,m3star_graph_action_value_xgboost_v0.3,11.0,0,1,1,1,development,0,0,1.0,G3_campaign,1.0,1,G2_tactic_intent,2,0,0,3,1,1,,8,0,4.0,C09-AA-001,0.2,2,2,1,G3_campaign,G3_campaign,m3star_graph_transition_xgboost_v0.1,0
C09-darpa-optc-sysclient0201-0923,discriminative,0.4,41,project05_m3star_h3_transition_only,1,5.0,2,C09-AA-002|C09-AA-003,5.0,1.0,0,0,0,none,none,none,11.0,0,1,1,0,development,0,0,1.0,G3_campaign,1.0,1,G2_tactic_intent,2,0,1,3,1,0,,8,1,4.0,C09-AA-001,0.2,2,2,1,G3_campaign,G3_campaign,m3star_graph_transition_xgboost_v0.1,0
C09-darpa-optc-sysclient0201-0923,discriminative,0.4,41,project05_m3star_h1_dual,1,5.0,2,C09-AA-002|C09-AA-003,5.0,1.0,0,0,0,m3star_graph_action_value_xgboost_v0.3,m3star_graph_action_value_xgboost_v0.3,m3star_graph_action_value_xgboost_v0.3,11.0,0,1,1,0,development,0,0,1.0,G3_campaign,1.0,1,G2_tactic_intent,2,0,1,1,1,1,,8,1,4.0,C09-AA-001,0.2,2,2,1,G3_campaign,G3_campaign,m3star_graph_transition_xgboost_v0.1,0
C09-darpa-optc-sysclient0201-0923,discriminative,0.4,41,project05_xgboost_policy,1,5.0,2,C09-AA-002|C09-AA-003,5.0,1.0,0,0,0,,,,11.0,0,1,1,,development,0,0,1.0,G3_campaign,1.0,1,G2_tactic_intent,2,0,,,,,,,,4.0,C09-AA-001,0.2,2,2,,G3_campaign,G3_campaign,,0
C09-darpa-optc-sysclient0201-0923,discriminative,0.4,41,project05_m3b_policy,1,5.0,2,C09-AA-002|C09-AA-003,5.0,1.0,0,0,0,,,,11.0,0,1,1,,development,0,0,1.0,G3_campaign,1.0,1,G2_tactic_intent,2,0,,,,,,,,4.0,C09-AA-001,0.2,2,2,,G3_campaign,G3_campaign,,0
C09-darpa-optc-sysclient0201-0923,discriminative,0.4,41,project05_m2,1,4.0,2,C09-AA-001|C09-AA-003,4.0,0.0,1,0,0,,,,11.0,0,1,1,,development,0,0,1.0,G3_campaign,1.0,1,G2_tactic_intent,2,0,,,,,,,,4.0,C09-AA-001,0.0,2,2,,G3_campaign,G3_campaign,,0
C09-darpa-optc-sysclient0201-0923,discriminative,0.4,41,oracle_optimal,1,4.0,2,C09-AA-001|C09-AA-003,4.0,0.0,1,0,0,,,,11.0,0,1,1,,development,0,0,1.0,G3_campaign,1.0,1,G2_tactic_intent,2,0,,,,,,,,4.0,C09-AA-001,0.0,2,2,,G3_campaign,G3_campaign,,0
C09-darpa-optc-sysclient0201-0923,discriminative,0.4,53,project05_m3star_h3_dual,1,5.0,2,C09-AA-002|C09-AA-003,5.0,1.0,0,0,0,m3star_graph_action_value_xgboost_v0.3,m3star_graph_action_value_xgboost_v0.3,m3star_graph_action_value_xgboost_v0.3,11.0,0,1,1,0,development,0,0,1.0,G3_campaign,1.0,1,G2_tactic_intent,2,0,1,3,1,1,,8,1,4.0,C09-AA-001,0.2,2,2,1,G3_campaign,G3_campaign,m3star_graph_transition_xgboost_v0.1,0
C09-darpa-optc-sysclient0201-0923,discriminative,0.4,53,project05_m3star_h3_no_dominance_dual,1,4.0,2,C09-AA-001|C09-AA-003,4.0,0.0,1,0,0,m3star_graph_action_value_xgboost_v0.3,m3star_graph_action_value_xgboost_v0.3,m3star_graph_action_value_xgboost_v0.3,11.0,0,1,1,0,development,0,0,1.0,G3_campaign,1.0,1,G2_tactic_intent,2,0,1,3,0,1,,8,1,4.0,C09-AA-001,0.0,2,2,0,G3_campaign,G3_campaign,m3star_graph_transition_xgboost_v0.1,0
C09-darpa-optc-sysclient0201-0923,discriminative,0.4,53,project05_m3star_h3_unshielded_dual,1,5.0,2,C09-AA-002|C09-AA-003,5.0,1.0,0,0,0,m3star_graph_action_value_xgboost_v0.3,m3star_graph_action_value_xgboost_v0.3,m3star_graph_action_value_xgboost_v0.3,11.0,0,1,1,1,development,0,0,1.0,G3_campaign,1.0,1,G2_tactic_intent,2,0,0,3,1,1,,8,0,4.0,C09-AA-001,0.2,2,2,1,G3_campaign,G3_campaign,m3star_graph_transition_xgboost_v0.1,0
C09-darpa-optc-sysclient0201-0923,discriminative,0.4,53,project05_m3star_h3_transition_only,1,5.0,2,C09-AA-002|C09-AA-003,5.0,1.0,0,0,0,none,none,none,11.0,0,1,1,0,development,0,0,1.0,G3_campaign,1.0,1,G2_tactic_intent,2,0,1,3,1,0,,8,1,4.0,C09-AA-001,0.2,2,2,1,G3_campaign,G3_campaign,m3star_graph_transition_xgboost_v0.1,0
C09-darpa-optc-sysclient0201-0923,discriminative,0.4,53,project05_m3star_h1_dual,1,5.0,2,C09-AA-002|C09-AA-003,5.0,1.0,0,0,0,m3star_graph_action_value_xgboost_v0.3,m3star_graph_action_value_xgboost_v0.3,m3star_graph_action_value_xgboost_v0.3,11.0,0,1,1,0,development,0,0,1.0,G3_campaign,1.0,1,G2_tactic_intent,2,0,1,1,1,1,,8,1,4.0,C09-AA-001,0.2,2,2,1,G3_campaign,G3_campaign,m3star_graph_transition_xgboost_v0.1,0
C09-darpa-optc-sysclient0201-0923,discriminative,0.4,53,project05_xgboost_policy,1,5.0,2,C09-AA-002|C09-AA-003,5.0,1.0,0,0,0,,,,11.0,0,1,1,,development,0,0,1.0,G3_campaign,1.0,1,G2_tactic_intent,2,0,,,,,,,,4.0,C09-AA-001,0.2,2,2,,G3_campaign,G3_campaign,,0
C09-darpa-optc-sysclient0201-0923,discriminative,0.4,53,project05_m3b_policy,1,5.0,2,C09-AA-002|C09-AA-003,5.0,1.0,0,0,0,,,,11.0,0,1,1,,development,0,0,1.0,G3_campaign,1.0,1,G2_tactic_intent,2,0,,,,,,,,4.0,C09-AA-001,0.2,2,2,,G3_campaign,G3_campaign,,0
C09-darpa-optc-sysclient0201-0923,discriminative,0.4,53,project05_m2,1,4.0,2,C09-AA-001|C09-AA-003,4.0,0.0,1,0,0,,,,11.0,0,1,1,,development,0,0,1.0,G3_campaign,1.0,1,G2_tactic_intent,2,0,,,,,,,,4.0,C09-AA-001,0.0,2,2,,G3_campaign,G3_campaign,,0
C09-darpa-optc-sysclient0201-0923,discriminative,0.4,53,oracle_optimal,1,4.0,2,C09-AA-001|C09-AA-003,4.0,0.0,1,0,0,,,,11.0,0,1,1,,development,0,0,1.0,G3_campaign,1.0,1,G2_tactic_intent,2,0,,,,,,,,4.0,C09-AA-001,0.0,2,2,,G3_campaign,G3_campaign,,0
C09-darpa-optc-sysclient0201-0923,discriminative,0.6,11,project05_m3star_h3_dual,1,7.0,3,C09-AA-004|C09-AA-002|C09-AA-003,7.0,0.0,0,0,0,m3star_graph_action_value_xgboost_v0.3,m3star_graph_action_value_xgboost_v0.3,m3star_graph_action_value_xgboost_v0.3,11.0,0,1,1,0,development,0,0,1.0,G3_campaign,1.0,1,G1_technique,3,0,1,3,1,1,,8,1,7.0,C09-AA-002,0.8889,3,3,1,G3_campaign,G3_campaign,m3star_graph_transition_xgboost_v0.1,0
C09-darpa-optc-sysclient0201-0923,discriminative,0.6,11,project05_m3star_h3_no_dominance_dual,1,9.0,4,C09-AA-004|C09-AA-001|C09-AA-002|C09-AA-003,9.0,2.0,0,0,0,m3star_graph_action_value_xgboost_v0.3,m3star_graph_action_value_xgboost_v0.3,m3star_graph_action_value_xgboost_v0.3,11.0,0,1,1,0,development,0,0,1.0,G3_campaign,1.0,1,G1_technique,3,0,1,3,0,1,,8,1,7.0,C09-AA-002,0.8889,3,4,0,G3_campaign,G3_campaign,m3star_graph_transition_xgboost_v0.1,1
C09-darpa-optc-sysclient0201-0923,discriminative,0.6,11,project05_m3star_h3_unshielded_dual,1,7.0,3,C09-AA-004|C09-AA-002|C09-AA-003,7.0,0.0,0,0,0,m3star_graph_action_value_xgboost_v0.3,m3star_graph_action_value_xgboost_v0.3,m3star_graph_action_value_xgboost_v0.3,11.0,0,1,1,1,development,0,0,1.0,G3_campaign,1.0,1,G1_technique,3,0,0,3,1,1,,8,0,7.0,C09-AA-002,0.8889,3,3,1,G3_campaign,G3_campaign,m3star_graph_transition_xgboost_v0.1,0
C09-darpa-optc-sysclient0201-0923,discriminative,0.6,11,project05_m3star_h3_transition_only,1,7.0,3,C09-AA-004|C09-AA-002|C09-AA-003,7.0,0.0,0,0,0,none,none,none,11.0,0,1,1,0,development,0,0,1.0,G3_campaign,1.0,1,G1_technique,3,0,1,3,1,0,,8,1,7.0,C09-AA-002,0.8889,3,3,1,G3_campaign,G3_campaign,m3star_graph_transition_xgboost_v0.1,0
C09-darpa-optc-sysclient0201-0923,discriminative,0.6,11,project05_m3star_h1_dual,1,7.0,3,C09-AA-003|C09-AA-004|C09-AA-002,7.0,0.0,0,0,0,m3star_graph_action_value_xgboost_v0.3,m3star_graph_action_value_xgboost_v0.3,m3star_graph_action_value_xgboost_v0.3,11.0,0,1,1,1,development,0,0,1.0,G3_campaign,1.0,1,G1_technique,3,0,1,1,1,1,,8,1,7.0,C09-AA-002,0.8889,3,3,1,G3_campaign,G3_campaign,m3star_graph_transition_xgboost_v0.1,0
C09-darpa-optc-sysclient0201-0923,discriminative,0.6,11,project05_xgboost_policy,1,7.0,3,C09-AA-004|C09-AA-002|C09-AA-003,7.0,0.0,0,0,0,,,,11.0,0,1,1,,development,0,0,1.0,G3_campaign,1.0,1,G1_technique,3,0,,,,,,,,7.0,C09-AA-002,0.8889,3,3,,G3_campaign,G3_campaign,,0
C09-darpa-optc-sysclient0201-0923,discriminative,0.6,11,project05_m3b_policy,1,7.0,3,C09-AA-003|C09-AA-004|C09-AA-002,7.0,0.0,0,0,0,,,,11.0,0,1,1,,development,0,0,1.0,G3_campaign,1.0,1,G1_technique,3,0,,,,,,,,7.0,C09-AA-002,0.8889,3,3,,G3_campaign,G3_campaign,,0
C09-darpa-optc-sysclient0201-0923,discriminative,0.6,11,project05_m2,1,9.0,4,C09-AA-001|C09-AA-004|C09-AA-002|C09-AA-003,9.0,2.0,0,0,0,,,,11.0,0,1,1,,development,0,0,1.0,G3_campaign,1.0,1,G1_technique,3,0,,,,,,,,7.0,C09-AA-002,0.8889,3,4,,G3_campaign,G3_campaign,,1
C09-darpa-optc-sysclient0201-0923,discriminative,0.6,11,oracle_optimal,1,7.0,3,C09-AA-002|C09-AA-003|C09-AA-004,7.0,0.0,1,0,0,,,,11.0,0,1,1,,development,0,0,1.0,G3_campaign,1.0,1,G1_technique,3,0,,,,,,,,7.0,C09-AA-002,0.6444,3,3,,G3_campaign,G3_campaign,,0
C09-darpa-optc-sysclient0201-0923,discriminative,0.6,23,project05_m3star_h3_dual,1,7.0,3,C09-AA-004|C09-AA-002|C09-AA-003,7.0,0.0,0,0,0,m3star_graph_action_value_xgboost_v0.3,m3star_graph_action_value_xgboost_v0.3,m3star_graph_action_value_xgboost_v0.3,11.0,0,1,1,0,development,0,0,1.0,G3_campaign,1.0,1,G1_technique,3,0,1,3,1,1,,8,1,7.0,C09-AA-002,0.8889,3,3,1,G3_campaign,G3_campaign,m3star_graph_transition_xgboost_v0.1,0
C09-darpa-optc-sysclient0201-0923,discriminative,0.6,23,project05_m3star_h3_no_dominance_dual,1,9.0,4,C09-AA-004|C09-AA-001|C09-AA-002|C09-AA-003,9.0,2.0,0,0,0,m3star_graph_action_value_xgboost_v0.3,m3star_graph_action_value_xgboost_v0.3,m3star_graph_action_value_xgboost_v0.3,11.0,0,1,1,0,development,0,0,1.0,G3_campaign,1.0,1,G1_technique,3,0,1,3,0,1,,8,1,7.0,C09-AA-002,0.8889,3,4,0,G3_campaign,G3_campaign,m3star_graph_transition_xgboost_v0.1,1
C09-darpa-optc-sysclient0201-0923,discriminative,0.6,23,project05_m3star_h3_unshielded_dual,1,7.0,3,C09-AA-004|C09-AA-002|C09-AA-003,7.0,0.0,0,0,0,m3star_graph_action_value_xgboost_v0.3,m3star_graph_action_value_xgboost_v0.3,m3star_graph_action_value_xgboost_v0.3,11.0,0,1,1,1,development,0,0,1.0,G3_campaign,1.0,1,G1_technique,3,0,0,3,1,1,,8,0,7.0,C09-AA-002,0.8889,3,3,1,G3_campaign,G3_campaign,m3star_graph_transition_xgboost_v0.1,0
C09-darpa-optc-sysclient0201-0923,discriminative,0.6,23,project05_m3star_h3_transition_only,1,7.0,3,C09-AA-004|C09-AA-002|C09-AA-003,7.0,0.0,0,0,0,none,none,none,11.0,0,1,1,0,development,0,0,1.0,G3_campaign,1.0,1,G1_technique,3,0,1,3,1,0,,8,1,7.0,C09-AA-002,0.8889,3,3,1,G3_campaign,G3_campaign,m3star_graph_transition_xgboost_v0.1,0
C09-darpa-optc-sysclient0201-0923,discriminative,0.6,23,project05_m3star_h1_dual,1,7.0,3,C09-AA-003|C09-AA-004|C09-AA-002,7.0,0.0,0,0,0,m3star_graph_action_value_xgboost_v0.3,m3star_graph_action_value_xgboost_v0.3,m3star_graph_action_value_xgboost_v0.3,11.0,0,1,1,1,development,0,0,1.0,G3_campaign,1.0,1,G1_technique,3,0,1,1,1,1,,8,1,7.0,C09-AA-002,0.8889,3,3,1,G3_campaign,G3_campaign,m3star_graph_transition_xgboost_v0.1,0
C09-darpa-optc-sysclient0201-0923,discriminative,0.6,23,project05_xgboost_policy,1,7.0,3,C09-AA-004|C09-AA-002|C09-AA-003,7.0,0.0,0,0,0,,,,11.0,0,1,1,,development,0,0,1.0,G3_campaign,1.0,1,G1_technique,3,0,,,,,,,,7.0,C09-AA-002,0.8889,3,3,,G3_campaign,G3_campaign,,0
C09-darpa-optc-sysclient0201-0923,discriminative,0.6,23,project05_m3b_policy,1,7.0,3,C09-AA-003|C09-AA-004|C09-AA-002,7.0,0.0,0,0,0,,,,11.0,0,1,1,,development,0,0,1.0,G3_campaign,1.0,1,G1_technique,3,0,,,,,,,,7.0,C09-AA-002,0.8889,3,3,,G3_campaign,G3_campaign,,0
C09-darpa-optc-sysclient0201-0923,discriminative,0.6,23,project05_m2,1,9.0,4,C09-AA-001|C09-AA-004|C09-AA-002|C09-AA-003,9.0,2.0,0,0,0,,,,11.0,0,1,1,,development,0,0,1.0,G3_campaign,1.0,1,G1_technique,3,0,,,,,,,,7.0,C09-AA-002,0.8889,3,4,,G3_campaign,G3_campaign,,1
C09-darpa-optc-sysclient0201-0923,discriminative,0.6,23,oracle_optimal,1,7.0,3,C09-AA-002|C09-AA-003|C09-AA-004,7.0,0.0,1,0,0,,,,11.0,0,1,1,,development,0,0,1.0,G3_campaign,1.0,1,G1_technique,3,0,,,,,,,,7.0,C09-AA-002,0.6444,3,3,,G3_campaign,G3_campaign,,0
C09-darpa-optc-sysclient0201-0923,discriminative,0.6,37,project05_m3star_h3_dual,1,7.0,3,C09-AA-004|C09-AA-002|C09-AA-003,7.0,1.0,0,0,0,m3star_graph_action_value_xgboost_v0.3,m3star_graph_action_value_xgboost_v0.3,m3star_graph_action_value_xgboost_v0.3,11.0,0,1,1,0,development,0,0,1.0,G3_campaign,1.0,1,G1_technique,3,0,1,3,1,1,,8,1,6.0,C09-AA-001,0.8889,3,3,1,G3_campaign,G3_campaign,m3star_graph_transition_xgboost_v0.1,0
C09-darpa-optc-sysclient0201-0923,discriminative,0.6,37,project05_m3star_h3_no_dominance_dual,1,6.0,3,C09-AA-004|C09-AA-001|C09-AA-003,6.0,0.0,0,0,0,m3star_graph_action_value_xgboost_v0.3,m3star_graph_action_value_xgboost_v0.3,m3star_graph_action_value_xgboost_v0.3,11.0,0,1,1,0,development,0,0,1.0,G3_campaign,1.0,1,G1_technique,3,0,1,3,0,1,,8,1,6.0,C09-AA-001,0.2222,3,3,0,G3_campaign,G3_campaign,m3star_graph_transition_xgboost_v0.1,0
C09-darpa-optc-sysclient0201-0923,discriminative,0.6,37,project05_m3star_h3_unshielded_dual,1,7.0,3,C09-AA-004|C09-AA-002|C09-AA-003,7.0,1.0,0,0,0,m3star_graph_action_value_xgboost_v0.3,m3star_graph_action_value_xgboost_v0.3,m3star_graph_action_value_xgboost_v0.3,11.0,0,1,1,1,development,0,0,1.0,G3_campaign,1.0,1,G1_technique,3,0,0,3,1,1,,8,0,6.0,C09-AA-001,0.8889,3,3,1,G3_campaign,G3_campaign,m3star_graph_transition_xgboost_v0.1,0
C09-darpa-optc-sysclient0201-0923,discriminative,0.6,37,project05_m3star_h3_transition_only,1,7.0,3,C09-AA-004|C09-AA-002|C09-AA-003,7.0,1.0,0,0,0,none,none,none,11.0,0,1,1,0,development,0,0,1.0,G3_campaign,1.0,1,G1_technique,3,0,1,3,1,0,,8,1,6.0,C09-AA-001,0.8889,3,3,1,G3_campaign,G3_campaign,m3star_graph_transition_xgboost_v0.1,0
C09-darpa-optc-sysclient0201-0923,discriminative,0.6,37,project05_m3star_h1_dual,1,7.0,3,C09-AA-003|C09-AA-004|C09-AA-002,7.0,1.0,0,0,0,m3star_graph_action_value_xgboost_v0.3,m3star_graph_action_value_xgboost_v0.3,m3star_graph_action_value_xgboost_v0.3,11.0,0,1,1,1,development,0,0,1.0,G3_campaign,1.0,1,G1_technique,3,0,1,1,1,1,,8,1,6.0,C09-AA-001,0.8889,3,3,1,G3_campaign,G3_campaign,m3star_graph_transition_xgboost_v0.1,0
C09-darpa-optc-sysclient0201-0923,discriminative,0.6,37,project05_xgboost_policy,1,7.0,3,C09-AA-004|C09-AA-002|C09-AA-003,7.0,1.0,0,0,0,,,,11.0,0,1,1,,development,0,0,1.0,G3_campaign,1.0,1,G1_technique,3,0,,,,,,,,6.0,C09-AA-001,0.8889,3,3,,G3_campaign,G3_campaign,,0
C09-darpa-optc-sysclient0201-0923,discriminative,0.6,37,project05_m3b_policy,1,7.0,3,C09-AA-003|C09-AA-004|C09-AA-002,7.0,1.0,0,0,0,,,,11.0,0,1,1,,development,0,0,1.0,G3_campaign,1.0,1,G1_technique,3,0,,,,,,,,6.0,C09-AA-001,0.8889,3,3,,G3_campaign,G3_campaign,,0
C09-darpa-optc-sysclient0201-0923,discriminative,0.6,37,project05_m2,1,6.0,3,C09-AA-001|C09-AA-004|C09-AA-003,6.0,0.0,1,0,0,,,,11.0,0,1,1,,development,0,0,1.0,G3_campaign,1.0,1,G1_technique,3,0,,,,,,,,6.0,C09-AA-001,0.2222,3,3,,G3_campaign,G3_campaign,,0
C09-darpa-optc-sysclient0201-0923,discriminative,0.6,37,oracle_optimal,1,6.0,3,C09-AA-001|C09-AA-003|C09-AA-004,6.0,0.0,1,0,0,,,,11.0,0,1,1,,development,0,0,1.0,G3_campaign,1.0,1,G1_technique,3,0,,,,,,,,6.0,C09-AA-001,0.2222,3,3,,G3_campaign,G3_campaign,,0
C09-darpa-optc-sysclient0201-0923,discriminative,0.6,41,project05_m3star_h3_dual,1,7.0,3,C09-AA-004|C09-AA-002|C09-AA-003,7.0,1.0,0,0,0,m3star_graph_action_value_xgboost_v0.3,m3star_graph_action_value_xgboost_v0.3,m3star_graph_action_value_xgboost_v0.3,11.0,0,1,1,0,development,0,0,1.0,G3_campaign,1.0,1,G1_technique,3,0,1,3,1,1,,8,1,6.0,C09-AA-001,0.8889,3,3,1,G3_campaign,G3_campaign,m3star_graph_transition_xgboost_v0.1,0
C09-darpa-optc-sysclient0201-0923,discriminative,0.6,41,project05_m3star_h3_no_dominance_dual,1,6.0,3,C09-AA-004|C09-AA-001|C09-AA-003,6.0,0.0,0,0,0,m3star_graph_action_value_xgboost_v0.3,m3star_graph_action_value_xgboost_v0.3,m3star_graph_action_value_xgboost_v0.3,11.0,0,1,1,0,development,0,0,1.0,G3_campaign,1.0,1,G1_technique,3,0,1,3,0,1,,8,1,6.0,C09-AA-001,0.2222,3,3,0,G3_campaign,G3_campaign,m3star_graph_transition_xgboost_v0.1,0
C09-darpa-optc-sysclient0201-0923,discriminative,0.6,41,project05_m3star_h3_unshielded_dual,1,7.0,3,C09-AA-004|C09-AA-002|C09-AA-003,7.0,1.0,0,0,0,m3star_graph_action_value_xgboost_v0.3,m3star_graph_action_value_xgboost_v0.3,m3star_graph_action_value_xgboost_v0.3,11.0,0,1,1,1,development,0,0,1.0,G3_campaign,1.0,1,G1_technique,3,0,0,3,1,1,,8,0,6.0,C09-AA-001,0.8889,3,3,1,G3_campaign,G3_campaign,m3star_graph_transition_xgboost_v0.1,0
C09-darpa-optc-sysclient0201-0923,discriminative,0.6,41,project05_m3star_h3_transition_only,1,7.0,3,C09-AA-004|C09-AA-002|C09-AA-003,7.0,1.0,0,0,0,none,none,none,11.0,0,1,1,0,development,0,0,1.0,G3_campaign,1.0,1,G1_technique,3,0,1,3,1,0,,8,1,6.0,C09-AA-001,0.8889,3,3,1,G3_campaign,G3_campaign,m3star_graph_transition_xgboost_v0.1,0
C09-darpa-optc-sysclient0201-0923,discriminative,0.6,41,project05_m3star_h1_dual,1,7.0,3,C09-AA-003|C09-AA-004|C09-AA-002,7.0,1.0,0,0,0,m3star_graph_action_value_xgboost_v0.3,m3star_graph_action_value_xgboost_v0.3,m3star_graph_action_value_xgboost_v0.3,11.0,0,1,1,1,development,0,0,1.0,G3_campaign,1.0,1,G1_technique,3,0,1,1,1,1,,8,1,6.0,C09-AA-001,0.8889,3,3,1,G3_campaign,G3_campaign,m3star_graph_transition_xgboost_v0.1,0
C09-darpa-optc-sysclient0201-0923,discriminative,0.6,41,project05_xgboost_policy,1,7.0,3,C09-AA-004|C09-AA-002|C09-AA-003,7.0,1.0,0,0,0,,,,11.0,0,1,1,,development,0,0,1.0,G3_campaign,1.0,1,G1_technique,3,0,,,,,,,,6.0,C09-AA-001,0.8889,3,3,,G3_campaign,G3_campaign,,0
C09-darpa-optc-sysclient0201-0923,discriminative,0.6,41,project05_m3b_policy,1,7.0,3,C09-AA-003|C09-AA-004|C09-AA-002,7.0,1.0,0,0,0,,,,11.0,0,1,1,,development,0,0,1.0,G3_campaign,1.0,1,G1_technique,3,0,,,,,,,,6.0,C09-AA-001,0.8889,3,3,,G3_campaign,G3_campaign,,0
C09-darpa-optc-sysclient0201-0923,discriminative,0.6,41,project05_m2,1,6.0,3,C09-AA-001|C09-AA-004|C09-AA-003,6.0,0.0,1,0,0,,,,11.0,0,1,1,,development,0,0,1.0,G3_campaign,1.0,1,G1_technique,3,0,,,,,,,,6.0,C09-AA-001,0.2222,3,3,,G3_campaign,G3_campaign,,0
C09-darpa-optc-sysclient0201-0923,discriminative,0.6,41,oracle_optimal,1,6.0,3,C09-AA-001|C09-AA-003|C09-AA-004,6.0,0.0,1,0,0,,,,11.0,0,1,1,,development,0,0,1.0,G3_campaign,1.0,1,G1_technique,3,0,,,,,,,,6.0,C09-AA-001,0.2222,3,3,,G3_campaign,G3_campaign,,0
C09-darpa-optc-sysclient0201-0923,discriminative,0.6,53,project05_m3star_h3_dual,1,7.0,3,C09-AA-004|C09-AA-002|C09-AA-003,7.0,1.0,0,0,0,m3star_graph_action_value_xgboost_v0.3,m3star_graph_action_value_xgboost_v0.3,m3star_graph_action_value_xgboost_v0.3,11.0,0,1,1,0,development,0,0,1.0,G3_campaign,1.0,1,G1_technique,3,0,1,3,1,1,,8,1,6.0,C09-AA-001,0.8889,3,3,1,G3_campaign,G3_campaign,m3star_graph_transition_xgboost_v0.1,0
C09-darpa-optc-sysclient0201-0923,discriminative,0.6,53,project05_m3star_h3_no_dominance_dual,1,6.0,3,C09-AA-004|C09-AA-001|C09-AA-003,6.0,0.0,0,0,0,m3star_graph_action_value_xgboost_v0.3,m3star_graph_action_value_xgboost_v0.3,m3star_graph_action_value_xgboost_v0.3,11.0,0,1,1,0,development,0,0,1.0,G3_campaign,1.0,1,G1_technique,3,0,1,3,0,1,,8,1,6.0,C09-AA-001,0.2222,3,3,0,G3_campaign,G3_campaign,m3star_graph_transition_xgboost_v0.1,0
C09-darpa-optc-sysclient0201-0923,discriminative,0.6,53,project05_m3star_h3_unshielded_dual,1,7.0,3,C09-AA-004|C09-AA-002|C09-AA-003,7.0,1.0,0,0,0,m3star_graph_action_value_xgboost_v0.3,m3star_graph_action_value_xgboost_v0.3,m3star_graph_action_value_xgboost_v0.3,11.0,0,1,1,1,development,0,0,1.0,G3_campaign,1.0,1,G1_technique,3,0,0,3,1,1,,8,0,6.0,C09-AA-001,0.8889,3,3,1,G3_campaign,G3_campaign,m3star_graph_transition_xgboost_v0.1,0
C09-darpa-optc-sysclient0201-0923,discriminative,0.6,53,project05_m3star_h3_transition_only,1,7.0,3,C09-AA-004|C09-AA-002|C09-AA-003,7.0,1.0,0,0,0,none,none,none,11.0,0,1,1,0,development,0,0,1.0,G3_campaign,1.0,1,G1_technique,3,0,1,3,1,0,,8,1,6.0,C09-AA-001,0.8889,3,3,1,G3_campaign,G3_campaign,m3star_graph_transition_xgboost_v0.1,0
C09-darpa-optc-sysclient0201-0923,discriminative,0.6,53,project05_m3star_h1_dual,1,7.0,3,C09-AA-003|C09-AA-004|C09-AA-002,7.0,1.0,0,0,0,m3star_graph_action_value_xgboost_v0.3,m3star_graph_action_value_xgboost_v0.3,m3star_graph_action_value_xgboost_v0.3,11.0,0,1,1,1,development,0,0,1.0,G3_campaign,1.0,1,G1_technique,3,0,1,1,1,1,,8,1,6.0,C09-AA-001,0.8889,3,3,1,G3_campaign,G3_campaign,m3star_graph_transition_xgboost_v0.1,0
C09-darpa-optc-sysclient0201-0923,discriminative,0.6,53,project05_xgboost_policy,1,7.0,3,C09-AA-004|C09-AA-002|C09-AA-003,7.0,1.0,0,0,0,,,,11.0,0,1,1,,development,0,0,1.0,G3_campaign,1.0,1,G1_technique,3,0,,,,,,,,6.0,C09-AA-001,0.8889,3,3,,G3_campaign,G3_campaign,,0
C09-darpa-optc-sysclient0201-0923,discriminative,0.6,53,project05_m3b_policy,1,7.0,3,C09-AA-003|C09-AA-004|C09-AA-002,7.0,1.0,0,0,0,,,,11.0,0,1,1,,development,0,0,1.0,G3_campaign,1.0,1,G1_technique,3,0,,,,,,,,6.0,C09-AA-001,0.8889,3,3,,G3_campaign,G3_campaign,,0
C09-darpa-optc-sysclient0201-0923,discriminative,0.6,53,project05_m2,1,6.0,3,C09-AA-001|C09-AA-004|C09-AA-003,6.0,0.0,1,0,0,,,,11.0,0,1,1,,development,0,0,1.0,G3_campaign,1.0,1,G1_technique,3,0,,,,,,,,6.0,C09-AA-001,0.2222,3,3,,G3_campaign,G3_campaign,,0
C09-darpa-optc-sysclient0201-0923,discriminative,0.6,53,oracle_optimal,1,6.0,3,C09-AA-001|C09-AA-003|C09-AA-004,6.0,0.0,1,0,0,,,,11.0,0,1,1,,development,0,0,1.0,G3_campaign,1.0,1,G1_technique,3,0,,,,,,,,6.0,C09-AA-001,0.2222,3,3,,G3_campaign,G3_campaign,,0
C10-darpa-optc-sysclient0351-0925,random,0.2,11,project05_m3star_h3_dual,1,3.0,1,C10-AA-005,3.0,0.0,1,0,0,m3star_graph_action_value_xgboost_v0.3,m3star_graph_action_value_xgboost_v0.3,m3star_graph_action_value_xgboost_v0.3,11.0,0,1,1,0,development,0,0,1.0,G3_campaign,1.0,1,G2_tactic_intent,1,0,1,3,1,1,,8,1,3.0,C10-AA-005,0.0,1,1,1,G3_campaign,G3_campaign,m3star_graph_transition_xgboost_v0.1,0
C10-darpa-optc-sysclient0351-0925,random,0.2,11,project05_m3star_h3_no_dominance_dual,1,3.0,1,C10-AA-005,3.0,0.0,1,0,0,m3star_graph_action_value_xgboost_v0.3,m3star_graph_action_value_xgboost_v0.3,m3star_graph_action_value_xgboost_v0.3,11.0,0,1,1,0,development,0,0,1.0,G3_campaign,1.0,1,G2_tactic_intent,1,0,1,3,0,1,,8,1,3.0,C10-AA-005,0.0,1,1,0,G3_campaign,G3_campaign,m3star_graph_transition_xgboost_v0.1,0
C10-darpa-optc-sysclient0351-0925,random,0.2,11,project05_m3star_h3_unshielded_dual,1,3.0,1,C10-AA-005,3.0,0.0,1,0,0,m3star_graph_action_value_xgboost_v0.3,m3star_graph_action_value_xgboost_v0.3,m3star_graph_action_value_xgboost_v0.3,11.0,0,1,1,0,development,0,0,1.0,G3_campaign,1.0,1,G2_tactic_intent,1,0,0,3,1,1,,8,0,3.0,C10-AA-005,0.0,1,1,1,G3_campaign,G3_campaign,m3star_graph_transition_xgboost_v0.1,0
C10-darpa-optc-sysclient0351-0925,random,0.2,11,project05_m3star_h3_transition_only,1,3.0,1,C10-AA-005,3.0,0.0,1,0,0,none,none,none,11.0,0,1,1,0,development,0,0,1.0,G3_campaign,1.0,1,G2_tactic_intent,1,0,1,3,1,0,,8,1,3.0,C10-AA-005,0.0,1,1,1,G3_campaign,G3_campaign,m3star_graph_transition_xgboost_v0.1,0
C10-darpa-optc-sysclient0351-0925,random,0.2,11,project05_m3star_h1_dual,1,3.0,1,C10-AA-005,3.0,0.0,1,0,0,m3star_graph_action_value_xgboost_v0.3,m3star_graph_action_value_xgboost_v0.3,m3star_graph_action_value_xgboost_v0.3,11.0,0,1,1,0,development,0,0,1.0,G3_campaign,1.0,1,G2_tactic_intent,1,0,1,1,1,1,,8,1,3.0,C10-AA-005,0.0,1,1,1,G3_campaign,G3_campaign,m3star_graph_transition_xgboost_v0.1,0
C10-darpa-optc-sysclient0351-0925,random,0.2,11,project05_xgboost_policy,1,3.0,1,C10-AA-005,3.0,0.0,1,0,0,,,,11.0,0,1,1,,development,0,0,1.0,G3_campaign,1.0,1,G2_tactic_intent,1,0,,,,,,,,3.0,C10-AA-005,0.0,1,1,,G3_campaign,G3_campaign,,0
C10-darpa-optc-sysclient0351-0925,random,0.2,11,project05_m3b_policy,1,3.0,1,C10-AA-005,3.0,0.0,1,0,0,,,,11.0,0,1,1,,development,0,0,1.0,G3_campaign,1.0,1,G2_tactic_intent,1,0,,,,,,,,3.0,C10-AA-005,0.0,1,1,,G3_campaign,G3_campaign,,0
C10-darpa-optc-sysclient0351-0925,random,0.2,11,project05_m2,1,3.0,1,C10-AA-005,3.0,0.0,1,0,0,,,,11.0,0,1,1,,development,0,0,1.0,G3_campaign,1.0,1,G2_tactic_intent,1,0,,,,,,,,3.0,C10-AA-005,0.0,1,1,,G3_campaign,G3_campaign,,0
C10-darpa-optc-sysclient0351-0925,random,0.2,11,oracle_optimal,1,3.0,1,C10-AA-005,3.0,0.0,1,0,0,,,,11.0,0,1,1,,development,0,0,1.0,G3_campaign,1.0,1,G2_tactic_intent,1,0,,,,,,,,3.0,C10-AA-005,0.0,1,1,,G3_campaign,G3_campaign,,0
C10-darpa-optc-sysclient0351-0925,random,0.2,23,project05_m3star_h3_dual,1,3.0,1,C10-AA-002,3.0,0.0,1,0,0,m3star_graph_action_value_xgboost_v0.3,m3star_graph_action_value_xgboost_v0.3,m3star_graph_action_value_xgboost_v0.3,11.0,0,1,1,0,development,0,0,1.0,G3_campaign,1.0,1,G2_tactic_intent,1,0,1,3,1,1,,8,1,3.0,C10-AA-002,0.0,1,1,1,G3_campaign,G3_campaign,m3star_graph_transition_xgboost_v0.1,0
C10-darpa-optc-sysclient0351-0925,random,0.2,23,project05_m3star_h3_no_dominance_dual,1,3.0,1,C10-AA-002,3.0,0.0,1,0,0,m3star_graph_action_value_xgboost_v0.3,m3star_graph_action_value_xgboost_v0.3,m3star_graph_action_value_xgboost_v0.3,11.0,0,1,1,0,development,0,0,1.0,G3_campaign,1.0,1,G2_tactic_intent,1,0,1,3,0,1,,8,1,3.0,C10-AA-002,0.0,1,1,0,G3_campaign,G3_campaign,m3star_graph_transition_xgboost_v0.1,0
C10-darpa-optc-sysclient0351-0925,random,0.2,23,project05_m3star_h3_unshielded_dual,1,3.0,1,C10-AA-002,3.0,0.0,1,0,0,m3star_graph_action_value_xgboost_v0.3,m3star_graph_action_value_xgboost_v0.3,m3star_graph_action_value_xgboost_v0.3,11.0,0,1,1,0,development,0,0,1.0,G3_campaign,1.0,1,G2_tactic_intent,1,0,0,3,1,1,,8,0,3.0,C10-AA-002,0.0,1,1,1,G3_campaign,G3_campaign,m3star_graph_transition_xgboost_v0.1,0
C10-darpa-optc-sysclient0351-0925,random,0.2,23,project05_m3star_h3_transition_only,1,3.0,1,C10-AA-002,3.0,0.0,1,0,0,none,none,none,11.0,0,1,1,0,development,0,0,1.0,G3_campaign,1.0,1,G2_tactic_intent,1,0,1,3,1,0,,8,1,3.0,C10-AA-002,0.0,1,1,1,G3_campaign,G3_campaign,m3star_graph_transition_xgboost_v0.1,0
C10-darpa-optc-sysclient0351-0925,random,0.2,23,project05_m3star_h1_dual,1,3.0,1,C10-AA-002,3.0,0.0,1,0,0,m3star_graph_action_value_xgboost_v0.3,m3star_graph_action_value_xgboost_v0.3,m3star_graph_action_value_xgboost_v0.3,11.0,0,1,1,0,development,0,0,1.0,G3_campaign,1.0,1,G2_tactic_intent,1,0,1,1,1,1,,8,1,3.0,C10-AA-002,0.0,1,1,1,G3_campaign,G3_campaign,m3star_graph_transition_xgboost_v0.1,0
C10-darpa-optc-sysclient0351-0925,random,0.2,23,project05_xgboost_policy,1,6.0,2,C10-AA-005|C10-AA-002,6.0,3.0,0,0,0,,,,11.0,0,1,1,,development,0,0,1.0,G3_campaign,1.0,1,G2_tactic_intent,1,0,,,,,,,,3.0,C10-AA-002,0.6667,1,2,,G3_campaign,G3_campaign,,1
C10-darpa-optc-sysclient0351-0925,random,0.2,23,project05_m3b_policy,1,8.0,3,C10-AA-004|C10-AA-005|C10-AA-002,8.0,5.0,0,0,0,,,,11.0,0,1,1,,development,0,0,1.0,G3_campaign,1.0,1,G2_tactic_intent,1,0,,,,,,,,3.0,C10-AA-002,1.875,1,3,,G3_campaign,G3_campaign,,2
C10-darpa-optc-sysclient0351-0925,random,0.2,23,project05_m2,1,5.0,2,C10-AA-001|C10-AA-002,5.0,2.0,0,0,0,,,,11.0,0,1,1,,development,0,0,1.0,G3_campaign,1.0,1,G2_tactic_intent,1,0,,,,,,,,3.0,C10-AA-002,0.6667,1,2,,G3_campaign,G3_campaign,,1
C10-darpa-optc-sysclient0351-0925,random,0.2,23,oracle_optimal,1,3.0,1,C10-AA-002,3.0,0.0,1,0,0,,,,11.0,0,1,1,,development,0,0,1.0,G3_campaign,1.0,1,G2_tactic_intent,1,0,,,,,,,,3.0,C10-AA-002,0.0,1,1,,G3_campaign,G3_campaign,,0
C10-darpa-optc-sysclient0351-0925,random,0.2,37,project05_m3star_h3_dual,1,0.0,0,,0.0,0.0,0,0,0,m3star_graph_action_value_xgboost_v0.3,m3star_graph_action_value_xgboost_v0.3,m3star_graph_action_value_xgboost_v0.3,11.0,0,1,1,0,development,0,0,1.0,G3_campaign,1.0,0,G3_campaign,1,0,1,3,1,1,,8,1,0.0,,0.0,0,0,1,G3_campaign,G3_campaign,m3star_graph_transition_xgboost_v0.1,0
C10-darpa-optc-sysclient0351-0925,random,0.2,37,project05_m3star_h3_no_dominance_dual,1,0.0,0,,0.0,0.0,0,0,0,m3star_graph_action_value_xgboost_v0.3,m3star_graph_action_value_xgboost_v0.3,m3star_graph_action_value_xgboost_v0.3,11.0,0,1,1,0,development,0,0,1.0,G3_campaign,1.0,0,G3_campaign,1,0,1,3,0,1,,8,1,0.0,,0.0,0,0,0,G3_campaign,G3_campaign,m3star_graph_transition_xgboost_v0.1,0
C10-darpa-optc-sysclient0351-0925,random,0.2,37,project05_m3star_h3_unshielded_dual,1,0.0,0,,0.0,0.0,0,0,0,m3star_graph_action_value_xgboost_v0.3,m3star_graph_action_value_xgboost_v0.3,m3star_graph_action_value_xgboost_v0.3,11.0,0,1,1,0,development,0,0,1.0,G3_campaign,1.0,0,G3_campaign,1,0,0,3,1,1,,8,0,0.0,,0.0,0,0,1,G3_campaign,G3_campaign,m3star_graph_transition_xgboost_v0.1,0
C10-darpa-optc-sysclient0351-0925,random,0.2,37,project05_m3star_h3_transition_only,1,0.0,0,,0.0,0.0,0,0,0,none,none,none,11.0,0,1,1,0,development,0,0,1.0,G3_campaign,1.0,0,G3_campaign,1,0,1,3,1,0,,8,1,0.0,,0.0,0,0,1,G3_campaign,G3_campaign,m3star_graph_transition_xgboost_v0.1,0
C10-darpa-optc-sysclient0351-0925,random,0.2,37,project05_m3star_h1_dual,1,0.0,0,,0.0,0.0,0,0,0,m3star_graph_action_value_xgboost_v0.3,m3star_graph_action_value_xgboost_v0.3,m3star_graph_action_value_xgboost_v0.3,11.0,0,1,1,0,development,0,0,1.0,G3_campaign,1.0,0,G3_campaign,1,0,1,1,1,1,,8,1,0.0,,0.0,0,0,1,G3_campaign,G3_campaign,m3star_graph_transition_xgboost_v0.1,0
C10-darpa-optc-sysclient0351-0925,random,0.2,37,project05_xgboost_policy,1,0.0,0,,0.0,0.0,0,0,0,,,,11.0,0,1,1,,development,0,0,1.0,G3_campaign,1.0,0,G3_campaign,1,0,,,,,,,,0.0,,0.0,0,0,,G3_campaign,G3_campaign,,0
C10-darpa-optc-sysclient0351-0925,random,0.2,37,project05_m3b_policy,1,0.0,0,,0.0,0.0,0,0,0,,,,11.0,0,1,1,,development,0,0,1.0,G3_campaign,1.0,0,G3_campaign,1,0,,,,,,,,0.0,,0.0,0,0,,G3_campaign,G3_campaign,,0
C10-darpa-optc-sysclient0351-0925,random,0.2,37,project05_m2,1,0.0,0,,0.0,0.0,0,0,0,,,,11.0,0,1,1,,development,0,0,1.0,G3_campaign,1.0,0,G3_campaign,1,0,,,,,,,,0.0,,0.0,0,0,,G3_campaign,G3_campaign,,0
C10-darpa-optc-sysclient0351-0925,random,0.2,37,oracle_optimal,1,0.0,0,,0.0,0.0,0,0,0,,,,11.0,0,1,1,,development,0,0,1.0,G3_campaign,1.0,0,G3_campaign,1,0,,,,,,,,0.0,,0.0,0,0,,G3_campaign,G3_campaign,,0
C10-darpa-optc-sysclient0351-0925,random,0.2,41,project05_m3star_h3_dual,1,3.0,1,C10-AA-005,3.0,0.0,1,0,0,m3star_graph_action_value_xgboost_v0.3,m3star_graph_action_value_xgboost_v0.3,m3star_graph_action_value_xgboost_v0.3,11.0,0,1,1,0,development,0,0,1.0,G3_campaign,1.0,1,G2_tactic_intent,1,0,1,3,1,1,,8,1,3.0,C10-AA-005,0.0,1,1,1,G3_campaign,G3_campaign,m3star_graph_transition_xgboost_v0.1,0
C10-darpa-optc-sysclient0351-0925,random,0.2,41,project05_m3star_h3_no_dominance_dual,1,3.0,1,C10-AA-005,3.0,0.0,1,0,0,m3star_graph_action_value_xgboost_v0.3,m3star_graph_action_value_xgboost_v0.3,m3star_graph_action_value_xgboost_v0.3,11.0,0,1,1,0,development,0,0,1.0,G3_campaign,1.0,1,G2_tactic_intent,1,0,1,3,0,1,,8,1,3.0,C10-AA-005,0.0,1,1,0,G3_campaign,G3_campaign,m3star_graph_transition_xgboost_v0.1,0
C10-darpa-optc-sysclient0351-0925,random,0.2,41,project05_m3star_h3_unshielded_dual,1,3.0,1,C10-AA-005,3.0,0.0,1,0,0,m3star_graph_action_value_xgboost_v0.3,m3star_graph_action_value_xgboost_v0.3,m3star_graph_action_value_xgboost_v0.3,11.0,0,1,1,0,development,0,0,1.0,G3_campaign,1.0,1,G2_tactic_intent,1,0,0,3,1,1,,8,0,3.0,C10-AA-005,0.0,1,1,1,G3_campaign,G3_campaign,m3star_graph_transition_xgboost_v0.1,0
C10-darpa-optc-sysclient0351-0925,random,0.2,41,project05_m3star_h3_transition_only,1,3.0,1,C10-AA-005,3.0,0.0,1,0,0,none,none,none,11.0,0,1,1,0,development,0,0,1.0,G3_campaign,1.0,1,G2_tactic_intent,1,0,1,3,1,0,,8,1,3.0,C10-AA-005,0.0,1,1,1,G3_campaign,G3_campaign,m3star_graph_transition_xgboost_v0.1,0
C10-darpa-optc-sysclient0351-0925,random,0.2,41,project05_m3star_h1_dual,1,3.0,1,C10-AA-005,3.0,0.0,1,0,0,m3star_graph_action_value_xgboost_v0.3,m3star_graph_action_value_xgboost_v0.3,m3star_graph_action_value_xgboost_v0.3,11.0,0,1,1,0,development,0,0,1.0,G3_campaign,1.0,1,G2_tactic_intent,1,0,1,1,1,1,,8,1,3.0,C10-AA-005,0.0,1,1,1,G3_campaign,G3_campaign,m3star_graph_transition_xgboost_v0.1,0
C10-darpa-optc-sysclient0351-0925,random,0.2,41,project05_xgboost_policy,1,3.0,1,C10-AA-005,3.0,0.0,1,0,0,,,,11.0,0,1,1,,development,0,0,1.0,G3_campaign,1.0,1,G2_tactic_intent,1,0,,,,,,,,3.0,C10-AA-005,0.0,1,1,,G3_campaign,G3_campaign,,0
C10-darpa-optc-sysclient0351-0925,random,0.2,41,project05_m3b_policy,1,3.0,1,C10-AA-005,3.0,0.0,1,0,0,,,,11.0,0,1,1,,development,0,0,1.0,G3_campaign,1.0,1,G2_tactic_intent,1,0,,,,,,,,3.0,C10-AA-005,0.0,1,1,,G3_campaign,G3_campaign,,0
C10-darpa-optc-sysclient0351-0925,random,0.2,41,project05_m2,1,3.0,1,C10-AA-005,3.0,0.0,1,0,0,,,,11.0,0,1,1,,development,0,0,1.0,G3_campaign,1.0,1,G2_tactic_intent,1,0,,,,,,,,3.0,C10-AA-005,0.0,1,1,,G3_campaign,G3_campaign,,0
C10-darpa-optc-sysclient0351-0925,random,0.2,41,oracle_optimal,1,3.0,1,C10-AA-005,3.0,0.0,1,0,0,,,,11.0,0,1,1,,development,0,0,1.0,G3_campaign,1.0,1,G2_tactic_intent,1,0,,,,,,,,3.0,C10-AA-005,0.0,1,1,,G3_campaign,G3_campaign,,0
C10-darpa-optc-sysclient0351-0925,random,0.2,53,project05_m3star_h3_dual,1,0.0,0,,0.0,0.0,0,0,0,m3star_graph_action_value_xgboost_v0.3,m3star_graph_action_value_xgboost_v0.3,m3star_graph_action_value_xgboost_v0.3,11.0,0,1,1,0,development,0,0,1.0,G3_campaign,1.0,0,G3_campaign,1,0,1,3,1,1,,8,1,0.0,,0.0,0,0,1,G3_campaign,G3_campaign,m3star_graph_transition_xgboost_v0.1,0
C10-darpa-optc-sysclient0351-0925,random,0.2,53,project05_m3star_h3_no_dominance_dual,1,0.0,0,,0.0,0.0,0,0,0,m3star_graph_action_value_xgboost_v0.3,m3star_graph_action_value_xgboost_v0.3,m3star_graph_action_value_xgboost_v0.3,11.0,0,1,1,0,development,0,0,1.0,G3_campaign,1.0,0,G3_campaign,1,0,1,3,0,1,,8,1,0.0,,0.0,0,0,0,G3_campaign,G3_campaign,m3star_graph_transition_xgboost_v0.1,0
C10-darpa-optc-sysclient0351-0925,random,0.2,53,project05_m3star_h3_unshielded_dual,1,0.0,0,,0.0,0.0,0,0,0,m3star_graph_action_value_xgboost_v0.3,m3star_graph_action_value_xgboost_v0.3,m3star_graph_action_value_xgboost_v0.3,11.0,0,1,1,0,development,0,0,1.0,G3_campaign,1.0,0,G3_campaign,1,0,0,3,1,1,,8,0,0.0,,0.0,0,0,1,G3_campaign,G3_campaign,m3star_graph_transition_xgboost_v0.1,0
C10-darpa-optc-sysclient0351-0925,random,0.2,53,project05_m3star_h3_transition_only,1,0.0,0,,0.0,0.0,0,0,0,none,none,none,11.0,0,1,1,0,development,0,0,1.0,G3_campaign,1.0,0,G3_campaign,1,0,1,3,1,0,,8,1,0.0,,0.0,0,0,1,G3_campaign,G3_campaign,m3star_graph_transition_xgboost_v0.1,0
C10-darpa-optc-sysclient0351-0925,random,0.2,53,project05_m3star_h1_dual,1,0.0,0,,0.0,0.0,0,0,0,m3star_graph_action_value_xgboost_v0.3,m3star_graph_action_value_xgboost_v0.3,m3star_graph_action_value_xgboost_v0.3,11.0,0,1,1,0,development,0,0,1.0,G3_campaign,1.0,0,G3_campaign,1,0,1,1,1,1,,8,1,0.0,,0.0,0,0,1,G3_campaign,G3_campaign,m3star_graph_transition_xgboost_v0.1,0
C10-darpa-optc-sysclient0351-0925,random,0.2,53,project05_xgboost_policy,1,0.0,0,,0.0,0.0,0,0,0,,,,11.0,0,1,1,,development,0,0,1.0,G3_campaign,1.0,0,G3_campaign,1,0,,,,,,,,0.0,,0.0,0,0,,G3_campaign,G3_campaign,,0
C10-darpa-optc-sysclient0351-0925,random,0.2,53,project05_m3b_policy,1,0.0,0,,0.0,0.0,0,0,0,,,,11.0,0,1,1,,development,0,0,1.0,G3_campaign,1.0,0,G3_campaign,1,0,,,,,,,,0.0,,0.0,0,0,,G3_campaign,G3_campaign,,0
C10-darpa-optc-sysclient0351-0925,random,0.2,53,project05_m2,1,0.0,0,,0.0,0.0,0,0,0,,,,11.0,0,1,1,,development,0,0,1.0,G3_campaign,1.0,0,G3_campaign,1,0,,,,,,,,0.0,,0.0,0,0,,G3_campaign,G3_campaign,,0
C10-darpa-optc-sysclient0351-0925,random,0.2,53,oracle_optimal,1,0.0,0,,0.0,0.0,0,0,0,,,,11.0,0,1,1,,development,0,0,1.0,G3_campaign,1.0,0,G3_campaign,1,0,,,,,,,,0.0,,0.0,0,0,,G3_campaign,G3_campaign,,0
C10-darpa-optc-sysclient0351-0925,random,0.4,11,project05_m3star_h3_dual,1,3.0,1,C10-AA-005,3.0,0.0,1,0,0,m3star_graph_action_value_xgboost_v0.3,m3star_graph_action_value_xgboost_v0.3,m3star_graph_action_value_xgboost_v0.3,11.0,0,1,1,0,development,0,0,1.0,G3_campaign,1.0,1,G2_tactic_intent,2,0,1,3,1,1,,8,1,3.0,C10-AA-005,0.0,1,1,1,G3_campaign,G3_campaign,m3star_graph_transition_xgboost_v0.1,0
C10-darpa-optc-sysclient0351-0925,random,0.4,11,project05_m3star_h3_no_dominance_dual,1,3.0,1,C10-AA-005,3.0,0.0,1,0,0,m3star_graph_action_value_xgboost_v0.3,m3star_graph_action_value_xgboost_v0.3,m3star_graph_action_value_xgboost_v0.3,11.0,0,1,1,0,development,0,0,1.0,G3_campaign,1.0,1,G2_tactic_intent,2,0,1,3,0,1,,8,1,3.0,C10-AA-005,0.0,1,1,0,G3_campaign,G3_campaign,m3star_graph_transition_xgboost_v0.1,0
C10-darpa-optc-sysclient0351-0925,random,0.4,11,project05_m3star_h3_unshielded_dual,1,3.0,1,C10-AA-005,3.0,0.0,1,0,0,m3star_graph_action_value_xgboost_v0.3,m3star_graph_action_value_xgboost_v0.3,m3star_graph_action_value_xgboost_v0.3,11.0,0,1,1,0,development,0,0,1.0,G3_campaign,1.0,1,G2_tactic_intent,2,0,0,3,1,1,,8,0,3.0,C10-AA-005,0.0,1,1,1,G3_campaign,G3_campaign,m3star_graph_transition_xgboost_v0.1,0
C10-darpa-optc-sysclient0351-0925,random,0.4,11,project05_m3star_h3_transition_only,1,3.0,1,C10-AA-005,3.0,0.0,1,0,0,none,none,none,11.0,0,1,1,0,development,0,0,1.0,G3_campaign,1.0,1,G2_tactic_intent,2,0,1,3,1,0,,8,1,3.0,C10-AA-005,0.0,1,1,1,G3_campaign,G3_campaign,m3star_graph_transition_xgboost_v0.1,0
C10-darpa-optc-sysclient0351-0925,random,0.4,11,project05_m3star_h1_dual,1,3.0,1,C10-AA-005,3.0,0.0,1,0,0,m3star_graph_action_value_xgboost_v0.3,m3star_graph_action_value_xgboost_v0.3,m3star_graph_action_value_xgboost_v0.3,11.0,0,1,1,0,development,0,0,1.0,G3_campaign,1.0,1,G2_tactic_intent,2,0,1,1,1,1,,8,1,3.0,C10-AA-005,0.0,1,1,1,G3_campaign,G3_campaign,m3star_graph_transition_xgboost_v0.1,0
C10-darpa-optc-sysclient0351-0925,random,0.4,11,project05_xgboost_policy,1,3.0,1,C10-AA-005,3.0,0.0,1,0,0,,,,11.0,0,1,1,,development,0,0,1.0,G3_campaign,1.0,1,G2_tactic_intent,2,0,,,,,,,,3.0,C10-AA-005,0.0,1,1,,G3_campaign,G3_campaign,,0
C10-darpa-optc-sysclient0351-0925,random,0.4,11,project05_m3b_policy,1,3.0,1,C10-AA-005,3.0,0.0,1,0,0,,,,11.0,0,1,1,,development,0,0,1.0,G3_campaign,1.0,1,G2_tactic_intent,2,0,,,,,,,,3.0,C10-AA-005,0.0,1,1,,G3_campaign,G3_campaign,,0
C10-darpa-optc-sysclient0351-0925,random,0.4,11,project05_m2,1,3.0,1,C10-AA-005,3.0,0.0,1,0,0,,,,11.0,0,1,1,,development,0,0,1.0,G3_campaign,1.0,1,G2_tactic_intent,2,0,,,,,,,,3.0,C10-AA-005,0.0,1,1,,G3_campaign,G3_campaign,,0
C10-darpa-optc-sysclient0351-0925,random,0.4,11,oracle_optimal,1,3.0,1,C10-AA-005,3.0,0.0,1,0,0,,,,11.0,0,1,1,,development,0,0,1.0,G3_campaign,1.0,1,G2_tactic_intent,2,0,,,,,,,,3.0,C10-AA-005,0.0,1,1,,G3_campaign,G3_campaign,,0
C10-darpa-optc-sysclient0351-0925,random,0.4,23,project05_m3star_h3_dual,1,5.0,2,C10-AA-002|C10-AA-003,5.0,0.0,1,0,0,m3star_graph_action_value_xgboost_v0.3,m3star_graph_action_value_xgboost_v0.3,m3star_graph_action_value_xgboost_v0.3,11.0,0,1,1,0,development,0,0,1.0,G3_campaign,1.0,1,G2_tactic_intent,2,0,1,3,1,1,,8,1,5.0,C10-AA-002,0.2,2,2,1,G3_campaign,G3_campaign,m3star_graph_transition_xgboost_v0.1,0
C10-darpa-optc-sysclient0351-0925,random,0.4,23,project05_m3star_h3_no_dominance_dual,1,5.0,2,C10-AA-002|C10-AA-003,5.0,0.0,1,0,0,m3star_graph_action_value_xgboost_v0.3,m3star_graph_action_value_xgboost_v0.3,m3star_graph_action_value_xgboost_v0.3,11.0,0,1,1,0,development,0,0,1.0,G3_campaign,1.0,1,G2_tactic_intent,2,0,1,3,0,1,,8,1,5.0,C10-AA-002,0.2,2,2,0,G3_campaign,G3_campaign,m3star_graph_transition_xgboost_v0.1,0
C10-darpa-optc-sysclient0351-0925,random,0.4,23,project05_m3star_h3_unshielded_dual,1,5.0,2,C10-AA-002|C10-AA-003,5.0,0.0,1,0,0,m3star_graph_action_value_xgboost_v0.3,m3star_graph_action_value_xgboost_v0.3,m3star_graph_action_value_xgboost_v0.3,11.0,0,1,1,1,development,0,0,1.0,G3_campaign,1.0,1,G2_tactic_intent,2,0,0,3,1,1,,8,0,5.0,C10-AA-002,0.2,2,2,1,G3_campaign,G3_campaign,m3star_graph_transition_xgboost_v0.1,0
C10-darpa-optc-sysclient0351-0925,random,0.4,23,project05_m3star_h3_transition_only,1,5.0,2,C10-AA-002|C10-AA-003,5.0,0.0,1,0,0,none,none,none,11.0,0,1,1,0,development,0,0,1.0,G3_campaign,1.0,1,G2_tactic_intent,2,0,1,3,1,0,,8,1,5.0,C10-AA-002,0.2,2,2,1,G3_campaign,G3_campaign,m3star_graph_transition_xgboost_v0.1,0
C10-darpa-optc-sysclient0351-0925,random,0.4,23,project05_m3star_h1_dual,1,5.0,2,C10-AA-002|C10-AA-003,5.0,0.0,1,0,0,m3star_graph_action_value_xgboost_v0.3,m3star_graph_action_value_xgboost_v0.3,m3star_graph_action_value_xgboost_v0.3,11.0,0,1,1,0,development,0,0,1.0,G3_campaign,1.0,1,G2_tactic_intent,2,0,1,1,1,1,,8,1,5.0,C10-AA-002,0.2,2,2,1,G3_campaign,G3_campaign,m3star_graph_transition_xgboost_v0.1,0
C10-darpa-optc-sysclient0351-0925,random,0.4,23,project05_xgboost_policy,1,8.0,3,C10-AA-005|C10-AA-002|C10-AA-003,8.0,3.0,0,0,0,,,,11.0,0,1,1,,development,0,0,1.0,G3_campaign,1.0,1,G2_tactic_intent,2,0,,,,,,,,5.0,C10-AA-002,0.8889,2,3,,G3_campaign,G3_campaign,,1
C10-darpa-optc-sysclient0351-0925,random,0.4,23,project05_m3b_policy,1,10.0,4,C10-AA-003|C10-AA-004|C10-AA-005|C10-AA-002,10.0,5.0,0,0,0,,,,11.0,0,1,1,,development,0,0,1.0,G3_campaign,1.0,1,G2_tactic_intent,2,0,,,,,,,,5.0,C10-AA-002,2.0972,2,4,,G3_campaign,G3_campaign,,2
C10-darpa-optc-sysclient0351-0925,random,0.4,23,project05_m2,1,7.0,3,C10-AA-001|C10-AA-002|C10-AA-003,7.0,2.0,0,0,0,,,,11.0,0,1,1,,development,0,0,1.0,G3_campaign,1.0,1,G2_tactic_intent,2,0,,,,,,,,5.0,C10-AA-002,0.8667,2,3,,G3_campaign,G3_campaign,,1
C10-darpa-optc-sysclient0351-0925,random,0.4,23,oracle_optimal,1,5.0,2,C10-AA-002|C10-AA-003,5.0,0.0,1,0,0,,,,11.0,0,1,1,,development,0,0,1.0,G3_campaign,1.0,1,G2_tactic_intent,2,0,,,,,,,,5.0,C10-AA-002,0.2,2,2,,G3_campaign,G3_campaign,,0
C10-darpa-optc-sysclient0351-0925,random,0.4,37,project05_m3star_h3_dual,1,2.0,1,C10-AA-003,2.0,0.0,1,0,0,m3star_graph_action_value_xgboost_v0.3,m3star_graph_action_value_xgboost_v0.3,m3star_graph_action_value_xgboost_v0.3,11.0,0,1,1,0,development,0,0,1.0,G3_campaign,1.0,1,G2_tactic_intent,2,0,1,3,1,1,,8,1,2.0,C10-AA-003,0.0,1,1,1,G3_campaign,G3_campaign,m3star_graph_transition_xgboost_v0.1,0
C10-darpa-optc-sysclient0351-0925,random,0.4,37,project05_m3star_h3_no_dominance_dual,1,2.0,1,C10-AA-003,2.0,0.0,1,0,0,m3star_graph_action_value_xgboost_v0.3,m3star_graph_action_value_xgboost_v0.3,m3star_graph_action_value_xgboost_v0.3,11.0,0,1,1,0,development,0,0,1.0,G3_campaign,1.0,1,G2_tactic_intent,2,0,1,3,0,1,,8,1,2.0,C10-AA-003,0.0,1,1,0,G3_campaign,G3_campaign,m3star_graph_transition_xgboost_v0.1,0
C10-darpa-optc-sysclient0351-0925,random,0.4,37,project05_m3star_h3_unshielded_dual,1,2.0,1,C10-AA-003,2.0,0.0,1,0,0,m3star_graph_action_value_xgboost_v0.3,m3star_graph_action_value_xgboost_v0.3,m3star_graph_action_value_xgboost_v0.3,11.0,0,1,1,0,development,0,0,1.0,G3_campaign,1.0,1,G2_tactic_intent,2,0,0,3,1,1,,8,0,2.0,C10-AA-003,0.0,1,1,1,G3_campaign,G3_campaign,m3star_graph_transition_xgboost_v0.1,0
C10-darpa-optc-sysclient0351-0925,random,0.4,37,project05_m3star_h3_transition_only,1,2.0,1,C10-AA-003,2.0,0.0,1,0,0,none,none,none,11.0,0,1,1,0,development,0,0,1.0,G3_campaign,1.0,1,G2_tactic_intent,2,0,1,3,1,0,,8,1,2.0,C10-AA-003,0.0,1,1,1,G3_campaign,G3_campaign,m3star_graph_transition_xgboost_v0.1,0
C10-darpa-optc-sysclient0351-0925,random,0.4,37,project05_m3star_h1_dual,1,2.0,1,C10-AA-003,2.0,0.0,1,0,0,m3star_graph_action_value_xgboost_v0.3,m3star_graph_action_value_xgboost_v0.3,m3star_graph_action_value_xgboost_v0.3,11.0,0,1,1,0,development,0,0,1.0,G3_campaign,1.0,1,G2_tactic_intent,2,0,1,1,1,1,,8,1,2.0,C10-AA-003,0.0,1,1,1,G3_campaign,G3_campaign,m3star_graph_transition_xgboost_v0.1,0
C10-darpa-optc-sysclient0351-0925,random,0.4,37,project05_xgboost_policy,1,2.0,1,C10-AA-003,2.0,0.0,1,0,0,,,,11.0,0,1,1,,development,0,0,1.0,G3_campaign,1.0,1,G2_tactic_intent,2,0,,,,,,,,2.0,C10-AA-003,0.0,1,1,,G3_campaign,G3_campaign,,0
C10-darpa-optc-sysclient0351-0925,random,0.4,37,project05_m3b_policy,1,2.0,1,C10-AA-003,2.0,0.0,1,0,0,,,,11.0,0,1,1,,development,0,0,1.0,G3_campaign,1.0,1,G2_tactic_intent,2,0,,,,,,,,2.0,C10-AA-003,0.0,1,1,,G3_campaign,G3_campaign,,0
C10-darpa-optc-sysclient0351-0925,random,0.4,37,project05_m2,1,2.0,1,C10-AA-003,2.0,0.0,1,0,0,,,,11.0,0,1,1,,development,0,0,1.0,G3_campaign,1.0,1,G2_tactic_intent,2,0,,,,,,,,2.0,C10-AA-003,0.0,1,1,,G3_campaign,G3_campaign,,0
C10-darpa-optc-sysclient0351-0925,random,0.4,37,oracle_optimal,1,2.0,1,C10-AA-003,2.0,0.0,1,0,0,,,,11.0,0,1,1,,development,0,0,1.0,G3_campaign,1.0,1,G2_tactic_intent,2,0,,,,,,,,2.0,C10-AA-003,0.0,1,1,,G3_campaign,G3_campaign,,0
C10-darpa-optc-sysclient0351-0925,random,0.4,41,project05_m3star_h3_dual,1,6.0,2,C10-AA-002|C10-AA-005,6.0,0.0,1,0,0,m3star_graph_action_value_xgboost_v0.3,m3star_graph_action_value_xgboost_v0.3,m3star_graph_action_value_xgboost_v0.3,11.0,0,1,1,0,development,0,0,1.0,G3_campaign,1.0,1,G2_tactic_intent,2,0,1,3,1,1,,8,1,6.0,C10-AA-002,0.6667,2,2,1,G3_campaign,G3_campaign,m3star_graph_transition_xgboost_v0.1,0
C10-darpa-optc-sysclient0351-0925,random,0.4,41,project05_m3star_h3_no_dominance_dual,1,6.0,2,C10-AA-002|C10-AA-005,6.0,0.0,1,0,0,m3star_graph_action_value_xgboost_v0.3,m3star_graph_action_value_xgboost_v0.3,m3star_graph_action_value_xgboost_v0.3,11.0,0,1,1,0,development,0,0,1.0,G3_campaign,1.0,1,G2_tactic_intent,2,0,1,3,0,1,,8,1,6.0,C10-AA-002,0.6667,2,2,0,G3_campaign,G3_campaign,m3star_graph_transition_xgboost_v0.1,0
C10-darpa-optc-sysclient0351-0925,random,0.4,41,project05_m3star_h3_unshielded_dual,1,6.0,2,C10-AA-002|C10-AA-005,6.0,0.0,1,0,0,m3star_graph_action_value_xgboost_v0.3,m3star_graph_action_value_xgboost_v0.3,m3star_graph_action_value_xgboost_v0.3,11.0,0,1,1,1,development,0,0,1.0,G3_campaign,1.0,1,G2_tactic_intent,2,0,0,3,1,1,,8,0,6.0,C10-AA-002,0.6667,2,2,1,G3_campaign,G3_campaign,m3star_graph_transition_xgboost_v0.1,0
C10-darpa-optc-sysclient0351-0925,random,0.4,41,project05_m3star_h3_transition_only,1,6.0,2,C10-AA-002|C10-AA-005,6.0,0.0,1,0,0,none,none,none,11.0,0,1,1,0,development,0,0,1.0,G3_campaign,1.0,1,G2_tactic_intent,2,0,1,3,1,0,,8,1,6.0,C10-AA-002,0.6667,2,2,1,G3_campaign,G3_campaign,m3star_graph_transition_xgboost_v0.1,0
C10-darpa-optc-sysclient0351-0925,random,0.4,41,project05_m3star_h1_dual,1,6.0,2,C10-AA-002|C10-AA-005,6.0,0.0,1,0,0,m3star_graph_action_value_xgboost_v0.3,m3star_graph_action_value_xgboost_v0.3,m3star_graph_action_value_xgboost_v0.3,11.0,0,1,1,0,development,0,0,1.0,G3_campaign,1.0,1,G2_tactic_intent,2,0,1,1,1,1,,8,1,6.0,C10-AA-002,0.6667,2,2,1,G3_campaign,G3_campaign,m3star_graph_transition_xgboost_v0.1,0
C10-darpa-optc-sysclient0351-0925,random,0.4,41,project05_xgboost_policy,1,6.0,2,C10-AA-002|C10-AA-005,6.0,0.0,1,0,0,,,,11.0,0,1,1,,development,0,0,1.0,G3_campaign,1.0,1,G2_tactic_intent,2,0,,,,,,,,6.0,C10-AA-002,0.6667,2,2,,G3_campaign,G3_campaign,,0
C10-darpa-optc-sysclient0351-0925,random,0.4,41,project05_m3b_policy,1,8.0,3,C10-AA-005|C10-AA-004|C10-AA-002,8.0,2.0,0,0,0,,,,11.0,0,1,1,,development,0,0,1.0,G3_campaign,1.0,1,G2_tactic_intent,2,0,,,,,,,,6.0,C10-AA-002,1.625,2,3,,G3_campaign,G3_campaign,,1
C10-darpa-optc-sysclient0351-0925,random,0.4,41,project05_m2,1,8.0,3,C10-AA-001|C10-AA-002|C10-AA-005,8.0,2.0,0,0,0,,,,11.0,0,1,1,,development,0,0,1.0,G3_campaign,1.0,1,G2_tactic_intent,2,0,,,,,,,,6.0,C10-AA-002,1.3333,2,3,,G3_campaign,G3_campaign,,1
C10-darpa-optc-sysclient0351-0925,random,0.4,41,oracle_optimal,1,6.0,2,C10-AA-002|C10-AA-005,6.0,0.0,1,0,0,,,,11.0,0,1,1,,development,0,0,1.0,G3_campaign,1.0,1,G2_tactic_intent,2,0,,,,,,,,6.0,C10-AA-002,0.6667,2,2,,G3_campaign,G3_campaign,,0
C10-darpa-optc-sysclient0351-0925,random,0.4,53,project05_m3star_h3_dual,1,2.0,1,C10-AA-004,2.0,0.0,1,0,0,m3star_graph_action_value_xgboost_v0.3,m3star_graph_action_value_xgboost_v0.3,m3star_graph_action_value_xgboost_v0.3,11.0,0,1,1,0,development,0,0,1.0,G3_campaign,1.0,1,G2_tactic_intent,2,0,1,3,1,1,,8,1,2.0,C10-AA-004,0.0,1,1,1,G3_campaign,G3_campaign,m3star_graph_transition_xgboost_v0.1,0
C10-darpa-optc-sysclient0351-0925,random,0.4,53,project05_m3star_h3_no_dominance_dual,1,2.0,1,C10-AA-004,2.0,0.0,1,0,0,m3star_graph_action_value_xgboost_v0.3,m3star_graph_action_value_xgboost_v0.3,m3star_graph_action_value_xgboost_v0.3,11.0,0,1,1,0,development,0,0,1.0,G3_campaign,1.0,1,G2_tactic_intent,2,0,1,3,0,1,,8,1,2.0,C10-AA-004,0.0,1,1,0,G3_campaign,G3_campaign,m3star_graph_transition_xgboost_v0.1,0
C10-darpa-optc-sysclient0351-0925,random,0.4,53,project05_m3star_h3_unshielded_dual,1,2.0,1,C10-AA-004,2.0,0.0,1,0,0,m3star_graph_action_value_xgboost_v0.3,m3star_graph_action_value_xgboost_v0.3,m3star_graph_action_value_xgboost_v0.3,11.0,0,1,1,0,development,0,0,1.0,G3_campaign,1.0,1,G2_tactic_intent,2,0,0,3,1,1,,8,0,2.0,C10-AA-004,0.0,1,1,1,G3_campaign,G3_campaign,m3star_graph_transition_xgboost_v0.1,0
C10-darpa-optc-sysclient0351-0925,random,0.4,53,project05_m3star_h3_transition_only,1,2.0,1,C10-AA-004,2.0,0.0,1,0,0,none,none,none,11.0,0,1,1,0,development,0,0,1.0,G3_campaign,1.0,1,G2_tactic_intent,2,0,1,3,1,0,,8,1,2.0,C10-AA-004,0.0,1,1,1,G3_campaign,G3_campaign,m3star_graph_transition_xgboost_v0.1,0
C10-darpa-optc-sysclient0351-0925,random,0.4,53,project05_m3star_h1_dual,1,2.0,1,C10-AA-004,2.0,0.0,1,0,0,m3star_graph_action_value_xgboost_v0.3,m3star_graph_action_value_xgboost_v0.3,m3star_graph_action_value_xgboost_v0.3,11.0,0,1,1,0,development,0,0,1.0,G3_campaign,1.0,1,G2_tactic_intent,2,0,1,1,1,1,,8,1,2.0,C10-AA-004,0.0,1,1,1,G3_campaign,G3_campaign,m3star_graph_transition_xgboost_v0.1,0
C10-darpa-optc-sysclient0351-0925,random,0.4,53,project05_xgboost_policy,1,2.0,1,C10-AA-004,2.0,0.0,1,0,0,,,,11.0,0,1,1,,development,0,0,1.0,G3_campaign,1.0,1,G2_tactic_intent,2,0,,,,,,,,2.0,C10-AA-004,0.0,1,1,,G3_campaign,G3_campaign,,0
C10-darpa-optc-sysclient0351-0925,random,0.4,53,project05_m3b_policy,1,4.0,2,C10-AA-003|C10-AA-004,4.0,2.0,0,0,0,,,,11.0,0,1,1,,development,0,0,1.0,G3_campaign,1.0,1,G2_tactic_intent,2,0,,,,,,,,2.0,C10-AA-004,0.2222,1,2,,G3_campaign,G3_campaign,,1
C10-darpa-optc-sysclient0351-0925,random,0.4,53,project05_m2,1,2.0,1,C10-AA-004,2.0,0.0,1,0,0,,,,11.0,0,1,1,,development,0,0,1.0,G3_campaign,1.0,1,G2_tactic_intent,2,0,,,,,,,,2.0,C10-AA-004,0.0,1,1,,G3_campaign,G3_campaign,,0
C10-darpa-optc-sysclient0351-0925,random,0.4,53,oracle_optimal,1,2.0,1,C10-AA-004,2.0,0.0,1,0,0,,,,11.0,0,1,1,,development,0,0,1.0,G3_campaign,1.0,1,G2_tactic_intent,2,0,,,,,,,,2.0,C10-AA-004,0.0,1,1,,G3_campaign,G3_campaign,,0
C10-darpa-optc-sysclient0351-0925,random,0.6,11,project05_m3star_h3_dual,1,5.0,2,C10-AA-004|C10-AA-005,5.0,0.0,1,0,0,m3star_graph_action_value_xgboost_v0.3,m3star_graph_action_value_xgboost_v0.3,m3star_graph_action_value_xgboost_v0.3,11.0,0,1,1,0,development,0,0,1.0,G3_campaign,1.0,1,G2_tactic_intent,3,0,1,3,1,1,,8,1,5.0,C10-AA-004,0.75,2,2,1,G3_campaign,G3_campaign,m3star_graph_transition_xgboost_v0.1,0
C10-darpa-optc-sysclient0351-0925,random,0.6,11,project05_m3star_h3_no_dominance_dual,1,5.0,2,C10-AA-004|C10-AA-005,5.0,0.0,1,0,0,m3star_graph_action_value_xgboost_v0.3,m3star_graph_action_value_xgboost_v0.3,m3star_graph_action_value_xgboost_v0.3,11.0,0,1,1,0,development,0,0,1.0,G3_campaign,1.0,1,G2_tactic_intent,3,0,1,3,0,1,,8,1,5.0,C10-AA-004,0.75,2,2,0,G3_campaign,G3_campaign,m3star_graph_transition_xgboost_v0.1,0
C10-darpa-optc-sysclient0351-0925,random,0.6,11,project05_m3star_h3_unshielded_dual,1,5.0,2,C10-AA-004|C10-AA-005,5.0,0.0,1,0,0,m3star_graph_action_value_xgboost_v0.3,m3star_graph_action_value_xgboost_v0.3,m3star_graph_action_value_xgboost_v0.3,11.0,0,1,1,0,development,0,0,1.0,G3_campaign,1.0,1,G2_tactic_intent,3,0,0,3,1,1,,8,0,5.0,C10-AA-004,0.75,2,2,1,G3_campaign,G3_campaign,m3star_graph_transition_xgboost_v0.1,0
C10-darpa-optc-sysclient0351-0925,random,0.6,11,project05_m3star_h3_transition_only,1,5.0,2,C10-AA-004|C10-AA-005,5.0,0.0,1,0,0,none,none,none,11.0,0,1,1,0,development,0,0,1.0,G3_campaign,1.0,1,G2_tactic_intent,3,0,1,3,1,0,,8,1,5.0,C10-AA-004,0.75,2,2,1,G3_campaign,G3_campaign,m3star_graph_transition_xgboost_v0.1,0
C10-darpa-optc-sysclient0351-0925,random,0.6,11,project05_m3star_h1_dual,1,5.0,2,C10-AA-004|C10-AA-005,5.0,0.0,1,0,0,m3star_graph_action_value_xgboost_v0.3,m3star_graph_action_value_xgboost_v0.3,m3star_graph_action_value_xgboost_v0.3,11.0,0,1,1,0,development,0,0,1.0,G3_campaign,1.0,1,G2_tactic_intent,3,0,1,1,1,1,,8,1,5.0,C10-AA-004,0.75,2,2,1,G3_campaign,G3_campaign,m3star_graph_transition_xgboost_v0.1,0
C10-darpa-optc-sysclient0351-0925,random,0.6,11,project05_xgboost_policy,1,5.0,2,C10-AA-005|C10-AA-004,5.0,0.0,0,0,0,,,,11.0,0,1,1,,development,0,0,1.0,G3_campaign,1.0,1,G2_tactic_intent,3,0,,,,,,,,5.0,C10-AA-004,0.5,2,2,,G3_campaign,G3_campaign,,0
C10-darpa-optc-sysclient0351-0925,random,0.6,11,project05_m3b_policy,1,7.0,3,C10-AA-003|C10-AA-004|C10-AA-005,7.0,2.0,0,0,0,,,,11.0,0,1,1,,development,0,0,1.0,G3_campaign,1.0,1,G2_tactic_intent,3,0,,,,,,,,5.0,C10-AA-004,0.9722,2,3,,G3_campaign,G3_campaign,,1
C10-darpa-optc-sysclient0351-0925,random,0.6,11,project05_m2,1,5.0,2,C10-AA-005|C10-AA-004,5.0,0.0,0,0,0,,,,11.0,0,1,1,,development,0,0,1.0,G3_campaign,1.0,1,G2_tactic_intent,3,0,,,,,,,,5.0,C10-AA-004,0.5,2,2,,G3_campaign,G3_campaign,,0
C10-darpa-optc-sysclient0351-0925,random,0.6,11,oracle_optimal,1,5.0,2,C10-AA-004|C10-AA-005,5.0,0.0,1,0,0,,,,11.0,0,1,1,,development,0,0,1.0,G3_campaign,1.0,1,G2_tactic_intent,3,0,,,,,,,,5.0,C10-AA-004,0.75,2,2,,G3_campaign,G3_campaign,,0
C10-darpa-optc-sysclient0351-0925,random,0.6,23,project05_m3star_h3_dual,1,8.0,3,C10-AA-002|C10-AA-003|C10-AA-005,8.0,0.0,1,0,0,m3star_graph_action_value_xgboost_v0.3,m3star_graph_action_value_xgboost_v0.3,m3star_graph_action_value_xgboost_v0.3,11.0,0,1,1,0,development,0,0,1.0,G3_campaign,1.0,1,G1_technique,3,0,1,3,1,1,,8,1,8.0,C10-AA-002,0.8667,3,3,1,G3_campaign,G3_campaign,m3star_graph_transition_xgboost_v0.1,0
C10-darpa-optc-sysclient0351-0925,random,0.6,23,project05_m3star_h3_no_dominance_dual,1,8.0,3,C10-AA-002|C10-AA-003|C10-AA-005,8.0,0.0,1,0,0,m3star_graph_action_value_xgboost_v0.3,m3star_graph_action_value_xgboost_v0.3,m3star_graph_action_value_xgboost_v0.3,11.0,0,1,1,0,development,0,0,1.0,G3_campaign,1.0,1,G1_technique,3,0,1,3,0,1,,8,1,8.0,C10-AA-002,0.8667,3,3,0,G3_campaign,G3_campaign,m3star_graph_transition_xgboost_v0.1,0
C10-darpa-optc-sysclient0351-0925,random,0.6,23,project05_m3star_h3_unshielded_dual,1,8.0,3,C10-AA-003|C10-AA-002|C10-AA-005,8.0,0.0,0,0,0,m3star_graph_action_value_xgboost_v0.3,m3star_graph_action_value_xgboost_v0.3,m3star_graph_action_value_xgboost_v0.3,11.0,0,1,1,1,development,0,0,1.0,G3_campaign,1.0,1,G1_technique,3,0,0,3,1,1,,8,0,8.0,C10-AA-002,0.9667,3,3,1,G3_campaign,G3_campaign,m3star_graph_transition_xgboost_v0.1,0
C10-darpa-optc-sysclient0351-0925,random,0.6,23,project05_m3star_h3_transition_only,1,8.0,3,C10-AA-002|C10-AA-003|C10-AA-005,8.0,0.0,1,0,0,none,none,none,11.0,0,1,1,0,development,0,0,1.0,G3_campaign,1.0,1,G1_technique,3,0,1,3,1,0,,8,1,8.0,C10-AA-002,0.8667,3,3,1,G3_campaign,G3_campaign,m3star_graph_transition_xgboost_v0.1,0
C10-darpa-optc-sysclient0351-0925,random,0.6,23,project05_m3star_h1_dual,1,8.0,3,C10-AA-002|C10-AA-005|C10-AA-003,8.0,0.0,1,0,0,m3star_graph_action_value_xgboost_v0.3,m3star_graph_action_value_xgboost_v0.3,m3star_graph_action_value_xgboost_v0.3,11.0,0,1,1,0,development,0,0,1.0,G3_campaign,1.0,1,G1_technique,3,0,1,1,1,1,,8,1,8.0,C10-AA-002,0.8889,3,3,1,G3_campaign,G3_campaign,m3star_graph_transition_xgboost_v0.1,0
C10-darpa-optc-sysclient0351-0925,random,0.6,23,project05_xgboost_policy,1,8.0,3,C10-AA-002|C10-AA-005|C10-AA-003,8.0,0.0,1,0,0,,,,11.0,0,1,1,,development,0,0,1.0,G3_campaign,1.0,1,G1_technique,3,0,,,,,,,,8.0,C10-AA-002,0.8889,3,3,,G3_campaign,G3_campaign,,0
C10-darpa-optc-sysclient0351-0925,random,0.6,23,project05_m3b_policy,1,10.0,4,C10-AA-005|C10-AA-003|C10-AA-004|C10-AA-002,10.0,2.0,0,0,0,,,,11.0,0,1,1,,development,0,0,1.0,G3_campaign,1.0,1,G1_technique,3,0,,,,,,,,8.0,C10-AA-002,1.8472,3,4,,G3_campaign,G3_campaign,,1
C10-darpa-optc-sysclient0351-0925,random,0.6,23,project05_m2,1,10.0,4,C10-AA-001|C10-AA-005|C10-AA-002|C10-AA-003,10.0,2.0,0,0,0,,,,11.0,0,1,1,,development,0,0,1.0,G3_campaign,1.0,1,G1_technique,3,0,,,,,,,,8.0,C10-AA-002,0.8889,3,4,,G3_campaign,G3_campaign,,1
C10-darpa-optc-sysclient0351-0925,random,0.6,23,oracle_optimal,1,8.0,3,C10-AA-002|C10-AA-003|C10-AA-005,8.0,0.0,1,0,0,,,,11.0,0,1,1,,development,0,0,1.0,G3_campaign,1.0,1,G1_technique,3,0,,,,,,,,8.0,C10-AA-002,0.8667,3,3,,G3_campaign,G3_campaign,,0
C10-darpa-optc-sysclient0351-0925,random,0.6,37,project05_m3star_h3_dual,1,5.0,2,C10-AA-002|C10-AA-003,5.0,1.0,0,0,0,m3star_graph_action_value_xgboost_v0.3,m3star_graph_action_value_xgboost_v0.3,m3star_graph_action_value_xgboost_v0.3,11.0,0,1,1,0,development,0,0,1.0,G3_campaign,1.0,1,G2_tactic_intent,3,0,1,3,1,1,,8,1,4.0,C10-AA-001,0.2,2,2,1,G3_campaign,G3_campaign,m3star_graph_transition_xgboost_v0.1,0
C10-darpa-optc-sysclient0351-0925,random,0.6,37,project05_m3star_h3_no_dominance_dual,1,5.0,2,C10-AA-002|C10-AA-003,5.0,1.0,0,0,0,m3star_graph_action_value_xgboost_v0.3,m3star_graph_action_value_xgboost_v0.3,m3star_graph_action_value_xgboost_v0.3,11.0,0,1,1,0,development,0,0,1.0,G3_campaign,1.0,1,G2_tactic_intent,3,0,1,3,0,1,,8,1,4.0,C10-AA-001,0.2,2,2,0,G3_campaign,G3_campaign,m3star_graph_transition_xgboost_v0.1,0
C10-darpa-optc-sysclient0351-0925,random,0.6,37,project05_m3star_h3_unshielded_dual,1,5.0,2,C10-AA-002|C10-AA-003,5.0,1.0,0,0,0,m3star_graph_action_value_xgboost_v0.3,m3star_graph_action_value_xgboost_v0.3,m3star_graph_action_value_xgboost_v0.3,11.0,0,1,1,1,development,0,0,1.0,G3_campaign,1.0,1,G2_tactic_intent,3,0,0,3,1,1,,8,0,4.0,C10-AA-001,0.2,2,2,1,G3_campaign,G3_campaign,m3star_graph_transition_xgboost_v0.1,0
C10-darpa-optc-sysclient0351-0925,random,0.6,37,project05_m3star_h3_transition_only,1,5.0,2,C10-AA-002|C10-AA-003,5.0,1.0,0,0,0,none,none,none,11.0,0,1,1,0,development,0,0,1.0,G3_campaign,1.0,1,G2_tactic_intent,3,0,1,3,1,0,,8,1,4.0,C10-AA-001,0.2,2,2,1,G3_campaign,G3_campaign,m3star_graph_transition_xgboost_v0.1,0
C10-darpa-optc-sysclient0351-0925,random,0.6,37,project05_m3star_h1_dual,1,5.0,2,C10-AA-002|C10-AA-003,5.0,1.0,0,0,0,m3star_graph_action_value_xgboost_v0.3,m3star_graph_action_value_xgboost_v0.3,m3star_graph_action_value_xgboost_v0.3,11.0,0,1,1,0,development,0,0,1.0,G3_campaign,1.0,1,G2_tactic_intent,3,0,1,1,1,1,,8,1,4.0,C10-AA-001,0.2,2,2,1,G3_campaign,G3_campaign,m3star_graph_transition_xgboost_v0.1,0
C10-darpa-optc-sysclient0351-0925,random,0.6,37,project05_xgboost_policy,1,8.0,3,C10-AA-005|C10-AA-002|C10-AA-003,8.0,4.0,0,0,0,,,,11.0,0,1,1,,development,0,0,1.0,G3_campaign,1.0,1,G2_tactic_intent,3,0,,,,,,,,4.0,C10-AA-001,0.8889,2,3,,G3_campaign,G3_campaign,,1
C10-darpa-optc-sysclient0351-0925,random,0.6,37,project05_m3b_policy,1,10.0,4,C10-AA-003|C10-AA-004|C10-AA-005|C10-AA-002,10.0,6.0,0,0,0,,,,11.0,0,1,1,,development,0,0,1.0,G3_campaign,1.0,1,G2_tactic_intent,3,0,,,,,,,,4.0,C10-AA-001,2.0972,2,4,,G3_campaign,G3_campaign,,2
C10-darpa-optc-sysclient0351-0925,random,0.6,37,project05_m2,1,4.0,2,C10-AA-001|C10-AA-003,4.0,0.0,1,0,0,,,,11.0,0,1,1,,development,0,0,1.0,G3_campaign,1.0,1,G2_tactic_intent,3,0,,,,,,,,4.0,C10-AA-001,0.0,2,2,,G3_campaign,G3_campaign,,0
C10-darpa-optc-sysclient0351-0925,random,0.6,37,oracle_optimal,1,4.0,2,C10-AA-001|C10-AA-003,4.0,0.0,1,0,0,,,,11.0,0,1,1,,development,0,0,1.0,G3_campaign,1.0,1,G2_tactic_intent,3,0,,,,,,,,4.0,C10-AA-001,0.0,2,2,,G3_campaign,G3_campaign,,0
C10-darpa-optc-sysclient0351-0925,random,0.6,41,project05_m3star_h3_dual,1,8.0,3,C10-AA-002|C10-AA-003|C10-AA-005,8.0,0.0,1,0,0,m3star_graph_action_value_xgboost_v0.3,m3star_graph_action_value_xgboost_v0.3,m3star_graph_action_value_xgboost_v0.3,11.0,0,1,1,0,development,0,0,1.0,G3_campaign,1.0,1,G1_technique,3,0,1,3,1,1,,8,1,8.0,C10-AA-002,0.8667,3,3,1,G3_campaign,G3_campaign,m3star_graph_transition_xgboost_v0.1,0
C10-darpa-optc-sysclient0351-0925,random,0.6,41,project05_m3star_h3_no_dominance_dual,1,8.0,3,C10-AA-002|C10-AA-003|C10-AA-005,8.0,0.0,1,0,0,m3star_graph_action_value_xgboost_v0.3,m3star_graph_action_value_xgboost_v0.3,m3star_graph_action_value_xgboost_v0.3,11.0,0,1,1,0,development,0,0,1.0,G3_campaign,1.0,1,G1_technique,3,0,1,3,0,1,,8,1,8.0,C10-AA-002,0.8667,3,3,0,G3_campaign,G3_campaign,m3star_graph_transition_xgboost_v0.1,0
C10-darpa-optc-sysclient0351-0925,random,0.6,41,project05_m3star_h3_unshielded_dual,1,8.0,3,C10-AA-003|C10-AA-002|C10-AA-005,8.0,0.0,0,0,0,m3star_graph_action_value_xgboost_v0.3,m3star_graph_action_value_xgboost_v0.3,m3star_graph_action_value_xgboost_v0.3,11.0,0,1,1,1,development,0,0,1.0,G3_campaign,1.0,1,G1_technique,3,0,0,3,1,1,,8,0,8.0,C10-AA-002,0.9667,3,3,1,G3_campaign,G3_campaign,m3star_graph_transition_xgboost_v0.1,0
C10-darpa-optc-sysclient0351-0925,random,0.6,41,project05_m3star_h3_transition_only,1,8.0,3,C10-AA-002|C10-AA-003|C10-AA-005,8.0,0.0,1,0,0,none,none,none,11.0,0,1,1,0,development,0,0,1.0,G3_campaign,1.0,1,G1_technique,3,0,1,3,1,0,,8,1,8.0,C10-AA-002,0.8667,3,3,1,G3_campaign,G3_campaign,m3star_graph_transition_xgboost_v0.1,0
C10-darpa-optc-sysclient0351-0925,random,0.6,41,project05_m3star_h1_dual,1,8.0,3,C10-AA-002|C10-AA-005|C10-AA-003,8.0,0.0,1,0,0,m3star_graph_action_value_xgboost_v0.3,m3star_graph_action_value_xgboost_v0.3,m3star_graph_action_value_xgboost_v0.3,11.0,0,1,1,0,development,0,0,1.0,G3_campaign,1.0,1,G1_technique,3,0,1,1,1,1,,8,1,8.0,C10-AA-002,0.8889,3,3,1,G3_campaign,G3_campaign,m3star_graph_transition_xgboost_v0.1,0
C10-darpa-optc-sysclient0351-0925,random,0.6,41,project05_xgboost_policy,1,8.0,3,C10-AA-002|C10-AA-005|C10-AA-003,8.0,0.0,1,0,0,,,,11.0,0,1,1,,development,0,0,1.0,G3_campaign,1.0,1,G1_technique,3,0,,,,,,,,8.0,C10-AA-002,0.8889,3,3,,G3_campaign,G3_campaign,,0
C10-darpa-optc-sysclient0351-0925,random,0.6,41,project05_m3b_policy,1,10.0,4,C10-AA-005|C10-AA-003|C10-AA-004|C10-AA-002,10.0,2.0,0,0,0,,,,11.0,0,1,1,,development,0,0,1.0,G3_campaign,1.0,1,G1_technique,3,0,,,,,,,,8.0,C10-AA-002,1.8472,3,4,,G3_campaign,G3_campaign,,1
C10-darpa-optc-sysclient0351-0925,random,0.6,41,project05_m2,1,10.0,4,C10-AA-001|C10-AA-005|C10-AA-002|C10-AA-003,10.0,2.0,0,0,0,,,,11.0,0,1,1,,development,0,0,1.0,G3_campaign,1.0,1,G1_technique,3,0,,,,,,,,8.0,C10-AA-002,0.8889,3,4,,G3_campaign,G3_campaign,,1
C10-darpa-optc-sysclient0351-0925,random,0.6,41,oracle_optimal,1,8.0,3,C10-AA-002|C10-AA-003|C10-AA-005,8.0,0.0,1,0,0,,,,11.0,0,1,1,,development,0,0,1.0,G3_campaign,1.0,1,G1_technique,3,0,,,,,,,,8.0,C10-AA-002,0.8667,3,3,,G3_campaign,G3_campaign,,0
C10-darpa-optc-sysclient0351-0925,random,0.6,53,project05_m3star_h3_dual,1,5.0,2,C10-AA-004|C10-AA-005,5.0,0.0,1,0,0,m3star_graph_action_value_xgboost_v0.3,m3star_graph_action_value_xgboost_v0.3,m3star_graph_action_value_xgboost_v0.3,11.0,0,1,1,0,development,0,0,1.0,G3_campaign,1.0,1,G2_tactic_intent,3,0,1,3,1,1,,8,1,5.0,C10-AA-004,0.75,2,2,1,G3_campaign,G3_campaign,m3star_graph_transition_xgboost_v0.1,0
C10-darpa-optc-sysclient0351-0925,random,0.6,53,project05_m3star_h3_no_dominance_dual,1,5.0,2,C10-AA-004|C10-AA-005,5.0,0.0,1,0,0,m3star_graph_action_value_xgboost_v0.3,m3star_graph_action_value_xgboost_v0.3,m3star_graph_action_value_xgboost_v0.3,11.0,0,1,1,0,development,0,0,1.0,G3_campaign,1.0,1,G2_tactic_intent,3,0,1,3,0,1,,8,1,5.0,C10-AA-004,0.75,2,2,0,G3_campaign,G3_campaign,m3star_graph_transition_xgboost_v0.1,0
C10-darpa-optc-sysclient0351-0925,random,0.6,53,project05_m3star_h3_unshielded_dual,1,5.0,2,C10-AA-004|C10-AA-005,5.0,0.0,1,0,0,m3star_graph_action_value_xgboost_v0.3,m3star_graph_action_value_xgboost_v0.3,m3star_graph_action_value_xgboost_v0.3,11.0,0,1,1,0,development,0,0,1.0,G3_campaign,1.0,1,G2_tactic_intent,3,0,0,3,1,1,,8,0,5.0,C10-AA-004,0.75,2,2,1,G3_campaign,G3_campaign,m3star_graph_transition_xgboost_v0.1,0
C10-darpa-optc-sysclient0351-0925,random,0.6,53,project05_m3star_h3_transition_only,1,5.0,2,C10-AA-004|C10-AA-005,5.0,0.0,1,0,0,none,none,none,11.0,0,1,1,0,development,0,0,1.0,G3_campaign,1.0,1,G2_tactic_intent,3,0,1,3,1,0,,8,1,5.0,C10-AA-004,0.75,2,2,1,G3_campaign,G3_campaign,m3star_graph_transition_xgboost_v0.1,0
C10-darpa-optc-sysclient0351-0925,random,0.6,53,project05_m3star_h1_dual,1,5.0,2,C10-AA-004|C10-AA-005,5.0,0.0,1,0,0,m3star_graph_action_value_xgboost_v0.3,m3star_graph_action_value_xgboost_v0.3,m3star_graph_action_value_xgboost_v0.3,11.0,0,1,1,0,development,0,0,1.0,G3_campaign,1.0,1,G2_tactic_intent,3,0,1,1,1,1,,8,1,5.0,C10-AA-004,0.75,2,2,1,G3_campaign,G3_campaign,m3star_graph_transition_xgboost_v0.1,0
C10-darpa-optc-sysclient0351-0925,random,0.6,53,project05_xgboost_policy,1,5.0,2,C10-AA-005|C10-AA-004,5.0,0.0,0,0,0,,,,11.0,0,1,1,,development,0,0,1.0,G3_campaign,1.0,1,G2_tactic_intent,3,0,,,,,,,,5.0,C10-AA-004,0.5,2,2,,G3_campaign,G3_campaign,,0
C10-darpa-optc-sysclient0351-0925,random,0.6,53,project05_m3b_policy,1,7.0,3,C10-AA-003|C10-AA-004|C10-AA-005,7.0,2.0,0,0,0,,,,11.0,0,1,1,,development,0,0,1.0,G3_campaign,1.0,1,G2_tactic_intent,3,0,,,,,,,,5.0,C10-AA-004,0.9722,2,3,,G3_campaign,G3_campaign,,1
C10-darpa-optc-sysclient0351-0925,random,0.6,53,project05_m2,1,5.0,2,C10-AA-005|C10-AA-004,5.0,0.0,0,0,0,,,,11.0,0,1,1,,development,0,0,1.0,G3_campaign,1.0,1,G2_tactic_intent,3,0,,,,,,,,5.0,C10-AA-004,0.5,2,2,,G3_campaign,G3_campaign,,0
C10-darpa-optc-sysclient0351-0925,random,0.6,53,oracle_optimal,1,5.0,2,C10-AA-004|C10-AA-005,5.0,0.0,1,0,0,,,,11.0,0,1,1,,development,0,0,1.0,G3_campaign,1.0,1,G2_tactic_intent,3,0,,,,,,,,5.0,C10-AA-004,0.75,2,2,,G3_campaign,G3_campaign,,0
C10-darpa-optc-sysclient0351-0925,stage,0.2,11,project05_m3star_h3_dual,1,2.0,1,C10-AA-003,2.0,0.0,1,0,0,m3star_graph_action_value_xgboost_v0.3,m3star_graph_action_value_xgboost_v0.3,m3star_graph_action_value_xgboost_v0.3,11.0,0,1,1,0,development,0,0,1.0,G3_campaign,1.0,1,G2_tactic_intent,1,0,1,3,1,1,,8,1,2.0,C10-AA-003,0.0,1,1,1,G3_campaign,G3_campaign,m3star_graph_transition_xgboost_v0.1,0
C10-darpa-optc-sysclient0351-0925,stage,0.2,11,project05_m3star_h3_no_dominance_dual,1,2.0,1,C10-AA-003,2.0,0.0,1,0,0,m3star_graph_action_value_xgboost_v0.3,m3star_graph_action_value_xgboost_v0.3,m3star_graph_action_value_xgboost_v0.3,11.0,0,1,1,0,development,0,0,1.0,G3_campaign,1.0,1,G2_tactic_intent,1,0,1,3,0,1,,8,1,2.0,C10-AA-003,0.0,1,1,0,G3_campaign,G3_campaign,m3star_graph_transition_xgboost_v0.1,0
C10-darpa-optc-sysclient0351-0925,stage,0.2,11,project05_m3star_h3_unshielded_dual,1,2.0,1,C10-AA-003,2.0,0.0,1,0,0,m3star_graph_action_value_xgboost_v0.3,m3star_graph_action_value_xgboost_v0.3,m3star_graph_action_value_xgboost_v0.3,11.0,0,1,1,0,development,0,0,1.0,G3_campaign,1.0,1,G2_tactic_intent,1,0,0,3,1,1,,8,0,2.0,C10-AA-003,0.0,1,1,1,G3_campaign,G3_campaign,m3star_graph_transition_xgboost_v0.1,0
C10-darpa-optc-sysclient0351-0925,stage,0.2,11,project05_m3star_h3_transition_only,1,2.0,1,C10-AA-003,2.0,0.0,1,0,0,none,none,none,11.0,0,1,1,0,development,0,0,1.0,G3_campaign,1.0,1,G2_tactic_intent,1,0,1,3,1,0,,8,1,2.0,C10-AA-003,0.0,1,1,1,G3_campaign,G3_campaign,m3star_graph_transition_xgboost_v0.1,0
C10-darpa-optc-sysclient0351-0925,stage,0.2,11,project05_m3star_h1_dual,1,2.0,1,C10-AA-003,2.0,0.0,1,0,0,m3star_graph_action_value_xgboost_v0.3,m3star_graph_action_value_xgboost_v0.3,m3star_graph_action_value_xgboost_v0.3,11.0,0,1,1,0,development,0,0,1.0,G3_campaign,1.0,1,G2_tactic_intent,1,0,1,1,1,1,,8,1,2.0,C10-AA-003,0.0,1,1,1,G3_campaign,G3_campaign,m3star_graph_transition_xgboost_v0.1,0
C10-darpa-optc-sysclient0351-0925,stage,0.2,11,project05_xgboost_policy,1,2.0,1,C10-AA-003,2.0,0.0,1,0,0,,,,11.0,0,1,1,,development,0,0,1.0,G3_campaign,1.0,1,G2_tactic_intent,1,0,,,,,,,,2.0,C10-AA-003,0.0,1,1,,G3_campaign,G3_campaign,,0
C10-darpa-optc-sysclient0351-0925,stage,0.2,11,project05_m3b_policy,1,2.0,1,C10-AA-003,2.0,0.0,1,0,0,,,,11.0,0,1,1,,development,0,0,1.0,G3_campaign,1.0,1,G2_tactic_intent,1,0,,,,,,,,2.0,C10-AA-003,0.0,1,1,,G3_campaign,G3_campaign,,0
C10-darpa-optc-sysclient0351-0925,stage,0.2,11,project05_m2,1,2.0,1,C10-AA-003,2.0,0.0,1,0,0,,,,11.0,0,1,1,,development,0,0,1.0,G3_campaign,1.0,1,G2_tactic_intent,1,0,,,,,,,,2.0,C10-AA-003,0.0,1,1,,G3_campaign,G3_campaign,,0
C10-darpa-optc-sysclient0351-0925,stage,0.2,11,oracle_optimal,1,2.0,1,C10-AA-003,2.0,0.0,1,0,0,,,,11.0,0,1,1,,development,0,0,1.0,G3_campaign,1.0,1,G2_tactic_intent,1,0,,,,,,,,2.0,C10-AA-003,0.0,1,1,,G3_campaign,G3_campaign,,0
C10-darpa-optc-sysclient0351-0925,stage,0.2,23,project05_m3star_h3_dual,1,2.0,1,C10-AA-003,2.0,0.0,1,0,0,m3star_graph_action_value_xgboost_v0.3,m3star_graph_action_value_xgboost_v0.3,m3star_graph_action_value_xgboost_v0.3,11.0,0,1,1,0,development,0,0,1.0,G3_campaign,1.0,1,G2_tactic_intent,1,0,1,3,1,1,,8,1,2.0,C10-AA-003,0.0,1,1,1,G3_campaign,G3_campaign,m3star_graph_transition_xgboost_v0.1,0
C10-darpa-optc-sysclient0351-0925,stage,0.2,23,project05_m3star_h3_no_dominance_dual,1,2.0,1,C10-AA-003,2.0,0.0,1,0,0,m3star_graph_action_value_xgboost_v0.3,m3star_graph_action_value_xgboost_v0.3,m3star_graph_action_value_xgboost_v0.3,11.0,0,1,1,0,development,0,0,1.0,G3_campaign,1.0,1,G2_tactic_intent,1,0,1,3,0,1,,8,1,2.0,C10-AA-003,0.0,1,1,0,G3_campaign,G3_campaign,m3star_graph_transition_xgboost_v0.1,0
C10-darpa-optc-sysclient0351-0925,stage,0.2,23,project05_m3star_h3_unshielded_dual,1,2.0,1,C10-AA-003,2.0,0.0,1,0,0,m3star_graph_action_value_xgboost_v0.3,m3star_graph_action_value_xgboost_v0.3,m3star_graph_action_value_xgboost_v0.3,11.0,0,1,1,0,development,0,0,1.0,G3_campaign,1.0,1,G2_tactic_intent,1,0,0,3,1,1,,8,0,2.0,C10-AA-003,0.0,1,1,1,G3_campaign,G3_campaign,m3star_graph_transition_xgboost_v0.1,0
C10-darpa-optc-sysclient0351-0925,stage,0.2,23,project05_m3star_h3_transition_only,1,2.0,1,C10-AA-003,2.0,0.0,1,0,0,none,none,none,11.0,0,1,1,0,development,0,0,1.0,G3_campaign,1.0,1,G2_tactic_intent,1,0,1,3,1,0,,8,1,2.0,C10-AA-003,0.0,1,1,1,G3_campaign,G3_campaign,m3star_graph_transition_xgboost_v0.1,0
C10-darpa-optc-sysclient0351-0925,stage,0.2,23,project05_m3star_h1_dual,1,2.0,1,C10-AA-003,2.0,0.0,1,0,0,m3star_graph_action_value_xgboost_v0.3,m3star_graph_action_value_xgboost_v0.3,m3star_graph_action_value_xgboost_v0.3,11.0,0,1,1,0,development,0,0,1.0,G3_campaign,1.0,1,G2_tactic_intent,1,0,1,1,1,1,,8,1,2.0,C10-AA-003,0.0,1,1,1,G3_campaign,G3_campaign,m3star_graph_transition_xgboost_v0.1,0
C10-darpa-optc-sysclient0351-0925,stage,0.2,23,project05_xgboost_policy,1,2.0,1,C10-AA-003,2.0,0.0,1,0,0,,,,11.0,0,1,1,,development,0,0,1.0,G3_campaign,1.0,1,G2_tactic_intent,1,0,,,,,,,,2.0,C10-AA-003,0.0,1,1,,G3_campaign,G3_campaign,,0
C10-darpa-optc-sysclient0351-0925,stage,0.2,23,project05_m3b_policy,1,2.0,1,C10-AA-003,2.0,0.0,1,0,0,,,,11.0,0,1,1,,development,0,0,1.0,G3_campaign,1.0,1,G2_tactic_intent,1,0,,,,,,,,2.0,C10-AA-003,0.0,1,1,,G3_campaign,G3_campaign,,0
C10-darpa-optc-sysclient0351-0925,stage,0.2,23,project05_m2,1,2.0,1,C10-AA-003,2.0,0.0,1,0,0,,,,11.0,0,1,1,,development,0,0,1.0,G3_campaign,1.0,1,G2_tactic_intent,1,0,,,,,,,,2.0,C10-AA-003,0.0,1,1,,G3_campaign,G3_campaign,,0
C10-darpa-optc-sysclient0351-0925,stage,0.2,23,oracle_optimal,1,2.0,1,C10-AA-003,2.0,0.0,1,0,0,,,,11.0,0,1,1,,development,0,0,1.0,G3_campaign,1.0,1,G2_tactic_intent,1,0,,,,,,,,2.0,C10-AA-003,0.0,1,1,,G3_campaign,G3_campaign,,0
C10-darpa-optc-sysclient0351-0925,stage,0.2,37,project05_m3star_h3_dual,1,2.0,1,C10-AA-003,2.0,0.0,1,0,0,m3star_graph_action_value_xgboost_v0.3,m3star_graph_action_value_xgboost_v0.3,m3star_graph_action_value_xgboost_v0.3,11.0,0,1,1,0,development,0,0,1.0,G3_campaign,1.0,1,G2_tactic_intent,1,0,1,3,1,1,,8,1,2.0,C10-AA-003,0.0,1,1,1,G3_campaign,G3_campaign,m3star_graph_transition_xgboost_v0.1,0
C10-darpa-optc-sysclient0351-0925,stage,0.2,37,project05_m3star_h3_no_dominance_dual,1,2.0,1,C10-AA-003,2.0,0.0,1,0,0,m3star_graph_action_value_xgboost_v0.3,m3star_graph_action_value_xgboost_v0.3,m3star_graph_action_value_xgboost_v0.3,11.0,0,1,1,0,development,0,0,1.0,G3_campaign,1.0,1,G2_tactic_intent,1,0,1,3,0,1,,8,1,2.0,C10-AA-003,0.0,1,1,0,G3_campaign,G3_campaign,m3star_graph_transition_xgboost_v0.1,0
C10-darpa-optc-sysclient0351-0925,stage,0.2,37,project05_m3star_h3_unshielded_dual,1,2.0,1,C10-AA-003,2.0,0.0,1,0,0,m3star_graph_action_value_xgboost_v0.3,m3star_graph_action_value_xgboost_v0.3,m3star_graph_action_value_xgboost_v0.3,11.0,0,1,1,0,development,0,0,1.0,G3_campaign,1.0,1,G2_tactic_intent,1,0,0,3,1,1,,8,0,2.0,C10-AA-003,0.0,1,1,1,G3_campaign,G3_campaign,m3star_graph_transition_xgboost_v0.1,0
C10-darpa-optc-sysclient0351-0925,stage,0.2,37,project05_m3star_h3_transition_only,1,2.0,1,C10-AA-003,2.0,0.0,1,0,0,none,none,none,11.0,0,1,1,0,development,0,0,1.0,G3_campaign,1.0,1,G2_tactic_intent,1,0,1,3,1,0,,8,1,2.0,C10-AA-003,0.0,1,1,1,G3_campaign,G3_campaign,m3star_graph_transition_xgboost_v0.1,0
C10-darpa-optc-sysclient0351-0925,stage,0.2,37,project05_m3star_h1_dual,1,2.0,1,C10-AA-003,2.0,0.0,1,0,0,m3star_graph_action_value_xgboost_v0.3,m3star_graph_action_value_xgboost_v0.3,m3star_graph_action_value_xgboost_v0.3,11.0,0,1,1,0,development,0,0,1.0,G3_campaign,1.0,1,G2_tactic_intent,1,0,1,1,1,1,,8,1,2.0,C10-AA-003,0.0,1,1,1,G3_campaign,G3_campaign,m3star_graph_transition_xgboost_v0.1,0
C10-darpa-optc-sysclient0351-0925,stage,0.2,37,project05_xgboost_policy,1,2.0,1,C10-AA-003,2.0,0.0,1,0,0,,,,11.0,0,1,1,,development,0,0,1.0,G3_campaign,1.0,1,G2_tactic_intent,1,0,,,,,,,,2.0,C10-AA-003,0.0,1,1,,G3_campaign,G3_campaign,,0
C10-darpa-optc-sysclient0351-0925,stage,0.2,37,project05_m3b_policy,1,2.0,1,C10-AA-003,2.0,0.0,1,0,0,,,,11.0,0,1,1,,development,0,0,1.0,G3_campaign,1.0,1,G2_tactic_intent,1,0,,,,,,,,2.0,C10-AA-003,0.0,1,1,,G3_campaign,G3_campaign,,0
C10-darpa-optc-sysclient0351-0925,stage,0.2,37,project05_m2,1,2.0,1,C10-AA-003,2.0,0.0,1,0,0,,,,11.0,0,1,1,,development,0,0,1.0,G3_campaign,1.0,1,G2_tactic_intent,1,0,,,,,,,,2.0,C10-AA-003,0.0,1,1,,G3_campaign,G3_campaign,,0
C10-darpa-optc-sysclient0351-0925,stage,0.2,37,oracle_optimal,1,2.0,1,C10-AA-003,2.0,0.0,1,0,0,,,,11.0,0,1,1,,development,0,0,1.0,G3_campaign,1.0,1,G2_tactic_intent,1,0,,,,,,,,2.0,C10-AA-003,0.0,1,1,,G3_campaign,G3_campaign,,0
C10-darpa-optc-sysclient0351-0925,stage,0.2,41,project05_m3star_h3_dual,1,2.0,1,C10-AA-003,2.0,0.0,1,0,0,m3star_graph_action_value_xgboost_v0.3,m3star_graph_action_value_xgboost_v0.3,m3star_graph_action_value_xgboost_v0.3,11.0,0,1,1,0,development,0,0,1.0,G3_campaign,1.0,1,G2_tactic_intent,1,0,1,3,1,1,,8,1,2.0,C10-AA-003,0.0,1,1,1,G3_campaign,G3_campaign,m3star_graph_transition_xgboost_v0.1,0
C10-darpa-optc-sysclient0351-0925,stage,0.2,41,project05_m3star_h3_no_dominance_dual,1,2.0,1,C10-AA-003,2.0,0.0,1,0,0,m3star_graph_action_value_xgboost_v0.3,m3star_graph_action_value_xgboost_v0.3,m3star_graph_action_value_xgboost_v0.3,11.0,0,1,1,0,development,0,0,1.0,G3_campaign,1.0,1,G2_tactic_intent,1,0,1,3,0,1,,8,1,2.0,C10-AA-003,0.0,1,1,0,G3_campaign,G3_campaign,m3star_graph_transition_xgboost_v0.1,0
C10-darpa-optc-sysclient0351-0925,stage,0.2,41,project05_m3star_h3_unshielded_dual,1,2.0,1,C10-AA-003,2.0,0.0,1,0,0,m3star_graph_action_value_xgboost_v0.3,m3star_graph_action_value_xgboost_v0.3,m3star_graph_action_value_xgboost_v0.3,11.0,0,1,1,0,development,0,0,1.0,G3_campaign,1.0,1,G2_tactic_intent,1,0,0,3,1,1,,8,0,2.0,C10-AA-003,0.0,1,1,1,G3_campaign,G3_campaign,m3star_graph_transition_xgboost_v0.1,0
C10-darpa-optc-sysclient0351-0925,stage,0.2,41,project05_m3star_h3_transition_only,1,2.0,1,C10-AA-003,2.0,0.0,1,0,0,none,none,none,11.0,0,1,1,0,development,0,0,1.0,G3_campaign,1.0,1,G2_tactic_intent,1,0,1,3,1,0,,8,1,2.0,C10-AA-003,0.0,1,1,1,G3_campaign,G3_campaign,m3star_graph_transition_xgboost_v0.1,0
C10-darpa-optc-sysclient0351-0925,stage,0.2,41,project05_m3star_h1_dual,1,2.0,1,C10-AA-003,2.0,0.0,1,0,0,m3star_graph_action_value_xgboost_v0.3,m3star_graph_action_value_xgboost_v0.3,m3star_graph_action_value_xgboost_v0.3,11.0,0,1,1,0,development,0,0,1.0,G3_campaign,1.0,1,G2_tactic_intent,1,0,1,1,1,1,,8,1,2.0,C10-AA-003,0.0,1,1,1,G3_campaign,G3_campaign,m3star_graph_transition_xgboost_v0.1,0
C10-darpa-optc-sysclient0351-0925,stage,0.2,41,project05_xgboost_policy,1,2.0,1,C10-AA-003,2.0,0.0,1,0,0,,,,11.0,0,1,1,,development,0,0,1.0,G3_campaign,1.0,1,G2_tactic_intent,1,0,,,,,,,,2.0,C10-AA-003,0.0,1,1,,G3_campaign,G3_campaign,,0
C10-darpa-optc-sysclient0351-0925,stage,0.2,41,project05_m3b_policy,1,2.0,1,C10-AA-003,2.0,0.0,1,0,0,,,,11.0,0,1,1,,development,0,0,1.0,G3_campaign,1.0,1,G2_tactic_intent,1,0,,,,,,,,2.0,C10-AA-003,0.0,1,1,,G3_campaign,G3_campaign,,0
C10-darpa-optc-sysclient0351-0925,stage,0.2,41,project05_m2,1,2.0,1,C10-AA-003,2.0,0.0,1,0,0,,,,11.0,0,1,1,,development,0,0,1.0,G3_campaign,1.0,1,G2_tactic_intent,1,0,,,,,,,,2.0,C10-AA-003,0.0,1,1,,G3_campaign,G3_campaign,,0
C10-darpa-optc-sysclient0351-0925,stage,0.2,41,oracle_optimal,1,2.0,1,C10-AA-003,2.0,0.0,1,0,0,,,,11.0,0,1,1,,development,0,0,1.0,G3_campaign,1.0,1,G2_tactic_intent,1,0,,,,,,,,2.0,C10-AA-003,0.0,1,1,,G3_campaign,G3_campaign,,0
C10-darpa-optc-sysclient0351-0925,stage,0.2,53,project05_m3star_h3_dual,1,2.0,1,C10-AA-003,2.0,0.0,1,0,0,m3star_graph_action_value_xgboost_v0.3,m3star_graph_action_value_xgboost_v0.3,m3star_graph_action_value_xgboost_v0.3,11.0,0,1,1,0,development,0,0,1.0,G3_campaign,1.0,1,G2_tactic_intent,1,0,1,3,1,1,,8,1,2.0,C10-AA-003,0.0,1,1,1,G3_campaign,G3_campaign,m3star_graph_transition_xgboost_v0.1,0
C10-darpa-optc-sysclient0351-0925,stage,0.2,53,project05_m3star_h3_no_dominance_dual,1,2.0,1,C10-AA-003,2.0,0.0,1,0,0,m3star_graph_action_value_xgboost_v0.3,m3star_graph_action_value_xgboost_v0.3,m3star_graph_action_value_xgboost_v0.3,11.0,0,1,1,0,development,0,0,1.0,G3_campaign,1.0,1,G2_tactic_intent,1,0,1,3,0,1,,8,1,2.0,C10-AA-003,0.0,1,1,0,G3_campaign,G3_campaign,m3star_graph_transition_xgboost_v0.1,0
C10-darpa-optc-sysclient0351-0925,stage,0.2,53,project05_m3star_h3_unshielded_dual,1,2.0,1,C10-AA-003,2.0,0.0,1,0,0,m3star_graph_action_value_xgboost_v0.3,m3star_graph_action_value_xgboost_v0.3,m3star_graph_action_value_xgboost_v0.3,11.0,0,1,1,0,development,0,0,1.0,G3_campaign,1.0,1,G2_tactic_intent,1,0,0,3,1,1,,8,0,2.0,C10-AA-003,0.0,1,1,1,G3_campaign,G3_campaign,m3star_graph_transition_xgboost_v0.1,0
C10-darpa-optc-sysclient0351-0925,stage,0.2,53,project05_m3star_h3_transition_only,1,2.0,1,C10-AA-003,2.0,0.0,1,0,0,none,none,none,11.0,0,1,1,0,development,0,0,1.0,G3_campaign,1.0,1,G2_tactic_intent,1,0,1,3,1,0,,8,1,2.0,C10-AA-003,0.0,1,1,1,G3_campaign,G3_campaign,m3star_graph_transition_xgboost_v0.1,0
C10-darpa-optc-sysclient0351-0925,stage,0.2,53,project05_m3star_h1_dual,1,2.0,1,C10-AA-003,2.0,0.0,1,0,0,m3star_graph_action_value_xgboost_v0.3,m3star_graph_action_value_xgboost_v0.3,m3star_graph_action_value_xgboost_v0.3,11.0,0,1,1,0,development,0,0,1.0,G3_campaign,1.0,1,G2_tactic_intent,1,0,1,1,1,1,,8,1,2.0,C10-AA-003,0.0,1,1,1,G3_campaign,G3_campaign,m3star_graph_transition_xgboost_v0.1,0
C10-darpa-optc-sysclient0351-0925,stage,0.2,53,project05_xgboost_policy,1,2.0,1,C10-AA-003,2.0,0.0,1,0,0,,,,11.0,0,1,1,,development,0,0,1.0,G3_campaign,1.0,1,G2_tactic_intent,1,0,,,,,,,,2.0,C10-AA-003,0.0,1,1,,G3_campaign,G3_campaign,,0
C10-darpa-optc-sysclient0351-0925,stage,0.2,53,project05_m3b_policy,1,2.0,1,C10-AA-003,2.0,0.0,1,0,0,,,,11.0,0,1,1,,development,0,0,1.0,G3_campaign,1.0,1,G2_tactic_intent,1,0,,,,,,,,2.0,C10-AA-003,0.0,1,1,,G3_campaign,G3_campaign,,0
C10-darpa-optc-sysclient0351-0925,stage,0.2,53,project05_m2,1,2.0,1,C10-AA-003,2.0,0.0,1,0,0,,,,11.0,0,1,1,,development,0,0,1.0,G3_campaign,1.0,1,G2_tactic_intent,1,0,,,,,,,,2.0,C10-AA-003,0.0,1,1,,G3_campaign,G3_campaign,,0
C10-darpa-optc-sysclient0351-0925,stage,0.2,53,oracle_optimal,1,2.0,1,C10-AA-003,2.0,0.0,1,0,0,,,,11.0,0,1,1,,development,0,0,1.0,G3_campaign,1.0,1,G2_tactic_intent,1,0,,,,,,,,2.0,C10-AA-003,0.0,1,1,,G3_campaign,G3_campaign,,0
C10-darpa-optc-sysclient0351-0925,stage,0.4,11,project05_m3star_h3_dual,1,4.0,2,C10-AA-003|C10-AA-004,4.0,0.0,1,0,0,m3star_graph_action_value_xgboost_v0.3,m3star_graph_action_value_xgboost_v0.3,m3star_graph_action_value_xgboost_v0.3,11.0,0,1,1,0,development,0,0,1.0,G3_campaign,1.0,1,G2_tactic_intent,2,0,1,3,1,1,,8,1,4.0,C10-AA-003,0.2222,2,2,1,G3_campaign,G3_campaign,m3star_graph_transition_xgboost_v0.1,0
C10-darpa-optc-sysclient0351-0925,stage,0.4,11,project05_m3star_h3_no_dominance_dual,1,4.0,2,C10-AA-003|C10-AA-004,4.0,0.0,1,0,0,m3star_graph_action_value_xgboost_v0.3,m3star_graph_action_value_xgboost_v0.3,m3star_graph_action_value_xgboost_v0.3,11.0,0,1,1,0,development,0,0,1.0,G3_campaign,1.0,1,G2_tactic_intent,2,0,1,3,0,1,,8,1,4.0,C10-AA-003,0.2222,2,2,0,G3_campaign,G3_campaign,m3star_graph_transition_xgboost_v0.1,0
C10-darpa-optc-sysclient0351-0925,stage,0.4,11,project05_m3star_h3_unshielded_dual,1,4.0,2,C10-AA-003|C10-AA-004,4.0,0.0,1,0,0,m3star_graph_action_value_xgboost_v0.3,m3star_graph_action_value_xgboost_v0.3,m3star_graph_action_value_xgboost_v0.3,11.0,0,1,1,0,development,0,0,1.0,G3_campaign,1.0,1,G2_tactic_intent,2,0,0,3,1,1,,8,0,4.0,C10-AA-003,0.2222,2,2,1,G3_campaign,G3_campaign,m3star_graph_transition_xgboost_v0.1,0
C10-darpa-optc-sysclient0351-0925,stage,0.4,11,project05_m3star_h3_transition_only,1,4.0,2,C10-AA-003|C10-AA-004,4.0,0.0,1,0,0,none,none,none,11.0,0,1,1,0,development,0,0,1.0,G3_campaign,1.0,1,G2_tactic_intent,2,0,1,3,1,0,,8,1,4.0,C10-AA-003,0.2222,2,2,1,G3_campaign,G3_campaign,m3star_graph_transition_xgboost_v0.1,0
C10-darpa-optc-sysclient0351-0925,stage,0.4,11,project05_m3star_h1_dual,1,4.0,2,C10-AA-003|C10-AA-004,4.0,0.0,1,0,0,m3star_graph_action_value_xgboost_v0.3,m3star_graph_action_value_xgboost_v0.3,m3star_graph_action_value_xgboost_v0.3,11.0,0,1,1,0,development,0,0,1.0,G3_campaign,1.0,1,G2_tactic_intent,2,0,1,1,1,1,,8,1,4.0,C10-AA-003,0.2222,2,2,1,G3_campaign,G3_campaign,m3star_graph_transition_xgboost_v0.1,0
C10-darpa-optc-sysclient0351-0925,stage,0.4,11,project05_xgboost_policy,1,4.0,2,C10-AA-003|C10-AA-004,4.0,0.0,1,0,0,,,,11.0,0,1,1,,development,0,0,1.0,G3_campaign,1.0,1,G2_tactic_intent,2,0,,,,,,,,4.0,C10-AA-003,0.2222,2,2,,G3_campaign,G3_campaign,,0
C10-darpa-optc-sysclient0351-0925,stage,0.4,11,project05_m3b_policy,1,4.0,2,C10-AA-003|C10-AA-004,4.0,0.0,1,0,0,,,,11.0,0,1,1,,development,0,0,1.0,G3_campaign,1.0,1,G2_tactic_intent,2,0,,,,,,,,4.0,C10-AA-003,0.2222,2,2,,G3_campaign,G3_campaign,,0
C10-darpa-optc-sysclient0351-0925,stage,0.4,11,project05_m2,1,4.0,2,C10-AA-004|C10-AA-003,4.0,0.0,0,0,0,,,,11.0,0,1,1,,development,0,0,1.0,G3_campaign,1.0,1,G2_tactic_intent,2,0,,,,,,,,4.0,C10-AA-003,0.2222,2,2,,G3_campaign,G3_campaign,,0
C10-darpa-optc-sysclient0351-0925,stage,0.4,11,oracle_optimal,1,4.0,2,C10-AA-003|C10-AA-004,4.0,0.0,1,0,0,,,,11.0,0,1,1,,development,0,0,1.0,G3_campaign,1.0,1,G2_tactic_intent,2,0,,,,,,,,4.0,C10-AA-003,0.2222,2,2,,G3_campaign,G3_campaign,,0
C10-darpa-optc-sysclient0351-0925,stage,0.4,23,project05_m3star_h3_dual,1,4.0,2,C10-AA-003|C10-AA-004,4.0,0.0,1,0,0,m3star_graph_action_value_xgboost_v0.3,m3star_graph_action_value_xgboost_v0.3,m3star_graph_action_value_xgboost_v0.3,11.0,0,1,1,0,development,0,0,1.0,G3_campaign,1.0,1,G2_tactic_intent,2,0,1,3,1,1,,8,1,4.0,C10-AA-003,0.2222,2,2,1,G3_campaign,G3_campaign,m3star_graph_transition_xgboost_v0.1,0
C10-darpa-optc-sysclient0351-0925,stage,0.4,23,project05_m3star_h3_no_dominance_dual,1,4.0,2,C10-AA-003|C10-AA-004,4.0,0.0,1,0,0,m3star_graph_action_value_xgboost_v0.3,m3star_graph_action_value_xgboost_v0.3,m3star_graph_action_value_xgboost_v0.3,11.0,0,1,1,0,development,0,0,1.0,G3_campaign,1.0,1,G2_tactic_intent,2,0,1,3,0,1,,8,1,4.0,C10-AA-003,0.2222,2,2,0,G3_campaign,G3_campaign,m3star_graph_transition_xgboost_v0.1,0
C10-darpa-optc-sysclient0351-0925,stage,0.4,23,project05_m3star_h3_unshielded_dual,1,4.0,2,C10-AA-003|C10-AA-004,4.0,0.0,1,0,0,m3star_graph_action_value_xgboost_v0.3,m3star_graph_action_value_xgboost_v0.3,m3star_graph_action_value_xgboost_v0.3,11.0,0,1,1,0,development,0,0,1.0,G3_campaign,1.0,1,G2_tactic_intent,2,0,0,3,1,1,,8,0,4.0,C10-AA-003,0.2222,2,2,1,G3_campaign,G3_campaign,m3star_graph_transition_xgboost_v0.1,0
C10-darpa-optc-sysclient0351-0925,stage,0.4,23,project05_m3star_h3_transition_only,1,4.0,2,C10-AA-003|C10-AA-004,4.0,0.0,1,0,0,none,none,none,11.0,0,1,1,0,development,0,0,1.0,G3_campaign,1.0,1,G2_tactic_intent,2,0,1,3,1,0,,8,1,4.0,C10-AA-003,0.2222,2,2,1,G3_campaign,G3_campaign,m3star_graph_transition_xgboost_v0.1,0
C10-darpa-optc-sysclient0351-0925,stage,0.4,23,project05_m3star_h1_dual,1,4.0,2,C10-AA-003|C10-AA-004,4.0,0.0,1,0,0,m3star_graph_action_value_xgboost_v0.3,m3star_graph_action_value_xgboost_v0.3,m3star_graph_action_value_xgboost_v0.3,11.0,0,1,1,0,development,0,0,1.0,G3_campaign,1.0,1,G2_tactic_intent,2,0,1,1,1,1,,8,1,4.0,C10-AA-003,0.2222,2,2,1,G3_campaign,G3_campaign,m3star_graph_transition_xgboost_v0.1,0
C10-darpa-optc-sysclient0351-0925,stage,0.4,23,project05_xgboost_policy,1,4.0,2,C10-AA-003|C10-AA-004,4.0,0.0,1,0,0,,,,11.0,0,1,1,,development,0,0,1.0,G3_campaign,1.0,1,G2_tactic_intent,2,0,,,,,,,,4.0,C10-AA-003,0.2222,2,2,,G3_campaign,G3_campaign,,0
C10-darpa-optc-sysclient0351-0925,stage,0.4,23,project05_m3b_policy,1,4.0,2,C10-AA-003|C10-AA-004,4.0,0.0,1,0,0,,,,11.0,0,1,1,,development,0,0,1.0,G3_campaign,1.0,1,G2_tactic_intent,2,0,,,,,,,,4.0,C10-AA-003,0.2222,2,2,,G3_campaign,G3_campaign,,0
C10-darpa-optc-sysclient0351-0925,stage,0.4,23,project05_m2,1,4.0,2,C10-AA-004|C10-AA-003,4.0,0.0,0,0,0,,,,11.0,0,1,1,,development,0,0,1.0,G3_campaign,1.0,1,G2_tactic_intent,2,0,,,,,,,,4.0,C10-AA-003,0.2222,2,2,,G3_campaign,G3_campaign,,0
C10-darpa-optc-sysclient0351-0925,stage,0.4,23,oracle_optimal,1,4.0,2,C10-AA-003|C10-AA-004,4.0,0.0,1,0,0,,,,11.0,0,1,1,,development,0,0,1.0,G3_campaign,1.0,1,G2_tactic_intent,2,0,,,,,,,,4.0,C10-AA-003,0.2222,2,2,,G3_campaign,G3_campaign,,0
C10-darpa-optc-sysclient0351-0925,stage,0.4,37,project05_m3star_h3_dual,1,4.0,2,C10-AA-003|C10-AA-004,4.0,0.0,1,0,0,m3star_graph_action_value_xgboost_v0.3,m3star_graph_action_value_xgboost_v0.3,m3star_graph_action_value_xgboost_v0.3,11.0,0,1,1,0,development,0,0,1.0,G3_campaign,1.0,1,G2_tactic_intent,2,0,1,3,1,1,,8,1,4.0,C10-AA-003,0.2222,2,2,1,G3_campaign,G3_campaign,m3star_graph_transition_xgboost_v0.1,0
C10-darpa-optc-sysclient0351-0925,stage,0.4,37,project05_m3star_h3_no_dominance_dual,1,4.0,2,C10-AA-003|C10-AA-004,4.0,0.0,1,0,0,m3star_graph_action_value_xgboost_v0.3,m3star_graph_action_value_xgboost_v0.3,m3star_graph_action_value_xgboost_v0.3,11.0,0,1,1,0,development,0,0,1.0,G3_campaign,1.0,1,G2_tactic_intent,2,0,1,3,0,1,,8,1,4.0,C10-AA-003,0.2222,2,2,0,G3_campaign,G3_campaign,m3star_graph_transition_xgboost_v0.1,0
C10-darpa-optc-sysclient0351-0925,stage,0.4,37,project05_m3star_h3_unshielded_dual,1,4.0,2,C10-AA-003|C10-AA-004,4.0,0.0,1,0,0,m3star_graph_action_value_xgboost_v0.3,m3star_graph_action_value_xgboost_v0.3,m3star_graph_action_value_xgboost_v0.3,11.0,0,1,1,0,development,0,0,1.0,G3_campaign,1.0,1,G2_tactic_intent,2,0,0,3,1,1,,8,0,4.0,C10-AA-003,0.2222,2,2,1,G3_campaign,G3_campaign,m3star_graph_transition_xgboost_v0.1,0
C10-darpa-optc-sysclient0351-0925,stage,0.4,37,project05_m3star_h3_transition_only,1,4.0,2,C10-AA-003|C10-AA-004,4.0,0.0,1,0,0,none,none,none,11.0,0,1,1,0,development,0,0,1.0,G3_campaign,1.0,1,G2_tactic_intent,2,0,1,3,1,0,,8,1,4.0,C10-AA-003,0.2222,2,2,1,G3_campaign,G3_campaign,m3star_graph_transition_xgboost_v0.1,0
C10-darpa-optc-sysclient0351-0925,stage,0.4,37,project05_m3star_h1_dual,1,4.0,2,C10-AA-003|C10-AA-004,4.0,0.0,1,0,0,m3star_graph_action_value_xgboost_v0.3,m3star_graph_action_value_xgboost_v0.3,m3star_graph_action_value_xgboost_v0.3,11.0,0,1,1,0,development,0,0,1.0,G3_campaign,1.0,1,G2_tactic_intent,2,0,1,1,1,1,,8,1,4.0,C10-AA-003,0.2222,2,2,1,G3_campaign,G3_campaign,m3star_graph_transition_xgboost_v0.1,0
C10-darpa-optc-sysclient0351-0925,stage,0.4,37,project05_xgboost_policy,1,4.0,2,C10-AA-003|C10-AA-004,4.0,0.0,1,0,0,,,,11.0,0,1,1,,development,0,0,1.0,G3_campaign,1.0,1,G2_tactic_intent,2,0,,,,,,,,4.0,C10-AA-003,0.2222,2,2,,G3_campaign,G3_campaign,,0
C10-darpa-optc-sysclient0351-0925,stage,0.4,37,project05_m3b_policy,1,4.0,2,C10-AA-003|C10-AA-004,4.0,0.0,1,0,0,,,,11.0,0,1,1,,development,0,0,1.0,G3_campaign,1.0,1,G2_tactic_intent,2,0,,,,,,,,4.0,C10-AA-003,0.2222,2,2,,G3_campaign,G3_campaign,,0
C10-darpa-optc-sysclient0351-0925,stage,0.4,37,project05_m2,1,4.0,2,C10-AA-004|C10-AA-003,4.0,0.0,0,0,0,,,,11.0,0,1,1,,development,0,0,1.0,G3_campaign,1.0,1,G2_tactic_intent,2,0,,,,,,,,4.0,C10-AA-003,0.2222,2,2,,G3_campaign,G3_campaign,,0
C10-darpa-optc-sysclient0351-0925,stage,0.4,37,oracle_optimal,1,4.0,2,C10-AA-003|C10-AA-004,4.0,0.0,1,0,0,,,,11.0,0,1,1,,development,0,0,1.0,G3_campaign,1.0,1,G2_tactic_intent,2,0,,,,,,,,4.0,C10-AA-003,0.2222,2,2,,G3_campaign,G3_campaign,,0
C10-darpa-optc-sysclient0351-0925,stage,0.4,41,project05_m3star_h3_dual,1,4.0,2,C10-AA-003|C10-AA-004,4.0,0.0,1,0,0,m3star_graph_action_value_xgboost_v0.3,m3star_graph_action_value_xgboost_v0.3,m3star_graph_action_value_xgboost_v0.3,11.0,0,1,1,0,development,0,0,1.0,G3_campaign,1.0,1,G2_tactic_intent,2,0,1,3,1,1,,8,1,4.0,C10-AA-003,0.2222,2,2,1,G3_campaign,G3_campaign,m3star_graph_transition_xgboost_v0.1,0
C10-darpa-optc-sysclient0351-0925,stage,0.4,41,project05_m3star_h3_no_dominance_dual,1,4.0,2,C10-AA-003|C10-AA-004,4.0,0.0,1,0,0,m3star_graph_action_value_xgboost_v0.3,m3star_graph_action_value_xgboost_v0.3,m3star_graph_action_value_xgboost_v0.3,11.0,0,1,1,0,development,0,0,1.0,G3_campaign,1.0,1,G2_tactic_intent,2,0,1,3,0,1,,8,1,4.0,C10-AA-003,0.2222,2,2,0,G3_campaign,G3_campaign,m3star_graph_transition_xgboost_v0.1,0
C10-darpa-optc-sysclient0351-0925,stage,0.4,41,project05_m3star_h3_unshielded_dual,1,4.0,2,C10-AA-003|C10-AA-004,4.0,0.0,1,0,0,m3star_graph_action_value_xgboost_v0.3,m3star_graph_action_value_xgboost_v0.3,m3star_graph_action_value_xgboost_v0.3,11.0,0,1,1,0,development,0,0,1.0,G3_campaign,1.0,1,G2_tactic_intent,2,0,0,3,1,1,,8,0,4.0,C10-AA-003,0.2222,2,2,1,G3_campaign,G3_campaign,m3star_graph_transition_xgboost_v0.1,0
C10-darpa-optc-sysclient0351-0925,stage,0.4,41,project05_m3star_h3_transition_only,1,4.0,2,C10-AA-003|C10-AA-004,4.0,0.0,1,0,0,none,none,none,11.0,0,1,1,0,development,0,0,1.0,G3_campaign,1.0,1,G2_tactic_intent,2,0,1,3,1,0,,8,1,4.0,C10-AA-003,0.2222,2,2,1,G3_campaign,G3_campaign,m3star_graph_transition_xgboost_v0.1,0
C10-darpa-optc-sysclient0351-0925,stage,0.4,41,project05_m3star_h1_dual,1,4.0,2,C10-AA-003|C10-AA-004,4.0,0.0,1,0,0,m3star_graph_action_value_xgboost_v0.3,m3star_graph_action_value_xgboost_v0.3,m3star_graph_action_value_xgboost_v0.3,11.0,0,1,1,0,development,0,0,1.0,G3_campaign,1.0,1,G2_tactic_intent,2,0,1,1,1,1,,8,1,4.0,C10-AA-003,0.2222,2,2,1,G3_campaign,G3_campaign,m3star_graph_transition_xgboost_v0.1,0
C10-darpa-optc-sysclient0351-0925,stage,0.4,41,project05_xgboost_policy,1,4.0,2,C10-AA-003|C10-AA-004,4.0,0.0,1,0,0,,,,11.0,0,1,1,,development,0,0,1.0,G3_campaign,1.0,1,G2_tactic_intent,2,0,,,,,,,,4.0,C10-AA-003,0.2222,2,2,,G3_campaign,G3_campaign,,0
C10-darpa-optc-sysclient0351-0925,stage,0.4,41,project05_m3b_policy,1,4.0,2,C10-AA-003|C10-AA-004,4.0,0.0,1,0,0,,,,11.0,0,1,1,,development,0,0,1.0,G3_campaign,1.0,1,G2_tactic_intent,2,0,,,,,,,,4.0,C10-AA-003,0.2222,2,2,,G3_campaign,G3_campaign,,0
C10-darpa-optc-sysclient0351-0925,stage,0.4,41,project05_m2,1,4.0,2,C10-AA-004|C10-AA-003,4.0,0.0,0,0,0,,,,11.0,0,1,1,,development,0,0,1.0,G3_campaign,1.0,1,G2_tactic_intent,2,0,,,,,,,,4.0,C10-AA-003,0.2222,2,2,,G3_campaign,G3_campaign,,0
C10-darpa-optc-sysclient0351-0925,stage,0.4,41,oracle_optimal,1,4.0,2,C10-AA-003|C10-AA-004,4.0,0.0,1,0,0,,,,11.0,0,1,1,,development,0,0,1.0,G3_campaign,1.0,1,G2_tactic_intent,2,0,,,,,,,,4.0,C10-AA-003,0.2222,2,2,,G3_campaign,G3_campaign,,0
C10-darpa-optc-sysclient0351-0925,stage,0.4,53,project05_m3star_h3_dual,1,4.0,2,C10-AA-003|C10-AA-004,4.0,0.0,1,0,0,m3star_graph_action_value_xgboost_v0.3,m3star_graph_action_value_xgboost_v0.3,m3star_graph_action_value_xgboost_v0.3,11.0,0,1,1,0,development,0,0,1.0,G3_campaign,1.0,1,G2_tactic_intent,2,0,1,3,1,1,,8,1,4.0,C10-AA-003,0.2222,2,2,1,G3_campaign,G3_campaign,m3star_graph_transition_xgboost_v0.1,0
C10-darpa-optc-sysclient0351-0925,stage,0.4,53,project05_m3star_h3_no_dominance_dual,1,4.0,2,C10-AA-003|C10-AA-004,4.0,0.0,1,0,0,m3star_graph_action_value_xgboost_v0.3,m3star_graph_action_value_xgboost_v0.3,m3star_graph_action_value_xgboost_v0.3,11.0,0,1,1,0,development,0,0,1.0,G3_campaign,1.0,1,G2_tactic_intent,2,0,1,3,0,1,,8,1,4.0,C10-AA-003,0.2222,2,2,0,G3_campaign,G3_campaign,m3star_graph_transition_xgboost_v0.1,0
C10-darpa-optc-sysclient0351-0925,stage,0.4,53,project05_m3star_h3_unshielded_dual,1,4.0,2,C10-AA-003|C10-AA-004,4.0,0.0,1,0,0,m3star_graph_action_value_xgboost_v0.3,m3star_graph_action_value_xgboost_v0.3,m3star_graph_action_value_xgboost_v0.3,11.0,0,1,1,0,development,0,0,1.0,G3_campaign,1.0,1,G2_tactic_intent,2,0,0,3,1,1,,8,0,4.0,C10-AA-003,0.2222,2,2,1,G3_campaign,G3_campaign,m3star_graph_transition_xgboost_v0.1,0
C10-darpa-optc-sysclient0351-0925,stage,0.4,53,project05_m3star_h3_transition_only,1,4.0,2,C10-AA-003|C10-AA-004,4.0,0.0,1,0,0,none,none,none,11.0,0,1,1,0,development,0,0,1.0,G3_campaign,1.0,1,G2_tactic_intent,2,0,1,3,1,0,,8,1,4.0,C10-AA-003,0.2222,2,2,1,G3_campaign,G3_campaign,m3star_graph_transition_xgboost_v0.1,0
C10-darpa-optc-sysclient0351-0925,stage,0.4,53,project05_m3star_h1_dual,1,4.0,2,C10-AA-003|C10-AA-004,4.0,0.0,1,0,0,m3star_graph_action_value_xgboost_v0.3,m3star_graph_action_value_xgboost_v0.3,m3star_graph_action_value_xgboost_v0.3,11.0,0,1,1,0,development,0,0,1.0,G3_campaign,1.0,1,G2_tactic_intent,2,0,1,1,1,1,,8,1,4.0,C10-AA-003,0.2222,2,2,1,G3_campaign,G3_campaign,m3star_graph_transition_xgboost_v0.1,0
C10-darpa-optc-sysclient0351-0925,stage,0.4,53,project05_xgboost_policy,1,4.0,2,C10-AA-003|C10-AA-004,4.0,0.0,1,0,0,,,,11.0,0,1,1,,development,0,0,1.0,G3_campaign,1.0,1,G2_tactic_intent,2,0,,,,,,,,4.0,C10-AA-003,0.2222,2,2,,G3_campaign,G3_campaign,,0
C10-darpa-optc-sysclient0351-0925,stage,0.4,53,project05_m3b_policy,1,4.0,2,C10-AA-003|C10-AA-004,4.0,0.0,1,0,0,,,,11.0,0,1,1,,development,0,0,1.0,G3_campaign,1.0,1,G2_tactic_intent,2,0,,,,,,,,4.0,C10-AA-003,0.2222,2,2,,G3_campaign,G3_campaign,,0
C10-darpa-optc-sysclient0351-0925,stage,0.4,53,project05_m2,1,4.0,2,C10-AA-004|C10-AA-003,4.0,0.0,0,0,0,,,,11.0,0,1,1,,development,0,0,1.0,G3_campaign,1.0,1,G2_tactic_intent,2,0,,,,,,,,4.0,C10-AA-003,0.2222,2,2,,G3_campaign,G3_campaign,,0
C10-darpa-optc-sysclient0351-0925,stage,0.4,53,oracle_optimal,1,4.0,2,C10-AA-003|C10-AA-004,4.0,0.0,1,0,0,,,,11.0,0,1,1,,development,0,0,1.0,G3_campaign,1.0,1,G2_tactic_intent,2,0,,,,,,,,4.0,C10-AA-003,0.2222,2,2,,G3_campaign,G3_campaign,,0
C10-darpa-optc-sysclient0351-0925,stage,0.6,11,project05_m3star_h3_dual,1,7.0,3,C10-AA-003|C10-AA-004|C10-AA-002,7.0,1.0,0,0,0,m3star_graph_action_value_xgboost_v0.3,m3star_graph_action_value_xgboost_v0.3,m3star_graph_action_value_xgboost_v0.3,11.0,0,1,1,0,development,0,0,1.0,G3_campaign,1.0,1,G1_technique,3,0,1,3,1,1,,8,1,6.0,C10-AA-001,1.3472,3,3,1,G3_campaign,G3_campaign,m3star_graph_transition_xgboost_v0.1,0
C10-darpa-optc-sysclient0351-0925,stage,0.6,11,project05_m3star_h3_no_dominance_dual,1,7.0,3,C10-AA-003|C10-AA-004|C10-AA-002,7.0,1.0,0,0,0,m3star_graph_action_value_xgboost_v0.3,m3star_graph_action_value_xgboost_v0.3,m3star_graph_action_value_xgboost_v0.3,11.0,0,1,1,0,development,0,0,1.0,G3_campaign,1.0,1,G1_technique,3,0,1,3,0,1,,8,1,6.0,C10-AA-001,1.3472,3,3,0,G3_campaign,G3_campaign,m3star_graph_transition_xgboost_v0.1,0
C10-darpa-optc-sysclient0351-0925,stage,0.6,11,project05_m3star_h3_unshielded_dual,1,7.0,3,C10-AA-003|C10-AA-004|C10-AA-002,7.0,1.0,0,0,0,m3star_graph_action_value_xgboost_v0.3,m3star_graph_action_value_xgboost_v0.3,m3star_graph_action_value_xgboost_v0.3,11.0,0,1,1,0,development,0,0,1.0,G3_campaign,1.0,1,G1_technique,3,0,0,3,1,1,,8,0,6.0,C10-AA-001,1.3472,3,3,1,G3_campaign,G3_campaign,m3star_graph_transition_xgboost_v0.1,0
C10-darpa-optc-sysclient0351-0925,stage,0.6,11,project05_m3star_h3_transition_only,1,7.0,3,C10-AA-003|C10-AA-004|C10-AA-002,7.0,1.0,0,0,0,none,none,none,11.0,0,1,1,0,development,0,0,1.0,G3_campaign,1.0,1,G1_technique,3,0,1,3,1,0,,8,1,6.0,C10-AA-001,1.3472,3,3,1,G3_campaign,G3_campaign,m3star_graph_transition_xgboost_v0.1,0
C10-darpa-optc-sysclient0351-0925,stage,0.6,11,project05_m3star_h1_dual,1,7.0,3,C10-AA-004|C10-AA-002|C10-AA-003,7.0,1.0,0,0,0,m3star_graph_action_value_xgboost_v0.3,m3star_graph_action_value_xgboost_v0.3,m3star_graph_action_value_xgboost_v0.3,11.0,0,1,1,0,development,0,0,1.0,G3_campaign,1.0,1,G1_technique,3,0,1,1,1,1,,8,1,6.0,C10-AA-001,1.3472,3,3,1,G3_campaign,G3_campaign,m3star_graph_transition_xgboost_v0.1,0
C10-darpa-optc-sysclient0351-0925,stage,0.6,11,project05_xgboost_policy,1,10.0,4,C10-AA-004|C10-AA-005|C10-AA-002|C10-AA-003,10.0,4.0,0,0,0,,,,11.0,0,1,1,,development,0,0,1.0,G3_campaign,1.0,1,G1_technique,3,0,,,,,,,,6.0,C10-AA-001,2.0972,3,4,,G3_campaign,G3_campaign,,1
C10-darpa-optc-sysclient0351-0925,stage,0.6,11,project05_m3b_policy,1,10.0,4,C10-AA-003|C10-AA-004|C10-AA-005|C10-AA-002,10.0,4.0,0,0,0,,,,11.0,0,1,1,,development,0,0,1.0,G3_campaign,1.0,1,G1_technique,3,0,,,,,,,,6.0,C10-AA-001,2.0972,3,4,,G3_campaign,G3_campaign,,1
C10-darpa-optc-sysclient0351-0925,stage,0.6,11,project05_m2,1,6.0,3,C10-AA-001|C10-AA-004|C10-AA-003,6.0,0.0,1,0,0,,,,11.0,0,1,1,,development,0,0,1.0,G3_campaign,1.0,1,G1_technique,3,0,,,,,,,,6.0,C10-AA-001,0.2222,3,3,,G3_campaign,G3_campaign,,0
C10-darpa-optc-sysclient0351-0925,stage,0.6,11,oracle_optimal,1,6.0,3,C10-AA-001|C10-AA-003|C10-AA-004,6.0,0.0,1,0,0,,,,11.0,0,1,1,,development,0,0,1.0,G3_campaign,1.0,1,G1_technique,3,0,,,,,,,,6.0,C10-AA-001,0.2222,3,3,,G3_campaign,G3_campaign,,0
C10-darpa-optc-sysclient0351-0925,stage,0.6,23,project05_m3star_h3_dual,1,7.0,3,C10-AA-003|C10-AA-004|C10-AA-002,7.0,0.0,0,0,0,m3star_graph_action_value_xgboost_v0.3,m3star_graph_action_value_xgboost_v0.3,m3star_graph_action_value_xgboost_v0.3,11.0,0,1,1,0,development,0,0,1.0,G3_campaign,1.0,1,G1_technique,3,0,1,3,1,1,,8,1,7.0,C10-AA-002,1.3472,3,3,1,G3_campaign,G3_campaign,m3star_graph_transition_xgboost_v0.1,0
C10-darpa-optc-sysclient0351-0925,stage,0.6,23,project05_m3star_h3_no_dominance_dual,1,7.0,3,C10-AA-003|C10-AA-004|C10-AA-002,7.0,0.0,0,0,0,m3star_graph_action_value_xgboost_v0.3,m3star_graph_action_value_xgboost_v0.3,m3star_graph_action_value_xgboost_v0.3,11.0,0,1,1,0,development,0,0,1.0,G3_campaign,1.0,1,G1_technique,3,0,1,3,0,1,,8,1,7.0,C10-AA-002,1.3472,3,3,0,G3_campaign,G3_campaign,m3star_graph_transition_xgboost_v0.1,0
C10-darpa-optc-sysclient0351-0925,stage,0.6,23,project05_m3star_h3_unshielded_dual,1,7.0,3,C10-AA-003|C10-AA-004|C10-AA-002,7.0,0.0,0,0,0,m3star_graph_action_value_xgboost_v0.3,m3star_graph_action_value_xgboost_v0.3,m3star_graph_action_value_xgboost_v0.3,11.0,0,1,1,0,development,0,0,1.0,G3_campaign,1.0,1,G1_technique,3,0,0,3,1,1,,8,0,7.0,C10-AA-002,1.3472,3,3,1,G3_campaign,G3_campaign,m3star_graph_transition_xgboost_v0.1,0
C10-darpa-optc-sysclient0351-0925,stage,0.6,23,project05_m3star_h3_transition_only,1,7.0,3,C10-AA-003|C10-AA-004|C10-AA-002,7.0,0.0,0,0,0,none,none,none,11.0,0,1,1,0,development,0,0,1.0,G3_campaign,1.0,1,G1_technique,3,0,1,3,1,0,,8,1,7.0,C10-AA-002,1.3472,3,3,1,G3_campaign,G3_campaign,m3star_graph_transition_xgboost_v0.1,0
C10-darpa-optc-sysclient0351-0925,stage,0.6,23,project05_m3star_h1_dual,1,7.0,3,C10-AA-004|C10-AA-002|C10-AA-003,7.0,0.0,0,0,0,m3star_graph_action_value_xgboost_v0.3,m3star_graph_action_value_xgboost_v0.3,m3star_graph_action_value_xgboost_v0.3,11.0,0,1,1,0,development,0,0,1.0,G3_campaign,1.0,1,G1_technique,3,0,1,1,1,1,,8,1,7.0,C10-AA-002,1.3472,3,3,1,G3_campaign,G3_campaign,m3star_graph_transition_xgboost_v0.1,0
C10-darpa-optc-sysclient0351-0925,stage,0.6,23,project05_xgboost_policy,1,10.0,4,C10-AA-004|C10-AA-005|C10-AA-002|C10-AA-003,10.0,3.0,0,0,0,,,,11.0,0,1,1,,development,0,0,1.0,G3_campaign,1.0,1,G1_technique,3,0,,,,,,,,7.0,C10-AA-002,2.0972,3,4,,G3_campaign,G3_campaign,,1
C10-darpa-optc-sysclient0351-0925,stage,0.6,23,project05_m3b_policy,1,10.0,4,C10-AA-003|C10-AA-004|C10-AA-005|C10-AA-002,10.0,3.0,0,0,0,,,,11.0,0,1,1,,development,0,0,1.0,G3_campaign,1.0,1,G1_technique,3,0,,,,,,,,7.0,C10-AA-002,2.0972,3,4,,G3_campaign,G3_campaign,,1
C10-darpa-optc-sysclient0351-0925,stage,0.6,23,project05_m2,1,9.0,4,C10-AA-001|C10-AA-004|C10-AA-003|C10-AA-002,9.0,2.0,0,0,0,,,,11.0,0,1,1,,development,0,0,1.0,G3_campaign,1.0,1,G1_technique,3,0,,,,,,,,7.0,C10-AA-002,1.3472,3,4,,G3_campaign,G3_campaign,,1
C10-darpa-optc-sysclient0351-0925,stage,0.6,23,oracle_optimal,1,7.0,3,C10-AA-002|C10-AA-003|C10-AA-004,7.0,0.0,1,0,0,,,,11.0,0,1,1,,development,0,0,1.0,G3_campaign,1.0,1,G1_technique,3,0,,,,,,,,7.0,C10-AA-002,0.95,3,3,,G3_campaign,G3_campaign,,0
C10-darpa-optc-sysclient0351-0925,stage,0.6,37,project05_m3star_h3_dual,1,7.0,3,C10-AA-003|C10-AA-004|C10-AA-002,7.0,1.0,0,0,0,m3star_graph_action_value_xgboost_v0.3,m3star_graph_action_value_xgboost_v0.3,m3star_graph_action_value_xgboost_v0.3,11.0,0,1,1,0,development,0,0,1.0,G3_campaign,1.0,1,G1_technique,3,0,1,3,1,1,,8,1,6.0,C10-AA-001,1.3472,3,3,1,G3_campaign,G3_campaign,m3star_graph_transition_xgboost_v0.1,0
C10-darpa-optc-sysclient0351-0925,stage,0.6,37,project05_m3star_h3_no_dominance_dual,1,7.0,3,C10-AA-003|C10-AA-004|C10-AA-002,7.0,1.0,0,0,0,m3star_graph_action_value_xgboost_v0.3,m3star_graph_action_value_xgboost_v0.3,m3star_graph_action_value_xgboost_v0.3,11.0,0,1,1,0,development,0,0,1.0,G3_campaign,1.0,1,G1_technique,3,0,1,3,0,1,,8,1,6.0,C10-AA-001,1.3472,3,3,0,G3_campaign,G3_campaign,m3star_graph_transition_xgboost_v0.1,0
C10-darpa-optc-sysclient0351-0925,stage,0.6,37,project05_m3star_h3_unshielded_dual,1,7.0,3,C10-AA-003|C10-AA-004|C10-AA-002,7.0,1.0,0,0,0,m3star_graph_action_value_xgboost_v0.3,m3star_graph_action_value_xgboost_v0.3,m3star_graph_action_value_xgboost_v0.3,11.0,0,1,1,0,development,0,0,1.0,G3_campaign,1.0,1,G1_technique,3,0,0,3,1,1,,8,0,6.0,C10-AA-001,1.3472,3,3,1,G3_campaign,G3_campaign,m3star_graph_transition_xgboost_v0.1,0
C10-darpa-optc-sysclient0351-0925,stage,0.6,37,project05_m3star_h3_transition_only,1,7.0,3,C10-AA-003|C10-AA-004|C10-AA-002,7.0,1.0,0,0,0,none,none,none,11.0,0,1,1,0,development,0,0,1.0,G3_campaign,1.0,1,G1_technique,3,0,1,3,1,0,,8,1,6.0,C10-AA-001,1.3472,3,3,1,G3_campaign,G3_campaign,m3star_graph_transition_xgboost_v0.1,0
C10-darpa-optc-sysclient0351-0925,stage,0.6,37,project05_m3star_h1_dual,1,7.0,3,C10-AA-004|C10-AA-002|C10-AA-003,7.0,1.0,0,0,0,m3star_graph_action_value_xgboost_v0.3,m3star_graph_action_value_xgboost_v0.3,m3star_graph_action_value_xgboost_v0.3,11.0,0,1,1,0,development,0,0,1.0,G3_campaign,1.0,1,G1_technique,3,0,1,1,1,1,,8,1,6.0,C10-AA-001,1.3472,3,3,1,G3_campaign,G3_campaign,m3star_graph_transition_xgboost_v0.1,0
C10-darpa-optc-sysclient0351-0925,stage,0.6,37,project05_xgboost_policy,1,10.0,4,C10-AA-004|C10-AA-005|C10-AA-002|C10-AA-003,10.0,4.0,0,0,0,,,,11.0,0,1,1,,development,0,0,1.0,G3_campaign,1.0,1,G1_technique,3,0,,,,,,,,6.0,C10-AA-001,2.0972,3,4,,G3_campaign,G3_campaign,,1
C10-darpa-optc-sysclient0351-0925,stage,0.6,37,project05_m3b_policy,1,10.0,4,C10-AA-003|C10-AA-004|C10-AA-005|C10-AA-002,10.0,4.0,0,0,0,,,,11.0,0,1,1,,development,0,0,1.0,G3_campaign,1.0,1,G1_technique,3,0,,,,,,,,6.0,C10-AA-001,2.0972,3,4,,G3_campaign,G3_campaign,,1
C10-darpa-optc-sysclient0351-0925,stage,0.6,37,project05_m2,1,6.0,3,C10-AA-001|C10-AA-004|C10-AA-003,6.0,0.0,1,0,0,,,,11.0,0,1,1,,development,0,0,1.0,G3_campaign,1.0,1,G1_technique,3,0,,,,,,,,6.0,C10-AA-001,0.2222,3,3,,G3_campaign,G3_campaign,,0
C10-darpa-optc-sysclient0351-0925,stage,0.6,37,oracle_optimal,1,6.0,3,C10-AA-001|C10-AA-003|C10-AA-004,6.0,0.0,1,0,0,,,,11.0,0,1,1,,development,0,0,1.0,G3_campaign,1.0,1,G1_technique,3,0,,,,,,,,6.0,C10-AA-001,0.2222,3,3,,G3_campaign,G3_campaign,,0
C10-darpa-optc-sysclient0351-0925,stage,0.6,41,project05_m3star_h3_dual,1,7.0,3,C10-AA-003|C10-AA-004|C10-AA-002,7.0,0.0,0,0,0,m3star_graph_action_value_xgboost_v0.3,m3star_graph_action_value_xgboost_v0.3,m3star_graph_action_value_xgboost_v0.3,11.0,0,1,1,0,development,0,0,1.0,G3_campaign,1.0,1,G1_technique,3,0,1,3,1,1,,8,1,7.0,C10-AA-002,1.3472,3,3,1,G3_campaign,G3_campaign,m3star_graph_transition_xgboost_v0.1,0
C10-darpa-optc-sysclient0351-0925,stage,0.6,41,project05_m3star_h3_no_dominance_dual,1,7.0,3,C10-AA-003|C10-AA-004|C10-AA-002,7.0,0.0,0,0,0,m3star_graph_action_value_xgboost_v0.3,m3star_graph_action_value_xgboost_v0.3,m3star_graph_action_value_xgboost_v0.3,11.0,0,1,1,0,development,0,0,1.0,G3_campaign,1.0,1,G1_technique,3,0,1,3,0,1,,8,1,7.0,C10-AA-002,1.3472,3,3,0,G3_campaign,G3_campaign,m3star_graph_transition_xgboost_v0.1,0
C10-darpa-optc-sysclient0351-0925,stage,0.6,41,project05_m3star_h3_unshielded_dual,1,7.0,3,C10-AA-003|C10-AA-004|C10-AA-002,7.0,0.0,0,0,0,m3star_graph_action_value_xgboost_v0.3,m3star_graph_action_value_xgboost_v0.3,m3star_graph_action_value_xgboost_v0.3,11.0,0,1,1,0,development,0,0,1.0,G3_campaign,1.0,1,G1_technique,3,0,0,3,1,1,,8,0,7.0,C10-AA-002,1.3472,3,3,1,G3_campaign,G3_campaign,m3star_graph_transition_xgboost_v0.1,0
C10-darpa-optc-sysclient0351-0925,stage,0.6,41,project05_m3star_h3_transition_only,1,7.0,3,C10-AA-003|C10-AA-004|C10-AA-002,7.0,0.0,0,0,0,none,none,none,11.0,0,1,1,0,development,0,0,1.0,G3_campaign,1.0,1,G1_technique,3,0,1,3,1,0,,8,1,7.0,C10-AA-002,1.3472,3,3,1,G3_campaign,G3_campaign,m3star_graph_transition_xgboost_v0.1,0
C10-darpa-optc-sysclient0351-0925,stage,0.6,41,project05_m3star_h1_dual,1,7.0,3,C10-AA-004|C10-AA-002|C10-AA-003,7.0,0.0,0,0,0,m3star_graph_action_value_xgboost_v0.3,m3star_graph_action_value_xgboost_v0.3,m3star_graph_action_value_xgboost_v0.3,11.0,0,1,1,0,development,0,0,1.0,G3_campaign,1.0,1,G1_technique,3,0,1,1,1,1,,8,1,7.0,C10-AA-002,1.3472,3,3,1,G3_campaign,G3_campaign,m3star_graph_transition_xgboost_v0.1,0
C10-darpa-optc-sysclient0351-0925,stage,0.6,41,project05_xgboost_policy,1,10.0,4,C10-AA-004|C10-AA-005|C10-AA-002|C10-AA-003,10.0,3.0,0,0,0,,,,11.0,0,1,1,,development,0,0,1.0,G3_campaign,1.0,1,G1_technique,3,0,,,,,,,,7.0,C10-AA-002,2.0972,3,4,,G3_campaign,G3_campaign,,1
C10-darpa-optc-sysclient0351-0925,stage,0.6,41,project05_m3b_policy,1,10.0,4,C10-AA-003|C10-AA-004|C10-AA-005|C10-AA-002,10.0,3.0,0,0,0,,,,11.0,0,1,1,,development,0,0,1.0,G3_campaign,1.0,1,G1_technique,3,0,,,,,,,,7.0,C10-AA-002,2.0972,3,4,,G3_campaign,G3_campaign,,1
C10-darpa-optc-sysclient0351-0925,stage,0.6,41,project05_m2,1,9.0,4,C10-AA-001|C10-AA-004|C10-AA-003|C10-AA-002,9.0,2.0,0,0,0,,,,11.0,0,1,1,,development,0,0,1.0,G3_campaign,1.0,1,G1_technique,3,0,,,,,,,,7.0,C10-AA-002,1.3472,3,4,,G3_campaign,G3_campaign,,1
C10-darpa-optc-sysclient0351-0925,stage,0.6,41,oracle_optimal,1,7.0,3,C10-AA-002|C10-AA-003|C10-AA-004,7.0,0.0,1,0,0,,,,11.0,0,1,1,,development,0,0,1.0,G3_campaign,1.0,1,G1_technique,3,0,,,,,,,,7.0,C10-AA-002,0.95,3,3,,G3_campaign,G3_campaign,,0
C10-darpa-optc-sysclient0351-0925,stage,0.6,53,project05_m3star_h3_dual,1,7.0,3,C10-AA-003|C10-AA-004|C10-AA-002,7.0,0.0,0,0,0,m3star_graph_action_value_xgboost_v0.3,m3star_graph_action_value_xgboost_v0.3,m3star_graph_action_value_xgboost_v0.3,11.0,0,1,1,0,development,0,0,1.0,G3_campaign,1.0,1,G1_technique,3,0,1,3,1,1,,8,1,7.0,C10-AA-002,1.3472,3,3,1,G3_campaign,G3_campaign,m3star_graph_transition_xgboost_v0.1,0
C10-darpa-optc-sysclient0351-0925,stage,0.6,53,project05_m3star_h3_no_dominance_dual,1,7.0,3,C10-AA-003|C10-AA-004|C10-AA-002,7.0,0.0,0,0,0,m3star_graph_action_value_xgboost_v0.3,m3star_graph_action_value_xgboost_v0.3,m3star_graph_action_value_xgboost_v0.3,11.0,0,1,1,0,development,0,0,1.0,G3_campaign,1.0,1,G1_technique,3,0,1,3,0,1,,8,1,7.0,C10-AA-002,1.3472,3,3,0,G3_campaign,G3_campaign,m3star_graph_transition_xgboost_v0.1,0
C10-darpa-optc-sysclient0351-0925,stage,0.6,53,project05_m3star_h3_unshielded_dual,1,7.0,3,C10-AA-003|C10-AA-004|C10-AA-002,7.0,0.0,0,0,0,m3star_graph_action_value_xgboost_v0.3,m3star_graph_action_value_xgboost_v0.3,m3star_graph_action_value_xgboost_v0.3,11.0,0,1,1,0,development,0,0,1.0,G3_campaign,1.0,1,G1_technique,3,0,0,3,1,1,,8,0,7.0,C10-AA-002,1.3472,3,3,1,G3_campaign,G3_campaign,m3star_graph_transition_xgboost_v0.1,0
C10-darpa-optc-sysclient0351-0925,stage,0.6,53,project05_m3star_h3_transition_only,1,7.0,3,C10-AA-003|C10-AA-004|C10-AA-002,7.0,0.0,0,0,0,none,none,none,11.0,0,1,1,0,development,0,0,1.0,G3_campaign,1.0,1,G1_technique,3,0,1,3,1,0,,8,1,7.0,C10-AA-002,1.3472,3,3,1,G3_campaign,G3_campaign,m3star_graph_transition_xgboost_v0.1,0
C10-darpa-optc-sysclient0351-0925,stage,0.6,53,project05_m3star_h1_dual,1,7.0,3,C10-AA-004|C10-AA-002|C10-AA-003,7.0,0.0,0,0,0,m3star_graph_action_value_xgboost_v0.3,m3star_graph_action_value_xgboost_v0.3,m3star_graph_action_value_xgboost_v0.3,11.0,0,1,1,0,development,0,0,1.0,G3_campaign,1.0,1,G1_technique,3,0,1,1,1,1,,8,1,7.0,C10-AA-002,1.3472,3,3,1,G3_campaign,G3_campaign,m3star_graph_transition_xgboost_v0.1,0
C10-darpa-optc-sysclient0351-0925,stage,0.6,53,project05_xgboost_policy,1,10.0,4,C10-AA-004|C10-AA-005|C10-AA-002|C10-AA-003,10.0,3.0,0,0,0,,,,11.0,0,1,1,,development,0,0,1.0,G3_campaign,1.0,1,G1_technique,3,0,,,,,,,,7.0,C10-AA-002,2.0972,3,4,,G3_campaign,G3_campaign,,1
C10-darpa-optc-sysclient0351-0925,stage,0.6,53,project05_m3b_policy,1,10.0,4,C10-AA-003|C10-AA-004|C10-AA-005|C10-AA-002,10.0,3.0,0,0,0,,,,11.0,0,1,1,,development,0,0,1.0,G3_campaign,1.0,1,G1_technique,3,0,,,,,,,,7.0,C10-AA-002,2.0972,3,4,,G3_campaign,G3_campaign,,1
C10-darpa-optc-sysclient0351-0925,stage,0.6,53,project05_m2,1,9.0,4,C10-AA-001|C10-AA-004|C10-AA-003|C10-AA-002,9.0,2.0,0,0,0,,,,11.0,0,1,1,,development,0,0,1.0,G3_campaign,1.0,1,G1_technique,3,0,,,,,,,,7.0,C10-AA-002,1.3472,3,4,,G3_campaign,G3_campaign,,1
C10-darpa-optc-sysclient0351-0925,stage,0.6,53,oracle_optimal,1,7.0,3,C10-AA-002|C10-AA-003|C10-AA-004,7.0,0.0,1,0,0,,,,11.0,0,1,1,,development,0,0,1.0,G3_campaign,1.0,1,G1_technique,3,0,,,,,,,,7.0,C10-AA-002,0.95,3,3,,G3_campaign,G3_campaign,,0
C10-darpa-optc-sysclient0351-0925,discriminative,0.2,11,project05_m3star_h3_dual,1,2.0,1,C10-AA-003,2.0,0.0,1,0,0,m3star_graph_action_value_xgboost_v0.3,m3star_graph_action_value_xgboost_v0.3,m3star_graph_action_value_xgboost_v0.3,11.0,0,1,1,0,development,0,0,1.0,G3_campaign,1.0,1,G2_tactic_intent,1,0,1,3,1,1,,8,1,2.0,C10-AA-003,0.0,1,1,1,G3_campaign,G3_campaign,m3star_graph_transition_xgboost_v0.1,0
C10-darpa-optc-sysclient0351-0925,discriminative,0.2,11,project05_m3star_h3_no_dominance_dual,1,2.0,1,C10-AA-003,2.0,0.0,1,0,0,m3star_graph_action_value_xgboost_v0.3,m3star_graph_action_value_xgboost_v0.3,m3star_graph_action_value_xgboost_v0.3,11.0,0,1,1,0,development,0,0,1.0,G3_campaign,1.0,1,G2_tactic_intent,1,0,1,3,0,1,,8,1,2.0,C10-AA-003,0.0,1,1,0,G3_campaign,G3_campaign,m3star_graph_transition_xgboost_v0.1,0
C10-darpa-optc-sysclient0351-0925,discriminative,0.2,11,project05_m3star_h3_unshielded_dual,1,2.0,1,C10-AA-003,2.0,0.0,1,0,0,m3star_graph_action_value_xgboost_v0.3,m3star_graph_action_value_xgboost_v0.3,m3star_graph_action_value_xgboost_v0.3,11.0,0,1,1,0,development,0,0,1.0,G3_campaign,1.0,1,G2_tactic_intent,1,0,0,3,1,1,,8,0,2.0,C10-AA-003,0.0,1,1,1,G3_campaign,G3_campaign,m3star_graph_transition_xgboost_v0.1,0
C10-darpa-optc-sysclient0351-0925,discriminative,0.2,11,project05_m3star_h3_transition_only,1,2.0,1,C10-AA-003,2.0,0.0,1,0,0,none,none,none,11.0,0,1,1,0,development,0,0,1.0,G3_campaign,1.0,1,G2_tactic_intent,1,0,1,3,1,0,,8,1,2.0,C10-AA-003,0.0,1,1,1,G3_campaign,G3_campaign,m3star_graph_transition_xgboost_v0.1,0
C10-darpa-optc-sysclient0351-0925,discriminative,0.2,11,project05_m3star_h1_dual,1,2.0,1,C10-AA-003,2.0,0.0,1,0,0,m3star_graph_action_value_xgboost_v0.3,m3star_graph_action_value_xgboost_v0.3,m3star_graph_action_value_xgboost_v0.3,11.0,0,1,1,0,development,0,0,1.0,G3_campaign,1.0,1,G2_tactic_intent,1,0,1,1,1,1,,8,1,2.0,C10-AA-003,0.0,1,1,1,G3_campaign,G3_campaign,m3star_graph_transition_xgboost_v0.1,0
C10-darpa-optc-sysclient0351-0925,discriminative,0.2,11,project05_xgboost_policy,1,2.0,1,C10-AA-003,2.0,0.0,1,0,0,,,,11.0,0,1,1,,development,0,0,1.0,G3_campaign,1.0,1,G2_tactic_intent,1,0,,,,,,,,2.0,C10-AA-003,0.0,1,1,,G3_campaign,G3_campaign,,0
C10-darpa-optc-sysclient0351-0925,discriminative,0.2,11,project05_m3b_policy,1,2.0,1,C10-AA-003,2.0,0.0,1,0,0,,,,11.0,0,1,1,,development,0,0,1.0,G3_campaign,1.0,1,G2_tactic_intent,1,0,,,,,,,,2.0,C10-AA-003,0.0,1,1,,G3_campaign,G3_campaign,,0
C10-darpa-optc-sysclient0351-0925,discriminative,0.2,11,project05_m2,1,2.0,1,C10-AA-003,2.0,0.0,1,0,0,,,,11.0,0,1,1,,development,0,0,1.0,G3_campaign,1.0,1,G2_tactic_intent,1,0,,,,,,,,2.0,C10-AA-003,0.0,1,1,,G3_campaign,G3_campaign,,0
C10-darpa-optc-sysclient0351-0925,discriminative,0.2,11,oracle_optimal,1,2.0,1,C10-AA-003,2.0,0.0,1,0,0,,,,11.0,0,1,1,,development,0,0,1.0,G3_campaign,1.0,1,G2_tactic_intent,1,0,,,,,,,,2.0,C10-AA-003,0.0,1,1,,G3_campaign,G3_campaign,,0
C10-darpa-optc-sysclient0351-0925,discriminative,0.2,23,project05_m3star_h3_dual,1,2.0,1,C10-AA-003,2.0,0.0,1,0,0,m3star_graph_action_value_xgboost_v0.3,m3star_graph_action_value_xgboost_v0.3,m3star_graph_action_value_xgboost_v0.3,11.0,0,1,1,0,development,0,0,1.0,G3_campaign,1.0,1,G2_tactic_intent,1,0,1,3,1,1,,8,1,2.0,C10-AA-003,0.0,1,1,1,G3_campaign,G3_campaign,m3star_graph_transition_xgboost_v0.1,0
C10-darpa-optc-sysclient0351-0925,discriminative,0.2,23,project05_m3star_h3_no_dominance_dual,1,2.0,1,C10-AA-003,2.0,0.0,1,0,0,m3star_graph_action_value_xgboost_v0.3,m3star_graph_action_value_xgboost_v0.3,m3star_graph_action_value_xgboost_v0.3,11.0,0,1,1,0,development,0,0,1.0,G3_campaign,1.0,1,G2_tactic_intent,1,0,1,3,0,1,,8,1,2.0,C10-AA-003,0.0,1,1,0,G3_campaign,G3_campaign,m3star_graph_transition_xgboost_v0.1,0
C10-darpa-optc-sysclient0351-0925,discriminative,0.2,23,project05_m3star_h3_unshielded_dual,1,2.0,1,C10-AA-003,2.0,0.0,1,0,0,m3star_graph_action_value_xgboost_v0.3,m3star_graph_action_value_xgboost_v0.3,m3star_graph_action_value_xgboost_v0.3,11.0,0,1,1,0,development,0,0,1.0,G3_campaign,1.0,1,G2_tactic_intent,1,0,0,3,1,1,,8,0,2.0,C10-AA-003,0.0,1,1,1,G3_campaign,G3_campaign,m3star_graph_transition_xgboost_v0.1,0
C10-darpa-optc-sysclient0351-0925,discriminative,0.2,23,project05_m3star_h3_transition_only,1,2.0,1,C10-AA-003,2.0,0.0,1,0,0,none,none,none,11.0,0,1,1,0,development,0,0,1.0,G3_campaign,1.0,1,G2_tactic_intent,1,0,1,3,1,0,,8,1,2.0,C10-AA-003,0.0,1,1,1,G3_campaign,G3_campaign,m3star_graph_transition_xgboost_v0.1,0
C10-darpa-optc-sysclient0351-0925,discriminative,0.2,23,project05_m3star_h1_dual,1,2.0,1,C10-AA-003,2.0,0.0,1,0,0,m3star_graph_action_value_xgboost_v0.3,m3star_graph_action_value_xgboost_v0.3,m3star_graph_action_value_xgboost_v0.3,11.0,0,1,1,0,development,0,0,1.0,G3_campaign,1.0,1,G2_tactic_intent,1,0,1,1,1,1,,8,1,2.0,C10-AA-003,0.0,1,1,1,G3_campaign,G3_campaign,m3star_graph_transition_xgboost_v0.1,0
C10-darpa-optc-sysclient0351-0925,discriminative,0.2,23,project05_xgboost_policy,1,2.0,1,C10-AA-003,2.0,0.0,1,0,0,,,,11.0,0,1,1,,development,0,0,1.0,G3_campaign,1.0,1,G2_tactic_intent,1,0,,,,,,,,2.0,C10-AA-003,0.0,1,1,,G3_campaign,G3_campaign,,0
C10-darpa-optc-sysclient0351-0925,discriminative,0.2,23,project05_m3b_policy,1,2.0,1,C10-AA-003,2.0,0.0,1,0,0,,,,11.0,0,1,1,,development,0,0,1.0,G3_campaign,1.0,1,G2_tactic_intent,1,0,,,,,,,,2.0,C10-AA-003,0.0,1,1,,G3_campaign,G3_campaign,,0
C10-darpa-optc-sysclient0351-0925,discriminative,0.2,23,project05_m2,1,2.0,1,C10-AA-003,2.0,0.0,1,0,0,,,,11.0,0,1,1,,development,0,0,1.0,G3_campaign,1.0,1,G2_tactic_intent,1,0,,,,,,,,2.0,C10-AA-003,0.0,1,1,,G3_campaign,G3_campaign,,0
C10-darpa-optc-sysclient0351-0925,discriminative,0.2,23,oracle_optimal,1,2.0,1,C10-AA-003,2.0,0.0,1,0,0,,,,11.0,0,1,1,,development,0,0,1.0,G3_campaign,1.0,1,G2_tactic_intent,1,0,,,,,,,,2.0,C10-AA-003,0.0,1,1,,G3_campaign,G3_campaign,,0
C10-darpa-optc-sysclient0351-0925,discriminative,0.2,37,project05_m3star_h3_dual,1,2.0,1,C10-AA-003,2.0,0.0,1,0,0,m3star_graph_action_value_xgboost_v0.3,m3star_graph_action_value_xgboost_v0.3,m3star_graph_action_value_xgboost_v0.3,11.0,0,1,1,0,development,0,0,1.0,G3_campaign,1.0,1,G2_tactic_intent,1,0,1,3,1,1,,8,1,2.0,C10-AA-003,0.0,1,1,1,G3_campaign,G3_campaign,m3star_graph_transition_xgboost_v0.1,0
C10-darpa-optc-sysclient0351-0925,discriminative,0.2,37,project05_m3star_h3_no_dominance_dual,1,2.0,1,C10-AA-003,2.0,0.0,1,0,0,m3star_graph_action_value_xgboost_v0.3,m3star_graph_action_value_xgboost_v0.3,m3star_graph_action_value_xgboost_v0.3,11.0,0,1,1,0,development,0,0,1.0,G3_campaign,1.0,1,G2_tactic_intent,1,0,1,3,0,1,,8,1,2.0,C10-AA-003,0.0,1,1,0,G3_campaign,G3_campaign,m3star_graph_transition_xgboost_v0.1,0
C10-darpa-optc-sysclient0351-0925,discriminative,0.2,37,project05_m3star_h3_unshielded_dual,1,2.0,1,C10-AA-003,2.0,0.0,1,0,0,m3star_graph_action_value_xgboost_v0.3,m3star_graph_action_value_xgboost_v0.3,m3star_graph_action_value_xgboost_v0.3,11.0,0,1,1,0,development,0,0,1.0,G3_campaign,1.0,1,G2_tactic_intent,1,0,0,3,1,1,,8,0,2.0,C10-AA-003,0.0,1,1,1,G3_campaign,G3_campaign,m3star_graph_transition_xgboost_v0.1,0
C10-darpa-optc-sysclient0351-0925,discriminative,0.2,37,project05_m3star_h3_transition_only,1,2.0,1,C10-AA-003,2.0,0.0,1,0,0,none,none,none,11.0,0,1,1,0,development,0,0,1.0,G3_campaign,1.0,1,G2_tactic_intent,1,0,1,3,1,0,,8,1,2.0,C10-AA-003,0.0,1,1,1,G3_campaign,G3_campaign,m3star_graph_transition_xgboost_v0.1,0
C10-darpa-optc-sysclient0351-0925,discriminative,0.2,37,project05_m3star_h1_dual,1,2.0,1,C10-AA-003,2.0,0.0,1,0,0,m3star_graph_action_value_xgboost_v0.3,m3star_graph_action_value_xgboost_v0.3,m3star_graph_action_value_xgboost_v0.3,11.0,0,1,1,0,development,0,0,1.0,G3_campaign,1.0,1,G2_tactic_intent,1,0,1,1,1,1,,8,1,2.0,C10-AA-003,0.0,1,1,1,G3_campaign,G3_campaign,m3star_graph_transition_xgboost_v0.1,0
C10-darpa-optc-sysclient0351-0925,discriminative,0.2,37,project05_xgboost_policy,1,2.0,1,C10-AA-003,2.0,0.0,1,0,0,,,,11.0,0,1,1,,development,0,0,1.0,G3_campaign,1.0,1,G2_tactic_intent,1,0,,,,,,,,2.0,C10-AA-003,0.0,1,1,,G3_campaign,G3_campaign,,0
C10-darpa-optc-sysclient0351-0925,discriminative,0.2,37,project05_m3b_policy,1,2.0,1,C10-AA-003,2.0,0.0,1,0,0,,,,11.0,0,1,1,,development,0,0,1.0,G3_campaign,1.0,1,G2_tactic_intent,1,0,,,,,,,,2.0,C10-AA-003,0.0,1,1,,G3_campaign,G3_campaign,,0
C10-darpa-optc-sysclient0351-0925,discriminative,0.2,37,project05_m2,1,2.0,1,C10-AA-003,2.0,0.0,1,0,0,,,,11.0,0,1,1,,development,0,0,1.0,G3_campaign,1.0,1,G2_tactic_intent,1,0,,,,,,,,2.0,C10-AA-003,0.0,1,1,,G3_campaign,G3_campaign,,0
C10-darpa-optc-sysclient0351-0925,discriminative,0.2,37,oracle_optimal,1,2.0,1,C10-AA-003,2.0,0.0,1,0,0,,,,11.0,0,1,1,,development,0,0,1.0,G3_campaign,1.0,1,G2_tactic_intent,1,0,,,,,,,,2.0,C10-AA-003,0.0,1,1,,G3_campaign,G3_campaign,,0
C10-darpa-optc-sysclient0351-0925,discriminative,0.2,41,project05_m3star_h3_dual,1,2.0,1,C10-AA-003,2.0,0.0,1,0,0,m3star_graph_action_value_xgboost_v0.3,m3star_graph_action_value_xgboost_v0.3,m3star_graph_action_value_xgboost_v0.3,11.0,0,1,1,0,development,0,0,1.0,G3_campaign,1.0,1,G2_tactic_intent,1,0,1,3,1,1,,8,1,2.0,C10-AA-003,0.0,1,1,1,G3_campaign,G3_campaign,m3star_graph_transition_xgboost_v0.1,0
C10-darpa-optc-sysclient0351-0925,discriminative,0.2,41,project05_m3star_h3_no_dominance_dual,1,2.0,1,C10-AA-003,2.0,0.0,1,0,0,m3star_graph_action_value_xgboost_v0.3,m3star_graph_action_value_xgboost_v0.3,m3star_graph_action_value_xgboost_v0.3,11.0,0,1,1,0,development,0,0,1.0,G3_campaign,1.0,1,G2_tactic_intent,1,0,1,3,0,1,,8,1,2.0,C10-AA-003,0.0,1,1,0,G3_campaign,G3_campaign,m3star_graph_transition_xgboost_v0.1,0
C10-darpa-optc-sysclient0351-0925,discriminative,0.2,41,project05_m3star_h3_unshielded_dual,1,2.0,1,C10-AA-003,2.0,0.0,1,0,0,m3star_graph_action_value_xgboost_v0.3,m3star_graph_action_value_xgboost_v0.3,m3star_graph_action_value_xgboost_v0.3,11.0,0,1,1,0,development,0,0,1.0,G3_campaign,1.0,1,G2_tactic_intent,1,0,0,3,1,1,,8,0,2.0,C10-AA-003,0.0,1,1,1,G3_campaign,G3_campaign,m3star_graph_transition_xgboost_v0.1,0
C10-darpa-optc-sysclient0351-0925,discriminative,0.2,41,project05_m3star_h3_transition_only,1,2.0,1,C10-AA-003,2.0,0.0,1,0,0,none,none,none,11.0,0,1,1,0,development,0,0,1.0,G3_campaign,1.0,1,G2_tactic_intent,1,0,1,3,1,0,,8,1,2.0,C10-AA-003,0.0,1,1,1,G3_campaign,G3_campaign,m3star_graph_transition_xgboost_v0.1,0
C10-darpa-optc-sysclient0351-0925,discriminative,0.2,41,project05_m3star_h1_dual,1,2.0,1,C10-AA-003,2.0,0.0,1,0,0,m3star_graph_action_value_xgboost_v0.3,m3star_graph_action_value_xgboost_v0.3,m3star_graph_action_value_xgboost_v0.3,11.0,0,1,1,0,development,0,0,1.0,G3_campaign,1.0,1,G2_tactic_intent,1,0,1,1,1,1,,8,1,2.0,C10-AA-003,0.0,1,1,1,G3_campaign,G3_campaign,m3star_graph_transition_xgboost_v0.1,0
C10-darpa-optc-sysclient0351-0925,discriminative,0.2,41,project05_xgboost_policy,1,2.0,1,C10-AA-003,2.0,0.0,1,0,0,,,,11.0,0,1,1,,development,0,0,1.0,G3_campaign,1.0,1,G2_tactic_intent,1,0,,,,,,,,2.0,C10-AA-003,0.0,1,1,,G3_campaign,G3_campaign,,0
C10-darpa-optc-sysclient0351-0925,discriminative,0.2,41,project05_m3b_policy,1,2.0,1,C10-AA-003,2.0,0.0,1,0,0,,,,11.0,0,1,1,,development,0,0,1.0,G3_campaign,1.0,1,G2_tactic_intent,1,0,,,,,,,,2.0,C10-AA-003,0.0,1,1,,G3_campaign,G3_campaign,,0
C10-darpa-optc-sysclient0351-0925,discriminative,0.2,41,project05_m2,1,2.0,1,C10-AA-003,2.0,0.0,1,0,0,,,,11.0,0,1,1,,development,0,0,1.0,G3_campaign,1.0,1,G2_tactic_intent,1,0,,,,,,,,2.0,C10-AA-003,0.0,1,1,,G3_campaign,G3_campaign,,0
C10-darpa-optc-sysclient0351-0925,discriminative,0.2,41,oracle_optimal,1,2.0,1,C10-AA-003,2.0,0.0,1,0,0,,,,11.0,0,1,1,,development,0,0,1.0,G3_campaign,1.0,1,G2_tactic_intent,1,0,,,,,,,,2.0,C10-AA-003,0.0,1,1,,G3_campaign,G3_campaign,,0
C10-darpa-optc-sysclient0351-0925,discriminative,0.2,53,project05_m3star_h3_dual,1,2.0,1,C10-AA-003,2.0,0.0,1,0,0,m3star_graph_action_value_xgboost_v0.3,m3star_graph_action_value_xgboost_v0.3,m3star_graph_action_value_xgboost_v0.3,11.0,0,1,1,0,development,0,0,1.0,G3_campaign,1.0,1,G2_tactic_intent,1,0,1,3,1,1,,8,1,2.0,C10-AA-003,0.0,1,1,1,G3_campaign,G3_campaign,m3star_graph_transition_xgboost_v0.1,0
C10-darpa-optc-sysclient0351-0925,discriminative,0.2,53,project05_m3star_h3_no_dominance_dual,1,2.0,1,C10-AA-003,2.0,0.0,1,0,0,m3star_graph_action_value_xgboost_v0.3,m3star_graph_action_value_xgboost_v0.3,m3star_graph_action_value_xgboost_v0.3,11.0,0,1,1,0,development,0,0,1.0,G3_campaign,1.0,1,G2_tactic_intent,1,0,1,3,0,1,,8,1,2.0,C10-AA-003,0.0,1,1,0,G3_campaign,G3_campaign,m3star_graph_transition_xgboost_v0.1,0
C10-darpa-optc-sysclient0351-0925,discriminative,0.2,53,project05_m3star_h3_unshielded_dual,1,2.0,1,C10-AA-003,2.0,0.0,1,0,0,m3star_graph_action_value_xgboost_v0.3,m3star_graph_action_value_xgboost_v0.3,m3star_graph_action_value_xgboost_v0.3,11.0,0,1,1,0,development,0,0,1.0,G3_campaign,1.0,1,G2_tactic_intent,1,0,0,3,1,1,,8,0,2.0,C10-AA-003,0.0,1,1,1,G3_campaign,G3_campaign,m3star_graph_transition_xgboost_v0.1,0
C10-darpa-optc-sysclient0351-0925,discriminative,0.2,53,project05_m3star_h3_transition_only,1,2.0,1,C10-AA-003,2.0,0.0,1,0,0,none,none,none,11.0,0,1,1,0,development,0,0,1.0,G3_campaign,1.0,1,G2_tactic_intent,1,0,1,3,1,0,,8,1,2.0,C10-AA-003,0.0,1,1,1,G3_campaign,G3_campaign,m3star_graph_transition_xgboost_v0.1,0
C10-darpa-optc-sysclient0351-0925,discriminative,0.2,53,project05_m3star_h1_dual,1,2.0,1,C10-AA-003,2.0,0.0,1,0,0,m3star_graph_action_value_xgboost_v0.3,m3star_graph_action_value_xgboost_v0.3,m3star_graph_action_value_xgboost_v0.3,11.0,0,1,1,0,development,0,0,1.0,G3_campaign,1.0,1,G2_tactic_intent,1,0,1,1,1,1,,8,1,2.0,C10-AA-003,0.0,1,1,1,G3_campaign,G3_campaign,m3star_graph_transition_xgboost_v0.1,0
C10-darpa-optc-sysclient0351-0925,discriminative,0.2,53,project05_xgboost_policy,1,2.0,1,C10-AA-003,2.0,0.0,1,0,0,,,,11.0,0,1,1,,development,0,0,1.0,G3_campaign,1.0,1,G2_tactic_intent,1,0,,,,,,,,2.0,C10-AA-003,0.0,1,1,,G3_campaign,G3_campaign,,0
C10-darpa-optc-sysclient0351-0925,discriminative,0.2,53,project05_m3b_policy,1,2.0,1,C10-AA-003,2.0,0.0,1,0,0,,,,11.0,0,1,1,,development,0,0,1.0,G3_campaign,1.0,1,G2_tactic_intent,1,0,,,,,,,,2.0,C10-AA-003,0.0,1,1,,G3_campaign,G3_campaign,,0
C10-darpa-optc-sysclient0351-0925,discriminative,0.2,53,project05_m2,1,2.0,1,C10-AA-003,2.0,0.0,1,0,0,,,,11.0,0,1,1,,development,0,0,1.0,G3_campaign,1.0,1,G2_tactic_intent,1,0,,,,,,,,2.0,C10-AA-003,0.0,1,1,,G3_campaign,G3_campaign,,0
C10-darpa-optc-sysclient0351-0925,discriminative,0.2,53,oracle_optimal,1,2.0,1,C10-AA-003,2.0,0.0,1,0,0,,,,11.0,0,1,1,,development,0,0,1.0,G3_campaign,1.0,1,G2_tactic_intent,1,0,,,,,,,,2.0,C10-AA-003,0.0,1,1,,G3_campaign,G3_campaign,,0
C10-darpa-optc-sysclient0351-0925,discriminative,0.4,11,project05_m3star_h3_dual,1,4.0,2,C10-AA-003|C10-AA-004,4.0,0.0,1,0,0,m3star_graph_action_value_xgboost_v0.3,m3star_graph_action_value_xgboost_v0.3,m3star_graph_action_value_xgboost_v0.3,11.0,0,1,1,0,development,0,0,1.0,G3_campaign,1.0,1,G2_tactic_intent,2,0,1,3,1,1,,8,1,4.0,C10-AA-003,0.2222,2,2,1,G3_campaign,G3_campaign,m3star_graph_transition_xgboost_v0.1,0
C10-darpa-optc-sysclient0351-0925,discriminative,0.4,11,project05_m3star_h3_no_dominance_dual,1,4.0,2,C10-AA-003|C10-AA-004,4.0,0.0,1,0,0,m3star_graph_action_value_xgboost_v0.3,m3star_graph_action_value_xgboost_v0.3,m3star_graph_action_value_xgboost_v0.3,11.0,0,1,1,0,development,0,0,1.0,G3_campaign,1.0,1,G2_tactic_intent,2,0,1,3,0,1,,8,1,4.0,C10-AA-003,0.2222,2,2,0,G3_campaign,G3_campaign,m3star_graph_transition_xgboost_v0.1,0
C10-darpa-optc-sysclient0351-0925,discriminative,0.4,11,project05_m3star_h3_unshielded_dual,1,4.0,2,C10-AA-003|C10-AA-004,4.0,0.0,1,0,0,m3star_graph_action_value_xgboost_v0.3,m3star_graph_action_value_xgboost_v0.3,m3star_graph_action_value_xgboost_v0.3,11.0,0,1,1,0,development,0,0,1.0,G3_campaign,1.0,1,G2_tactic_intent,2,0,0,3,1,1,,8,0,4.0,C10-AA-003,0.2222,2,2,1,G3_campaign,G3_campaign,m3star_graph_transition_xgboost_v0.1,0
C10-darpa-optc-sysclient0351-0925,discriminative,0.4,11,project05_m3star_h3_transition_only,1,4.0,2,C10-AA-003|C10-AA-004,4.0,0.0,1,0,0,none,none,none,11.0,0,1,1,0,development,0,0,1.0,G3_campaign,1.0,1,G2_tactic_intent,2,0,1,3,1,0,,8,1,4.0,C10-AA-003,0.2222,2,2,1,G3_campaign,G3_campaign,m3star_graph_transition_xgboost_v0.1,0
C10-darpa-optc-sysclient0351-0925,discriminative,0.4,11,project05_m3star_h1_dual,1,4.0,2,C10-AA-003|C10-AA-004,4.0,0.0,1,0,0,m3star_graph_action_value_xgboost_v0.3,m3star_graph_action_value_xgboost_v0.3,m3star_graph_action_value_xgboost_v0.3,11.0,0,1,1,0,development,0,0,1.0,G3_campaign,1.0,1,G2_tactic_intent,2,0,1,1,1,1,,8,1,4.0,C10-AA-003,0.2222,2,2,1,G3_campaign,G3_campaign,m3star_graph_transition_xgboost_v0.1,0
C10-darpa-optc-sysclient0351-0925,discriminative,0.4,11,project05_xgboost_policy,1,4.0,2,C10-AA-003|C10-AA-004,4.0,0.0,1,0,0,,,,11.0,0,1,1,,development,0,0,1.0,G3_campaign,1.0,1,G2_tactic_intent,2,0,,,,,,,,4.0,C10-AA-003,0.2222,2,2,,G3_campaign,G3_campaign,,0
C10-darpa-optc-sysclient0351-0925,discriminative,0.4,11,project05_m3b_policy,1,4.0,2,C10-AA-003|C10-AA-004,4.0,0.0,1,0,0,,,,11.0,0,1,1,,development,0,0,1.0,G3_campaign,1.0,1,G2_tactic_intent,2,0,,,,,,,,4.0,C10-AA-003,0.2222,2,2,,G3_campaign,G3_campaign,,0
C10-darpa-optc-sysclient0351-0925,discriminative,0.4,11,project05_m2,1,4.0,2,C10-AA-004|C10-AA-003,4.0,0.0,0,0,0,,,,11.0,0,1,1,,development,0,0,1.0,G3_campaign,1.0,1,G2_tactic_intent,2,0,,,,,,,,4.0,C10-AA-003,0.2222,2,2,,G3_campaign,G3_campaign,,0
C10-darpa-optc-sysclient0351-0925,discriminative,0.4,11,oracle_optimal,1,4.0,2,C10-AA-003|C10-AA-004,4.0,0.0,1,0,0,,,,11.0,0,1,1,,development,0,0,1.0,G3_campaign,1.0,1,G2_tactic_intent,2,0,,,,,,,,4.0,C10-AA-003,0.2222,2,2,,G3_campaign,G3_campaign,,0
C10-darpa-optc-sysclient0351-0925,discriminative,0.4,23,project05_m3star_h3_dual,1,4.0,2,C10-AA-003|C10-AA-004,4.0,0.0,1,0,0,m3star_graph_action_value_xgboost_v0.3,m3star_graph_action_value_xgboost_v0.3,m3star_graph_action_value_xgboost_v0.3,11.0,0,1,1,0,development,0,0,1.0,G3_campaign,1.0,1,G2_tactic_intent,2,0,1,3,1,1,,8,1,4.0,C10-AA-003,0.2222,2,2,1,G3_campaign,G3_campaign,m3star_graph_transition_xgboost_v0.1,0
C10-darpa-optc-sysclient0351-0925,discriminative,0.4,23,project05_m3star_h3_no_dominance_dual,1,4.0,2,C10-AA-003|C10-AA-004,4.0,0.0,1,0,0,m3star_graph_action_value_xgboost_v0.3,m3star_graph_action_value_xgboost_v0.3,m3star_graph_action_value_xgboost_v0.3,11.0,0,1,1,0,development,0,0,1.0,G3_campaign,1.0,1,G2_tactic_intent,2,0,1,3,0,1,,8,1,4.0,C10-AA-003,0.2222,2,2,0,G3_campaign,G3_campaign,m3star_graph_transition_xgboost_v0.1,0
C10-darpa-optc-sysclient0351-0925,discriminative,0.4,23,project05_m3star_h3_unshielded_dual,1,4.0,2,C10-AA-003|C10-AA-004,4.0,0.0,1,0,0,m3star_graph_action_value_xgboost_v0.3,m3star_graph_action_value_xgboost_v0.3,m3star_graph_action_value_xgboost_v0.3,11.0,0,1,1,0,development,0,0,1.0,G3_campaign,1.0,1,G2_tactic_intent,2,0,0,3,1,1,,8,0,4.0,C10-AA-003,0.2222,2,2,1,G3_campaign,G3_campaign,m3star_graph_transition_xgboost_v0.1,0
C10-darpa-optc-sysclient0351-0925,discriminative,0.4,23,project05_m3star_h3_transition_only,1,4.0,2,C10-AA-003|C10-AA-004,4.0,0.0,1,0,0,none,none,none,11.0,0,1,1,0,development,0,0,1.0,G3_campaign,1.0,1,G2_tactic_intent,2,0,1,3,1,0,,8,1,4.0,C10-AA-003,0.2222,2,2,1,G3_campaign,G3_campaign,m3star_graph_transition_xgboost_v0.1,0
C10-darpa-optc-sysclient0351-0925,discriminative,0.4,23,project05_m3star_h1_dual,1,4.0,2,C10-AA-003|C10-AA-004,4.0,0.0,1,0,0,m3star_graph_action_value_xgboost_v0.3,m3star_graph_action_value_xgboost_v0.3,m3star_graph_action_value_xgboost_v0.3,11.0,0,1,1,0,development,0,0,1.0,G3_campaign,1.0,1,G2_tactic_intent,2,0,1,1,1,1,,8,1,4.0,C10-AA-003,0.2222,2,2,1,G3_campaign,G3_campaign,m3star_graph_transition_xgboost_v0.1,0
C10-darpa-optc-sysclient0351-0925,discriminative,0.4,23,project05_xgboost_policy,1,4.0,2,C10-AA-003|C10-AA-004,4.0,0.0,1,0,0,,,,11.0,0,1,1,,development,0,0,1.0,G3_campaign,1.0,1,G2_tactic_intent,2,0,,,,,,,,4.0,C10-AA-003,0.2222,2,2,,G3_campaign,G3_campaign,,0
C10-darpa-optc-sysclient0351-0925,discriminative,0.4,23,project05_m3b_policy,1,4.0,2,C10-AA-003|C10-AA-004,4.0,0.0,1,0,0,,,,11.0,0,1,1,,development,0,0,1.0,G3_campaign,1.0,1,G2_tactic_intent,2,0,,,,,,,,4.0,C10-AA-003,0.2222,2,2,,G3_campaign,G3_campaign,,0
C10-darpa-optc-sysclient0351-0925,discriminative,0.4,23,project05_m2,1,4.0,2,C10-AA-004|C10-AA-003,4.0,0.0,0,0,0,,,,11.0,0,1,1,,development,0,0,1.0,G3_campaign,1.0,1,G2_tactic_intent,2,0,,,,,,,,4.0,C10-AA-003,0.2222,2,2,,G3_campaign,G3_campaign,,0
C10-darpa-optc-sysclient0351-0925,discriminative,0.4,23,oracle_optimal,1,4.0,2,C10-AA-003|C10-AA-004,4.0,0.0,1,0,0,,,,11.0,0,1,1,,development,0,0,1.0,G3_campaign,1.0,1,G2_tactic_intent,2,0,,,,,,,,4.0,C10-AA-003,0.2222,2,2,,G3_campaign,G3_campaign,,0
C10-darpa-optc-sysclient0351-0925,discriminative,0.4,37,project05_m3star_h3_dual,1,4.0,2,C10-AA-003|C10-AA-004,4.0,0.0,1,0,0,m3star_graph_action_value_xgboost_v0.3,m3star_graph_action_value_xgboost_v0.3,m3star_graph_action_value_xgboost_v0.3,11.0,0,1,1,0,development,0,0,1.0,G3_campaign,1.0,1,G2_tactic_intent,2,0,1,3,1,1,,8,1,4.0,C10-AA-003,0.2222,2,2,1,G3_campaign,G3_campaign,m3star_graph_transition_xgboost_v0.1,0
C10-darpa-optc-sysclient0351-0925,discriminative,0.4,37,project05_m3star_h3_no_dominance_dual,1,4.0,2,C10-AA-003|C10-AA-004,4.0,0.0,1,0,0,m3star_graph_action_value_xgboost_v0.3,m3star_graph_action_value_xgboost_v0.3,m3star_graph_action_value_xgboost_v0.3,11.0,0,1,1,0,development,0,0,1.0,G3_campaign,1.0,1,G2_tactic_intent,2,0,1,3,0,1,,8,1,4.0,C10-AA-003,0.2222,2,2,0,G3_campaign,G3_campaign,m3star_graph_transition_xgboost_v0.1,0
C10-darpa-optc-sysclient0351-0925,discriminative,0.4,37,project05_m3star_h3_unshielded_dual,1,4.0,2,C10-AA-003|C10-AA-004,4.0,0.0,1,0,0,m3star_graph_action_value_xgboost_v0.3,m3star_graph_action_value_xgboost_v0.3,m3star_graph_action_value_xgboost_v0.3,11.0,0,1,1,0,development,0,0,1.0,G3_campaign,1.0,1,G2_tactic_intent,2,0,0,3,1,1,,8,0,4.0,C10-AA-003,0.2222,2,2,1,G3_campaign,G3_campaign,m3star_graph_transition_xgboost_v0.1,0
C10-darpa-optc-sysclient0351-0925,discriminative,0.4,37,project05_m3star_h3_transition_only,1,4.0,2,C10-AA-003|C10-AA-004,4.0,0.0,1,0,0,none,none,none,11.0,0,1,1,0,development,0,0,1.0,G3_campaign,1.0,1,G2_tactic_intent,2,0,1,3,1,0,,8,1,4.0,C10-AA-003,0.2222,2,2,1,G3_campaign,G3_campaign,m3star_graph_transition_xgboost_v0.1,0
C10-darpa-optc-sysclient0351-0925,discriminative,0.4,37,project05_m3star_h1_dual,1,4.0,2,C10-AA-003|C10-AA-004,4.0,0.0,1,0,0,m3star_graph_action_value_xgboost_v0.3,m3star_graph_action_value_xgboost_v0.3,m3star_graph_action_value_xgboost_v0.3,11.0,0,1,1,0,development,0,0,1.0,G3_campaign,1.0,1,G2_tactic_intent,2,0,1,1,1,1,,8,1,4.0,C10-AA-003,0.2222,2,2,1,G3_campaign,G3_campaign,m3star_graph_transition_xgboost_v0.1,0
C10-darpa-optc-sysclient0351-0925,discriminative,0.4,37,project05_xgboost_policy,1,4.0,2,C10-AA-003|C10-AA-004,4.0,0.0,1,0,0,,,,11.0,0,1,1,,development,0,0,1.0,G3_campaign,1.0,1,G2_tactic_intent,2,0,,,,,,,,4.0,C10-AA-003,0.2222,2,2,,G3_campaign,G3_campaign,,0
C10-darpa-optc-sysclient0351-0925,discriminative,0.4,37,project05_m3b_policy,1,4.0,2,C10-AA-003|C10-AA-004,4.0,0.0,1,0,0,,,,11.0,0,1,1,,development,0,0,1.0,G3_campaign,1.0,1,G2_tactic_intent,2,0,,,,,,,,4.0,C10-AA-003,0.2222,2,2,,G3_campaign,G3_campaign,,0
C10-darpa-optc-sysclient0351-0925,discriminative,0.4,37,project05_m2,1,4.0,2,C10-AA-004|C10-AA-003,4.0,0.0,0,0,0,,,,11.0,0,1,1,,development,0,0,1.0,G3_campaign,1.0,1,G2_tactic_intent,2,0,,,,,,,,4.0,C10-AA-003,0.2222,2,2,,G3_campaign,G3_campaign,,0
C10-darpa-optc-sysclient0351-0925,discriminative,0.4,37,oracle_optimal,1,4.0,2,C10-AA-003|C10-AA-004,4.0,0.0,1,0,0,,,,11.0,0,1,1,,development,0,0,1.0,G3_campaign,1.0,1,G2_tactic_intent,2,0,,,,,,,,4.0,C10-AA-003,0.2222,2,2,,G3_campaign,G3_campaign,,0
C10-darpa-optc-sysclient0351-0925,discriminative,0.4,41,project05_m3star_h3_dual,1,4.0,2,C10-AA-003|C10-AA-004,4.0,0.0,1,0,0,m3star_graph_action_value_xgboost_v0.3,m3star_graph_action_value_xgboost_v0.3,m3star_graph_action_value_xgboost_v0.3,11.0,0,1,1,0,development,0,0,1.0,G3_campaign,1.0,1,G2_tactic_intent,2,0,1,3,1,1,,8,1,4.0,C10-AA-003,0.2222,2,2,1,G3_campaign,G3_campaign,m3star_graph_transition_xgboost_v0.1,0
C10-darpa-optc-sysclient0351-0925,discriminative,0.4,41,project05_m3star_h3_no_dominance_dual,1,4.0,2,C10-AA-003|C10-AA-004,4.0,0.0,1,0,0,m3star_graph_action_value_xgboost_v0.3,m3star_graph_action_value_xgboost_v0.3,m3star_graph_action_value_xgboost_v0.3,11.0,0,1,1,0,development,0,0,1.0,G3_campaign,1.0,1,G2_tactic_intent,2,0,1,3,0,1,,8,1,4.0,C10-AA-003,0.2222,2,2,0,G3_campaign,G3_campaign,m3star_graph_transition_xgboost_v0.1,0
C10-darpa-optc-sysclient0351-0925,discriminative,0.4,41,project05_m3star_h3_unshielded_dual,1,4.0,2,C10-AA-003|C10-AA-004,4.0,0.0,1,0,0,m3star_graph_action_value_xgboost_v0.3,m3star_graph_action_value_xgboost_v0.3,m3star_graph_action_value_xgboost_v0.3,11.0,0,1,1,0,development,0,0,1.0,G3_campaign,1.0,1,G2_tactic_intent,2,0,0,3,1,1,,8,0,4.0,C10-AA-003,0.2222,2,2,1,G3_campaign,G3_campaign,m3star_graph_transition_xgboost_v0.1,0
C10-darpa-optc-sysclient0351-0925,discriminative,0.4,41,project05_m3star_h3_transition_only,1,4.0,2,C10-AA-003|C10-AA-004,4.0,0.0,1,0,0,none,none,none,11.0,0,1,1,0,development,0,0,1.0,G3_campaign,1.0,1,G2_tactic_intent,2,0,1,3,1,0,,8,1,4.0,C10-AA-003,0.2222,2,2,1,G3_campaign,G3_campaign,m3star_graph_transition_xgboost_v0.1,0
C10-darpa-optc-sysclient0351-0925,discriminative,0.4,41,project05_m3star_h1_dual,1,4.0,2,C10-AA-003|C10-AA-004,4.0,0.0,1,0,0,m3star_graph_action_value_xgboost_v0.3,m3star_graph_action_value_xgboost_v0.3,m3star_graph_action_value_xgboost_v0.3,11.0,0,1,1,0,development,0,0,1.0,G3_campaign,1.0,1,G2_tactic_intent,2,0,1,1,1,1,,8,1,4.0,C10-AA-003,0.2222,2,2,1,G3_campaign,G3_campaign,m3star_graph_transition_xgboost_v0.1,0
C10-darpa-optc-sysclient0351-0925,discriminative,0.4,41,project05_xgboost_policy,1,4.0,2,C10-AA-003|C10-AA-004,4.0,0.0,1,0,0,,,,11.0,0,1,1,,development,0,0,1.0,G3_campaign,1.0,1,G2_tactic_intent,2,0,,,,,,,,4.0,C10-AA-003,0.2222,2,2,,G3_campaign,G3_campaign,,0
C10-darpa-optc-sysclient0351-0925,discriminative,0.4,41,project05_m3b_policy,1,4.0,2,C10-AA-003|C10-AA-004,4.0,0.0,1,0,0,,,,11.0,0,1,1,,development,0,0,1.0,G3_campaign,1.0,1,G2_tactic_intent,2,0,,,,,,,,4.0,C10-AA-003,0.2222,2,2,,G3_campaign,G3_campaign,,0
C10-darpa-optc-sysclient0351-0925,discriminative,0.4,41,project05_m2,1,4.0,2,C10-AA-004|C10-AA-003,4.0,0.0,0,0,0,,,,11.0,0,1,1,,development,0,0,1.0,G3_campaign,1.0,1,G2_tactic_intent,2,0,,,,,,,,4.0,C10-AA-003,0.2222,2,2,,G3_campaign,G3_campaign,,0
C10-darpa-optc-sysclient0351-0925,discriminative,0.4,41,oracle_optimal,1,4.0,2,C10-AA-003|C10-AA-004,4.0,0.0,1,0,0,,,,11.0,0,1,1,,development,0,0,1.0,G3_campaign,1.0,1,G2_tactic_intent,2,0,,,,,,,,4.0,C10-AA-003,0.2222,2,2,,G3_campaign,G3_campaign,,0
C10-darpa-optc-sysclient0351-0925,discriminative,0.4,53,project05_m3star_h3_dual,1,4.0,2,C10-AA-003|C10-AA-004,4.0,0.0,1,0,0,m3star_graph_action_value_xgboost_v0.3,m3star_graph_action_value_xgboost_v0.3,m3star_graph_action_value_xgboost_v0.3,11.0,0,1,1,0,development,0,0,1.0,G3_campaign,1.0,1,G2_tactic_intent,2,0,1,3,1,1,,8,1,4.0,C10-AA-003,0.2222,2,2,1,G3_campaign,G3_campaign,m3star_graph_transition_xgboost_v0.1,0
C10-darpa-optc-sysclient0351-0925,discriminative,0.4,53,project05_m3star_h3_no_dominance_dual,1,4.0,2,C10-AA-003|C10-AA-004,4.0,0.0,1,0,0,m3star_graph_action_value_xgboost_v0.3,m3star_graph_action_value_xgboost_v0.3,m3star_graph_action_value_xgboost_v0.3,11.0,0,1,1,0,development,0,0,1.0,G3_campaign,1.0,1,G2_tactic_intent,2,0,1,3,0,1,,8,1,4.0,C10-AA-003,0.2222,2,2,0,G3_campaign,G3_campaign,m3star_graph_transition_xgboost_v0.1,0
C10-darpa-optc-sysclient0351-0925,discriminative,0.4,53,project05_m3star_h3_unshielded_dual,1,4.0,2,C10-AA-003|C10-AA-004,4.0,0.0,1,0,0,m3star_graph_action_value_xgboost_v0.3,m3star_graph_action_value_xgboost_v0.3,m3star_graph_action_value_xgboost_v0.3,11.0,0,1,1,0,development,0,0,1.0,G3_campaign,1.0,1,G2_tactic_intent,2,0,0,3,1,1,,8,0,4.0,C10-AA-003,0.2222,2,2,1,G3_campaign,G3_campaign,m3star_graph_transition_xgboost_v0.1,0
C10-darpa-optc-sysclient0351-0925,discriminative,0.4,53,project05_m3star_h3_transition_only,1,4.0,2,C10-AA-003|C10-AA-004,4.0,0.0,1,0,0,none,none,none,11.0,0,1,1,0,development,0,0,1.0,G3_campaign,1.0,1,G2_tactic_intent,2,0,1,3,1,0,,8,1,4.0,C10-AA-003,0.2222,2,2,1,G3_campaign,G3_campaign,m3star_graph_transition_xgboost_v0.1,0
C10-darpa-optc-sysclient0351-0925,discriminative,0.4,53,project05_m3star_h1_dual,1,4.0,2,C10-AA-003|C10-AA-004,4.0,0.0,1,0,0,m3star_graph_action_value_xgboost_v0.3,m3star_graph_action_value_xgboost_v0.3,m3star_graph_action_value_xgboost_v0.3,11.0,0,1,1,0,development,0,0,1.0,G3_campaign,1.0,1,G2_tactic_intent,2,0,1,1,1,1,,8,1,4.0,C10-AA-003,0.2222,2,2,1,G3_campaign,G3_campaign,m3star_graph_transition_xgboost_v0.1,0
C10-darpa-optc-sysclient0351-0925,discriminative,0.4,53,project05_xgboost_policy,1,4.0,2,C10-AA-003|C10-AA-004,4.0,0.0,1,0,0,,,,11.0,0,1,1,,development,0,0,1.0,G3_campaign,1.0,1,G2_tactic_intent,2,0,,,,,,,,4.0,C10-AA-003,0.2222,2,2,,G3_campaign,G3_campaign,,0
C10-darpa-optc-sysclient0351-0925,discriminative,0.4,53,project05_m3b_policy,1,4.0,2,C10-AA-003|C10-AA-004,4.0,0.0,1,0,0,,,,11.0,0,1,1,,development,0,0,1.0,G3_campaign,1.0,1,G2_tactic_intent,2,0,,,,,,,,4.0,C10-AA-003,0.2222,2,2,,G3_campaign,G3_campaign,,0
C10-darpa-optc-sysclient0351-0925,discriminative,0.4,53,project05_m2,1,4.0,2,C10-AA-004|C10-AA-003,4.0,0.0,0,0,0,,,,11.0,0,1,1,,development,0,0,1.0,G3_campaign,1.0,1,G2_tactic_intent,2,0,,,,,,,,4.0,C10-AA-003,0.2222,2,2,,G3_campaign,G3_campaign,,0
C10-darpa-optc-sysclient0351-0925,discriminative,0.4,53,oracle_optimal,1,4.0,2,C10-AA-003|C10-AA-004,4.0,0.0,1,0,0,,,,11.0,0,1,1,,development,0,0,1.0,G3_campaign,1.0,1,G2_tactic_intent,2,0,,,,,,,,4.0,C10-AA-003,0.2222,2,2,,G3_campaign,G3_campaign,,0
C10-darpa-optc-sysclient0351-0925,discriminative,0.6,11,project05_m3star_h3_dual,1,7.0,3,C10-AA-003|C10-AA-004|C10-AA-002,7.0,1.0,0,0,0,m3star_graph_action_value_xgboost_v0.3,m3star_graph_action_value_xgboost_v0.3,m3star_graph_action_value_xgboost_v0.3,11.0,0,1,1,0,development,0,0,1.0,G3_campaign,1.0,1,G1_technique,3,0,1,3,1,1,,8,1,6.0,C10-AA-001,1.3472,3,3,1,G3_campaign,G3_campaign,m3star_graph_transition_xgboost_v0.1,0
C10-darpa-optc-sysclient0351-0925,discriminative,0.6,11,project05_m3star_h3_no_dominance_dual,1,7.0,3,C10-AA-003|C10-AA-004|C10-AA-002,7.0,1.0,0,0,0,m3star_graph_action_value_xgboost_v0.3,m3star_graph_action_value_xgboost_v0.3,m3star_graph_action_value_xgboost_v0.3,11.0,0,1,1,0,development,0,0,1.0,G3_campaign,1.0,1,G1_technique,3,0,1,3,0,1,,8,1,6.0,C10-AA-001,1.3472,3,3,0,G3_campaign,G3_campaign,m3star_graph_transition_xgboost_v0.1,0
C10-darpa-optc-sysclient0351-0925,discriminative,0.6,11,project05_m3star_h3_unshielded_dual,1,7.0,3,C10-AA-003|C10-AA-004|C10-AA-002,7.0,1.0,0,0,0,m3star_graph_action_value_xgboost_v0.3,m3star_graph_action_value_xgboost_v0.3,m3star_graph_action_value_xgboost_v0.3,11.0,0,1,1,0,development,0,0,1.0,G3_campaign,1.0,1,G1_technique,3,0,0,3,1,1,,8,0,6.0,C10-AA-001,1.3472,3,3,1,G3_campaign,G3_campaign,m3star_graph_transition_xgboost_v0.1,0
C10-darpa-optc-sysclient0351-0925,discriminative,0.6,11,project05_m3star_h3_transition_only,1,7.0,3,C10-AA-003|C10-AA-004|C10-AA-002,7.0,1.0,0,0,0,none,none,none,11.0,0,1,1,0,development,0,0,1.0,G3_campaign,1.0,1,G1_technique,3,0,1,3,1,0,,8,1,6.0,C10-AA-001,1.3472,3,3,1,G3_campaign,G3_campaign,m3star_graph_transition_xgboost_v0.1,0
C10-darpa-optc-sysclient0351-0925,discriminative,0.6,11,project05_m3star_h1_dual,1,7.0,3,C10-AA-004|C10-AA-002|C10-AA-003,7.0,1.0,0,0,0,m3star_graph_action_value_xgboost_v0.3,m3star_graph_action_value_xgboost_v0.3,m3star_graph_action_value_xgboost_v0.3,11.0,0,1,1,0,development,0,0,1.0,G3_campaign,1.0,1,G1_technique,3,0,1,1,1,1,,8,1,6.0,C10-AA-001,1.3472,3,3,1,G3_campaign,G3_campaign,m3star_graph_transition_xgboost_v0.1,0
C10-darpa-optc-sysclient0351-0925,discriminative,0.6,11,project05_xgboost_policy,1,10.0,4,C10-AA-004|C10-AA-005|C10-AA-002|C10-AA-003,10.0,4.0,0,0,0,,,,11.0,0,1,1,,development,0,0,1.0,G3_campaign,1.0,1,G1_technique,3,0,,,,,,,,6.0,C10-AA-001,2.0972,3,4,,G3_campaign,G3_campaign,,1
C10-darpa-optc-sysclient0351-0925,discriminative,0.6,11,project05_m3b_policy,1,10.0,4,C10-AA-003|C10-AA-004|C10-AA-005|C10-AA-002,10.0,4.0,0,0,0,,,,11.0,0,1,1,,development,0,0,1.0,G3_campaign,1.0,1,G1_technique,3,0,,,,,,,,6.0,C10-AA-001,2.0972,3,4,,G3_campaign,G3_campaign,,1
C10-darpa-optc-sysclient0351-0925,discriminative,0.6,11,project05_m2,1,6.0,3,C10-AA-001|C10-AA-004|C10-AA-003,6.0,0.0,1,0,0,,,,11.0,0,1,1,,development,0,0,1.0,G3_campaign,1.0,1,G1_technique,3,0,,,,,,,,6.0,C10-AA-001,0.2222,3,3,,G3_campaign,G3_campaign,,0
C10-darpa-optc-sysclient0351-0925,discriminative,0.6,11,oracle_optimal,1,6.0,3,C10-AA-001|C10-AA-003|C10-AA-004,6.0,0.0,1,0,0,,,,11.0,0,1,1,,development,0,0,1.0,G3_campaign,1.0,1,G1_technique,3,0,,,,,,,,6.0,C10-AA-001,0.2222,3,3,,G3_campaign,G3_campaign,,0
C10-darpa-optc-sysclient0351-0925,discriminative,0.6,23,project05_m3star_h3_dual,1,7.0,3,C10-AA-003|C10-AA-004|C10-AA-002,7.0,0.0,0,0,0,m3star_graph_action_value_xgboost_v0.3,m3star_graph_action_value_xgboost_v0.3,m3star_graph_action_value_xgboost_v0.3,11.0,0,1,1,0,development,0,0,1.0,G3_campaign,1.0,1,G1_technique,3,0,1,3,1,1,,8,1,7.0,C10-AA-002,1.3472,3,3,1,G3_campaign,G3_campaign,m3star_graph_transition_xgboost_v0.1,0
C10-darpa-optc-sysclient0351-0925,discriminative,0.6,23,project05_m3star_h3_no_dominance_dual,1,7.0,3,C10-AA-003|C10-AA-004|C10-AA-002,7.0,0.0,0,0,0,m3star_graph_action_value_xgboost_v0.3,m3star_graph_action_value_xgboost_v0.3,m3star_graph_action_value_xgboost_v0.3,11.0,0,1,1,0,development,0,0,1.0,G3_campaign,1.0,1,G1_technique,3,0,1,3,0,1,,8,1,7.0,C10-AA-002,1.3472,3,3,0,G3_campaign,G3_campaign,m3star_graph_transition_xgboost_v0.1,0
C10-darpa-optc-sysclient0351-0925,discriminative,0.6,23,project05_m3star_h3_unshielded_dual,1,7.0,3,C10-AA-003|C10-AA-004|C10-AA-002,7.0,0.0,0,0,0,m3star_graph_action_value_xgboost_v0.3,m3star_graph_action_value_xgboost_v0.3,m3star_graph_action_value_xgboost_v0.3,11.0,0,1,1,0,development,0,0,1.0,G3_campaign,1.0,1,G1_technique,3,0,0,3,1,1,,8,0,7.0,C10-AA-002,1.3472,3,3,1,G3_campaign,G3_campaign,m3star_graph_transition_xgboost_v0.1,0
C10-darpa-optc-sysclient0351-0925,discriminative,0.6,23,project05_m3star_h3_transition_only,1,7.0,3,C10-AA-003|C10-AA-004|C10-AA-002,7.0,0.0,0,0,0,none,none,none,11.0,0,1,1,0,development,0,0,1.0,G3_campaign,1.0,1,G1_technique,3,0,1,3,1,0,,8,1,7.0,C10-AA-002,1.3472,3,3,1,G3_campaign,G3_campaign,m3star_graph_transition_xgboost_v0.1,0
C10-darpa-optc-sysclient0351-0925,discriminative,0.6,23,project05_m3star_h1_dual,1,7.0,3,C10-AA-004|C10-AA-002|C10-AA-003,7.0,0.0,0,0,0,m3star_graph_action_value_xgboost_v0.3,m3star_graph_action_value_xgboost_v0.3,m3star_graph_action_value_xgboost_v0.3,11.0,0,1,1,0,development,0,0,1.0,G3_campaign,1.0,1,G1_technique,3,0,1,1,1,1,,8,1,7.0,C10-AA-002,1.3472,3,3,1,G3_campaign,G3_campaign,m3star_graph_transition_xgboost_v0.1,0
C10-darpa-optc-sysclient0351-0925,discriminative,0.6,23,project05_xgboost_policy,1,10.0,4,C10-AA-004|C10-AA-005|C10-AA-002|C10-AA-003,10.0,3.0,0,0,0,,,,11.0,0,1,1,,development,0,0,1.0,G3_campaign,1.0,1,G1_technique,3,0,,,,,,,,7.0,C10-AA-002,2.0972,3,4,,G3_campaign,G3_campaign,,1
C10-darpa-optc-sysclient0351-0925,discriminative,0.6,23,project05_m3b_policy,1,10.0,4,C10-AA-003|C10-AA-004|C10-AA-005|C10-AA-002,10.0,3.0,0,0,0,,,,11.0,0,1,1,,development,0,0,1.0,G3_campaign,1.0,1,G1_technique,3,0,,,,,,,,7.0,C10-AA-002,2.0972,3,4,,G3_campaign,G3_campaign,,1
C10-darpa-optc-sysclient0351-0925,discriminative,0.6,23,project05_m2,1,9.0,4,C10-AA-001|C10-AA-004|C10-AA-003|C10-AA-002,9.0,2.0,0,0,0,,,,11.0,0,1,1,,development,0,0,1.0,G3_campaign,1.0,1,G1_technique,3,0,,,,,,,,7.0,C10-AA-002,1.3472,3,4,,G3_campaign,G3_campaign,,1
C10-darpa-optc-sysclient0351-0925,discriminative,0.6,23,oracle_optimal,1,7.0,3,C10-AA-002|C10-AA-003|C10-AA-004,7.0,0.0,1,0,0,,,,11.0,0,1,1,,development,0,0,1.0,G3_campaign,1.0,1,G1_technique,3,0,,,,,,,,7.0,C10-AA-002,0.95,3,3,,G3_campaign,G3_campaign,,0
C10-darpa-optc-sysclient0351-0925,discriminative,0.6,37,project05_m3star_h3_dual,1,7.0,3,C10-AA-003|C10-AA-004|C10-AA-002,7.0,1.0,0,0,0,m3star_graph_action_value_xgboost_v0.3,m3star_graph_action_value_xgboost_v0.3,m3star_graph_action_value_xgboost_v0.3,11.0,0,1,1,0,development,0,0,1.0,G3_campaign,1.0,1,G1_technique,3,0,1,3,1,1,,8,1,6.0,C10-AA-001,1.3472,3,3,1,G3_campaign,G3_campaign,m3star_graph_transition_xgboost_v0.1,0
C10-darpa-optc-sysclient0351-0925,discriminative,0.6,37,project05_m3star_h3_no_dominance_dual,1,7.0,3,C10-AA-003|C10-AA-004|C10-AA-002,7.0,1.0,0,0,0,m3star_graph_action_value_xgboost_v0.3,m3star_graph_action_value_xgboost_v0.3,m3star_graph_action_value_xgboost_v0.3,11.0,0,1,1,0,development,0,0,1.0,G3_campaign,1.0,1,G1_technique,3,0,1,3,0,1,,8,1,6.0,C10-AA-001,1.3472,3,3,0,G3_campaign,G3_campaign,m3star_graph_transition_xgboost_v0.1,0
C10-darpa-optc-sysclient0351-0925,discriminative,0.6,37,project05_m3star_h3_unshielded_dual,1,7.0,3,C10-AA-003|C10-AA-004|C10-AA-002,7.0,1.0,0,0,0,m3star_graph_action_value_xgboost_v0.3,m3star_graph_action_value_xgboost_v0.3,m3star_graph_action_value_xgboost_v0.3,11.0,0,1,1,0,development,0,0,1.0,G3_campaign,1.0,1,G1_technique,3,0,0,3,1,1,,8,0,6.0,C10-AA-001,1.3472,3,3,1,G3_campaign,G3_campaign,m3star_graph_transition_xgboost_v0.1,0
C10-darpa-optc-sysclient0351-0925,discriminative,0.6,37,project05_m3star_h3_transition_only,1,7.0,3,C10-AA-003|C10-AA-004|C10-AA-002,7.0,1.0,0,0,0,none,none,none,11.0,0,1,1,0,development,0,0,1.0,G3_campaign,1.0,1,G1_technique,3,0,1,3,1,0,,8,1,6.0,C10-AA-001,1.3472,3,3,1,G3_campaign,G3_campaign,m3star_graph_transition_xgboost_v0.1,0
C10-darpa-optc-sysclient0351-0925,discriminative,0.6,37,project05_m3star_h1_dual,1,7.0,3,C10-AA-004|C10-AA-002|C10-AA-003,7.0,1.0,0,0,0,m3star_graph_action_value_xgboost_v0.3,m3star_graph_action_value_xgboost_v0.3,m3star_graph_action_value_xgboost_v0.3,11.0,0,1,1,0,development,0,0,1.0,G3_campaign,1.0,1,G1_technique,3,0,1,1,1,1,,8,1,6.0,C10-AA-001,1.3472,3,3,1,G3_campaign,G3_campaign,m3star_graph_transition_xgboost_v0.1,0
C10-darpa-optc-sysclient0351-0925,discriminative,0.6,37,project05_xgboost_policy,1,10.0,4,C10-AA-004|C10-AA-005|C10-AA-002|C10-AA-003,10.0,4.0,0,0,0,,,,11.0,0,1,1,,development,0,0,1.0,G3_campaign,1.0,1,G1_technique,3,0,,,,,,,,6.0,C10-AA-001,2.0972,3,4,,G3_campaign,G3_campaign,,1
C10-darpa-optc-sysclient0351-0925,discriminative,0.6,37,project05_m3b_policy,1,10.0,4,C10-AA-003|C10-AA-004|C10-AA-005|C10-AA-002,10.0,4.0,0,0,0,,,,11.0,0,1,1,,development,0,0,1.0,G3_campaign,1.0,1,G1_technique,3,0,,,,,,,,6.0,C10-AA-001,2.0972,3,4,,G3_campaign,G3_campaign,,1
C10-darpa-optc-sysclient0351-0925,discriminative,0.6,37,project05_m2,1,6.0,3,C10-AA-001|C10-AA-004|C10-AA-003,6.0,0.0,1,0,0,,,,11.0,0,1,1,,development,0,0,1.0,G3_campaign,1.0,1,G1_technique,3,0,,,,,,,,6.0,C10-AA-001,0.2222,3,3,,G3_campaign,G3_campaign,,0
C10-darpa-optc-sysclient0351-0925,discriminative,0.6,37,oracle_optimal,1,6.0,3,C10-AA-001|C10-AA-003|C10-AA-004,6.0,0.0,1,0,0,,,,11.0,0,1,1,,development,0,0,1.0,G3_campaign,1.0,1,G1_technique,3,0,,,,,,,,6.0,C10-AA-001,0.2222,3,3,,G3_campaign,G3_campaign,,0
C10-darpa-optc-sysclient0351-0925,discriminative,0.6,41,project05_m3star_h3_dual,1,7.0,3,C10-AA-003|C10-AA-004|C10-AA-002,7.0,0.0,0,0,0,m3star_graph_action_value_xgboost_v0.3,m3star_graph_action_value_xgboost_v0.3,m3star_graph_action_value_xgboost_v0.3,11.0,0,1,1,0,development,0,0,1.0,G3_campaign,1.0,1,G1_technique,3,0,1,3,1,1,,8,1,7.0,C10-AA-002,1.3472,3,3,1,G3_campaign,G3_campaign,m3star_graph_transition_xgboost_v0.1,0
C10-darpa-optc-sysclient0351-0925,discriminative,0.6,41,project05_m3star_h3_no_dominance_dual,1,7.0,3,C10-AA-003|C10-AA-004|C10-AA-002,7.0,0.0,0,0,0,m3star_graph_action_value_xgboost_v0.3,m3star_graph_action_value_xgboost_v0.3,m3star_graph_action_value_xgboost_v0.3,11.0,0,1,1,0,development,0,0,1.0,G3_campaign,1.0,1,G1_technique,3,0,1,3,0,1,,8,1,7.0,C10-AA-002,1.3472,3,3,0,G3_campaign,G3_campaign,m3star_graph_transition_xgboost_v0.1,0
C10-darpa-optc-sysclient0351-0925,discriminative,0.6,41,project05_m3star_h3_unshielded_dual,1,7.0,3,C10-AA-003|C10-AA-004|C10-AA-002,7.0,0.0,0,0,0,m3star_graph_action_value_xgboost_v0.3,m3star_graph_action_value_xgboost_v0.3,m3star_graph_action_value_xgboost_v0.3,11.0,0,1,1,0,development,0,0,1.0,G3_campaign,1.0,1,G1_technique,3,0,0,3,1,1,,8,0,7.0,C10-AA-002,1.3472,3,3,1,G3_campaign,G3_campaign,m3star_graph_transition_xgboost_v0.1,0
C10-darpa-optc-sysclient0351-0925,discriminative,0.6,41,project05_m3star_h3_transition_only,1,7.0,3,C10-AA-003|C10-AA-004|C10-AA-002,7.0,0.0,0,0,0,none,none,none,11.0,0,1,1,0,development,0,0,1.0,G3_campaign,1.0,1,G1_technique,3,0,1,3,1,0,,8,1,7.0,C10-AA-002,1.3472,3,3,1,G3_campaign,G3_campaign,m3star_graph_transition_xgboost_v0.1,0
C10-darpa-optc-sysclient0351-0925,discriminative,0.6,41,project05_m3star_h1_dual,1,7.0,3,C10-AA-004|C10-AA-002|C10-AA-003,7.0,0.0,0,0,0,m3star_graph_action_value_xgboost_v0.3,m3star_graph_action_value_xgboost_v0.3,m3star_graph_action_value_xgboost_v0.3,11.0,0,1,1,0,development,0,0,1.0,G3_campaign,1.0,1,G1_technique,3,0,1,1,1,1,,8,1,7.0,C10-AA-002,1.3472,3,3,1,G3_campaign,G3_campaign,m3star_graph_transition_xgboost_v0.1,0
C10-darpa-optc-sysclient0351-0925,discriminative,0.6,41,project05_xgboost_policy,1,10.0,4,C10-AA-004|C10-AA-005|C10-AA-002|C10-AA-003,10.0,3.0,0,0,0,,,,11.0,0,1,1,,development,0,0,1.0,G3_campaign,1.0,1,G1_technique,3,0,,,,,,,,7.0,C10-AA-002,2.0972,3,4,,G3_campaign,G3_campaign,,1
C10-darpa-optc-sysclient0351-0925,discriminative,0.6,41,project05_m3b_policy,1,10.0,4,C10-AA-003|C10-AA-004|C10-AA-005|C10-AA-002,10.0,3.0,0,0,0,,,,11.0,0,1,1,,development,0,0,1.0,G3_campaign,1.0,1,G1_technique,3,0,,,,,,,,7.0,C10-AA-002,2.0972,3,4,,G3_campaign,G3_campaign,,1
C10-darpa-optc-sysclient0351-0925,discriminative,0.6,41,project05_m2,1,9.0,4,C10-AA-001|C10-AA-004|C10-AA-003|C10-AA-002,9.0,2.0,0,0,0,,,,11.0,0,1,1,,development,0,0,1.0,G3_campaign,1.0,1,G1_technique,3,0,,,,,,,,7.0,C10-AA-002,1.3472,3,4,,G3_campaign,G3_campaign,,1
C10-darpa-optc-sysclient0351-0925,discriminative,0.6,41,oracle_optimal,1,7.0,3,C10-AA-002|C10-AA-003|C10-AA-004,7.0,0.0,1,0,0,,,,11.0,0,1,1,,development,0,0,1.0,G3_campaign,1.0,1,G1_technique,3,0,,,,,,,,7.0,C10-AA-002,0.95,3,3,,G3_campaign,G3_campaign,,0
C10-darpa-optc-sysclient0351-0925,discriminative,0.6,53,project05_m3star_h3_dual,1,7.0,3,C10-AA-003|C10-AA-004|C10-AA-002,7.0,0.0,0,0,0,m3star_graph_action_value_xgboost_v0.3,m3star_graph_action_value_xgboost_v0.3,m3star_graph_action_value_xgboost_v0.3,11.0,0,1,1,0,development,0,0,1.0,G3_campaign,1.0,1,G1_technique,3,0,1,3,1,1,,8,1,7.0,C10-AA-002,1.3472,3,3,1,G3_campaign,G3_campaign,m3star_graph_transition_xgboost_v0.1,0
C10-darpa-optc-sysclient0351-0925,discriminative,0.6,53,project05_m3star_h3_no_dominance_dual,1,7.0,3,C10-AA-003|C10-AA-004|C10-AA-002,7.0,0.0,0,0,0,m3star_graph_action_value_xgboost_v0.3,m3star_graph_action_value_xgboost_v0.3,m3star_graph_action_value_xgboost_v0.3,11.0,0,1,1,0,development,0,0,1.0,G3_campaign,1.0,1,G1_technique,3,0,1,3,0,1,,8,1,7.0,C10-AA-002,1.3472,3,3,0,G3_campaign,G3_campaign,m3star_graph_transition_xgboost_v0.1,0
C10-darpa-optc-sysclient0351-0925,discriminative,0.6,53,project05_m3star_h3_unshielded_dual,1,7.0,3,C10-AA-003|C10-AA-004|C10-AA-002,7.0,0.0,0,0,0,m3star_graph_action_value_xgboost_v0.3,m3star_graph_action_value_xgboost_v0.3,m3star_graph_action_value_xgboost_v0.3,11.0,0,1,1,0,development,0,0,1.0,G3_campaign,1.0,1,G1_technique,3,0,0,3,1,1,,8,0,7.0,C10-AA-002,1.3472,3,3,1,G3_campaign,G3_campaign,m3star_graph_transition_xgboost_v0.1,0
C10-darpa-optc-sysclient0351-0925,discriminative,0.6,53,project05_m3star_h3_transition_only,1,7.0,3,C10-AA-003|C10-AA-004|C10-AA-002,7.0,0.0,0,0,0,none,none,none,11.0,0,1,1,0,development,0,0,1.0,G3_campaign,1.0,1,G1_technique,3,0,1,3,1,0,,8,1,7.0,C10-AA-002,1.3472,3,3,1,G3_campaign,G3_campaign,m3star_graph_transition_xgboost_v0.1,0
C10-darpa-optc-sysclient0351-0925,discriminative,0.6,53,project05_m3star_h1_dual,1,7.0,3,C10-AA-004|C10-AA-002|C10-AA-003,7.0,0.0,0,0,0,m3star_graph_action_value_xgboost_v0.3,m3star_graph_action_value_xgboost_v0.3,m3star_graph_action_value_xgboost_v0.3,11.0,0,1,1,0,development,0,0,1.0,G3_campaign,1.0,1,G1_technique,3,0,1,1,1,1,,8,1,7.0,C10-AA-002,1.3472,3,3,1,G3_campaign,G3_campaign,m3star_graph_transition_xgboost_v0.1,0
C10-darpa-optc-sysclient0351-0925,discriminative,0.6,53,project05_xgboost_policy,1,10.0,4,C10-AA-004|C10-AA-005|C10-AA-002|C10-AA-003,10.0,3.0,0,0,0,,,,11.0,0,1,1,,development,0,0,1.0,G3_campaign,1.0,1,G1_technique,3,0,,,,,,,,7.0,C10-AA-002,2.0972,3,4,,G3_campaign,G3_campaign,,1
C10-darpa-optc-sysclient0351-0925,discriminative,0.6,53,project05_m3b_policy,1,10.0,4,C10-AA-003|C10-AA-004|C10-AA-005|C10-AA-002,10.0,3.0,0,0,0,,,,11.0,0,1,1,,development,0,0,1.0,G3_campaign,1.0,1,G1_technique,3,0,,,,,,,,7.0,C10-AA-002,2.0972,3,4,,G3_campaign,G3_campaign,,1
C10-darpa-optc-sysclient0351-0925,discriminative,0.6,53,project05_m2,1,9.0,4,C10-AA-001|C10-AA-004|C10-AA-003|C10-AA-002,9.0,2.0,0,0,0,,,,11.0,0,1,1,,development,0,0,1.0,G3_campaign,1.0,1,G1_technique,3,0,,,,,,,,7.0,C10-AA-002,1.3472,3,4,,G3_campaign,G3_campaign,,1
C10-darpa-optc-sysclient0351-0925,discriminative,0.6,53,oracle_optimal,1,7.0,3,C10-AA-002|C10-AA-003|C10-AA-004,7.0,0.0,1,0,0,,,,11.0,0,1,1,,development,0,0,1.0,G3_campaign,1.0,1,G1_technique,3,0,,,,,,,,7.0,C10-AA-002,0.95,3,3,,G3_campaign,G3_campaign,,0
C11-otrf-apt29-day1-scranton-nashua,random,0.2,11,project05_m3star_h3_dual,1,0.0,0,,0.0,0.0,0,0,0,m3star_graph_action_value_xgboost_v0.3,m3star_graph_action_value_xgboost_v0.3,m3star_graph_action_value_xgboost_v0.3,10.0,0,1,1,0,development,0,2,0.5,G2_tactic_intent,0.6,0,G2_tactic_intent,2,0,1,3,1,1,,8,1,0.0,,0.0,0,0,1,G2_tactic_intent,G2_tactic_intent,m3star_graph_transition_xgboost_v0.1,0
C11-otrf-apt29-day1-scranton-nashua,random,0.2,11,project05_m3star_h3_no_dominance_dual,1,0.0,0,,0.0,0.0,0,0,0,m3star_graph_action_value_xgboost_v0.3,m3star_graph_action_value_xgboost_v0.3,m3star_graph_action_value_xgboost_v0.3,10.0,0,1,1,0,development,0,2,0.5,G2_tactic_intent,0.6,0,G2_tactic_intent,2,0,1,3,0,1,,8,1,0.0,,0.0,0,0,0,G2_tactic_intent,G2_tactic_intent,m3star_graph_transition_xgboost_v0.1,0
C11-otrf-apt29-day1-scranton-nashua,random,0.2,11,project05_m3star_h3_unshielded_dual,1,0.0,0,,0.0,0.0,0,0,0,m3star_graph_action_value_xgboost_v0.3,m3star_graph_action_value_xgboost_v0.3,m3star_graph_action_value_xgboost_v0.3,10.0,0,1,1,0,development,0,2,0.5,G2_tactic_intent,0.6,0,G2_tactic_intent,2,0,0,3,1,1,,8,0,0.0,,0.0,0,0,1,G2_tactic_intent,G2_tactic_intent,m3star_graph_transition_xgboost_v0.1,0
C11-otrf-apt29-day1-scranton-nashua,random,0.2,11,project05_m3star_h3_transition_only,1,0.0,0,,0.0,0.0,0,0,0,none,none,none,10.0,0,1,1,0,development,0,2,0.5,G2_tactic_intent,0.6,0,G2_tactic_intent,2,0,1,3,1,0,,8,1,0.0,,0.0,0,0,1,G2_tactic_intent,G2_tactic_intent,m3star_graph_transition_xgboost_v0.1,0
C11-otrf-apt29-day1-scranton-nashua,random,0.2,11,project05_m3star_h1_dual,1,0.0,0,,0.0,0.0,0,0,0,m3star_graph_action_value_xgboost_v0.3,m3star_graph_action_value_xgboost_v0.3,m3star_graph_action_value_xgboost_v0.3,10.0,0,1,1,0,development,0,2,0.5,G2_tactic_intent,0.6,0,G2_tactic_intent,2,0,1,1,1,1,,8,1,0.0,,0.0,0,0,1,G2_tactic_intent,G2_tactic_intent,m3star_graph_transition_xgboost_v0.1,0
C11-otrf-apt29-day1-scranton-nashua,random,0.2,11,project05_xgboost_policy,1,0.0,0,,0.0,0.0,0,0,0,,,,10.0,0,1,1,,development,0,2,0.5,G2_tactic_intent,0.6,0,G2_tactic_intent,2,0,,,,,,,,0.0,,0.0,0,0,,G2_tactic_intent,G2_tactic_intent,,0
C11-otrf-apt29-day1-scranton-nashua,random,0.2,11,project05_m3b_policy,1,0.0,0,,0.0,0.0,0,0,0,,,,10.0,0,1,1,,development,0,2,0.5,G2_tactic_intent,0.6,0,G2_tactic_intent,2,0,,,,,,,,0.0,,0.0,0,0,,G2_tactic_intent,G2_tactic_intent,,0
C11-otrf-apt29-day1-scranton-nashua,random,0.2,11,project05_m2,1,0.0,0,,0.0,0.0,0,0,0,,,,10.0,0,1,1,,development,0,2,0.5,G2_tactic_intent,0.6,0,G2_tactic_intent,2,0,,,,,,,,0.0,,0.0,0,0,,G2_tactic_intent,G2_tactic_intent,,0
C11-otrf-apt29-day1-scranton-nashua,random,0.2,11,oracle_optimal,1,0.0,0,,0.0,0.0,0,0,0,,,,10.0,0,1,1,,development,0,2,0.5,G2_tactic_intent,0.6,0,G2_tactic_intent,2,0,,,,,,,,0.0,,0.0,0,0,,G2_tactic_intent,G2_tactic_intent,,0
C11-otrf-apt29-day1-scranton-nashua,random,0.2,23,project05_m3star_h3_dual,1,2.0,1,C11-AA-001,2.0,0.0,1,0,0,m3star_graph_action_value_xgboost_v0.3,m3star_graph_action_value_xgboost_v0.3,m3star_graph_action_value_xgboost_v0.3,10.0,0,1,1,0,development,0,2,0.5,G2_tactic_intent,0.6,1,G1_technique,2,0,1,3,1,1,,8,1,2.0,C11-AA-001,0.0,1,1,1,G2_tactic_intent,G2_tactic_intent,m3star_graph_transition_xgboost_v0.1,0
C11-otrf-apt29-day1-scranton-nashua,random,0.2,23,project05_m3star_h3_no_dominance_dual,1,2.0,1,C11-AA-001,2.0,0.0,1,0,0,m3star_graph_action_value_xgboost_v0.3,m3star_graph_action_value_xgboost_v0.3,m3star_graph_action_value_xgboost_v0.3,10.0,0,1,1,0,development,0,2,0.5,G2_tactic_intent,0.6,1,G1_technique,2,0,1,3,0,1,,8,1,2.0,C11-AA-001,0.0,1,1,0,G2_tactic_intent,G2_tactic_intent,m3star_graph_transition_xgboost_v0.1,0
C11-otrf-apt29-day1-scranton-nashua,random,0.2,23,project05_m3star_h3_unshielded_dual,1,2.0,1,C11-AA-001,2.0,0.0,1,0,0,m3star_graph_action_value_xgboost_v0.3,m3star_graph_action_value_xgboost_v0.3,m3star_graph_action_value_xgboost_v0.3,10.0,0,1,1,0,development,0,2,0.5,G2_tactic_intent,0.6,1,G1_technique,2,0,0,3,1,1,,8,0,2.0,C11-AA-001,0.0,1,1,1,G2_tactic_intent,G2_tactic_intent,m3star_graph_transition_xgboost_v0.1,0
C11-otrf-apt29-day1-scranton-nashua,random,0.2,23,project05_m3star_h3_transition_only,1,2.0,1,C11-AA-001,2.0,0.0,1,0,0,none,none,none,10.0,0,1,1,0,development,0,2,0.5,G2_tactic_intent,0.6,1,G1_technique,2,0,1,3,1,0,,8,1,2.0,C11-AA-001,0.0,1,1,1,G2_tactic_intent,G2_tactic_intent,m3star_graph_transition_xgboost_v0.1,0
C11-otrf-apt29-day1-scranton-nashua,random,0.2,23,project05_m3star_h1_dual,1,2.0,1,C11-AA-001,2.0,0.0,1,0,0,m3star_graph_action_value_xgboost_v0.3,m3star_graph_action_value_xgboost_v0.3,m3star_graph_action_value_xgboost_v0.3,10.0,0,1,1,0,development,0,2,0.5,G2_tactic_intent,0.6,1,G1_technique,2,0,1,1,1,1,,8,1,2.0,C11-AA-001,0.0,1,1,1,G2_tactic_intent,G2_tactic_intent,m3star_graph_transition_xgboost_v0.1,0
C11-otrf-apt29-day1-scranton-nashua,random,0.2,23,project05_xgboost_policy,1,2.0,1,C11-AA-001,2.0,0.0,1,0,0,,,,10.0,0,1,1,,development,0,2,0.5,G2_tactic_intent,0.6,1,G1_technique,2,0,,,,,,,,2.0,C11-AA-001,0.0,1,1,,G2_tactic_intent,G2_tactic_intent,,0
C11-otrf-apt29-day1-scranton-nashua,random,0.2,23,project05_m3b_policy,1,2.0,1,C11-AA-001,2.0,0.0,1,0,0,,,,10.0,0,1,1,,development,0,2,0.5,G2_tactic_intent,0.6,1,G1_technique,2,0,,,,,,,,2.0,C11-AA-001,0.0,1,1,,G2_tactic_intent,G2_tactic_intent,,0
C11-otrf-apt29-day1-scranton-nashua,random,0.2,23,project05_m2,1,5.0,2,C11-AA-005|C11-AA-004,5.0,3.0,0,0,0,,,,10.0,0,1,1,,development,0,2,0.25,G2_tactic_intent,0.6,1,G1_technique,2,0,,,,,,,,2.0,C11-AA-001,1.5,1,2,,G2_tactic_intent,G2_tactic_intent,,1
C11-otrf-apt29-day1-scranton-nashua,random,0.2,23,oracle_optimal,1,2.0,1,C11-AA-001,2.0,0.0,1,0,0,,,,10.0,0,1,1,,development,0,2,0.5,G2_tactic_intent,0.6,1,G1_technique,2,0,,,,,,,,2.0,C11-AA-001,0.0,1,1,,G2_tactic_intent,G2_tactic_intent,,0
C11-otrf-apt29-day1-scranton-nashua,random,0.2,37,project05_m3star_h3_dual,1,2.0,1,C11-AA-001,2.0,0.0,1,0,0,m3star_graph_action_value_xgboost_v0.3,m3star_graph_action_value_xgboost_v0.3,m3star_graph_action_value_xgboost_v0.3,10.0,0,1,1,0,development,0,2,0.5,G2_tactic_intent,0.6,1,G1_technique,2,0,1,3,1,1,,8,1,2.0,C11-AA-001,0.0,1,1,1,G2_tactic_intent,G2_tactic_intent,m3star_graph_transition_xgboost_v0.1,0
C11-otrf-apt29-day1-scranton-nashua,random,0.2,37,project05_m3star_h3_no_dominance_dual,1,2.0,1,C11-AA-001,2.0,0.0,1,0,0,m3star_graph_action_value_xgboost_v0.3,m3star_graph_action_value_xgboost_v0.3,m3star_graph_action_value_xgboost_v0.3,10.0,0,1,1,0,development,0,2,0.5,G2_tactic_intent,0.6,1,G1_technique,2,0,1,3,0,1,,8,1,2.0,C11-AA-001,0.0,1,1,0,G2_tactic_intent,G2_tactic_intent,m3star_graph_transition_xgboost_v0.1,0
C11-otrf-apt29-day1-scranton-nashua,random,0.2,37,project05_m3star_h3_unshielded_dual,1,2.0,1,C11-AA-001,2.0,0.0,1,0,0,m3star_graph_action_value_xgboost_v0.3,m3star_graph_action_value_xgboost_v0.3,m3star_graph_action_value_xgboost_v0.3,10.0,0,1,1,0,development,0,2,0.5,G2_tactic_intent,0.6,1,G1_technique,2,0,0,3,1,1,,8,0,2.0,C11-AA-001,0.0,1,1,1,G2_tactic_intent,G2_tactic_intent,m3star_graph_transition_xgboost_v0.1,0
C11-otrf-apt29-day1-scranton-nashua,random,0.2,37,project05_m3star_h3_transition_only,1,2.0,1,C11-AA-001,2.0,0.0,1,0,0,none,none,none,10.0,0,1,1,0,development,0,2,0.5,G2_tactic_intent,0.6,1,G1_technique,2,0,1,3,1,0,,8,1,2.0,C11-AA-001,0.0,1,1,1,G2_tactic_intent,G2_tactic_intent,m3star_graph_transition_xgboost_v0.1,0
C11-otrf-apt29-day1-scranton-nashua,random,0.2,37,project05_m3star_h1_dual,1,2.0,1,C11-AA-001,2.0,0.0,1,0,0,m3star_graph_action_value_xgboost_v0.3,m3star_graph_action_value_xgboost_v0.3,m3star_graph_action_value_xgboost_v0.3,10.0,0,1,1,0,development,0,2,0.5,G2_tactic_intent,0.6,1,G1_technique,2,0,1,1,1,1,,8,1,2.0,C11-AA-001,0.0,1,1,1,G2_tactic_intent,G2_tactic_intent,m3star_graph_transition_xgboost_v0.1,0
C11-otrf-apt29-day1-scranton-nashua,random,0.2,37,project05_xgboost_policy,1,2.0,1,C11-AA-001,2.0,0.0,1,0,0,,,,10.0,0,1,1,,development,0,2,0.5,G2_tactic_intent,0.6,1,G1_technique,2,0,,,,,,,,2.0,C11-AA-001,0.0,1,1,,G2_tactic_intent,G2_tactic_intent,,0
C11-otrf-apt29-day1-scranton-nashua,random,0.2,37,project05_m3b_policy,1,2.0,1,C11-AA-001,2.0,0.0,1,0,0,,,,10.0,0,1,1,,development,0,2,0.5,G2_tactic_intent,0.6,1,G1_technique,2,0,,,,,,,,2.0,C11-AA-001,0.0,1,1,,G2_tactic_intent,G2_tactic_intent,,0
C11-otrf-apt29-day1-scranton-nashua,random,0.2,37,project05_m2,1,2.0,1,C11-AA-001,2.0,0.0,1,0,0,,,,10.0,0,1,1,,development,0,2,0.5,G2_tactic_intent,0.6,1,G1_technique,2,0,,,,,,,,2.0,C11-AA-001,0.0,1,1,,G2_tactic_intent,G2_tactic_intent,,0
C11-otrf-apt29-day1-scranton-nashua,random,0.2,37,oracle_optimal,1,2.0,1,C11-AA-001,2.0,0.0,1,0,0,,,,10.0,0,1,1,,development,0,2,0.5,G2_tactic_intent,0.6,1,G1_technique,2,0,,,,,,,,2.0,C11-AA-001,0.0,1,1,,G2_tactic_intent,G2_tactic_intent,,0
C11-otrf-apt29-day1-scranton-nashua,random,0.2,41,project05_m3star_h3_dual,1,2.0,1,C11-AA-001,2.0,0.0,1,0,0,m3star_graph_action_value_xgboost_v0.3,m3star_graph_action_value_xgboost_v0.3,m3star_graph_action_value_xgboost_v0.3,10.0,0,1,1,0,development,0,2,0.5,G2_tactic_intent,0.6,1,G1_technique,2,0,1,3,1,1,,8,1,2.0,C11-AA-001,0.0,1,1,1,G2_tactic_intent,G2_tactic_intent,m3star_graph_transition_xgboost_v0.1,0
C11-otrf-apt29-day1-scranton-nashua,random,0.2,41,project05_m3star_h3_no_dominance_dual,1,2.0,1,C11-AA-001,2.0,0.0,1,0,0,m3star_graph_action_value_xgboost_v0.3,m3star_graph_action_value_xgboost_v0.3,m3star_graph_action_value_xgboost_v0.3,10.0,0,1,1,0,development,0,2,0.5,G2_tactic_intent,0.6,1,G1_technique,2,0,1,3,0,1,,8,1,2.0,C11-AA-001,0.0,1,1,0,G2_tactic_intent,G2_tactic_intent,m3star_graph_transition_xgboost_v0.1,0
C11-otrf-apt29-day1-scranton-nashua,random,0.2,41,project05_m3star_h3_unshielded_dual,1,2.0,1,C11-AA-001,2.0,0.0,1,0,0,m3star_graph_action_value_xgboost_v0.3,m3star_graph_action_value_xgboost_v0.3,m3star_graph_action_value_xgboost_v0.3,10.0,0,1,1,0,development,0,2,0.5,G2_tactic_intent,0.6,1,G1_technique,2,0,0,3,1,1,,8,0,2.0,C11-AA-001,0.0,1,1,1,G2_tactic_intent,G2_tactic_intent,m3star_graph_transition_xgboost_v0.1,0
C11-otrf-apt29-day1-scranton-nashua,random,0.2,41,project05_m3star_h3_transition_only,1,2.0,1,C11-AA-001,2.0,0.0,1,0,0,none,none,none,10.0,0,1,1,0,development,0,2,0.5,G2_tactic_intent,0.6,1,G1_technique,2,0,1,3,1,0,,8,1,2.0,C11-AA-001,0.0,1,1,1,G2_tactic_intent,G2_tactic_intent,m3star_graph_transition_xgboost_v0.1,0
C11-otrf-apt29-day1-scranton-nashua,random,0.2,41,project05_m3star_h1_dual,1,2.0,1,C11-AA-001,2.0,0.0,1,0,0,m3star_graph_action_value_xgboost_v0.3,m3star_graph_action_value_xgboost_v0.3,m3star_graph_action_value_xgboost_v0.3,10.0,0,1,1,0,development,0,2,0.5,G2_tactic_intent,0.6,1,G1_technique,2,0,1,1,1,1,,8,1,2.0,C11-AA-001,0.0,1,1,1,G2_tactic_intent,G2_tactic_intent,m3star_graph_transition_xgboost_v0.1,0
C11-otrf-apt29-day1-scranton-nashua,random,0.2,41,project05_xgboost_policy,1,2.0,1,C11-AA-001,2.0,0.0,1,0,0,,,,10.0,0,1,1,,development,0,2,0.5,G2_tactic_intent,0.6,1,G1_technique,2,0,,,,,,,,2.0,C11-AA-001,0.0,1,1,,G2_tactic_intent,G2_tactic_intent,,0
C11-otrf-apt29-day1-scranton-nashua,random,0.2,41,project05_m3b_policy,1,2.0,1,C11-AA-001,2.0,0.0,1,0,0,,,,10.0,0,1,1,,development,0,2,0.5,G2_tactic_intent,0.6,1,G1_technique,2,0,,,,,,,,2.0,C11-AA-001,0.0,1,1,,G2_tactic_intent,G2_tactic_intent,,0
C11-otrf-apt29-day1-scranton-nashua,random,0.2,41,project05_m2,1,4.0,2,C11-AA-003|C11-AA-001,4.0,2.0,0,0,0,,,,10.0,0,1,1,,development,0,2,0.5,G2_tactic_intent,0.6,1,G1_technique,2,0,,,,,,,,2.0,C11-AA-001,0.7273,1,2,,G2_tactic_intent,G2_tactic_intent,,1
C11-otrf-apt29-day1-scranton-nashua,random,0.2,41,oracle_optimal,1,2.0,1,C11-AA-001,2.0,0.0,1,0,0,,,,10.0,0,1,1,,development,0,2,0.5,G2_tactic_intent,0.6,1,G1_technique,2,0,,,,,,,,2.0,C11-AA-001,0.0,1,1,,G2_tactic_intent,G2_tactic_intent,,0
C11-otrf-apt29-day1-scranton-nashua,random,0.2,53,project05_m3star_h3_dual,1,4.0,2,C11-AA-001|C11-AA-003,4.0,2.0,0,0,0,m3star_graph_action_value_xgboost_v0.3,m3star_graph_action_value_xgboost_v0.3,m3star_graph_action_value_xgboost_v0.3,10.0,0,1,1,0,development,0,2,0.5,G2_tactic_intent,0.6,1,G1_technique,2,0,1,3,1,1,,8,1,2.0,C11-AA-003,0.7273,1,2,1,G2_tactic_intent,G2_tactic_intent,m3star_graph_transition_xgboost_v0.1,1
C11-otrf-apt29-day1-scranton-nashua,random,0.2,53,project05_m3star_h3_no_dominance_dual,1,4.0,2,C11-AA-001|C11-AA-003,4.0,2.0,0,0,0,m3star_graph_action_value_xgboost_v0.3,m3star_graph_action_value_xgboost_v0.3,m3star_graph_action_value_xgboost_v0.3,10.0,0,1,1,0,development,0,2,0.5,G2_tactic_intent,0.6,1,G1_technique,2,0,1,3,0,1,,8,1,2.0,C11-AA-003,0.7273,1,2,0,G2_tactic_intent,G2_tactic_intent,m3star_graph_transition_xgboost_v0.1,1
C11-otrf-apt29-day1-scranton-nashua,random,0.2,53,project05_m3star_h3_unshielded_dual,1,4.0,2,C11-AA-001|C11-AA-003,4.0,2.0,0,0,0,m3star_graph_action_value_xgboost_v0.3,m3star_graph_action_value_xgboost_v0.3,m3star_graph_action_value_xgboost_v0.3,10.0,0,1,1,0,development,0,2,0.5,G2_tactic_intent,0.6,1,G1_technique,2,0,0,3,1,1,,8,0,2.0,C11-AA-003,0.7273,1,2,1,G2_tactic_intent,G2_tactic_intent,m3star_graph_transition_xgboost_v0.1,1
C11-otrf-apt29-day1-scranton-nashua,random,0.2,53,project05_m3star_h3_transition_only,1,4.0,2,C11-AA-001|C11-AA-003,4.0,2.0,0,0,0,none,none,none,10.0,0,1,1,0,development,0,2,0.5,G2_tactic_intent,0.6,1,G1_technique,2,0,1,3,1,0,,8,1,2.0,C11-AA-003,0.7273,1,2,1,G2_tactic_intent,G2_tactic_intent,m3star_graph_transition_xgboost_v0.1,1
C11-otrf-apt29-day1-scranton-nashua,random,0.2,53,project05_m3star_h1_dual,1,4.0,2,C11-AA-001|C11-AA-003,4.0,2.0,0,0,0,m3star_graph_action_value_xgboost_v0.3,m3star_graph_action_value_xgboost_v0.3,m3star_graph_action_value_xgboost_v0.3,10.0,0,1,1,0,development,0,2,0.5,G2_tactic_intent,0.6,1,G1_technique,2,0,1,1,1,1,,8,1,2.0,C11-AA-003,0.7273,1,2,1,G2_tactic_intent,G2_tactic_intent,m3star_graph_transition_xgboost_v0.1,1
C11-otrf-apt29-day1-scranton-nashua,random,0.2,53,project05_xgboost_policy,1,4.0,2,C11-AA-001|C11-AA-003,4.0,2.0,0,0,0,,,,10.0,0,1,1,,development,0,2,0.5,G2_tactic_intent,0.6,1,G1_technique,2,0,,,,,,,,2.0,C11-AA-003,0.7273,1,2,,G2_tactic_intent,G2_tactic_intent,,1
C11-otrf-apt29-day1-scranton-nashua,random,0.2,53,project05_m3b_policy,1,4.0,2,C11-AA-001|C11-AA-003,4.0,2.0,0,0,0,,,,10.0,0,1,1,,development,0,2,0.5,G2_tactic_intent,0.6,1,G1_technique,2,0,,,,,,,,2.0,C11-AA-003,0.7273,1,2,,G2_tactic_intent,G2_tactic_intent,,1
C11-otrf-apt29-day1-scranton-nashua,random,0.2,53,project05_m2,1,2.0,1,C11-AA-003,2.0,0.0,1,0,0,,,,10.0,0,1,1,,development,0,2,0.5,G2_tactic_intent,0.6,1,G1_technique,2,0,,,,,,,,2.0,C11-AA-003,0.0,1,1,,G2_tactic_intent,G2_tactic_intent,,0
C11-otrf-apt29-day1-scranton-nashua,random,0.2,53,oracle_optimal,1,2.0,1,C11-AA-003,2.0,0.0,1,0,0,,,,10.0,0,1,1,,development,0,2,0.5,G2_tactic_intent,0.6,1,G1_technique,2,0,,,,,,,,2.0,C11-AA-003,0.0,1,1,,G2_tactic_intent,G2_tactic_intent,,0
C11-otrf-apt29-day1-scranton-nashua,random,0.4,11,project05_m3star_h3_dual,1,4.0,2,C11-AA-001|C11-AA-003,4.0,0.0,1,0,0,m3star_graph_action_value_xgboost_v0.3,m3star_graph_action_value_xgboost_v0.3,m3star_graph_action_value_xgboost_v0.3,10.0,0,1,1,0,development,0,2,0.5,G2_tactic_intent,0.6,1,G1_technique,4,0,1,3,1,1,,8,1,4.0,C11-AA-001,0.7273,2,2,1,G2_tactic_intent,G2_tactic_intent,m3star_graph_transition_xgboost_v0.1,0
C11-otrf-apt29-day1-scranton-nashua,random,0.4,11,project05_m3star_h3_no_dominance_dual,1,4.0,2,C11-AA-001|C11-AA-003,4.0,0.0,1,0,0,m3star_graph_action_value_xgboost_v0.3,m3star_graph_action_value_xgboost_v0.3,m3star_graph_action_value_xgboost_v0.3,10.0,0,1,1,0,development,0,2,0.5,G2_tactic_intent,0.6,1,G1_technique,4,0,1,3,0,1,,8,1,4.0,C11-AA-001,0.7273,2,2,0,G2_tactic_intent,G2_tactic_intent,m3star_graph_transition_xgboost_v0.1,0
C11-otrf-apt29-day1-scranton-nashua,random,0.4,11,project05_m3star_h3_unshielded_dual,1,4.0,2,C11-AA-001|C11-AA-003,4.0,0.0,1,0,0,m3star_graph_action_value_xgboost_v0.3,m3star_graph_action_value_xgboost_v0.3,m3star_graph_action_value_xgboost_v0.3,10.0,0,1,1,0,development,0,2,0.5,G2_tactic_intent,0.6,1,G1_technique,4,0,0,3,1,1,,8,0,4.0,C11-AA-001,0.7273,2,2,1,G2_tactic_intent,G2_tactic_intent,m3star_graph_transition_xgboost_v0.1,0
C11-otrf-apt29-day1-scranton-nashua,random,0.4,11,project05_m3star_h3_transition_only,1,4.0,2,C11-AA-001|C11-AA-003,4.0,0.0,1,0,0,none,none,none,10.0,0,1,1,0,development,0,2,0.5,G2_tactic_intent,0.6,1,G1_technique,4,0,1,3,1,0,,8,1,4.0,C11-AA-001,0.7273,2,2,1,G2_tactic_intent,G2_tactic_intent,m3star_graph_transition_xgboost_v0.1,0
C11-otrf-apt29-day1-scranton-nashua,random,0.4,11,project05_m3star_h1_dual,1,4.0,2,C11-AA-001|C11-AA-003,4.0,0.0,1,0,0,m3star_graph_action_value_xgboost_v0.3,m3star_graph_action_value_xgboost_v0.3,m3star_graph_action_value_xgboost_v0.3,10.0,0,1,1,0,development,0,2,0.5,G2_tactic_intent,0.6,1,G1_technique,4,0,1,1,1,1,,8,1,4.0,C11-AA-001,0.7273,2,2,1,G2_tactic_intent,G2_tactic_intent,m3star_graph_transition_xgboost_v0.1,0
C11-otrf-apt29-day1-scranton-nashua,random,0.4,11,project05_xgboost_policy,1,4.0,2,C11-AA-001|C11-AA-003,4.0,0.0,1,0,0,,,,10.0,0,1,1,,development,0,2,0.5,G2_tactic_intent,0.6,1,G1_technique,4,0,,,,,,,,4.0,C11-AA-001,0.7273,2,2,,G2_tactic_intent,G2_tactic_intent,,0
C11-otrf-apt29-day1-scranton-nashua,random,0.4,11,project05_m3b_policy,1,4.0,2,C11-AA-001|C11-AA-003,4.0,0.0,1,0,0,,,,10.0,0,1,1,,development,0,2,0.5,G2_tactic_intent,0.6,1,G1_technique,4,0,,,,,,,,4.0,C11-AA-001,0.7273,2,2,,G2_tactic_intent,G2_tactic_intent,,0
C11-otrf-apt29-day1-scranton-nashua,random,0.4,11,project05_m2,1,7.0,3,C11-AA-003|C11-AA-004|C11-AA-005,7.0,3.0,0,0,0,,,,10.0,0,1,1,,development,0,2,0.25,G2_tactic_intent,0.6,1,G1_technique,4,0,,,,,,,,4.0,C11-AA-001,2.5833,3,3,,G2_tactic_intent,G2_tactic_intent,,0
C11-otrf-apt29-day1-scranton-nashua,random,0.4,11,oracle_optimal,1,4.0,2,C11-AA-001|C11-AA-003,4.0,0.0,1,0,0,,,,10.0,0,1,1,,development,0,2,0.5,G2_tactic_intent,0.6,1,G1_technique,4,0,,,,,,,,4.0,C11-AA-001,0.7273,2,2,,G2_tactic_intent,G2_tactic_intent,,0
C11-otrf-apt29-day1-scranton-nashua,random,0.4,23,project05_m3star_h3_dual,1,4.0,2,C11-AA-001|C11-AA-003,4.0,0.0,1,0,0,m3star_graph_action_value_xgboost_v0.3,m3star_graph_action_value_xgboost_v0.3,m3star_graph_action_value_xgboost_v0.3,10.0,0,1,1,0,development,0,2,0.5,G2_tactic_intent,0.6,1,G1_technique,4,0,1,3,1,1,,8,1,4.0,C11-AA-001,0.7273,3,2,1,G2_tactic_intent,G2_tactic_intent,m3star_graph_transition_xgboost_v0.1,0
C11-otrf-apt29-day1-scranton-nashua,random,0.4,23,project05_m3star_h3_no_dominance_dual,1,4.0,2,C11-AA-001|C11-AA-003,4.0,0.0,1,0,0,m3star_graph_action_value_xgboost_v0.3,m3star_graph_action_value_xgboost_v0.3,m3star_graph_action_value_xgboost_v0.3,10.0,0,1,1,0,development,0,2,0.5,G2_tactic_intent,0.6,1,G1_technique,4,0,1,3,0,1,,8,1,4.0,C11-AA-001,0.7273,3,2,0,G2_tactic_intent,G2_tactic_intent,m3star_graph_transition_xgboost_v0.1,0
C11-otrf-apt29-day1-scranton-nashua,random,0.4,23,project05_m3star_h3_unshielded_dual,1,4.0,2,C11-AA-001|C11-AA-003,4.0,0.0,1,0,0,m3star_graph_action_value_xgboost_v0.3,m3star_graph_action_value_xgboost_v0.3,m3star_graph_action_value_xgboost_v0.3,10.0,0,1,1,0,development,0,2,0.5,G2_tactic_intent,0.6,1,G1_technique,4,0,0,3,1,1,,8,0,4.0,C11-AA-001,0.7273,3,2,1,G2_tactic_intent,G2_tactic_intent,m3star_graph_transition_xgboost_v0.1,0
C11-otrf-apt29-day1-scranton-nashua,random,0.4,23,project05_m3star_h3_transition_only,1,4.0,2,C11-AA-001|C11-AA-003,4.0,0.0,1,0,0,none,none,none,10.0,0,1,1,0,development,0,2,0.5,G2_tactic_intent,0.6,1,G1_technique,4,0,1,3,1,0,,8,1,4.0,C11-AA-001,0.7273,3,2,1,G2_tactic_intent,G2_tactic_intent,m3star_graph_transition_xgboost_v0.1,0
C11-otrf-apt29-day1-scranton-nashua,random,0.4,23,project05_m3star_h1_dual,1,4.0,2,C11-AA-001|C11-AA-003,4.0,0.0,1,0,0,m3star_graph_action_value_xgboost_v0.3,m3star_graph_action_value_xgboost_v0.3,m3star_graph_action_value_xgboost_v0.3,10.0,0,1,1,0,development,0,2,0.5,G2_tactic_intent,0.6,1,G1_technique,4,0,1,1,1,1,,8,1,4.0,C11-AA-001,0.7273,3,2,1,G2_tactic_intent,G2_tactic_intent,m3star_graph_transition_xgboost_v0.1,0
C11-otrf-apt29-day1-scranton-nashua,random,0.4,23,project05_xgboost_policy,1,4.0,2,C11-AA-001|C11-AA-003,4.0,0.0,1,0,0,,,,10.0,0,1,1,,development,0,2,0.5,G2_tactic_intent,0.6,1,G1_technique,4,0,,,,,,,,4.0,C11-AA-001,0.7273,3,2,,G2_tactic_intent,G2_tactic_intent,,0
C11-otrf-apt29-day1-scranton-nashua,random,0.4,23,project05_m3b_policy,1,4.0,2,C11-AA-001|C11-AA-003,4.0,0.0,1,0,0,,,,10.0,0,1,1,,development,0,2,0.5,G2_tactic_intent,0.6,1,G1_technique,4,0,,,,,,,,4.0,C11-AA-001,0.7273,3,2,,G2_tactic_intent,G2_tactic_intent,,0
C11-otrf-apt29-day1-scranton-nashua,random,0.4,23,project05_m2,1,7.0,3,C11-AA-005|C11-AA-001|C11-AA-004,7.0,3.0,0,0,0,,,,10.0,0,1,1,,development,0,2,0.25,G2_tactic_intent,0.6,1,G1_technique,4,0,,,,,,,,4.0,C11-AA-001,2.0455,3,3,,G2_tactic_intent,G2_tactic_intent,,1
C11-otrf-apt29-day1-scranton-nashua,random,0.4,23,oracle_optimal,1,4.0,2,C11-AA-001|C11-AA-003,4.0,0.0,1,0,0,,,,10.0,0,1,1,,development,0,2,0.5,G2_tactic_intent,0.6,1,G1_technique,4,0,,,,,,,,4.0,C11-AA-001,0.7273,3,2,,G2_tactic_intent,G2_tactic_intent,,0
C11-otrf-apt29-day1-scranton-nashua,random,0.4,37,project05_m3star_h3_dual,1,6.0,3,C11-AA-001|C11-AA-003|C11-AA-002,6.0,1.0,0,0,0,m3star_graph_action_value_xgboost_v0.3,m3star_graph_action_value_xgboost_v0.3,m3star_graph_action_value_xgboost_v0.3,10.0,0,1,1,0,development,0,2,0.5,G2_tactic_intent,0.6,1,G1_technique,4,0,1,3,1,1,,8,1,5.0,C11-AA-002,1.7273,3,3,1,G2_tactic_intent,G2_tactic_intent,m3star_graph_transition_xgboost_v0.1,0
C11-otrf-apt29-day1-scranton-nashua,random,0.4,37,project05_m3star_h3_no_dominance_dual,1,6.0,3,C11-AA-001|C11-AA-003|C11-AA-002,6.0,1.0,0,0,0,m3star_graph_action_value_xgboost_v0.3,m3star_graph_action_value_xgboost_v0.3,m3star_graph_action_value_xgboost_v0.3,10.0,0,1,1,0,development,0,2,0.5,G2_tactic_intent,0.6,1,G1_technique,4,0,1,3,0,1,,8,1,5.0,C11-AA-002,1.7273,3,3,0,G2_tactic_intent,G2_tactic_intent,m3star_graph_transition_xgboost_v0.1,0
C11-otrf-apt29-day1-scranton-nashua,random,0.4,37,project05_m3star_h3_unshielded_dual,1,6.0,3,C11-AA-001|C11-AA-003|C11-AA-002,6.0,1.0,0,0,0,m3star_graph_action_value_xgboost_v0.3,m3star_graph_action_value_xgboost_v0.3,m3star_graph_action_value_xgboost_v0.3,10.0,0,1,1,0,development,0,2,0.5,G2_tactic_intent,0.6,1,G1_technique,4,0,0,3,1,1,,8,0,5.0,C11-AA-002,1.7273,3,3,1,G2_tactic_intent,G2_tactic_intent,m3star_graph_transition_xgboost_v0.1,0
C11-otrf-apt29-day1-scranton-nashua,random,0.4,37,project05_m3star_h3_transition_only,1,6.0,3,C11-AA-001|C11-AA-003|C11-AA-002,6.0,1.0,0,0,0,none,none,none,10.0,0,1,1,0,development,0,2,0.5,G2_tactic_intent,0.6,1,G1_technique,4,0,1,3,1,0,,8,1,5.0,C11-AA-002,1.7273,3,3,1,G2_tactic_intent,G2_tactic_intent,m3star_graph_transition_xgboost_v0.1,0
C11-otrf-apt29-day1-scranton-nashua,random,0.4,37,project05_m3star_h1_dual,1,6.0,3,C11-AA-001|C11-AA-003|C11-AA-002,6.0,1.0,0,0,0,m3star_graph_action_value_xgboost_v0.3,m3star_graph_action_value_xgboost_v0.3,m3star_graph_action_value_xgboost_v0.3,10.0,0,1,1,0,development,0,2,0.5,G2_tactic_intent,0.6,1,G1_technique,4,0,1,1,1,1,,8,1,5.0,C11-AA-002,1.7273,3,3,1,G2_tactic_intent,G2_tactic_intent,m3star_graph_transition_xgboost_v0.1,0
C11-otrf-apt29-day1-scranton-nashua,random,0.4,37,project05_xgboost_policy,1,6.0,3,C11-AA-001|C11-AA-003|C11-AA-002,6.0,1.0,0,0,0,,,,10.0,0,1,1,,development,0,2,0.5,G2_tactic_intent,0.6,1,G1_technique,4,0,,,,,,,,5.0,C11-AA-002,1.7273,3,3,,G2_tactic_intent,G2_tactic_intent,,0
C11-otrf-apt29-day1-scranton-nashua,random,0.4,37,project05_m3b_policy,1,6.0,3,C11-AA-001|C11-AA-003|C11-AA-002,6.0,1.0,0,0,0,,,,10.0,0,1,1,,development,0,2,0.5,G2_tactic_intent,0.6,1,G1_technique,4,0,,,,,,,,5.0,C11-AA-002,1.7273,3,3,,G2_tactic_intent,G2_tactic_intent,,0
C11-otrf-apt29-day1-scranton-nashua,random,0.4,37,project05_m2,1,9.0,4,C11-AA-005|C11-AA-001|C11-AA-004|C11-AA-002,9.0,4.0,0,0,0,,,,10.0,0,1,1,,development,0,2,0.25,G2_tactic_intent,0.6,1,G1_technique,4,0,,,,,,,,5.0,C11-AA-002,3.0455,3,4,,G2_tactic_intent,G2_tactic_intent,,1
C11-otrf-apt29-day1-scranton-nashua,random,0.4,37,oracle_optimal,1,5.0,2,C11-AA-002|C11-AA-004,5.0,0.0,1,0,0,,,,10.0,0,1,1,,development,0,2,0.25,G2_tactic_intent,0.6,1,G1_technique,4,0,,,,,,,,5.0,C11-AA-002,0.5455,2,2,,G2_tactic_intent,G2_tactic_intent,,0
C11-otrf-apt29-day1-scranton-nashua,random,0.4,41,project05_m3star_h3_dual,1,6.0,3,C11-AA-001|C11-AA-003|C11-AA-002,6.0,0.0,1,0,0,m3star_graph_action_value_xgboost_v0.3,m3star_graph_action_value_xgboost_v0.3,m3star_graph_action_value_xgboost_v0.3,10.0,0,1,1,0,development,0,2,0.5,G2_tactic_intent,0.6,1,G0_unknown,4,0,1,3,1,1,,8,1,6.0,C11-AA-001,1.7273,3,3,1,G2_tactic_intent,G2_tactic_intent,m3star_graph_transition_xgboost_v0.1,0
C11-otrf-apt29-day1-scranton-nashua,random,0.4,41,project05_m3star_h3_no_dominance_dual,1,6.0,3,C11-AA-001|C11-AA-003|C11-AA-002,6.0,0.0,1,0,0,m3star_graph_action_value_xgboost_v0.3,m3star_graph_action_value_xgboost_v0.3,m3star_graph_action_value_xgboost_v0.3,10.0,0,1,1,0,development,0,2,0.5,G2_tactic_intent,0.6,1,G0_unknown,4,0,1,3,0,1,,8,1,6.0,C11-AA-001,1.7273,3,3,0,G2_tactic_intent,G2_tactic_intent,m3star_graph_transition_xgboost_v0.1,0
C11-otrf-apt29-day1-scranton-nashua,random,0.4,41,project05_m3star_h3_unshielded_dual,1,6.0,3,C11-AA-001|C11-AA-003|C11-AA-002,6.0,0.0,1,0,0,m3star_graph_action_value_xgboost_v0.3,m3star_graph_action_value_xgboost_v0.3,m3star_graph_action_value_xgboost_v0.3,10.0,0,1,1,0,development,0,2,0.5,G2_tactic_intent,0.6,1,G0_unknown,4,0,0,3,1,1,,8,0,6.0,C11-AA-001,1.7273,3,3,1,G2_tactic_intent,G2_tactic_intent,m3star_graph_transition_xgboost_v0.1,0
C11-otrf-apt29-day1-scranton-nashua,random,0.4,41,project05_m3star_h3_transition_only,1,6.0,3,C11-AA-001|C11-AA-003|C11-AA-002,6.0,0.0,1,0,0,none,none,none,10.0,0,1,1,0,development,0,2,0.5,G2_tactic_intent,0.6,1,G0_unknown,4,0,1,3,1,0,,8,1,6.0,C11-AA-001,1.7273,3,3,1,G2_tactic_intent,G2_tactic_intent,m3star_graph_transition_xgboost_v0.1,0
C11-otrf-apt29-day1-scranton-nashua,random,0.4,41,project05_m3star_h1_dual,1,6.0,3,C11-AA-001|C11-AA-003|C11-AA-002,6.0,0.0,1,0,0,m3star_graph_action_value_xgboost_v0.3,m3star_graph_action_value_xgboost_v0.3,m3star_graph_action_value_xgboost_v0.3,10.0,0,1,1,0,development,0,2,0.5,G2_tactic_intent,0.6,1,G0_unknown,4,0,1,1,1,1,,8,1,6.0,C11-AA-001,1.7273,3,3,1,G2_tactic_intent,G2_tactic_intent,m3star_graph_transition_xgboost_v0.1,0
C11-otrf-apt29-day1-scranton-nashua,random,0.4,41,project05_xgboost_policy,1,6.0,3,C11-AA-001|C11-AA-003|C11-AA-002,6.0,0.0,1,0,0,,,,10.0,0,1,1,,development,0,2,0.5,G2_tactic_intent,0.6,1,G0_unknown,4,0,,,,,,,,6.0,C11-AA-001,1.7273,3,3,,G2_tactic_intent,G2_tactic_intent,,0
C11-otrf-apt29-day1-scranton-nashua,random,0.4,41,project05_m3b_policy,1,6.0,3,C11-AA-001|C11-AA-003|C11-AA-002,6.0,0.0,1,0,0,,,,10.0,0,1,1,,development,0,2,0.5,G2_tactic_intent,0.6,1,G0_unknown,4,0,,,,,,,,6.0,C11-AA-001,1.7273,3,3,,G2_tactic_intent,G2_tactic_intent,,0
C11-otrf-apt29-day1-scranton-nashua,random,0.4,41,project05_m2,1,9.0,4,C11-AA-001|C11-AA-005|C11-AA-004|C11-AA-002,9.0,3.0,1,0,0,,,,10.0,0,1,1,,development,0,2,0.25,G2_tactic_intent,0.6,1,G0_unknown,4,0,,,,,,,,6.0,C11-AA-001,3.0455,3,4,,G2_tactic_intent,G2_tactic_intent,,1
C11-otrf-apt29-day1-scranton-nashua,random,0.4,41,oracle_optimal,1,6.0,3,C11-AA-001|C11-AA-002|C11-AA-003,6.0,0.0,1,0,0,,,,10.0,0,1,1,,development,0,2,0.5,G2_tactic_intent,0.6,1,G0_unknown,4,0,,,,,,,,6.0,C11-AA-001,1.8,3,3,,G2_tactic_intent,G2_tactic_intent,,0
C11-otrf-apt29-day1-scranton-nashua,random,0.4,53,project05_m3star_h3_dual,1,4.0,2,C11-AA-001|C11-AA-003,4.0,0.0,1,0,0,m3star_graph_action_value_xgboost_v0.3,m3star_graph_action_value_xgboost_v0.3,m3star_graph_action_value_xgboost_v0.3,10.0,0,1,1,0,development,0,2,0.5,G2_tactic_intent,0.6,1,G1_technique,4,0,1,3,1,1,,8,1,4.0,C11-AA-001,0.7273,2,2,1,G2_tactic_intent,G2_tactic_intent,m3star_graph_transition_xgboost_v0.1,0
C11-otrf-apt29-day1-scranton-nashua,random,0.4,53,project05_m3star_h3_no_dominance_dual,1,4.0,2,C11-AA-001|C11-AA-003,4.0,0.0,1,0,0,m3star_graph_action_value_xgboost_v0.3,m3star_graph_action_value_xgboost_v0.3,m3star_graph_action_value_xgboost_v0.3,10.0,0,1,1,0,development,0,2,0.5,G2_tactic_intent,0.6,1,G1_technique,4,0,1,3,0,1,,8,1,4.0,C11-AA-001,0.7273,2,2,0,G2_tactic_intent,G2_tactic_intent,m3star_graph_transition_xgboost_v0.1,0
C11-otrf-apt29-day1-scranton-nashua,random,0.4,53,project05_m3star_h3_unshielded_dual,1,4.0,2,C11-AA-001|C11-AA-003,4.0,0.0,1,0,0,m3star_graph_action_value_xgboost_v0.3,m3star_graph_action_value_xgboost_v0.3,m3star_graph_action_value_xgboost_v0.3,10.0,0,1,1,0,development,0,2,0.5,G2_tactic_intent,0.6,1,G1_technique,4,0,0,3,1,1,,8,0,4.0,C11-AA-001,0.7273,2,2,1,G2_tactic_intent,G2_tactic_intent,m3star_graph_transition_xgboost_v0.1,0
C11-otrf-apt29-day1-scranton-nashua,random,0.4,53,project05_m3star_h3_transition_only,1,4.0,2,C11-AA-001|C11-AA-003,4.0,0.0,1,0,0,none,none,none,10.0,0,1,1,0,development,0,2,0.5,G2_tactic_intent,0.6,1,G1_technique,4,0,1,3,1,0,,8,1,4.0,C11-AA-001,0.7273,2,2,1,G2_tactic_intent,G2_tactic_intent,m3star_graph_transition_xgboost_v0.1,0
C11-otrf-apt29-day1-scranton-nashua,random,0.4,53,project05_m3star_h1_dual,1,4.0,2,C11-AA-001|C11-AA-003,4.0,0.0,1,0,0,m3star_graph_action_value_xgboost_v0.3,m3star_graph_action_value_xgboost_v0.3,m3star_graph_action_value_xgboost_v0.3,10.0,0,1,1,0,development,0,2,0.5,G2_tactic_intent,0.6,1,G1_technique,4,0,1,1,1,1,,8,1,4.0,C11-AA-001,0.7273,2,2,1,G2_tactic_intent,G2_tactic_intent,m3star_graph_transition_xgboost_v0.1,0
C11-otrf-apt29-day1-scranton-nashua,random,0.4,53,project05_xgboost_policy,1,4.0,2,C11-AA-001|C11-AA-003,4.0,0.0,1,0,0,,,,10.0,0,1,1,,development,0,2,0.5,G2_tactic_intent,0.6,1,G1_technique,4,0,,,,,,,,4.0,C11-AA-001,0.7273,2,2,,G2_tactic_intent,G2_tactic_intent,,0
C11-otrf-apt29-day1-scranton-nashua,random,0.4,53,project05_m3b_policy,1,4.0,2,C11-AA-001|C11-AA-003,4.0,0.0,1,0,0,,,,10.0,0,1,1,,development,0,2,0.5,G2_tactic_intent,0.6,1,G1_technique,4,0,,,,,,,,4.0,C11-AA-001,0.7273,2,2,,G2_tactic_intent,G2_tactic_intent,,0
C11-otrf-apt29-day1-scranton-nashua,random,0.4,53,project05_m2,1,7.0,3,C11-AA-003|C11-AA-004|C11-AA-005,7.0,3.0,0,0,0,,,,10.0,0,1,1,,development,0,2,0.25,G2_tactic_intent,0.6,1,G1_technique,4,0,,,,,,,,4.0,C11-AA-001,2.5833,3,3,,G2_tactic_intent,G2_tactic_intent,,0
C11-otrf-apt29-day1-scranton-nashua,random,0.4,53,oracle_optimal,1,4.0,2,C11-AA-001|C11-AA-003,4.0,0.0,1,0,0,,,,10.0,0,1,1,,development,0,2,0.5,G2_tactic_intent,0.6,1,G1_technique,4,0,,,,,,,,4.0,C11-AA-001,0.7273,2,2,,G2_tactic_intent,G2_tactic_intent,,0
C11-otrf-apt29-day1-scranton-nashua,random,0.6,11,project05_m3star_h3_dual,1,4.0,2,C11-AA-001|C11-AA-003,4.0,0.0,1,0,0,m3star_graph_action_value_xgboost_v0.3,m3star_graph_action_value_xgboost_v0.3,m3star_graph_action_value_xgboost_v0.3,10.0,0,1,1,0,development,0,2,0.5,G2_tactic_intent,0.6,1,G1_technique,5,0,1,3,1,1,,8,1,4.0,C11-AA-001,0.7273,3,2,1,G2_tactic_intent,G2_tactic_intent,m3star_graph_transition_xgboost_v0.1,0
C11-otrf-apt29-day1-scranton-nashua,random,0.6,11,project05_m3star_h3_no_dominance_dual,1,4.0,2,C11-AA-001|C11-AA-003,4.0,0.0,1,0,0,m3star_graph_action_value_xgboost_v0.3,m3star_graph_action_value_xgboost_v0.3,m3star_graph_action_value_xgboost_v0.3,10.0,0,1,1,0,development,0,2,0.5,G2_tactic_intent,0.6,1,G1_technique,5,0,1,3,0,1,,8,1,4.0,C11-AA-001,0.7273,3,2,0,G2_tactic_intent,G2_tactic_intent,m3star_graph_transition_xgboost_v0.1,0
C11-otrf-apt29-day1-scranton-nashua,random,0.6,11,project05_m3star_h3_unshielded_dual,1,4.0,2,C11-AA-001|C11-AA-003,4.0,0.0,1,0,0,m3star_graph_action_value_xgboost_v0.3,m3star_graph_action_value_xgboost_v0.3,m3star_graph_action_value_xgboost_v0.3,10.0,0,1,1,0,development,0,2,0.5,G2_tactic_intent,0.6,1,G1_technique,5,0,0,3,1,1,,8,0,4.0,C11-AA-001,0.7273,3,2,1,G2_tactic_intent,G2_tactic_intent,m3star_graph_transition_xgboost_v0.1,0
C11-otrf-apt29-day1-scranton-nashua,random,0.6,11,project05_m3star_h3_transition_only,1,4.0,2,C11-AA-001|C11-AA-003,4.0,0.0,1,0,0,none,none,none,10.0,0,1,1,0,development,0,2,0.5,G2_tactic_intent,0.6,1,G1_technique,5,0,1,3,1,0,,8,1,4.0,C11-AA-001,0.7273,3,2,1,G2_tactic_intent,G2_tactic_intent,m3star_graph_transition_xgboost_v0.1,0
C11-otrf-apt29-day1-scranton-nashua,random,0.6,11,project05_m3star_h1_dual,1,4.0,2,C11-AA-001|C11-AA-003,4.0,0.0,1,0,0,m3star_graph_action_value_xgboost_v0.3,m3star_graph_action_value_xgboost_v0.3,m3star_graph_action_value_xgboost_v0.3,10.0,0,1,1,0,development,0,2,0.5,G2_tactic_intent,0.6,1,G1_technique,5,0,1,1,1,1,,8,1,4.0,C11-AA-001,0.7273,3,2,1,G2_tactic_intent,G2_tactic_intent,m3star_graph_transition_xgboost_v0.1,0
C11-otrf-apt29-day1-scranton-nashua,random,0.6,11,project05_xgboost_policy,1,4.0,2,C11-AA-001|C11-AA-003,4.0,0.0,1,0,0,,,,10.0,0,1,1,,development,0,2,0.5,G2_tactic_intent,0.6,1,G1_technique,5,0,,,,,,,,4.0,C11-AA-001,0.7273,3,2,,G2_tactic_intent,G2_tactic_intent,,0
C11-otrf-apt29-day1-scranton-nashua,random,0.6,11,project05_m3b_policy,1,4.0,2,C11-AA-001|C11-AA-003,4.0,0.0,1,0,0,,,,10.0,0,1,1,,development,0,2,0.5,G2_tactic_intent,0.6,1,G1_technique,5,0,,,,,,,,4.0,C11-AA-001,0.7273,3,2,,G2_tactic_intent,G2_tactic_intent,,0
C11-otrf-apt29-day1-scranton-nashua,random,0.6,11,project05_m2,1,7.0,3,C11-AA-003|C11-AA-004|C11-AA-005,7.0,3.0,0,0,0,,,,10.0,0,1,1,,development,0,2,0.25,G2_tactic_intent,0.6,1,G1_technique,5,0,,,,,,,,4.0,C11-AA-001,2.5833,4,3,,G2_tactic_intent,G2_tactic_intent,,0
C11-otrf-apt29-day1-scranton-nashua,random,0.6,11,oracle_optimal,1,4.0,2,C11-AA-001|C11-AA-003,4.0,0.0,1,0,0,,,,10.0,0,1,1,,development,0,2,0.5,G2_tactic_intent,0.6,1,G1_technique,5,0,,,,,,,,4.0,C11-AA-001,0.7273,3,2,,G2_tactic_intent,G2_tactic_intent,,0
C11-otrf-apt29-day1-scranton-nashua,random,0.6,23,project05_m3star_h3_dual,1,4.0,2,C11-AA-001|C11-AA-003,4.0,0.0,1,0,0,m3star_graph_action_value_xgboost_v0.3,m3star_graph_action_value_xgboost_v0.3,m3star_graph_action_value_xgboost_v0.3,10.0,0,1,1,0,development,0,2,0.5,G2_tactic_intent,0.6,1,G0_unknown,5,0,1,3,1,1,,8,1,4.0,C11-AA-001,0.7273,4,2,1,G2_tactic_intent,G2_tactic_intent,m3star_graph_transition_xgboost_v0.1,0
C11-otrf-apt29-day1-scranton-nashua,random,0.6,23,project05_m3star_h3_no_dominance_dual,1,4.0,2,C11-AA-001|C11-AA-003,4.0,0.0,1,0,0,m3star_graph_action_value_xgboost_v0.3,m3star_graph_action_value_xgboost_v0.3,m3star_graph_action_value_xgboost_v0.3,10.0,0,1,1,0,development,0,2,0.5,G2_tactic_intent,0.6,1,G0_unknown,5,0,1,3,0,1,,8,1,4.0,C11-AA-001,0.7273,4,2,0,G2_tactic_intent,G2_tactic_intent,m3star_graph_transition_xgboost_v0.1,0
C11-otrf-apt29-day1-scranton-nashua,random,0.6,23,project05_m3star_h3_unshielded_dual,1,4.0,2,C11-AA-001|C11-AA-003,4.0,0.0,1,0,0,m3star_graph_action_value_xgboost_v0.3,m3star_graph_action_value_xgboost_v0.3,m3star_graph_action_value_xgboost_v0.3,10.0,0,1,1,0,development,0,2,0.5,G2_tactic_intent,0.6,1,G0_unknown,5,0,0,3,1,1,,8,0,4.0,C11-AA-001,0.7273,4,2,1,G2_tactic_intent,G2_tactic_intent,m3star_graph_transition_xgboost_v0.1,0
C11-otrf-apt29-day1-scranton-nashua,random,0.6,23,project05_m3star_h3_transition_only,1,4.0,2,C11-AA-001|C11-AA-003,4.0,0.0,1,0,0,none,none,none,10.0,0,1,1,0,development,0,2,0.5,G2_tactic_intent,0.6,1,G0_unknown,5,0,1,3,1,0,,8,1,4.0,C11-AA-001,0.7273,4,2,1,G2_tactic_intent,G2_tactic_intent,m3star_graph_transition_xgboost_v0.1,0
C11-otrf-apt29-day1-scranton-nashua,random,0.6,23,project05_m3star_h1_dual,1,4.0,2,C11-AA-001|C11-AA-003,4.0,0.0,1,0,0,m3star_graph_action_value_xgboost_v0.3,m3star_graph_action_value_xgboost_v0.3,m3star_graph_action_value_xgboost_v0.3,10.0,0,1,1,0,development,0,2,0.5,G2_tactic_intent,0.6,1,G0_unknown,5,0,1,1,1,1,,8,1,4.0,C11-AA-001,0.7273,4,2,1,G2_tactic_intent,G2_tactic_intent,m3star_graph_transition_xgboost_v0.1,0
C11-otrf-apt29-day1-scranton-nashua,random,0.6,23,project05_xgboost_policy,1,4.0,2,C11-AA-001|C11-AA-003,4.0,0.0,1,0,0,,,,10.0,0,1,1,,development,0,2,0.5,G2_tactic_intent,0.6,1,G0_unknown,5,0,,,,,,,,4.0,C11-AA-001,0.7273,4,2,,G2_tactic_intent,G2_tactic_intent,,0
C11-otrf-apt29-day1-scranton-nashua,random,0.6,23,project05_m3b_policy,1,4.0,2,C11-AA-001|C11-AA-003,4.0,0.0,1,0,0,,,,10.0,0,1,1,,development,0,2,0.5,G2_tactic_intent,0.6,1,G0_unknown,5,0,,,,,,,,4.0,C11-AA-001,0.7273,4,2,,G2_tactic_intent,G2_tactic_intent,,0
C11-otrf-apt29-day1-scranton-nashua,random,0.6,23,project05_m2,1,7.0,3,C11-AA-001|C11-AA-005|C11-AA-004,7.0,3.0,1,0,0,,,,10.0,0,1,1,,development,0,2,0.25,G2_tactic_intent,0.6,1,G0_unknown,5,0,,,,,,,,4.0,C11-AA-001,2.0455,4,3,,G2_tactic_intent,G2_tactic_intent,,1
C11-otrf-apt29-day1-scranton-nashua,random,0.6,23,oracle_optimal,1,4.0,2,C11-AA-001|C11-AA-003,4.0,0.0,1,0,0,,,,10.0,0,1,1,,development,0,2,0.5,G2_tactic_intent,0.6,1,G0_unknown,5,0,,,,,,,,4.0,C11-AA-001,0.7273,4,2,,G2_tactic_intent,G2_tactic_intent,,0
C11-otrf-apt29-day1-scranton-nashua,random,0.6,37,project05_m3star_h3_dual,1,6.0,3,C11-AA-001|C11-AA-003|C11-AA-002,6.0,0.0,1,0,0,m3star_graph_action_value_xgboost_v0.3,m3star_graph_action_value_xgboost_v0.3,m3star_graph_action_value_xgboost_v0.3,10.0,0,1,1,0,development,0,2,0.5,G2_tactic_intent,0.6,1,G1_technique,5,0,1,3,1,1,,8,1,6.0,C11-AA-001,1.7273,4,3,1,G2_tactic_intent,G2_tactic_intent,m3star_graph_transition_xgboost_v0.1,0
C11-otrf-apt29-day1-scranton-nashua,random,0.6,37,project05_m3star_h3_no_dominance_dual,1,6.0,3,C11-AA-001|C11-AA-003|C11-AA-002,6.0,0.0,1,0,0,m3star_graph_action_value_xgboost_v0.3,m3star_graph_action_value_xgboost_v0.3,m3star_graph_action_value_xgboost_v0.3,10.0,0,1,1,0,development,0,2,0.5,G2_tactic_intent,0.6,1,G1_technique,5,0,1,3,0,1,,8,1,6.0,C11-AA-001,1.7273,4,3,0,G2_tactic_intent,G2_tactic_intent,m3star_graph_transition_xgboost_v0.1,0
C11-otrf-apt29-day1-scranton-nashua,random,0.6,37,project05_m3star_h3_unshielded_dual,1,6.0,3,C11-AA-001|C11-AA-003|C11-AA-002,6.0,0.0,1,0,0,m3star_graph_action_value_xgboost_v0.3,m3star_graph_action_value_xgboost_v0.3,m3star_graph_action_value_xgboost_v0.3,10.0,0,1,1,0,development,0,2,0.5,G2_tactic_intent,0.6,1,G1_technique,5,0,0,3,1,1,,8,0,6.0,C11-AA-001,1.7273,4,3,1,G2_tactic_intent,G2_tactic_intent,m3star_graph_transition_xgboost_v0.1,0
C11-otrf-apt29-day1-scranton-nashua,random,0.6,37,project05_m3star_h3_transition_only,1,6.0,3,C11-AA-001|C11-AA-003|C11-AA-002,6.0,0.0,1,0,0,none,none,none,10.0,0,1,1,0,development,0,2,0.5,G2_tactic_intent,0.6,1,G1_technique,5,0,1,3,1,0,,8,1,6.0,C11-AA-001,1.7273,4,3,1,G2_tactic_intent,G2_tactic_intent,m3star_graph_transition_xgboost_v0.1,0
C11-otrf-apt29-day1-scranton-nashua,random,0.6,37,project05_m3star_h1_dual,1,6.0,3,C11-AA-001|C11-AA-003|C11-AA-002,6.0,0.0,1,0,0,m3star_graph_action_value_xgboost_v0.3,m3star_graph_action_value_xgboost_v0.3,m3star_graph_action_value_xgboost_v0.3,10.0,0,1,1,0,development,0,2,0.5,G2_tactic_intent,0.6,1,G1_technique,5,0,1,1,1,1,,8,1,6.0,C11-AA-001,1.7273,4,3,1,G2_tactic_intent,G2_tactic_intent,m3star_graph_transition_xgboost_v0.1,0
C11-otrf-apt29-day1-scranton-nashua,random,0.6,37,project05_xgboost_policy,1,6.0,3,C11-AA-001|C11-AA-003|C11-AA-002,6.0,0.0,1,0,0,,,,10.0,0,1,1,,development,0,2,0.5,G2_tactic_intent,0.6,1,G1_technique,5,0,,,,,,,,6.0,C11-AA-001,1.7273,4,3,,G2_tactic_intent,G2_tactic_intent,,0
C11-otrf-apt29-day1-scranton-nashua,random,0.6,37,project05_m3b_policy,1,6.0,3,C11-AA-001|C11-AA-003|C11-AA-002,6.0,0.0,1,0,0,,,,10.0,0,1,1,,development,0,2,0.5,G2_tactic_intent,0.6,1,G1_technique,5,0,,,,,,,,6.0,C11-AA-001,1.7273,4,3,,G2_tactic_intent,G2_tactic_intent,,0
C11-otrf-apt29-day1-scranton-nashua,random,0.6,37,project05_m2,1,9.0,4,C11-AA-005|C11-AA-001|C11-AA-004|C11-AA-002,9.0,3.0,0,0,0,,,,10.0,0,1,1,,development,0,2,0.25,G2_tactic_intent,0.6,1,G1_technique,5,0,,,,,,,,6.0,C11-AA-001,3.0455,4,4,,G2_tactic_intent,G2_tactic_intent,,1
C11-otrf-apt29-day1-scranton-nashua,random,0.6,37,oracle_optimal,1,6.0,3,C11-AA-001|C11-AA-002|C11-AA-003,6.0,0.0,1,0,0,,,,10.0,0,1,1,,development,0,2,0.5,G2_tactic_intent,0.6,1,G1_technique,5,0,,,,,,,,6.0,C11-AA-001,1.8,4,3,,G2_tactic_intent,G2_tactic_intent,,0
C11-otrf-apt29-day1-scranton-nashua,random,0.6,41,project05_m3star_h3_dual,1,6.0,3,C11-AA-001|C11-AA-003|C11-AA-002,6.0,0.0,1,0,0,m3star_graph_action_value_xgboost_v0.3,m3star_graph_action_value_xgboost_v0.3,m3star_graph_action_value_xgboost_v0.3,10.0,0,1,1,0,development,0,2,0.5,G2_tactic_intent,0.6,1,G0_unknown,5,0,1,3,1,1,,8,1,6.0,C11-AA-001,1.7273,4,3,1,G2_tactic_intent,G2_tactic_intent,m3star_graph_transition_xgboost_v0.1,0
C11-otrf-apt29-day1-scranton-nashua,random,0.6,41,project05_m3star_h3_no_dominance_dual,1,6.0,3,C11-AA-001|C11-AA-003|C11-AA-002,6.0,0.0,1,0,0,m3star_graph_action_value_xgboost_v0.3,m3star_graph_action_value_xgboost_v0.3,m3star_graph_action_value_xgboost_v0.3,10.0,0,1,1,0,development,0,2,0.5,G2_tactic_intent,0.6,1,G0_unknown,5,0,1,3,0,1,,8,1,6.0,C11-AA-001,1.7273,4,3,0,G2_tactic_intent,G2_tactic_intent,m3star_graph_transition_xgboost_v0.1,0
C11-otrf-apt29-day1-scranton-nashua,random,0.6,41,project05_m3star_h3_unshielded_dual,1,6.0,3,C11-AA-001|C11-AA-002|C11-AA-003,6.0,0.0,1,0,0,m3star_graph_action_value_xgboost_v0.3,m3star_graph_action_value_xgboost_v0.3,m3star_graph_action_value_xgboost_v0.3,10.0,0,1,1,0,development,0,2,0.5,G2_tactic_intent,0.6,1,G0_unknown,5,0,0,3,1,1,,8,0,6.0,C11-AA-001,1.8,4,3,1,G2_tactic_intent,G2_tactic_intent,m3star_graph_transition_xgboost_v0.1,0
C11-otrf-apt29-day1-scranton-nashua,random,0.6,41,project05_m3star_h3_transition_only,1,6.0,3,C11-AA-001|C11-AA-003|C11-AA-002,6.0,0.0,1,0,0,none,none,none,10.0,0,1,1,0,development,0,2,0.5,G2_tactic_intent,0.6,1,G0_unknown,5,0,1,3,1,0,,8,1,6.0,C11-AA-001,1.7273,4,3,1,G2_tactic_intent,G2_tactic_intent,m3star_graph_transition_xgboost_v0.1,0
C11-otrf-apt29-day1-scranton-nashua,random,0.6,41,project05_m3star_h1_dual,1,6.0,3,C11-AA-001|C11-AA-003|C11-AA-002,6.0,0.0,1,0,0,m3star_graph_action_value_xgboost_v0.3,m3star_graph_action_value_xgboost_v0.3,m3star_graph_action_value_xgboost_v0.3,10.0,0,1,1,0,development,0,2,0.5,G2_tactic_intent,0.6,1,G0_unknown,5,0,1,1,1,1,,8,1,6.0,C11-AA-001,1.7273,4,3,1,G2_tactic_intent,G2_tactic_intent,m3star_graph_transition_xgboost_v0.1,0
C11-otrf-apt29-day1-scranton-nashua,random,0.6,41,project05_xgboost_policy,1,6.0,3,C11-AA-001|C11-AA-003|C11-AA-002,6.0,0.0,1,0,0,,,,10.0,0,1,1,,development,0,2,0.5,G2_tactic_intent,0.6,1,G0_unknown,5,0,,,,,,,,6.0,C11-AA-001,1.7273,4,3,,G2_tactic_intent,G2_tactic_intent,,0
C11-otrf-apt29-day1-scranton-nashua,random,0.6,41,project05_m3b_policy,1,6.0,3,C11-AA-001|C11-AA-003|C11-AA-002,6.0,0.0,1,0,0,,,,10.0,0,1,1,,development,0,2,0.5,G2_tactic_intent,0.6,1,G0_unknown,5,0,,,,,,,,6.0,C11-AA-001,1.7273,4,3,,G2_tactic_intent,G2_tactic_intent,,0
C11-otrf-apt29-day1-scranton-nashua,random,0.6,41,project05_m2,1,6.0,3,C11-AA-001|C11-AA-003|C11-AA-002,6.0,0.0,1,0,0,,,,10.0,0,1,1,,development,0,2,0.5,G2_tactic_intent,0.6,1,G0_unknown,5,0,,,,,,,,6.0,C11-AA-001,1.7273,4,3,,G2_tactic_intent,G2_tactic_intent,,0
C11-otrf-apt29-day1-scranton-nashua,random,0.6,41,oracle_optimal,1,6.0,3,C11-AA-001|C11-AA-002|C11-AA-003,6.0,0.0,1,0,0,,,,10.0,0,1,1,,development,0,2,0.5,G2_tactic_intent,0.6,1,G0_unknown,5,0,,,,,,,,6.0,C11-AA-001,1.8,4,3,,G2_tactic_intent,G2_tactic_intent,,0
C11-otrf-apt29-day1-scranton-nashua,random,0.6,53,project05_m3star_h3_dual,1,4.0,2,C11-AA-001|C11-AA-003,4.0,0.0,1,0,0,m3star_graph_action_value_xgboost_v0.3,m3star_graph_action_value_xgboost_v0.3,m3star_graph_action_value_xgboost_v0.3,10.0,0,1,1,0,development,0,2,0.5,G2_tactic_intent,0.6,1,G1_technique,5,0,1,3,1,1,,8,1,4.0,C11-AA-001,0.7273,3,2,1,G2_tactic_intent,G2_tactic_intent,m3star_graph_transition_xgboost_v0.1,0
C11-otrf-apt29-day1-scranton-nashua,random,0.6,53,project05_m3star_h3_no_dominance_dual,1,4.0,2,C11-AA-001|C11-AA-003,4.0,0.0,1,0,0,m3star_graph_action_value_xgboost_v0.3,m3star_graph_action_value_xgboost_v0.3,m3star_graph_action_value_xgboost_v0.3,10.0,0,1,1,0,development,0,2,0.5,G2_tactic_intent,0.6,1,G1_technique,5,0,1,3,0,1,,8,1,4.0,C11-AA-001,0.7273,3,2,0,G2_tactic_intent,G2_tactic_intent,m3star_graph_transition_xgboost_v0.1,0
C11-otrf-apt29-day1-scranton-nashua,random,0.6,53,project05_m3star_h3_unshielded_dual,1,4.0,2,C11-AA-001|C11-AA-003,4.0,0.0,1,0,0,m3star_graph_action_value_xgboost_v0.3,m3star_graph_action_value_xgboost_v0.3,m3star_graph_action_value_xgboost_v0.3,10.0,0,1,1,0,development,0,2,0.5,G2_tactic_intent,0.6,1,G1_technique,5,0,0,3,1,1,,8,0,4.0,C11-AA-001,0.7273,3,2,1,G2_tactic_intent,G2_tactic_intent,m3star_graph_transition_xgboost_v0.1,0
C11-otrf-apt29-day1-scranton-nashua,random,0.6,53,project05_m3star_h3_transition_only,1,4.0,2,C11-AA-001|C11-AA-003,4.0,0.0,1,0,0,none,none,none,10.0,0,1,1,0,development,0,2,0.5,G2_tactic_intent,0.6,1,G1_technique,5,0,1,3,1,0,,8,1,4.0,C11-AA-001,0.7273,3,2,1,G2_tactic_intent,G2_tactic_intent,m3star_graph_transition_xgboost_v0.1,0
C11-otrf-apt29-day1-scranton-nashua,random,0.6,53,project05_m3star_h1_dual,1,4.0,2,C11-AA-001|C11-AA-003,4.0,0.0,1,0,0,m3star_graph_action_value_xgboost_v0.3,m3star_graph_action_value_xgboost_v0.3,m3star_graph_action_value_xgboost_v0.3,10.0,0,1,1,0,development,0,2,0.5,G2_tactic_intent,0.6,1,G1_technique,5,0,1,1,1,1,,8,1,4.0,C11-AA-001,0.7273,3,2,1,G2_tactic_intent,G2_tactic_intent,m3star_graph_transition_xgboost_v0.1,0
C11-otrf-apt29-day1-scranton-nashua,random,0.6,53,project05_xgboost_policy,1,4.0,2,C11-AA-001|C11-AA-003,4.0,0.0,1,0,0,,,,10.0,0,1,1,,development,0,2,0.5,G2_tactic_intent,0.6,1,G1_technique,5,0,,,,,,,,4.0,C11-AA-001,0.7273,3,2,,G2_tactic_intent,G2_tactic_intent,,0
C11-otrf-apt29-day1-scranton-nashua,random,0.6,53,project05_m3b_policy,1,4.0,2,C11-AA-001|C11-AA-003,4.0,0.0,1,0,0,,,,10.0,0,1,1,,development,0,2,0.5,G2_tactic_intent,0.6,1,G1_technique,5,0,,,,,,,,4.0,C11-AA-001,0.7273,3,2,,G2_tactic_intent,G2_tactic_intent,,0
C11-otrf-apt29-day1-scranton-nashua,random,0.6,53,project05_m2,1,4.0,2,C11-AA-003|C11-AA-001,4.0,0.0,0,0,0,,,,10.0,0,1,1,,development,0,2,0.5,G2_tactic_intent,0.6,1,G1_technique,5,0,,,,,,,,4.0,C11-AA-001,0.7273,3,2,,G2_tactic_intent,G2_tactic_intent,,0
C11-otrf-apt29-day1-scranton-nashua,random,0.6,53,oracle_optimal,1,4.0,2,C11-AA-001|C11-AA-003,4.0,0.0,1,0,0,,,,10.0,0,1,1,,development,0,2,0.5,G2_tactic_intent,0.6,1,G1_technique,5,0,,,,,,,,4.0,C11-AA-001,0.7273,3,2,,G2_tactic_intent,G2_tactic_intent,,0
C11-otrf-apt29-day1-scranton-nashua,stage,0.2,11,project05_m3star_h3_dual,1,0.0,0,,0.0,0.0,0,0,0,m3star_graph_action_value_xgboost_v0.3,m3star_graph_action_value_xgboost_v0.3,m3star_graph_action_value_xgboost_v0.3,10.0,0,1,1,0,development,0,2,0.5,G2_tactic_intent,0.6,0,G2_tactic_intent,2,0,1,3,1,1,,8,1,0.0,,0.0,0,0,1,G2_tactic_intent,G2_tactic_intent,m3star_graph_transition_xgboost_v0.1,0
C11-otrf-apt29-day1-scranton-nashua,stage,0.2,11,project05_m3star_h3_no_dominance_dual,1,0.0,0,,0.0,0.0,0,0,0,m3star_graph_action_value_xgboost_v0.3,m3star_graph_action_value_xgboost_v0.3,m3star_graph_action_value_xgboost_v0.3,10.0,0,1,1,0,development,0,2,0.5,G2_tactic_intent,0.6,0,G2_tactic_intent,2,0,1,3,0,1,,8,1,0.0,,0.0,0,0,0,G2_tactic_intent,G2_tactic_intent,m3star_graph_transition_xgboost_v0.1,0
C11-otrf-apt29-day1-scranton-nashua,stage,0.2,11,project05_m3star_h3_unshielded_dual,1,0.0,0,,0.0,0.0,0,0,0,m3star_graph_action_value_xgboost_v0.3,m3star_graph_action_value_xgboost_v0.3,m3star_graph_action_value_xgboost_v0.3,10.0,0,1,1,0,development,0,2,0.5,G2_tactic_intent,0.6,0,G2_tactic_intent,2,0,0,3,1,1,,8,0,0.0,,0.0,0,0,1,G2_tactic_intent,G2_tactic_intent,m3star_graph_transition_xgboost_v0.1,0
C11-otrf-apt29-day1-scranton-nashua,stage,0.2,11,project05_m3star_h3_transition_only,1,0.0,0,,0.0,0.0,0,0,0,none,none,none,10.0,0,1,1,0,development,0,2,0.5,G2_tactic_intent,0.6,0,G2_tactic_intent,2,0,1,3,1,0,,8,1,0.0,,0.0,0,0,1,G2_tactic_intent,G2_tactic_intent,m3star_graph_transition_xgboost_v0.1,0
C11-otrf-apt29-day1-scranton-nashua,stage,0.2,11,project05_m3star_h1_dual,1,0.0,0,,0.0,0.0,0,0,0,m3star_graph_action_value_xgboost_v0.3,m3star_graph_action_value_xgboost_v0.3,m3star_graph_action_value_xgboost_v0.3,10.0,0,1,1,0,development,0,2,0.5,G2_tactic_intent,0.6,0,G2_tactic_intent,2,0,1,1,1,1,,8,1,0.0,,0.0,0,0,1,G2_tactic_intent,G2_tactic_intent,m3star_graph_transition_xgboost_v0.1,0
C11-otrf-apt29-day1-scranton-nashua,stage,0.2,11,project05_xgboost_policy,1,0.0,0,,0.0,0.0,0,0,0,,,,10.0,0,1,1,,development,0,2,0.5,G2_tactic_intent,0.6,0,G2_tactic_intent,2,0,,,,,,,,0.0,,0.0,0,0,,G2_tactic_intent,G2_tactic_intent,,0
C11-otrf-apt29-day1-scranton-nashua,stage,0.2,11,project05_m3b_policy,1,0.0,0,,0.0,0.0,0,0,0,,,,10.0,0,1,1,,development,0,2,0.5,G2_tactic_intent,0.6,0,G2_tactic_intent,2,0,,,,,,,,0.0,,0.0,0,0,,G2_tactic_intent,G2_tactic_intent,,0
C11-otrf-apt29-day1-scranton-nashua,stage,0.2,11,project05_m2,1,0.0,0,,0.0,0.0,0,0,0,,,,10.0,0,1,1,,development,0,2,0.5,G2_tactic_intent,0.6,0,G2_tactic_intent,2,0,,,,,,,,0.0,,0.0,0,0,,G2_tactic_intent,G2_tactic_intent,,0
C11-otrf-apt29-day1-scranton-nashua,stage,0.2,11,oracle_optimal,1,0.0,0,,0.0,0.0,0,0,0,,,,10.0,0,1,1,,development,0,2,0.5,G2_tactic_intent,0.6,0,G2_tactic_intent,2,0,,,,,,,,0.0,,0.0,0,0,,G2_tactic_intent,G2_tactic_intent,,0
C11-otrf-apt29-day1-scranton-nashua,stage,0.2,23,project05_m3star_h3_dual,1,0.0,0,,0.0,0.0,0,0,0,m3star_graph_action_value_xgboost_v0.3,m3star_graph_action_value_xgboost_v0.3,m3star_graph_action_value_xgboost_v0.3,10.0,0,1,1,0,development,0,2,0.5,G2_tactic_intent,0.6,0,G2_tactic_intent,2,0,1,3,1,1,,8,1,0.0,,0.0,0,0,1,G2_tactic_intent,G2_tactic_intent,m3star_graph_transition_xgboost_v0.1,0
C11-otrf-apt29-day1-scranton-nashua,stage,0.2,23,project05_m3star_h3_no_dominance_dual,1,0.0,0,,0.0,0.0,0,0,0,m3star_graph_action_value_xgboost_v0.3,m3star_graph_action_value_xgboost_v0.3,m3star_graph_action_value_xgboost_v0.3,10.0,0,1,1,0,development,0,2,0.5,G2_tactic_intent,0.6,0,G2_tactic_intent,2,0,1,3,0,1,,8,1,0.0,,0.0,0,0,0,G2_tactic_intent,G2_tactic_intent,m3star_graph_transition_xgboost_v0.1,0
C11-otrf-apt29-day1-scranton-nashua,stage,0.2,23,project05_m3star_h3_unshielded_dual,1,0.0,0,,0.0,0.0,0,0,0,m3star_graph_action_value_xgboost_v0.3,m3star_graph_action_value_xgboost_v0.3,m3star_graph_action_value_xgboost_v0.3,10.0,0,1,1,0,development,0,2,0.5,G2_tactic_intent,0.6,0,G2_tactic_intent,2,0,0,3,1,1,,8,0,0.0,,0.0,0,0,1,G2_tactic_intent,G2_tactic_intent,m3star_graph_transition_xgboost_v0.1,0
C11-otrf-apt29-day1-scranton-nashua,stage,0.2,23,project05_m3star_h3_transition_only,1,0.0,0,,0.0,0.0,0,0,0,none,none,none,10.0,0,1,1,0,development,0,2,0.5,G2_tactic_intent,0.6,0,G2_tactic_intent,2,0,1,3,1,0,,8,1,0.0,,0.0,0,0,1,G2_tactic_intent,G2_tactic_intent,m3star_graph_transition_xgboost_v0.1,0
C11-otrf-apt29-day1-scranton-nashua,stage,0.2,23,project05_m3star_h1_dual,1,0.0,0,,0.0,0.0,0,0,0,m3star_graph_action_value_xgboost_v0.3,m3star_graph_action_value_xgboost_v0.3,m3star_graph_action_value_xgboost_v0.3,10.0,0,1,1,0,development,0,2,0.5,G2_tactic_intent,0.6,0,G2_tactic_intent,2,0,1,1,1,1,,8,1,0.0,,0.0,0,0,1,G2_tactic_intent,G2_tactic_intent,m3star_graph_transition_xgboost_v0.1,0
C11-otrf-apt29-day1-scranton-nashua,stage,0.2,23,project05_xgboost_policy,1,0.0,0,,0.0,0.0,0,0,0,,,,10.0,0,1,1,,development,0,2,0.5,G2_tactic_intent,0.6,0,G2_tactic_intent,2,0,,,,,,,,0.0,,0.0,0,0,,G2_tactic_intent,G2_tactic_intent,,0
C11-otrf-apt29-day1-scranton-nashua,stage,0.2,23,project05_m3b_policy,1,0.0,0,,0.0,0.0,0,0,0,,,,10.0,0,1,1,,development,0,2,0.5,G2_tactic_intent,0.6,0,G2_tactic_intent,2,0,,,,,,,,0.0,,0.0,0,0,,G2_tactic_intent,G2_tactic_intent,,0
C11-otrf-apt29-day1-scranton-nashua,stage,0.2,23,project05_m2,1,0.0,0,,0.0,0.0,0,0,0,,,,10.0,0,1,1,,development,0,2,0.5,G2_tactic_intent,0.6,0,G2_tactic_intent,2,0,,,,,,,,0.0,,0.0,0,0,,G2_tactic_intent,G2_tactic_intent,,0
C11-otrf-apt29-day1-scranton-nashua,stage,0.2,23,oracle_optimal,1,0.0,0,,0.0,0.0,0,0,0,,,,10.0,0,1,1,,development,0,2,0.5,G2_tactic_intent,0.6,0,G2_tactic_intent,2,0,,,,,,,,0.0,,0.0,0,0,,G2_tactic_intent,G2_tactic_intent,,0
C11-otrf-apt29-day1-scranton-nashua,stage,0.2,37,project05_m3star_h3_dual,1,0.0,0,,0.0,0.0,0,0,0,m3star_graph_action_value_xgboost_v0.3,m3star_graph_action_value_xgboost_v0.3,m3star_graph_action_value_xgboost_v0.3,10.0,0,1,1,0,development,0,2,0.5,G2_tactic_intent,0.6,0,G2_tactic_intent,2,0,1,3,1,1,,8,1,0.0,,0.0,0,0,1,G2_tactic_intent,G2_tactic_intent,m3star_graph_transition_xgboost_v0.1,0
C11-otrf-apt29-day1-scranton-nashua,stage,0.2,37,project05_m3star_h3_no_dominance_dual,1,0.0,0,,0.0,0.0,0,0,0,m3star_graph_action_value_xgboost_v0.3,m3star_graph_action_value_xgboost_v0.3,m3star_graph_action_value_xgboost_v0.3,10.0,0,1,1,0,development,0,2,0.5,G2_tactic_intent,0.6,0,G2_tactic_intent,2,0,1,3,0,1,,8,1,0.0,,0.0,0,0,0,G2_tactic_intent,G2_tactic_intent,m3star_graph_transition_xgboost_v0.1,0
C11-otrf-apt29-day1-scranton-nashua,stage,0.2,37,project05_m3star_h3_unshielded_dual,1,0.0,0,,0.0,0.0,0,0,0,m3star_graph_action_value_xgboost_v0.3,m3star_graph_action_value_xgboost_v0.3,m3star_graph_action_value_xgboost_v0.3,10.0,0,1,1,0,development,0,2,0.5,G2_tactic_intent,0.6,0,G2_tactic_intent,2,0,0,3,1,1,,8,0,0.0,,0.0,0,0,1,G2_tactic_intent,G2_tactic_intent,m3star_graph_transition_xgboost_v0.1,0
C11-otrf-apt29-day1-scranton-nashua,stage,0.2,37,project05_m3star_h3_transition_only,1,0.0,0,,0.0,0.0,0,0,0,none,none,none,10.0,0,1,1,0,development,0,2,0.5,G2_tactic_intent,0.6,0,G2_tactic_intent,2,0,1,3,1,0,,8,1,0.0,,0.0,0,0,1,G2_tactic_intent,G2_tactic_intent,m3star_graph_transition_xgboost_v0.1,0
C11-otrf-apt29-day1-scranton-nashua,stage,0.2,37,project05_m3star_h1_dual,1,0.0,0,,0.0,0.0,0,0,0,m3star_graph_action_value_xgboost_v0.3,m3star_graph_action_value_xgboost_v0.3,m3star_graph_action_value_xgboost_v0.3,10.0,0,1,1,0,development,0,2,0.5,G2_tactic_intent,0.6,0,G2_tactic_intent,2,0,1,1,1,1,,8,1,0.0,,0.0,0,0,1,G2_tactic_intent,G2_tactic_intent,m3star_graph_transition_xgboost_v0.1,0
C11-otrf-apt29-day1-scranton-nashua,stage,0.2,37,project05_xgboost_policy,1,0.0,0,,0.0,0.0,0,0,0,,,,10.0,0,1,1,,development,0,2,0.5,G2_tactic_intent,0.6,0,G2_tactic_intent,2,0,,,,,,,,0.0,,0.0,0,0,,G2_tactic_intent,G2_tactic_intent,,0
C11-otrf-apt29-day1-scranton-nashua,stage,0.2,37,project05_m3b_policy,1,0.0,0,,0.0,0.0,0,0,0,,,,10.0,0,1,1,,development,0,2,0.5,G2_tactic_intent,0.6,0,G2_tactic_intent,2,0,,,,,,,,0.0,,0.0,0,0,,G2_tactic_intent,G2_tactic_intent,,0
C11-otrf-apt29-day1-scranton-nashua,stage,0.2,37,project05_m2,1,0.0,0,,0.0,0.0,0,0,0,,,,10.0,0,1,1,,development,0,2,0.5,G2_tactic_intent,0.6,0,G2_tactic_intent,2,0,,,,,,,,0.0,,0.0,0,0,,G2_tactic_intent,G2_tactic_intent,,0
C11-otrf-apt29-day1-scranton-nashua,stage,0.2,37,oracle_optimal,1,0.0,0,,0.0,0.0,0,0,0,,,,10.0,0,1,1,,development,0,2,0.5,G2_tactic_intent,0.6,0,G2_tactic_intent,2,0,,,,,,,,0.0,,0.0,0,0,,G2_tactic_intent,G2_tactic_intent,,0
C11-otrf-apt29-day1-scranton-nashua,stage,0.2,41,project05_m3star_h3_dual,1,0.0,0,,0.0,0.0,0,0,0,m3star_graph_action_value_xgboost_v0.3,m3star_graph_action_value_xgboost_v0.3,m3star_graph_action_value_xgboost_v0.3,10.0,0,1,1,0,development,0,2,0.5,G2_tactic_intent,0.6,0,G2_tactic_intent,2,0,1,3,1,1,,8,1,0.0,,0.0,0,0,1,G2_tactic_intent,G2_tactic_intent,m3star_graph_transition_xgboost_v0.1,0
C11-otrf-apt29-day1-scranton-nashua,stage,0.2,41,project05_m3star_h3_no_dominance_dual,1,0.0,0,,0.0,0.0,0,0,0,m3star_graph_action_value_xgboost_v0.3,m3star_graph_action_value_xgboost_v0.3,m3star_graph_action_value_xgboost_v0.3,10.0,0,1,1,0,development,0,2,0.5,G2_tactic_intent,0.6,0,G2_tactic_intent,2,0,1,3,0,1,,8,1,0.0,,0.0,0,0,0,G2_tactic_intent,G2_tactic_intent,m3star_graph_transition_xgboost_v0.1,0
C11-otrf-apt29-day1-scranton-nashua,stage,0.2,41,project05_m3star_h3_unshielded_dual,1,0.0,0,,0.0,0.0,0,0,0,m3star_graph_action_value_xgboost_v0.3,m3star_graph_action_value_xgboost_v0.3,m3star_graph_action_value_xgboost_v0.3,10.0,0,1,1,0,development,0,2,0.5,G2_tactic_intent,0.6,0,G2_tactic_intent,2,0,0,3,1,1,,8,0,0.0,,0.0,0,0,1,G2_tactic_intent,G2_tactic_intent,m3star_graph_transition_xgboost_v0.1,0
C11-otrf-apt29-day1-scranton-nashua,stage,0.2,41,project05_m3star_h3_transition_only,1,0.0,0,,0.0,0.0,0,0,0,none,none,none,10.0,0,1,1,0,development,0,2,0.5,G2_tactic_intent,0.6,0,G2_tactic_intent,2,0,1,3,1,0,,8,1,0.0,,0.0,0,0,1,G2_tactic_intent,G2_tactic_intent,m3star_graph_transition_xgboost_v0.1,0
C11-otrf-apt29-day1-scranton-nashua,stage,0.2,41,project05_m3star_h1_dual,1,0.0,0,,0.0,0.0,0,0,0,m3star_graph_action_value_xgboost_v0.3,m3star_graph_action_value_xgboost_v0.3,m3star_graph_action_value_xgboost_v0.3,10.0,0,1,1,0,development,0,2,0.5,G2_tactic_intent,0.6,0,G2_tactic_intent,2,0,1,1,1,1,,8,1,0.0,,0.0,0,0,1,G2_tactic_intent,G2_tactic_intent,m3star_graph_transition_xgboost_v0.1,0
C11-otrf-apt29-day1-scranton-nashua,stage,0.2,41,project05_xgboost_policy,1,0.0,0,,0.0,0.0,0,0,0,,,,10.0,0,1,1,,development,0,2,0.5,G2_tactic_intent,0.6,0,G2_tactic_intent,2,0,,,,,,,,0.0,,0.0,0,0,,G2_tactic_intent,G2_tactic_intent,,0
C11-otrf-apt29-day1-scranton-nashua,stage,0.2,41,project05_m3b_policy,1,0.0,0,,0.0,0.0,0,0,0,,,,10.0,0,1,1,,development,0,2,0.5,G2_tactic_intent,0.6,0,G2_tactic_intent,2,0,,,,,,,,0.0,,0.0,0,0,,G2_tactic_intent,G2_tactic_intent,,0
C11-otrf-apt29-day1-scranton-nashua,stage,0.2,41,project05_m2,1,0.0,0,,0.0,0.0,0,0,0,,,,10.0,0,1,1,,development,0,2,0.5,G2_tactic_intent,0.6,0,G2_tactic_intent,2,0,,,,,,,,0.0,,0.0,0,0,,G2_tactic_intent,G2_tactic_intent,,0
C11-otrf-apt29-day1-scranton-nashua,stage,0.2,41,oracle_optimal,1,0.0,0,,0.0,0.0,0,0,0,,,,10.0,0,1,1,,development,0,2,0.5,G2_tactic_intent,0.6,0,G2_tactic_intent,2,0,,,,,,,,0.0,,0.0,0,0,,G2_tactic_intent,G2_tactic_intent,,0
C11-otrf-apt29-day1-scranton-nashua,stage,0.2,53,project05_m3star_h3_dual,1,0.0,0,,0.0,0.0,0,0,0,m3star_graph_action_value_xgboost_v0.3,m3star_graph_action_value_xgboost_v0.3,m3star_graph_action_value_xgboost_v0.3,10.0,0,1,1,0,development,0,2,0.5,G2_tactic_intent,0.6,0,G2_tactic_intent,2,0,1,3,1,1,,8,1,0.0,,0.0,0,0,1,G2_tactic_intent,G2_tactic_intent,m3star_graph_transition_xgboost_v0.1,0
C11-otrf-apt29-day1-scranton-nashua,stage,0.2,53,project05_m3star_h3_no_dominance_dual,1,0.0,0,,0.0,0.0,0,0,0,m3star_graph_action_value_xgboost_v0.3,m3star_graph_action_value_xgboost_v0.3,m3star_graph_action_value_xgboost_v0.3,10.0,0,1,1,0,development,0,2,0.5,G2_tactic_intent,0.6,0,G2_tactic_intent,2,0,1,3,0,1,,8,1,0.0,,0.0,0,0,0,G2_tactic_intent,G2_tactic_intent,m3star_graph_transition_xgboost_v0.1,0
C11-otrf-apt29-day1-scranton-nashua,stage,0.2,53,project05_m3star_h3_unshielded_dual,1,0.0,0,,0.0,0.0,0,0,0,m3star_graph_action_value_xgboost_v0.3,m3star_graph_action_value_xgboost_v0.3,m3star_graph_action_value_xgboost_v0.3,10.0,0,1,1,0,development,0,2,0.5,G2_tactic_intent,0.6,0,G2_tactic_intent,2,0,0,3,1,1,,8,0,0.0,,0.0,0,0,1,G2_tactic_intent,G2_tactic_intent,m3star_graph_transition_xgboost_v0.1,0
C11-otrf-apt29-day1-scranton-nashua,stage,0.2,53,project05_m3star_h3_transition_only,1,0.0,0,,0.0,0.0,0,0,0,none,none,none,10.0,0,1,1,0,development,0,2,0.5,G2_tactic_intent,0.6,0,G2_tactic_intent,2,0,1,3,1,0,,8,1,0.0,,0.0,0,0,1,G2_tactic_intent,G2_tactic_intent,m3star_graph_transition_xgboost_v0.1,0
C11-otrf-apt29-day1-scranton-nashua,stage,0.2,53,project05_m3star_h1_dual,1,0.0,0,,0.0,0.0,0,0,0,m3star_graph_action_value_xgboost_v0.3,m3star_graph_action_value_xgboost_v0.3,m3star_graph_action_value_xgboost_v0.3,10.0,0,1,1,0,development,0,2,0.5,G2_tactic_intent,0.6,0,G2_tactic_intent,2,0,1,1,1,1,,8,1,0.0,,0.0,0,0,1,G2_tactic_intent,G2_tactic_intent,m3star_graph_transition_xgboost_v0.1,0
C11-otrf-apt29-day1-scranton-nashua,stage,0.2,53,project05_xgboost_policy,1,0.0,0,,0.0,0.0,0,0,0,,,,10.0,0,1,1,,development,0,2,0.5,G2_tactic_intent,0.6,0,G2_tactic_intent,2,0,,,,,,,,0.0,,0.0,0,0,,G2_tactic_intent,G2_tactic_intent,,0
C11-otrf-apt29-day1-scranton-nashua,stage,0.2,53,project05_m3b_policy,1,0.0,0,,0.0,0.0,0,0,0,,,,10.0,0,1,1,,development,0,2,0.5,G2_tactic_intent,0.6,0,G2_tactic_intent,2,0,,,,,,,,0.0,,0.0,0,0,,G2_tactic_intent,G2_tactic_intent,,0
C11-otrf-apt29-day1-scranton-nashua,stage,0.2,53,project05_m2,1,0.0,0,,0.0,0.0,0,0,0,,,,10.0,0,1,1,,development,0,2,0.5,G2_tactic_intent,0.6,0,G2_tactic_intent,2,0,,,,,,,,0.0,,0.0,0,0,,G2_tactic_intent,G2_tactic_intent,,0
C11-otrf-apt29-day1-scranton-nashua,stage,0.2,53,oracle_optimal,1,0.0,0,,0.0,0.0,0,0,0,,,,10.0,0,1,1,,development,0,2,0.5,G2_tactic_intent,0.6,0,G2_tactic_intent,2,0,,,,,,,,0.0,,0.0,0,0,,G2_tactic_intent,G2_tactic_intent,,0
C11-otrf-apt29-day1-scranton-nashua,stage,0.4,11,project05_m3star_h3_dual,1,4.0,2,C11-AA-001|C11-AA-002,4.0,0.0,1,0,0,m3star_graph_action_value_xgboost_v0.3,m3star_graph_action_value_xgboost_v0.3,m3star_graph_action_value_xgboost_v0.3,10.0,0,1,1,0,development,0,2,0.25,G2_tactic_intent,0.6,1,G1_technique,4,0,1,3,1,1,,8,1,4.0,C11-AA-001,1.0,3,2,1,G2_tactic_intent,G2_tactic_intent,m3star_graph_transition_xgboost_v0.1,0
C11-otrf-apt29-day1-scranton-nashua,stage,0.4,11,project05_m3star_h3_no_dominance_dual,1,4.0,2,C11-AA-001|C11-AA-002,4.0,0.0,1,0,0,m3star_graph_action_value_xgboost_v0.3,m3star_graph_action_value_xgboost_v0.3,m3star_graph_action_value_xgboost_v0.3,10.0,0,1,1,0,development,0,2,0.25,G2_tactic_intent,0.6,1,G1_technique,4,0,1,3,0,1,,8,1,4.0,C11-AA-001,1.0,3,2,0,G2_tactic_intent,G2_tactic_intent,m3star_graph_transition_xgboost_v0.1,0
C11-otrf-apt29-day1-scranton-nashua,stage,0.4,11,project05_m3star_h3_unshielded_dual,1,4.0,2,C11-AA-001|C11-AA-002,4.0,0.0,1,0,0,m3star_graph_action_value_xgboost_v0.3,m3star_graph_action_value_xgboost_v0.3,m3star_graph_action_value_xgboost_v0.3,10.0,0,1,1,0,development,0,2,0.25,G2_tactic_intent,0.6,1,G1_technique,4,0,0,3,1,1,,8,0,4.0,C11-AA-001,1.0,3,2,1,G2_tactic_intent,G2_tactic_intent,m3star_graph_transition_xgboost_v0.1,0
C11-otrf-apt29-day1-scranton-nashua,stage,0.4,11,project05_m3star_h3_transition_only,1,4.0,2,C11-AA-001|C11-AA-002,4.0,0.0,1,0,0,none,none,none,10.0,0,1,1,0,development,0,2,0.25,G2_tactic_intent,0.6,1,G1_technique,4,0,1,3,1,0,,8,1,4.0,C11-AA-001,1.0,3,2,1,G2_tactic_intent,G2_tactic_intent,m3star_graph_transition_xgboost_v0.1,0
C11-otrf-apt29-day1-scranton-nashua,stage,0.4,11,project05_m3star_h1_dual,1,4.0,2,C11-AA-001|C11-AA-002,4.0,0.0,1,0,0,m3star_graph_action_value_xgboost_v0.3,m3star_graph_action_value_xgboost_v0.3,m3star_graph_action_value_xgboost_v0.3,10.0,0,1,1,0,development,0,2,0.25,G2_tactic_intent,0.6,1,G1_technique,4,0,1,1,1,1,,8,1,4.0,C11-AA-001,1.0,3,2,1,G2_tactic_intent,G2_tactic_intent,m3star_graph_transition_xgboost_v0.1,0
C11-otrf-apt29-day1-scranton-nashua,stage,0.4,11,project05_xgboost_policy,1,4.0,2,C11-AA-001|C11-AA-002,4.0,0.0,1,0,0,,,,10.0,0,1,1,,development,0,2,0.25,G2_tactic_intent,0.6,1,G1_technique,4,0,,,,,,,,4.0,C11-AA-001,1.0,3,2,,G2_tactic_intent,G2_tactic_intent,,0
C11-otrf-apt29-day1-scranton-nashua,stage,0.4,11,project05_m3b_policy,1,4.0,2,C11-AA-001|C11-AA-002,4.0,0.0,1,0,0,,,,10.0,0,1,1,,development,0,2,0.25,G2_tactic_intent,0.6,1,G1_technique,4,0,,,,,,,,4.0,C11-AA-001,1.0,3,2,,G2_tactic_intent,G2_tactic_intent,,0
C11-otrf-apt29-day1-scranton-nashua,stage,0.4,11,project05_m2,1,4.0,2,C11-AA-002|C11-AA-001,4.0,0.0,0,0,0,,,,10.0,0,1,1,,development,0,2,0.25,G2_tactic_intent,0.6,1,G1_technique,4,0,,,,,,,,4.0,C11-AA-001,1.0,3,2,,G2_tactic_intent,G2_tactic_intent,,0
C11-otrf-apt29-day1-scranton-nashua,stage,0.4,11,oracle_optimal,1,4.0,2,C11-AA-001|C11-AA-002,4.0,0.0,1,0,0,,,,10.0,0,1,1,,development,0,2,0.25,G2_tactic_intent,0.6,1,G1_technique,4,0,,,,,,,,4.0,C11-AA-001,1.0,3,2,,G2_tactic_intent,G2_tactic_intent,,0
C11-otrf-apt29-day1-scranton-nashua,stage,0.4,23,project05_m3star_h3_dual,1,4.0,2,C11-AA-001|C11-AA-002,4.0,0.0,1,0,0,m3star_graph_action_value_xgboost_v0.3,m3star_graph_action_value_xgboost_v0.3,m3star_graph_action_value_xgboost_v0.3,10.0,0,1,1,0,development,0,2,0.25,G2_tactic_intent,0.6,1,G1_technique,4,0,1,3,1,1,,8,1,4.0,C11-AA-001,1.0,3,2,1,G2_tactic_intent,G2_tactic_intent,m3star_graph_transition_xgboost_v0.1,0
C11-otrf-apt29-day1-scranton-nashua,stage,0.4,23,project05_m3star_h3_no_dominance_dual,1,4.0,2,C11-AA-001|C11-AA-002,4.0,0.0,1,0,0,m3star_graph_action_value_xgboost_v0.3,m3star_graph_action_value_xgboost_v0.3,m3star_graph_action_value_xgboost_v0.3,10.0,0,1,1,0,development,0,2,0.25,G2_tactic_intent,0.6,1,G1_technique,4,0,1,3,0,1,,8,1,4.0,C11-AA-001,1.0,3,2,0,G2_tactic_intent,G2_tactic_intent,m3star_graph_transition_xgboost_v0.1,0
C11-otrf-apt29-day1-scranton-nashua,stage,0.4,23,project05_m3star_h3_unshielded_dual,1,4.0,2,C11-AA-001|C11-AA-002,4.0,0.0,1,0,0,m3star_graph_action_value_xgboost_v0.3,m3star_graph_action_value_xgboost_v0.3,m3star_graph_action_value_xgboost_v0.3,10.0,0,1,1,0,development,0,2,0.25,G2_tactic_intent,0.6,1,G1_technique,4,0,0,3,1,1,,8,0,4.0,C11-AA-001,1.0,3,2,1,G2_tactic_intent,G2_tactic_intent,m3star_graph_transition_xgboost_v0.1,0
C11-otrf-apt29-day1-scranton-nashua,stage,0.4,23,project05_m3star_h3_transition_only,1,4.0,2,C11-AA-001|C11-AA-002,4.0,0.0,1,0,0,none,none,none,10.0,0,1,1,0,development,0,2,0.25,G2_tactic_intent,0.6,1,G1_technique,4,0,1,3,1,0,,8,1,4.0,C11-AA-001,1.0,3,2,1,G2_tactic_intent,G2_tactic_intent,m3star_graph_transition_xgboost_v0.1,0
C11-otrf-apt29-day1-scranton-nashua,stage,0.4,23,project05_m3star_h1_dual,1,4.0,2,C11-AA-001|C11-AA-002,4.0,0.0,1,0,0,m3star_graph_action_value_xgboost_v0.3,m3star_graph_action_value_xgboost_v0.3,m3star_graph_action_value_xgboost_v0.3,10.0,0,1,1,0,development,0,2,0.25,G2_tactic_intent,0.6,1,G1_technique,4,0,1,1,1,1,,8,1,4.0,C11-AA-001,1.0,3,2,1,G2_tactic_intent,G2_tactic_intent,m3star_graph_transition_xgboost_v0.1,0
C11-otrf-apt29-day1-scranton-nashua,stage,0.4,23,project05_xgboost_policy,1,4.0,2,C11-AA-001|C11-AA-002,4.0,0.0,1,0,0,,,,10.0,0,1,1,,development,0,2,0.25,G2_tactic_intent,0.6,1,G1_technique,4,0,,,,,,,,4.0,C11-AA-001,1.0,3,2,,G2_tactic_intent,G2_tactic_intent,,0
C11-otrf-apt29-day1-scranton-nashua,stage,0.4,23,project05_m3b_policy,1,4.0,2,C11-AA-001|C11-AA-002,4.0,0.0,1,0,0,,,,10.0,0,1,1,,development,0,2,0.25,G2_tactic_intent,0.6,1,G1_technique,4,0,,,,,,,,4.0,C11-AA-001,1.0,3,2,,G2_tactic_intent,G2_tactic_intent,,0
C11-otrf-apt29-day1-scranton-nashua,stage,0.4,23,project05_m2,1,4.0,2,C11-AA-002|C11-AA-001,4.0,0.0,0,0,0,,,,10.0,0,1,1,,development,0,2,0.25,G2_tactic_intent,0.6,1,G1_technique,4,0,,,,,,,,4.0,C11-AA-001,1.0,3,2,,G2_tactic_intent,G2_tactic_intent,,0
C11-otrf-apt29-day1-scranton-nashua,stage,0.4,23,oracle_optimal,1,4.0,2,C11-AA-001|C11-AA-002,4.0,0.0,1,0,0,,,,10.0,0,1,1,,development,0,2,0.25,G2_tactic_intent,0.6,1,G1_technique,4,0,,,,,,,,4.0,C11-AA-001,1.0,3,2,,G2_tactic_intent,G2_tactic_intent,,0
C11-otrf-apt29-day1-scranton-nashua,stage,0.4,37,project05_m3star_h3_dual,1,4.0,2,C11-AA-001|C11-AA-002,4.0,0.0,1,0,0,m3star_graph_action_value_xgboost_v0.3,m3star_graph_action_value_xgboost_v0.3,m3star_graph_action_value_xgboost_v0.3,10.0,0,1,1,0,development,0,2,0.25,G2_tactic_intent,0.6,1,G1_technique,4,0,1,3,1,1,,8,1,4.0,C11-AA-001,1.0,3,2,1,G2_tactic_intent,G2_tactic_intent,m3star_graph_transition_xgboost_v0.1,0
C11-otrf-apt29-day1-scranton-nashua,stage,0.4,37,project05_m3star_h3_no_dominance_dual,1,4.0,2,C11-AA-001|C11-AA-002,4.0,0.0,1,0,0,m3star_graph_action_value_xgboost_v0.3,m3star_graph_action_value_xgboost_v0.3,m3star_graph_action_value_xgboost_v0.3,10.0,0,1,1,0,development,0,2,0.25,G2_tactic_intent,0.6,1,G1_technique,4,0,1,3,0,1,,8,1,4.0,C11-AA-001,1.0,3,2,0,G2_tactic_intent,G2_tactic_intent,m3star_graph_transition_xgboost_v0.1,0
C11-otrf-apt29-day1-scranton-nashua,stage,0.4,37,project05_m3star_h3_unshielded_dual,1,4.0,2,C11-AA-001|C11-AA-002,4.0,0.0,1,0,0,m3star_graph_action_value_xgboost_v0.3,m3star_graph_action_value_xgboost_v0.3,m3star_graph_action_value_xgboost_v0.3,10.0,0,1,1,0,development,0,2,0.25,G2_tactic_intent,0.6,1,G1_technique,4,0,0,3,1,1,,8,0,4.0,C11-AA-001,1.0,3,2,1,G2_tactic_intent,G2_tactic_intent,m3star_graph_transition_xgboost_v0.1,0
C11-otrf-apt29-day1-scranton-nashua,stage,0.4,37,project05_m3star_h3_transition_only,1,4.0,2,C11-AA-001|C11-AA-002,4.0,0.0,1,0,0,none,none,none,10.0,0,1,1,0,development,0,2,0.25,G2_tactic_intent,0.6,1,G1_technique,4,0,1,3,1,0,,8,1,4.0,C11-AA-001,1.0,3,2,1,G2_tactic_intent,G2_tactic_intent,m3star_graph_transition_xgboost_v0.1,0
C11-otrf-apt29-day1-scranton-nashua,stage,0.4,37,project05_m3star_h1_dual,1,4.0,2,C11-AA-001|C11-AA-002,4.0,0.0,1,0,0,m3star_graph_action_value_xgboost_v0.3,m3star_graph_action_value_xgboost_v0.3,m3star_graph_action_value_xgboost_v0.3,10.0,0,1,1,0,development,0,2,0.25,G2_tactic_intent,0.6,1,G1_technique,4,0,1,1,1,1,,8,1,4.0,C11-AA-001,1.0,3,2,1,G2_tactic_intent,G2_tactic_intent,m3star_graph_transition_xgboost_v0.1,0
C11-otrf-apt29-day1-scranton-nashua,stage,0.4,37,project05_xgboost_policy,1,4.0,2,C11-AA-001|C11-AA-002,4.0,0.0,1,0,0,,,,10.0,0,1,1,,development,0,2,0.25,G2_tactic_intent,0.6,1,G1_technique,4,0,,,,,,,,4.0,C11-AA-001,1.0,3,2,,G2_tactic_intent,G2_tactic_intent,,0
C11-otrf-apt29-day1-scranton-nashua,stage,0.4,37,project05_m3b_policy,1,4.0,2,C11-AA-001|C11-AA-002,4.0,0.0,1,0,0,,,,10.0,0,1,1,,development,0,2,0.25,G2_tactic_intent,0.6,1,G1_technique,4,0,,,,,,,,4.0,C11-AA-001,1.0,3,2,,G2_tactic_intent,G2_tactic_intent,,0
C11-otrf-apt29-day1-scranton-nashua,stage,0.4,37,project05_m2,1,4.0,2,C11-AA-002|C11-AA-001,4.0,0.0,0,0,0,,,,10.0,0,1,1,,development,0,2,0.25,G2_tactic_intent,0.6,1,G1_technique,4,0,,,,,,,,4.0,C11-AA-001,1.0,3,2,,G2_tactic_intent,G2_tactic_intent,,0
C11-otrf-apt29-day1-scranton-nashua,stage,0.4,37,oracle_optimal,1,4.0,2,C11-AA-001|C11-AA-002,4.0,0.0,1,0,0,,,,10.0,0,1,1,,development,0,2,0.25,G2_tactic_intent,0.6,1,G1_technique,4,0,,,,,,,,4.0,C11-AA-001,1.0,3,2,,G2_tactic_intent,G2_tactic_intent,,0
C11-otrf-apt29-day1-scranton-nashua,stage,0.4,41,project05_m3star_h3_dual,1,4.0,2,C11-AA-001|C11-AA-002,4.0,0.0,1,0,0,m3star_graph_action_value_xgboost_v0.3,m3star_graph_action_value_xgboost_v0.3,m3star_graph_action_value_xgboost_v0.3,10.0,0,1,1,0,development,0,2,0.25,G2_tactic_intent,0.6,1,G1_technique,4,0,1,3,1,1,,8,1,4.0,C11-AA-001,1.0,3,2,1,G2_tactic_intent,G2_tactic_intent,m3star_graph_transition_xgboost_v0.1,0
C11-otrf-apt29-day1-scranton-nashua,stage,0.4,41,project05_m3star_h3_no_dominance_dual,1,4.0,2,C11-AA-001|C11-AA-002,4.0,0.0,1,0,0,m3star_graph_action_value_xgboost_v0.3,m3star_graph_action_value_xgboost_v0.3,m3star_graph_action_value_xgboost_v0.3,10.0,0,1,1,0,development,0,2,0.25,G2_tactic_intent,0.6,1,G1_technique,4,0,1,3,0,1,,8,1,4.0,C11-AA-001,1.0,3,2,0,G2_tactic_intent,G2_tactic_intent,m3star_graph_transition_xgboost_v0.1,0
C11-otrf-apt29-day1-scranton-nashua,stage,0.4,41,project05_m3star_h3_unshielded_dual,1,4.0,2,C11-AA-001|C11-AA-002,4.0,0.0,1,0,0,m3star_graph_action_value_xgboost_v0.3,m3star_graph_action_value_xgboost_v0.3,m3star_graph_action_value_xgboost_v0.3,10.0,0,1,1,0,development,0,2,0.25,G2_tactic_intent,0.6,1,G1_technique,4,0,0,3,1,1,,8,0,4.0,C11-AA-001,1.0,3,2,1,G2_tactic_intent,G2_tactic_intent,m3star_graph_transition_xgboost_v0.1,0
C11-otrf-apt29-day1-scranton-nashua,stage,0.4,41,project05_m3star_h3_transition_only,1,4.0,2,C11-AA-001|C11-AA-002,4.0,0.0,1,0,0,none,none,none,10.0,0,1,1,0,development,0,2,0.25,G2_tactic_intent,0.6,1,G1_technique,4,0,1,3,1,0,,8,1,4.0,C11-AA-001,1.0,3,2,1,G2_tactic_intent,G2_tactic_intent,m3star_graph_transition_xgboost_v0.1,0
C11-otrf-apt29-day1-scranton-nashua,stage,0.4,41,project05_m3star_h1_dual,1,4.0,2,C11-AA-001|C11-AA-002,4.0,0.0,1,0,0,m3star_graph_action_value_xgboost_v0.3,m3star_graph_action_value_xgboost_v0.3,m3star_graph_action_value_xgboost_v0.3,10.0,0,1,1,0,development,0,2,0.25,G2_tactic_intent,0.6,1,G1_technique,4,0,1,1,1,1,,8,1,4.0,C11-AA-001,1.0,3,2,1,G2_tactic_intent,G2_tactic_intent,m3star_graph_transition_xgboost_v0.1,0
C11-otrf-apt29-day1-scranton-nashua,stage,0.4,41,project05_xgboost_policy,1,4.0,2,C11-AA-001|C11-AA-002,4.0,0.0,1,0,0,,,,10.0,0,1,1,,development,0,2,0.25,G2_tactic_intent,0.6,1,G1_technique,4,0,,,,,,,,4.0,C11-AA-001,1.0,3,2,,G2_tactic_intent,G2_tactic_intent,,0
C11-otrf-apt29-day1-scranton-nashua,stage,0.4,41,project05_m3b_policy,1,4.0,2,C11-AA-001|C11-AA-002,4.0,0.0,1,0,0,,,,10.0,0,1,1,,development,0,2,0.25,G2_tactic_intent,0.6,1,G1_technique,4,0,,,,,,,,4.0,C11-AA-001,1.0,3,2,,G2_tactic_intent,G2_tactic_intent,,0
C11-otrf-apt29-day1-scranton-nashua,stage,0.4,41,project05_m2,1,4.0,2,C11-AA-002|C11-AA-001,4.0,0.0,0,0,0,,,,10.0,0,1,1,,development,0,2,0.25,G2_tactic_intent,0.6,1,G1_technique,4,0,,,,,,,,4.0,C11-AA-001,1.0,3,2,,G2_tactic_intent,G2_tactic_intent,,0
C11-otrf-apt29-day1-scranton-nashua,stage,0.4,41,oracle_optimal,1,4.0,2,C11-AA-001|C11-AA-002,4.0,0.0,1,0,0,,,,10.0,0,1,1,,development,0,2,0.25,G2_tactic_intent,0.6,1,G1_technique,4,0,,,,,,,,4.0,C11-AA-001,1.0,3,2,,G2_tactic_intent,G2_tactic_intent,,0
C11-otrf-apt29-day1-scranton-nashua,stage,0.4,53,project05_m3star_h3_dual,1,4.0,2,C11-AA-001|C11-AA-002,4.0,0.0,1,0,0,m3star_graph_action_value_xgboost_v0.3,m3star_graph_action_value_xgboost_v0.3,m3star_graph_action_value_xgboost_v0.3,10.0,0,1,1,0,development,0,2,0.25,G2_tactic_intent,0.6,1,G1_technique,4,0,1,3,1,1,,8,1,4.0,C11-AA-001,1.0,3,2,1,G2_tactic_intent,G2_tactic_intent,m3star_graph_transition_xgboost_v0.1,0
C11-otrf-apt29-day1-scranton-nashua,stage,0.4,53,project05_m3star_h3_no_dominance_dual,1,4.0,2,C11-AA-001|C11-AA-002,4.0,0.0,1,0,0,m3star_graph_action_value_xgboost_v0.3,m3star_graph_action_value_xgboost_v0.3,m3star_graph_action_value_xgboost_v0.3,10.0,0,1,1,0,development,0,2,0.25,G2_tactic_intent,0.6,1,G1_technique,4,0,1,3,0,1,,8,1,4.0,C11-AA-001,1.0,3,2,0,G2_tactic_intent,G2_tactic_intent,m3star_graph_transition_xgboost_v0.1,0
C11-otrf-apt29-day1-scranton-nashua,stage,0.4,53,project05_m3star_h3_unshielded_dual,1,4.0,2,C11-AA-001|C11-AA-002,4.0,0.0,1,0,0,m3star_graph_action_value_xgboost_v0.3,m3star_graph_action_value_xgboost_v0.3,m3star_graph_action_value_xgboost_v0.3,10.0,0,1,1,0,development,0,2,0.25,G2_tactic_intent,0.6,1,G1_technique,4,0,0,3,1,1,,8,0,4.0,C11-AA-001,1.0,3,2,1,G2_tactic_intent,G2_tactic_intent,m3star_graph_transition_xgboost_v0.1,0
C11-otrf-apt29-day1-scranton-nashua,stage,0.4,53,project05_m3star_h3_transition_only,1,4.0,2,C11-AA-001|C11-AA-002,4.0,0.0,1,0,0,none,none,none,10.0,0,1,1,0,development,0,2,0.25,G2_tactic_intent,0.6,1,G1_technique,4,0,1,3,1,0,,8,1,4.0,C11-AA-001,1.0,3,2,1,G2_tactic_intent,G2_tactic_intent,m3star_graph_transition_xgboost_v0.1,0
C11-otrf-apt29-day1-scranton-nashua,stage,0.4,53,project05_m3star_h1_dual,1,4.0,2,C11-AA-001|C11-AA-002,4.0,0.0,1,0,0,m3star_graph_action_value_xgboost_v0.3,m3star_graph_action_value_xgboost_v0.3,m3star_graph_action_value_xgboost_v0.3,10.0,0,1,1,0,development,0,2,0.25,G2_tactic_intent,0.6,1,G1_technique,4,0,1,1,1,1,,8,1,4.0,C11-AA-001,1.0,3,2,1,G2_tactic_intent,G2_tactic_intent,m3star_graph_transition_xgboost_v0.1,0
C11-otrf-apt29-day1-scranton-nashua,stage,0.4,53,project05_xgboost_policy,1,4.0,2,C11-AA-001|C11-AA-002,4.0,0.0,1,0,0,,,,10.0,0,1,1,,development,0,2,0.25,G2_tactic_intent,0.6,1,G1_technique,4,0,,,,,,,,4.0,C11-AA-001,1.0,3,2,,G2_tactic_intent,G2_tactic_intent,,0
C11-otrf-apt29-day1-scranton-nashua,stage,0.4,53,project05_m3b_policy,1,4.0,2,C11-AA-001|C11-AA-002,4.0,0.0,1,0,0,,,,10.0,0,1,1,,development,0,2,0.25,G2_tactic_intent,0.6,1,G1_technique,4,0,,,,,,,,4.0,C11-AA-001,1.0,3,2,,G2_tactic_intent,G2_tactic_intent,,0
C11-otrf-apt29-day1-scranton-nashua,stage,0.4,53,project05_m2,1,4.0,2,C11-AA-002|C11-AA-001,4.0,0.0,0,0,0,,,,10.0,0,1,1,,development,0,2,0.25,G2_tactic_intent,0.6,1,G1_technique,4,0,,,,,,,,4.0,C11-AA-001,1.0,3,2,,G2_tactic_intent,G2_tactic_intent,,0
C11-otrf-apt29-day1-scranton-nashua,stage,0.4,53,oracle_optimal,1,4.0,2,C11-AA-001|C11-AA-002,4.0,0.0,1,0,0,,,,10.0,0,1,1,,development,0,2,0.25,G2_tactic_intent,0.6,1,G1_technique,4,0,,,,,,,,4.0,C11-AA-001,1.0,3,2,,G2_tactic_intent,G2_tactic_intent,,0
C11-otrf-apt29-day1-scranton-nashua,stage,0.6,11,project05_m3star_h3_dual,1,4.0,2,C11-AA-001|C11-AA-002,4.0,0.0,1,0,0,m3star_graph_action_value_xgboost_v0.3,m3star_graph_action_value_xgboost_v0.3,m3star_graph_action_value_xgboost_v0.3,10.0,0,1,1,0,development,0,2,0.25,G2_tactic_intent,0.6,1,G1_technique,5,0,1,3,1,1,,8,1,4.0,C11-AA-001,1.0,4,2,1,G2_tactic_intent,G2_tactic_intent,m3star_graph_transition_xgboost_v0.1,0
C11-otrf-apt29-day1-scranton-nashua,stage,0.6,11,project05_m3star_h3_no_dominance_dual,1,4.0,2,C11-AA-001|C11-AA-002,4.0,0.0,1,0,0,m3star_graph_action_value_xgboost_v0.3,m3star_graph_action_value_xgboost_v0.3,m3star_graph_action_value_xgboost_v0.3,10.0,0,1,1,0,development,0,2,0.25,G2_tactic_intent,0.6,1,G1_technique,5,0,1,3,0,1,,8,1,4.0,C11-AA-001,1.0,4,2,0,G2_tactic_intent,G2_tactic_intent,m3star_graph_transition_xgboost_v0.1,0
C11-otrf-apt29-day1-scranton-nashua,stage,0.6,11,project05_m3star_h3_unshielded_dual,1,4.0,2,C11-AA-001|C11-AA-002,4.0,0.0,1,0,0,m3star_graph_action_value_xgboost_v0.3,m3star_graph_action_value_xgboost_v0.3,m3star_graph_action_value_xgboost_v0.3,10.0,0,1,1,0,development,0,2,0.25,G2_tactic_intent,0.6,1,G1_technique,5,0,0,3,1,1,,8,0,4.0,C11-AA-001,1.0,4,2,1,G2_tactic_intent,G2_tactic_intent,m3star_graph_transition_xgboost_v0.1,0
C11-otrf-apt29-day1-scranton-nashua,stage,0.6,11,project05_m3star_h3_transition_only,1,4.0,2,C11-AA-001|C11-AA-002,4.0,0.0,1,0,0,none,none,none,10.0,0,1,1,0,development,0,2,0.25,G2_tactic_intent,0.6,1,G1_technique,5,0,1,3,1,0,,8,1,4.0,C11-AA-001,1.0,4,2,1,G2_tactic_intent,G2_tactic_intent,m3star_graph_transition_xgboost_v0.1,0
C11-otrf-apt29-day1-scranton-nashua,stage,0.6,11,project05_m3star_h1_dual,1,4.0,2,C11-AA-001|C11-AA-002,4.0,0.0,1,0,0,m3star_graph_action_value_xgboost_v0.3,m3star_graph_action_value_xgboost_v0.3,m3star_graph_action_value_xgboost_v0.3,10.0,0,1,1,0,development,0,2,0.25,G2_tactic_intent,0.6,1,G1_technique,5,0,1,1,1,1,,8,1,4.0,C11-AA-001,1.0,4,2,1,G2_tactic_intent,G2_tactic_intent,m3star_graph_transition_xgboost_v0.1,0
C11-otrf-apt29-day1-scranton-nashua,stage,0.6,11,project05_xgboost_policy,1,4.0,2,C11-AA-001|C11-AA-002,4.0,0.0,1,0,0,,,,10.0,0,1,1,,development,0,2,0.25,G2_tactic_intent,0.6,1,G1_technique,5,0,,,,,,,,4.0,C11-AA-001,1.0,4,2,,G2_tactic_intent,G2_tactic_intent,,0
C11-otrf-apt29-day1-scranton-nashua,stage,0.6,11,project05_m3b_policy,1,4.0,2,C11-AA-001|C11-AA-002,4.0,0.0,1,0,0,,,,10.0,0,1,1,,development,0,2,0.25,G2_tactic_intent,0.6,1,G1_technique,5,0,,,,,,,,4.0,C11-AA-001,1.0,4,2,,G2_tactic_intent,G2_tactic_intent,,0
C11-otrf-apt29-day1-scranton-nashua,stage,0.6,11,project05_m2,1,4.0,2,C11-AA-001|C11-AA-002,4.0,0.0,1,0,0,,,,10.0,0,1,1,,development,0,2,0.25,G2_tactic_intent,0.6,1,G1_technique,5,0,,,,,,,,4.0,C11-AA-001,1.0,4,2,,G2_tactic_intent,G2_tactic_intent,,0
C11-otrf-apt29-day1-scranton-nashua,stage,0.6,11,oracle_optimal,1,4.0,2,C11-AA-001|C11-AA-002,4.0,0.0,1,0,0,,,,10.0,0,1,1,,development,0,2,0.25,G2_tactic_intent,0.6,1,G1_technique,5,0,,,,,,,,4.0,C11-AA-001,1.0,4,2,,G2_tactic_intent,G2_tactic_intent,,0
C11-otrf-apt29-day1-scranton-nashua,stage,0.6,23,project05_m3star_h3_dual,1,4.0,2,C11-AA-001|C11-AA-002,4.0,0.0,1,0,0,m3star_graph_action_value_xgboost_v0.3,m3star_graph_action_value_xgboost_v0.3,m3star_graph_action_value_xgboost_v0.3,10.0,0,1,1,0,development,0,2,0.25,G2_tactic_intent,0.6,1,G1_technique,5,0,1,3,1,1,,8,1,4.0,C11-AA-001,1.0,4,2,1,G2_tactic_intent,G2_tactic_intent,m3star_graph_transition_xgboost_v0.1,0
C11-otrf-apt29-day1-scranton-nashua,stage,0.6,23,project05_m3star_h3_no_dominance_dual,1,4.0,2,C11-AA-001|C11-AA-002,4.0,0.0,1,0,0,m3star_graph_action_value_xgboost_v0.3,m3star_graph_action_value_xgboost_v0.3,m3star_graph_action_value_xgboost_v0.3,10.0,0,1,1,0,development,0,2,0.25,G2_tactic_intent,0.6,1,G1_technique,5,0,1,3,0,1,,8,1,4.0,C11-AA-001,1.0,4,2,0,G2_tactic_intent,G2_tactic_intent,m3star_graph_transition_xgboost_v0.1,0
C11-otrf-apt29-day1-scranton-nashua,stage,0.6,23,project05_m3star_h3_unshielded_dual,1,4.0,2,C11-AA-001|C11-AA-002,4.0,0.0,1,0,0,m3star_graph_action_value_xgboost_v0.3,m3star_graph_action_value_xgboost_v0.3,m3star_graph_action_value_xgboost_v0.3,10.0,0,1,1,0,development,0,2,0.25,G2_tactic_intent,0.6,1,G1_technique,5,0,0,3,1,1,,8,0,4.0,C11-AA-001,1.0,4,2,1,G2_tactic_intent,G2_tactic_intent,m3star_graph_transition_xgboost_v0.1,0
C11-otrf-apt29-day1-scranton-nashua,stage,0.6,23,project05_m3star_h3_transition_only,1,4.0,2,C11-AA-001|C11-AA-002,4.0,0.0,1,0,0,none,none,none,10.0,0,1,1,0,development,0,2,0.25,G2_tactic_intent,0.6,1,G1_technique,5,0,1,3,1,0,,8,1,4.0,C11-AA-001,1.0,4,2,1,G2_tactic_intent,G2_tactic_intent,m3star_graph_transition_xgboost_v0.1,0
C11-otrf-apt29-day1-scranton-nashua,stage,0.6,23,project05_m3star_h1_dual,1,4.0,2,C11-AA-001|C11-AA-002,4.0,0.0,1,0,0,m3star_graph_action_value_xgboost_v0.3,m3star_graph_action_value_xgboost_v0.3,m3star_graph_action_value_xgboost_v0.3,10.0,0,1,1,0,development,0,2,0.25,G2_tactic_intent,0.6,1,G1_technique,5,0,1,1,1,1,,8,1,4.0,C11-AA-001,1.0,4,2,1,G2_tactic_intent,G2_tactic_intent,m3star_graph_transition_xgboost_v0.1,0
C11-otrf-apt29-day1-scranton-nashua,stage,0.6,23,project05_xgboost_policy,1,4.0,2,C11-AA-001|C11-AA-002,4.0,0.0,1,0,0,,,,10.0,0,1,1,,development,0,2,0.25,G2_tactic_intent,0.6,1,G1_technique,5,0,,,,,,,,4.0,C11-AA-001,1.0,4,2,,G2_tactic_intent,G2_tactic_intent,,0
C11-otrf-apt29-day1-scranton-nashua,stage,0.6,23,project05_m3b_policy,1,4.0,2,C11-AA-001|C11-AA-002,4.0,0.0,1,0,0,,,,10.0,0,1,1,,development,0,2,0.25,G2_tactic_intent,0.6,1,G1_technique,5,0,,,,,,,,4.0,C11-AA-001,1.0,4,2,,G2_tactic_intent,G2_tactic_intent,,0
C11-otrf-apt29-day1-scranton-nashua,stage,0.6,23,project05_m2,1,4.0,2,C11-AA-001|C11-AA-002,4.0,0.0,1,0,0,,,,10.0,0,1,1,,development,0,2,0.25,G2_tactic_intent,0.6,1,G1_technique,5,0,,,,,,,,4.0,C11-AA-001,1.0,4,2,,G2_tactic_intent,G2_tactic_intent,,0
C11-otrf-apt29-day1-scranton-nashua,stage,0.6,23,oracle_optimal,1,4.0,2,C11-AA-001|C11-AA-002,4.0,0.0,1,0,0,,,,10.0,0,1,1,,development,0,2,0.25,G2_tactic_intent,0.6,1,G1_technique,5,0,,,,,,,,4.0,C11-AA-001,1.0,4,2,,G2_tactic_intent,G2_tactic_intent,,0
C11-otrf-apt29-day1-scranton-nashua,stage,0.6,37,project05_m3star_h3_dual,1,4.0,2,C11-AA-001|C11-AA-002,4.0,0.0,1,0,0,m3star_graph_action_value_xgboost_v0.3,m3star_graph_action_value_xgboost_v0.3,m3star_graph_action_value_xgboost_v0.3,10.0,0,1,1,0,development,0,2,0.25,G2_tactic_intent,0.6,1,G1_technique,5,0,1,3,1,1,,8,1,4.0,C11-AA-001,1.0,4,2,1,G2_tactic_intent,G2_tactic_intent,m3star_graph_transition_xgboost_v0.1,0
C11-otrf-apt29-day1-scranton-nashua,stage,0.6,37,project05_m3star_h3_no_dominance_dual,1,4.0,2,C11-AA-001|C11-AA-002,4.0,0.0,1,0,0,m3star_graph_action_value_xgboost_v0.3,m3star_graph_action_value_xgboost_v0.3,m3star_graph_action_value_xgboost_v0.3,10.0,0,1,1,0,development,0,2,0.25,G2_tactic_intent,0.6,1,G1_technique,5,0,1,3,0,1,,8,1,4.0,C11-AA-001,1.0,4,2,0,G2_tactic_intent,G2_tactic_intent,m3star_graph_transition_xgboost_v0.1,0
C11-otrf-apt29-day1-scranton-nashua,stage,0.6,37,project05_m3star_h3_unshielded_dual,1,4.0,2,C11-AA-001|C11-AA-002,4.0,0.0,1,0,0,m3star_graph_action_value_xgboost_v0.3,m3star_graph_action_value_xgboost_v0.3,m3star_graph_action_value_xgboost_v0.3,10.0,0,1,1,0,development,0,2,0.25,G2_tactic_intent,0.6,1,G1_technique,5,0,0,3,1,1,,8,0,4.0,C11-AA-001,1.0,4,2,1,G2_tactic_intent,G2_tactic_intent,m3star_graph_transition_xgboost_v0.1,0
C11-otrf-apt29-day1-scranton-nashua,stage,0.6,37,project05_m3star_h3_transition_only,1,4.0,2,C11-AA-001|C11-AA-002,4.0,0.0,1,0,0,none,none,none,10.0,0,1,1,0,development,0,2,0.25,G2_tactic_intent,0.6,1,G1_technique,5,0,1,3,1,0,,8,1,4.0,C11-AA-001,1.0,4,2,1,G2_tactic_intent,G2_tactic_intent,m3star_graph_transition_xgboost_v0.1,0
C11-otrf-apt29-day1-scranton-nashua,stage,0.6,37,project05_m3star_h1_dual,1,4.0,2,C11-AA-001|C11-AA-002,4.0,0.0,1,0,0,m3star_graph_action_value_xgboost_v0.3,m3star_graph_action_value_xgboost_v0.3,m3star_graph_action_value_xgboost_v0.3,10.0,0,1,1,0,development,0,2,0.25,G2_tactic_intent,0.6,1,G1_technique,5,0,1,1,1,1,,8,1,4.0,C11-AA-001,1.0,4,2,1,G2_tactic_intent,G2_tactic_intent,m3star_graph_transition_xgboost_v0.1,0
C11-otrf-apt29-day1-scranton-nashua,stage,0.6,37,project05_xgboost_policy,1,4.0,2,C11-AA-001|C11-AA-002,4.0,0.0,1,0,0,,,,10.0,0,1,1,,development,0,2,0.25,G2_tactic_intent,0.6,1,G1_technique,5,0,,,,,,,,4.0,C11-AA-001,1.0,4,2,,G2_tactic_intent,G2_tactic_intent,,0
C11-otrf-apt29-day1-scranton-nashua,stage,0.6,37,project05_m3b_policy,1,4.0,2,C11-AA-001|C11-AA-002,4.0,0.0,1,0,0,,,,10.0,0,1,1,,development,0,2,0.25,G2_tactic_intent,0.6,1,G1_technique,5,0,,,,,,,,4.0,C11-AA-001,1.0,4,2,,G2_tactic_intent,G2_tactic_intent,,0
C11-otrf-apt29-day1-scranton-nashua,stage,0.6,37,project05_m2,1,4.0,2,C11-AA-001|C11-AA-002,4.0,0.0,1,0,0,,,,10.0,0,1,1,,development,0,2,0.25,G2_tactic_intent,0.6,1,G1_technique,5,0,,,,,,,,4.0,C11-AA-001,1.0,4,2,,G2_tactic_intent,G2_tactic_intent,,0
C11-otrf-apt29-day1-scranton-nashua,stage,0.6,37,oracle_optimal,1,4.0,2,C11-AA-001|C11-AA-002,4.0,0.0,1,0,0,,,,10.0,0,1,1,,development,0,2,0.25,G2_tactic_intent,0.6,1,G1_technique,5,0,,,,,,,,4.0,C11-AA-001,1.0,4,2,,G2_tactic_intent,G2_tactic_intent,,0
C11-otrf-apt29-day1-scranton-nashua,stage,0.6,41,project05_m3star_h3_dual,1,4.0,2,C11-AA-001|C11-AA-002,4.0,0.0,1,0,0,m3star_graph_action_value_xgboost_v0.3,m3star_graph_action_value_xgboost_v0.3,m3star_graph_action_value_xgboost_v0.3,10.0,0,1,1,0,development,0,2,0.25,G2_tactic_intent,0.6,1,G1_technique,5,0,1,3,1,1,,8,1,4.0,C11-AA-001,1.0,4,2,1,G2_tactic_intent,G2_tactic_intent,m3star_graph_transition_xgboost_v0.1,0
C11-otrf-apt29-day1-scranton-nashua,stage,0.6,41,project05_m3star_h3_no_dominance_dual,1,4.0,2,C11-AA-001|C11-AA-002,4.0,0.0,1,0,0,m3star_graph_action_value_xgboost_v0.3,m3star_graph_action_value_xgboost_v0.3,m3star_graph_action_value_xgboost_v0.3,10.0,0,1,1,0,development,0,2,0.25,G2_tactic_intent,0.6,1,G1_technique,5,0,1,3,0,1,,8,1,4.0,C11-AA-001,1.0,4,2,0,G2_tactic_intent,G2_tactic_intent,m3star_graph_transition_xgboost_v0.1,0
C11-otrf-apt29-day1-scranton-nashua,stage,0.6,41,project05_m3star_h3_unshielded_dual,1,4.0,2,C11-AA-001|C11-AA-002,4.0,0.0,1,0,0,m3star_graph_action_value_xgboost_v0.3,m3star_graph_action_value_xgboost_v0.3,m3star_graph_action_value_xgboost_v0.3,10.0,0,1,1,0,development,0,2,0.25,G2_tactic_intent,0.6,1,G1_technique,5,0,0,3,1,1,,8,0,4.0,C11-AA-001,1.0,4,2,1,G2_tactic_intent,G2_tactic_intent,m3star_graph_transition_xgboost_v0.1,0
C11-otrf-apt29-day1-scranton-nashua,stage,0.6,41,project05_m3star_h3_transition_only,1,4.0,2,C11-AA-001|C11-AA-002,4.0,0.0,1,0,0,none,none,none,10.0,0,1,1,0,development,0,2,0.25,G2_tactic_intent,0.6,1,G1_technique,5,0,1,3,1,0,,8,1,4.0,C11-AA-001,1.0,4,2,1,G2_tactic_intent,G2_tactic_intent,m3star_graph_transition_xgboost_v0.1,0
C11-otrf-apt29-day1-scranton-nashua,stage,0.6,41,project05_m3star_h1_dual,1,4.0,2,C11-AA-001|C11-AA-002,4.0,0.0,1,0,0,m3star_graph_action_value_xgboost_v0.3,m3star_graph_action_value_xgboost_v0.3,m3star_graph_action_value_xgboost_v0.3,10.0,0,1,1,0,development,0,2,0.25,G2_tactic_intent,0.6,1,G1_technique,5,0,1,1,1,1,,8,1,4.0,C11-AA-001,1.0,4,2,1,G2_tactic_intent,G2_tactic_intent,m3star_graph_transition_xgboost_v0.1,0
C11-otrf-apt29-day1-scranton-nashua,stage,0.6,41,project05_xgboost_policy,1,4.0,2,C11-AA-001|C11-AA-002,4.0,0.0,1,0,0,,,,10.0,0,1,1,,development,0,2,0.25,G2_tactic_intent,0.6,1,G1_technique,5,0,,,,,,,,4.0,C11-AA-001,1.0,4,2,,G2_tactic_intent,G2_tactic_intent,,0
C11-otrf-apt29-day1-scranton-nashua,stage,0.6,41,project05_m3b_policy,1,4.0,2,C11-AA-001|C11-AA-002,4.0,0.0,1,0,0,,,,10.0,0,1,1,,development,0,2,0.25,G2_tactic_intent,0.6,1,G1_technique,5,0,,,,,,,,4.0,C11-AA-001,1.0,4,2,,G2_tactic_intent,G2_tactic_intent,,0
C11-otrf-apt29-day1-scranton-nashua,stage,0.6,41,project05_m2,1,4.0,2,C11-AA-001|C11-AA-002,4.0,0.0,1,0,0,,,,10.0,0,1,1,,development,0,2,0.25,G2_tactic_intent,0.6,1,G1_technique,5,0,,,,,,,,4.0,C11-AA-001,1.0,4,2,,G2_tactic_intent,G2_tactic_intent,,0
C11-otrf-apt29-day1-scranton-nashua,stage,0.6,41,oracle_optimal,1,4.0,2,C11-AA-001|C11-AA-002,4.0,0.0,1,0,0,,,,10.0,0,1,1,,development,0,2,0.25,G2_tactic_intent,0.6,1,G1_technique,5,0,,,,,,,,4.0,C11-AA-001,1.0,4,2,,G2_tactic_intent,G2_tactic_intent,,0
C11-otrf-apt29-day1-scranton-nashua,stage,0.6,53,project05_m3star_h3_dual,1,4.0,2,C11-AA-001|C11-AA-002,4.0,0.0,1,0,0,m3star_graph_action_value_xgboost_v0.3,m3star_graph_action_value_xgboost_v0.3,m3star_graph_action_value_xgboost_v0.3,10.0,0,1,1,0,development,0,2,0.25,G2_tactic_intent,0.6,1,G1_technique,5,0,1,3,1,1,,8,1,4.0,C11-AA-001,1.0,4,2,1,G2_tactic_intent,G2_tactic_intent,m3star_graph_transition_xgboost_v0.1,0
C11-otrf-apt29-day1-scranton-nashua,stage,0.6,53,project05_m3star_h3_no_dominance_dual,1,4.0,2,C11-AA-001|C11-AA-002,4.0,0.0,1,0,0,m3star_graph_action_value_xgboost_v0.3,m3star_graph_action_value_xgboost_v0.3,m3star_graph_action_value_xgboost_v0.3,10.0,0,1,1,0,development,0,2,0.25,G2_tactic_intent,0.6,1,G1_technique,5,0,1,3,0,1,,8,1,4.0,C11-AA-001,1.0,4,2,0,G2_tactic_intent,G2_tactic_intent,m3star_graph_transition_xgboost_v0.1,0
C11-otrf-apt29-day1-scranton-nashua,stage,0.6,53,project05_m3star_h3_unshielded_dual,1,4.0,2,C11-AA-001|C11-AA-002,4.0,0.0,1,0,0,m3star_graph_action_value_xgboost_v0.3,m3star_graph_action_value_xgboost_v0.3,m3star_graph_action_value_xgboost_v0.3,10.0,0,1,1,0,development,0,2,0.25,G2_tactic_intent,0.6,1,G1_technique,5,0,0,3,1,1,,8,0,4.0,C11-AA-001,1.0,4,2,1,G2_tactic_intent,G2_tactic_intent,m3star_graph_transition_xgboost_v0.1,0
C11-otrf-apt29-day1-scranton-nashua,stage,0.6,53,project05_m3star_h3_transition_only,1,4.0,2,C11-AA-001|C11-AA-002,4.0,0.0,1,0,0,none,none,none,10.0,0,1,1,0,development,0,2,0.25,G2_tactic_intent,0.6,1,G1_technique,5,0,1,3,1,0,,8,1,4.0,C11-AA-001,1.0,4,2,1,G2_tactic_intent,G2_tactic_intent,m3star_graph_transition_xgboost_v0.1,0
C11-otrf-apt29-day1-scranton-nashua,stage,0.6,53,project05_m3star_h1_dual,1,4.0,2,C11-AA-001|C11-AA-002,4.0,0.0,1,0,0,m3star_graph_action_value_xgboost_v0.3,m3star_graph_action_value_xgboost_v0.3,m3star_graph_action_value_xgboost_v0.3,10.0,0,1,1,0,development,0,2,0.25,G2_tactic_intent,0.6,1,G1_technique,5,0,1,1,1,1,,8,1,4.0,C11-AA-001,1.0,4,2,1,G2_tactic_intent,G2_tactic_intent,m3star_graph_transition_xgboost_v0.1,0
C11-otrf-apt29-day1-scranton-nashua,stage,0.6,53,project05_xgboost_policy,1,4.0,2,C11-AA-001|C11-AA-002,4.0,0.0,1,0,0,,,,10.0,0,1,1,,development,0,2,0.25,G2_tactic_intent,0.6,1,G1_technique,5,0,,,,,,,,4.0,C11-AA-001,1.0,4,2,,G2_tactic_intent,G2_tactic_intent,,0
C11-otrf-apt29-day1-scranton-nashua,stage,0.6,53,project05_m3b_policy,1,4.0,2,C11-AA-001|C11-AA-002,4.0,0.0,1,0,0,,,,10.0,0,1,1,,development,0,2,0.25,G2_tactic_intent,0.6,1,G1_technique,5,0,,,,,,,,4.0,C11-AA-001,1.0,4,2,,G2_tactic_intent,G2_tactic_intent,,0
C11-otrf-apt29-day1-scranton-nashua,stage,0.6,53,project05_m2,1,4.0,2,C11-AA-001|C11-AA-002,4.0,0.0,1,0,0,,,,10.0,0,1,1,,development,0,2,0.25,G2_tactic_intent,0.6,1,G1_technique,5,0,,,,,,,,4.0,C11-AA-001,1.0,4,2,,G2_tactic_intent,G2_tactic_intent,,0
C11-otrf-apt29-day1-scranton-nashua,stage,0.6,53,oracle_optimal,1,4.0,2,C11-AA-001|C11-AA-002,4.0,0.0,1,0,0,,,,10.0,0,1,1,,development,0,2,0.25,G2_tactic_intent,0.6,1,G1_technique,5,0,,,,,,,,4.0,C11-AA-001,1.0,4,2,,G2_tactic_intent,G2_tactic_intent,,0
C11-otrf-apt29-day1-scranton-nashua,discriminative,0.2,11,project05_m3star_h3_dual,1,0.0,0,,0.0,0.0,0,0,0,m3star_graph_action_value_xgboost_v0.3,m3star_graph_action_value_xgboost_v0.3,m3star_graph_action_value_xgboost_v0.3,10.0,0,1,1,0,development,0,2,0.5,G2_tactic_intent,0.6,0,G2_tactic_intent,2,0,1,3,1,1,,8,1,0.0,,0.0,0,0,1,G2_tactic_intent,G2_tactic_intent,m3star_graph_transition_xgboost_v0.1,0
C11-otrf-apt29-day1-scranton-nashua,discriminative,0.2,11,project05_m3star_h3_no_dominance_dual,1,0.0,0,,0.0,0.0,0,0,0,m3star_graph_action_value_xgboost_v0.3,m3star_graph_action_value_xgboost_v0.3,m3star_graph_action_value_xgboost_v0.3,10.0,0,1,1,0,development,0,2,0.5,G2_tactic_intent,0.6,0,G2_tactic_intent,2,0,1,3,0,1,,8,1,0.0,,0.0,0,0,0,G2_tactic_intent,G2_tactic_intent,m3star_graph_transition_xgboost_v0.1,0
C11-otrf-apt29-day1-scranton-nashua,discriminative,0.2,11,project05_m3star_h3_unshielded_dual,1,0.0,0,,0.0,0.0,0,0,0,m3star_graph_action_value_xgboost_v0.3,m3star_graph_action_value_xgboost_v0.3,m3star_graph_action_value_xgboost_v0.3,10.0,0,1,1,0,development,0,2,0.5,G2_tactic_intent,0.6,0,G2_tactic_intent,2,0,0,3,1,1,,8,0,0.0,,0.0,0,0,1,G2_tactic_intent,G2_tactic_intent,m3star_graph_transition_xgboost_v0.1,0
C11-otrf-apt29-day1-scranton-nashua,discriminative,0.2,11,project05_m3star_h3_transition_only,1,0.0,0,,0.0,0.0,0,0,0,none,none,none,10.0,0,1,1,0,development,0,2,0.5,G2_tactic_intent,0.6,0,G2_tactic_intent,2,0,1,3,1,0,,8,1,0.0,,0.0,0,0,1,G2_tactic_intent,G2_tactic_intent,m3star_graph_transition_xgboost_v0.1,0
C11-otrf-apt29-day1-scranton-nashua,discriminative,0.2,11,project05_m3star_h1_dual,1,0.0,0,,0.0,0.0,0,0,0,m3star_graph_action_value_xgboost_v0.3,m3star_graph_action_value_xgboost_v0.3,m3star_graph_action_value_xgboost_v0.3,10.0,0,1,1,0,development,0,2,0.5,G2_tactic_intent,0.6,0,G2_tactic_intent,2,0,1,1,1,1,,8,1,0.0,,0.0,0,0,1,G2_tactic_intent,G2_tactic_intent,m3star_graph_transition_xgboost_v0.1,0
C11-otrf-apt29-day1-scranton-nashua,discriminative,0.2,11,project05_xgboost_policy,1,0.0,0,,0.0,0.0,0,0,0,,,,10.0,0,1,1,,development,0,2,0.5,G2_tactic_intent,0.6,0,G2_tactic_intent,2,0,,,,,,,,0.0,,0.0,0,0,,G2_tactic_intent,G2_tactic_intent,,0
C11-otrf-apt29-day1-scranton-nashua,discriminative,0.2,11,project05_m3b_policy,1,0.0,0,,0.0,0.0,0,0,0,,,,10.0,0,1,1,,development,0,2,0.5,G2_tactic_intent,0.6,0,G2_tactic_intent,2,0,,,,,,,,0.0,,0.0,0,0,,G2_tactic_intent,G2_tactic_intent,,0
C11-otrf-apt29-day1-scranton-nashua,discriminative,0.2,11,project05_m2,1,0.0,0,,0.0,0.0,0,0,0,,,,10.0,0,1,1,,development,0,2,0.5,G2_tactic_intent,0.6,0,G2_tactic_intent,2,0,,,,,,,,0.0,,0.0,0,0,,G2_tactic_intent,G2_tactic_intent,,0
C11-otrf-apt29-day1-scranton-nashua,discriminative,0.2,11,oracle_optimal,1,0.0,0,,0.0,0.0,0,0,0,,,,10.0,0,1,1,,development,0,2,0.5,G2_tactic_intent,0.6,0,G2_tactic_intent,2,0,,,,,,,,0.0,,0.0,0,0,,G2_tactic_intent,G2_tactic_intent,,0
C11-otrf-apt29-day1-scranton-nashua,discriminative,0.2,23,project05_m3star_h3_dual,1,0.0,0,,0.0,0.0,0,0,0,m3star_graph_action_value_xgboost_v0.3,m3star_graph_action_value_xgboost_v0.3,m3star_graph_action_value_xgboost_v0.3,10.0,0,1,1,0,development,0,2,0.5,G2_tactic_intent,0.6,0,G2_tactic_intent,2,0,1,3,1,1,,8,1,0.0,,0.0,0,0,1,G2_tactic_intent,G2_tactic_intent,m3star_graph_transition_xgboost_v0.1,0
C11-otrf-apt29-day1-scranton-nashua,discriminative,0.2,23,project05_m3star_h3_no_dominance_dual,1,0.0,0,,0.0,0.0,0,0,0,m3star_graph_action_value_xgboost_v0.3,m3star_graph_action_value_xgboost_v0.3,m3star_graph_action_value_xgboost_v0.3,10.0,0,1,1,0,development,0,2,0.5,G2_tactic_intent,0.6,0,G2_tactic_intent,2,0,1,3,0,1,,8,1,0.0,,0.0,0,0,0,G2_tactic_intent,G2_tactic_intent,m3star_graph_transition_xgboost_v0.1,0
C11-otrf-apt29-day1-scranton-nashua,discriminative,0.2,23,project05_m3star_h3_unshielded_dual,1,0.0,0,,0.0,0.0,0,0,0,m3star_graph_action_value_xgboost_v0.3,m3star_graph_action_value_xgboost_v0.3,m3star_graph_action_value_xgboost_v0.3,10.0,0,1,1,0,development,0,2,0.5,G2_tactic_intent,0.6,0,G2_tactic_intent,2,0,0,3,1,1,,8,0,0.0,,0.0,0,0,1,G2_tactic_intent,G2_tactic_intent,m3star_graph_transition_xgboost_v0.1,0
C11-otrf-apt29-day1-scranton-nashua,discriminative,0.2,23,project05_m3star_h3_transition_only,1,0.0,0,,0.0,0.0,0,0,0,none,none,none,10.0,0,1,1,0,development,0,2,0.5,G2_tactic_intent,0.6,0,G2_tactic_intent,2,0,1,3,1,0,,8,1,0.0,,0.0,0,0,1,G2_tactic_intent,G2_tactic_intent,m3star_graph_transition_xgboost_v0.1,0
C11-otrf-apt29-day1-scranton-nashua,discriminative,0.2,23,project05_m3star_h1_dual,1,0.0,0,,0.0,0.0,0,0,0,m3star_graph_action_value_xgboost_v0.3,m3star_graph_action_value_xgboost_v0.3,m3star_graph_action_value_xgboost_v0.3,10.0,0,1,1,0,development,0,2,0.5,G2_tactic_intent,0.6,0,G2_tactic_intent,2,0,1,1,1,1,,8,1,0.0,,0.0,0,0,1,G2_tactic_intent,G2_tactic_intent,m3star_graph_transition_xgboost_v0.1,0
C11-otrf-apt29-day1-scranton-nashua,discriminative,0.2,23,project05_xgboost_policy,1,0.0,0,,0.0,0.0,0,0,0,,,,10.0,0,1,1,,development,0,2,0.5,G2_tactic_intent,0.6,0,G2_tactic_intent,2,0,,,,,,,,0.0,,0.0,0,0,,G2_tactic_intent,G2_tactic_intent,,0
C11-otrf-apt29-day1-scranton-nashua,discriminative,0.2,23,project05_m3b_policy,1,0.0,0,,0.0,0.0,0,0,0,,,,10.0,0,1,1,,development,0,2,0.5,G2_tactic_intent,0.6,0,G2_tactic_intent,2,0,,,,,,,,0.0,,0.0,0,0,,G2_tactic_intent,G2_tactic_intent,,0
C11-otrf-apt29-day1-scranton-nashua,discriminative,0.2,23,project05_m2,1,0.0,0,,0.0,0.0,0,0,0,,,,10.0,0,1,1,,development,0,2,0.5,G2_tactic_intent,0.6,0,G2_tactic_intent,2,0,,,,,,,,0.0,,0.0,0,0,,G2_tactic_intent,G2_tactic_intent,,0
C11-otrf-apt29-day1-scranton-nashua,discriminative,0.2,23,oracle_optimal,1,0.0,0,,0.0,0.0,0,0,0,,,,10.0,0,1,1,,development,0,2,0.5,G2_tactic_intent,0.6,0,G2_tactic_intent,2,0,,,,,,,,0.0,,0.0,0,0,,G2_tactic_intent,G2_tactic_intent,,0
C11-otrf-apt29-day1-scranton-nashua,discriminative,0.2,37,project05_m3star_h3_dual,1,0.0,0,,0.0,0.0,0,0,0,m3star_graph_action_value_xgboost_v0.3,m3star_graph_action_value_xgboost_v0.3,m3star_graph_action_value_xgboost_v0.3,10.0,0,1,1,0,development,0,2,0.5,G2_tactic_intent,0.6,0,G2_tactic_intent,2,0,1,3,1,1,,8,1,0.0,,0.0,0,0,1,G2_tactic_intent,G2_tactic_intent,m3star_graph_transition_xgboost_v0.1,0
C11-otrf-apt29-day1-scranton-nashua,discriminative,0.2,37,project05_m3star_h3_no_dominance_dual,1,0.0,0,,0.0,0.0,0,0,0,m3star_graph_action_value_xgboost_v0.3,m3star_graph_action_value_xgboost_v0.3,m3star_graph_action_value_xgboost_v0.3,10.0,0,1,1,0,development,0,2,0.5,G2_tactic_intent,0.6,0,G2_tactic_intent,2,0,1,3,0,1,,8,1,0.0,,0.0,0,0,0,G2_tactic_intent,G2_tactic_intent,m3star_graph_transition_xgboost_v0.1,0
C11-otrf-apt29-day1-scranton-nashua,discriminative,0.2,37,project05_m3star_h3_unshielded_dual,1,0.0,0,,0.0,0.0,0,0,0,m3star_graph_action_value_xgboost_v0.3,m3star_graph_action_value_xgboost_v0.3,m3star_graph_action_value_xgboost_v0.3,10.0,0,1,1,0,development,0,2,0.5,G2_tactic_intent,0.6,0,G2_tactic_intent,2,0,0,3,1,1,,8,0,0.0,,0.0,0,0,1,G2_tactic_intent,G2_tactic_intent,m3star_graph_transition_xgboost_v0.1,0
C11-otrf-apt29-day1-scranton-nashua,discriminative,0.2,37,project05_m3star_h3_transition_only,1,0.0,0,,0.0,0.0,0,0,0,none,none,none,10.0,0,1,1,0,development,0,2,0.5,G2_tactic_intent,0.6,0,G2_tactic_intent,2,0,1,3,1,0,,8,1,0.0,,0.0,0,0,1,G2_tactic_intent,G2_tactic_intent,m3star_graph_transition_xgboost_v0.1,0
C11-otrf-apt29-day1-scranton-nashua,discriminative,0.2,37,project05_m3star_h1_dual,1,0.0,0,,0.0,0.0,0,0,0,m3star_graph_action_value_xgboost_v0.3,m3star_graph_action_value_xgboost_v0.3,m3star_graph_action_value_xgboost_v0.3,10.0,0,1,1,0,development,0,2,0.5,G2_tactic_intent,0.6,0,G2_tactic_intent,2,0,1,1,1,1,,8,1,0.0,,0.0,0,0,1,G2_tactic_intent,G2_tactic_intent,m3star_graph_transition_xgboost_v0.1,0
C11-otrf-apt29-day1-scranton-nashua,discriminative,0.2,37,project05_xgboost_policy,1,0.0,0,,0.0,0.0,0,0,0,,,,10.0,0,1,1,,development,0,2,0.5,G2_tactic_intent,0.6,0,G2_tactic_intent,2,0,,,,,,,,0.0,,0.0,0,0,,G2_tactic_intent,G2_tactic_intent,,0
C11-otrf-apt29-day1-scranton-nashua,discriminative,0.2,37,project05_m3b_policy,1,0.0,0,,0.0,0.0,0,0,0,,,,10.0,0,1,1,,development,0,2,0.5,G2_tactic_intent,0.6,0,G2_tactic_intent,2,0,,,,,,,,0.0,,0.0,0,0,,G2_tactic_intent,G2_tactic_intent,,0
C11-otrf-apt29-day1-scranton-nashua,discriminative,0.2,37,project05_m2,1,0.0,0,,0.0,0.0,0,0,0,,,,10.0,0,1,1,,development,0,2,0.5,G2_tactic_intent,0.6,0,G2_tactic_intent,2,0,,,,,,,,0.0,,0.0,0,0,,G2_tactic_intent,G2_tactic_intent,,0
C11-otrf-apt29-day1-scranton-nashua,discriminative,0.2,37,oracle_optimal,1,0.0,0,,0.0,0.0,0,0,0,,,,10.0,0,1,1,,development,0,2,0.5,G2_tactic_intent,0.6,0,G2_tactic_intent,2,0,,,,,,,,0.0,,0.0,0,0,,G2_tactic_intent,G2_tactic_intent,,0
C11-otrf-apt29-day1-scranton-nashua,discriminative,0.2,41,project05_m3star_h3_dual,1,0.0,0,,0.0,0.0,0,0,0,m3star_graph_action_value_xgboost_v0.3,m3star_graph_action_value_xgboost_v0.3,m3star_graph_action_value_xgboost_v0.3,10.0,0,1,1,0,development,0,2,0.5,G2_tactic_intent,0.6,0,G2_tactic_intent,2,0,1,3,1,1,,8,1,0.0,,0.0,0,0,1,G2_tactic_intent,G2_tactic_intent,m3star_graph_transition_xgboost_v0.1,0
C11-otrf-apt29-day1-scranton-nashua,discriminative,0.2,41,project05_m3star_h3_no_dominance_dual,1,0.0,0,,0.0,0.0,0,0,0,m3star_graph_action_value_xgboost_v0.3,m3star_graph_action_value_xgboost_v0.3,m3star_graph_action_value_xgboost_v0.3,10.0,0,1,1,0,development,0,2,0.5,G2_tactic_intent,0.6,0,G2_tactic_intent,2,0,1,3,0,1,,8,1,0.0,,0.0,0,0,0,G2_tactic_intent,G2_tactic_intent,m3star_graph_transition_xgboost_v0.1,0
C11-otrf-apt29-day1-scranton-nashua,discriminative,0.2,41,project05_m3star_h3_unshielded_dual,1,0.0,0,,0.0,0.0,0,0,0,m3star_graph_action_value_xgboost_v0.3,m3star_graph_action_value_xgboost_v0.3,m3star_graph_action_value_xgboost_v0.3,10.0,0,1,1,0,development,0,2,0.5,G2_tactic_intent,0.6,0,G2_tactic_intent,2,0,0,3,1,1,,8,0,0.0,,0.0,0,0,1,G2_tactic_intent,G2_tactic_intent,m3star_graph_transition_xgboost_v0.1,0
C11-otrf-apt29-day1-scranton-nashua,discriminative,0.2,41,project05_m3star_h3_transition_only,1,0.0,0,,0.0,0.0,0,0,0,none,none,none,10.0,0,1,1,0,development,0,2,0.5,G2_tactic_intent,0.6,0,G2_tactic_intent,2,0,1,3,1,0,,8,1,0.0,,0.0,0,0,1,G2_tactic_intent,G2_tactic_intent,m3star_graph_transition_xgboost_v0.1,0
C11-otrf-apt29-day1-scranton-nashua,discriminative,0.2,41,project05_m3star_h1_dual,1,0.0,0,,0.0,0.0,0,0,0,m3star_graph_action_value_xgboost_v0.3,m3star_graph_action_value_xgboost_v0.3,m3star_graph_action_value_xgboost_v0.3,10.0,0,1,1,0,development,0,2,0.5,G2_tactic_intent,0.6,0,G2_tactic_intent,2,0,1,1,1,1,,8,1,0.0,,0.0,0,0,1,G2_tactic_intent,G2_tactic_intent,m3star_graph_transition_xgboost_v0.1,0
C11-otrf-apt29-day1-scranton-nashua,discriminative,0.2,41,project05_xgboost_policy,1,0.0,0,,0.0,0.0,0,0,0,,,,10.0,0,1,1,,development,0,2,0.5,G2_tactic_intent,0.6,0,G2_tactic_intent,2,0,,,,,,,,0.0,,0.0,0,0,,G2_tactic_intent,G2_tactic_intent,,0
C11-otrf-apt29-day1-scranton-nashua,discriminative,0.2,41,project05_m3b_policy,1,0.0,0,,0.0,0.0,0,0,0,,,,10.0,0,1,1,,development,0,2,0.5,G2_tactic_intent,0.6,0,G2_tactic_intent,2,0,,,,,,,,0.0,,0.0,0,0,,G2_tactic_intent,G2_tactic_intent,,0
C11-otrf-apt29-day1-scranton-nashua,discriminative,0.2,41,project05_m2,1,0.0,0,,0.0,0.0,0,0,0,,,,10.0,0,1,1,,development,0,2,0.5,G2_tactic_intent,0.6,0,G2_tactic_intent,2,0,,,,,,,,0.0,,0.0,0,0,,G2_tactic_intent,G2_tactic_intent,,0
C11-otrf-apt29-day1-scranton-nashua,discriminative,0.2,41,oracle_optimal,1,0.0,0,,0.0,0.0,0,0,0,,,,10.0,0,1,1,,development,0,2,0.5,G2_tactic_intent,0.6,0,G2_tactic_intent,2,0,,,,,,,,0.0,,0.0,0,0,,G2_tactic_intent,G2_tactic_intent,,0
C11-otrf-apt29-day1-scranton-nashua,discriminative,0.2,53,project05_m3star_h3_dual,1,0.0,0,,0.0,0.0,0,0,0,m3star_graph_action_value_xgboost_v0.3,m3star_graph_action_value_xgboost_v0.3,m3star_graph_action_value_xgboost_v0.3,10.0,0,1,1,0,development,0,2,0.5,G2_tactic_intent,0.6,0,G2_tactic_intent,2,0,1,3,1,1,,8,1,0.0,,0.0,0,0,1,G2_tactic_intent,G2_tactic_intent,m3star_graph_transition_xgboost_v0.1,0
C11-otrf-apt29-day1-scranton-nashua,discriminative,0.2,53,project05_m3star_h3_no_dominance_dual,1,0.0,0,,0.0,0.0,0,0,0,m3star_graph_action_value_xgboost_v0.3,m3star_graph_action_value_xgboost_v0.3,m3star_graph_action_value_xgboost_v0.3,10.0,0,1,1,0,development,0,2,0.5,G2_tactic_intent,0.6,0,G2_tactic_intent,2,0,1,3,0,1,,8,1,0.0,,0.0,0,0,0,G2_tactic_intent,G2_tactic_intent,m3star_graph_transition_xgboost_v0.1,0
C11-otrf-apt29-day1-scranton-nashua,discriminative,0.2,53,project05_m3star_h3_unshielded_dual,1,0.0,0,,0.0,0.0,0,0,0,m3star_graph_action_value_xgboost_v0.3,m3star_graph_action_value_xgboost_v0.3,m3star_graph_action_value_xgboost_v0.3,10.0,0,1,1,0,development,0,2,0.5,G2_tactic_intent,0.6,0,G2_tactic_intent,2,0,0,3,1,1,,8,0,0.0,,0.0,0,0,1,G2_tactic_intent,G2_tactic_intent,m3star_graph_transition_xgboost_v0.1,0
C11-otrf-apt29-day1-scranton-nashua,discriminative,0.2,53,project05_m3star_h3_transition_only,1,0.0,0,,0.0,0.0,0,0,0,none,none,none,10.0,0,1,1,0,development,0,2,0.5,G2_tactic_intent,0.6,0,G2_tactic_intent,2,0,1,3,1,0,,8,1,0.0,,0.0,0,0,1,G2_tactic_intent,G2_tactic_intent,m3star_graph_transition_xgboost_v0.1,0
C11-otrf-apt29-day1-scranton-nashua,discriminative,0.2,53,project05_m3star_h1_dual,1,0.0,0,,0.0,0.0,0,0,0,m3star_graph_action_value_xgboost_v0.3,m3star_graph_action_value_xgboost_v0.3,m3star_graph_action_value_xgboost_v0.3,10.0,0,1,1,0,development,0,2,0.5,G2_tactic_intent,0.6,0,G2_tactic_intent,2,0,1,1,1,1,,8,1,0.0,,0.0,0,0,1,G2_tactic_intent,G2_tactic_intent,m3star_graph_transition_xgboost_v0.1,0
C11-otrf-apt29-day1-scranton-nashua,discriminative,0.2,53,project05_xgboost_policy,1,0.0,0,,0.0,0.0,0,0,0,,,,10.0,0,1,1,,development,0,2,0.5,G2_tactic_intent,0.6,0,G2_tactic_intent,2,0,,,,,,,,0.0,,0.0,0,0,,G2_tactic_intent,G2_tactic_intent,,0
C11-otrf-apt29-day1-scranton-nashua,discriminative,0.2,53,project05_m3b_policy,1,0.0,0,,0.0,0.0,0,0,0,,,,10.0,0,1,1,,development,0,2,0.5,G2_tactic_intent,0.6,0,G2_tactic_intent,2,0,,,,,,,,0.0,,0.0,0,0,,G2_tactic_intent,G2_tactic_intent,,0
C11-otrf-apt29-day1-scranton-nashua,discriminative,0.2,53,project05_m2,1,0.0,0,,0.0,0.0,0,0,0,,,,10.0,0,1,1,,development,0,2,0.5,G2_tactic_intent,0.6,0,G2_tactic_intent,2,0,,,,,,,,0.0,,0.0,0,0,,G2_tactic_intent,G2_tactic_intent,,0
C11-otrf-apt29-day1-scranton-nashua,discriminative,0.2,53,oracle_optimal,1,0.0,0,,0.0,0.0,0,0,0,,,,10.0,0,1,1,,development,0,2,0.5,G2_tactic_intent,0.6,0,G2_tactic_intent,2,0,,,,,,,,0.0,,0.0,0,0,,G2_tactic_intent,G2_tactic_intent,,0
C11-otrf-apt29-day1-scranton-nashua,discriminative,0.4,11,project05_m3star_h3_dual,1,4.0,2,C11-AA-001|C11-AA-002,4.0,0.0,1,0,0,m3star_graph_action_value_xgboost_v0.3,m3star_graph_action_value_xgboost_v0.3,m3star_graph_action_value_xgboost_v0.3,10.0,0,1,1,0,development,0,2,0.25,G2_tactic_intent,0.6,1,G1_technique,4,0,1,3,1,1,,8,1,4.0,C11-AA-001,1.0,3,2,1,G2_tactic_intent,G2_tactic_intent,m3star_graph_transition_xgboost_v0.1,0
C11-otrf-apt29-day1-scranton-nashua,discriminative,0.4,11,project05_m3star_h3_no_dominance_dual,1,4.0,2,C11-AA-001|C11-AA-002,4.0,0.0,1,0,0,m3star_graph_action_value_xgboost_v0.3,m3star_graph_action_value_xgboost_v0.3,m3star_graph_action_value_xgboost_v0.3,10.0,0,1,1,0,development,0,2,0.25,G2_tactic_intent,0.6,1,G1_technique,4,0,1,3,0,1,,8,1,4.0,C11-AA-001,1.0,3,2,0,G2_tactic_intent,G2_tactic_intent,m3star_graph_transition_xgboost_v0.1,0
C11-otrf-apt29-day1-scranton-nashua,discriminative,0.4,11,project05_m3star_h3_unshielded_dual,1,4.0,2,C11-AA-001|C11-AA-002,4.0,0.0,1,0,0,m3star_graph_action_value_xgboost_v0.3,m3star_graph_action_value_xgboost_v0.3,m3star_graph_action_value_xgboost_v0.3,10.0,0,1,1,0,development,0,2,0.25,G2_tactic_intent,0.6,1,G1_technique,4,0,0,3,1,1,,8,0,4.0,C11-AA-001,1.0,3,2,1,G2_tactic_intent,G2_tactic_intent,m3star_graph_transition_xgboost_v0.1,0
C11-otrf-apt29-day1-scranton-nashua,discriminative,0.4,11,project05_m3star_h3_transition_only,1,4.0,2,C11-AA-001|C11-AA-002,4.0,0.0,1,0,0,none,none,none,10.0,0,1,1,0,development,0,2,0.25,G2_tactic_intent,0.6,1,G1_technique,4,0,1,3,1,0,,8,1,4.0,C11-AA-001,1.0,3,2,1,G2_tactic_intent,G2_tactic_intent,m3star_graph_transition_xgboost_v0.1,0
C11-otrf-apt29-day1-scranton-nashua,discriminative,0.4,11,project05_m3star_h1_dual,1,4.0,2,C11-AA-001|C11-AA-002,4.0,0.0,1,0,0,m3star_graph_action_value_xgboost_v0.3,m3star_graph_action_value_xgboost_v0.3,m3star_graph_action_value_xgboost_v0.3,10.0,0,1,1,0,development,0,2,0.25,G2_tactic_intent,0.6,1,G1_technique,4,0,1,1,1,1,,8,1,4.0,C11-AA-001,1.0,3,2,1,G2_tactic_intent,G2_tactic_intent,m3star_graph_transition_xgboost_v0.1,0
C11-otrf-apt29-day1-scranton-nashua,discriminative,0.4,11,project05_xgboost_policy,1,4.0,2,C11-AA-001|C11-AA-002,4.0,0.0,1,0,0,,,,10.0,0,1,1,,development,0,2,0.25,G2_tactic_intent,0.6,1,G1_technique,4,0,,,,,,,,4.0,C11-AA-001,1.0,3,2,,G2_tactic_intent,G2_tactic_intent,,0
C11-otrf-apt29-day1-scranton-nashua,discriminative,0.4,11,project05_m3b_policy,1,4.0,2,C11-AA-001|C11-AA-002,4.0,0.0,1,0,0,,,,10.0,0,1,1,,development,0,2,0.25,G2_tactic_intent,0.6,1,G1_technique,4,0,,,,,,,,4.0,C11-AA-001,1.0,3,2,,G2_tactic_intent,G2_tactic_intent,,0
C11-otrf-apt29-day1-scranton-nashua,discriminative,0.4,11,project05_m2,1,4.0,2,C11-AA-002|C11-AA-001,4.0,0.0,0,0,0,,,,10.0,0,1,1,,development,0,2,0.25,G2_tactic_intent,0.6,1,G1_technique,4,0,,,,,,,,4.0,C11-AA-001,1.0,3,2,,G2_tactic_intent,G2_tactic_intent,,0
C11-otrf-apt29-day1-scranton-nashua,discriminative,0.4,11,oracle_optimal,1,4.0,2,C11-AA-001|C11-AA-002,4.0,0.0,1,0,0,,,,10.0,0,1,1,,development,0,2,0.25,G2_tactic_intent,0.6,1,G1_technique,4,0,,,,,,,,4.0,C11-AA-001,1.0,3,2,,G2_tactic_intent,G2_tactic_intent,,0
C11-otrf-apt29-day1-scranton-nashua,discriminative,0.4,23,project05_m3star_h3_dual,1,4.0,2,C11-AA-001|C11-AA-002,4.0,0.0,1,0,0,m3star_graph_action_value_xgboost_v0.3,m3star_graph_action_value_xgboost_v0.3,m3star_graph_action_value_xgboost_v0.3,10.0,0,1,1,0,development,0,2,0.25,G2_tactic_intent,0.6,1,G1_technique,4,0,1,3,1,1,,8,1,4.0,C11-AA-001,1.0,3,2,1,G2_tactic_intent,G2_tactic_intent,m3star_graph_transition_xgboost_v0.1,0
C11-otrf-apt29-day1-scranton-nashua,discriminative,0.4,23,project05_m3star_h3_no_dominance_dual,1,4.0,2,C11-AA-001|C11-AA-002,4.0,0.0,1,0,0,m3star_graph_action_value_xgboost_v0.3,m3star_graph_action_value_xgboost_v0.3,m3star_graph_action_value_xgboost_v0.3,10.0,0,1,1,0,development,0,2,0.25,G2_tactic_intent,0.6,1,G1_technique,4,0,1,3,0,1,,8,1,4.0,C11-AA-001,1.0,3,2,0,G2_tactic_intent,G2_tactic_intent,m3star_graph_transition_xgboost_v0.1,0
C11-otrf-apt29-day1-scranton-nashua,discriminative,0.4,23,project05_m3star_h3_unshielded_dual,1,4.0,2,C11-AA-001|C11-AA-002,4.0,0.0,1,0,0,m3star_graph_action_value_xgboost_v0.3,m3star_graph_action_value_xgboost_v0.3,m3star_graph_action_value_xgboost_v0.3,10.0,0,1,1,0,development,0,2,0.25,G2_tactic_intent,0.6,1,G1_technique,4,0,0,3,1,1,,8,0,4.0,C11-AA-001,1.0,3,2,1,G2_tactic_intent,G2_tactic_intent,m3star_graph_transition_xgboost_v0.1,0
C11-otrf-apt29-day1-scranton-nashua,discriminative,0.4,23,project05_m3star_h3_transition_only,1,4.0,2,C11-AA-001|C11-AA-002,4.0,0.0,1,0,0,none,none,none,10.0,0,1,1,0,development,0,2,0.25,G2_tactic_intent,0.6,1,G1_technique,4,0,1,3,1,0,,8,1,4.0,C11-AA-001,1.0,3,2,1,G2_tactic_intent,G2_tactic_intent,m3star_graph_transition_xgboost_v0.1,0
C11-otrf-apt29-day1-scranton-nashua,discriminative,0.4,23,project05_m3star_h1_dual,1,4.0,2,C11-AA-001|C11-AA-002,4.0,0.0,1,0,0,m3star_graph_action_value_xgboost_v0.3,m3star_graph_action_value_xgboost_v0.3,m3star_graph_action_value_xgboost_v0.3,10.0,0,1,1,0,development,0,2,0.25,G2_tactic_intent,0.6,1,G1_technique,4,0,1,1,1,1,,8,1,4.0,C11-AA-001,1.0,3,2,1,G2_tactic_intent,G2_tactic_intent,m3star_graph_transition_xgboost_v0.1,0
C11-otrf-apt29-day1-scranton-nashua,discriminative,0.4,23,project05_xgboost_policy,1,4.0,2,C11-AA-001|C11-AA-002,4.0,0.0,1,0,0,,,,10.0,0,1,1,,development,0,2,0.25,G2_tactic_intent,0.6,1,G1_technique,4,0,,,,,,,,4.0,C11-AA-001,1.0,3,2,,G2_tactic_intent,G2_tactic_intent,,0
C11-otrf-apt29-day1-scranton-nashua,discriminative,0.4,23,project05_m3b_policy,1,4.0,2,C11-AA-001|C11-AA-002,4.0,0.0,1,0,0,,,,10.0,0,1,1,,development,0,2,0.25,G2_tactic_intent,0.6,1,G1_technique,4,0,,,,,,,,4.0,C11-AA-001,1.0,3,2,,G2_tactic_intent,G2_tactic_intent,,0
C11-otrf-apt29-day1-scranton-nashua,discriminative,0.4,23,project05_m2,1,4.0,2,C11-AA-002|C11-AA-001,4.0,0.0,0,0,0,,,,10.0,0,1,1,,development,0,2,0.25,G2_tactic_intent,0.6,1,G1_technique,4,0,,,,,,,,4.0,C11-AA-001,1.0,3,2,,G2_tactic_intent,G2_tactic_intent,,0
C11-otrf-apt29-day1-scranton-nashua,discriminative,0.4,23,oracle_optimal,1,4.0,2,C11-AA-001|C11-AA-002,4.0,0.0,1,0,0,,,,10.0,0,1,1,,development,0,2,0.25,G2_tactic_intent,0.6,1,G1_technique,4,0,,,,,,,,4.0,C11-AA-001,1.0,3,2,,G2_tactic_intent,G2_tactic_intent,,0
C11-otrf-apt29-day1-scranton-nashua,discriminative,0.4,37,project05_m3star_h3_dual,1,4.0,2,C11-AA-001|C11-AA-002,4.0,0.0,1,0,0,m3star_graph_action_value_xgboost_v0.3,m3star_graph_action_value_xgboost_v0.3,m3star_graph_action_value_xgboost_v0.3,10.0,0,1,1,0,development,0,2,0.25,G2_tactic_intent,0.6,1,G1_technique,4,0,1,3,1,1,,8,1,4.0,C11-AA-001,1.0,3,2,1,G2_tactic_intent,G2_tactic_intent,m3star_graph_transition_xgboost_v0.1,0
C11-otrf-apt29-day1-scranton-nashua,discriminative,0.4,37,project05_m3star_h3_no_dominance_dual,1,4.0,2,C11-AA-001|C11-AA-002,4.0,0.0,1,0,0,m3star_graph_action_value_xgboost_v0.3,m3star_graph_action_value_xgboost_v0.3,m3star_graph_action_value_xgboost_v0.3,10.0,0,1,1,0,development,0,2,0.25,G2_tactic_intent,0.6,1,G1_technique,4,0,1,3,0,1,,8,1,4.0,C11-AA-001,1.0,3,2,0,G2_tactic_intent,G2_tactic_intent,m3star_graph_transition_xgboost_v0.1,0
C11-otrf-apt29-day1-scranton-nashua,discriminative,0.4,37,project05_m3star_h3_unshielded_dual,1,4.0,2,C11-AA-001|C11-AA-002,4.0,0.0,1,0,0,m3star_graph_action_value_xgboost_v0.3,m3star_graph_action_value_xgboost_v0.3,m3star_graph_action_value_xgboost_v0.3,10.0,0,1,1,0,development,0,2,0.25,G2_tactic_intent,0.6,1,G1_technique,4,0,0,3,1,1,,8,0,4.0,C11-AA-001,1.0,3,2,1,G2_tactic_intent,G2_tactic_intent,m3star_graph_transition_xgboost_v0.1,0
C11-otrf-apt29-day1-scranton-nashua,discriminative,0.4,37,project05_m3star_h3_transition_only,1,4.0,2,C11-AA-001|C11-AA-002,4.0,0.0,1,0,0,none,none,none,10.0,0,1,1,0,development,0,2,0.25,G2_tactic_intent,0.6,1,G1_technique,4,0,1,3,1,0,,8,1,4.0,C11-AA-001,1.0,3,2,1,G2_tactic_intent,G2_tactic_intent,m3star_graph_transition_xgboost_v0.1,0
C11-otrf-apt29-day1-scranton-nashua,discriminative,0.4,37,project05_m3star_h1_dual,1,4.0,2,C11-AA-001|C11-AA-002,4.0,0.0,1,0,0,m3star_graph_action_value_xgboost_v0.3,m3star_graph_action_value_xgboost_v0.3,m3star_graph_action_value_xgboost_v0.3,10.0,0,1,1,0,development,0,2,0.25,G2_tactic_intent,0.6,1,G1_technique,4,0,1,1,1,1,,8,1,4.0,C11-AA-001,1.0,3,2,1,G2_tactic_intent,G2_tactic_intent,m3star_graph_transition_xgboost_v0.1,0
C11-otrf-apt29-day1-scranton-nashua,discriminative,0.4,37,project05_xgboost_policy,1,4.0,2,C11-AA-001|C11-AA-002,4.0,0.0,1,0,0,,,,10.0,0,1,1,,development,0,2,0.25,G2_tactic_intent,0.6,1,G1_technique,4,0,,,,,,,,4.0,C11-AA-001,1.0,3,2,,G2_tactic_intent,G2_tactic_intent,,0
C11-otrf-apt29-day1-scranton-nashua,discriminative,0.4,37,project05_m3b_policy,1,4.0,2,C11-AA-001|C11-AA-002,4.0,0.0,1,0,0,,,,10.0,0,1,1,,development,0,2,0.25,G2_tactic_intent,0.6,1,G1_technique,4,0,,,,,,,,4.0,C11-AA-001,1.0,3,2,,G2_tactic_intent,G2_tactic_intent,,0
C11-otrf-apt29-day1-scranton-nashua,discriminative,0.4,37,project05_m2,1,4.0,2,C11-AA-002|C11-AA-001,4.0,0.0,0,0,0,,,,10.0,0,1,1,,development,0,2,0.25,G2_tactic_intent,0.6,1,G1_technique,4,0,,,,,,,,4.0,C11-AA-001,1.0,3,2,,G2_tactic_intent,G2_tactic_intent,,0
C11-otrf-apt29-day1-scranton-nashua,discriminative,0.4,37,oracle_optimal,1,4.0,2,C11-AA-001|C11-AA-002,4.0,0.0,1,0,0,,,,10.0,0,1,1,,development,0,2,0.25,G2_tactic_intent,0.6,1,G1_technique,4,0,,,,,,,,4.0,C11-AA-001,1.0,3,2,,G2_tactic_intent,G2_tactic_intent,,0
C11-otrf-apt29-day1-scranton-nashua,discriminative,0.4,41,project05_m3star_h3_dual,1,4.0,2,C11-AA-001|C11-AA-002,4.0,0.0,1,0,0,m3star_graph_action_value_xgboost_v0.3,m3star_graph_action_value_xgboost_v0.3,m3star_graph_action_value_xgboost_v0.3,10.0,0,1,1,0,development,0,2,0.25,G2_tactic_intent,0.6,1,G1_technique,4,0,1,3,1,1,,8,1,4.0,C11-AA-001,1.0,3,2,1,G2_tactic_intent,G2_tactic_intent,m3star_graph_transition_xgboost_v0.1,0
C11-otrf-apt29-day1-scranton-nashua,discriminative,0.4,41,project05_m3star_h3_no_dominance_dual,1,4.0,2,C11-AA-001|C11-AA-002,4.0,0.0,1,0,0,m3star_graph_action_value_xgboost_v0.3,m3star_graph_action_value_xgboost_v0.3,m3star_graph_action_value_xgboost_v0.3,10.0,0,1,1,0,development,0,2,0.25,G2_tactic_intent,0.6,1,G1_technique,4,0,1,3,0,1,,8,1,4.0,C11-AA-001,1.0,3,2,0,G2_tactic_intent,G2_tactic_intent,m3star_graph_transition_xgboost_v0.1,0
C11-otrf-apt29-day1-scranton-nashua,discriminative,0.4,41,project05_m3star_h3_unshielded_dual,1,4.0,2,C11-AA-001|C11-AA-002,4.0,0.0,1,0,0,m3star_graph_action_value_xgboost_v0.3,m3star_graph_action_value_xgboost_v0.3,m3star_graph_action_value_xgboost_v0.3,10.0,0,1,1,0,development,0,2,0.25,G2_tactic_intent,0.6,1,G1_technique,4,0,0,3,1,1,,8,0,4.0,C11-AA-001,1.0,3,2,1,G2_tactic_intent,G2_tactic_intent,m3star_graph_transition_xgboost_v0.1,0
C11-otrf-apt29-day1-scranton-nashua,discriminative,0.4,41,project05_m3star_h3_transition_only,1,4.0,2,C11-AA-001|C11-AA-002,4.0,0.0,1,0,0,none,none,none,10.0,0,1,1,0,development,0,2,0.25,G2_tactic_intent,0.6,1,G1_technique,4,0,1,3,1,0,,8,1,4.0,C11-AA-001,1.0,3,2,1,G2_tactic_intent,G2_tactic_intent,m3star_graph_transition_xgboost_v0.1,0
C11-otrf-apt29-day1-scranton-nashua,discriminative,0.4,41,project05_m3star_h1_dual,1,4.0,2,C11-AA-001|C11-AA-002,4.0,0.0,1,0,0,m3star_graph_action_value_xgboost_v0.3,m3star_graph_action_value_xgboost_v0.3,m3star_graph_action_value_xgboost_v0.3,10.0,0,1,1,0,development,0,2,0.25,G2_tactic_intent,0.6,1,G1_technique,4,0,1,1,1,1,,8,1,4.0,C11-AA-001,1.0,3,2,1,G2_tactic_intent,G2_tactic_intent,m3star_graph_transition_xgboost_v0.1,0
C11-otrf-apt29-day1-scranton-nashua,discriminative,0.4,41,project05_xgboost_policy,1,4.0,2,C11-AA-001|C11-AA-002,4.0,0.0,1,0,0,,,,10.0,0,1,1,,development,0,2,0.25,G2_tactic_intent,0.6,1,G1_technique,4,0,,,,,,,,4.0,C11-AA-001,1.0,3,2,,G2_tactic_intent,G2_tactic_intent,,0
C11-otrf-apt29-day1-scranton-nashua,discriminative,0.4,41,project05_m3b_policy,1,4.0,2,C11-AA-001|C11-AA-002,4.0,0.0,1,0,0,,,,10.0,0,1,1,,development,0,2,0.25,G2_tactic_intent,0.6,1,G1_technique,4,0,,,,,,,,4.0,C11-AA-001,1.0,3,2,,G2_tactic_intent,G2_tactic_intent,,0
C11-otrf-apt29-day1-scranton-nashua,discriminative,0.4,41,project05_m2,1,4.0,2,C11-AA-002|C11-AA-001,4.0,0.0,0,0,0,,,,10.0,0,1,1,,development,0,2,0.25,G2_tactic_intent,0.6,1,G1_technique,4,0,,,,,,,,4.0,C11-AA-001,1.0,3,2,,G2_tactic_intent,G2_tactic_intent,,0
C11-otrf-apt29-day1-scranton-nashua,discriminative,0.4,41,oracle_optimal,1,4.0,2,C11-AA-001|C11-AA-002,4.0,0.0,1,0,0,,,,10.0,0,1,1,,development,0,2,0.25,G2_tactic_intent,0.6,1,G1_technique,4,0,,,,,,,,4.0,C11-AA-001,1.0,3,2,,G2_tactic_intent,G2_tactic_intent,,0
C11-otrf-apt29-day1-scranton-nashua,discriminative,0.4,53,project05_m3star_h3_dual,1,4.0,2,C11-AA-001|C11-AA-002,4.0,0.0,1,0,0,m3star_graph_action_value_xgboost_v0.3,m3star_graph_action_value_xgboost_v0.3,m3star_graph_action_value_xgboost_v0.3,10.0,0,1,1,0,development,0,2,0.25,G2_tactic_intent,0.6,1,G1_technique,4,0,1,3,1,1,,8,1,4.0,C11-AA-001,1.0,3,2,1,G2_tactic_intent,G2_tactic_intent,m3star_graph_transition_xgboost_v0.1,0
C11-otrf-apt29-day1-scranton-nashua,discriminative,0.4,53,project05_m3star_h3_no_dominance_dual,1,4.0,2,C11-AA-001|C11-AA-002,4.0,0.0,1,0,0,m3star_graph_action_value_xgboost_v0.3,m3star_graph_action_value_xgboost_v0.3,m3star_graph_action_value_xgboost_v0.3,10.0,0,1,1,0,development,0,2,0.25,G2_tactic_intent,0.6,1,G1_technique,4,0,1,3,0,1,,8,1,4.0,C11-AA-001,1.0,3,2,0,G2_tactic_intent,G2_tactic_intent,m3star_graph_transition_xgboost_v0.1,0
C11-otrf-apt29-day1-scranton-nashua,discriminative,0.4,53,project05_m3star_h3_unshielded_dual,1,4.0,2,C11-AA-001|C11-AA-002,4.0,0.0,1,0,0,m3star_graph_action_value_xgboost_v0.3,m3star_graph_action_value_xgboost_v0.3,m3star_graph_action_value_xgboost_v0.3,10.0,0,1,1,0,development,0,2,0.25,G2_tactic_intent,0.6,1,G1_technique,4,0,0,3,1,1,,8,0,4.0,C11-AA-001,1.0,3,2,1,G2_tactic_intent,G2_tactic_intent,m3star_graph_transition_xgboost_v0.1,0
C11-otrf-apt29-day1-scranton-nashua,discriminative,0.4,53,project05_m3star_h3_transition_only,1,4.0,2,C11-AA-001|C11-AA-002,4.0,0.0,1,0,0,none,none,none,10.0,0,1,1,0,development,0,2,0.25,G2_tactic_intent,0.6,1,G1_technique,4,0,1,3,1,0,,8,1,4.0,C11-AA-001,1.0,3,2,1,G2_tactic_intent,G2_tactic_intent,m3star_graph_transition_xgboost_v0.1,0
C11-otrf-apt29-day1-scranton-nashua,discriminative,0.4,53,project05_m3star_h1_dual,1,4.0,2,C11-AA-001|C11-AA-002,4.0,0.0,1,0,0,m3star_graph_action_value_xgboost_v0.3,m3star_graph_action_value_xgboost_v0.3,m3star_graph_action_value_xgboost_v0.3,10.0,0,1,1,0,development,0,2,0.25,G2_tactic_intent,0.6,1,G1_technique,4,0,1,1,1,1,,8,1,4.0,C11-AA-001,1.0,3,2,1,G2_tactic_intent,G2_tactic_intent,m3star_graph_transition_xgboost_v0.1,0
C11-otrf-apt29-day1-scranton-nashua,discriminative,0.4,53,project05_xgboost_policy,1,4.0,2,C11-AA-001|C11-AA-002,4.0,0.0,1,0,0,,,,10.0,0,1,1,,development,0,2,0.25,G2_tactic_intent,0.6,1,G1_technique,4,0,,,,,,,,4.0,C11-AA-001,1.0,3,2,,G2_tactic_intent,G2_tactic_intent,,0
C11-otrf-apt29-day1-scranton-nashua,discriminative,0.4,53,project05_m3b_policy,1,4.0,2,C11-AA-001|C11-AA-002,4.0,0.0,1,0,0,,,,10.0,0,1,1,,development,0,2,0.25,G2_tactic_intent,0.6,1,G1_technique,4,0,,,,,,,,4.0,C11-AA-001,1.0,3,2,,G2_tactic_intent,G2_tactic_intent,,0
C11-otrf-apt29-day1-scranton-nashua,discriminative,0.4,53,project05_m2,1,4.0,2,C11-AA-002|C11-AA-001,4.0,0.0,0,0,0,,,,10.0,0,1,1,,development,0,2,0.25,G2_tactic_intent,0.6,1,G1_technique,4,0,,,,,,,,4.0,C11-AA-001,1.0,3,2,,G2_tactic_intent,G2_tactic_intent,,0
C11-otrf-apt29-day1-scranton-nashua,discriminative,0.4,53,oracle_optimal,1,4.0,2,C11-AA-001|C11-AA-002,4.0,0.0,1,0,0,,,,10.0,0,1,1,,development,0,2,0.25,G2_tactic_intent,0.6,1,G1_technique,4,0,,,,,,,,4.0,C11-AA-001,1.0,3,2,,G2_tactic_intent,G2_tactic_intent,,0
C11-otrf-apt29-day1-scranton-nashua,discriminative,0.6,11,project05_m3star_h3_dual,1,4.0,2,C11-AA-001|C11-AA-002,4.0,0.0,1,0,0,m3star_graph_action_value_xgboost_v0.3,m3star_graph_action_value_xgboost_v0.3,m3star_graph_action_value_xgboost_v0.3,10.0,0,1,1,0,development,0,2,0.25,G2_tactic_intent,0.6,1,G1_technique,5,0,1,3,1,1,,8,1,4.0,C11-AA-001,1.0,4,2,1,G2_tactic_intent,G2_tactic_intent,m3star_graph_transition_xgboost_v0.1,0
C11-otrf-apt29-day1-scranton-nashua,discriminative,0.6,11,project05_m3star_h3_no_dominance_dual,1,4.0,2,C11-AA-001|C11-AA-002,4.0,0.0,1,0,0,m3star_graph_action_value_xgboost_v0.3,m3star_graph_action_value_xgboost_v0.3,m3star_graph_action_value_xgboost_v0.3,10.0,0,1,1,0,development,0,2,0.25,G2_tactic_intent,0.6,1,G1_technique,5,0,1,3,0,1,,8,1,4.0,C11-AA-001,1.0,4,2,0,G2_tactic_intent,G2_tactic_intent,m3star_graph_transition_xgboost_v0.1,0
C11-otrf-apt29-day1-scranton-nashua,discriminative,0.6,11,project05_m3star_h3_unshielded_dual,1,4.0,2,C11-AA-001|C11-AA-002,4.0,0.0,1,0,0,m3star_graph_action_value_xgboost_v0.3,m3star_graph_action_value_xgboost_v0.3,m3star_graph_action_value_xgboost_v0.3,10.0,0,1,1,0,development,0,2,0.25,G2_tactic_intent,0.6,1,G1_technique,5,0,0,3,1,1,,8,0,4.0,C11-AA-001,1.0,4,2,1,G2_tactic_intent,G2_tactic_intent,m3star_graph_transition_xgboost_v0.1,0
C11-otrf-apt29-day1-scranton-nashua,discriminative,0.6,11,project05_m3star_h3_transition_only,1,4.0,2,C11-AA-001|C11-AA-002,4.0,0.0,1,0,0,none,none,none,10.0,0,1,1,0,development,0,2,0.25,G2_tactic_intent,0.6,1,G1_technique,5,0,1,3,1,0,,8,1,4.0,C11-AA-001,1.0,4,2,1,G2_tactic_intent,G2_tactic_intent,m3star_graph_transition_xgboost_v0.1,0
C11-otrf-apt29-day1-scranton-nashua,discriminative,0.6,11,project05_m3star_h1_dual,1,4.0,2,C11-AA-001|C11-AA-002,4.0,0.0,1,0,0,m3star_graph_action_value_xgboost_v0.3,m3star_graph_action_value_xgboost_v0.3,m3star_graph_action_value_xgboost_v0.3,10.0,0,1,1,0,development,0,2,0.25,G2_tactic_intent,0.6,1,G1_technique,5,0,1,1,1,1,,8,1,4.0,C11-AA-001,1.0,4,2,1,G2_tactic_intent,G2_tactic_intent,m3star_graph_transition_xgboost_v0.1,0
C11-otrf-apt29-day1-scranton-nashua,discriminative,0.6,11,project05_xgboost_policy,1,4.0,2,C11-AA-001|C11-AA-002,4.0,0.0,1,0,0,,,,10.0,0,1,1,,development,0,2,0.25,G2_tactic_intent,0.6,1,G1_technique,5,0,,,,,,,,4.0,C11-AA-001,1.0,4,2,,G2_tactic_intent,G2_tactic_intent,,0
C11-otrf-apt29-day1-scranton-nashua,discriminative,0.6,11,project05_m3b_policy,1,4.0,2,C11-AA-001|C11-AA-002,4.0,0.0,1,0,0,,,,10.0,0,1,1,,development,0,2,0.25,G2_tactic_intent,0.6,1,G1_technique,5,0,,,,,,,,4.0,C11-AA-001,1.0,4,2,,G2_tactic_intent,G2_tactic_intent,,0
C11-otrf-apt29-day1-scranton-nashua,discriminative,0.6,11,project05_m2,1,4.0,2,C11-AA-001|C11-AA-002,4.0,0.0,1,0,0,,,,10.0,0,1,1,,development,0,2,0.25,G2_tactic_intent,0.6,1,G1_technique,5,0,,,,,,,,4.0,C11-AA-001,1.0,4,2,,G2_tactic_intent,G2_tactic_intent,,0
C11-otrf-apt29-day1-scranton-nashua,discriminative,0.6,11,oracle_optimal,1,4.0,2,C11-AA-001|C11-AA-002,4.0,0.0,1,0,0,,,,10.0,0,1,1,,development,0,2,0.25,G2_tactic_intent,0.6,1,G1_technique,5,0,,,,,,,,4.0,C11-AA-001,1.0,4,2,,G2_tactic_intent,G2_tactic_intent,,0
C11-otrf-apt29-day1-scranton-nashua,discriminative,0.6,23,project05_m3star_h3_dual,1,4.0,2,C11-AA-001|C11-AA-002,4.0,0.0,1,0,0,m3star_graph_action_value_xgboost_v0.3,m3star_graph_action_value_xgboost_v0.3,m3star_graph_action_value_xgboost_v0.3,10.0,0,1,1,0,development,0,2,0.25,G2_tactic_intent,0.6,1,G1_technique,5,0,1,3,1,1,,8,1,4.0,C11-AA-001,1.0,4,2,1,G2_tactic_intent,G2_tactic_intent,m3star_graph_transition_xgboost_v0.1,0
C11-otrf-apt29-day1-scranton-nashua,discriminative,0.6,23,project05_m3star_h3_no_dominance_dual,1,4.0,2,C11-AA-001|C11-AA-002,4.0,0.0,1,0,0,m3star_graph_action_value_xgboost_v0.3,m3star_graph_action_value_xgboost_v0.3,m3star_graph_action_value_xgboost_v0.3,10.0,0,1,1,0,development,0,2,0.25,G2_tactic_intent,0.6,1,G1_technique,5,0,1,3,0,1,,8,1,4.0,C11-AA-001,1.0,4,2,0,G2_tactic_intent,G2_tactic_intent,m3star_graph_transition_xgboost_v0.1,0
C11-otrf-apt29-day1-scranton-nashua,discriminative,0.6,23,project05_m3star_h3_unshielded_dual,1,4.0,2,C11-AA-001|C11-AA-002,4.0,0.0,1,0,0,m3star_graph_action_value_xgboost_v0.3,m3star_graph_action_value_xgboost_v0.3,m3star_graph_action_value_xgboost_v0.3,10.0,0,1,1,0,development,0,2,0.25,G2_tactic_intent,0.6,1,G1_technique,5,0,0,3,1,1,,8,0,4.0,C11-AA-001,1.0,4,2,1,G2_tactic_intent,G2_tactic_intent,m3star_graph_transition_xgboost_v0.1,0
C11-otrf-apt29-day1-scranton-nashua,discriminative,0.6,23,project05_m3star_h3_transition_only,1,4.0,2,C11-AA-001|C11-AA-002,4.0,0.0,1,0,0,none,none,none,10.0,0,1,1,0,development,0,2,0.25,G2_tactic_intent,0.6,1,G1_technique,5,0,1,3,1,0,,8,1,4.0,C11-AA-001,1.0,4,2,1,G2_tactic_intent,G2_tactic_intent,m3star_graph_transition_xgboost_v0.1,0
C11-otrf-apt29-day1-scranton-nashua,discriminative,0.6,23,project05_m3star_h1_dual,1,4.0,2,C11-AA-001|C11-AA-002,4.0,0.0,1,0,0,m3star_graph_action_value_xgboost_v0.3,m3star_graph_action_value_xgboost_v0.3,m3star_graph_action_value_xgboost_v0.3,10.0,0,1,1,0,development,0,2,0.25,G2_tactic_intent,0.6,1,G1_technique,5,0,1,1,1,1,,8,1,4.0,C11-AA-001,1.0,4,2,1,G2_tactic_intent,G2_tactic_intent,m3star_graph_transition_xgboost_v0.1,0
C11-otrf-apt29-day1-scranton-nashua,discriminative,0.6,23,project05_xgboost_policy,1,4.0,2,C11-AA-001|C11-AA-002,4.0,0.0,1,0,0,,,,10.0,0,1,1,,development,0,2,0.25,G2_tactic_intent,0.6,1,G1_technique,5,0,,,,,,,,4.0,C11-AA-001,1.0,4,2,,G2_tactic_intent,G2_tactic_intent,,0
C11-otrf-apt29-day1-scranton-nashua,discriminative,0.6,23,project05_m3b_policy,1,4.0,2,C11-AA-001|C11-AA-002,4.0,0.0,1,0,0,,,,10.0,0,1,1,,development,0,2,0.25,G2_tactic_intent,0.6,1,G1_technique,5,0,,,,,,,,4.0,C11-AA-001,1.0,4,2,,G2_tactic_intent,G2_tactic_intent,,0
C11-otrf-apt29-day1-scranton-nashua,discriminative,0.6,23,project05_m2,1,4.0,2,C11-AA-001|C11-AA-002,4.0,0.0,1,0,0,,,,10.0,0,1,1,,development,0,2,0.25,G2_tactic_intent,0.6,1,G1_technique,5,0,,,,,,,,4.0,C11-AA-001,1.0,4,2,,G2_tactic_intent,G2_tactic_intent,,0
C11-otrf-apt29-day1-scranton-nashua,discriminative,0.6,23,oracle_optimal,1,4.0,2,C11-AA-001|C11-AA-002,4.0,0.0,1,0,0,,,,10.0,0,1,1,,development,0,2,0.25,G2_tactic_intent,0.6,1,G1_technique,5,0,,,,,,,,4.0,C11-AA-001,1.0,4,2,,G2_tactic_intent,G2_tactic_intent,,0
C11-otrf-apt29-day1-scranton-nashua,discriminative,0.6,37,project05_m3star_h3_dual,1,4.0,2,C11-AA-001|C11-AA-002,4.0,0.0,1,0,0,m3star_graph_action_value_xgboost_v0.3,m3star_graph_action_value_xgboost_v0.3,m3star_graph_action_value_xgboost_v0.3,10.0,0,1,1,0,development,0,2,0.25,G2_tactic_intent,0.6,1,G1_technique,5,0,1,3,1,1,,8,1,4.0,C11-AA-001,1.0,4,2,1,G2_tactic_intent,G2_tactic_intent,m3star_graph_transition_xgboost_v0.1,0
C11-otrf-apt29-day1-scranton-nashua,discriminative,0.6,37,project05_m3star_h3_no_dominance_dual,1,4.0,2,C11-AA-001|C11-AA-002,4.0,0.0,1,0,0,m3star_graph_action_value_xgboost_v0.3,m3star_graph_action_value_xgboost_v0.3,m3star_graph_action_value_xgboost_v0.3,10.0,0,1,1,0,development,0,2,0.25,G2_tactic_intent,0.6,1,G1_technique,5,0,1,3,0,1,,8,1,4.0,C11-AA-001,1.0,4,2,0,G2_tactic_intent,G2_tactic_intent,m3star_graph_transition_xgboost_v0.1,0
C11-otrf-apt29-day1-scranton-nashua,discriminative,0.6,37,project05_m3star_h3_unshielded_dual,1,4.0,2,C11-AA-001|C11-AA-002,4.0,0.0,1,0,0,m3star_graph_action_value_xgboost_v0.3,m3star_graph_action_value_xgboost_v0.3,m3star_graph_action_value_xgboost_v0.3,10.0,0,1,1,0,development,0,2,0.25,G2_tactic_intent,0.6,1,G1_technique,5,0,0,3,1,1,,8,0,4.0,C11-AA-001,1.0,4,2,1,G2_tactic_intent,G2_tactic_intent,m3star_graph_transition_xgboost_v0.1,0
C11-otrf-apt29-day1-scranton-nashua,discriminative,0.6,37,project05_m3star_h3_transition_only,1,4.0,2,C11-AA-001|C11-AA-002,4.0,0.0,1,0,0,none,none,none,10.0,0,1,1,0,development,0,2,0.25,G2_tactic_intent,0.6,1,G1_technique,5,0,1,3,1,0,,8,1,4.0,C11-AA-001,1.0,4,2,1,G2_tactic_intent,G2_tactic_intent,m3star_graph_transition_xgboost_v0.1,0
C11-otrf-apt29-day1-scranton-nashua,discriminative,0.6,37,project05_m3star_h1_dual,1,4.0,2,C11-AA-001|C11-AA-002,4.0,0.0,1,0,0,m3star_graph_action_value_xgboost_v0.3,m3star_graph_action_value_xgboost_v0.3,m3star_graph_action_value_xgboost_v0.3,10.0,0,1,1,0,development,0,2,0.25,G2_tactic_intent,0.6,1,G1_technique,5,0,1,1,1,1,,8,1,4.0,C11-AA-001,1.0,4,2,1,G2_tactic_intent,G2_tactic_intent,m3star_graph_transition_xgboost_v0.1,0
C11-otrf-apt29-day1-scranton-nashua,discriminative,0.6,37,project05_xgboost_policy,1,4.0,2,C11-AA-001|C11-AA-002,4.0,0.0,1,0,0,,,,10.0,0,1,1,,development,0,2,0.25,G2_tactic_intent,0.6,1,G1_technique,5,0,,,,,,,,4.0,C11-AA-001,1.0,4,2,,G2_tactic_intent,G2_tactic_intent,,0
C11-otrf-apt29-day1-scranton-nashua,discriminative,0.6,37,project05_m3b_policy,1,4.0,2,C11-AA-001|C11-AA-002,4.0,0.0,1,0,0,,,,10.0,0,1,1,,development,0,2,0.25,G2_tactic_intent,0.6,1,G1_technique,5,0,,,,,,,,4.0,C11-AA-001,1.0,4,2,,G2_tactic_intent,G2_tactic_intent,,0
C11-otrf-apt29-day1-scranton-nashua,discriminative,0.6,37,project05_m2,1,4.0,2,C11-AA-001|C11-AA-002,4.0,0.0,1,0,0,,,,10.0,0,1,1,,development,0,2,0.25,G2_tactic_intent,0.6,1,G1_technique,5,0,,,,,,,,4.0,C11-AA-001,1.0,4,2,,G2_tactic_intent,G2_tactic_intent,,0
C11-otrf-apt29-day1-scranton-nashua,discriminative,0.6,37,oracle_optimal,1,4.0,2,C11-AA-001|C11-AA-002,4.0,0.0,1,0,0,,,,10.0,0,1,1,,development,0,2,0.25,G2_tactic_intent,0.6,1,G1_technique,5,0,,,,,,,,4.0,C11-AA-001,1.0,4,2,,G2_tactic_intent,G2_tactic_intent,,0
C11-otrf-apt29-day1-scranton-nashua,discriminative,0.6,41,project05_m3star_h3_dual,1,4.0,2,C11-AA-001|C11-AA-002,4.0,0.0,1,0,0,m3star_graph_action_value_xgboost_v0.3,m3star_graph_action_value_xgboost_v0.3,m3star_graph_action_value_xgboost_v0.3,10.0,0,1,1,0,development,0,2,0.25,G2_tactic_intent,0.6,1,G1_technique,5,0,1,3,1,1,,8,1,4.0,C11-AA-001,1.0,4,2,1,G2_tactic_intent,G2_tactic_intent,m3star_graph_transition_xgboost_v0.1,0
C11-otrf-apt29-day1-scranton-nashua,discriminative,0.6,41,project05_m3star_h3_no_dominance_dual,1,4.0,2,C11-AA-001|C11-AA-002,4.0,0.0,1,0,0,m3star_graph_action_value_xgboost_v0.3,m3star_graph_action_value_xgboost_v0.3,m3star_graph_action_value_xgboost_v0.3,10.0,0,1,1,0,development,0,2,0.25,G2_tactic_intent,0.6,1,G1_technique,5,0,1,3,0,1,,8,1,4.0,C11-AA-001,1.0,4,2,0,G2_tactic_intent,G2_tactic_intent,m3star_graph_transition_xgboost_v0.1,0
C11-otrf-apt29-day1-scranton-nashua,discriminative,0.6,41,project05_m3star_h3_unshielded_dual,1,4.0,2,C11-AA-001|C11-AA-002,4.0,0.0,1,0,0,m3star_graph_action_value_xgboost_v0.3,m3star_graph_action_value_xgboost_v0.3,m3star_graph_action_value_xgboost_v0.3,10.0,0,1,1,0,development,0,2,0.25,G2_tactic_intent,0.6,1,G1_technique,5,0,0,3,1,1,,8,0,4.0,C11-AA-001,1.0,4,2,1,G2_tactic_intent,G2_tactic_intent,m3star_graph_transition_xgboost_v0.1,0
C11-otrf-apt29-day1-scranton-nashua,discriminative,0.6,41,project05_m3star_h3_transition_only,1,4.0,2,C11-AA-001|C11-AA-002,4.0,0.0,1,0,0,none,none,none,10.0,0,1,1,0,development,0,2,0.25,G2_tactic_intent,0.6,1,G1_technique,5,0,1,3,1,0,,8,1,4.0,C11-AA-001,1.0,4,2,1,G2_tactic_intent,G2_tactic_intent,m3star_graph_transition_xgboost_v0.1,0
C11-otrf-apt29-day1-scranton-nashua,discriminative,0.6,41,project05_m3star_h1_dual,1,4.0,2,C11-AA-001|C11-AA-002,4.0,0.0,1,0,0,m3star_graph_action_value_xgboost_v0.3,m3star_graph_action_value_xgboost_v0.3,m3star_graph_action_value_xgboost_v0.3,10.0,0,1,1,0,development,0,2,0.25,G2_tactic_intent,0.6,1,G1_technique,5,0,1,1,1,1,,8,1,4.0,C11-AA-001,1.0,4,2,1,G2_tactic_intent,G2_tactic_intent,m3star_graph_transition_xgboost_v0.1,0
C11-otrf-apt29-day1-scranton-nashua,discriminative,0.6,41,project05_xgboost_policy,1,4.0,2,C11-AA-001|C11-AA-002,4.0,0.0,1,0,0,,,,10.0,0,1,1,,development,0,2,0.25,G2_tactic_intent,0.6,1,G1_technique,5,0,,,,,,,,4.0,C11-AA-001,1.0,4,2,,G2_tactic_intent,G2_tactic_intent,,0
C11-otrf-apt29-day1-scranton-nashua,discriminative,0.6,41,project05_m3b_policy,1,4.0,2,C11-AA-001|C11-AA-002,4.0,0.0,1,0,0,,,,10.0,0,1,1,,development,0,2,0.25,G2_tactic_intent,0.6,1,G1_technique,5,0,,,,,,,,4.0,C11-AA-001,1.0,4,2,,G2_tactic_intent,G2_tactic_intent,,0
C11-otrf-apt29-day1-scranton-nashua,discriminative,0.6,41,project05_m2,1,4.0,2,C11-AA-001|C11-AA-002,4.0,0.0,1,0,0,,,,10.0,0,1,1,,development,0,2,0.25,G2_tactic_intent,0.6,1,G1_technique,5,0,,,,,,,,4.0,C11-AA-001,1.0,4,2,,G2_tactic_intent,G2_tactic_intent,,0
C11-otrf-apt29-day1-scranton-nashua,discriminative,0.6,41,oracle_optimal,1,4.0,2,C11-AA-001|C11-AA-002,4.0,0.0,1,0,0,,,,10.0,0,1,1,,development,0,2,0.25,G2_tactic_intent,0.6,1,G1_technique,5,0,,,,,,,,4.0,C11-AA-001,1.0,4,2,,G2_tactic_intent,G2_tactic_intent,,0
C11-otrf-apt29-day1-scranton-nashua,discriminative,0.6,53,project05_m3star_h3_dual,1,4.0,2,C11-AA-001|C11-AA-002,4.0,0.0,1,0,0,m3star_graph_action_value_xgboost_v0.3,m3star_graph_action_value_xgboost_v0.3,m3star_graph_action_value_xgboost_v0.3,10.0,0,1,1,0,development,0,2,0.25,G2_tactic_intent,0.6,1,G1_technique,5,0,1,3,1,1,,8,1,4.0,C11-AA-001,1.0,4,2,1,G2_tactic_intent,G2_tactic_intent,m3star_graph_transition_xgboost_v0.1,0
C11-otrf-apt29-day1-scranton-nashua,discriminative,0.6,53,project05_m3star_h3_no_dominance_dual,1,4.0,2,C11-AA-001|C11-AA-002,4.0,0.0,1,0,0,m3star_graph_action_value_xgboost_v0.3,m3star_graph_action_value_xgboost_v0.3,m3star_graph_action_value_xgboost_v0.3,10.0,0,1,1,0,development,0,2,0.25,G2_tactic_intent,0.6,1,G1_technique,5,0,1,3,0,1,,8,1,4.0,C11-AA-001,1.0,4,2,0,G2_tactic_intent,G2_tactic_intent,m3star_graph_transition_xgboost_v0.1,0
C11-otrf-apt29-day1-scranton-nashua,discriminative,0.6,53,project05_m3star_h3_unshielded_dual,1,4.0,2,C11-AA-001|C11-AA-002,4.0,0.0,1,0,0,m3star_graph_action_value_xgboost_v0.3,m3star_graph_action_value_xgboost_v0.3,m3star_graph_action_value_xgboost_v0.3,10.0,0,1,1,0,development,0,2,0.25,G2_tactic_intent,0.6,1,G1_technique,5,0,0,3,1,1,,8,0,4.0,C11-AA-001,1.0,4,2,1,G2_tactic_intent,G2_tactic_intent,m3star_graph_transition_xgboost_v0.1,0
C11-otrf-apt29-day1-scranton-nashua,discriminative,0.6,53,project05_m3star_h3_transition_only,1,4.0,2,C11-AA-001|C11-AA-002,4.0,0.0,1,0,0,none,none,none,10.0,0,1,1,0,development,0,2,0.25,G2_tactic_intent,0.6,1,G1_technique,5,0,1,3,1,0,,8,1,4.0,C11-AA-001,1.0,4,2,1,G2_tactic_intent,G2_tactic_intent,m3star_graph_transition_xgboost_v0.1,0
C11-otrf-apt29-day1-scranton-nashua,discriminative,0.6,53,project05_m3star_h1_dual,1,4.0,2,C11-AA-001|C11-AA-002,4.0,0.0,1,0,0,m3star_graph_action_value_xgboost_v0.3,m3star_graph_action_value_xgboost_v0.3,m3star_graph_action_value_xgboost_v0.3,10.0,0,1,1,0,development,0,2,0.25,G2_tactic_intent,0.6,1,G1_technique,5,0,1,1,1,1,,8,1,4.0,C11-AA-001,1.0,4,2,1,G2_tactic_intent,G2_tactic_intent,m3star_graph_transition_xgboost_v0.1,0
C11-otrf-apt29-day1-scranton-nashua,discriminative,0.6,53,project05_xgboost_policy,1,4.0,2,C11-AA-001|C11-AA-002,4.0,0.0,1,0,0,,,,10.0,0,1,1,,development,0,2,0.25,G2_tactic_intent,0.6,1,G1_technique,5,0,,,,,,,,4.0,C11-AA-001,1.0,4,2,,G2_tactic_intent,G2_tactic_intent,,0
C11-otrf-apt29-day1-scranton-nashua,discriminative,0.6,53,project05_m3b_policy,1,4.0,2,C11-AA-001|C11-AA-002,4.0,0.0,1,0,0,,,,10.0,0,1,1,,development,0,2,0.25,G2_tactic_intent,0.6,1,G1_technique,5,0,,,,,,,,4.0,C11-AA-001,1.0,4,2,,G2_tactic_intent,G2_tactic_intent,,0
C11-otrf-apt29-day1-scranton-nashua,discriminative,0.6,53,project05_m2,1,4.0,2,C11-AA-001|C11-AA-002,4.0,0.0,1,0,0,,,,10.0,0,1,1,,development,0,2,0.25,G2_tactic_intent,0.6,1,G1_technique,5,0,,,,,,,,4.0,C11-AA-001,1.0,4,2,,G2_tactic_intent,G2_tactic_intent,,0
C11-otrf-apt29-day1-scranton-nashua,discriminative,0.6,53,oracle_optimal,1,4.0,2,C11-AA-001|C11-AA-002,4.0,0.0,1,0,0,,,,10.0,0,1,1,,development,0,2,0.25,G2_tactic_intent,0.6,1,G1_technique,5,0,,,,,,,,4.0,C11-AA-001,1.0,4,2,,G2_tactic_intent,G2_tactic_intent,,0
C12-witfoo-precinct6-f10c7270,random,0.2,11,project05_m3star_h3_dual,1,0.0,0,,0.0,0.0,0,0,0,m3star_graph_action_value_xgboost_v0.3,m3star_graph_action_value_xgboost_v0.3,m3star_graph_action_value_xgboost_v0.3,8.0,0,1,1,0,development,0,2,0.3333,G1_technique,0.5,0,G1_technique,1,0,1,3,1,1,,8,1,0.0,,0.0,0,0,1,G1_technique,G1_technique,m3star_graph_transition_xgboost_v0.1,0
C12-witfoo-precinct6-f10c7270,random,0.2,11,project05_m3star_h3_no_dominance_dual,1,0.0,0,,0.0,0.0,0,0,0,m3star_graph_action_value_xgboost_v0.3,m3star_graph_action_value_xgboost_v0.3,m3star_graph_action_value_xgboost_v0.3,8.0,0,1,1,0,development,0,2,0.3333,G1_technique,0.5,0,G1_technique,1,0,1,3,0,1,,8,1,0.0,,0.0,0,0,0,G1_technique,G1_technique,m3star_graph_transition_xgboost_v0.1,0
C12-witfoo-precinct6-f10c7270,random,0.2,11,project05_m3star_h3_unshielded_dual,1,0.0,0,,0.0,0.0,0,0,0,m3star_graph_action_value_xgboost_v0.3,m3star_graph_action_value_xgboost_v0.3,m3star_graph_action_value_xgboost_v0.3,8.0,0,1,1,0,development,0,2,0.3333,G1_technique,0.5,0,G1_technique,1,0,0,3,1,1,,8,0,0.0,,0.0,0,0,1,G1_technique,G1_technique,m3star_graph_transition_xgboost_v0.1,0
C12-witfoo-precinct6-f10c7270,random,0.2,11,project05_m3star_h3_transition_only,1,0.0,0,,0.0,0.0,0,0,0,none,none,none,8.0,0,1,1,0,development,0,2,0.3333,G1_technique,0.5,0,G1_technique,1,0,1,3,1,0,,8,1,0.0,,0.0,0,0,1,G1_technique,G1_technique,m3star_graph_transition_xgboost_v0.1,0
C12-witfoo-precinct6-f10c7270,random,0.2,11,project05_m3star_h1_dual,1,0.0,0,,0.0,0.0,0,0,0,m3star_graph_action_value_xgboost_v0.3,m3star_graph_action_value_xgboost_v0.3,m3star_graph_action_value_xgboost_v0.3,8.0,0,1,1,0,development,0,2,0.3333,G1_technique,0.5,0,G1_technique,1,0,1,1,1,1,,8,1,0.0,,0.0,0,0,1,G1_technique,G1_technique,m3star_graph_transition_xgboost_v0.1,0
C12-witfoo-precinct6-f10c7270,random,0.2,11,project05_xgboost_policy,1,0.0,0,,0.0,0.0,0,0,0,,,,8.0,0,1,1,,development,0,2,0.3333,G1_technique,0.5,0,G1_technique,1,0,,,,,,,,0.0,,0.0,0,0,,G1_technique,G1_technique,,0
C12-witfoo-precinct6-f10c7270,random,0.2,11,project05_m3b_policy,1,0.0,0,,0.0,0.0,0,0,0,,,,8.0,0,1,1,,development,0,2,0.3333,G1_technique,0.5,0,G1_technique,1,0,,,,,,,,0.0,,0.0,0,0,,G1_technique,G1_technique,,0
C12-witfoo-precinct6-f10c7270,random,0.2,11,project05_m2,1,0.0,0,,0.0,0.0,0,0,0,,,,8.0,0,1,1,,development,0,2,0.3333,G1_technique,0.5,0,G1_technique,1,0,,,,,,,,0.0,,0.0,0,0,,G1_technique,G1_technique,,0
C12-witfoo-precinct6-f10c7270,random,0.2,11,oracle_optimal,1,0.0,0,,0.0,0.0,0,0,0,,,,8.0,0,1,1,,development,0,2,0.3333,G1_technique,0.5,0,G1_technique,1,0,,,,,,,,0.0,,0.0,0,0,,G1_technique,G1_technique,,0
C12-witfoo-precinct6-f10c7270,random,0.2,23,project05_m3star_h3_dual,1,0.0,0,,0.0,0.0,0,0,0,m3star_graph_action_value_xgboost_v0.3,m3star_graph_action_value_xgboost_v0.3,m3star_graph_action_value_xgboost_v0.3,8.0,0,1,1,0,development,0,3,0.0,G1_technique,0.25,0,G1_technique,1,0,1,3,1,1,,8,1,0.0,,0.0,0,0,1,G1_technique,G1_technique,m3star_graph_transition_xgboost_v0.1,0
C12-witfoo-precinct6-f10c7270,random,0.2,23,project05_m3star_h3_no_dominance_dual,1,0.0,0,,0.0,0.0,0,0,0,m3star_graph_action_value_xgboost_v0.3,m3star_graph_action_value_xgboost_v0.3,m3star_graph_action_value_xgboost_v0.3,8.0,0,1,1,0,development,0,3,0.0,G1_technique,0.25,0,G1_technique,1,0,1,3,0,1,,8,1,0.0,,0.0,0,0,0,G1_technique,G1_technique,m3star_graph_transition_xgboost_v0.1,0
C12-witfoo-precinct6-f10c7270,random,0.2,23,project05_m3star_h3_unshielded_dual,1,0.0,0,,0.0,0.0,0,0,0,m3star_graph_action_value_xgboost_v0.3,m3star_graph_action_value_xgboost_v0.3,m3star_graph_action_value_xgboost_v0.3,8.0,0,1,1,0,development,0,3,0.0,G1_technique,0.25,0,G1_technique,1,0,0,3,1,1,,8,0,0.0,,0.0,0,0,1,G1_technique,G1_technique,m3star_graph_transition_xgboost_v0.1,0
C12-witfoo-precinct6-f10c7270,random,0.2,23,project05_m3star_h3_transition_only,1,0.0,0,,0.0,0.0,0,0,0,none,none,none,8.0,0,1,1,0,development,0,3,0.0,G1_technique,0.25,0,G1_technique,1,0,1,3,1,0,,8,1,0.0,,0.0,0,0,1,G1_technique,G1_technique,m3star_graph_transition_xgboost_v0.1,0
C12-witfoo-precinct6-f10c7270,random,0.2,23,project05_m3star_h1_dual,1,0.0,0,,0.0,0.0,0,0,0,m3star_graph_action_value_xgboost_v0.3,m3star_graph_action_value_xgboost_v0.3,m3star_graph_action_value_xgboost_v0.3,8.0,0,1,1,0,development,0,3,0.0,G1_technique,0.25,0,G1_technique,1,0,1,1,1,1,,8,1,0.0,,0.0,0,0,1,G1_technique,G1_technique,m3star_graph_transition_xgboost_v0.1,0
C12-witfoo-precinct6-f10c7270,random,0.2,23,project05_xgboost_policy,1,0.0,0,,0.0,0.0,0,0,0,,,,8.0,0,1,1,,development,0,3,0.0,G1_technique,0.25,0,G1_technique,1,0,,,,,,,,0.0,,0.0,0,0,,G1_technique,G1_technique,,0
C12-witfoo-precinct6-f10c7270,random,0.2,23,project05_m3b_policy,1,0.0,0,,0.0,0.0,0,0,0,,,,8.0,0,1,1,,development,0,3,0.0,G1_technique,0.25,0,G1_technique,1,0,,,,,,,,0.0,,0.0,0,0,,G1_technique,G1_technique,,0
C12-witfoo-precinct6-f10c7270,random,0.2,23,project05_m2,1,0.0,0,,0.0,0.0,0,0,0,,,,8.0,0,1,1,,development,0,3,0.0,G1_technique,0.25,0,G1_technique,1,0,,,,,,,,0.0,,0.0,0,0,,G1_technique,G1_technique,,0
C12-witfoo-precinct6-f10c7270,random,0.2,23,oracle_optimal,1,0.0,0,,0.0,0.0,0,0,0,,,,8.0,0,1,1,,development,0,3,0.0,G1_technique,0.25,0,G1_technique,1,0,,,,,,,,0.0,,0.0,0,0,,G1_technique,G1_technique,,0
C12-witfoo-precinct6-f10c7270,random,0.2,37,project05_m3star_h3_dual,1,0.0,0,,0.0,0.0,0,0,0,m3star_graph_action_value_xgboost_v0.3,m3star_graph_action_value_xgboost_v0.3,m3star_graph_action_value_xgboost_v0.3,8.0,0,1,1,0,development,0,2,0.0,G1_technique,0.5,0,G1_technique,1,0,1,3,1,1,,8,1,0.0,,0.0,0,0,1,G1_technique,G1_technique,m3star_graph_transition_xgboost_v0.1,0
C12-witfoo-precinct6-f10c7270,random,0.2,37,project05_m3star_h3_no_dominance_dual,1,0.0,0,,0.0,0.0,0,0,0,m3star_graph_action_value_xgboost_v0.3,m3star_graph_action_value_xgboost_v0.3,m3star_graph_action_value_xgboost_v0.3,8.0,0,1,1,0,development,0,2,0.0,G1_technique,0.5,0,G1_technique,1,0,1,3,0,1,,8,1,0.0,,0.0,0,0,0,G1_technique,G1_technique,m3star_graph_transition_xgboost_v0.1,0
C12-witfoo-precinct6-f10c7270,random,0.2,37,project05_m3star_h3_unshielded_dual,1,0.0,0,,0.0,0.0,0,0,0,m3star_graph_action_value_xgboost_v0.3,m3star_graph_action_value_xgboost_v0.3,m3star_graph_action_value_xgboost_v0.3,8.0,0,1,1,0,development,0,2,0.0,G1_technique,0.5,0,G1_technique,1,0,0,3,1,1,,8,0,0.0,,0.0,0,0,1,G1_technique,G1_technique,m3star_graph_transition_xgboost_v0.1,0
C12-witfoo-precinct6-f10c7270,random,0.2,37,project05_m3star_h3_transition_only,1,0.0,0,,0.0,0.0,0,0,0,none,none,none,8.0,0,1,1,0,development,0,2,0.0,G1_technique,0.5,0,G1_technique,1,0,1,3,1,0,,8,1,0.0,,0.0,0,0,1,G1_technique,G1_technique,m3star_graph_transition_xgboost_v0.1,0
C12-witfoo-precinct6-f10c7270,random,0.2,37,project05_m3star_h1_dual,1,0.0,0,,0.0,0.0,0,0,0,m3star_graph_action_value_xgboost_v0.3,m3star_graph_action_value_xgboost_v0.3,m3star_graph_action_value_xgboost_v0.3,8.0,0,1,1,0,development,0,2,0.0,G1_technique,0.5,0,G1_technique,1,0,1,1,1,1,,8,1,0.0,,0.0,0,0,1,G1_technique,G1_technique,m3star_graph_transition_xgboost_v0.1,0
C12-witfoo-precinct6-f10c7270,random,0.2,37,project05_xgboost_policy,1,0.0,0,,0.0,0.0,0,0,0,,,,8.0,0,1,1,,development,0,2,0.0,G1_technique,0.5,0,G1_technique,1,0,,,,,,,,0.0,,0.0,0,0,,G1_technique,G1_technique,,0
C12-witfoo-precinct6-f10c7270,random,0.2,37,project05_m3b_policy,1,0.0,0,,0.0,0.0,0,0,0,,,,8.0,0,1,1,,development,0,2,0.0,G1_technique,0.5,0,G1_technique,1,0,,,,,,,,0.0,,0.0,0,0,,G1_technique,G1_technique,,0
C12-witfoo-precinct6-f10c7270,random,0.2,37,project05_m2,1,0.0,0,,0.0,0.0,0,0,0,,,,8.0,0,1,1,,development,0,2,0.0,G1_technique,0.5,0,G1_technique,1,0,,,,,,,,0.0,,0.0,0,0,,G1_technique,G1_technique,,0
C12-witfoo-precinct6-f10c7270,random,0.2,37,oracle_optimal,1,0.0,0,,0.0,0.0,0,0,0,,,,8.0,0,1,1,,development,0,2,0.0,G1_technique,0.5,0,G1_technique,1,0,,,,,,,,0.0,,0.0,0,0,,G1_technique,G1_technique,,0
C12-witfoo-precinct6-f10c7270,random,0.2,41,project05_m3star_h3_dual,1,0.0,0,,0.0,0.0,0,0,0,m3star_graph_action_value_xgboost_v0.3,m3star_graph_action_value_xgboost_v0.3,m3star_graph_action_value_xgboost_v0.3,8.0,0,1,1,0,development,0,2,0.3333,G1_technique,0.5,0,G1_technique,1,0,1,3,1,1,,8,1,0.0,,0.0,0,0,1,G1_technique,G1_technique,m3star_graph_transition_xgboost_v0.1,0
C12-witfoo-precinct6-f10c7270,random,0.2,41,project05_m3star_h3_no_dominance_dual,1,0.0,0,,0.0,0.0,0,0,0,m3star_graph_action_value_xgboost_v0.3,m3star_graph_action_value_xgboost_v0.3,m3star_graph_action_value_xgboost_v0.3,8.0,0,1,1,0,development,0,2,0.3333,G1_technique,0.5,0,G1_technique,1,0,1,3,0,1,,8,1,0.0,,0.0,0,0,0,G1_technique,G1_technique,m3star_graph_transition_xgboost_v0.1,0
C12-witfoo-precinct6-f10c7270,random,0.2,41,project05_m3star_h3_unshielded_dual,1,0.0,0,,0.0,0.0,0,0,0,m3star_graph_action_value_xgboost_v0.3,m3star_graph_action_value_xgboost_v0.3,m3star_graph_action_value_xgboost_v0.3,8.0,0,1,1,0,development,0,2,0.3333,G1_technique,0.5,0,G1_technique,1,0,0,3,1,1,,8,0,0.0,,0.0,0,0,1,G1_technique,G1_technique,m3star_graph_transition_xgboost_v0.1,0
C12-witfoo-precinct6-f10c7270,random,0.2,41,project05_m3star_h3_transition_only,1,0.0,0,,0.0,0.0,0,0,0,none,none,none,8.0,0,1,1,0,development,0,2,0.3333,G1_technique,0.5,0,G1_technique,1,0,1,3,1,0,,8,1,0.0,,0.0,0,0,1,G1_technique,G1_technique,m3star_graph_transition_xgboost_v0.1,0
C12-witfoo-precinct6-f10c7270,random,0.2,41,project05_m3star_h1_dual,1,0.0,0,,0.0,0.0,0,0,0,m3star_graph_action_value_xgboost_v0.3,m3star_graph_action_value_xgboost_v0.3,m3star_graph_action_value_xgboost_v0.3,8.0,0,1,1,0,development,0,2,0.3333,G1_technique,0.5,0,G1_technique,1,0,1,1,1,1,,8,1,0.0,,0.0,0,0,1,G1_technique,G1_technique,m3star_graph_transition_xgboost_v0.1,0
C12-witfoo-precinct6-f10c7270,random,0.2,41,project05_xgboost_policy,1,0.0,0,,0.0,0.0,0,0,0,,,,8.0,0,1,1,,development,0,2,0.3333,G1_technique,0.5,0,G1_technique,1,0,,,,,,,,0.0,,0.0,0,0,,G1_technique,G1_technique,,0
C12-witfoo-precinct6-f10c7270,random,0.2,41,project05_m3b_policy,1,0.0,0,,0.0,0.0,0,0,0,,,,8.0,0,1,1,,development,0,2,0.3333,G1_technique,0.5,0,G1_technique,1,0,,,,,,,,0.0,,0.0,0,0,,G1_technique,G1_technique,,0
C12-witfoo-precinct6-f10c7270,random,0.2,41,project05_m2,1,0.0,0,,0.0,0.0,0,0,0,,,,8.0,0,1,1,,development,0,2,0.3333,G1_technique,0.5,0,G1_technique,1,0,,,,,,,,0.0,,0.0,0,0,,G1_technique,G1_technique,,0
C12-witfoo-precinct6-f10c7270,random,0.2,41,oracle_optimal,1,0.0,0,,0.0,0.0,0,0,0,,,,8.0,0,1,1,,development,0,2,0.3333,G1_technique,0.5,0,G1_technique,1,0,,,,,,,,0.0,,0.0,0,0,,G1_technique,G1_technique,,0
C12-witfoo-precinct6-f10c7270,random,0.2,53,project05_m3star_h3_dual,1,0.0,0,,0.0,0.0,0,0,0,m3star_graph_action_value_xgboost_v0.3,m3star_graph_action_value_xgboost_v0.3,m3star_graph_action_value_xgboost_v0.3,8.0,0,1,1,0,development,0,2,0.0,G1_technique,0.5,0,G1_technique,1,0,1,3,1,1,,8,1,0.0,,0.0,0,0,1,G1_technique,G1_technique,m3star_graph_transition_xgboost_v0.1,0
C12-witfoo-precinct6-f10c7270,random,0.2,53,project05_m3star_h3_no_dominance_dual,1,0.0,0,,0.0,0.0,0,0,0,m3star_graph_action_value_xgboost_v0.3,m3star_graph_action_value_xgboost_v0.3,m3star_graph_action_value_xgboost_v0.3,8.0,0,1,1,0,development,0,2,0.0,G1_technique,0.5,0,G1_technique,1,0,1,3,0,1,,8,1,0.0,,0.0,0,0,0,G1_technique,G1_technique,m3star_graph_transition_xgboost_v0.1,0
C12-witfoo-precinct6-f10c7270,random,0.2,53,project05_m3star_h3_unshielded_dual,1,0.0,0,,0.0,0.0,0,0,0,m3star_graph_action_value_xgboost_v0.3,m3star_graph_action_value_xgboost_v0.3,m3star_graph_action_value_xgboost_v0.3,8.0,0,1,1,0,development,0,2,0.0,G1_technique,0.5,0,G1_technique,1,0,0,3,1,1,,8,0,0.0,,0.0,0,0,1,G1_technique,G1_technique,m3star_graph_transition_xgboost_v0.1,0
C12-witfoo-precinct6-f10c7270,random,0.2,53,project05_m3star_h3_transition_only,1,0.0,0,,0.0,0.0,0,0,0,none,none,none,8.0,0,1,1,0,development,0,2,0.0,G1_technique,0.5,0,G1_technique,1,0,1,3,1,0,,8,1,0.0,,0.0,0,0,1,G1_technique,G1_technique,m3star_graph_transition_xgboost_v0.1,0
C12-witfoo-precinct6-f10c7270,random,0.2,53,project05_m3star_h1_dual,1,0.0,0,,0.0,0.0,0,0,0,m3star_graph_action_value_xgboost_v0.3,m3star_graph_action_value_xgboost_v0.3,m3star_graph_action_value_xgboost_v0.3,8.0,0,1,1,0,development,0,2,0.0,G1_technique,0.5,0,G1_technique,1,0,1,1,1,1,,8,1,0.0,,0.0,0,0,1,G1_technique,G1_technique,m3star_graph_transition_xgboost_v0.1,0
C12-witfoo-precinct6-f10c7270,random,0.2,53,project05_xgboost_policy,1,0.0,0,,0.0,0.0,0,0,0,,,,8.0,0,1,1,,development,0,2,0.0,G1_technique,0.5,0,G1_technique,1,0,,,,,,,,0.0,,0.0,0,0,,G1_technique,G1_technique,,0
C12-witfoo-precinct6-f10c7270,random,0.2,53,project05_m3b_policy,1,0.0,0,,0.0,0.0,0,0,0,,,,8.0,0,1,1,,development,0,2,0.0,G1_technique,0.5,0,G1_technique,1,0,,,,,,,,0.0,,0.0,0,0,,G1_technique,G1_technique,,0
C12-witfoo-precinct6-f10c7270,random,0.2,53,project05_m2,1,0.0,0,,0.0,0.0,0,0,0,,,,8.0,0,1,1,,development,0,2,0.0,G1_technique,0.5,0,G1_technique,1,0,,,,,,,,0.0,,0.0,0,0,,G1_technique,G1_technique,,0
C12-witfoo-precinct6-f10c7270,random,0.2,53,oracle_optimal,1,0.0,0,,0.0,0.0,0,0,0,,,,8.0,0,1,1,,development,0,2,0.0,G1_technique,0.5,0,G1_technique,1,0,,,,,,,,0.0,,0.0,0,0,,G1_technique,G1_technique,,0
C12-witfoo-precinct6-f10c7270,random,0.4,11,project05_m3star_h3_dual,1,0.0,0,,0.0,0.0,0,0,0,m3star_graph_action_value_xgboost_v0.3,m3star_graph_action_value_xgboost_v0.3,m3star_graph_action_value_xgboost_v0.3,8.0,0,1,1,0,development,0,3,0.0,G1_technique,0.25,0,G1_technique,2,0,1,3,1,1,,8,1,0.0,,0.0,0,0,1,G1_technique,G1_technique,m3star_graph_transition_xgboost_v0.1,0
C12-witfoo-precinct6-f10c7270,random,0.4,11,project05_m3star_h3_no_dominance_dual,1,0.0,0,,0.0,0.0,0,0,0,m3star_graph_action_value_xgboost_v0.3,m3star_graph_action_value_xgboost_v0.3,m3star_graph_action_value_xgboost_v0.3,8.0,0,1,1,0,development,0,3,0.0,G1_technique,0.25,0,G1_technique,2,0,1,3,0,1,,8,1,0.0,,0.0,0,0,0,G1_technique,G1_technique,m3star_graph_transition_xgboost_v0.1,0
C12-witfoo-precinct6-f10c7270,random,0.4,11,project05_m3star_h3_unshielded_dual,1,0.0,0,,0.0,0.0,0,0,0,m3star_graph_action_value_xgboost_v0.3,m3star_graph_action_value_xgboost_v0.3,m3star_graph_action_value_xgboost_v0.3,8.0,0,1,1,0,development,0,3,0.0,G1_technique,0.25,0,G1_technique,2,0,0,3,1,1,,8,0,0.0,,0.0,0,0,1,G1_technique,G1_technique,m3star_graph_transition_xgboost_v0.1,0
C12-witfoo-precinct6-f10c7270,random,0.4,11,project05_m3star_h3_transition_only,1,0.0,0,,0.0,0.0,0,0,0,none,none,none,8.0,0,1,1,0,development,0,3,0.0,G1_technique,0.25,0,G1_technique,2,0,1,3,1,0,,8,1,0.0,,0.0,0,0,1,G1_technique,G1_technique,m3star_graph_transition_xgboost_v0.1,0
C12-witfoo-precinct6-f10c7270,random,0.4,11,project05_m3star_h1_dual,1,0.0,0,,0.0,0.0,0,0,0,m3star_graph_action_value_xgboost_v0.3,m3star_graph_action_value_xgboost_v0.3,m3star_graph_action_value_xgboost_v0.3,8.0,0,1,1,0,development,0,3,0.0,G1_technique,0.25,0,G1_technique,2,0,1,1,1,1,,8,1,0.0,,0.0,0,0,1,G1_technique,G1_technique,m3star_graph_transition_xgboost_v0.1,0
C12-witfoo-precinct6-f10c7270,random,0.4,11,project05_xgboost_policy,1,0.0,0,,0.0,0.0,0,0,0,,,,8.0,0,1,1,,development,0,3,0.0,G1_technique,0.25,0,G1_technique,2,0,,,,,,,,0.0,,0.0,0,0,,G1_technique,G1_technique,,0
C12-witfoo-precinct6-f10c7270,random,0.4,11,project05_m3b_policy,1,0.0,0,,0.0,0.0,0,0,0,,,,8.0,0,1,1,,development,0,3,0.0,G1_technique,0.25,0,G1_technique,2,0,,,,,,,,0.0,,0.0,0,0,,G1_technique,G1_technique,,0
C12-witfoo-precinct6-f10c7270,random,0.4,11,project05_m2,1,0.0,0,,0.0,0.0,0,0,0,,,,8.0,0,1,1,,development,0,3,0.0,G1_technique,0.25,0,G1_technique,2,0,,,,,,,,0.0,,0.0,0,0,,G1_technique,G1_technique,,0
C12-witfoo-precinct6-f10c7270,random,0.4,11,oracle_optimal,1,0.0,0,,0.0,0.0,0,0,0,,,,8.0,0,1,1,,development,0,3,0.0,G1_technique,0.25,0,G1_technique,2,0,,,,,,,,0.0,,0.0,0,0,,G1_technique,G1_technique,,0
C12-witfoo-precinct6-f10c7270,random,0.4,23,project05_m3star_h3_dual,1,3.0,2,C12-AA-002|C12-AA-001,3.0,1.0,0,0,0,m3star_graph_action_value_xgboost_v0.3,m3star_graph_action_value_xgboost_v0.3,m3star_graph_action_value_xgboost_v0.3,8.0,0,1,1,0,development,0,3,0.0,G1_technique,0.25,1,G0_unknown,2,0,1,3,1,1,,8,1,2.0,C12-AA-001,0.3636,1,2,1,G1_technique,G1_technique,m3star_graph_transition_xgboost_v0.1,1
C12-witfoo-precinct6-f10c7270,random,0.4,23,project05_m3star_h3_no_dominance_dual,1,3.0,2,C12-AA-002|C12-AA-001,3.0,1.0,0,0,0,m3star_graph_action_value_xgboost_v0.3,m3star_graph_action_value_xgboost_v0.3,m3star_graph_action_value_xgboost_v0.3,8.0,0,1,1,0,development,0,3,0.0,G1_technique,0.25,1,G0_unknown,2,0,1,3,0,1,,8,1,2.0,C12-AA-001,0.3636,1,2,0,G1_technique,G1_technique,m3star_graph_transition_xgboost_v0.1,1
C12-witfoo-precinct6-f10c7270,random,0.4,23,project05_m3star_h3_unshielded_dual,1,3.0,2,C12-AA-002|C12-AA-001,3.0,1.0,0,0,0,m3star_graph_action_value_xgboost_v0.3,m3star_graph_action_value_xgboost_v0.3,m3star_graph_action_value_xgboost_v0.3,8.0,0,1,1,0,development,0,3,0.0,G1_technique,0.25,1,G0_unknown,2,0,0,3,1,1,,8,0,2.0,C12-AA-001,0.3636,1,2,1,G1_technique,G1_technique,m3star_graph_transition_xgboost_v0.1,1
C12-witfoo-precinct6-f10c7270,random,0.4,23,project05_m3star_h3_transition_only,1,3.0,2,C12-AA-002|C12-AA-001,3.0,1.0,0,0,0,none,none,none,8.0,0,1,1,0,development,0,3,0.0,G1_technique,0.25,1,G0_unknown,2,0,1,3,1,0,,8,1,2.0,C12-AA-001,0.3636,1,2,1,G1_technique,G1_technique,m3star_graph_transition_xgboost_v0.1,1
C12-witfoo-precinct6-f10c7270,random,0.4,23,project05_m3star_h1_dual,1,3.0,2,C12-AA-002|C12-AA-001,3.0,1.0,0,0,0,m3star_graph_action_value_xgboost_v0.3,m3star_graph_action_value_xgboost_v0.3,m3star_graph_action_value_xgboost_v0.3,8.0,0,1,1,0,development,0,3,0.0,G1_technique,0.25,1,G0_unknown,2,0,1,1,1,1,,8,1,2.0,C12-AA-001,0.3636,1,2,1,G1_technique,G1_technique,m3star_graph_transition_xgboost_v0.1,1
C12-witfoo-precinct6-f10c7270,random,0.4,23,project05_xgboost_policy,1,2.0,1,C12-AA-001,2.0,0.0,1,0,0,,,,8.0,0,1,1,,development,0,3,0.0,G1_technique,0.25,1,G0_unknown,2,0,,,,,,,,2.0,C12-AA-001,0.0,1,1,,G1_technique,G1_technique,,0
C12-witfoo-precinct6-f10c7270,random,0.4,23,project05_m3b_policy,1,3.0,2,C12-AA-002|C12-AA-001,3.0,1.0,0,0,0,,,,8.0,0,1,1,,development,0,3,0.0,G1_technique,0.25,1,G0_unknown,2,0,,,,,,,,2.0,C12-AA-001,0.3636,1,2,,G1_technique,G1_technique,,1
C12-witfoo-precinct6-f10c7270,random,0.4,23,project05_m2,1,2.0,1,C12-AA-001,2.0,0.0,1,0,0,,,,8.0,0,1,1,,development,0,3,0.0,G1_technique,0.25,1,G0_unknown,2,0,,,,,,,,2.0,C12-AA-001,0.0,1,1,,G1_technique,G1_technique,,0
C12-witfoo-precinct6-f10c7270,random,0.4,23,oracle_optimal,1,2.0,1,C12-AA-001,2.0,0.0,1,0,0,,,,8.0,0,1,1,,development,0,3,0.0,G1_technique,0.25,1,G0_unknown,2,0,,,,,,,,2.0,C12-AA-001,0.0,1,1,,G1_technique,G1_technique,,0
C12-witfoo-precinct6-f10c7270,random,0.4,37,project05_m3star_h3_dual,1,0.0,0,,0.0,0.0,0,0,0,m3star_graph_action_value_xgboost_v0.3,m3star_graph_action_value_xgboost_v0.3,m3star_graph_action_value_xgboost_v0.3,8.0,0,1,1,0,development,0,3,0.0,G1_technique,0.25,0,G1_technique,2,0,1,3,1,1,,8,1,0.0,,0.0,0,0,1,G1_technique,G1_technique,m3star_graph_transition_xgboost_v0.1,0
C12-witfoo-precinct6-f10c7270,random,0.4,37,project05_m3star_h3_no_dominance_dual,1,0.0,0,,0.0,0.0,0,0,0,m3star_graph_action_value_xgboost_v0.3,m3star_graph_action_value_xgboost_v0.3,m3star_graph_action_value_xgboost_v0.3,8.0,0,1,1,0,development,0,3,0.0,G1_technique,0.25,0,G1_technique,2,0,1,3,0,1,,8,1,0.0,,0.0,0,0,0,G1_technique,G1_technique,m3star_graph_transition_xgboost_v0.1,0
C12-witfoo-precinct6-f10c7270,random,0.4,37,project05_m3star_h3_unshielded_dual,1,0.0,0,,0.0,0.0,0,0,0,m3star_graph_action_value_xgboost_v0.3,m3star_graph_action_value_xgboost_v0.3,m3star_graph_action_value_xgboost_v0.3,8.0,0,1,1,0,development,0,3,0.0,G1_technique,0.25,0,G1_technique,2,0,0,3,1,1,,8,0,0.0,,0.0,0,0,1,G1_technique,G1_technique,m3star_graph_transition_xgboost_v0.1,0
C12-witfoo-precinct6-f10c7270,random,0.4,37,project05_m3star_h3_transition_only,1,0.0,0,,0.0,0.0,0,0,0,none,none,none,8.0,0,1,1,0,development,0,3,0.0,G1_technique,0.25,0,G1_technique,2,0,1,3,1,0,,8,1,0.0,,0.0,0,0,1,G1_technique,G1_technique,m3star_graph_transition_xgboost_v0.1,0
C12-witfoo-precinct6-f10c7270,random,0.4,37,project05_m3star_h1_dual,1,0.0,0,,0.0,0.0,0,0,0,m3star_graph_action_value_xgboost_v0.3,m3star_graph_action_value_xgboost_v0.3,m3star_graph_action_value_xgboost_v0.3,8.0,0,1,1,0,development,0,3,0.0,G1_technique,0.25,0,G1_technique,2,0,1,1,1,1,,8,1,0.0,,0.0,0,0,1,G1_technique,G1_technique,m3star_graph_transition_xgboost_v0.1,0
C12-witfoo-precinct6-f10c7270,random,0.4,37,project05_xgboost_policy,1,0.0,0,,0.0,0.0,0,0,0,,,,8.0,0,1,1,,development,0,3,0.0,G1_technique,0.25,0,G1_technique,2,0,,,,,,,,0.0,,0.0,0,0,,G1_technique,G1_technique,,0
C12-witfoo-precinct6-f10c7270,random,0.4,37,project05_m3b_policy,1,0.0,0,,0.0,0.0,0,0,0,,,,8.0,0,1,1,,development,0,3,0.0,G1_technique,0.25,0,G1_technique,2,0,,,,,,,,0.0,,0.0,0,0,,G1_technique,G1_technique,,0
C12-witfoo-precinct6-f10c7270,random,0.4,37,project05_m2,1,0.0,0,,0.0,0.0,0,0,0,,,,8.0,0,1,1,,development,0,3,0.0,G1_technique,0.25,0,G1_technique,2,0,,,,,,,,0.0,,0.0,0,0,,G1_technique,G1_technique,,0
C12-witfoo-precinct6-f10c7270,random,0.4,37,oracle_optimal,1,0.0,0,,0.0,0.0,0,0,0,,,,8.0,0,1,1,,development,0,3,0.0,G1_technique,0.25,0,G1_technique,2,0,,,,,,,,0.0,,0.0,0,0,,G1_technique,G1_technique,,0
C12-witfoo-precinct6-f10c7270,random,0.4,41,project05_m3star_h3_dual,1,0.0,0,,0.0,0.0,0,0,0,m3star_graph_action_value_xgboost_v0.3,m3star_graph_action_value_xgboost_v0.3,m3star_graph_action_value_xgboost_v0.3,8.0,0,1,1,0,development,0,3,0.0,G1_technique,0.25,0,G1_technique,2,0,1,3,1,1,,8,1,0.0,,0.0,0,0,1,G1_technique,G1_technique,m3star_graph_transition_xgboost_v0.1,0
C12-witfoo-precinct6-f10c7270,random,0.4,41,project05_m3star_h3_no_dominance_dual,1,0.0,0,,0.0,0.0,0,0,0,m3star_graph_action_value_xgboost_v0.3,m3star_graph_action_value_xgboost_v0.3,m3star_graph_action_value_xgboost_v0.3,8.0,0,1,1,0,development,0,3,0.0,G1_technique,0.25,0,G1_technique,2,0,1,3,0,1,,8,1,0.0,,0.0,0,0,0,G1_technique,G1_technique,m3star_graph_transition_xgboost_v0.1,0
C12-witfoo-precinct6-f10c7270,random,0.4,41,project05_m3star_h3_unshielded_dual,1,0.0,0,,0.0,0.0,0,0,0,m3star_graph_action_value_xgboost_v0.3,m3star_graph_action_value_xgboost_v0.3,m3star_graph_action_value_xgboost_v0.3,8.0,0,1,1,0,development,0,3,0.0,G1_technique,0.25,0,G1_technique,2,0,0,3,1,1,,8,0,0.0,,0.0,0,0,1,G1_technique,G1_technique,m3star_graph_transition_xgboost_v0.1,0
C12-witfoo-precinct6-f10c7270,random,0.4,41,project05_m3star_h3_transition_only,1,0.0,0,,0.0,0.0,0,0,0,none,none,none,8.0,0,1,1,0,development,0,3,0.0,G1_technique,0.25,0,G1_technique,2,0,1,3,1,0,,8,1,0.0,,0.0,0,0,1,G1_technique,G1_technique,m3star_graph_transition_xgboost_v0.1,0
C12-witfoo-precinct6-f10c7270,random,0.4,41,project05_m3star_h1_dual,1,0.0,0,,0.0,0.0,0,0,0,m3star_graph_action_value_xgboost_v0.3,m3star_graph_action_value_xgboost_v0.3,m3star_graph_action_value_xgboost_v0.3,8.0,0,1,1,0,development,0,3,0.0,G1_technique,0.25,0,G1_technique,2,0,1,1,1,1,,8,1,0.0,,0.0,0,0,1,G1_technique,G1_technique,m3star_graph_transition_xgboost_v0.1,0
C12-witfoo-precinct6-f10c7270,random,0.4,41,project05_xgboost_policy,1,0.0,0,,0.0,0.0,0,0,0,,,,8.0,0,1,1,,development,0,3,0.0,G1_technique,0.25,0,G1_technique,2,0,,,,,,,,0.0,,0.0,0,0,,G1_technique,G1_technique,,0
C12-witfoo-precinct6-f10c7270,random,0.4,41,project05_m3b_policy,1,0.0,0,,0.0,0.0,0,0,0,,,,8.0,0,1,1,,development,0,3,0.0,G1_technique,0.25,0,G1_technique,2,0,,,,,,,,0.0,,0.0,0,0,,G1_technique,G1_technique,,0
C12-witfoo-precinct6-f10c7270,random,0.4,41,project05_m2,1,0.0,0,,0.0,0.0,0,0,0,,,,8.0,0,1,1,,development,0,3,0.0,G1_technique,0.25,0,G1_technique,2,0,,,,,,,,0.0,,0.0,0,0,,G1_technique,G1_technique,,0
C12-witfoo-precinct6-f10c7270,random,0.4,41,oracle_optimal,1,0.0,0,,0.0,0.0,0,0,0,,,,8.0,0,1,1,,development,0,3,0.0,G1_technique,0.25,0,G1_technique,2,0,,,,,,,,0.0,,0.0,0,0,,G1_technique,G1_technique,,0
C12-witfoo-precinct6-f10c7270,random,0.4,53,project05_m3star_h3_dual,1,0.0,0,,0.0,0.0,0,0,0,m3star_graph_action_value_xgboost_v0.3,m3star_graph_action_value_xgboost_v0.3,m3star_graph_action_value_xgboost_v0.3,8.0,0,1,1,0,development,0,3,0.0,G1_technique,0.25,0,G1_technique,2,0,1,3,1,1,,8,1,0.0,,0.0,0,0,1,G1_technique,G1_technique,m3star_graph_transition_xgboost_v0.1,0
C12-witfoo-precinct6-f10c7270,random,0.4,53,project05_m3star_h3_no_dominance_dual,1,0.0,0,,0.0,0.0,0,0,0,m3star_graph_action_value_xgboost_v0.3,m3star_graph_action_value_xgboost_v0.3,m3star_graph_action_value_xgboost_v0.3,8.0,0,1,1,0,development,0,3,0.0,G1_technique,0.25,0,G1_technique,2,0,1,3,0,1,,8,1,0.0,,0.0,0,0,0,G1_technique,G1_technique,m3star_graph_transition_xgboost_v0.1,0
C12-witfoo-precinct6-f10c7270,random,0.4,53,project05_m3star_h3_unshielded_dual,1,0.0,0,,0.0,0.0,0,0,0,m3star_graph_action_value_xgboost_v0.3,m3star_graph_action_value_xgboost_v0.3,m3star_graph_action_value_xgboost_v0.3,8.0,0,1,1,0,development,0,3,0.0,G1_technique,0.25,0,G1_technique,2,0,0,3,1,1,,8,0,0.0,,0.0,0,0,1,G1_technique,G1_technique,m3star_graph_transition_xgboost_v0.1,0
C12-witfoo-precinct6-f10c7270,random,0.4,53,project05_m3star_h3_transition_only,1,0.0,0,,0.0,0.0,0,0,0,none,none,none,8.0,0,1,1,0,development,0,3,0.0,G1_technique,0.25,0,G1_technique,2,0,1,3,1,0,,8,1,0.0,,0.0,0,0,1,G1_technique,G1_technique,m3star_graph_transition_xgboost_v0.1,0
C12-witfoo-precinct6-f10c7270,random,0.4,53,project05_m3star_h1_dual,1,0.0,0,,0.0,0.0,0,0,0,m3star_graph_action_value_xgboost_v0.3,m3star_graph_action_value_xgboost_v0.3,m3star_graph_action_value_xgboost_v0.3,8.0,0,1,1,0,development,0,3,0.0,G1_technique,0.25,0,G1_technique,2,0,1,1,1,1,,8,1,0.0,,0.0,0,0,1,G1_technique,G1_technique,m3star_graph_transition_xgboost_v0.1,0
C12-witfoo-precinct6-f10c7270,random,0.4,53,project05_xgboost_policy,1,0.0,0,,0.0,0.0,0,0,0,,,,8.0,0,1,1,,development,0,3,0.0,G1_technique,0.25,0,G1_technique,2,0,,,,,,,,0.0,,0.0,0,0,,G1_technique,G1_technique,,0
C12-witfoo-precinct6-f10c7270,random,0.4,53,project05_m3b_policy,1,0.0,0,,0.0,0.0,0,0,0,,,,8.0,0,1,1,,development,0,3,0.0,G1_technique,0.25,0,G1_technique,2,0,,,,,,,,0.0,,0.0,0,0,,G1_technique,G1_technique,,0
C12-witfoo-precinct6-f10c7270,random,0.4,53,project05_m2,1,0.0,0,,0.0,0.0,0,0,0,,,,8.0,0,1,1,,development,0,3,0.0,G1_technique,0.25,0,G1_technique,2,0,,,,,,,,0.0,,0.0,0,0,,G1_technique,G1_technique,,0
C12-witfoo-precinct6-f10c7270,random,0.4,53,oracle_optimal,1,0.0,0,,0.0,0.0,0,0,0,,,,8.0,0,1,1,,development,0,3,0.0,G1_technique,0.25,0,G1_technique,2,0,,,,,,,,0.0,,0.0,0,0,,G1_technique,G1_technique,,0
C12-witfoo-precinct6-f10c7270,random,0.6,11,project05_m3star_h3_dual,1,1.0,1,C12-AA-002,1.0,0.0,1,0,0,m3star_graph_action_value_xgboost_v0.3,m3star_graph_action_value_xgboost_v0.3,m3star_graph_action_value_xgboost_v0.3,8.0,0,1,1,0,development,0,3,0.0,G1_technique,0.25,1,G0_unknown,3,0,1,3,1,1,,8,1,1.0,C12-AA-002,0.0,1,1,1,G1_technique,G1_technique,m3star_graph_transition_xgboost_v0.1,0
C12-witfoo-precinct6-f10c7270,random,0.6,11,project05_m3star_h3_no_dominance_dual,1,1.0,1,C12-AA-002,1.0,0.0,1,0,0,m3star_graph_action_value_xgboost_v0.3,m3star_graph_action_value_xgboost_v0.3,m3star_graph_action_value_xgboost_v0.3,8.0,0,1,1,0,development,0,3,0.0,G1_technique,0.25,1,G0_unknown,3,0,1,3,0,1,,8,1,1.0,C12-AA-002,0.0,1,1,0,G1_technique,G1_technique,m3star_graph_transition_xgboost_v0.1,0
C12-witfoo-precinct6-f10c7270,random,0.6,11,project05_m3star_h3_unshielded_dual,1,1.0,1,C12-AA-002,1.0,0.0,1,0,0,m3star_graph_action_value_xgboost_v0.3,m3star_graph_action_value_xgboost_v0.3,m3star_graph_action_value_xgboost_v0.3,8.0,0,1,1,0,development,0,3,0.0,G1_technique,0.25,1,G0_unknown,3,0,0,3,1,1,,8,0,1.0,C12-AA-002,0.0,1,1,1,G1_technique,G1_technique,m3star_graph_transition_xgboost_v0.1,0
C12-witfoo-precinct6-f10c7270,random,0.6,11,project05_m3star_h3_transition_only,1,1.0,1,C12-AA-002,1.0,0.0,1,0,0,none,none,none,8.0,0,1,1,0,development,0,3,0.0,G1_technique,0.25,1,G0_unknown,3,0,1,3,1,0,,8,1,1.0,C12-AA-002,0.0,1,1,1,G1_technique,G1_technique,m3star_graph_transition_xgboost_v0.1,0
C12-witfoo-precinct6-f10c7270,random,0.6,11,project05_m3star_h1_dual,1,1.0,1,C12-AA-002,1.0,0.0,1,0,0,m3star_graph_action_value_xgboost_v0.3,m3star_graph_action_value_xgboost_v0.3,m3star_graph_action_value_xgboost_v0.3,8.0,0,1,1,0,development,0,3,0.0,G1_technique,0.25,1,G0_unknown,3,0,1,1,1,1,,8,1,1.0,C12-AA-002,0.0,1,1,1,G1_technique,G1_technique,m3star_graph_transition_xgboost_v0.1,0
C12-witfoo-precinct6-f10c7270,random,0.6,11,project05_xgboost_policy,1,3.0,2,C12-AA-001|C12-AA-002,3.0,2.0,0,0,0,,,,8.0,0,1,1,,development,0,3,0.0,G1_technique,0.25,1,G0_unknown,3,0,,,,,,,,1.0,C12-AA-002,0.1818,1,2,,G1_technique,G1_technique,,1
C12-witfoo-precinct6-f10c7270,random,0.6,11,project05_m3b_policy,1,1.0,1,C12-AA-002,1.0,0.0,1,0,0,,,,8.0,0,1,1,,development,0,3,0.0,G1_technique,0.25,1,G0_unknown,3,0,,,,,,,,1.0,C12-AA-002,0.0,1,1,,G1_technique,G1_technique,,0
C12-witfoo-precinct6-f10c7270,random,0.6,11,project05_m2,1,3.0,1,C12-AA-003,3.0,2.0,0,0,0,,,,8.0,0,1,1,,development,0,3,0.0,G1_technique,0.25,1,G0_unknown,3,0,,,,,,,,1.0,C12-AA-002,0.0,1,1,,G1_technique,G1_technique,,0
C12-witfoo-precinct6-f10c7270,random,0.6,11,oracle_optimal,1,1.0,1,C12-AA-002,1.0,0.0,1,0,0,,,,8.0,0,1,1,,development,0,3,0.0,G1_technique,0.25,1,G0_unknown,3,0,,,,,,,,1.0,C12-AA-002,0.0,1,1,,G1_technique,G1_technique,,0
C12-witfoo-precinct6-f10c7270,random,0.6,23,project05_m3star_h3_dual,1,3.0,2,C12-AA-002|C12-AA-001,3.0,1.0,0,0,0,m3star_graph_action_value_xgboost_v0.3,m3star_graph_action_value_xgboost_v0.3,m3star_graph_action_value_xgboost_v0.3,8.0,0,1,1,0,development,0,3,0.0,G1_technique,0.25,1,G0_unknown,3,0,1,3,1,1,,8,1,2.0,C12-AA-001,0.3636,1,2,1,G1_technique,G1_technique,m3star_graph_transition_xgboost_v0.1,1
C12-witfoo-precinct6-f10c7270,random,0.6,23,project05_m3star_h3_no_dominance_dual,1,3.0,2,C12-AA-002|C12-AA-001,3.0,1.0,0,0,0,m3star_graph_action_value_xgboost_v0.3,m3star_graph_action_value_xgboost_v0.3,m3star_graph_action_value_xgboost_v0.3,8.0,0,1,1,0,development,0,3,0.0,G1_technique,0.25,1,G0_unknown,3,0,1,3,0,1,,8,1,2.0,C12-AA-001,0.3636,1,2,0,G1_technique,G1_technique,m3star_graph_transition_xgboost_v0.1,1
C12-witfoo-precinct6-f10c7270,random,0.6,23,project05_m3star_h3_unshielded_dual,1,3.0,2,C12-AA-002|C12-AA-001,3.0,1.0,0,0,0,m3star_graph_action_value_xgboost_v0.3,m3star_graph_action_value_xgboost_v0.3,m3star_graph_action_value_xgboost_v0.3,8.0,0,1,1,0,development,0,3,0.0,G1_technique,0.25,1,G0_unknown,3,0,0,3,1,1,,8,0,2.0,C12-AA-001,0.3636,1,2,1,G1_technique,G1_technique,m3star_graph_transition_xgboost_v0.1,1
C12-witfoo-precinct6-f10c7270,random,0.6,23,project05_m3star_h3_transition_only,1,3.0,2,C12-AA-002|C12-AA-001,3.0,1.0,0,0,0,none,none,none,8.0,0,1,1,0,development,0,3,0.0,G1_technique,0.25,1,G0_unknown,3,0,1,3,1,0,,8,1,2.0,C12-AA-001,0.3636,1,2,1,G1_technique,G1_technique,m3star_graph_transition_xgboost_v0.1,1
C12-witfoo-precinct6-f10c7270,random,0.6,23,project05_m3star_h1_dual,1,3.0,2,C12-AA-002|C12-AA-001,3.0,1.0,0,0,0,m3star_graph_action_value_xgboost_v0.3,m3star_graph_action_value_xgboost_v0.3,m3star_graph_action_value_xgboost_v0.3,8.0,0,1,1,0,development,0,3,0.0,G1_technique,0.25,1,G0_unknown,3,0,1,1,1,1,,8,1,2.0,C12-AA-001,0.3636,1,2,1,G1_technique,G1_technique,m3star_graph_transition_xgboost_v0.1,1
C12-witfoo-precinct6-f10c7270,random,0.6,23,project05_xgboost_policy,1,2.0,1,C12-AA-001,2.0,0.0,1,0,0,,,,8.0,0,1,1,,development,0,3,0.0,G1_technique,0.25,1,G0_unknown,3,0,,,,,,,,2.0,C12-AA-001,0.0,1,1,,G1_technique,G1_technique,,0
C12-witfoo-precinct6-f10c7270,random,0.6,23,project05_m3b_policy,1,3.0,2,C12-AA-002|C12-AA-001,3.0,1.0,0,0,0,,,,8.0,0,1,1,,development,0,3,0.0,G1_technique,0.25,1,G0_unknown,3,0,,,,,,,,2.0,C12-AA-001,0.3636,1,2,,G1_technique,G1_technique,,1
C12-witfoo-precinct6-f10c7270,random,0.6,23,project05_m2,1,2.0,1,C12-AA-001,2.0,0.0,1,0,0,,,,8.0,0,1,1,,development,0,3,0.0,G1_technique,0.25,1,G0_unknown,3,0,,,,,,,,2.0,C12-AA-001,0.0,1,1,,G1_technique,G1_technique,,0
C12-witfoo-precinct6-f10c7270,random,0.6,23,oracle_optimal,1,2.0,1,C12-AA-001,2.0,0.0,1,0,0,,,,8.0,0,1,1,,development,0,3,0.0,G1_technique,0.25,1,G0_unknown,3,0,,,,,,,,2.0,C12-AA-001,0.0,1,1,,G1_technique,G1_technique,,0
C12-witfoo-precinct6-f10c7270,random,0.6,37,project05_m3star_h3_dual,1,3.0,2,C12-AA-002|C12-AA-001,3.0,1.0,0,0,0,m3star_graph_action_value_xgboost_v0.3,m3star_graph_action_value_xgboost_v0.3,m3star_graph_action_value_xgboost_v0.3,8.0,0,1,1,0,development,0,3,0.0,G1_technique,0.25,1,G0_unknown,3,0,1,3,1,1,,8,1,2.0,C12-AA-001,0.3636,1,2,1,G1_technique,G1_technique,m3star_graph_transition_xgboost_v0.1,1
C12-witfoo-precinct6-f10c7270,random,0.6,37,project05_m3star_h3_no_dominance_dual,1,3.0,2,C12-AA-002|C12-AA-001,3.0,1.0,0,0,0,m3star_graph_action_value_xgboost_v0.3,m3star_graph_action_value_xgboost_v0.3,m3star_graph_action_value_xgboost_v0.3,8.0,0,1,1,0,development,0,3,0.0,G1_technique,0.25,1,G0_unknown,3,0,1,3,0,1,,8,1,2.0,C12-AA-001,0.3636,1,2,0,G1_technique,G1_technique,m3star_graph_transition_xgboost_v0.1,1
C12-witfoo-precinct6-f10c7270,random,0.6,37,project05_m3star_h3_unshielded_dual,1,3.0,2,C12-AA-002|C12-AA-001,3.0,1.0,0,0,0,m3star_graph_action_value_xgboost_v0.3,m3star_graph_action_value_xgboost_v0.3,m3star_graph_action_value_xgboost_v0.3,8.0,0,1,1,0,development,0,3,0.0,G1_technique,0.25,1,G0_unknown,3,0,0,3,1,1,,8,0,2.0,C12-AA-001,0.3636,1,2,1,G1_technique,G1_technique,m3star_graph_transition_xgboost_v0.1,1
C12-witfoo-precinct6-f10c7270,random,0.6,37,project05_m3star_h3_transition_only,1,3.0,2,C12-AA-002|C12-AA-001,3.0,1.0,0,0,0,none,none,none,8.0,0,1,1,0,development,0,3,0.0,G1_technique,0.25,1,G0_unknown,3,0,1,3,1,0,,8,1,2.0,C12-AA-001,0.3636,1,2,1,G1_technique,G1_technique,m3star_graph_transition_xgboost_v0.1,1
C12-witfoo-precinct6-f10c7270,random,0.6,37,project05_m3star_h1_dual,1,3.0,2,C12-AA-002|C12-AA-001,3.0,1.0,0,0,0,m3star_graph_action_value_xgboost_v0.3,m3star_graph_action_value_xgboost_v0.3,m3star_graph_action_value_xgboost_v0.3,8.0,0,1,1,0,development,0,3,0.0,G1_technique,0.25,1,G0_unknown,3,0,1,1,1,1,,8,1,2.0,C12-AA-001,0.3636,1,2,1,G1_technique,G1_technique,m3star_graph_transition_xgboost_v0.1,1
C12-witfoo-precinct6-f10c7270,random,0.6,37,project05_xgboost_policy,1,2.0,1,C12-AA-001,2.0,0.0,1,0,0,,,,8.0,0,1,1,,development,0,3,0.0,G1_technique,0.25,1,G0_unknown,3,0,,,,,,,,2.0,C12-AA-001,0.0,1,1,,G1_technique,G1_technique,,0
C12-witfoo-precinct6-f10c7270,random,0.6,37,project05_m3b_policy,1,3.0,2,C12-AA-002|C12-AA-001,3.0,1.0,0,0,0,,,,8.0,0,1,1,,development,0,3,0.0,G1_technique,0.25,1,G0_unknown,3,0,,,,,,,,2.0,C12-AA-001,0.3636,1,2,,G1_technique,G1_technique,,1
C12-witfoo-precinct6-f10c7270,random,0.6,37,project05_m2,1,2.0,1,C12-AA-001,2.0,0.0,1,0,0,,,,8.0,0,1,1,,development,0,3,0.0,G1_technique,0.25,1,G0_unknown,3,0,,,,,,,,2.0,C12-AA-001,0.0,1,1,,G1_technique,G1_technique,,0
C12-witfoo-precinct6-f10c7270,random,0.6,37,oracle_optimal,1,2.0,1,C12-AA-001,2.0,0.0,1,0,0,,,,8.0,0,1,1,,development,0,3,0.0,G1_technique,0.25,1,G0_unknown,3,0,,,,,,,,2.0,C12-AA-001,0.0,1,1,,G1_technique,G1_technique,,0
C12-witfoo-precinct6-f10c7270,random,0.6,41,project05_m3star_h3_dual,1,3.0,2,C12-AA-002|C12-AA-001,3.0,1.0,0,0,0,m3star_graph_action_value_xgboost_v0.3,m3star_graph_action_value_xgboost_v0.3,m3star_graph_action_value_xgboost_v0.3,8.0,0,1,1,0,development,0,3,0.0,G1_technique,0.25,1,G0_unknown,3,0,1,3,1,1,,8,1,2.0,C12-AA-001,0.3636,1,2,1,G1_technique,G1_technique,m3star_graph_transition_xgboost_v0.1,1
C12-witfoo-precinct6-f10c7270,random,0.6,41,project05_m3star_h3_no_dominance_dual,1,3.0,2,C12-AA-002|C12-AA-001,3.0,1.0,0,0,0,m3star_graph_action_value_xgboost_v0.3,m3star_graph_action_value_xgboost_v0.3,m3star_graph_action_value_xgboost_v0.3,8.0,0,1,1,0,development,0,3,0.0,G1_technique,0.25,1,G0_unknown,3,0,1,3,0,1,,8,1,2.0,C12-AA-001,0.3636,1,2,0,G1_technique,G1_technique,m3star_graph_transition_xgboost_v0.1,1
C12-witfoo-precinct6-f10c7270,random,0.6,41,project05_m3star_h3_unshielded_dual,1,3.0,2,C12-AA-002|C12-AA-001,3.0,1.0,0,0,0,m3star_graph_action_value_xgboost_v0.3,m3star_graph_action_value_xgboost_v0.3,m3star_graph_action_value_xgboost_v0.3,8.0,0,1,1,0,development,0,3,0.0,G1_technique,0.25,1,G0_unknown,3,0,0,3,1,1,,8,0,2.0,C12-AA-001,0.3636,1,2,1,G1_technique,G1_technique,m3star_graph_transition_xgboost_v0.1,1
C12-witfoo-precinct6-f10c7270,random,0.6,41,project05_m3star_h3_transition_only,1,3.0,2,C12-AA-002|C12-AA-001,3.0,1.0,0,0,0,none,none,none,8.0,0,1,1,0,development,0,3,0.0,G1_technique,0.25,1,G0_unknown,3,0,1,3,1,0,,8,1,2.0,C12-AA-001,0.3636,1,2,1,G1_technique,G1_technique,m3star_graph_transition_xgboost_v0.1,1
C12-witfoo-precinct6-f10c7270,random,0.6,41,project05_m3star_h1_dual,1,3.0,2,C12-AA-002|C12-AA-001,3.0,1.0,0,0,0,m3star_graph_action_value_xgboost_v0.3,m3star_graph_action_value_xgboost_v0.3,m3star_graph_action_value_xgboost_v0.3,8.0,0,1,1,0,development,0,3,0.0,G1_technique,0.25,1,G0_unknown,3,0,1,1,1,1,,8,1,2.0,C12-AA-001,0.3636,1,2,1,G1_technique,G1_technique,m3star_graph_transition_xgboost_v0.1,1
C12-witfoo-precinct6-f10c7270,random,0.6,41,project05_xgboost_policy,1,2.0,1,C12-AA-001,2.0,0.0,1,0,0,,,,8.0,0,1,1,,development,0,3,0.0,G1_technique,0.25,1,G0_unknown,3,0,,,,,,,,2.0,C12-AA-001,0.0,1,1,,G1_technique,G1_technique,,0
C12-witfoo-precinct6-f10c7270,random,0.6,41,project05_m3b_policy,1,3.0,2,C12-AA-002|C12-AA-001,3.0,1.0,0,0,0,,,,8.0,0,1,1,,development,0,3,0.0,G1_technique,0.25,1,G0_unknown,3,0,,,,,,,,2.0,C12-AA-001,0.3636,1,2,,G1_technique,G1_technique,,1
C12-witfoo-precinct6-f10c7270,random,0.6,41,project05_m2,1,2.0,1,C12-AA-001,2.0,0.0,1,0,0,,,,8.0,0,1,1,,development,0,3,0.0,G1_technique,0.25,1,G0_unknown,3,0,,,,,,,,2.0,C12-AA-001,0.0,1,1,,G1_technique,G1_technique,,0
C12-witfoo-precinct6-f10c7270,random,0.6,41,oracle_optimal,1,2.0,1,C12-AA-001,2.0,0.0,1,0,0,,,,8.0,0,1,1,,development,0,3,0.0,G1_technique,0.25,1,G0_unknown,3,0,,,,,,,,2.0,C12-AA-001,0.0,1,1,,G1_technique,G1_technique,,0
C12-witfoo-precinct6-f10c7270,random,0.6,53,project05_m3star_h3_dual,1,1.0,1,C12-AA-002,1.0,0.0,1,0,0,m3star_graph_action_value_xgboost_v0.3,m3star_graph_action_value_xgboost_v0.3,m3star_graph_action_value_xgboost_v0.3,8.0,0,1,1,0,development,0,3,0.0,G1_technique,0.25,1,G0_unknown,3,0,1,3,1,1,,8,1,1.0,C12-AA-002,0.0,1,1,1,G1_technique,G1_technique,m3star_graph_transition_xgboost_v0.1,0
C12-witfoo-precinct6-f10c7270,random,0.6,53,project05_m3star_h3_no_dominance_dual,1,1.0,1,C12-AA-002,1.0,0.0,1,0,0,m3star_graph_action_value_xgboost_v0.3,m3star_graph_action_value_xgboost_v0.3,m3star_graph_action_value_xgboost_v0.3,8.0,0,1,1,0,development,0,3,0.0,G1_technique,0.25,1,G0_unknown,3,0,1,3,0,1,,8,1,1.0,C12-AA-002,0.0,1,1,0,G1_technique,G1_technique,m3star_graph_transition_xgboost_v0.1,0
C12-witfoo-precinct6-f10c7270,random,0.6,53,project05_m3star_h3_unshielded_dual,1,1.0,1,C12-AA-002,1.0,0.0,1,0,0,m3star_graph_action_value_xgboost_v0.3,m3star_graph_action_value_xgboost_v0.3,m3star_graph_action_value_xgboost_v0.3,8.0,0,1,1,0,development,0,3,0.0,G1_technique,0.25,1,G0_unknown,3,0,0,3,1,1,,8,0,1.0,C12-AA-002,0.0,1,1,1,G1_technique,G1_technique,m3star_graph_transition_xgboost_v0.1,0
C12-witfoo-precinct6-f10c7270,random,0.6,53,project05_m3star_h3_transition_only,1,1.0,1,C12-AA-002,1.0,0.0,1,0,0,none,none,none,8.0,0,1,1,0,development,0,3,0.0,G1_technique,0.25,1,G0_unknown,3,0,1,3,1,0,,8,1,1.0,C12-AA-002,0.0,1,1,1,G1_technique,G1_technique,m3star_graph_transition_xgboost_v0.1,0
C12-witfoo-precinct6-f10c7270,random,0.6,53,project05_m3star_h1_dual,1,1.0,1,C12-AA-002,1.0,0.0,1,0,0,m3star_graph_action_value_xgboost_v0.3,m3star_graph_action_value_xgboost_v0.3,m3star_graph_action_value_xgboost_v0.3,8.0,0,1,1,0,development,0,3,0.0,G1_technique,0.25,1,G0_unknown,3,0,1,1,1,1,,8,1,1.0,C12-AA-002,0.0,1,1,1,G1_technique,G1_technique,m3star_graph_transition_xgboost_v0.1,0
C12-witfoo-precinct6-f10c7270,random,0.6,53,project05_xgboost_policy,1,3.0,2,C12-AA-001|C12-AA-002,3.0,2.0,0,0,0,,,,8.0,0,1,1,,development,0,3,0.0,G1_technique,0.25,1,G0_unknown,3,0,,,,,,,,1.0,C12-AA-002,0.1818,1,2,,G1_technique,G1_technique,,1
C12-witfoo-precinct6-f10c7270,random,0.6,53,project05_m3b_policy,1,1.0,1,C12-AA-002,1.0,0.0,1,0,0,,,,8.0,0,1,1,,development,0,3,0.0,G1_technique,0.25,1,G0_unknown,3,0,,,,,,,,1.0,C12-AA-002,0.0,1,1,,G1_technique,G1_technique,,0
C12-witfoo-precinct6-f10c7270,random,0.6,53,project05_m2,1,3.0,1,C12-AA-003,3.0,2.0,0,0,0,,,,8.0,0,1,1,,development,0,3,0.0,G1_technique,0.25,1,G0_unknown,3,0,,,,,,,,1.0,C12-AA-002,0.0,1,1,,G1_technique,G1_technique,,0
C12-witfoo-precinct6-f10c7270,random,0.6,53,oracle_optimal,1,1.0,1,C12-AA-002,1.0,0.0,1,0,0,,,,8.0,0,1,1,,development,0,3,0.0,G1_technique,0.25,1,G0_unknown,3,0,,,,,,,,1.0,C12-AA-002,0.0,1,1,,G1_technique,G1_technique,,0
C12-witfoo-precinct6-f10c7270,stage,0.2,11,project05_m3star_h3_dual,1,0.0,0,,0.0,0.0,0,0,0,m3star_graph_action_value_xgboost_v0.3,m3star_graph_action_value_xgboost_v0.3,m3star_graph_action_value_xgboost_v0.3,8.0,0,1,1,0,development,0,3,0.0,G1_technique,0.25,0,G1_technique,1,0,1,3,1,1,,8,1,0.0,,0.0,0,0,1,G1_technique,G1_technique,m3star_graph_transition_xgboost_v0.1,0
C12-witfoo-precinct6-f10c7270,stage,0.2,11,project05_m3star_h3_no_dominance_dual,1,0.0,0,,0.0,0.0,0,0,0,m3star_graph_action_value_xgboost_v0.3,m3star_graph_action_value_xgboost_v0.3,m3star_graph_action_value_xgboost_v0.3,8.0,0,1,1,0,development,0,3,0.0,G1_technique,0.25,0,G1_technique,1,0,1,3,0,1,,8,1,0.0,,0.0,0,0,0,G1_technique,G1_technique,m3star_graph_transition_xgboost_v0.1,0
C12-witfoo-precinct6-f10c7270,stage,0.2,11,project05_m3star_h3_unshielded_dual,1,0.0,0,,0.0,0.0,0,0,0,m3star_graph_action_value_xgboost_v0.3,m3star_graph_action_value_xgboost_v0.3,m3star_graph_action_value_xgboost_v0.3,8.0,0,1,1,0,development,0,3,0.0,G1_technique,0.25,0,G1_technique,1,0,0,3,1,1,,8,0,0.0,,0.0,0,0,1,G1_technique,G1_technique,m3star_graph_transition_xgboost_v0.1,0
C12-witfoo-precinct6-f10c7270,stage,0.2,11,project05_m3star_h3_transition_only,1,0.0,0,,0.0,0.0,0,0,0,none,none,none,8.0,0,1,1,0,development,0,3,0.0,G1_technique,0.25,0,G1_technique,1,0,1,3,1,0,,8,1,0.0,,0.0,0,0,1,G1_technique,G1_technique,m3star_graph_transition_xgboost_v0.1,0
C12-witfoo-precinct6-f10c7270,stage,0.2,11,project05_m3star_h1_dual,1,0.0,0,,0.0,0.0,0,0,0,m3star_graph_action_value_xgboost_v0.3,m3star_graph_action_value_xgboost_v0.3,m3star_graph_action_value_xgboost_v0.3,8.0,0,1,1,0,development,0,3,0.0,G1_technique,0.25,0,G1_technique,1,0,1,1,1,1,,8,1,0.0,,0.0,0,0,1,G1_technique,G1_technique,m3star_graph_transition_xgboost_v0.1,0
C12-witfoo-precinct6-f10c7270,stage,0.2,11,project05_xgboost_policy,1,0.0,0,,0.0,0.0,0,0,0,,,,8.0,0,1,1,,development,0,3,0.0,G1_technique,0.25,0,G1_technique,1,0,,,,,,,,0.0,,0.0,0,0,,G1_technique,G1_technique,,0
C12-witfoo-precinct6-f10c7270,stage,0.2,11,project05_m3b_policy,1,0.0,0,,0.0,0.0,0,0,0,,,,8.0,0,1,1,,development,0,3,0.0,G1_technique,0.25,0,G1_technique,1,0,,,,,,,,0.0,,0.0,0,0,,G1_technique,G1_technique,,0
C12-witfoo-precinct6-f10c7270,stage,0.2,11,project05_m2,1,0.0,0,,0.0,0.0,0,0,0,,,,8.0,0,1,1,,development,0,3,0.0,G1_technique,0.25,0,G1_technique,1,0,,,,,,,,0.0,,0.0,0,0,,G1_technique,G1_technique,,0
C12-witfoo-precinct6-f10c7270,stage,0.2,11,oracle_optimal,1,0.0,0,,0.0,0.0,0,0,0,,,,8.0,0,1,1,,development,0,3,0.0,G1_technique,0.25,0,G1_technique,1,0,,,,,,,,0.0,,0.0,0,0,,G1_technique,G1_technique,,0
C12-witfoo-precinct6-f10c7270,stage,0.2,23,project05_m3star_h3_dual,1,0.0,0,,0.0,0.0,0,0,0,m3star_graph_action_value_xgboost_v0.3,m3star_graph_action_value_xgboost_v0.3,m3star_graph_action_value_xgboost_v0.3,8.0,0,1,1,0,development,0,3,0.0,G1_technique,0.25,0,G1_technique,1,0,1,3,1,1,,8,1,0.0,,0.0,0,0,1,G1_technique,G1_technique,m3star_graph_transition_xgboost_v0.1,0
C12-witfoo-precinct6-f10c7270,stage,0.2,23,project05_m3star_h3_no_dominance_dual,1,0.0,0,,0.0,0.0,0,0,0,m3star_graph_action_value_xgboost_v0.3,m3star_graph_action_value_xgboost_v0.3,m3star_graph_action_value_xgboost_v0.3,8.0,0,1,1,0,development,0,3,0.0,G1_technique,0.25,0,G1_technique,1,0,1,3,0,1,,8,1,0.0,,0.0,0,0,0,G1_technique,G1_technique,m3star_graph_transition_xgboost_v0.1,0
C12-witfoo-precinct6-f10c7270,stage,0.2,23,project05_m3star_h3_unshielded_dual,1,0.0,0,,0.0,0.0,0,0,0,m3star_graph_action_value_xgboost_v0.3,m3star_graph_action_value_xgboost_v0.3,m3star_graph_action_value_xgboost_v0.3,8.0,0,1,1,0,development,0,3,0.0,G1_technique,0.25,0,G1_technique,1,0,0,3,1,1,,8,0,0.0,,0.0,0,0,1,G1_technique,G1_technique,m3star_graph_transition_xgboost_v0.1,0
C12-witfoo-precinct6-f10c7270,stage,0.2,23,project05_m3star_h3_transition_only,1,0.0,0,,0.0,0.0,0,0,0,none,none,none,8.0,0,1,1,0,development,0,3,0.0,G1_technique,0.25,0,G1_technique,1,0,1,3,1,0,,8,1,0.0,,0.0,0,0,1,G1_technique,G1_technique,m3star_graph_transition_xgboost_v0.1,0
C12-witfoo-precinct6-f10c7270,stage,0.2,23,project05_m3star_h1_dual,1,0.0,0,,0.0,0.0,0,0,0,m3star_graph_action_value_xgboost_v0.3,m3star_graph_action_value_xgboost_v0.3,m3star_graph_action_value_xgboost_v0.3,8.0,0,1,1,0,development,0,3,0.0,G1_technique,0.25,0,G1_technique,1,0,1,1,1,1,,8,1,0.0,,0.0,0,0,1,G1_technique,G1_technique,m3star_graph_transition_xgboost_v0.1,0
C12-witfoo-precinct6-f10c7270,stage,0.2,23,project05_xgboost_policy,1,0.0,0,,0.0,0.0,0,0,0,,,,8.0,0,1,1,,development,0,3,0.0,G1_technique,0.25,0,G1_technique,1,0,,,,,,,,0.0,,0.0,0,0,,G1_technique,G1_technique,,0
C12-witfoo-precinct6-f10c7270,stage,0.2,23,project05_m3b_policy,1,0.0,0,,0.0,0.0,0,0,0,,,,8.0,0,1,1,,development,0,3,0.0,G1_technique,0.25,0,G1_technique,1,0,,,,,,,,0.0,,0.0,0,0,,G1_technique,G1_technique,,0
C12-witfoo-precinct6-f10c7270,stage,0.2,23,project05_m2,1,0.0,0,,0.0,0.0,0,0,0,,,,8.0,0,1,1,,development,0,3,0.0,G1_technique,0.25,0,G1_technique,1,0,,,,,,,,0.0,,0.0,0,0,,G1_technique,G1_technique,,0
C12-witfoo-precinct6-f10c7270,stage,0.2,23,oracle_optimal,1,0.0,0,,0.0,0.0,0,0,0,,,,8.0,0,1,1,,development,0,3,0.0,G1_technique,0.25,0,G1_technique,1,0,,,,,,,,0.0,,0.0,0,0,,G1_technique,G1_technique,,0
C12-witfoo-precinct6-f10c7270,stage,0.2,37,project05_m3star_h3_dual,1,0.0,0,,0.0,0.0,0,0,0,m3star_graph_action_value_xgboost_v0.3,m3star_graph_action_value_xgboost_v0.3,m3star_graph_action_value_xgboost_v0.3,8.0,0,1,1,0,development,0,3,0.0,G1_technique,0.25,0,G1_technique,1,0,1,3,1,1,,8,1,0.0,,0.0,0,0,1,G1_technique,G1_technique,m3star_graph_transition_xgboost_v0.1,0
C12-witfoo-precinct6-f10c7270,stage,0.2,37,project05_m3star_h3_no_dominance_dual,1,0.0,0,,0.0,0.0,0,0,0,m3star_graph_action_value_xgboost_v0.3,m3star_graph_action_value_xgboost_v0.3,m3star_graph_action_value_xgboost_v0.3,8.0,0,1,1,0,development,0,3,0.0,G1_technique,0.25,0,G1_technique,1,0,1,3,0,1,,8,1,0.0,,0.0,0,0,0,G1_technique,G1_technique,m3star_graph_transition_xgboost_v0.1,0
C12-witfoo-precinct6-f10c7270,stage,0.2,37,project05_m3star_h3_unshielded_dual,1,0.0,0,,0.0,0.0,0,0,0,m3star_graph_action_value_xgboost_v0.3,m3star_graph_action_value_xgboost_v0.3,m3star_graph_action_value_xgboost_v0.3,8.0,0,1,1,0,development,0,3,0.0,G1_technique,0.25,0,G1_technique,1,0,0,3,1,1,,8,0,0.0,,0.0,0,0,1,G1_technique,G1_technique,m3star_graph_transition_xgboost_v0.1,0
C12-witfoo-precinct6-f10c7270,stage,0.2,37,project05_m3star_h3_transition_only,1,0.0,0,,0.0,0.0,0,0,0,none,none,none,8.0,0,1,1,0,development,0,3,0.0,G1_technique,0.25,0,G1_technique,1,0,1,3,1,0,,8,1,0.0,,0.0,0,0,1,G1_technique,G1_technique,m3star_graph_transition_xgboost_v0.1,0
C12-witfoo-precinct6-f10c7270,stage,0.2,37,project05_m3star_h1_dual,1,0.0,0,,0.0,0.0,0,0,0,m3star_graph_action_value_xgboost_v0.3,m3star_graph_action_value_xgboost_v0.3,m3star_graph_action_value_xgboost_v0.3,8.0,0,1,1,0,development,0,3,0.0,G1_technique,0.25,0,G1_technique,1,0,1,1,1,1,,8,1,0.0,,0.0,0,0,1,G1_technique,G1_technique,m3star_graph_transition_xgboost_v0.1,0
C12-witfoo-precinct6-f10c7270,stage,0.2,37,project05_xgboost_policy,1,0.0,0,,0.0,0.0,0,0,0,,,,8.0,0,1,1,,development,0,3,0.0,G1_technique,0.25,0,G1_technique,1,0,,,,,,,,0.0,,0.0,0,0,,G1_technique,G1_technique,,0
C12-witfoo-precinct6-f10c7270,stage,0.2,37,project05_m3b_policy,1,0.0,0,,0.0,0.0,0,0,0,,,,8.0,0,1,1,,development,0,3,0.0,G1_technique,0.25,0,G1_technique,1,0,,,,,,,,0.0,,0.0,0,0,,G1_technique,G1_technique,,0
C12-witfoo-precinct6-f10c7270,stage,0.2,37,project05_m2,1,0.0,0,,0.0,0.0,0,0,0,,,,8.0,0,1,1,,development,0,3,0.0,G1_technique,0.25,0,G1_technique,1,0,,,,,,,,0.0,,0.0,0,0,,G1_technique,G1_technique,,0
C12-witfoo-precinct6-f10c7270,stage,0.2,37,oracle_optimal,1,0.0,0,,0.0,0.0,0,0,0,,,,8.0,0,1,1,,development,0,3,0.0,G1_technique,0.25,0,G1_technique,1,0,,,,,,,,0.0,,0.0,0,0,,G1_technique,G1_technique,,0
C12-witfoo-precinct6-f10c7270,stage,0.2,41,project05_m3star_h3_dual,1,0.0,0,,0.0,0.0,0,0,0,m3star_graph_action_value_xgboost_v0.3,m3star_graph_action_value_xgboost_v0.3,m3star_graph_action_value_xgboost_v0.3,8.0,0,1,1,0,development,0,3,0.0,G1_technique,0.25,0,G1_technique,1,0,1,3,1,1,,8,1,0.0,,0.0,0,0,1,G1_technique,G1_technique,m3star_graph_transition_xgboost_v0.1,0
C12-witfoo-precinct6-f10c7270,stage,0.2,41,project05_m3star_h3_no_dominance_dual,1,0.0,0,,0.0,0.0,0,0,0,m3star_graph_action_value_xgboost_v0.3,m3star_graph_action_value_xgboost_v0.3,m3star_graph_action_value_xgboost_v0.3,8.0,0,1,1,0,development,0,3,0.0,G1_technique,0.25,0,G1_technique,1,0,1,3,0,1,,8,1,0.0,,0.0,0,0,0,G1_technique,G1_technique,m3star_graph_transition_xgboost_v0.1,0
C12-witfoo-precinct6-f10c7270,stage,0.2,41,project05_m3star_h3_unshielded_dual,1,0.0,0,,0.0,0.0,0,0,0,m3star_graph_action_value_xgboost_v0.3,m3star_graph_action_value_xgboost_v0.3,m3star_graph_action_value_xgboost_v0.3,8.0,0,1,1,0,development,0,3,0.0,G1_technique,0.25,0,G1_technique,1,0,0,3,1,1,,8,0,0.0,,0.0,0,0,1,G1_technique,G1_technique,m3star_graph_transition_xgboost_v0.1,0
C12-witfoo-precinct6-f10c7270,stage,0.2,41,project05_m3star_h3_transition_only,1,0.0,0,,0.0,0.0,0,0,0,none,none,none,8.0,0,1,1,0,development,0,3,0.0,G1_technique,0.25,0,G1_technique,1,0,1,3,1,0,,8,1,0.0,,0.0,0,0,1,G1_technique,G1_technique,m3star_graph_transition_xgboost_v0.1,0
C12-witfoo-precinct6-f10c7270,stage,0.2,41,project05_m3star_h1_dual,1,0.0,0,,0.0,0.0,0,0,0,m3star_graph_action_value_xgboost_v0.3,m3star_graph_action_value_xgboost_v0.3,m3star_graph_action_value_xgboost_v0.3,8.0,0,1,1,0,development,0,3,0.0,G1_technique,0.25,0,G1_technique,1,0,1,1,1,1,,8,1,0.0,,0.0,0,0,1,G1_technique,G1_technique,m3star_graph_transition_xgboost_v0.1,0
C12-witfoo-precinct6-f10c7270,stage,0.2,41,project05_xgboost_policy,1,0.0,0,,0.0,0.0,0,0,0,,,,8.0,0,1,1,,development,0,3,0.0,G1_technique,0.25,0,G1_technique,1,0,,,,,,,,0.0,,0.0,0,0,,G1_technique,G1_technique,,0
C12-witfoo-precinct6-f10c7270,stage,0.2,41,project05_m3b_policy,1,0.0,0,,0.0,0.0,0,0,0,,,,8.0,0,1,1,,development,0,3,0.0,G1_technique,0.25,0,G1_technique,1,0,,,,,,,,0.0,,0.0,0,0,,G1_technique,G1_technique,,0
C12-witfoo-precinct6-f10c7270,stage,0.2,41,project05_m2,1,0.0,0,,0.0,0.0,0,0,0,,,,8.0,0,1,1,,development,0,3,0.0,G1_technique,0.25,0,G1_technique,1,0,,,,,,,,0.0,,0.0,0,0,,G1_technique,G1_technique,,0
C12-witfoo-precinct6-f10c7270,stage,0.2,41,oracle_optimal,1,0.0,0,,0.0,0.0,0,0,0,,,,8.0,0,1,1,,development,0,3,0.0,G1_technique,0.25,0,G1_technique,1,0,,,,,,,,0.0,,0.0,0,0,,G1_technique,G1_technique,,0
C12-witfoo-precinct6-f10c7270,stage,0.2,53,project05_m3star_h3_dual,1,0.0,0,,0.0,0.0,0,0,0,m3star_graph_action_value_xgboost_v0.3,m3star_graph_action_value_xgboost_v0.3,m3star_graph_action_value_xgboost_v0.3,8.0,0,1,1,0,development,0,3,0.0,G1_technique,0.25,0,G1_technique,1,0,1,3,1,1,,8,1,0.0,,0.0,0,0,1,G1_technique,G1_technique,m3star_graph_transition_xgboost_v0.1,0
C12-witfoo-precinct6-f10c7270,stage,0.2,53,project05_m3star_h3_no_dominance_dual,1,0.0,0,,0.0,0.0,0,0,0,m3star_graph_action_value_xgboost_v0.3,m3star_graph_action_value_xgboost_v0.3,m3star_graph_action_value_xgboost_v0.3,8.0,0,1,1,0,development,0,3,0.0,G1_technique,0.25,0,G1_technique,1,0,1,3,0,1,,8,1,0.0,,0.0,0,0,0,G1_technique,G1_technique,m3star_graph_transition_xgboost_v0.1,0
C12-witfoo-precinct6-f10c7270,stage,0.2,53,project05_m3star_h3_unshielded_dual,1,0.0,0,,0.0,0.0,0,0,0,m3star_graph_action_value_xgboost_v0.3,m3star_graph_action_value_xgboost_v0.3,m3star_graph_action_value_xgboost_v0.3,8.0,0,1,1,0,development,0,3,0.0,G1_technique,0.25,0,G1_technique,1,0,0,3,1,1,,8,0,0.0,,0.0,0,0,1,G1_technique,G1_technique,m3star_graph_transition_xgboost_v0.1,0
C12-witfoo-precinct6-f10c7270,stage,0.2,53,project05_m3star_h3_transition_only,1,0.0,0,,0.0,0.0,0,0,0,none,none,none,8.0,0,1,1,0,development,0,3,0.0,G1_technique,0.25,0,G1_technique,1,0,1,3,1,0,,8,1,0.0,,0.0,0,0,1,G1_technique,G1_technique,m3star_graph_transition_xgboost_v0.1,0
C12-witfoo-precinct6-f10c7270,stage,0.2,53,project05_m3star_h1_dual,1,0.0,0,,0.0,0.0,0,0,0,m3star_graph_action_value_xgboost_v0.3,m3star_graph_action_value_xgboost_v0.3,m3star_graph_action_value_xgboost_v0.3,8.0,0,1,1,0,development,0,3,0.0,G1_technique,0.25,0,G1_technique,1,0,1,1,1,1,,8,1,0.0,,0.0,0,0,1,G1_technique,G1_technique,m3star_graph_transition_xgboost_v0.1,0
C12-witfoo-precinct6-f10c7270,stage,0.2,53,project05_xgboost_policy,1,0.0,0,,0.0,0.0,0,0,0,,,,8.0,0,1,1,,development,0,3,0.0,G1_technique,0.25,0,G1_technique,1,0,,,,,,,,0.0,,0.0,0,0,,G1_technique,G1_technique,,0
C12-witfoo-precinct6-f10c7270,stage,0.2,53,project05_m3b_policy,1,0.0,0,,0.0,0.0,0,0,0,,,,8.0,0,1,1,,development,0,3,0.0,G1_technique,0.25,0,G1_technique,1,0,,,,,,,,0.0,,0.0,0,0,,G1_technique,G1_technique,,0
C12-witfoo-precinct6-f10c7270,stage,0.2,53,project05_m2,1,0.0,0,,0.0,0.0,0,0,0,,,,8.0,0,1,1,,development,0,3,0.0,G1_technique,0.25,0,G1_technique,1,0,,,,,,,,0.0,,0.0,0,0,,G1_technique,G1_technique,,0
C12-witfoo-precinct6-f10c7270,stage,0.2,53,oracle_optimal,1,0.0,0,,0.0,0.0,0,0,0,,,,8.0,0,1,1,,development,0,3,0.0,G1_technique,0.25,0,G1_technique,1,0,,,,,,,,0.0,,0.0,0,0,,G1_technique,G1_technique,,0
C12-witfoo-precinct6-f10c7270,stage,0.4,11,project05_m3star_h3_dual,1,0.0,0,,0.0,0.0,0,0,0,m3star_graph_action_value_xgboost_v0.3,m3star_graph_action_value_xgboost_v0.3,m3star_graph_action_value_xgboost_v0.3,8.0,0,1,1,0,development,0,3,0.0,G1_technique,0.25,0,G1_technique,2,0,1,3,1,1,,8,1,0.0,,0.0,0,0,1,G1_technique,G1_technique,m3star_graph_transition_xgboost_v0.1,0
C12-witfoo-precinct6-f10c7270,stage,0.4,11,project05_m3star_h3_no_dominance_dual,1,0.0,0,,0.0,0.0,0,0,0,m3star_graph_action_value_xgboost_v0.3,m3star_graph_action_value_xgboost_v0.3,m3star_graph_action_value_xgboost_v0.3,8.0,0,1,1,0,development,0,3,0.0,G1_technique,0.25,0,G1_technique,2,0,1,3,0,1,,8,1,0.0,,0.0,0,0,0,G1_technique,G1_technique,m3star_graph_transition_xgboost_v0.1,0
C12-witfoo-precinct6-f10c7270,stage,0.4,11,project05_m3star_h3_unshielded_dual,1,0.0,0,,0.0,0.0,0,0,0,m3star_graph_action_value_xgboost_v0.3,m3star_graph_action_value_xgboost_v0.3,m3star_graph_action_value_xgboost_v0.3,8.0,0,1,1,0,development,0,3,0.0,G1_technique,0.25,0,G1_technique,2,0,0,3,1,1,,8,0,0.0,,0.0,0,0,1,G1_technique,G1_technique,m3star_graph_transition_xgboost_v0.1,0
C12-witfoo-precinct6-f10c7270,stage,0.4,11,project05_m3star_h3_transition_only,1,0.0,0,,0.0,0.0,0,0,0,none,none,none,8.0,0,1,1,0,development,0,3,0.0,G1_technique,0.25,0,G1_technique,2,0,1,3,1,0,,8,1,0.0,,0.0,0,0,1,G1_technique,G1_technique,m3star_graph_transition_xgboost_v0.1,0
C12-witfoo-precinct6-f10c7270,stage,0.4,11,project05_m3star_h1_dual,1,0.0,0,,0.0,0.0,0,0,0,m3star_graph_action_value_xgboost_v0.3,m3star_graph_action_value_xgboost_v0.3,m3star_graph_action_value_xgboost_v0.3,8.0,0,1,1,0,development,0,3,0.0,G1_technique,0.25,0,G1_technique,2,0,1,1,1,1,,8,1,0.0,,0.0,0,0,1,G1_technique,G1_technique,m3star_graph_transition_xgboost_v0.1,0
C12-witfoo-precinct6-f10c7270,stage,0.4,11,project05_xgboost_policy,1,0.0,0,,0.0,0.0,0,0,0,,,,8.0,0,1,1,,development,0,3,0.0,G1_technique,0.25,0,G1_technique,2,0,,,,,,,,0.0,,0.0,0,0,,G1_technique,G1_technique,,0
C12-witfoo-precinct6-f10c7270,stage,0.4,11,project05_m3b_policy,1,0.0,0,,0.0,0.0,0,0,0,,,,8.0,0,1,1,,development,0,3,0.0,G1_technique,0.25,0,G1_technique,2,0,,,,,,,,0.0,,0.0,0,0,,G1_technique,G1_technique,,0
C12-witfoo-precinct6-f10c7270,stage,0.4,11,project05_m2,1,0.0,0,,0.0,0.0,0,0,0,,,,8.0,0,1,1,,development,0,3,0.0,G1_technique,0.25,0,G1_technique,2,0,,,,,,,,0.0,,0.0,0,0,,G1_technique,G1_technique,,0
C12-witfoo-precinct6-f10c7270,stage,0.4,11,oracle_optimal,1,0.0,0,,0.0,0.0,0,0,0,,,,8.0,0,1,1,,development,0,3,0.0,G1_technique,0.25,0,G1_technique,2,0,,,,,,,,0.0,,0.0,0,0,,G1_technique,G1_technique,,0
C12-witfoo-precinct6-f10c7270,stage,0.4,23,project05_m3star_h3_dual,1,0.0,0,,0.0,0.0,0,0,0,m3star_graph_action_value_xgboost_v0.3,m3star_graph_action_value_xgboost_v0.3,m3star_graph_action_value_xgboost_v0.3,8.0,0,1,1,0,development,0,3,0.0,G1_technique,0.25,0,G1_technique,2,0,1,3,1,1,,8,1,0.0,,0.0,0,0,1,G1_technique,G1_technique,m3star_graph_transition_xgboost_v0.1,0
C12-witfoo-precinct6-f10c7270,stage,0.4,23,project05_m3star_h3_no_dominance_dual,1,0.0,0,,0.0,0.0,0,0,0,m3star_graph_action_value_xgboost_v0.3,m3star_graph_action_value_xgboost_v0.3,m3star_graph_action_value_xgboost_v0.3,8.0,0,1,1,0,development,0,3,0.0,G1_technique,0.25,0,G1_technique,2,0,1,3,0,1,,8,1,0.0,,0.0,0,0,0,G1_technique,G1_technique,m3star_graph_transition_xgboost_v0.1,0
C12-witfoo-precinct6-f10c7270,stage,0.4,23,project05_m3star_h3_unshielded_dual,1,0.0,0,,0.0,0.0,0,0,0,m3star_graph_action_value_xgboost_v0.3,m3star_graph_action_value_xgboost_v0.3,m3star_graph_action_value_xgboost_v0.3,8.0,0,1,1,0,development,0,3,0.0,G1_technique,0.25,0,G1_technique,2,0,0,3,1,1,,8,0,0.0,,0.0,0,0,1,G1_technique,G1_technique,m3star_graph_transition_xgboost_v0.1,0
C12-witfoo-precinct6-f10c7270,stage,0.4,23,project05_m3star_h3_transition_only,1,0.0,0,,0.0,0.0,0,0,0,none,none,none,8.0,0,1,1,0,development,0,3,0.0,G1_technique,0.25,0,G1_technique,2,0,1,3,1,0,,8,1,0.0,,0.0,0,0,1,G1_technique,G1_technique,m3star_graph_transition_xgboost_v0.1,0
C12-witfoo-precinct6-f10c7270,stage,0.4,23,project05_m3star_h1_dual,1,0.0,0,,0.0,0.0,0,0,0,m3star_graph_action_value_xgboost_v0.3,m3star_graph_action_value_xgboost_v0.3,m3star_graph_action_value_xgboost_v0.3,8.0,0,1,1,0,development,0,3,0.0,G1_technique,0.25,0,G1_technique,2,0,1,1,1,1,,8,1,0.0,,0.0,0,0,1,G1_technique,G1_technique,m3star_graph_transition_xgboost_v0.1,0
C12-witfoo-precinct6-f10c7270,stage,0.4,23,project05_xgboost_policy,1,0.0,0,,0.0,0.0,0,0,0,,,,8.0,0,1,1,,development,0,3,0.0,G1_technique,0.25,0,G1_technique,2,0,,,,,,,,0.0,,0.0,0,0,,G1_technique,G1_technique,,0
C12-witfoo-precinct6-f10c7270,stage,0.4,23,project05_m3b_policy,1,0.0,0,,0.0,0.0,0,0,0,,,,8.0,0,1,1,,development,0,3,0.0,G1_technique,0.25,0,G1_technique,2,0,,,,,,,,0.0,,0.0,0,0,,G1_technique,G1_technique,,0
C12-witfoo-precinct6-f10c7270,stage,0.4,23,project05_m2,1,0.0,0,,0.0,0.0,0,0,0,,,,8.0,0,1,1,,development,0,3,0.0,G1_technique,0.25,0,G1_technique,2,0,,,,,,,,0.0,,0.0,0,0,,G1_technique,G1_technique,,0
C12-witfoo-precinct6-f10c7270,stage,0.4,23,oracle_optimal,1,0.0,0,,0.0,0.0,0,0,0,,,,8.0,0,1,1,,development,0,3,0.0,G1_technique,0.25,0,G1_technique,2,0,,,,,,,,0.0,,0.0,0,0,,G1_technique,G1_technique,,0
C12-witfoo-precinct6-f10c7270,stage,0.4,37,project05_m3star_h3_dual,1,0.0,0,,0.0,0.0,0,0,0,m3star_graph_action_value_xgboost_v0.3,m3star_graph_action_value_xgboost_v0.3,m3star_graph_action_value_xgboost_v0.3,8.0,0,1,1,0,development,0,3,0.0,G1_technique,0.25,0,G1_technique,2,0,1,3,1,1,,8,1,0.0,,0.0,0,0,1,G1_technique,G1_technique,m3star_graph_transition_xgboost_v0.1,0
C12-witfoo-precinct6-f10c7270,stage,0.4,37,project05_m3star_h3_no_dominance_dual,1,0.0,0,,0.0,0.0,0,0,0,m3star_graph_action_value_xgboost_v0.3,m3star_graph_action_value_xgboost_v0.3,m3star_graph_action_value_xgboost_v0.3,8.0,0,1,1,0,development,0,3,0.0,G1_technique,0.25,0,G1_technique,2,0,1,3,0,1,,8,1,0.0,,0.0,0,0,0,G1_technique,G1_technique,m3star_graph_transition_xgboost_v0.1,0
C12-witfoo-precinct6-f10c7270,stage,0.4,37,project05_m3star_h3_unshielded_dual,1,0.0,0,,0.0,0.0,0,0,0,m3star_graph_action_value_xgboost_v0.3,m3star_graph_action_value_xgboost_v0.3,m3star_graph_action_value_xgboost_v0.3,8.0,0,1,1,0,development,0,3,0.0,G1_technique,0.25,0,G1_technique,2,0,0,3,1,1,,8,0,0.0,,0.0,0,0,1,G1_technique,G1_technique,m3star_graph_transition_xgboost_v0.1,0
C12-witfoo-precinct6-f10c7270,stage,0.4,37,project05_m3star_h3_transition_only,1,0.0,0,,0.0,0.0,0,0,0,none,none,none,8.0,0,1,1,0,development,0,3,0.0,G1_technique,0.25,0,G1_technique,2,0,1,3,1,0,,8,1,0.0,,0.0,0,0,1,G1_technique,G1_technique,m3star_graph_transition_xgboost_v0.1,0
C12-witfoo-precinct6-f10c7270,stage,0.4,37,project05_m3star_h1_dual,1,0.0,0,,0.0,0.0,0,0,0,m3star_graph_action_value_xgboost_v0.3,m3star_graph_action_value_xgboost_v0.3,m3star_graph_action_value_xgboost_v0.3,8.0,0,1,1,0,development,0,3,0.0,G1_technique,0.25,0,G1_technique,2,0,1,1,1,1,,8,1,0.0,,0.0,0,0,1,G1_technique,G1_technique,m3star_graph_transition_xgboost_v0.1,0
C12-witfoo-precinct6-f10c7270,stage,0.4,37,project05_xgboost_policy,1,0.0,0,,0.0,0.0,0,0,0,,,,8.0,0,1,1,,development,0,3,0.0,G1_technique,0.25,0,G1_technique,2,0,,,,,,,,0.0,,0.0,0,0,,G1_technique,G1_technique,,0
C12-witfoo-precinct6-f10c7270,stage,0.4,37,project05_m3b_policy,1,0.0,0,,0.0,0.0,0,0,0,,,,8.0,0,1,1,,development,0,3,0.0,G1_technique,0.25,0,G1_technique,2,0,,,,,,,,0.0,,0.0,0,0,,G1_technique,G1_technique,,0
C12-witfoo-precinct6-f10c7270,stage,0.4,37,project05_m2,1,0.0,0,,0.0,0.0,0,0,0,,,,8.0,0,1,1,,development,0,3,0.0,G1_technique,0.25,0,G1_technique,2,0,,,,,,,,0.0,,0.0,0,0,,G1_technique,G1_technique,,0
C12-witfoo-precinct6-f10c7270,stage,0.4,37,oracle_optimal,1,0.0,0,,0.0,0.0,0,0,0,,,,8.0,0,1,1,,development,0,3,0.0,G1_technique,0.25,0,G1_technique,2,0,,,,,,,,0.0,,0.0,0,0,,G1_technique,G1_technique,,0
C12-witfoo-precinct6-f10c7270,stage,0.4,41,project05_m3star_h3_dual,1,0.0,0,,0.0,0.0,0,0,0,m3star_graph_action_value_xgboost_v0.3,m3star_graph_action_value_xgboost_v0.3,m3star_graph_action_value_xgboost_v0.3,8.0,0,1,1,0,development,0,3,0.0,G1_technique,0.25,0,G1_technique,2,0,1,3,1,1,,8,1,0.0,,0.0,0,0,1,G1_technique,G1_technique,m3star_graph_transition_xgboost_v0.1,0
C12-witfoo-precinct6-f10c7270,stage,0.4,41,project05_m3star_h3_no_dominance_dual,1,0.0,0,,0.0,0.0,0,0,0,m3star_graph_action_value_xgboost_v0.3,m3star_graph_action_value_xgboost_v0.3,m3star_graph_action_value_xgboost_v0.3,8.0,0,1,1,0,development,0,3,0.0,G1_technique,0.25,0,G1_technique,2,0,1,3,0,1,,8,1,0.0,,0.0,0,0,0,G1_technique,G1_technique,m3star_graph_transition_xgboost_v0.1,0
C12-witfoo-precinct6-f10c7270,stage,0.4,41,project05_m3star_h3_unshielded_dual,1,0.0,0,,0.0,0.0,0,0,0,m3star_graph_action_value_xgboost_v0.3,m3star_graph_action_value_xgboost_v0.3,m3star_graph_action_value_xgboost_v0.3,8.0,0,1,1,0,development,0,3,0.0,G1_technique,0.25,0,G1_technique,2,0,0,3,1,1,,8,0,0.0,,0.0,0,0,1,G1_technique,G1_technique,m3star_graph_transition_xgboost_v0.1,0
C12-witfoo-precinct6-f10c7270,stage,0.4,41,project05_m3star_h3_transition_only,1,0.0,0,,0.0,0.0,0,0,0,none,none,none,8.0,0,1,1,0,development,0,3,0.0,G1_technique,0.25,0,G1_technique,2,0,1,3,1,0,,8,1,0.0,,0.0,0,0,1,G1_technique,G1_technique,m3star_graph_transition_xgboost_v0.1,0
C12-witfoo-precinct6-f10c7270,stage,0.4,41,project05_m3star_h1_dual,1,0.0,0,,0.0,0.0,0,0,0,m3star_graph_action_value_xgboost_v0.3,m3star_graph_action_value_xgboost_v0.3,m3star_graph_action_value_xgboost_v0.3,8.0,0,1,1,0,development,0,3,0.0,G1_technique,0.25,0,G1_technique,2,0,1,1,1,1,,8,1,0.0,,0.0,0,0,1,G1_technique,G1_technique,m3star_graph_transition_xgboost_v0.1,0
C12-witfoo-precinct6-f10c7270,stage,0.4,41,project05_xgboost_policy,1,0.0,0,,0.0,0.0,0,0,0,,,,8.0,0,1,1,,development,0,3,0.0,G1_technique,0.25,0,G1_technique,2,0,,,,,,,,0.0,,0.0,0,0,,G1_technique,G1_technique,,0
C12-witfoo-precinct6-f10c7270,stage,0.4,41,project05_m3b_policy,1,0.0,0,,0.0,0.0,0,0,0,,,,8.0,0,1,1,,development,0,3,0.0,G1_technique,0.25,0,G1_technique,2,0,,,,,,,,0.0,,0.0,0,0,,G1_technique,G1_technique,,0
C12-witfoo-precinct6-f10c7270,stage,0.4,41,project05_m2,1,0.0,0,,0.0,0.0,0,0,0,,,,8.0,0,1,1,,development,0,3,0.0,G1_technique,0.25,0,G1_technique,2,0,,,,,,,,0.0,,0.0,0,0,,G1_technique,G1_technique,,0
C12-witfoo-precinct6-f10c7270,stage,0.4,41,oracle_optimal,1,0.0,0,,0.0,0.0,0,0,0,,,,8.0,0,1,1,,development,0,3,0.0,G1_technique,0.25,0,G1_technique,2,0,,,,,,,,0.0,,0.0,0,0,,G1_technique,G1_technique,,0
C12-witfoo-precinct6-f10c7270,stage,0.4,53,project05_m3star_h3_dual,1,0.0,0,,0.0,0.0,0,0,0,m3star_graph_action_value_xgboost_v0.3,m3star_graph_action_value_xgboost_v0.3,m3star_graph_action_value_xgboost_v0.3,8.0,0,1,1,0,development,0,3,0.0,G1_technique,0.25,0,G1_technique,2,0,1,3,1,1,,8,1,0.0,,0.0,0,0,1,G1_technique,G1_technique,m3star_graph_transition_xgboost_v0.1,0
C12-witfoo-precinct6-f10c7270,stage,0.4,53,project05_m3star_h3_no_dominance_dual,1,0.0,0,,0.0,0.0,0,0,0,m3star_graph_action_value_xgboost_v0.3,m3star_graph_action_value_xgboost_v0.3,m3star_graph_action_value_xgboost_v0.3,8.0,0,1,1,0,development,0,3,0.0,G1_technique,0.25,0,G1_technique,2,0,1,3,0,1,,8,1,0.0,,0.0,0,0,0,G1_technique,G1_technique,m3star_graph_transition_xgboost_v0.1,0
C12-witfoo-precinct6-f10c7270,stage,0.4,53,project05_m3star_h3_unshielded_dual,1,0.0,0,,0.0,0.0,0,0,0,m3star_graph_action_value_xgboost_v0.3,m3star_graph_action_value_xgboost_v0.3,m3star_graph_action_value_xgboost_v0.3,8.0,0,1,1,0,development,0,3,0.0,G1_technique,0.25,0,G1_technique,2,0,0,3,1,1,,8,0,0.0,,0.0,0,0,1,G1_technique,G1_technique,m3star_graph_transition_xgboost_v0.1,0
C12-witfoo-precinct6-f10c7270,stage,0.4,53,project05_m3star_h3_transition_only,1,0.0,0,,0.0,0.0,0,0,0,none,none,none,8.0,0,1,1,0,development,0,3,0.0,G1_technique,0.25,0,G1_technique,2,0,1,3,1,0,,8,1,0.0,,0.0,0,0,1,G1_technique,G1_technique,m3star_graph_transition_xgboost_v0.1,0
C12-witfoo-precinct6-f10c7270,stage,0.4,53,project05_m3star_h1_dual,1,0.0,0,,0.0,0.0,0,0,0,m3star_graph_action_value_xgboost_v0.3,m3star_graph_action_value_xgboost_v0.3,m3star_graph_action_value_xgboost_v0.3,8.0,0,1,1,0,development,0,3,0.0,G1_technique,0.25,0,G1_technique,2,0,1,1,1,1,,8,1,0.0,,0.0,0,0,1,G1_technique,G1_technique,m3star_graph_transition_xgboost_v0.1,0
C12-witfoo-precinct6-f10c7270,stage,0.4,53,project05_xgboost_policy,1,0.0,0,,0.0,0.0,0,0,0,,,,8.0,0,1,1,,development,0,3,0.0,G1_technique,0.25,0,G1_technique,2,0,,,,,,,,0.0,,0.0,0,0,,G1_technique,G1_technique,,0
C12-witfoo-precinct6-f10c7270,stage,0.4,53,project05_m3b_policy,1,0.0,0,,0.0,0.0,0,0,0,,,,8.0,0,1,1,,development,0,3,0.0,G1_technique,0.25,0,G1_technique,2,0,,,,,,,,0.0,,0.0,0,0,,G1_technique,G1_technique,,0
C12-witfoo-precinct6-f10c7270,stage,0.4,53,project05_m2,1,0.0,0,,0.0,0.0,0,0,0,,,,8.0,0,1,1,,development,0,3,0.0,G1_technique,0.25,0,G1_technique,2,0,,,,,,,,0.0,,0.0,0,0,,G1_technique,G1_technique,,0
C12-witfoo-precinct6-f10c7270,stage,0.4,53,oracle_optimal,1,0.0,0,,0.0,0.0,0,0,0,,,,8.0,0,1,1,,development,0,3,0.0,G1_technique,0.25,0,G1_technique,2,0,,,,,,,,0.0,,0.0,0,0,,G1_technique,G1_technique,,0
C12-witfoo-precinct6-f10c7270,stage,0.6,11,project05_m3star_h3_dual,1,3.0,2,C12-AA-002|C12-AA-001,3.0,0.0,0,0,0,m3star_graph_action_value_xgboost_v0.3,m3star_graph_action_value_xgboost_v0.3,m3star_graph_action_value_xgboost_v0.3,8.0,0,1,1,0,development,0,3,0.0,G1_technique,0.25,1,G0_unknown,3,0,1,3,1,1,,8,1,3.0,C12-AA-001,0.3636,2,2,1,G1_technique,G1_technique,m3star_graph_transition_xgboost_v0.1,0
C12-witfoo-precinct6-f10c7270,stage,0.6,11,project05_m3star_h3_no_dominance_dual,1,3.0,2,C12-AA-002|C12-AA-001,3.0,0.0,0,0,0,m3star_graph_action_value_xgboost_v0.3,m3star_graph_action_value_xgboost_v0.3,m3star_graph_action_value_xgboost_v0.3,8.0,0,1,1,0,development,0,3,0.0,G1_technique,0.25,1,G0_unknown,3,0,1,3,0,1,,8,1,3.0,C12-AA-001,0.3636,2,2,0,G1_technique,G1_technique,m3star_graph_transition_xgboost_v0.1,0
C12-witfoo-precinct6-f10c7270,stage,0.6,11,project05_m3star_h3_unshielded_dual,1,3.0,2,C12-AA-002|C12-AA-001,3.0,0.0,0,0,0,m3star_graph_action_value_xgboost_v0.3,m3star_graph_action_value_xgboost_v0.3,m3star_graph_action_value_xgboost_v0.3,8.0,0,1,1,0,development,0,3,0.0,G1_technique,0.25,1,G0_unknown,3,0,0,3,1,1,,8,0,3.0,C12-AA-001,0.3636,2,2,1,G1_technique,G1_technique,m3star_graph_transition_xgboost_v0.1,0
C12-witfoo-precinct6-f10c7270,stage,0.6,11,project05_m3star_h3_transition_only,1,3.0,2,C12-AA-002|C12-AA-001,3.0,0.0,0,0,0,none,none,none,8.0,0,1,1,0,development,0,3,0.0,G1_technique,0.25,1,G0_unknown,3,0,1,3,1,0,,8,1,3.0,C12-AA-001,0.3636,2,2,1,G1_technique,G1_technique,m3star_graph_transition_xgboost_v0.1,0
C12-witfoo-precinct6-f10c7270,stage,0.6,11,project05_m3star_h1_dual,1,3.0,2,C12-AA-002|C12-AA-001,3.0,0.0,0,0,0,m3star_graph_action_value_xgboost_v0.3,m3star_graph_action_value_xgboost_v0.3,m3star_graph_action_value_xgboost_v0.3,8.0,0,1,1,0,development,0,3,0.0,G1_technique,0.25,1,G0_unknown,3,0,1,1,1,1,,8,1,3.0,C12-AA-001,0.3636,2,2,1,G1_technique,G1_technique,m3star_graph_transition_xgboost_v0.1,0
C12-witfoo-precinct6-f10c7270,stage,0.6,11,project05_xgboost_policy,1,3.0,2,C12-AA-001|C12-AA-002,3.0,0.0,1,0,0,,,,8.0,0,1,1,,development,0,3,0.0,G1_technique,0.25,1,G0_unknown,3,0,,,,,,,,3.0,C12-AA-001,0.1818,2,2,,G1_technique,G1_technique,,0
C12-witfoo-precinct6-f10c7270,stage,0.6,11,project05_m3b_policy,1,3.0,2,C12-AA-002|C12-AA-001,3.0,0.0,0,0,0,,,,8.0,0,1,1,,development,0,3,0.0,G1_technique,0.25,1,G0_unknown,3,0,,,,,,,,3.0,C12-AA-001,0.3636,2,2,,G1_technique,G1_technique,,0
C12-witfoo-precinct6-f10c7270,stage,0.6,11,project05_m2,1,5.0,2,C12-AA-001|C12-AA-003,5.0,2.0,1,0,0,,,,8.0,0,1,1,,development,0,2,0.3333,G1_technique,0.5,1,G0_unknown,3,0,,,,,,,,3.0,C12-AA-001,0.5,2,2,,G1_technique,G1_technique,,0
C12-witfoo-precinct6-f10c7270,stage,0.6,11,oracle_optimal,1,3.0,2,C12-AA-001|C12-AA-002,3.0,0.0,1,0,0,,,,8.0,0,1,1,,development,0,3,0.0,G1_technique,0.25,1,G0_unknown,3,0,,,,,,,,3.0,C12-AA-001,0.1818,2,2,,G1_technique,G1_technique,,0
C12-witfoo-precinct6-f10c7270,stage,0.6,23,project05_m3star_h3_dual,1,3.0,2,C12-AA-002|C12-AA-001,3.0,0.0,0,0,0,m3star_graph_action_value_xgboost_v0.3,m3star_graph_action_value_xgboost_v0.3,m3star_graph_action_value_xgboost_v0.3,8.0,0,1,1,0,development,0,3,0.0,G1_technique,0.25,1,G0_unknown,3,0,1,3,1,1,,8,1,3.0,C12-AA-001,0.3636,2,2,1,G1_technique,G1_technique,m3star_graph_transition_xgboost_v0.1,0
C12-witfoo-precinct6-f10c7270,stage,0.6,23,project05_m3star_h3_no_dominance_dual,1,3.0,2,C12-AA-002|C12-AA-001,3.0,0.0,0,0,0,m3star_graph_action_value_xgboost_v0.3,m3star_graph_action_value_xgboost_v0.3,m3star_graph_action_value_xgboost_v0.3,8.0,0,1,1,0,development,0,3,0.0,G1_technique,0.25,1,G0_unknown,3,0,1,3,0,1,,8,1,3.0,C12-AA-001,0.3636,2,2,0,G1_technique,G1_technique,m3star_graph_transition_xgboost_v0.1,0
C12-witfoo-precinct6-f10c7270,stage,0.6,23,project05_m3star_h3_unshielded_dual,1,3.0,2,C12-AA-002|C12-AA-001,3.0,0.0,0,0,0,m3star_graph_action_value_xgboost_v0.3,m3star_graph_action_value_xgboost_v0.3,m3star_graph_action_value_xgboost_v0.3,8.0,0,1,1,0,development,0,3,0.0,G1_technique,0.25,1,G0_unknown,3,0,0,3,1,1,,8,0,3.0,C12-AA-001,0.3636,2,2,1,G1_technique,G1_technique,m3star_graph_transition_xgboost_v0.1,0
C12-witfoo-precinct6-f10c7270,stage,0.6,23,project05_m3star_h3_transition_only,1,3.0,2,C12-AA-002|C12-AA-001,3.0,0.0,0,0,0,none,none,none,8.0,0,1,1,0,development,0,3,0.0,G1_technique,0.25,1,G0_unknown,3,0,1,3,1,0,,8,1,3.0,C12-AA-001,0.3636,2,2,1,G1_technique,G1_technique,m3star_graph_transition_xgboost_v0.1,0
C12-witfoo-precinct6-f10c7270,stage,0.6,23,project05_m3star_h1_dual,1,3.0,2,C12-AA-002|C12-AA-001,3.0,0.0,0,0,0,m3star_graph_action_value_xgboost_v0.3,m3star_graph_action_value_xgboost_v0.3,m3star_graph_action_value_xgboost_v0.3,8.0,0,1,1,0,development,0,3,0.0,G1_technique,0.25,1,G0_unknown,3,0,1,1,1,1,,8,1,3.0,C12-AA-001,0.3636,2,2,1,G1_technique,G1_technique,m3star_graph_transition_xgboost_v0.1,0
C12-witfoo-precinct6-f10c7270,stage,0.6,23,project05_xgboost_policy,1,3.0,2,C12-AA-001|C12-AA-002,3.0,0.0,1,0,0,,,,8.0,0,1,1,,development,0,3,0.0,G1_technique,0.25,1,G0_unknown,3,0,,,,,,,,3.0,C12-AA-001,0.1818,2,2,,G1_technique,G1_technique,,0
C12-witfoo-precinct6-f10c7270,stage,0.6,23,project05_m3b_policy,1,3.0,2,C12-AA-002|C12-AA-001,3.0,0.0,0,0,0,,,,8.0,0,1,1,,development,0,3,0.0,G1_technique,0.25,1,G0_unknown,3,0,,,,,,,,3.0,C12-AA-001,0.3636,2,2,,G1_technique,G1_technique,,0
C12-witfoo-precinct6-f10c7270,stage,0.6,23,project05_m2,1,5.0,2,C12-AA-001|C12-AA-003,5.0,2.0,1,0,0,,,,8.0,0,1,1,,development,0,2,0.3333,G1_technique,0.5,1,G0_unknown,3,0,,,,,,,,3.0,C12-AA-001,0.5,2,2,,G1_technique,G1_technique,,0
C12-witfoo-precinct6-f10c7270,stage,0.6,23,oracle_optimal,1,3.0,2,C12-AA-001|C12-AA-002,3.0,0.0,1,0,0,,,,8.0,0,1,1,,development,0,3,0.0,G1_technique,0.25,1,G0_unknown,3,0,,,,,,,,3.0,C12-AA-001,0.1818,2,2,,G1_technique,G1_technique,,0
C12-witfoo-precinct6-f10c7270,stage,0.6,37,project05_m3star_h3_dual,1,3.0,2,C12-AA-002|C12-AA-001,3.0,0.0,0,0,0,m3star_graph_action_value_xgboost_v0.3,m3star_graph_action_value_xgboost_v0.3,m3star_graph_action_value_xgboost_v0.3,8.0,0,1,1,0,development,0,3,0.0,G1_technique,0.25,1,G0_unknown,3,0,1,3,1,1,,8,1,3.0,C12-AA-001,0.3636,2,2,1,G1_technique,G1_technique,m3star_graph_transition_xgboost_v0.1,0
C12-witfoo-precinct6-f10c7270,stage,0.6,37,project05_m3star_h3_no_dominance_dual,1,3.0,2,C12-AA-002|C12-AA-001,3.0,0.0,0,0,0,m3star_graph_action_value_xgboost_v0.3,m3star_graph_action_value_xgboost_v0.3,m3star_graph_action_value_xgboost_v0.3,8.0,0,1,1,0,development,0,3,0.0,G1_technique,0.25,1,G0_unknown,3,0,1,3,0,1,,8,1,3.0,C12-AA-001,0.3636,2,2,0,G1_technique,G1_technique,m3star_graph_transition_xgboost_v0.1,0
C12-witfoo-precinct6-f10c7270,stage,0.6,37,project05_m3star_h3_unshielded_dual,1,3.0,2,C12-AA-002|C12-AA-001,3.0,0.0,0,0,0,m3star_graph_action_value_xgboost_v0.3,m3star_graph_action_value_xgboost_v0.3,m3star_graph_action_value_xgboost_v0.3,8.0,0,1,1,0,development,0,3,0.0,G1_technique,0.25,1,G0_unknown,3,0,0,3,1,1,,8,0,3.0,C12-AA-001,0.3636,2,2,1,G1_technique,G1_technique,m3star_graph_transition_xgboost_v0.1,0
C12-witfoo-precinct6-f10c7270,stage,0.6,37,project05_m3star_h3_transition_only,1,3.0,2,C12-AA-002|C12-AA-001,3.0,0.0,0,0,0,none,none,none,8.0,0,1,1,0,development,0,3,0.0,G1_technique,0.25,1,G0_unknown,3,0,1,3,1,0,,8,1,3.0,C12-AA-001,0.3636,2,2,1,G1_technique,G1_technique,m3star_graph_transition_xgboost_v0.1,0
C12-witfoo-precinct6-f10c7270,stage,0.6,37,project05_m3star_h1_dual,1,3.0,2,C12-AA-002|C12-AA-001,3.0,0.0,0,0,0,m3star_graph_action_value_xgboost_v0.3,m3star_graph_action_value_xgboost_v0.3,m3star_graph_action_value_xgboost_v0.3,8.0,0,1,1,0,development,0,3,0.0,G1_technique,0.25,1,G0_unknown,3,0,1,1,1,1,,8,1,3.0,C12-AA-001,0.3636,2,2,1,G1_technique,G1_technique,m3star_graph_transition_xgboost_v0.1,0
C12-witfoo-precinct6-f10c7270,stage,0.6,37,project05_xgboost_policy,1,3.0,2,C12-AA-001|C12-AA-002,3.0,0.0,1,0,0,,,,8.0,0,1,1,,development,0,3,0.0,G1_technique,0.25,1,G0_unknown,3,0,,,,,,,,3.0,C12-AA-001,0.1818,2,2,,G1_technique,G1_technique,,0
C12-witfoo-precinct6-f10c7270,stage,0.6,37,project05_m3b_policy,1,3.0,2,C12-AA-002|C12-AA-001,3.0,0.0,0,0,0,,,,8.0,0,1,1,,development,0,3,0.0,G1_technique,0.25,1,G0_unknown,3,0,,,,,,,,3.0,C12-AA-001,0.3636,2,2,,G1_technique,G1_technique,,0
C12-witfoo-precinct6-f10c7270,stage,0.6,37,project05_m2,1,5.0,2,C12-AA-001|C12-AA-003,5.0,2.0,1,0,0,,,,8.0,0,1,1,,development,0,2,0.3333,G1_technique,0.5,1,G0_unknown,3,0,,,,,,,,3.0,C12-AA-001,0.5,2,2,,G1_technique,G1_technique,,0
C12-witfoo-precinct6-f10c7270,stage,0.6,37,oracle_optimal,1,3.0,2,C12-AA-001|C12-AA-002,3.0,0.0,1,0,0,,,,8.0,0,1,1,,development,0,3,0.0,G1_technique,0.25,1,G0_unknown,3,0,,,,,,,,3.0,C12-AA-001,0.1818,2,2,,G1_technique,G1_technique,,0
C12-witfoo-precinct6-f10c7270,stage,0.6,41,project05_m3star_h3_dual,1,3.0,2,C12-AA-002|C12-AA-001,3.0,0.0,0,0,0,m3star_graph_action_value_xgboost_v0.3,m3star_graph_action_value_xgboost_v0.3,m3star_graph_action_value_xgboost_v0.3,8.0,0,1,1,0,development,0,3,0.0,G1_technique,0.25,1,G0_unknown,3,0,1,3,1,1,,8,1,3.0,C12-AA-001,0.3636,2,2,1,G1_technique,G1_technique,m3star_graph_transition_xgboost_v0.1,0
C12-witfoo-precinct6-f10c7270,stage,0.6,41,project05_m3star_h3_no_dominance_dual,1,3.0,2,C12-AA-002|C12-AA-001,3.0,0.0,0,0,0,m3star_graph_action_value_xgboost_v0.3,m3star_graph_action_value_xgboost_v0.3,m3star_graph_action_value_xgboost_v0.3,8.0,0,1,1,0,development,0,3,0.0,G1_technique,0.25,1,G0_unknown,3,0,1,3,0,1,,8,1,3.0,C12-AA-001,0.3636,2,2,0,G1_technique,G1_technique,m3star_graph_transition_xgboost_v0.1,0
C12-witfoo-precinct6-f10c7270,stage,0.6,41,project05_m3star_h3_unshielded_dual,1,3.0,2,C12-AA-002|C12-AA-001,3.0,0.0,0,0,0,m3star_graph_action_value_xgboost_v0.3,m3star_graph_action_value_xgboost_v0.3,m3star_graph_action_value_xgboost_v0.3,8.0,0,1,1,0,development,0,3,0.0,G1_technique,0.25,1,G0_unknown,3,0,0,3,1,1,,8,0,3.0,C12-AA-001,0.3636,2,2,1,G1_technique,G1_technique,m3star_graph_transition_xgboost_v0.1,0
C12-witfoo-precinct6-f10c7270,stage,0.6,41,project05_m3star_h3_transition_only,1,3.0,2,C12-AA-002|C12-AA-001,3.0,0.0,0,0,0,none,none,none,8.0,0,1,1,0,development,0,3,0.0,G1_technique,0.25,1,G0_unknown,3,0,1,3,1,0,,8,1,3.0,C12-AA-001,0.3636,2,2,1,G1_technique,G1_technique,m3star_graph_transition_xgboost_v0.1,0
C12-witfoo-precinct6-f10c7270,stage,0.6,41,project05_m3star_h1_dual,1,3.0,2,C12-AA-002|C12-AA-001,3.0,0.0,0,0,0,m3star_graph_action_value_xgboost_v0.3,m3star_graph_action_value_xgboost_v0.3,m3star_graph_action_value_xgboost_v0.3,8.0,0,1,1,0,development,0,3,0.0,G1_technique,0.25,1,G0_unknown,3,0,1,1,1,1,,8,1,3.0,C12-AA-001,0.3636,2,2,1,G1_technique,G1_technique,m3star_graph_transition_xgboost_v0.1,0
C12-witfoo-precinct6-f10c7270,stage,0.6,41,project05_xgboost_policy,1,3.0,2,C12-AA-001|C12-AA-002,3.0,0.0,1,0,0,,,,8.0,0,1,1,,development,0,3,0.0,G1_technique,0.25,1,G0_unknown,3,0,,,,,,,,3.0,C12-AA-001,0.1818,2,2,,G1_technique,G1_technique,,0
C12-witfoo-precinct6-f10c7270,stage,0.6,41,project05_m3b_policy,1,3.0,2,C12-AA-002|C12-AA-001,3.0,0.0,0,0,0,,,,8.0,0,1,1,,development,0,3,0.0,G1_technique,0.25,1,G0_unknown,3,0,,,,,,,,3.0,C12-AA-001,0.3636,2,2,,G1_technique,G1_technique,,0
C12-witfoo-precinct6-f10c7270,stage,0.6,41,project05_m2,1,5.0,2,C12-AA-001|C12-AA-003,5.0,2.0,1,0,0,,,,8.0,0,1,1,,development,0,2,0.3333,G1_technique,0.5,1,G0_unknown,3,0,,,,,,,,3.0,C12-AA-001,0.5,2,2,,G1_technique,G1_technique,,0
C12-witfoo-precinct6-f10c7270,stage,0.6,41,oracle_optimal,1,3.0,2,C12-AA-001|C12-AA-002,3.0,0.0,1,0,0,,,,8.0,0,1,1,,development,0,3,0.0,G1_technique,0.25,1,G0_unknown,3,0,,,,,,,,3.0,C12-AA-001,0.1818,2,2,,G1_technique,G1_technique,,0
C12-witfoo-precinct6-f10c7270,stage,0.6,53,project05_m3star_h3_dual,1,3.0,2,C12-AA-002|C12-AA-001,3.0,0.0,0,0,0,m3star_graph_action_value_xgboost_v0.3,m3star_graph_action_value_xgboost_v0.3,m3star_graph_action_value_xgboost_v0.3,8.0,0,1,1,0,development,0,3,0.0,G1_technique,0.25,1,G0_unknown,3,0,1,3,1,1,,8,1,3.0,C12-AA-001,0.3636,2,2,1,G1_technique,G1_technique,m3star_graph_transition_xgboost_v0.1,0
C12-witfoo-precinct6-f10c7270,stage,0.6,53,project05_m3star_h3_no_dominance_dual,1,3.0,2,C12-AA-002|C12-AA-001,3.0,0.0,0,0,0,m3star_graph_action_value_xgboost_v0.3,m3star_graph_action_value_xgboost_v0.3,m3star_graph_action_value_xgboost_v0.3,8.0,0,1,1,0,development,0,3,0.0,G1_technique,0.25,1,G0_unknown,3,0,1,3,0,1,,8,1,3.0,C12-AA-001,0.3636,2,2,0,G1_technique,G1_technique,m3star_graph_transition_xgboost_v0.1,0
C12-witfoo-precinct6-f10c7270,stage,0.6,53,project05_m3star_h3_unshielded_dual,1,3.0,2,C12-AA-002|C12-AA-001,3.0,0.0,0,0,0,m3star_graph_action_value_xgboost_v0.3,m3star_graph_action_value_xgboost_v0.3,m3star_graph_action_value_xgboost_v0.3,8.0,0,1,1,0,development,0,3,0.0,G1_technique,0.25,1,G0_unknown,3,0,0,3,1,1,,8,0,3.0,C12-AA-001,0.3636,2,2,1,G1_technique,G1_technique,m3star_graph_transition_xgboost_v0.1,0
C12-witfoo-precinct6-f10c7270,stage,0.6,53,project05_m3star_h3_transition_only,1,3.0,2,C12-AA-002|C12-AA-001,3.0,0.0,0,0,0,none,none,none,8.0,0,1,1,0,development,0,3,0.0,G1_technique,0.25,1,G0_unknown,3,0,1,3,1,0,,8,1,3.0,C12-AA-001,0.3636,2,2,1,G1_technique,G1_technique,m3star_graph_transition_xgboost_v0.1,0
C12-witfoo-precinct6-f10c7270,stage,0.6,53,project05_m3star_h1_dual,1,3.0,2,C12-AA-002|C12-AA-001,3.0,0.0,0,0,0,m3star_graph_action_value_xgboost_v0.3,m3star_graph_action_value_xgboost_v0.3,m3star_graph_action_value_xgboost_v0.3,8.0,0,1,1,0,development,0,3,0.0,G1_technique,0.25,1,G0_unknown,3,0,1,1,1,1,,8,1,3.0,C12-AA-001,0.3636,2,2,1,G1_technique,G1_technique,m3star_graph_transition_xgboost_v0.1,0
C12-witfoo-precinct6-f10c7270,stage,0.6,53,project05_xgboost_policy,1,3.0,2,C12-AA-001|C12-AA-002,3.0,0.0,1,0,0,,,,8.0,0,1,1,,development,0,3,0.0,G1_technique,0.25,1,G0_unknown,3,0,,,,,,,,3.0,C12-AA-001,0.1818,2,2,,G1_technique,G1_technique,,0
C12-witfoo-precinct6-f10c7270,stage,0.6,53,project05_m3b_policy,1,3.0,2,C12-AA-002|C12-AA-001,3.0,0.0,0,0,0,,,,8.0,0,1,1,,development,0,3,0.0,G1_technique,0.25,1,G0_unknown,3,0,,,,,,,,3.0,C12-AA-001,0.3636,2,2,,G1_technique,G1_technique,,0
C12-witfoo-precinct6-f10c7270,stage,0.6,53,project05_m2,1,5.0,2,C12-AA-001|C12-AA-003,5.0,2.0,1,0,0,,,,8.0,0,1,1,,development,0,2,0.3333,G1_technique,0.5,1,G0_unknown,3,0,,,,,,,,3.0,C12-AA-001,0.5,2,2,,G1_technique,G1_technique,,0
C12-witfoo-precinct6-f10c7270,stage,0.6,53,oracle_optimal,1,3.0,2,C12-AA-001|C12-AA-002,3.0,0.0,1,0,0,,,,8.0,0,1,1,,development,0,3,0.0,G1_technique,0.25,1,G0_unknown,3,0,,,,,,,,3.0,C12-AA-001,0.1818,2,2,,G1_technique,G1_technique,,0
C12-witfoo-precinct6-f10c7270,discriminative,0.2,11,project05_m3star_h3_dual,1,0.0,0,,0.0,0.0,0,0,0,m3star_graph_action_value_xgboost_v0.3,m3star_graph_action_value_xgboost_v0.3,m3star_graph_action_value_xgboost_v0.3,8.0,0,1,1,0,development,0,3,0.0,G1_technique,0.25,0,G1_technique,1,0,1,3,1,1,,8,1,0.0,,0.0,0,0,1,G1_technique,G1_technique,m3star_graph_transition_xgboost_v0.1,0
C12-witfoo-precinct6-f10c7270,discriminative,0.2,11,project05_m3star_h3_no_dominance_dual,1,0.0,0,,0.0,0.0,0,0,0,m3star_graph_action_value_xgboost_v0.3,m3star_graph_action_value_xgboost_v0.3,m3star_graph_action_value_xgboost_v0.3,8.0,0,1,1,0,development,0,3,0.0,G1_technique,0.25,0,G1_technique,1,0,1,3,0,1,,8,1,0.0,,0.0,0,0,0,G1_technique,G1_technique,m3star_graph_transition_xgboost_v0.1,0
C12-witfoo-precinct6-f10c7270,discriminative,0.2,11,project05_m3star_h3_unshielded_dual,1,0.0,0,,0.0,0.0,0,0,0,m3star_graph_action_value_xgboost_v0.3,m3star_graph_action_value_xgboost_v0.3,m3star_graph_action_value_xgboost_v0.3,8.0,0,1,1,0,development,0,3,0.0,G1_technique,0.25,0,G1_technique,1,0,0,3,1,1,,8,0,0.0,,0.0,0,0,1,G1_technique,G1_technique,m3star_graph_transition_xgboost_v0.1,0
C12-witfoo-precinct6-f10c7270,discriminative,0.2,11,project05_m3star_h3_transition_only,1,0.0,0,,0.0,0.0,0,0,0,none,none,none,8.0,0,1,1,0,development,0,3,0.0,G1_technique,0.25,0,G1_technique,1,0,1,3,1,0,,8,1,0.0,,0.0,0,0,1,G1_technique,G1_technique,m3star_graph_transition_xgboost_v0.1,0
C12-witfoo-precinct6-f10c7270,discriminative,0.2,11,project05_m3star_h1_dual,1,0.0,0,,0.0,0.0,0,0,0,m3star_graph_action_value_xgboost_v0.3,m3star_graph_action_value_xgboost_v0.3,m3star_graph_action_value_xgboost_v0.3,8.0,0,1,1,0,development,0,3,0.0,G1_technique,0.25,0,G1_technique,1,0,1,1,1,1,,8,1,0.0,,0.0,0,0,1,G1_technique,G1_technique,m3star_graph_transition_xgboost_v0.1,0
C12-witfoo-precinct6-f10c7270,discriminative,0.2,11,project05_xgboost_policy,1,0.0,0,,0.0,0.0,0,0,0,,,,8.0,0,1,1,,development,0,3,0.0,G1_technique,0.25,0,G1_technique,1,0,,,,,,,,0.0,,0.0,0,0,,G1_technique,G1_technique,,0
C12-witfoo-precinct6-f10c7270,discriminative,0.2,11,project05_m3b_policy,1,0.0,0,,0.0,0.0,0,0,0,,,,8.0,0,1,1,,development,0,3,0.0,G1_technique,0.25,0,G1_technique,1,0,,,,,,,,0.0,,0.0,0,0,,G1_technique,G1_technique,,0
C12-witfoo-precinct6-f10c7270,discriminative,0.2,11,project05_m2,1,0.0,0,,0.0,0.0,0,0,0,,,,8.0,0,1,1,,development,0,3,0.0,G1_technique,0.25,0,G1_technique,1,0,,,,,,,,0.0,,0.0,0,0,,G1_technique,G1_technique,,0
C12-witfoo-precinct6-f10c7270,discriminative,0.2,11,oracle_optimal,1,0.0,0,,0.0,0.0,0,0,0,,,,8.0,0,1,1,,development,0,3,0.0,G1_technique,0.25,0,G1_technique,1,0,,,,,,,,0.0,,0.0,0,0,,G1_technique,G1_technique,,0
C12-witfoo-precinct6-f10c7270,discriminative,0.2,23,project05_m3star_h3_dual,1,0.0,0,,0.0,0.0,0,0,0,m3star_graph_action_value_xgboost_v0.3,m3star_graph_action_value_xgboost_v0.3,m3star_graph_action_value_xgboost_v0.3,8.0,0,1,1,0,development,0,3,0.0,G1_technique,0.25,0,G1_technique,1,0,1,3,1,1,,8,1,0.0,,0.0,0,0,1,G1_technique,G1_technique,m3star_graph_transition_xgboost_v0.1,0
C12-witfoo-precinct6-f10c7270,discriminative,0.2,23,project05_m3star_h3_no_dominance_dual,1,0.0,0,,0.0,0.0,0,0,0,m3star_graph_action_value_xgboost_v0.3,m3star_graph_action_value_xgboost_v0.3,m3star_graph_action_value_xgboost_v0.3,8.0,0,1,1,0,development,0,3,0.0,G1_technique,0.25,0,G1_technique,1,0,1,3,0,1,,8,1,0.0,,0.0,0,0,0,G1_technique,G1_technique,m3star_graph_transition_xgboost_v0.1,0
C12-witfoo-precinct6-f10c7270,discriminative,0.2,23,project05_m3star_h3_unshielded_dual,1,0.0,0,,0.0,0.0,0,0,0,m3star_graph_action_value_xgboost_v0.3,m3star_graph_action_value_xgboost_v0.3,m3star_graph_action_value_xgboost_v0.3,8.0,0,1,1,0,development,0,3,0.0,G1_technique,0.25,0,G1_technique,1,0,0,3,1,1,,8,0,0.0,,0.0,0,0,1,G1_technique,G1_technique,m3star_graph_transition_xgboost_v0.1,0
C12-witfoo-precinct6-f10c7270,discriminative,0.2,23,project05_m3star_h3_transition_only,1,0.0,0,,0.0,0.0,0,0,0,none,none,none,8.0,0,1,1,0,development,0,3,0.0,G1_technique,0.25,0,G1_technique,1,0,1,3,1,0,,8,1,0.0,,0.0,0,0,1,G1_technique,G1_technique,m3star_graph_transition_xgboost_v0.1,0
C12-witfoo-precinct6-f10c7270,discriminative,0.2,23,project05_m3star_h1_dual,1,0.0,0,,0.0,0.0,0,0,0,m3star_graph_action_value_xgboost_v0.3,m3star_graph_action_value_xgboost_v0.3,m3star_graph_action_value_xgboost_v0.3,8.0,0,1,1,0,development,0,3,0.0,G1_technique,0.25,0,G1_technique,1,0,1,1,1,1,,8,1,0.0,,0.0,0,0,1,G1_technique,G1_technique,m3star_graph_transition_xgboost_v0.1,0
C12-witfoo-precinct6-f10c7270,discriminative,0.2,23,project05_xgboost_policy,1,0.0,0,,0.0,0.0,0,0,0,,,,8.0,0,1,1,,development,0,3,0.0,G1_technique,0.25,0,G1_technique,1,0,,,,,,,,0.0,,0.0,0,0,,G1_technique,G1_technique,,0
C12-witfoo-precinct6-f10c7270,discriminative,0.2,23,project05_m3b_policy,1,0.0,0,,0.0,0.0,0,0,0,,,,8.0,0,1,1,,development,0,3,0.0,G1_technique,0.25,0,G1_technique,1,0,,,,,,,,0.0,,0.0,0,0,,G1_technique,G1_technique,,0
C12-witfoo-precinct6-f10c7270,discriminative,0.2,23,project05_m2,1,0.0,0,,0.0,0.0,0,0,0,,,,8.0,0,1,1,,development,0,3,0.0,G1_technique,0.25,0,G1_technique,1,0,,,,,,,,0.0,,0.0,0,0,,G1_technique,G1_technique,,0
C12-witfoo-precinct6-f10c7270,discriminative,0.2,23,oracle_optimal,1,0.0,0,,0.0,0.0,0,0,0,,,,8.0,0,1,1,,development,0,3,0.0,G1_technique,0.25,0,G1_technique,1,0,,,,,,,,0.0,,0.0,0,0,,G1_technique,G1_technique,,0
C12-witfoo-precinct6-f10c7270,discriminative,0.2,37,project05_m3star_h3_dual,1,0.0,0,,0.0,0.0,0,0,0,m3star_graph_action_value_xgboost_v0.3,m3star_graph_action_value_xgboost_v0.3,m3star_graph_action_value_xgboost_v0.3,8.0,0,1,1,0,development,0,3,0.0,G1_technique,0.25,0,G1_technique,1,0,1,3,1,1,,8,1,0.0,,0.0,0,0,1,G1_technique,G1_technique,m3star_graph_transition_xgboost_v0.1,0
C12-witfoo-precinct6-f10c7270,discriminative,0.2,37,project05_m3star_h3_no_dominance_dual,1,0.0,0,,0.0,0.0,0,0,0,m3star_graph_action_value_xgboost_v0.3,m3star_graph_action_value_xgboost_v0.3,m3star_graph_action_value_xgboost_v0.3,8.0,0,1,1,0,development,0,3,0.0,G1_technique,0.25,0,G1_technique,1,0,1,3,0,1,,8,1,0.0,,0.0,0,0,0,G1_technique,G1_technique,m3star_graph_transition_xgboost_v0.1,0
C12-witfoo-precinct6-f10c7270,discriminative,0.2,37,project05_m3star_h3_unshielded_dual,1,0.0,0,,0.0,0.0,0,0,0,m3star_graph_action_value_xgboost_v0.3,m3star_graph_action_value_xgboost_v0.3,m3star_graph_action_value_xgboost_v0.3,8.0,0,1,1,0,development,0,3,0.0,G1_technique,0.25,0,G1_technique,1,0,0,3,1,1,,8,0,0.0,,0.0,0,0,1,G1_technique,G1_technique,m3star_graph_transition_xgboost_v0.1,0
C12-witfoo-precinct6-f10c7270,discriminative,0.2,37,project05_m3star_h3_transition_only,1,0.0,0,,0.0,0.0,0,0,0,none,none,none,8.0,0,1,1,0,development,0,3,0.0,G1_technique,0.25,0,G1_technique,1,0,1,3,1,0,,8,1,0.0,,0.0,0,0,1,G1_technique,G1_technique,m3star_graph_transition_xgboost_v0.1,0
C12-witfoo-precinct6-f10c7270,discriminative,0.2,37,project05_m3star_h1_dual,1,0.0,0,,0.0,0.0,0,0,0,m3star_graph_action_value_xgboost_v0.3,m3star_graph_action_value_xgboost_v0.3,m3star_graph_action_value_xgboost_v0.3,8.0,0,1,1,0,development,0,3,0.0,G1_technique,0.25,0,G1_technique,1,0,1,1,1,1,,8,1,0.0,,0.0,0,0,1,G1_technique,G1_technique,m3star_graph_transition_xgboost_v0.1,0
C12-witfoo-precinct6-f10c7270,discriminative,0.2,37,project05_xgboost_policy,1,0.0,0,,0.0,0.0,0,0,0,,,,8.0,0,1,1,,development,0,3,0.0,G1_technique,0.25,0,G1_technique,1,0,,,,,,,,0.0,,0.0,0,0,,G1_technique,G1_technique,,0
C12-witfoo-precinct6-f10c7270,discriminative,0.2,37,project05_m3b_policy,1,0.0,0,,0.0,0.0,0,0,0,,,,8.0,0,1,1,,development,0,3,0.0,G1_technique,0.25,0,G1_technique,1,0,,,,,,,,0.0,,0.0,0,0,,G1_technique,G1_technique,,0
C12-witfoo-precinct6-f10c7270,discriminative,0.2,37,project05_m2,1,0.0,0,,0.0,0.0,0,0,0,,,,8.0,0,1,1,,development,0,3,0.0,G1_technique,0.25,0,G1_technique,1,0,,,,,,,,0.0,,0.0,0,0,,G1_technique,G1_technique,,0
C12-witfoo-precinct6-f10c7270,discriminative,0.2,37,oracle_optimal,1,0.0,0,,0.0,0.0,0,0,0,,,,8.0,0,1,1,,development,0,3,0.0,G1_technique,0.25,0,G1_technique,1,0,,,,,,,,0.0,,0.0,0,0,,G1_technique,G1_technique,,0
C12-witfoo-precinct6-f10c7270,discriminative,0.2,41,project05_m3star_h3_dual,1,0.0,0,,0.0,0.0,0,0,0,m3star_graph_action_value_xgboost_v0.3,m3star_graph_action_value_xgboost_v0.3,m3star_graph_action_value_xgboost_v0.3,8.0,0,1,1,0,development,0,3,0.0,G1_technique,0.25,0,G1_technique,1,0,1,3,1,1,,8,1,0.0,,0.0,0,0,1,G1_technique,G1_technique,m3star_graph_transition_xgboost_v0.1,0
C12-witfoo-precinct6-f10c7270,discriminative,0.2,41,project05_m3star_h3_no_dominance_dual,1,0.0,0,,0.0,0.0,0,0,0,m3star_graph_action_value_xgboost_v0.3,m3star_graph_action_value_xgboost_v0.3,m3star_graph_action_value_xgboost_v0.3,8.0,0,1,1,0,development,0,3,0.0,G1_technique,0.25,0,G1_technique,1,0,1,3,0,1,,8,1,0.0,,0.0,0,0,0,G1_technique,G1_technique,m3star_graph_transition_xgboost_v0.1,0
C12-witfoo-precinct6-f10c7270,discriminative,0.2,41,project05_m3star_h3_unshielded_dual,1,0.0,0,,0.0,0.0,0,0,0,m3star_graph_action_value_xgboost_v0.3,m3star_graph_action_value_xgboost_v0.3,m3star_graph_action_value_xgboost_v0.3,8.0,0,1,1,0,development,0,3,0.0,G1_technique,0.25,0,G1_technique,1,0,0,3,1,1,,8,0,0.0,,0.0,0,0,1,G1_technique,G1_technique,m3star_graph_transition_xgboost_v0.1,0
C12-witfoo-precinct6-f10c7270,discriminative,0.2,41,project05_m3star_h3_transition_only,1,0.0,0,,0.0,0.0,0,0,0,none,none,none,8.0,0,1,1,0,development,0,3,0.0,G1_technique,0.25,0,G1_technique,1,0,1,3,1,0,,8,1,0.0,,0.0,0,0,1,G1_technique,G1_technique,m3star_graph_transition_xgboost_v0.1,0
C12-witfoo-precinct6-f10c7270,discriminative,0.2,41,project05_m3star_h1_dual,1,0.0,0,,0.0,0.0,0,0,0,m3star_graph_action_value_xgboost_v0.3,m3star_graph_action_value_xgboost_v0.3,m3star_graph_action_value_xgboost_v0.3,8.0,0,1,1,0,development,0,3,0.0,G1_technique,0.25,0,G1_technique,1,0,1,1,1,1,,8,1,0.0,,0.0,0,0,1,G1_technique,G1_technique,m3star_graph_transition_xgboost_v0.1,0
C12-witfoo-precinct6-f10c7270,discriminative,0.2,41,project05_xgboost_policy,1,0.0,0,,0.0,0.0,0,0,0,,,,8.0,0,1,1,,development,0,3,0.0,G1_technique,0.25,0,G1_technique,1,0,,,,,,,,0.0,,0.0,0,0,,G1_technique,G1_technique,,0
C12-witfoo-precinct6-f10c7270,discriminative,0.2,41,project05_m3b_policy,1,0.0,0,,0.0,0.0,0,0,0,,,,8.0,0,1,1,,development,0,3,0.0,G1_technique,0.25,0,G1_technique,1,0,,,,,,,,0.0,,0.0,0,0,,G1_technique,G1_technique,,0
C12-witfoo-precinct6-f10c7270,discriminative,0.2,41,project05_m2,1,0.0,0,,0.0,0.0,0,0,0,,,,8.0,0,1,1,,development,0,3,0.0,G1_technique,0.25,0,G1_technique,1,0,,,,,,,,0.0,,0.0,0,0,,G1_technique,G1_technique,,0
C12-witfoo-precinct6-f10c7270,discriminative,0.2,41,oracle_optimal,1,0.0,0,,0.0,0.0,0,0,0,,,,8.0,0,1,1,,development,0,3,0.0,G1_technique,0.25,0,G1_technique,1,0,,,,,,,,0.0,,0.0,0,0,,G1_technique,G1_technique,,0
C12-witfoo-precinct6-f10c7270,discriminative,0.2,53,project05_m3star_h3_dual,1,0.0,0,,0.0,0.0,0,0,0,m3star_graph_action_value_xgboost_v0.3,m3star_graph_action_value_xgboost_v0.3,m3star_graph_action_value_xgboost_v0.3,8.0,0,1,1,0,development,0,3,0.0,G1_technique,0.25,0,G1_technique,1,0,1,3,1,1,,8,1,0.0,,0.0,0,0,1,G1_technique,G1_technique,m3star_graph_transition_xgboost_v0.1,0
C12-witfoo-precinct6-f10c7270,discriminative,0.2,53,project05_m3star_h3_no_dominance_dual,1,0.0,0,,0.0,0.0,0,0,0,m3star_graph_action_value_xgboost_v0.3,m3star_graph_action_value_xgboost_v0.3,m3star_graph_action_value_xgboost_v0.3,8.0,0,1,1,0,development,0,3,0.0,G1_technique,0.25,0,G1_technique,1,0,1,3,0,1,,8,1,0.0,,0.0,0,0,0,G1_technique,G1_technique,m3star_graph_transition_xgboost_v0.1,0
C12-witfoo-precinct6-f10c7270,discriminative,0.2,53,project05_m3star_h3_unshielded_dual,1,0.0,0,,0.0,0.0,0,0,0,m3star_graph_action_value_xgboost_v0.3,m3star_graph_action_value_xgboost_v0.3,m3star_graph_action_value_xgboost_v0.3,8.0,0,1,1,0,development,0,3,0.0,G1_technique,0.25,0,G1_technique,1,0,0,3,1,1,,8,0,0.0,,0.0,0,0,1,G1_technique,G1_technique,m3star_graph_transition_xgboost_v0.1,0
C12-witfoo-precinct6-f10c7270,discriminative,0.2,53,project05_m3star_h3_transition_only,1,0.0,0,,0.0,0.0,0,0,0,none,none,none,8.0,0,1,1,0,development,0,3,0.0,G1_technique,0.25,0,G1_technique,1,0,1,3,1,0,,8,1,0.0,,0.0,0,0,1,G1_technique,G1_technique,m3star_graph_transition_xgboost_v0.1,0
C12-witfoo-precinct6-f10c7270,discriminative,0.2,53,project05_m3star_h1_dual,1,0.0,0,,0.0,0.0,0,0,0,m3star_graph_action_value_xgboost_v0.3,m3star_graph_action_value_xgboost_v0.3,m3star_graph_action_value_xgboost_v0.3,8.0,0,1,1,0,development,0,3,0.0,G1_technique,0.25,0,G1_technique,1,0,1,1,1,1,,8,1,0.0,,0.0,0,0,1,G1_technique,G1_technique,m3star_graph_transition_xgboost_v0.1,0
C12-witfoo-precinct6-f10c7270,discriminative,0.2,53,project05_xgboost_policy,1,0.0,0,,0.0,0.0,0,0,0,,,,8.0,0,1,1,,development,0,3,0.0,G1_technique,0.25,0,G1_technique,1,0,,,,,,,,0.0,,0.0,0,0,,G1_technique,G1_technique,,0
C12-witfoo-precinct6-f10c7270,discriminative,0.2,53,project05_m3b_policy,1,0.0,0,,0.0,0.0,0,0,0,,,,8.0,0,1,1,,development,0,3,0.0,G1_technique,0.25,0,G1_technique,1,0,,,,,,,,0.0,,0.0,0,0,,G1_technique,G1_technique,,0
C12-witfoo-precinct6-f10c7270,discriminative,0.2,53,project05_m2,1,0.0,0,,0.0,0.0,0,0,0,,,,8.0,0,1,1,,development,0,3,0.0,G1_technique,0.25,0,G1_technique,1,0,,,,,,,,0.0,,0.0,0,0,,G1_technique,G1_technique,,0
C12-witfoo-precinct6-f10c7270,discriminative,0.2,53,oracle_optimal,1,0.0,0,,0.0,0.0,0,0,0,,,,8.0,0,1,1,,development,0,3,0.0,G1_technique,0.25,0,G1_technique,1,0,,,,,,,,0.0,,0.0,0,0,,G1_technique,G1_technique,,0
C12-witfoo-precinct6-f10c7270,discriminative,0.4,11,project05_m3star_h3_dual,1,0.0,0,,0.0,0.0,0,0,0,m3star_graph_action_value_xgboost_v0.3,m3star_graph_action_value_xgboost_v0.3,m3star_graph_action_value_xgboost_v0.3,8.0,0,1,1,0,development,0,3,0.0,G1_technique,0.25,0,G1_technique,2,0,1,3,1,1,,8,1,0.0,,0.0,0,0,1,G1_technique,G1_technique,m3star_graph_transition_xgboost_v0.1,0
C12-witfoo-precinct6-f10c7270,discriminative,0.4,11,project05_m3star_h3_no_dominance_dual,1,0.0,0,,0.0,0.0,0,0,0,m3star_graph_action_value_xgboost_v0.3,m3star_graph_action_value_xgboost_v0.3,m3star_graph_action_value_xgboost_v0.3,8.0,0,1,1,0,development,0,3,0.0,G1_technique,0.25,0,G1_technique,2,0,1,3,0,1,,8,1,0.0,,0.0,0,0,0,G1_technique,G1_technique,m3star_graph_transition_xgboost_v0.1,0
C12-witfoo-precinct6-f10c7270,discriminative,0.4,11,project05_m3star_h3_unshielded_dual,1,0.0,0,,0.0,0.0,0,0,0,m3star_graph_action_value_xgboost_v0.3,m3star_graph_action_value_xgboost_v0.3,m3star_graph_action_value_xgboost_v0.3,8.0,0,1,1,0,development,0,3,0.0,G1_technique,0.25,0,G1_technique,2,0,0,3,1,1,,8,0,0.0,,0.0,0,0,1,G1_technique,G1_technique,m3star_graph_transition_xgboost_v0.1,0
C12-witfoo-precinct6-f10c7270,discriminative,0.4,11,project05_m3star_h3_transition_only,1,0.0,0,,0.0,0.0,0,0,0,none,none,none,8.0,0,1,1,0,development,0,3,0.0,G1_technique,0.25,0,G1_technique,2,0,1,3,1,0,,8,1,0.0,,0.0,0,0,1,G1_technique,G1_technique,m3star_graph_transition_xgboost_v0.1,0
C12-witfoo-precinct6-f10c7270,discriminative,0.4,11,project05_m3star_h1_dual,1,0.0,0,,0.0,0.0,0,0,0,m3star_graph_action_value_xgboost_v0.3,m3star_graph_action_value_xgboost_v0.3,m3star_graph_action_value_xgboost_v0.3,8.0,0,1,1,0,development,0,3,0.0,G1_technique,0.25,0,G1_technique,2,0,1,1,1,1,,8,1,0.0,,0.0,0,0,1,G1_technique,G1_technique,m3star_graph_transition_xgboost_v0.1,0
C12-witfoo-precinct6-f10c7270,discriminative,0.4,11,project05_xgboost_policy,1,0.0,0,,0.0,0.0,0,0,0,,,,8.0,0,1,1,,development,0,3,0.0,G1_technique,0.25,0,G1_technique,2,0,,,,,,,,0.0,,0.0,0,0,,G1_technique,G1_technique,,0
C12-witfoo-precinct6-f10c7270,discriminative,0.4,11,project05_m3b_policy,1,0.0,0,,0.0,0.0,0,0,0,,,,8.0,0,1,1,,development,0,3,0.0,G1_technique,0.25,0,G1_technique,2,0,,,,,,,,0.0,,0.0,0,0,,G1_technique,G1_technique,,0
C12-witfoo-precinct6-f10c7270,discriminative,0.4,11,project05_m2,1,0.0,0,,0.0,0.0,0,0,0,,,,8.0,0,1,1,,development,0,3,0.0,G1_technique,0.25,0,G1_technique,2,0,,,,,,,,0.0,,0.0,0,0,,G1_technique,G1_technique,,0
C12-witfoo-precinct6-f10c7270,discriminative,0.4,11,oracle_optimal,1,0.0,0,,0.0,0.0,0,0,0,,,,8.0,0,1,1,,development,0,3,0.0,G1_technique,0.25,0,G1_technique,2,0,,,,,,,,0.0,,0.0,0,0,,G1_technique,G1_technique,,0
C12-witfoo-precinct6-f10c7270,discriminative,0.4,23,project05_m3star_h3_dual,1,0.0,0,,0.0,0.0,0,0,0,m3star_graph_action_value_xgboost_v0.3,m3star_graph_action_value_xgboost_v0.3,m3star_graph_action_value_xgboost_v0.3,8.0,0,1,1,0,development,0,3,0.0,G1_technique,0.25,0,G1_technique,2,0,1,3,1,1,,8,1,0.0,,0.0,0,0,1,G1_technique,G1_technique,m3star_graph_transition_xgboost_v0.1,0
C12-witfoo-precinct6-f10c7270,discriminative,0.4,23,project05_m3star_h3_no_dominance_dual,1,0.0,0,,0.0,0.0,0,0,0,m3star_graph_action_value_xgboost_v0.3,m3star_graph_action_value_xgboost_v0.3,m3star_graph_action_value_xgboost_v0.3,8.0,0,1,1,0,development,0,3,0.0,G1_technique,0.25,0,G1_technique,2,0,1,3,0,1,,8,1,0.0,,0.0,0,0,0,G1_technique,G1_technique,m3star_graph_transition_xgboost_v0.1,0
C12-witfoo-precinct6-f10c7270,discriminative,0.4,23,project05_m3star_h3_unshielded_dual,1,0.0,0,,0.0,0.0,0,0,0,m3star_graph_action_value_xgboost_v0.3,m3star_graph_action_value_xgboost_v0.3,m3star_graph_action_value_xgboost_v0.3,8.0,0,1,1,0,development,0,3,0.0,G1_technique,0.25,0,G1_technique,2,0,0,3,1,1,,8,0,0.0,,0.0,0,0,1,G1_technique,G1_technique,m3star_graph_transition_xgboost_v0.1,0
C12-witfoo-precinct6-f10c7270,discriminative,0.4,23,project05_m3star_h3_transition_only,1,0.0,0,,0.0,0.0,0,0,0,none,none,none,8.0,0,1,1,0,development,0,3,0.0,G1_technique,0.25,0,G1_technique,2,0,1,3,1,0,,8,1,0.0,,0.0,0,0,1,G1_technique,G1_technique,m3star_graph_transition_xgboost_v0.1,0
C12-witfoo-precinct6-f10c7270,discriminative,0.4,23,project05_m3star_h1_dual,1,0.0,0,,0.0,0.0,0,0,0,m3star_graph_action_value_xgboost_v0.3,m3star_graph_action_value_xgboost_v0.3,m3star_graph_action_value_xgboost_v0.3,8.0,0,1,1,0,development,0,3,0.0,G1_technique,0.25,0,G1_technique,2,0,1,1,1,1,,8,1,0.0,,0.0,0,0,1,G1_technique,G1_technique,m3star_graph_transition_xgboost_v0.1,0
C12-witfoo-precinct6-f10c7270,discriminative,0.4,23,project05_xgboost_policy,1,0.0,0,,0.0,0.0,0,0,0,,,,8.0,0,1,1,,development,0,3,0.0,G1_technique,0.25,0,G1_technique,2,0,,,,,,,,0.0,,0.0,0,0,,G1_technique,G1_technique,,0
C12-witfoo-precinct6-f10c7270,discriminative,0.4,23,project05_m3b_policy,1,0.0,0,,0.0,0.0,0,0,0,,,,8.0,0,1,1,,development,0,3,0.0,G1_technique,0.25,0,G1_technique,2,0,,,,,,,,0.0,,0.0,0,0,,G1_technique,G1_technique,,0
C12-witfoo-precinct6-f10c7270,discriminative,0.4,23,project05_m2,1,0.0,0,,0.0,0.0,0,0,0,,,,8.0,0,1,1,,development,0,3,0.0,G1_technique,0.25,0,G1_technique,2,0,,,,,,,,0.0,,0.0,0,0,,G1_technique,G1_technique,,0
C12-witfoo-precinct6-f10c7270,discriminative,0.4,23,oracle_optimal,1,0.0,0,,0.0,0.0,0,0,0,,,,8.0,0,1,1,,development,0,3,0.0,G1_technique,0.25,0,G1_technique,2,0,,,,,,,,0.0,,0.0,0,0,,G1_technique,G1_technique,,0
C12-witfoo-precinct6-f10c7270,discriminative,0.4,37,project05_m3star_h3_dual,1,0.0,0,,0.0,0.0,0,0,0,m3star_graph_action_value_xgboost_v0.3,m3star_graph_action_value_xgboost_v0.3,m3star_graph_action_value_xgboost_v0.3,8.0,0,1,1,0,development,0,3,0.0,G1_technique,0.25,0,G1_technique,2,0,1,3,1,1,,8,1,0.0,,0.0,0,0,1,G1_technique,G1_technique,m3star_graph_transition_xgboost_v0.1,0
C12-witfoo-precinct6-f10c7270,discriminative,0.4,37,project05_m3star_h3_no_dominance_dual,1,0.0,0,,0.0,0.0,0,0,0,m3star_graph_action_value_xgboost_v0.3,m3star_graph_action_value_xgboost_v0.3,m3star_graph_action_value_xgboost_v0.3,8.0,0,1,1,0,development,0,3,0.0,G1_technique,0.25,0,G1_technique,2,0,1,3,0,1,,8,1,0.0,,0.0,0,0,0,G1_technique,G1_technique,m3star_graph_transition_xgboost_v0.1,0
C12-witfoo-precinct6-f10c7270,discriminative,0.4,37,project05_m3star_h3_unshielded_dual,1,0.0,0,,0.0,0.0,0,0,0,m3star_graph_action_value_xgboost_v0.3,m3star_graph_action_value_xgboost_v0.3,m3star_graph_action_value_xgboost_v0.3,8.0,0,1,1,0,development,0,3,0.0,G1_technique,0.25,0,G1_technique,2,0,0,3,1,1,,8,0,0.0,,0.0,0,0,1,G1_technique,G1_technique,m3star_graph_transition_xgboost_v0.1,0
C12-witfoo-precinct6-f10c7270,discriminative,0.4,37,project05_m3star_h3_transition_only,1,0.0,0,,0.0,0.0,0,0,0,none,none,none,8.0,0,1,1,0,development,0,3,0.0,G1_technique,0.25,0,G1_technique,2,0,1,3,1,0,,8,1,0.0,,0.0,0,0,1,G1_technique,G1_technique,m3star_graph_transition_xgboost_v0.1,0
C12-witfoo-precinct6-f10c7270,discriminative,0.4,37,project05_m3star_h1_dual,1,0.0,0,,0.0,0.0,0,0,0,m3star_graph_action_value_xgboost_v0.3,m3star_graph_action_value_xgboost_v0.3,m3star_graph_action_value_xgboost_v0.3,8.0,0,1,1,0,development,0,3,0.0,G1_technique,0.25,0,G1_technique,2,0,1,1,1,1,,8,1,0.0,,0.0,0,0,1,G1_technique,G1_technique,m3star_graph_transition_xgboost_v0.1,0
C12-witfoo-precinct6-f10c7270,discriminative,0.4,37,project05_xgboost_policy,1,0.0,0,,0.0,0.0,0,0,0,,,,8.0,0,1,1,,development,0,3,0.0,G1_technique,0.25,0,G1_technique,2,0,,,,,,,,0.0,,0.0,0,0,,G1_technique,G1_technique,,0
C12-witfoo-precinct6-f10c7270,discriminative,0.4,37,project05_m3b_policy,1,0.0,0,,0.0,0.0,0,0,0,,,,8.0,0,1,1,,development,0,3,0.0,G1_technique,0.25,0,G1_technique,2,0,,,,,,,,0.0,,0.0,0,0,,G1_technique,G1_technique,,0
C12-witfoo-precinct6-f10c7270,discriminative,0.4,37,project05_m2,1,0.0,0,,0.0,0.0,0,0,0,,,,8.0,0,1,1,,development,0,3,0.0,G1_technique,0.25,0,G1_technique,2,0,,,,,,,,0.0,,0.0,0,0,,G1_technique,G1_technique,,0
C12-witfoo-precinct6-f10c7270,discriminative,0.4,37,oracle_optimal,1,0.0,0,,0.0,0.0,0,0,0,,,,8.0,0,1,1,,development,0,3,0.0,G1_technique,0.25,0,G1_technique,2,0,,,,,,,,0.0,,0.0,0,0,,G1_technique,G1_technique,,0
C12-witfoo-precinct6-f10c7270,discriminative,0.4,41,project05_m3star_h3_dual,1,0.0,0,,0.0,0.0,0,0,0,m3star_graph_action_value_xgboost_v0.3,m3star_graph_action_value_xgboost_v0.3,m3star_graph_action_value_xgboost_v0.3,8.0,0,1,1,0,development,0,3,0.0,G1_technique,0.25,0,G1_technique,2,0,1,3,1,1,,8,1,0.0,,0.0,0,0,1,G1_technique,G1_technique,m3star_graph_transition_xgboost_v0.1,0
C12-witfoo-precinct6-f10c7270,discriminative,0.4,41,project05_m3star_h3_no_dominance_dual,1,0.0,0,,0.0,0.0,0,0,0,m3star_graph_action_value_xgboost_v0.3,m3star_graph_action_value_xgboost_v0.3,m3star_graph_action_value_xgboost_v0.3,8.0,0,1,1,0,development,0,3,0.0,G1_technique,0.25,0,G1_technique,2,0,1,3,0,1,,8,1,0.0,,0.0,0,0,0,G1_technique,G1_technique,m3star_graph_transition_xgboost_v0.1,0
C12-witfoo-precinct6-f10c7270,discriminative,0.4,41,project05_m3star_h3_unshielded_dual,1,0.0,0,,0.0,0.0,0,0,0,m3star_graph_action_value_xgboost_v0.3,m3star_graph_action_value_xgboost_v0.3,m3star_graph_action_value_xgboost_v0.3,8.0,0,1,1,0,development,0,3,0.0,G1_technique,0.25,0,G1_technique,2,0,0,3,1,1,,8,0,0.0,,0.0,0,0,1,G1_technique,G1_technique,m3star_graph_transition_xgboost_v0.1,0
C12-witfoo-precinct6-f10c7270,discriminative,0.4,41,project05_m3star_h3_transition_only,1,0.0,0,,0.0,0.0,0,0,0,none,none,none,8.0,0,1,1,0,development,0,3,0.0,G1_technique,0.25,0,G1_technique,2,0,1,3,1,0,,8,1,0.0,,0.0,0,0,1,G1_technique,G1_technique,m3star_graph_transition_xgboost_v0.1,0
C12-witfoo-precinct6-f10c7270,discriminative,0.4,41,project05_m3star_h1_dual,1,0.0,0,,0.0,0.0,0,0,0,m3star_graph_action_value_xgboost_v0.3,m3star_graph_action_value_xgboost_v0.3,m3star_graph_action_value_xgboost_v0.3,8.0,0,1,1,0,development,0,3,0.0,G1_technique,0.25,0,G1_technique,2,0,1,1,1,1,,8,1,0.0,,0.0,0,0,1,G1_technique,G1_technique,m3star_graph_transition_xgboost_v0.1,0
C12-witfoo-precinct6-f10c7270,discriminative,0.4,41,project05_xgboost_policy,1,0.0,0,,0.0,0.0,0,0,0,,,,8.0,0,1,1,,development,0,3,0.0,G1_technique,0.25,0,G1_technique,2,0,,,,,,,,0.0,,0.0,0,0,,G1_technique,G1_technique,,0
C12-witfoo-precinct6-f10c7270,discriminative,0.4,41,project05_m3b_policy,1,0.0,0,,0.0,0.0,0,0,0,,,,8.0,0,1,1,,development,0,3,0.0,G1_technique,0.25,0,G1_technique,2,0,,,,,,,,0.0,,0.0,0,0,,G1_technique,G1_technique,,0
C12-witfoo-precinct6-f10c7270,discriminative,0.4,41,project05_m2,1,0.0,0,,0.0,0.0,0,0,0,,,,8.0,0,1,1,,development,0,3,0.0,G1_technique,0.25,0,G1_technique,2,0,,,,,,,,0.0,,0.0,0,0,,G1_technique,G1_technique,,0
C12-witfoo-precinct6-f10c7270,discriminative,0.4,41,oracle_optimal,1,0.0,0,,0.0,0.0,0,0,0,,,,8.0,0,1,1,,development,0,3,0.0,G1_technique,0.25,0,G1_technique,2,0,,,,,,,,0.0,,0.0,0,0,,G1_technique,G1_technique,,0
C12-witfoo-precinct6-f10c7270,discriminative,0.4,53,project05_m3star_h3_dual,1,0.0,0,,0.0,0.0,0,0,0,m3star_graph_action_value_xgboost_v0.3,m3star_graph_action_value_xgboost_v0.3,m3star_graph_action_value_xgboost_v0.3,8.0,0,1,1,0,development,0,3,0.0,G1_technique,0.25,0,G1_technique,2,0,1,3,1,1,,8,1,0.0,,0.0,0,0,1,G1_technique,G1_technique,m3star_graph_transition_xgboost_v0.1,0
C12-witfoo-precinct6-f10c7270,discriminative,0.4,53,project05_m3star_h3_no_dominance_dual,1,0.0,0,,0.0,0.0,0,0,0,m3star_graph_action_value_xgboost_v0.3,m3star_graph_action_value_xgboost_v0.3,m3star_graph_action_value_xgboost_v0.3,8.0,0,1,1,0,development,0,3,0.0,G1_technique,0.25,0,G1_technique,2,0,1,3,0,1,,8,1,0.0,,0.0,0,0,0,G1_technique,G1_technique,m3star_graph_transition_xgboost_v0.1,0
C12-witfoo-precinct6-f10c7270,discriminative,0.4,53,project05_m3star_h3_unshielded_dual,1,0.0,0,,0.0,0.0,0,0,0,m3star_graph_action_value_xgboost_v0.3,m3star_graph_action_value_xgboost_v0.3,m3star_graph_action_value_xgboost_v0.3,8.0,0,1,1,0,development,0,3,0.0,G1_technique,0.25,0,G1_technique,2,0,0,3,1,1,,8,0,0.0,,0.0,0,0,1,G1_technique,G1_technique,m3star_graph_transition_xgboost_v0.1,0
C12-witfoo-precinct6-f10c7270,discriminative,0.4,53,project05_m3star_h3_transition_only,1,0.0,0,,0.0,0.0,0,0,0,none,none,none,8.0,0,1,1,0,development,0,3,0.0,G1_technique,0.25,0,G1_technique,2,0,1,3,1,0,,8,1,0.0,,0.0,0,0,1,G1_technique,G1_technique,m3star_graph_transition_xgboost_v0.1,0
C12-witfoo-precinct6-f10c7270,discriminative,0.4,53,project05_m3star_h1_dual,1,0.0,0,,0.0,0.0,0,0,0,m3star_graph_action_value_xgboost_v0.3,m3star_graph_action_value_xgboost_v0.3,m3star_graph_action_value_xgboost_v0.3,8.0,0,1,1,0,development,0,3,0.0,G1_technique,0.25,0,G1_technique,2,0,1,1,1,1,,8,1,0.0,,0.0,0,0,1,G1_technique,G1_technique,m3star_graph_transition_xgboost_v0.1,0
C12-witfoo-precinct6-f10c7270,discriminative,0.4,53,project05_xgboost_policy,1,0.0,0,,0.0,0.0,0,0,0,,,,8.0,0,1,1,,development,0,3,0.0,G1_technique,0.25,0,G1_technique,2,0,,,,,,,,0.0,,0.0,0,0,,G1_technique,G1_technique,,0
C12-witfoo-precinct6-f10c7270,discriminative,0.4,53,project05_m3b_policy,1,0.0,0,,0.0,0.0,0,0,0,,,,8.0,0,1,1,,development,0,3,0.0,G1_technique,0.25,0,G1_technique,2,0,,,,,,,,0.0,,0.0,0,0,,G1_technique,G1_technique,,0
C12-witfoo-precinct6-f10c7270,discriminative,0.4,53,project05_m2,1,0.0,0,,0.0,0.0,0,0,0,,,,8.0,0,1,1,,development,0,3,0.0,G1_technique,0.25,0,G1_technique,2,0,,,,,,,,0.0,,0.0,0,0,,G1_technique,G1_technique,,0
C12-witfoo-precinct6-f10c7270,discriminative,0.4,53,oracle_optimal,1,0.0,0,,0.0,0.0,0,0,0,,,,8.0,0,1,1,,development,0,3,0.0,G1_technique,0.25,0,G1_technique,2,0,,,,,,,,0.0,,0.0,0,0,,G1_technique,G1_technique,,0
C12-witfoo-precinct6-f10c7270,discriminative,0.6,11,project05_m3star_h3_dual,1,3.0,2,C12-AA-002|C12-AA-001,3.0,0.0,0,0,0,m3star_graph_action_value_xgboost_v0.3,m3star_graph_action_value_xgboost_v0.3,m3star_graph_action_value_xgboost_v0.3,8.0,0,1,1,0,development,0,3,0.0,G1_technique,0.25,1,G0_unknown,3,0,1,3,1,1,,8,1,3.0,C12-AA-001,0.3636,2,2,1,G1_technique,G1_technique,m3star_graph_transition_xgboost_v0.1,0
C12-witfoo-precinct6-f10c7270,discriminative,0.6,11,project05_m3star_h3_no_dominance_dual,1,3.0,2,C12-AA-002|C12-AA-001,3.0,0.0,0,0,0,m3star_graph_action_value_xgboost_v0.3,m3star_graph_action_value_xgboost_v0.3,m3star_graph_action_value_xgboost_v0.3,8.0,0,1,1,0,development,0,3,0.0,G1_technique,0.25,1,G0_unknown,3,0,1,3,0,1,,8,1,3.0,C12-AA-001,0.3636,2,2,0,G1_technique,G1_technique,m3star_graph_transition_xgboost_v0.1,0
C12-witfoo-precinct6-f10c7270,discriminative,0.6,11,project05_m3star_h3_unshielded_dual,1,3.0,2,C12-AA-002|C12-AA-001,3.0,0.0,0,0,0,m3star_graph_action_value_xgboost_v0.3,m3star_graph_action_value_xgboost_v0.3,m3star_graph_action_value_xgboost_v0.3,8.0,0,1,1,0,development,0,3,0.0,G1_technique,0.25,1,G0_unknown,3,0,0,3,1,1,,8,0,3.0,C12-AA-001,0.3636,2,2,1,G1_technique,G1_technique,m3star_graph_transition_xgboost_v0.1,0
C12-witfoo-precinct6-f10c7270,discriminative,0.6,11,project05_m3star_h3_transition_only,1,3.0,2,C12-AA-002|C12-AA-001,3.0,0.0,0,0,0,none,none,none,8.0,0,1,1,0,development,0,3,0.0,G1_technique,0.25,1,G0_unknown,3,0,1,3,1,0,,8,1,3.0,C12-AA-001,0.3636,2,2,1,G1_technique,G1_technique,m3star_graph_transition_xgboost_v0.1,0
C12-witfoo-precinct6-f10c7270,discriminative,0.6,11,project05_m3star_h1_dual,1,3.0,2,C12-AA-002|C12-AA-001,3.0,0.0,0,0,0,m3star_graph_action_value_xgboost_v0.3,m3star_graph_action_value_xgboost_v0.3,m3star_graph_action_value_xgboost_v0.3,8.0,0,1,1,0,development,0,3,0.0,G1_technique,0.25,1,G0_unknown,3,0,1,1,1,1,,8,1,3.0,C12-AA-001,0.3636,2,2,1,G1_technique,G1_technique,m3star_graph_transition_xgboost_v0.1,0
C12-witfoo-precinct6-f10c7270,discriminative,0.6,11,project05_xgboost_policy,1,3.0,2,C12-AA-001|C12-AA-002,3.0,0.0,1,0,0,,,,8.0,0,1,1,,development,0,3,0.0,G1_technique,0.25,1,G0_unknown,3,0,,,,,,,,3.0,C12-AA-001,0.1818,2,2,,G1_technique,G1_technique,,0
C12-witfoo-precinct6-f10c7270,discriminative,0.6,11,project05_m3b_policy,1,3.0,2,C12-AA-002|C12-AA-001,3.0,0.0,0,0,0,,,,8.0,0,1,1,,development,0,3,0.0,G1_technique,0.25,1,G0_unknown,3,0,,,,,,,,3.0,C12-AA-001,0.3636,2,2,,G1_technique,G1_technique,,0
C12-witfoo-precinct6-f10c7270,discriminative,0.6,11,project05_m2,1,5.0,2,C12-AA-001|C12-AA-003,5.0,2.0,1,0,0,,,,8.0,0,1,1,,development,0,2,0.3333,G1_technique,0.5,1,G0_unknown,3,0,,,,,,,,3.0,C12-AA-001,0.5,2,2,,G1_technique,G1_technique,,0
C12-witfoo-precinct6-f10c7270,discriminative,0.6,11,oracle_optimal,1,3.0,2,C12-AA-001|C12-AA-002,3.0,0.0,1,0,0,,,,8.0,0,1,1,,development,0,3,0.0,G1_technique,0.25,1,G0_unknown,3,0,,,,,,,,3.0,C12-AA-001,0.1818,2,2,,G1_technique,G1_technique,,0
C12-witfoo-precinct6-f10c7270,discriminative,0.6,23,project05_m3star_h3_dual,1,3.0,2,C12-AA-002|C12-AA-001,3.0,0.0,0,0,0,m3star_graph_action_value_xgboost_v0.3,m3star_graph_action_value_xgboost_v0.3,m3star_graph_action_value_xgboost_v0.3,8.0,0,1,1,0,development,0,3,0.0,G1_technique,0.25,1,G0_unknown,3,0,1,3,1,1,,8,1,3.0,C12-AA-001,0.3636,2,2,1,G1_technique,G1_technique,m3star_graph_transition_xgboost_v0.1,0
C12-witfoo-precinct6-f10c7270,discriminative,0.6,23,project05_m3star_h3_no_dominance_dual,1,3.0,2,C12-AA-002|C12-AA-001,3.0,0.0,0,0,0,m3star_graph_action_value_xgboost_v0.3,m3star_graph_action_value_xgboost_v0.3,m3star_graph_action_value_xgboost_v0.3,8.0,0,1,1,0,development,0,3,0.0,G1_technique,0.25,1,G0_unknown,3,0,1,3,0,1,,8,1,3.0,C12-AA-001,0.3636,2,2,0,G1_technique,G1_technique,m3star_graph_transition_xgboost_v0.1,0
C12-witfoo-precinct6-f10c7270,discriminative,0.6,23,project05_m3star_h3_unshielded_dual,1,3.0,2,C12-AA-002|C12-AA-001,3.0,0.0,0,0,0,m3star_graph_action_value_xgboost_v0.3,m3star_graph_action_value_xgboost_v0.3,m3star_graph_action_value_xgboost_v0.3,8.0,0,1,1,0,development,0,3,0.0,G1_technique,0.25,1,G0_unknown,3,0,0,3,1,1,,8,0,3.0,C12-AA-001,0.3636,2,2,1,G1_technique,G1_technique,m3star_graph_transition_xgboost_v0.1,0
C12-witfoo-precinct6-f10c7270,discriminative,0.6,23,project05_m3star_h3_transition_only,1,3.0,2,C12-AA-002|C12-AA-001,3.0,0.0,0,0,0,none,none,none,8.0,0,1,1,0,development,0,3,0.0,G1_technique,0.25,1,G0_unknown,3,0,1,3,1,0,,8,1,3.0,C12-AA-001,0.3636,2,2,1,G1_technique,G1_technique,m3star_graph_transition_xgboost_v0.1,0
C12-witfoo-precinct6-f10c7270,discriminative,0.6,23,project05_m3star_h1_dual,1,3.0,2,C12-AA-002|C12-AA-001,3.0,0.0,0,0,0,m3star_graph_action_value_xgboost_v0.3,m3star_graph_action_value_xgboost_v0.3,m3star_graph_action_value_xgboost_v0.3,8.0,0,1,1,0,development,0,3,0.0,G1_technique,0.25,1,G0_unknown,3,0,1,1,1,1,,8,1,3.0,C12-AA-001,0.3636,2,2,1,G1_technique,G1_technique,m3star_graph_transition_xgboost_v0.1,0
C12-witfoo-precinct6-f10c7270,discriminative,0.6,23,project05_xgboost_policy,1,3.0,2,C12-AA-001|C12-AA-002,3.0,0.0,1,0,0,,,,8.0,0,1,1,,development,0,3,0.0,G1_technique,0.25,1,G0_unknown,3,0,,,,,,,,3.0,C12-AA-001,0.1818,2,2,,G1_technique,G1_technique,,0
C12-witfoo-precinct6-f10c7270,discriminative,0.6,23,project05_m3b_policy,1,3.0,2,C12-AA-002|C12-AA-001,3.0,0.0,0,0,0,,,,8.0,0,1,1,,development,0,3,0.0,G1_technique,0.25,1,G0_unknown,3,0,,,,,,,,3.0,C12-AA-001,0.3636,2,2,,G1_technique,G1_technique,,0
C12-witfoo-precinct6-f10c7270,discriminative,0.6,23,project05_m2,1,5.0,2,C12-AA-001|C12-AA-003,5.0,2.0,1,0,0,,,,8.0,0,1,1,,development,0,2,0.3333,G1_technique,0.5,1,G0_unknown,3,0,,,,,,,,3.0,C12-AA-001,0.5,2,2,,G1_technique,G1_technique,,0
C12-witfoo-precinct6-f10c7270,discriminative,0.6,23,oracle_optimal,1,3.0,2,C12-AA-001|C12-AA-002,3.0,0.0,1,0,0,,,,8.0,0,1,1,,development,0,3,0.0,G1_technique,0.25,1,G0_unknown,3,0,,,,,,,,3.0,C12-AA-001,0.1818,2,2,,G1_technique,G1_technique,,0
C12-witfoo-precinct6-f10c7270,discriminative,0.6,37,project05_m3star_h3_dual,1,3.0,2,C12-AA-002|C12-AA-001,3.0,0.0,0,0,0,m3star_graph_action_value_xgboost_v0.3,m3star_graph_action_value_xgboost_v0.3,m3star_graph_action_value_xgboost_v0.3,8.0,0,1,1,0,development,0,3,0.0,G1_technique,0.25,1,G0_unknown,3,0,1,3,1,1,,8,1,3.0,C12-AA-001,0.3636,2,2,1,G1_technique,G1_technique,m3star_graph_transition_xgboost_v0.1,0
C12-witfoo-precinct6-f10c7270,discriminative,0.6,37,project05_m3star_h3_no_dominance_dual,1,3.0,2,C12-AA-002|C12-AA-001,3.0,0.0,0,0,0,m3star_graph_action_value_xgboost_v0.3,m3star_graph_action_value_xgboost_v0.3,m3star_graph_action_value_xgboost_v0.3,8.0,0,1,1,0,development,0,3,0.0,G1_technique,0.25,1,G0_unknown,3,0,1,3,0,1,,8,1,3.0,C12-AA-001,0.3636,2,2,0,G1_technique,G1_technique,m3star_graph_transition_xgboost_v0.1,0
C12-witfoo-precinct6-f10c7270,discriminative,0.6,37,project05_m3star_h3_unshielded_dual,1,3.0,2,C12-AA-002|C12-AA-001,3.0,0.0,0,0,0,m3star_graph_action_value_xgboost_v0.3,m3star_graph_action_value_xgboost_v0.3,m3star_graph_action_value_xgboost_v0.3,8.0,0,1,1,0,development,0,3,0.0,G1_technique,0.25,1,G0_unknown,3,0,0,3,1,1,,8,0,3.0,C12-AA-001,0.3636,2,2,1,G1_technique,G1_technique,m3star_graph_transition_xgboost_v0.1,0
C12-witfoo-precinct6-f10c7270,discriminative,0.6,37,project05_m3star_h3_transition_only,1,3.0,2,C12-AA-002|C12-AA-001,3.0,0.0,0,0,0,none,none,none,8.0,0,1,1,0,development,0,3,0.0,G1_technique,0.25,1,G0_unknown,3,0,1,3,1,0,,8,1,3.0,C12-AA-001,0.3636,2,2,1,G1_technique,G1_technique,m3star_graph_transition_xgboost_v0.1,0
C12-witfoo-precinct6-f10c7270,discriminative,0.6,37,project05_m3star_h1_dual,1,3.0,2,C12-AA-002|C12-AA-001,3.0,0.0,0,0,0,m3star_graph_action_value_xgboost_v0.3,m3star_graph_action_value_xgboost_v0.3,m3star_graph_action_value_xgboost_v0.3,8.0,0,1,1,0,development,0,3,0.0,G1_technique,0.25,1,G0_unknown,3,0,1,1,1,1,,8,1,3.0,C12-AA-001,0.3636,2,2,1,G1_technique,G1_technique,m3star_graph_transition_xgboost_v0.1,0
C12-witfoo-precinct6-f10c7270,discriminative,0.6,37,project05_xgboost_policy,1,3.0,2,C12-AA-001|C12-AA-002,3.0,0.0,1,0,0,,,,8.0,0,1,1,,development,0,3,0.0,G1_technique,0.25,1,G0_unknown,3,0,,,,,,,,3.0,C12-AA-001,0.1818,2,2,,G1_technique,G1_technique,,0
C12-witfoo-precinct6-f10c7270,discriminative,0.6,37,project05_m3b_policy,1,3.0,2,C12-AA-002|C12-AA-001,3.0,0.0,0,0,0,,,,8.0,0,1,1,,development,0,3,0.0,G1_technique,0.25,1,G0_unknown,3,0,,,,,,,,3.0,C12-AA-001,0.3636,2,2,,G1_technique,G1_technique,,0
C12-witfoo-precinct6-f10c7270,discriminative,0.6,37,project05_m2,1,5.0,2,C12-AA-001|C12-AA-003,5.0,2.0,1,0,0,,,,8.0,0,1,1,,development,0,2,0.3333,G1_technique,0.5,1,G0_unknown,3,0,,,,,,,,3.0,C12-AA-001,0.5,2,2,,G1_technique,G1_technique,,0
C12-witfoo-precinct6-f10c7270,discriminative,0.6,37,oracle_optimal,1,3.0,2,C12-AA-001|C12-AA-002,3.0,0.0,1,0,0,,,,8.0,0,1,1,,development,0,3,0.0,G1_technique,0.25,1,G0_unknown,3,0,,,,,,,,3.0,C12-AA-001,0.1818,2,2,,G1_technique,G1_technique,,0
C12-witfoo-precinct6-f10c7270,discriminative,0.6,41,project05_m3star_h3_dual,1,3.0,2,C12-AA-002|C12-AA-001,3.0,0.0,0,0,0,m3star_graph_action_value_xgboost_v0.3,m3star_graph_action_value_xgboost_v0.3,m3star_graph_action_value_xgboost_v0.3,8.0,0,1,1,0,development,0,3,0.0,G1_technique,0.25,1,G0_unknown,3,0,1,3,1,1,,8,1,3.0,C12-AA-001,0.3636,2,2,1,G1_technique,G1_technique,m3star_graph_transition_xgboost_v0.1,0
C12-witfoo-precinct6-f10c7270,discriminative,0.6,41,project05_m3star_h3_no_dominance_dual,1,3.0,2,C12-AA-002|C12-AA-001,3.0,0.0,0,0,0,m3star_graph_action_value_xgboost_v0.3,m3star_graph_action_value_xgboost_v0.3,m3star_graph_action_value_xgboost_v0.3,8.0,0,1,1,0,development,0,3,0.0,G1_technique,0.25,1,G0_unknown,3,0,1,3,0,1,,8,1,3.0,C12-AA-001,0.3636,2,2,0,G1_technique,G1_technique,m3star_graph_transition_xgboost_v0.1,0
C12-witfoo-precinct6-f10c7270,discriminative,0.6,41,project05_m3star_h3_unshielded_dual,1,3.0,2,C12-AA-002|C12-AA-001,3.0,0.0,0,0,0,m3star_graph_action_value_xgboost_v0.3,m3star_graph_action_value_xgboost_v0.3,m3star_graph_action_value_xgboost_v0.3,8.0,0,1,1,0,development,0,3,0.0,G1_technique,0.25,1,G0_unknown,3,0,0,3,1,1,,8,0,3.0,C12-AA-001,0.3636,2,2,1,G1_technique,G1_technique,m3star_graph_transition_xgboost_v0.1,0
C12-witfoo-precinct6-f10c7270,discriminative,0.6,41,project05_m3star_h3_transition_only,1,3.0,2,C12-AA-002|C12-AA-001,3.0,0.0,0,0,0,none,none,none,8.0,0,1,1,0,development,0,3,0.0,G1_technique,0.25,1,G0_unknown,3,0,1,3,1,0,,8,1,3.0,C12-AA-001,0.3636,2,2,1,G1_technique,G1_technique,m3star_graph_transition_xgboost_v0.1,0
C12-witfoo-precinct6-f10c7270,discriminative,0.6,41,project05_m3star_h1_dual,1,3.0,2,C12-AA-002|C12-AA-001,3.0,0.0,0,0,0,m3star_graph_action_value_xgboost_v0.3,m3star_graph_action_value_xgboost_v0.3,m3star_graph_action_value_xgboost_v0.3,8.0,0,1,1,0,development,0,3,0.0,G1_technique,0.25,1,G0_unknown,3,0,1,1,1,1,,8,1,3.0,C12-AA-001,0.3636,2,2,1,G1_technique,G1_technique,m3star_graph_transition_xgboost_v0.1,0
C12-witfoo-precinct6-f10c7270,discriminative,0.6,41,project05_xgboost_policy,1,3.0,2,C12-AA-001|C12-AA-002,3.0,0.0,1,0,0,,,,8.0,0,1,1,,development,0,3,0.0,G1_technique,0.25,1,G0_unknown,3,0,,,,,,,,3.0,C12-AA-001,0.1818,2,2,,G1_technique,G1_technique,,0
C12-witfoo-precinct6-f10c7270,discriminative,0.6,41,project05_m3b_policy,1,3.0,2,C12-AA-002|C12-AA-001,3.0,0.0,0,0,0,,,,8.0,0,1,1,,development,0,3,0.0,G1_technique,0.25,1,G0_unknown,3,0,,,,,,,,3.0,C12-AA-001,0.3636,2,2,,G1_technique,G1_technique,,0
C12-witfoo-precinct6-f10c7270,discriminative,0.6,41,project05_m2,1,5.0,2,C12-AA-001|C12-AA-003,5.0,2.0,1,0,0,,,,8.0,0,1,1,,development,0,2,0.3333,G1_technique,0.5,1,G0_unknown,3,0,,,,,,,,3.0,C12-AA-001,0.5,2,2,,G1_technique,G1_technique,,0
C12-witfoo-precinct6-f10c7270,discriminative,0.6,41,oracle_optimal,1,3.0,2,C12-AA-001|C12-AA-002,3.0,0.0,1,0,0,,,,8.0,0,1,1,,development,0,3,0.0,G1_technique,0.25,1,G0_unknown,3,0,,,,,,,,3.0,C12-AA-001,0.1818,2,2,,G1_technique,G1_technique,,0
C12-witfoo-precinct6-f10c7270,discriminative,0.6,53,project05_m3star_h3_dual,1,3.0,2,C12-AA-002|C12-AA-001,3.0,0.0,0,0,0,m3star_graph_action_value_xgboost_v0.3,m3star_graph_action_value_xgboost_v0.3,m3star_graph_action_value_xgboost_v0.3,8.0,0,1,1,0,development,0,3,0.0,G1_technique,0.25,1,G0_unknown,3,0,1,3,1,1,,8,1,3.0,C12-AA-001,0.3636,2,2,1,G1_technique,G1_technique,m3star_graph_transition_xgboost_v0.1,0
C12-witfoo-precinct6-f10c7270,discriminative,0.6,53,project05_m3star_h3_no_dominance_dual,1,3.0,2,C12-AA-002|C12-AA-001,3.0,0.0,0,0,0,m3star_graph_action_value_xgboost_v0.3,m3star_graph_action_value_xgboost_v0.3,m3star_graph_action_value_xgboost_v0.3,8.0,0,1,1,0,development,0,3,0.0,G1_technique,0.25,1,G0_unknown,3,0,1,3,0,1,,8,1,3.0,C12-AA-001,0.3636,2,2,0,G1_technique,G1_technique,m3star_graph_transition_xgboost_v0.1,0
C12-witfoo-precinct6-f10c7270,discriminative,0.6,53,project05_m3star_h3_unshielded_dual,1,3.0,2,C12-AA-002|C12-AA-001,3.0,0.0,0,0,0,m3star_graph_action_value_xgboost_v0.3,m3star_graph_action_value_xgboost_v0.3,m3star_graph_action_value_xgboost_v0.3,8.0,0,1,1,0,development,0,3,0.0,G1_technique,0.25,1,G0_unknown,3,0,0,3,1,1,,8,0,3.0,C12-AA-001,0.3636,2,2,1,G1_technique,G1_technique,m3star_graph_transition_xgboost_v0.1,0
C12-witfoo-precinct6-f10c7270,discriminative,0.6,53,project05_m3star_h3_transition_only,1,3.0,2,C12-AA-002|C12-AA-001,3.0,0.0,0,0,0,none,none,none,8.0,0,1,1,0,development,0,3,0.0,G1_technique,0.25,1,G0_unknown,3,0,1,3,1,0,,8,1,3.0,C12-AA-001,0.3636,2,2,1,G1_technique,G1_technique,m3star_graph_transition_xgboost_v0.1,0
C12-witfoo-precinct6-f10c7270,discriminative,0.6,53,project05_m3star_h1_dual,1,3.0,2,C12-AA-002|C12-AA-001,3.0,0.0,0,0,0,m3star_graph_action_value_xgboost_v0.3,m3star_graph_action_value_xgboost_v0.3,m3star_graph_action_value_xgboost_v0.3,8.0,0,1,1,0,development,0,3,0.0,G1_technique,0.25,1,G0_unknown,3,0,1,1,1,1,,8,1,3.0,C12-AA-001,0.3636,2,2,1,G1_technique,G1_technique,m3star_graph_transition_xgboost_v0.1,0
C12-witfoo-precinct6-f10c7270,discriminative,0.6,53,project05_xgboost_policy,1,3.0,2,C12-AA-001|C12-AA-002,3.0,0.0,1,0,0,,,,8.0,0,1,1,,development,0,3,0.0,G1_technique,0.25,1,G0_unknown,3,0,,,,,,,,3.0,C12-AA-001,0.1818,2,2,,G1_technique,G1_technique,,0
C12-witfoo-precinct6-f10c7270,discriminative,0.6,53,project05_m3b_policy,1,3.0,2,C12-AA-002|C12-AA-001,3.0,0.0,0,0,0,,,,8.0,0,1,1,,development,0,3,0.0,G1_technique,0.25,1,G0_unknown,3,0,,,,,,,,3.0,C12-AA-001,0.3636,2,2,,G1_technique,G1_technique,,0
C12-witfoo-precinct6-f10c7270,discriminative,0.6,53,project05_m2,1,5.0,2,C12-AA-001|C12-AA-003,5.0,2.0,1,0,0,,,,8.0,0,1,1,,development,0,2,0.3333,G1_technique,0.5,1,G0_unknown,3,0,,,,,,,,3.0,C12-AA-001,0.5,2,2,,G1_technique,G1_technique,,0
C12-witfoo-precinct6-f10c7270,discriminative,0.6,53,oracle_optimal,1,3.0,2,C12-AA-001|C12-AA-002,3.0,0.0,1,0,0,,,,8.0,0,1,1,,development,0,3,0.0,G1_technique,0.25,1,G0_unknown,3,0,,,,,,,,3.0,C12-AA-001,0.1818,2,2,,G1_technique,G1_technique,,0
