case_id,condition_id,mask_strategy,mask_intensity,seed,state_id,state_depth,prefix_action_path,budget_remaining,visible_claim_count,hidden_claim_count,oracle_cost_to_go,oracle_action_path,m3star_cost_to_go,m3star_action_path,m3star_source_action_path,m3star_terminal_reason,consensus_substitution_count,regret_status,oracle_reachable,policy_success,success_loss,oracle_contradiction,absolute_regret,relative_regret,zero_regret,first_action_match
C07-darpa-e5-theia-0515,C07-darpa-e5-theia-0515|random|m020|23,random,0.2,23,C07-darpa-e5-theia-0515|random|m020|23|d0|root,0,,9.0,4,1,2.0,C07-AA-004,2.0,C07-AA-004,C07-AA-004,target_reached,0,zero,1,1,0,0,0.0,0.0,1,1
C07-darpa-e5-theia-0515,C07-darpa-e5-theia-0515|random|m020|23,random,0.2,23,C07-darpa-e5-theia-0515|random|m020|23|d1|C07-AA-001,1,C07-AA-001,8.0,4,1,2.0,C07-AA-004,2.0,C07-AA-004,C07-AA-004,target_reached,0,zero,1,1,0,0,0.0,0.0,1,1
C07-darpa-e5-theia-0515,C07-darpa-e5-theia-0515|random|m020|23,random,0.2,23,C07-darpa-e5-theia-0515|random|m020|23|d1|C07-AA-002,1,C07-AA-002,7.0,4,1,2.0,C07-AA-004,2.0,C07-AA-004,C07-AA-004,target_reached,0,zero,1,1,0,0,0.0,0.0,1,1
C07-darpa-e5-theia-0515,C07-darpa-e5-theia-0515|random|m020|23,random,0.2,23,C07-darpa-e5-theia-0515|random|m020|23|d1|C07-AA-003,1,C07-AA-003,8.0,4,1,2.0,C07-AA-004,2.0,C07-AA-004,C07-AA-004,target_reached,0,zero,1,1,0,0,0.0,0.0,1,1
C07-darpa-e5-theia-0515,C07-darpa-e5-theia-0515|random|m020|23,random,0.2,23,C07-darpa-e5-theia-0515|random|m020|23|d2|C07-AA-001>C07-AA-002,2,C07-AA-001>C07-AA-002,6.0,4,1,2.0,C07-AA-004,2.0,C07-AA-004,C07-AA-004,target_reached,0,zero,1,1,0,0,0.0,0.0,1,1
C07-darpa-e5-theia-0515,C07-darpa-e5-theia-0515|random|m020|23,random,0.2,23,C07-darpa-e5-theia-0515|random|m020|23|d2|C07-AA-001>C07-AA-003,2,C07-AA-001>C07-AA-003,7.0,4,1,2.0,C07-AA-004,2.0,C07-AA-004,C07-AA-004,target_reached,0,zero,1,1,0,0,0.0,0.0,1,1
C07-darpa-e5-theia-0515,C07-darpa-e5-theia-0515|random|m020|23,random,0.2,23,C07-darpa-e5-theia-0515|random|m020|23|d2|C07-AA-002>C07-AA-003,2,C07-AA-002>C07-AA-003,6.0,4,1,2.0,C07-AA-004,2.0,C07-AA-004,C07-AA-004,target_reached,0,zero,1,1,0,0,0.0,0.0,1,1
C07-darpa-e5-theia-0515,C07-darpa-e5-theia-0515|random|m040|23,random,0.4,23,C07-darpa-e5-theia-0515|random|m040|23|d0|root,0,,9.0,3,2,4.0,C07-AA-002>C07-AA-004,5.0,C07-AA-004>C07-AA-001>C07-AA-002,C07-AA-004>C07-AA-001>C07-AA-002,target_reached,0,positive,1,1,0,0,1.0,0.25,0,0
C07-darpa-e5-theia-0515,C07-darpa-e5-theia-0515|random|m040|23,random,0.4,23,C07-darpa-e5-theia-0515|random|m040|23|d1|C07-AA-001,1,C07-AA-001,8.0,3,2,4.0,C07-AA-002>C07-AA-004,5.0,C07-AA-003>C07-AA-004>C07-AA-002,C07-AA-003>C07-AA-004>C07-AA-002,target_reached,0,positive,1,1,0,0,1.0,0.25,0,0
C07-darpa-e5-theia-0515,C07-darpa-e5-theia-0515|random|m040|23,random,0.4,23,C07-darpa-e5-theia-0515|random|m040|23|d1|C07-AA-002,1,C07-AA-002,7.0,4,1,2.0,C07-AA-004,2.0,C07-AA-004,C07-AA-004,target_reached,0,zero,1,1,0,0,0.0,0.0,1,1
C07-darpa-e5-theia-0515,C07-darpa-e5-theia-0515|random|m040|23,random,0.4,23,C07-darpa-e5-theia-0515|random|m040|23|d1|C07-AA-003,1,C07-AA-003,8.0,3,2,4.0,C07-AA-002>C07-AA-004,5.0,C07-AA-001>C07-AA-004>C07-AA-002,C07-AA-001>C07-AA-004>C07-AA-002,target_reached,0,positive,1,1,0,0,1.0,0.25,0,0
C07-darpa-e5-theia-0515,C07-darpa-e5-theia-0515|random|m040|23,random,0.4,23,C07-darpa-e5-theia-0515|random|m040|23|d1|C07-AA-004,1,C07-AA-004,7.0,4,1,2.0,C07-AA-002,3.0,C07-AA-001>C07-AA-002,C07-AA-001>C07-AA-002,target_reached,0,positive,1,1,0,0,1.0,0.5,0,0
C07-darpa-e5-theia-0515,C07-darpa-e5-theia-0515|random|m040|23,random,0.4,23,C07-darpa-e5-theia-0515|random|m040|23|d2|C07-AA-001>C07-AA-002,2,C07-AA-001>C07-AA-002,6.0,4,1,2.0,C07-AA-004,2.0,C07-AA-004,C07-AA-004,target_reached,0,zero,1,1,0,0,0.0,0.0,1,1
C07-darpa-e5-theia-0515,C07-darpa-e5-theia-0515|random|m040|23,random,0.4,23,C07-darpa-e5-theia-0515|random|m040|23|d2|C07-AA-001>C07-AA-003,2,C07-AA-001>C07-AA-003,7.0,3,2,4.0,C07-AA-002>C07-AA-004,4.0,C07-AA-004>C07-AA-002,C07-AA-004>C07-AA-002,target_reached,0,zero,1,1,0,0,0.0,0.0,1,0
C07-darpa-e5-theia-0515,C07-darpa-e5-theia-0515|random|m040|23,random,0.4,23,C07-darpa-e5-theia-0515|random|m040|23|d2|C07-AA-001>C07-AA-004,2,C07-AA-001>C07-AA-004,6.0,4,1,2.0,C07-AA-002,2.0,C07-AA-002,C07-AA-002,target_reached,0,zero,1,1,0,0,0.0,0.0,1,1
C07-darpa-e5-theia-0515,C07-darpa-e5-theia-0515|random|m040|23,random,0.4,23,C07-darpa-e5-theia-0515|random|m040|23|d2|C07-AA-002>C07-AA-003,2,C07-AA-002>C07-AA-003,6.0,4,1,2.0,C07-AA-004,2.0,C07-AA-004,C07-AA-004,target_reached,0,zero,1,1,0,0,0.0,0.0,1,1
C07-darpa-e5-theia-0515,C07-darpa-e5-theia-0515|random|m040|23,random,0.4,23,C07-darpa-e5-theia-0515|random|m040|23|d2|C07-AA-003>C07-AA-004,2,C07-AA-003>C07-AA-004,6.0,4,1,2.0,C07-AA-002,3.0,C07-AA-001>C07-AA-002,C07-AA-001>C07-AA-002,target_reached,0,positive,1,1,0,0,1.0,0.5,0,0
C07-darpa-e5-theia-0515,C07-darpa-e5-theia-0515|random|m040|37,random,0.4,37,C07-darpa-e5-theia-0515|random|m040|37|d0|root,0,,9.0,3,2,2.0,C07-AA-002,3.0,C07-AA-001>C07-AA-002,C07-AA-001>C07-AA-002,target_reached,0,positive,1,1,0,0,1.0,0.5,0,0
C07-darpa-e5-theia-0515,C07-darpa-e5-theia-0515|random|m040|37,random,0.4,37,C07-darpa-e5-theia-0515|random|m040|37|d1|C07-AA-001,1,C07-AA-001,8.0,3,2,2.0,C07-AA-002,2.0,C07-AA-002,C07-AA-002,target_reached,0,zero,1,1,0,0,0.0,0.0,1,1
C07-darpa-e5-theia-0515,C07-darpa-e5-theia-0515|random|m040|37,random,0.4,37,C07-darpa-e5-theia-0515|random|m040|37|d1|C07-AA-003,1,C07-AA-003,8.0,3,2,2.0,C07-AA-002,3.0,C07-AA-001>C07-AA-002,C07-AA-001>C07-AA-002,target_reached,0,positive,1,1,0,0,1.0,0.5,0,0
C07-darpa-e5-theia-0515,C07-darpa-e5-theia-0515|random|m040|37,random,0.4,37,C07-darpa-e5-theia-0515|random|m040|37|d1|C07-AA-004,1,C07-AA-004,7.0,3,2,2.0,C07-AA-002,3.0,C07-AA-001>C07-AA-002,C07-AA-001>C07-AA-002,target_reached,0,positive,1,1,0,0,1.0,0.5,0,0
C07-darpa-e5-theia-0515,C07-darpa-e5-theia-0515|random|m040|37,random,0.4,37,C07-darpa-e5-theia-0515|random|m040|37|d2|C07-AA-001>C07-AA-003,2,C07-AA-001>C07-AA-003,7.0,3,2,2.0,C07-AA-002,2.0,C07-AA-002,C07-AA-002,target_reached,0,zero,1,1,0,0,0.0,0.0,1,1
C07-darpa-e5-theia-0515,C07-darpa-e5-theia-0515|random|m040|37,random,0.4,37,C07-darpa-e5-theia-0515|random|m040|37|d2|C07-AA-001>C07-AA-004,2,C07-AA-001>C07-AA-004,6.0,3,2,2.0,C07-AA-002,2.0,C07-AA-002,C07-AA-002,target_reached,0,zero,1,1,0,0,0.0,0.0,1,1
C07-darpa-e5-theia-0515,C07-darpa-e5-theia-0515|random|m040|37,random,0.4,37,C07-darpa-e5-theia-0515|random|m040|37|d2|C07-AA-003>C07-AA-004,2,C07-AA-003>C07-AA-004,6.0,3,2,2.0,C07-AA-002,3.0,C07-AA-001>C07-AA-002,C07-AA-001>C07-AA-002,target_reached,0,positive,1,1,0,0,1.0,0.5,0,0
C07-darpa-e5-theia-0515,C07-darpa-e5-theia-0515|random|m040|41,random,0.4,41,C07-darpa-e5-theia-0515|random|m040|41|d0|root,0,,9.0,3,2,2.0,C07-AA-004,2.0,C07-AA-004,C07-AA-004,target_reached,0,zero,1,1,0,0,0.0,0.0,1,1
C07-darpa-e5-theia-0515,C07-darpa-e5-theia-0515|random|m040|41,random,0.4,41,C07-darpa-e5-theia-0515|random|m040|41|d1|C07-AA-001,1,C07-AA-001,8.0,3,2,2.0,C07-AA-004,2.0,C07-AA-004,C07-AA-004,target_reached,0,zero,1,1,0,0,0.0,0.0,1,1
C07-darpa-e5-theia-0515,C07-darpa-e5-theia-0515|random|m040|41,random,0.4,41,C07-darpa-e5-theia-0515|random|m040|41|d1|C07-AA-002,1,C07-AA-002,7.0,3,2,2.0,C07-AA-004,2.0,C07-AA-004,C07-AA-004,target_reached,0,zero,1,1,0,0,0.0,0.0,1,1
C07-darpa-e5-theia-0515,C07-darpa-e5-theia-0515|random|m040|41,random,0.4,41,C07-darpa-e5-theia-0515|random|m040|41|d1|C07-AA-003,1,C07-AA-003,8.0,3,2,2.0,C07-AA-004,2.0,C07-AA-004,C07-AA-004,target_reached,0,zero,1,1,0,0,0.0,0.0,1,1
C07-darpa-e5-theia-0515,C07-darpa-e5-theia-0515|random|m040|41,random,0.4,41,C07-darpa-e5-theia-0515|random|m040|41|d2|C07-AA-001>C07-AA-002,2,C07-AA-001>C07-AA-002,6.0,3,2,2.0,C07-AA-004,2.0,C07-AA-004,C07-AA-004,target_reached,0,zero,1,1,0,0,0.0,0.0,1,1
C07-darpa-e5-theia-0515,C07-darpa-e5-theia-0515|random|m040|41,random,0.4,41,C07-darpa-e5-theia-0515|random|m040|41|d2|C07-AA-001>C07-AA-003,2,C07-AA-001>C07-AA-003,7.0,3,2,2.0,C07-AA-004,2.0,C07-AA-004,C07-AA-004,target_reached,0,zero,1,1,0,0,0.0,0.0,1,1
C07-darpa-e5-theia-0515,C07-darpa-e5-theia-0515|random|m040|41,random,0.4,41,C07-darpa-e5-theia-0515|random|m040|41|d2|C07-AA-002>C07-AA-003,2,C07-AA-002>C07-AA-003,6.0,3,2,2.0,C07-AA-004,2.0,C07-AA-004,C07-AA-004,target_reached,0,zero,1,1,0,0,0.0,0.0,1,1
C07-darpa-e5-theia-0515,C07-darpa-e5-theia-0515|random|m040|53,random,0.4,53,C07-darpa-e5-theia-0515|random|m040|53|d0|root,0,,9.0,3,2,1.0,C07-AA-003,1.0,C07-AA-003,C07-AA-003,target_reached,0,zero,1,1,0,0,0.0,0.0,1,1
C07-darpa-e5-theia-0515,C07-darpa-e5-theia-0515|random|m040|53,random,0.4,53,C07-darpa-e5-theia-0515|random|m040|53|d1|C07-AA-001,1,C07-AA-001,8.0,3,2,1.0,C07-AA-003,1.0,C07-AA-003,C07-AA-003,target_reached,0,zero,1,1,0,0,0.0,0.0,1,1
C07-darpa-e5-theia-0515,C07-darpa-e5-theia-0515|random|m040|53,random,0.4,53,C07-darpa-e5-theia-0515|random|m040|53|d1|C07-AA-002,1,C07-AA-002,7.0,3,2,1.0,C07-AA-003,1.0,C07-AA-003,C07-AA-003,target_reached,0,zero,1,1,0,0,0.0,0.0,1,1
C07-darpa-e5-theia-0515,C07-darpa-e5-theia-0515|random|m040|53,random,0.4,53,C07-darpa-e5-theia-0515|random|m040|53|d1|C07-AA-004,1,C07-AA-004,7.0,3,2,1.0,C07-AA-003,1.0,C07-AA-003,C07-AA-003,target_reached,0,zero,1,1,0,0,0.0,0.0,1,1
C07-darpa-e5-theia-0515,C07-darpa-e5-theia-0515|random|m040|53,random,0.4,53,C07-darpa-e5-theia-0515|random|m040|53|d2|C07-AA-001>C07-AA-002,2,C07-AA-001>C07-AA-002,6.0,3,2,1.0,C07-AA-003,1.0,C07-AA-003,C07-AA-003,target_reached,0,zero,1,1,0,0,0.0,0.0,1,1
C07-darpa-e5-theia-0515,C07-darpa-e5-theia-0515|random|m040|53,random,0.4,53,C07-darpa-e5-theia-0515|random|m040|53|d2|C07-AA-001>C07-AA-004,2,C07-AA-001>C07-AA-004,6.0,3,2,1.0,C07-AA-003,1.0,C07-AA-003,C07-AA-003,target_reached,0,zero,1,1,0,0,0.0,0.0,1,1
C07-darpa-e5-theia-0515,C07-darpa-e5-theia-0515|random|m040|53,random,0.4,53,C07-darpa-e5-theia-0515|random|m040|53|d2|C07-AA-002>C07-AA-004,2,C07-AA-002>C07-AA-004,5.0,3,2,1.0,C07-AA-003,1.0,C07-AA-003,C07-AA-003,target_reached,0,zero,1,1,0,0,0.0,0.0,1,1
C07-darpa-e5-theia-0515,C07-darpa-e5-theia-0515|random|m060|11,random,0.6,11,C07-darpa-e5-theia-0515|random|m060|11|d0|root,0,,9.0,2,3,1.0,C07-AA-003,1.0,C07-AA-003,C07-AA-003,target_reached,0,zero,1,1,0,0,0.0,0.0,1,1
C07-darpa-e5-theia-0515,C07-darpa-e5-theia-0515|random|m060|11,random,0.6,11,C07-darpa-e5-theia-0515|random|m060|11|d1|C07-AA-001,1,C07-AA-001,8.0,2,3,1.0,C07-AA-003,1.0,C07-AA-003,C07-AA-003,target_reached,0,zero,1,1,0,0,0.0,0.0,1,1
C07-darpa-e5-theia-0515,C07-darpa-e5-theia-0515|random|m060|11,random,0.6,11,C07-darpa-e5-theia-0515|random|m060|11|d1|C07-AA-002,1,C07-AA-002,7.0,2,3,1.0,C07-AA-003,1.0,C07-AA-003,C07-AA-003,target_reached,0,zero,1,1,0,0,0.0,0.0,1,1
C07-darpa-e5-theia-0515,C07-darpa-e5-theia-0515|random|m060|11,random,0.6,11,C07-darpa-e5-theia-0515|random|m060|11|d1|C07-AA-004,1,C07-AA-004,7.0,2,3,1.0,C07-AA-003,1.0,C07-AA-003,C07-AA-003,target_reached,0,zero,1,1,0,0,0.0,0.0,1,1
C07-darpa-e5-theia-0515,C07-darpa-e5-theia-0515|random|m060|11,random,0.6,11,C07-darpa-e5-theia-0515|random|m060|11|d2|C07-AA-001>C07-AA-002,2,C07-AA-001>C07-AA-002,6.0,2,3,1.0,C07-AA-003,1.0,C07-AA-003,C07-AA-003,target_reached,0,zero,1,1,0,0,0.0,0.0,1,1
C07-darpa-e5-theia-0515,C07-darpa-e5-theia-0515|random|m060|11,random,0.6,11,C07-darpa-e5-theia-0515|random|m060|11|d2|C07-AA-001>C07-AA-004,2,C07-AA-001>C07-AA-004,6.0,2,3,1.0,C07-AA-003,1.0,C07-AA-003,C07-AA-003,target_reached,0,zero,1,1,0,0,0.0,0.0,1,1
C07-darpa-e5-theia-0515,C07-darpa-e5-theia-0515|random|m060|11,random,0.6,11,C07-darpa-e5-theia-0515|random|m060|11|d2|C07-AA-002>C07-AA-004,2,C07-AA-002>C07-AA-004,5.0,2,3,1.0,C07-AA-003,1.0,C07-AA-003,C07-AA-003,target_reached,0,zero,1,1,0,0,0.0,0.0,1,1
C07-darpa-e5-theia-0515,C07-darpa-e5-theia-0515|random|m060|23,random,0.6,23,C07-darpa-e5-theia-0515|random|m060|23|d0|root,0,,9.0,2,3,4.0,C07-AA-002>C07-AA-004,5.0,C07-AA-004>C07-AA-001>C07-AA-002,C07-AA-004>C07-AA-001>C07-AA-002,target_reached,0,positive,1,1,0,0,1.0,0.25,0,0
C07-darpa-e5-theia-0515,C07-darpa-e5-theia-0515|random|m060|23,random,0.6,23,C07-darpa-e5-theia-0515|random|m060|23|d1|C07-AA-001,1,C07-AA-001,8.0,2,3,4.0,C07-AA-002>C07-AA-004,5.0,C07-AA-003>C07-AA-004>C07-AA-002,C07-AA-003>C07-AA-004>C07-AA-002,target_reached,0,positive,1,1,0,0,1.0,0.25,0,0
C07-darpa-e5-theia-0515,C07-darpa-e5-theia-0515|random|m060|23,random,0.6,23,C07-darpa-e5-theia-0515|random|m060|23|d1|C07-AA-002,1,C07-AA-002,7.0,3,2,2.0,C07-AA-004,2.0,C07-AA-004,C07-AA-004,target_reached,0,zero,1,1,0,0,0.0,0.0,1,1
C07-darpa-e5-theia-0515,C07-darpa-e5-theia-0515|random|m060|23,random,0.6,23,C07-darpa-e5-theia-0515|random|m060|23|d1|C07-AA-003,1,C07-AA-003,8.0,2,3,4.0,C07-AA-002>C07-AA-004,5.0,C07-AA-001>C07-AA-004>C07-AA-002,C07-AA-001>C07-AA-004>C07-AA-002,target_reached,0,positive,1,1,0,0,1.0,0.25,0,0
C07-darpa-e5-theia-0515,C07-darpa-e5-theia-0515|random|m060|23,random,0.6,23,C07-darpa-e5-theia-0515|random|m060|23|d1|C07-AA-004,1,C07-AA-004,7.0,3,2,2.0,C07-AA-002,3.0,C07-AA-001>C07-AA-002,C07-AA-001>C07-AA-002,target_reached,0,positive,1,1,0,0,1.0,0.5,0,0
C07-darpa-e5-theia-0515,C07-darpa-e5-theia-0515|random|m060|23,random,0.6,23,C07-darpa-e5-theia-0515|random|m060|23|d2|C07-AA-001>C07-AA-002,2,C07-AA-001>C07-AA-002,6.0,3,2,2.0,C07-AA-004,2.0,C07-AA-004,C07-AA-004,target_reached,0,zero,1,1,0,0,0.0,0.0,1,1
C07-darpa-e5-theia-0515,C07-darpa-e5-theia-0515|random|m060|23,random,0.6,23,C07-darpa-e5-theia-0515|random|m060|23|d2|C07-AA-001>C07-AA-003,2,C07-AA-001>C07-AA-003,7.0,2,3,4.0,C07-AA-002>C07-AA-004,4.0,C07-AA-004>C07-AA-002,C07-AA-004>C07-AA-002,target_reached,0,zero,1,1,0,0,0.0,0.0,1,0
C07-darpa-e5-theia-0515,C07-darpa-e5-theia-0515|random|m060|23,random,0.6,23,C07-darpa-e5-theia-0515|random|m060|23|d2|C07-AA-001>C07-AA-004,2,C07-AA-001>C07-AA-004,6.0,3,2,2.0,C07-AA-002,2.0,C07-AA-002,C07-AA-002,target_reached,0,zero,1,1,0,0,0.0,0.0,1,1
C07-darpa-e5-theia-0515,C07-darpa-e5-theia-0515|random|m060|23,random,0.6,23,C07-darpa-e5-theia-0515|random|m060|23|d2|C07-AA-002>C07-AA-003,2,C07-AA-002>C07-AA-003,6.0,3,2,2.0,C07-AA-004,2.0,C07-AA-004,C07-AA-004,target_reached,0,zero,1,1,0,0,0.0,0.0,1,1
C07-darpa-e5-theia-0515,C07-darpa-e5-theia-0515|random|m060|23,random,0.6,23,C07-darpa-e5-theia-0515|random|m060|23|d2|C07-AA-003>C07-AA-004,2,C07-AA-003>C07-AA-004,6.0,3,2,2.0,C07-AA-002,3.0,C07-AA-001>C07-AA-002,C07-AA-001>C07-AA-002,target_reached,0,positive,1,1,0,0,1.0,0.5,0,0
C07-darpa-e5-theia-0515,C07-darpa-e5-theia-0515|random|m060|37,random,0.6,37,C07-darpa-e5-theia-0515|random|m060|37|d0|root,0,,9.0,2,3,4.0,C07-AA-002>C07-AA-004,5.0,C07-AA-004>C07-AA-001>C07-AA-002,C07-AA-004>C07-AA-001>C07-AA-002,target_reached,0,positive,1,1,0,0,1.0,0.25,0,0
C07-darpa-e5-theia-0515,C07-darpa-e5-theia-0515|random|m060|37,random,0.6,37,C07-darpa-e5-theia-0515|random|m060|37|d1|C07-AA-001,1,C07-AA-001,8.0,2,3,4.0,C07-AA-002>C07-AA-004,5.0,C07-AA-003>C07-AA-004>C07-AA-002,C07-AA-003>C07-AA-004>C07-AA-002,target_reached,0,positive,1,1,0,0,1.0,0.25,0,0
C07-darpa-e5-theia-0515,C07-darpa-e5-theia-0515|random|m060|37,random,0.6,37,C07-darpa-e5-theia-0515|random|m060|37|d1|C07-AA-002,1,C07-AA-002,7.0,3,2,2.0,C07-AA-004,2.0,C07-AA-004,C07-AA-004,target_reached,0,zero,1,1,0,0,0.0,0.0,1,1
C07-darpa-e5-theia-0515,C07-darpa-e5-theia-0515|random|m060|37,random,0.6,37,C07-darpa-e5-theia-0515|random|m060|37|d1|C07-AA-003,1,C07-AA-003,8.0,2,3,4.0,C07-AA-002>C07-AA-004,5.0,C07-AA-001>C07-AA-004>C07-AA-002,C07-AA-001>C07-AA-004>C07-AA-002,target_reached,0,positive,1,1,0,0,1.0,0.25,0,0
C07-darpa-e5-theia-0515,C07-darpa-e5-theia-0515|random|m060|37,random,0.6,37,C07-darpa-e5-theia-0515|random|m060|37|d1|C07-AA-004,1,C07-AA-004,7.0,3,2,2.0,C07-AA-002,3.0,C07-AA-001>C07-AA-002,C07-AA-001>C07-AA-002,target_reached,0,positive,1,1,0,0,1.0,0.5,0,0
C07-darpa-e5-theia-0515,C07-darpa-e5-theia-0515|random|m060|37,random,0.6,37,C07-darpa-e5-theia-0515|random|m060|37|d2|C07-AA-001>C07-AA-002,2,C07-AA-001>C07-AA-002,6.0,3,2,2.0,C07-AA-004,2.0,C07-AA-004,C07-AA-004,target_reached,0,zero,1,1,0,0,0.0,0.0,1,1
C07-darpa-e5-theia-0515,C07-darpa-e5-theia-0515|random|m060|37,random,0.6,37,C07-darpa-e5-theia-0515|random|m060|37|d2|C07-AA-001>C07-AA-003,2,C07-AA-001>C07-AA-003,7.0,2,3,4.0,C07-AA-002>C07-AA-004,4.0,C07-AA-004>C07-AA-002,C07-AA-004>C07-AA-002,target_reached,0,zero,1,1,0,0,0.0,0.0,1,0
C07-darpa-e5-theia-0515,C07-darpa-e5-theia-0515|random|m060|37,random,0.6,37,C07-darpa-e5-theia-0515|random|m060|37|d2|C07-AA-001>C07-AA-004,2,C07-AA-001>C07-AA-004,6.0,3,2,2.0,C07-AA-002,2.0,C07-AA-002,C07-AA-002,target_reached,0,zero,1,1,0,0,0.0,0.0,1,1
C07-darpa-e5-theia-0515,C07-darpa-e5-theia-0515|random|m060|37,random,0.6,37,C07-darpa-e5-theia-0515|random|m060|37|d2|C07-AA-002>C07-AA-003,2,C07-AA-002>C07-AA-003,6.0,3,2,2.0,C07-AA-004,2.0,C07-AA-004,C07-AA-004,target_reached,0,zero,1,1,0,0,0.0,0.0,1,1
C07-darpa-e5-theia-0515,C07-darpa-e5-theia-0515|random|m060|37,random,0.6,37,C07-darpa-e5-theia-0515|random|m060|37|d2|C07-AA-003>C07-AA-004,2,C07-AA-003>C07-AA-004,6.0,3,2,2.0,C07-AA-002,3.0,C07-AA-001>C07-AA-002,C07-AA-001>C07-AA-002,target_reached,0,positive,1,1,0,0,1.0,0.5,0,0
C07-darpa-e5-theia-0515,C07-darpa-e5-theia-0515|random|m060|41,random,0.6,41,C07-darpa-e5-theia-0515|random|m060|41|d0|root,0,,9.0,2,3,3.0,C07-AA-001>C07-AA-004,3.0,C07-AA-004>C07-AA-001,C07-AA-004>C07-AA-001,target_reached,0,zero,1,1,0,0,0.0,0.0,1,0
C07-darpa-e5-theia-0515,C07-darpa-e5-theia-0515|random|m060|41,random,0.6,41,C07-darpa-e5-theia-0515|random|m060|41|d1|C07-AA-001,1,C07-AA-001,8.0,3,2,2.0,C07-AA-004,2.0,C07-AA-004,C07-AA-004,target_reached,0,zero,1,1,0,0,0.0,0.0,1,1
C07-darpa-e5-theia-0515,C07-darpa-e5-theia-0515|random|m060|41,random,0.6,41,C07-darpa-e5-theia-0515|random|m060|41|d1|C07-AA-002,1,C07-AA-002,7.0,3,2,2.0,C07-AA-004,2.0,C07-AA-004,C07-AA-004,target_reached,0,zero,1,1,0,0,0.0,0.0,1,1
C07-darpa-e5-theia-0515,C07-darpa-e5-theia-0515|random|m060|41,random,0.6,41,C07-darpa-e5-theia-0515|random|m060|41|d1|C07-AA-003,1,C07-AA-003,8.0,2,3,3.0,C07-AA-001>C07-AA-004,3.0,C07-AA-001>C07-AA-004,C07-AA-001>C07-AA-004,target_reached,0,zero,1,1,0,0,0.0,0.0,1,1
C07-darpa-e5-theia-0515,C07-darpa-e5-theia-0515|random|m060|41,random,0.6,41,C07-darpa-e5-theia-0515|random|m060|41|d1|C07-AA-004,1,C07-AA-004,7.0,3,2,1.0,C07-AA-001,1.0,C07-AA-001,C07-AA-001,target_reached,0,zero,1,1,0,0,0.0,0.0,1,1
C07-darpa-e5-theia-0515,C07-darpa-e5-theia-0515|random|m060|41,random,0.6,41,C07-darpa-e5-theia-0515|random|m060|41|d2|C07-AA-001>C07-AA-002,2,C07-AA-001>C07-AA-002,6.0,3,2,2.0,C07-AA-004,2.0,C07-AA-004,C07-AA-004,target_reached,0,zero,1,1,0,0,0.0,0.0,1,1
C07-darpa-e5-theia-0515,C07-darpa-e5-theia-0515|random|m060|41,random,0.6,41,C07-darpa-e5-theia-0515|random|m060|41|d2|C07-AA-001>C07-AA-003,2,C07-AA-001>C07-AA-003,7.0,3,2,2.0,C07-AA-004,2.0,C07-AA-004,C07-AA-004,target_reached,0,zero,1,1,0,0,0.0,0.0,1,1
C07-darpa-e5-theia-0515,C07-darpa-e5-theia-0515|random|m060|41,random,0.6,41,C07-darpa-e5-theia-0515|random|m060|41|d2|C07-AA-002>C07-AA-001,2,C07-AA-002>C07-AA-001,6.0,3,2,2.0,C07-AA-004,2.0,C07-AA-004,C07-AA-004,target_reached,0,zero,1,1,0,0,0.0,0.0,1,1
C07-darpa-e5-theia-0515,C07-darpa-e5-theia-0515|random|m060|41,random,0.6,41,C07-darpa-e5-theia-0515|random|m060|41|d2|C07-AA-002>C07-AA-003,2,C07-AA-002>C07-AA-003,6.0,3,2,2.0,C07-AA-004,2.0,C07-AA-004,C07-AA-004,target_reached,0,zero,1,1,0,0,0.0,0.0,1,1
C07-darpa-e5-theia-0515,C07-darpa-e5-theia-0515|random|m060|41,random,0.6,41,C07-darpa-e5-theia-0515|random|m060|41|d2|C07-AA-003>C07-AA-004,2,C07-AA-003>C07-AA-004,6.0,3,2,1.0,C07-AA-001,1.0,C07-AA-001,C07-AA-001,target_reached,0,zero,1,1,0,0,0.0,0.0,1,1
C07-darpa-e5-theia-0515,C07-darpa-e5-theia-0515|random|m060|53,random,0.6,53,C07-darpa-e5-theia-0515|random|m060|53|d0|root,0,,9.0,2,3,1.0,C07-AA-003,1.0,C07-AA-003,C07-AA-003,target_reached,0,zero,1,1,0,0,0.0,0.0,1,1
C07-darpa-e5-theia-0515,C07-darpa-e5-theia-0515|random|m060|53,random,0.6,53,C07-darpa-e5-theia-0515|random|m060|53|d1|C07-AA-001,1,C07-AA-001,8.0,2,3,1.0,C07-AA-003,1.0,C07-AA-003,C07-AA-003,target_reached,0,zero,1,1,0,0,0.0,0.0,1,1
C07-darpa-e5-theia-0515,C07-darpa-e5-theia-0515|random|m060|53,random,0.6,53,C07-darpa-e5-theia-0515|random|m060|53|d1|C07-AA-002,1,C07-AA-002,7.0,2,3,1.0,C07-AA-003,1.0,C07-AA-003,C07-AA-003,target_reached,0,zero,1,1,0,0,0.0,0.0,1,1
C07-darpa-e5-theia-0515,C07-darpa-e5-theia-0515|random|m060|53,random,0.6,53,C07-darpa-e5-theia-0515|random|m060|53|d1|C07-AA-004,1,C07-AA-004,7.0,2,3,1.0,C07-AA-003,1.0,C07-AA-003,C07-AA-003,target_reached,0,zero,1,1,0,0,0.0,0.0,1,1
C07-darpa-e5-theia-0515,C07-darpa-e5-theia-0515|random|m060|53,random,0.6,53,C07-darpa-e5-theia-0515|random|m060|53|d2|C07-AA-001>C07-AA-002,2,C07-AA-001>C07-AA-002,6.0,2,3,1.0,C07-AA-003,1.0,C07-AA-003,C07-AA-003,target_reached,0,zero,1,1,0,0,0.0,0.0,1,1
C07-darpa-e5-theia-0515,C07-darpa-e5-theia-0515|random|m060|53,random,0.6,53,C07-darpa-e5-theia-0515|random|m060|53|d2|C07-AA-001>C07-AA-004,2,C07-AA-001>C07-AA-004,6.0,2,3,1.0,C07-AA-003,1.0,C07-AA-003,C07-AA-003,target_reached,0,zero,1,1,0,0,0.0,0.0,1,1
C07-darpa-e5-theia-0515,C07-darpa-e5-theia-0515|random|m060|53,random,0.6,53,C07-darpa-e5-theia-0515|random|m060|53|d2|C07-AA-002>C07-AA-004,2,C07-AA-002>C07-AA-004,5.0,2,3,1.0,C07-AA-003,1.0,C07-AA-003,C07-AA-003,target_reached,0,zero,1,1,0,0,0.0,0.0,1,1
C07-darpa-e5-theia-0515,C07-darpa-e5-theia-0515|stage|m020|11,stage,0.2,11,C07-darpa-e5-theia-0515|stage|m020|11|d0|root,0,,9.0,4,1,1.0,C07-AA-001,1.0,C07-AA-001,C07-AA-001,target_reached,0,zero,1,1,0,0,0.0,0.0,1,1
C07-darpa-e5-theia-0515,C07-darpa-e5-theia-0515|stage|m020|11,stage,0.2,11,C07-darpa-e5-theia-0515|stage|m020|11|d1|C07-AA-003,1,C07-AA-003,8.0,4,1,1.0,C07-AA-001,1.0,C07-AA-001,C07-AA-001,target_reached,0,zero,1,1,0,0,0.0,0.0,1,1
C07-darpa-e5-theia-0515,C07-darpa-e5-theia-0515|stage|m020|11,stage,0.2,11,C07-darpa-e5-theia-0515|stage|m020|11|d1|C07-AA-004,1,C07-AA-004,7.0,4,1,1.0,C07-AA-001,1.0,C07-AA-001,C07-AA-001,target_reached,0,zero,1,1,0,0,0.0,0.0,1,1
C07-darpa-e5-theia-0515,C07-darpa-e5-theia-0515|stage|m020|11,stage,0.2,11,C07-darpa-e5-theia-0515|stage|m020|11|d2|C07-AA-003>C07-AA-004,2,C07-AA-003>C07-AA-004,6.0,4,1,1.0,C07-AA-001,1.0,C07-AA-001,C07-AA-001,target_reached,0,zero,1,1,0,0,0.0,0.0,1,1
C07-darpa-e5-theia-0515,C07-darpa-e5-theia-0515|stage|m020|23,stage,0.2,23,C07-darpa-e5-theia-0515|stage|m020|23|d0|root,0,,9.0,4,1,2.0,C07-AA-002,3.0,C07-AA-001>C07-AA-002,C07-AA-001>C07-AA-002,target_reached,0,positive,1,1,0,0,1.0,0.5,0,0
C07-darpa-e5-theia-0515,C07-darpa-e5-theia-0515|stage|m020|23,stage,0.2,23,C07-darpa-e5-theia-0515|stage|m020|23|d1|C07-AA-001,1,C07-AA-001,8.0,4,1,2.0,C07-AA-002,2.0,C07-AA-002,C07-AA-002,target_reached,0,zero,1,1,0,0,0.0,0.0,1,1
C07-darpa-e5-theia-0515,C07-darpa-e5-theia-0515|stage|m020|23,stage,0.2,23,C07-darpa-e5-theia-0515|stage|m020|23|d1|C07-AA-003,1,C07-AA-003,8.0,4,1,2.0,C07-AA-002,3.0,C07-AA-001>C07-AA-002,C07-AA-001>C07-AA-002,target_reached,0,positive,1,1,0,0,1.0,0.5,0,0
C07-darpa-e5-theia-0515,C07-darpa-e5-theia-0515|stage|m020|23,stage,0.2,23,C07-darpa-e5-theia-0515|stage|m020|23|d1|C07-AA-004,1,C07-AA-004,7.0,4,1,2.0,C07-AA-002,3.0,C07-AA-001>C07-AA-002,C07-AA-001>C07-AA-002,target_reached,0,positive,1,1,0,0,1.0,0.5,0,0
C07-darpa-e5-theia-0515,C07-darpa-e5-theia-0515|stage|m020|23,stage,0.2,23,C07-darpa-e5-theia-0515|stage|m020|23|d2|C07-AA-001>C07-AA-003,2,C07-AA-001>C07-AA-003,7.0,4,1,2.0,C07-AA-002,2.0,C07-AA-002,C07-AA-002,target_reached,0,zero,1,1,0,0,0.0,0.0,1,1
C07-darpa-e5-theia-0515,C07-darpa-e5-theia-0515|stage|m020|23,stage,0.2,23,C07-darpa-e5-theia-0515|stage|m020|23|d2|C07-AA-001>C07-AA-004,2,C07-AA-001>C07-AA-004,6.0,4,1,2.0,C07-AA-002,2.0,C07-AA-002,C07-AA-002,target_reached,0,zero,1,1,0,0,0.0,0.0,1,1
C07-darpa-e5-theia-0515,C07-darpa-e5-theia-0515|stage|m020|23,stage,0.2,23,C07-darpa-e5-theia-0515|stage|m020|23|d2|C07-AA-003>C07-AA-004,2,C07-AA-003>C07-AA-004,6.0,4,1,2.0,C07-AA-002,3.0,C07-AA-001>C07-AA-002,C07-AA-001>C07-AA-002,target_reached,0,positive,1,1,0,0,1.0,0.5,0,0
C07-darpa-e5-theia-0515,C07-darpa-e5-theia-0515|stage|m020|37,stage,0.2,37,C07-darpa-e5-theia-0515|stage|m020|37|d0|root,0,,9.0,4,1,2.0,C07-AA-002,3.0,C07-AA-001>C07-AA-002,C07-AA-001>C07-AA-002,target_reached,0,positive,1,1,0,0,1.0,0.5,0,0
C07-darpa-e5-theia-0515,C07-darpa-e5-theia-0515|stage|m020|37,stage,0.2,37,C07-darpa-e5-theia-0515|stage|m020|37|d1|C07-AA-001,1,C07-AA-001,8.0,4,1,2.0,C07-AA-002,2.0,C07-AA-002,C07-AA-002,target_reached,0,zero,1,1,0,0,0.0,0.0,1,1
C07-darpa-e5-theia-0515,C07-darpa-e5-theia-0515|stage|m020|37,stage,0.2,37,C07-darpa-e5-theia-0515|stage|m020|37|d1|C07-AA-003,1,C07-AA-003,8.0,4,1,2.0,C07-AA-002,3.0,C07-AA-001>C07-AA-002,C07-AA-001>C07-AA-002,target_reached,0,positive,1,1,0,0,1.0,0.5,0,0
C07-darpa-e5-theia-0515,C07-darpa-e5-theia-0515|stage|m020|37,stage,0.2,37,C07-darpa-e5-theia-0515|stage|m020|37|d1|C07-AA-004,1,C07-AA-004,7.0,4,1,2.0,C07-AA-002,3.0,C07-AA-001>C07-AA-002,C07-AA-001>C07-AA-002,target_reached,0,positive,1,1,0,0,1.0,0.5,0,0
C07-darpa-e5-theia-0515,C07-darpa-e5-theia-0515|stage|m020|37,stage,0.2,37,C07-darpa-e5-theia-0515|stage|m020|37|d2|C07-AA-001>C07-AA-003,2,C07-AA-001>C07-AA-003,7.0,4,1,2.0,C07-AA-002,2.0,C07-AA-002,C07-AA-002,target_reached,0,zero,1,1,0,0,0.0,0.0,1,1
C07-darpa-e5-theia-0515,C07-darpa-e5-theia-0515|stage|m020|37,stage,0.2,37,C07-darpa-e5-theia-0515|stage|m020|37|d2|C07-AA-001>C07-AA-004,2,C07-AA-001>C07-AA-004,6.0,4,1,2.0,C07-AA-002,2.0,C07-AA-002,C07-AA-002,target_reached,0,zero,1,1,0,0,0.0,0.0,1,1
C07-darpa-e5-theia-0515,C07-darpa-e5-theia-0515|stage|m020|37,stage,0.2,37,C07-darpa-e5-theia-0515|stage|m020|37|d2|C07-AA-003>C07-AA-004,2,C07-AA-003>C07-AA-004,6.0,4,1,2.0,C07-AA-002,3.0,C07-AA-001>C07-AA-002,C07-AA-001>C07-AA-002,target_reached,0,positive,1,1,0,0,1.0,0.5,0,0
C07-darpa-e5-theia-0515,C07-darpa-e5-theia-0515|stage|m020|41,stage,0.2,41,C07-darpa-e5-theia-0515|stage|m020|41|d0|root,0,,9.0,4,1,1.0,C07-AA-001,1.0,C07-AA-001,C07-AA-001,target_reached,0,zero,1,1,0,0,0.0,0.0,1,1
C07-darpa-e5-theia-0515,C07-darpa-e5-theia-0515|stage|m020|41,stage,0.2,41,C07-darpa-e5-theia-0515|stage|m020|41|d1|C07-AA-003,1,C07-AA-003,8.0,4,1,1.0,C07-AA-001,1.0,C07-AA-001,C07-AA-001,target_reached,0,zero,1,1,0,0,0.0,0.0,1,1
C07-darpa-e5-theia-0515,C07-darpa-e5-theia-0515|stage|m020|41,stage,0.2,41,C07-darpa-e5-theia-0515|stage|m020|41|d1|C07-AA-004,1,C07-AA-004,7.0,4,1,1.0,C07-AA-001,1.0,C07-AA-001,C07-AA-001,target_reached,0,zero,1,1,0,0,0.0,0.0,1,1
C07-darpa-e5-theia-0515,C07-darpa-e5-theia-0515|stage|m020|41,stage,0.2,41,C07-darpa-e5-theia-0515|stage|m020|41|d2|C07-AA-003>C07-AA-004,2,C07-AA-003>C07-AA-004,6.0,4,1,1.0,C07-AA-001,1.0,C07-AA-001,C07-AA-001,target_reached,0,zero,1,1,0,0,0.0,0.0,1,1
C07-darpa-e5-theia-0515,C07-darpa-e5-theia-0515|stage|m020|53,stage,0.2,53,C07-darpa-e5-theia-0515|stage|m020|53|d0|root,0,,9.0,4,1,1.0,C07-AA-001,1.0,C07-AA-001,C07-AA-001,target_reached,0,zero,1,1,0,0,0.0,0.0,1,1
C07-darpa-e5-theia-0515,C07-darpa-e5-theia-0515|stage|m020|53,stage,0.2,53,C07-darpa-e5-theia-0515|stage|m020|53|d1|C07-AA-003,1,C07-AA-003,8.0,4,1,1.0,C07-AA-001,1.0,C07-AA-001,C07-AA-001,target_reached,0,zero,1,1,0,0,0.0,0.0,1,1
C07-darpa-e5-theia-0515,C07-darpa-e5-theia-0515|stage|m020|53,stage,0.2,53,C07-darpa-e5-theia-0515|stage|m020|53|d1|C07-AA-004,1,C07-AA-004,7.0,4,1,1.0,C07-AA-001,1.0,C07-AA-001,C07-AA-001,target_reached,0,zero,1,1,0,0,0.0,0.0,1,1
C07-darpa-e5-theia-0515,C07-darpa-e5-theia-0515|stage|m020|53,stage,0.2,53,C07-darpa-e5-theia-0515|stage|m020|53|d2|C07-AA-003>C07-AA-004,2,C07-AA-003>C07-AA-004,6.0,4,1,1.0,C07-AA-001,1.0,C07-AA-001,C07-AA-001,target_reached,0,zero,1,1,0,0,0.0,0.0,1,1
C07-darpa-e5-theia-0515,C07-darpa-e5-theia-0515|stage|m040|11,stage,0.4,11,C07-darpa-e5-theia-0515|stage|m040|11|d0|root,0,,9.0,3,2,2.0,C07-AA-001>C07-AA-003,2.0,C07-AA-001>C07-AA-003,C07-AA-001>C07-AA-003,target_reached,0,zero,1,1,0,0,0.0,0.0,1,1
C07-darpa-e5-theia-0515,C07-darpa-e5-theia-0515|stage|m040|11,stage,0.4,11,C07-darpa-e5-theia-0515|stage|m040|11|d1|C07-AA-001,1,C07-AA-001,8.0,4,1,1.0,C07-AA-003,1.0,C07-AA-003,C07-AA-003,target_reached,0,zero,1,1,0,0,0.0,0.0,1,1
C07-darpa-e5-theia-0515,C07-darpa-e5-theia-0515|stage|m040|11,stage,0.4,11,C07-darpa-e5-theia-0515|stage|m040|11|d1|C07-AA-002,1,C07-AA-002,7.0,4,1,1.0,C07-AA-003,1.0,C07-AA-003,C07-AA-003,target_reached,0,zero,1,1,0,0,0.0,0.0,1,1
C07-darpa-e5-theia-0515,C07-darpa-e5-theia-0515|stage|m040|11,stage,0.4,11,C07-darpa-e5-theia-0515|stage|m040|11|d1|C07-AA-003,1,C07-AA-003,8.0,4,1,1.0,C07-AA-001,1.0,C07-AA-001,C07-AA-001,target_reached,0,zero,1,1,0,0,0.0,0.0,1,1
C07-darpa-e5-theia-0515,C07-darpa-e5-theia-0515|stage|m040|11,stage,0.4,11,C07-darpa-e5-theia-0515|stage|m040|11|d1|C07-AA-004,1,C07-AA-004,7.0,3,2,2.0,C07-AA-001>C07-AA-003,2.0,C07-AA-001>C07-AA-003,C07-AA-002>C07-AA-003,target_reached,1,zero,1,1,0,0,0.0,0.0,1,1
C07-darpa-e5-theia-0515,C07-darpa-e5-theia-0515|stage|m040|11,stage,0.4,11,C07-darpa-e5-theia-0515|stage|m040|11|d2|C07-AA-001>C07-AA-002,2,C07-AA-001>C07-AA-002,6.0,4,1,1.0,C07-AA-003,1.0,C07-AA-003,C07-AA-003,target_reached,0,zero,1,1,0,0,0.0,0.0,1,1
C07-darpa-e5-theia-0515,C07-darpa-e5-theia-0515|stage|m040|11,stage,0.4,11,C07-darpa-e5-theia-0515|stage|m040|11|d2|C07-AA-001>C07-AA-004,2,C07-AA-001>C07-AA-004,6.0,4,1,1.0,C07-AA-003,1.0,C07-AA-003,C07-AA-003,target_reached,0,zero,1,1,0,0,0.0,0.0,1,1
C07-darpa-e5-theia-0515,C07-darpa-e5-theia-0515|stage|m040|11,stage,0.4,11,C07-darpa-e5-theia-0515|stage|m040|11|d2|C07-AA-002>C07-AA-001,2,C07-AA-002>C07-AA-001,6.0,4,1,1.0,C07-AA-003,1.0,C07-AA-003,C07-AA-003,target_reached,0,zero,1,1,0,0,0.0,0.0,1,1
C07-darpa-e5-theia-0515,C07-darpa-e5-theia-0515|stage|m040|11,stage,0.4,11,C07-darpa-e5-theia-0515|stage|m040|11|d2|C07-AA-002>C07-AA-004,2,C07-AA-002>C07-AA-004,5.0,4,1,1.0,C07-AA-003,1.0,C07-AA-003,C07-AA-003,target_reached,0,zero,1,1,0,0,0.0,0.0,1,1
C07-darpa-e5-theia-0515,C07-darpa-e5-theia-0515|stage|m040|11,stage,0.4,11,C07-darpa-e5-theia-0515|stage|m040|11|d2|C07-AA-003>C07-AA-004,2,C07-AA-003>C07-AA-004,6.0,4,1,1.0,C07-AA-001,1.0,C07-AA-001,C07-AA-001,target_reached,0,zero,1,1,0,0,0.0,0.0,1,1
C07-darpa-e5-theia-0515,C07-darpa-e5-theia-0515|stage|m040|23,stage,0.4,23,C07-darpa-e5-theia-0515|stage|m040|23|d0|root,0,,9.0,3,2,3.0,C07-AA-002>C07-AA-003,4.0,C07-AA-001>C07-AA-002>C07-AA-003,C07-AA-001>C07-AA-002>C07-AA-003,target_reached,0,positive,1,1,0,0,1.0,0.3333333333333333,0,0
C07-darpa-e5-theia-0515,C07-darpa-e5-theia-0515|stage|m040|23,stage,0.4,23,C07-darpa-e5-theia-0515|stage|m040|23|d1|C07-AA-001,1,C07-AA-001,8.0,3,2,3.0,C07-AA-002>C07-AA-003,3.0,C07-AA-002>C07-AA-003,C07-AA-002>C07-AA-003,target_reached,0,zero,1,1,0,0,0.0,0.0,1,1
C07-darpa-e5-theia-0515,C07-darpa-e5-theia-0515|stage|m040|23,stage,0.4,23,C07-darpa-e5-theia-0515|stage|m040|23|d1|C07-AA-002,1,C07-AA-002,7.0,4,1,1.0,C07-AA-003,1.0,C07-AA-003,C07-AA-003,target_reached,0,zero,1,1,0,0,0.0,0.0,1,1
C07-darpa-e5-theia-0515,C07-darpa-e5-theia-0515|stage|m040|23,stage,0.4,23,C07-darpa-e5-theia-0515|stage|m040|23|d1|C07-AA-003,1,C07-AA-003,8.0,4,1,2.0,C07-AA-002,3.0,C07-AA-001>C07-AA-002,C07-AA-001>C07-AA-002,target_reached,0,positive,1,1,0,0,1.0,0.5,0,0
C07-darpa-e5-theia-0515,C07-darpa-e5-theia-0515|stage|m040|23,stage,0.4,23,C07-darpa-e5-theia-0515|stage|m040|23|d1|C07-AA-004,1,C07-AA-004,7.0,3,2,3.0,C07-AA-002>C07-AA-003,4.0,C07-AA-001>C07-AA-002>C07-AA-003,C07-AA-002>C07-AA-002>C07-AA-003,target_reached,1,positive,1,1,0,0,1.0,0.3333333333333333,0,0
C07-darpa-e5-theia-0515,C07-darpa-e5-theia-0515|stage|m040|23,stage,0.4,23,C07-darpa-e5-theia-0515|stage|m040|23|d2|C07-AA-001>C07-AA-002,2,C07-AA-001>C07-AA-002,6.0,4,1,1.0,C07-AA-003,1.0,C07-AA-003,C07-AA-003,target_reached,0,zero,1,1,0,0,0.0,0.0,1,1
C07-darpa-e5-theia-0515,C07-darpa-e5-theia-0515|stage|m040|23,stage,0.4,23,C07-darpa-e5-theia-0515|stage|m040|23|d2|C07-AA-001>C07-AA-003,2,C07-AA-001>C07-AA-003,7.0,4,1,2.0,C07-AA-002,2.0,C07-AA-002,C07-AA-002,target_reached,0,zero,1,1,0,0,0.0,0.0,1,1
C07-darpa-e5-theia-0515,C07-darpa-e5-theia-0515|stage|m040|23,stage,0.4,23,C07-darpa-e5-theia-0515|stage|m040|23|d2|C07-AA-001>C07-AA-004,2,C07-AA-001>C07-AA-004,6.0,3,2,3.0,C07-AA-002>C07-AA-003,3.0,C07-AA-002>C07-AA-003,C07-AA-002>C07-AA-003,target_reached,0,zero,1,1,0,0,0.0,0.0,1,1
C07-darpa-e5-theia-0515,C07-darpa-e5-theia-0515|stage|m040|23,stage,0.4,23,C07-darpa-e5-theia-0515|stage|m040|23|d2|C07-AA-002>C07-AA-004,2,C07-AA-002>C07-AA-004,5.0,4,1,1.0,C07-AA-003,1.0,C07-AA-003,C07-AA-003,target_reached,0,zero,1,1,0,0,0.0,0.0,1,1
C07-darpa-e5-theia-0515,C07-darpa-e5-theia-0515|stage|m040|23,stage,0.4,23,C07-darpa-e5-theia-0515|stage|m040|23|d2|C07-AA-003>C07-AA-004,2,C07-AA-003>C07-AA-004,6.0,4,1,2.0,C07-AA-002,3.0,C07-AA-001>C07-AA-002,C07-AA-001>C07-AA-002,target_reached,0,positive,1,1,0,0,1.0,0.5,0,0
C07-darpa-e5-theia-0515,C07-darpa-e5-theia-0515|stage|m040|37,stage,0.4,37,C07-darpa-e5-theia-0515|stage|m040|37|d0|root,0,,9.0,3,2,3.0,C07-AA-002>C07-AA-003,4.0,C07-AA-001>C07-AA-002>C07-AA-003,C07-AA-001>C07-AA-002>C07-AA-003,target_reached,0,positive,1,1,0,0,1.0,0.3333333333333333,0,0
C07-darpa-e5-theia-0515,C07-darpa-e5-theia-0515|stage|m040|37,stage,0.4,37,C07-darpa-e5-theia-0515|stage|m040|37|d1|C07-AA-001,1,C07-AA-001,8.0,3,2,3.0,C07-AA-002>C07-AA-003,3.0,C07-AA-002>C07-AA-003,C07-AA-002>C07-AA-003,target_reached,0,zero,1,1,0,0,0.0,0.0,1,1
C07-darpa-e5-theia-0515,C07-darpa-e5-theia-0515|stage|m040|37,stage,0.4,37,C07-darpa-e5-theia-0515|stage|m040|37|d1|C07-AA-002,1,C07-AA-002,7.0,4,1,1.0,C07-AA-003,1.0,C07-AA-003,C07-AA-003,target_reached,0,zero,1,1,0,0,0.0,0.0,1,1
C07-darpa-e5-theia-0515,C07-darpa-e5-theia-0515|stage|m040|37,stage,0.4,37,C07-darpa-e5-theia-0515|stage|m040|37|d1|C07-AA-003,1,C07-AA-003,8.0,4,1,2.0,C07-AA-002,3.0,C07-AA-001>C07-AA-002,C07-AA-001>C07-AA-002,target_reached,0,positive,1,1,0,0,1.0,0.5,0,0
C07-darpa-e5-theia-0515,C07-darpa-e5-theia-0515|stage|m040|37,stage,0.4,37,C07-darpa-e5-theia-0515|stage|m040|37|d1|C07-AA-004,1,C07-AA-004,7.0,3,2,3.0,C07-AA-002>C07-AA-003,4.0,C07-AA-001>C07-AA-002>C07-AA-003,C07-AA-002>C07-AA-002>C07-AA-003,target_reached,1,positive,1,1,0,0,1.0,0.3333333333333333,0,0
C07-darpa-e5-theia-0515,C07-darpa-e5-theia-0515|stage|m040|37,stage,0.4,37,C07-darpa-e5-theia-0515|stage|m040|37|d2|C07-AA-001>C07-AA-002,2,C07-AA-001>C07-AA-002,6.0,4,1,1.0,C07-AA-003,1.0,C07-AA-003,C07-AA-003,target_reached,0,zero,1,1,0,0,0.0,0.0,1,1
C07-darpa-e5-theia-0515,C07-darpa-e5-theia-0515|stage|m040|37,stage,0.4,37,C07-darpa-e5-theia-0515|stage|m040|37|d2|C07-AA-001>C07-AA-003,2,C07-AA-001>C07-AA-003,7.0,4,1,2.0,C07-AA-002,2.0,C07-AA-002,C07-AA-002,target_reached,0,zero,1,1,0,0,0.0,0.0,1,1
C07-darpa-e5-theia-0515,C07-darpa-e5-theia-0515|stage|m040|37,stage,0.4,37,C07-darpa-e5-theia-0515|stage|m040|37|d2|C07-AA-001>C07-AA-004,2,C07-AA-001>C07-AA-004,6.0,3,2,3.0,C07-AA-002>C07-AA-003,3.0,C07-AA-002>C07-AA-003,C07-AA-002>C07-AA-003,target_reached,0,zero,1,1,0,0,0.0,0.0,1,1
C07-darpa-e5-theia-0515,C07-darpa-e5-theia-0515|stage|m040|37,stage,0.4,37,C07-darpa-e5-theia-0515|stage|m040|37|d2|C07-AA-002>C07-AA-004,2,C07-AA-002>C07-AA-004,5.0,4,1,1.0,C07-AA-003,1.0,C07-AA-003,C07-AA-003,target_reached,0,zero,1,1,0,0,0.0,0.0,1,1
C07-darpa-e5-theia-0515,C07-darpa-e5-theia-0515|stage|m040|37,stage,0.4,37,C07-darpa-e5-theia-0515|stage|m040|37|d2|C07-AA-003>C07-AA-004,2,C07-AA-003>C07-AA-004,6.0,4,1,2.0,C07-AA-002,3.0,C07-AA-001>C07-AA-002,C07-AA-001>C07-AA-002,target_reached,0,positive,1,1,0,0,1.0,0.5,0,0
C07-darpa-e5-theia-0515,C07-darpa-e5-theia-0515|stage|m040|41,stage,0.4,41,C07-darpa-e5-theia-0515|stage|m040|41|d0|root,0,,9.0,3,2,2.0,C07-AA-001>C07-AA-003,2.0,C07-AA-001>C07-AA-003,C07-AA-001>C07-AA-003,target_reached,0,zero,1,1,0,0,0.0,0.0,1,1
C07-darpa-e5-theia-0515,C07-darpa-e5-theia-0515|stage|m040|41,stage,0.4,41,C07-darpa-e5-theia-0515|stage|m040|41|d1|C07-AA-001,1,C07-AA-001,8.0,4,1,1.0,C07-AA-003,1.0,C07-AA-003,C07-AA-003,target_reached,0,zero,1,1,0,0,0.0,0.0,1,1
C07-darpa-e5-theia-0515,C07-darpa-e5-theia-0515|stage|m040|41,stage,0.4,41,C07-darpa-e5-theia-0515|stage|m040|41|d1|C07-AA-002,1,C07-AA-002,7.0,4,1,1.0,C07-AA-003,1.0,C07-AA-003,C07-AA-003,target_reached,0,zero,1,1,0,0,0.0,0.0,1,1
C07-darpa-e5-theia-0515,C07-darpa-e5-theia-0515|stage|m040|41,stage,0.4,41,C07-darpa-e5-theia-0515|stage|m040|41|d1|C07-AA-003,1,C07-AA-003,8.0,4,1,1.0,C07-AA-001,1.0,C07-AA-001,C07-AA-001,target_reached,0,zero,1,1,0,0,0.0,0.0,1,1
C07-darpa-e5-theia-0515,C07-darpa-e5-theia-0515|stage|m040|41,stage,0.4,41,C07-darpa-e5-theia-0515|stage|m040|41|d1|C07-AA-004,1,C07-AA-004,7.0,3,2,2.0,C07-AA-001>C07-AA-003,2.0,C07-AA-001>C07-AA-003,C07-AA-002>C07-AA-003,target_reached,1,zero,1,1,0,0,0.0,0.0,1,1
C07-darpa-e5-theia-0515,C07-darpa-e5-theia-0515|stage|m040|41,stage,0.4,41,C07-darpa-e5-theia-0515|stage|m040|41|d2|C07-AA-001>C07-AA-002,2,C07-AA-001>C07-AA-002,6.0,4,1,1.0,C07-AA-003,1.0,C07-AA-003,C07-AA-003,target_reached,0,zero,1,1,0,0,0.0,0.0,1,1
C07-darpa-e5-theia-0515,C07-darpa-e5-theia-0515|stage|m040|41,stage,0.4,41,C07-darpa-e5-theia-0515|stage|m040|41|d2|C07-AA-001>C07-AA-004,2,C07-AA-001>C07-AA-004,6.0,4,1,1.0,C07-AA-003,1.0,C07-AA-003,C07-AA-003,target_reached,0,zero,1,1,0,0,0.0,0.0,1,1
C07-darpa-e5-theia-0515,C07-darpa-e5-theia-0515|stage|m040|41,stage,0.4,41,C07-darpa-e5-theia-0515|stage|m040|41|d2|C07-AA-002>C07-AA-001,2,C07-AA-002>C07-AA-001,6.0,4,1,1.0,C07-AA-003,1.0,C07-AA-003,C07-AA-003,target_reached,0,zero,1,1,0,0,0.0,0.0,1,1
C07-darpa-e5-theia-0515,C07-darpa-e5-theia-0515|stage|m040|41,stage,0.4,41,C07-darpa-e5-theia-0515|stage|m040|41|d2|C07-AA-002>C07-AA-004,2,C07-AA-002>C07-AA-004,5.0,4,1,1.0,C07-AA-003,1.0,C07-AA-003,C07-AA-003,target_reached,0,zero,1,1,0,0,0.0,0.0,1,1
C07-darpa-e5-theia-0515,C07-darpa-e5-theia-0515|stage|m040|41,stage,0.4,41,C07-darpa-e5-theia-0515|stage|m040|41|d2|C07-AA-003>C07-AA-004,2,C07-AA-003>C07-AA-004,6.0,4,1,1.0,C07-AA-001,1.0,C07-AA-001,C07-AA-001,target_reached,0,zero,1,1,0,0,0.0,0.0,1,1
C07-darpa-e5-theia-0515,C07-darpa-e5-theia-0515|stage|m040|53,stage,0.4,53,C07-darpa-e5-theia-0515|stage|m040|53|d0|root,0,,9.0,3,2,2.0,C07-AA-001>C07-AA-003,2.0,C07-AA-001>C07-AA-003,C07-AA-001>C07-AA-003,target_reached,0,zero,1,1,0,0,0.0,0.0,1,1
C07-darpa-e5-theia-0515,C07-darpa-e5-theia-0515|stage|m040|53,stage,0.4,53,C07-darpa-e5-theia-0515|stage|m040|53|d1|C07-AA-001,1,C07-AA-001,8.0,4,1,1.0,C07-AA-003,1.0,C07-AA-003,C07-AA-003,target_reached,0,zero,1,1,0,0,0.0,0.0,1,1
C07-darpa-e5-theia-0515,C07-darpa-e5-theia-0515|stage|m040|53,stage,0.4,53,C07-darpa-e5-theia-0515|stage|m040|53|d1|C07-AA-002,1,C07-AA-002,7.0,4,1,1.0,C07-AA-003,1.0,C07-AA-003,C07-AA-003,target_reached,0,zero,1,1,0,0,0.0,0.0,1,1
C07-darpa-e5-theia-0515,C07-darpa-e5-theia-0515|stage|m040|53,stage,0.4,53,C07-darpa-e5-theia-0515|stage|m040|53|d1|C07-AA-003,1,C07-AA-003,8.0,4,1,1.0,C07-AA-001,1.0,C07-AA-001,C07-AA-001,target_reached,0,zero,1,1,0,0,0.0,0.0,1,1
C07-darpa-e5-theia-0515,C07-darpa-e5-theia-0515|stage|m040|53,stage,0.4,53,C07-darpa-e5-theia-0515|stage|m040|53|d1|C07-AA-004,1,C07-AA-004,7.0,3,2,2.0,C07-AA-001>C07-AA-003,2.0,C07-AA-001>C07-AA-003,C07-AA-002>C07-AA-003,target_reached,1,zero,1,1,0,0,0.0,0.0,1,1
C07-darpa-e5-theia-0515,C07-darpa-e5-theia-0515|stage|m040|53,stage,0.4,53,C07-darpa-e5-theia-0515|stage|m040|53|d2|C07-AA-001>C07-AA-002,2,C07-AA-001>C07-AA-002,6.0,4,1,1.0,C07-AA-003,1.0,C07-AA-003,C07-AA-003,target_reached,0,zero,1,1,0,0,0.0,0.0,1,1
C07-darpa-e5-theia-0515,C07-darpa-e5-theia-0515|stage|m040|53,stage,0.4,53,C07-darpa-e5-theia-0515|stage|m040|53|d2|C07-AA-001>C07-AA-004,2,C07-AA-001>C07-AA-004,6.0,4,1,1.0,C07-AA-003,1.0,C07-AA-003,C07-AA-003,target_reached,0,zero,1,1,0,0,0.0,0.0,1,1
C07-darpa-e5-theia-0515,C07-darpa-e5-theia-0515|stage|m040|53,stage,0.4,53,C07-darpa-e5-theia-0515|stage|m040|53|d2|C07-AA-002>C07-AA-001,2,C07-AA-002>C07-AA-001,6.0,4,1,1.0,C07-AA-003,1.0,C07-AA-003,C07-AA-003,target_reached,0,zero,1,1,0,0,0.0,0.0,1,1
C07-darpa-e5-theia-0515,C07-darpa-e5-theia-0515|stage|m040|53,stage,0.4,53,C07-darpa-e5-theia-0515|stage|m040|53|d2|C07-AA-002>C07-AA-004,2,C07-AA-002>C07-AA-004,5.0,4,1,1.0,C07-AA-003,1.0,C07-AA-003,C07-AA-003,target_reached,0,zero,1,1,0,0,0.0,0.0,1,1
C07-darpa-e5-theia-0515,C07-darpa-e5-theia-0515|stage|m040|53,stage,0.4,53,C07-darpa-e5-theia-0515|stage|m040|53|d2|C07-AA-003>C07-AA-004,2,C07-AA-003>C07-AA-004,6.0,4,1,1.0,C07-AA-001,1.0,C07-AA-001,C07-AA-001,target_reached,0,zero,1,1,0,0,0.0,0.0,1,1
C07-darpa-e5-theia-0515,C07-darpa-e5-theia-0515|stage|m060|11,stage,0.6,11,C07-darpa-e5-theia-0515|stage|m060|11|d0|root,0,,9.0,2,3,4.0,C07-AA-001>C07-AA-003>C07-AA-004,4.0,C07-AA-004>C07-AA-001>C07-AA-003,C07-AA-004>C07-AA-002>C07-AA-003,target_reached,1,zero,1,1,0,0,0.0,0.0,1,0
C07-darpa-e5-theia-0515,C07-darpa-e5-theia-0515|stage|m060|11,stage,0.6,11,C07-darpa-e5-theia-0515|stage|m060|11|d1|C07-AA-001,1,C07-AA-001,8.0,3,2,3.0,C07-AA-003>C07-AA-004,3.0,C07-AA-003>C07-AA-004,C07-AA-003>C07-AA-004,target_reached,0,zero,1,1,0,0,0.0,0.0,1,1
C07-darpa-e5-theia-0515,C07-darpa-e5-theia-0515|stage|m060|11,stage,0.6,11,C07-darpa-e5-theia-0515|stage|m060|11|d1|C07-AA-002,1,C07-AA-002,7.0,3,2,3.0,C07-AA-003>C07-AA-004,3.0,C07-AA-003>C07-AA-004,C07-AA-003>C07-AA-004,target_reached,0,zero,1,1,0,0,0.0,0.0,1,1
C07-darpa-e5-theia-0515,C07-darpa-e5-theia-0515|stage|m060|11,stage,0.6,11,C07-darpa-e5-theia-0515|stage|m060|11|d1|C07-AA-003,1,C07-AA-003,8.0,3,2,3.0,C07-AA-001>C07-AA-004,3.0,C07-AA-001>C07-AA-004,C07-AA-001>C07-AA-004,target_reached,0,zero,1,1,0,0,0.0,0.0,1,1
C07-darpa-e5-theia-0515,C07-darpa-e5-theia-0515|stage|m060|11,stage,0.6,11,C07-darpa-e5-theia-0515|stage|m060|11|d1|C07-AA-004,1,C07-AA-004,7.0,3,2,2.0,C07-AA-001>C07-AA-003,2.0,C07-AA-001>C07-AA-003,C07-AA-002>C07-AA-003,target_reached,1,zero,1,1,0,0,0.0,0.0,1,1
C07-darpa-e5-theia-0515,C07-darpa-e5-theia-0515|stage|m060|11,stage,0.6,11,C07-darpa-e5-theia-0515|stage|m060|11|d2|C07-AA-001>C07-AA-002,2,C07-AA-001>C07-AA-002,6.0,3,2,3.0,C07-AA-003>C07-AA-004,3.0,C07-AA-003>C07-AA-004,C07-AA-003>C07-AA-004,target_reached,0,zero,1,1,0,0,0.0,0.0,1,1
C07-darpa-e5-theia-0515,C07-darpa-e5-theia-0515|stage|m060|11,stage,0.6,11,C07-darpa-e5-theia-0515|stage|m060|11|d2|C07-AA-001>C07-AA-003,2,C07-AA-001>C07-AA-003,7.0,4,1,2.0,C07-AA-004,2.0,C07-AA-004,C07-AA-004,target_reached,0,zero,1,1,0,0,0.0,0.0,1,1
C07-darpa-e5-theia-0515,C07-darpa-e5-theia-0515|stage|m060|11,stage,0.6,11,C07-darpa-e5-theia-0515|stage|m060|11|d2|C07-AA-001>C07-AA-004,2,C07-AA-001>C07-AA-004,6.0,4,1,1.0,C07-AA-003,1.0,C07-AA-003,C07-AA-003,target_reached,0,zero,1,1,0,0,0.0,0.0,1,1
C07-darpa-e5-theia-0515,C07-darpa-e5-theia-0515|stage|m060|11,stage,0.6,11,C07-darpa-e5-theia-0515|stage|m060|11|d2|C07-AA-002>C07-AA-001,2,C07-AA-002>C07-AA-001,6.0,3,2,3.0,C07-AA-003>C07-AA-004,3.0,C07-AA-003>C07-AA-004,C07-AA-003>C07-AA-004,target_reached,0,zero,1,1,0,0,0.0,0.0,1,1
C07-darpa-e5-theia-0515,C07-darpa-e5-theia-0515|stage|m060|11,stage,0.6,11,C07-darpa-e5-theia-0515|stage|m060|11|d2|C07-AA-002>C07-AA-003,2,C07-AA-002>C07-AA-003,6.0,4,1,2.0,C07-AA-004,2.0,C07-AA-004,C07-AA-004,target_reached,0,zero,1,1,0,0,0.0,0.0,1,1
C07-darpa-e5-theia-0515,C07-darpa-e5-theia-0515|stage|m060|11,stage,0.6,11,C07-darpa-e5-theia-0515|stage|m060|11|d2|C07-AA-002>C07-AA-004,2,C07-AA-002>C07-AA-004,5.0,4,1,1.0,C07-AA-003,1.0,C07-AA-003,C07-AA-003,target_reached,0,zero,1,1,0,0,0.0,0.0,1,1
C07-darpa-e5-theia-0515,C07-darpa-e5-theia-0515|stage|m060|11,stage,0.6,11,C07-darpa-e5-theia-0515|stage|m060|11|d2|C07-AA-003>C07-AA-004,2,C07-AA-003>C07-AA-004,6.0,4,1,1.0,C07-AA-001,1.0,C07-AA-001,C07-AA-001,target_reached,0,zero,1,1,0,0,0.0,0.0,1,1
C07-darpa-e5-theia-0515,C07-darpa-e5-theia-0515|stage|m060|23,stage,0.6,23,C07-darpa-e5-theia-0515|stage|m060|23|d0|root,0,,9.0,2,3,5.0,C07-AA-002>C07-AA-003>C07-AA-004,6.0,C07-AA-004>C07-AA-001>C07-AA-002>C07-AA-003,C07-AA-004>C07-AA-002>C07-AA-002>C07-AA-003,target_reached,1,positive,1,1,0,0,1.0,0.2,0,0
C07-darpa-e5-theia-0515,C07-darpa-e5-theia-0515|stage|m060|23,stage,0.6,23,C07-darpa-e5-theia-0515|stage|m060|23|d1|C07-AA-001,1,C07-AA-001,8.0,2,3,5.0,C07-AA-002>C07-AA-003>C07-AA-004,5.0,C07-AA-003>C07-AA-004>C07-AA-002,C07-AA-004>C07-AA-004>C07-AA-002,target_reached,1,zero,1,1,0,0,0.0,0.0,1,0
C07-darpa-e5-theia-0515,C07-darpa-e5-theia-0515|stage|m060|23,stage,0.6,23,C07-darpa-e5-theia-0515|stage|m060|23|d1|C07-AA-002,1,C07-AA-002,7.0,3,2,3.0,C07-AA-003>C07-AA-004,3.0,C07-AA-003>C07-AA-004,C07-AA-003>C07-AA-004,target_reached,0,zero,1,1,0,0,0.0,0.0,1,1
C07-darpa-e5-theia-0515,C07-darpa-e5-theia-0515|stage|m060|23,stage,0.6,23,C07-darpa-e5-theia-0515|stage|m060|23|d1|C07-AA-003,1,C07-AA-003,8.0,3,2,4.0,C07-AA-002>C07-AA-004,5.0,C07-AA-001>C07-AA-004>C07-AA-002,C07-AA-001>C07-AA-004>C07-AA-002,target_reached,0,positive,1,1,0,0,1.0,0.25,0,0
C07-darpa-e5-theia-0515,C07-darpa-e5-theia-0515|stage|m060|23,stage,0.6,23,C07-darpa-e5-theia-0515|stage|m060|23|d1|C07-AA-004,1,C07-AA-004,7.0,3,2,3.0,C07-AA-002>C07-AA-003,4.0,C07-AA-001>C07-AA-002>C07-AA-003,C07-AA-002>C07-AA-002>C07-AA-003,target_reached,1,positive,1,1,0,0,1.0,0.3333333333333333,0,0
C07-darpa-e5-theia-0515,C07-darpa-e5-theia-0515|stage|m060|23,stage,0.6,23,C07-darpa-e5-theia-0515|stage|m060|23|d2|C07-AA-001>C07-AA-002,2,C07-AA-001>C07-AA-002,6.0,3,2,3.0,C07-AA-003>C07-AA-004,3.0,C07-AA-003>C07-AA-004,C07-AA-003>C07-AA-004,target_reached,0,zero,1,1,0,0,0.0,0.0,1,1
C07-darpa-e5-theia-0515,C07-darpa-e5-theia-0515|stage|m060|23,stage,0.6,23,C07-darpa-e5-theia-0515|stage|m060|23|d2|C07-AA-001>C07-AA-003,2,C07-AA-001>C07-AA-003,7.0,3,2,4.0,C07-AA-002>C07-AA-004,4.0,C07-AA-004>C07-AA-002,C07-AA-004>C07-AA-002,target_reached,0,zero,1,1,0,0,0.0,0.0,1,0
C07-darpa-e5-theia-0515,C07-darpa-e5-theia-0515|stage|m060|23,stage,0.6,23,C07-darpa-e5-theia-0515|stage|m060|23|d2|C07-AA-001>C07-AA-004,2,C07-AA-001>C07-AA-004,6.0,3,2,3.0,C07-AA-002>C07-AA-003,3.0,C07-AA-002>C07-AA-003,C07-AA-002>C07-AA-003,target_reached,0,zero,1,1,0,0,0.0,0.0,1,1
C07-darpa-e5-theia-0515,C07-darpa-e5-theia-0515|stage|m060|23,stage,0.6,23,C07-darpa-e5-theia-0515|stage|m060|23|d2|C07-AA-002>C07-AA-003,2,C07-AA-002>C07-AA-003,6.0,4,1,2.0,C07-AA-004,2.0,C07-AA-004,C07-AA-004,target_reached,0,zero,1,1,0,0,0.0,0.0,1,1
C07-darpa-e5-theia-0515,C07-darpa-e5-theia-0515|stage|m060|23,stage,0.6,23,C07-darpa-e5-theia-0515|stage|m060|23|d2|C07-AA-002>C07-AA-004,2,C07-AA-002>C07-AA-004,5.0,4,1,1.0,C07-AA-003,1.0,C07-AA-003,C07-AA-003,target_reached,0,zero,1,1,0,0,0.0,0.0,1,1
C07-darpa-e5-theia-0515,C07-darpa-e5-theia-0515|stage|m060|23,stage,0.6,23,C07-darpa-e5-theia-0515|stage|m060|23|d2|C07-AA-003>C07-AA-004,2,C07-AA-003>C07-AA-004,6.0,4,1,2.0,C07-AA-002,3.0,C07-AA-001>C07-AA-002,C07-AA-001>C07-AA-002,target_reached,0,positive,1,1,0,0,1.0,0.5,0,0
C07-darpa-e5-theia-0515,C07-darpa-e5-theia-0515|stage|m060|37,stage,0.6,37,C07-darpa-e5-theia-0515|stage|m060|37|d0|root,0,,9.0,2,3,5.0,C07-AA-002>C07-AA-003>C07-AA-004,6.0,C07-AA-004>C07-AA-001>C07-AA-002>C07-AA-003,C07-AA-004>C07-AA-002>C07-AA-002>C07-AA-003,target_reached,1,positive,1,1,0,0,1.0,0.2,0,0
C07-darpa-e5-theia-0515,C07-darpa-e5-theia-0515|stage|m060|37,stage,0.6,37,C07-darpa-e5-theia-0515|stage|m060|37|d1|C07-AA-001,1,C07-AA-001,8.0,2,3,5.0,C07-AA-002>C07-AA-003>C07-AA-004,5.0,C07-AA-003>C07-AA-004>C07-AA-002,C07-AA-004>C07-AA-004>C07-AA-002,target_reached,1,zero,1,1,0,0,0.0,0.0,1,0
C07-darpa-e5-theia-0515,C07-darpa-e5-theia-0515|stage|m060|37,stage,0.6,37,C07-darpa-e5-theia-0515|stage|m060|37|d1|C07-AA-002,1,C07-AA-002,7.0,3,2,3.0,C07-AA-003>C07-AA-004,3.0,C07-AA-003>C07-AA-004,C07-AA-003>C07-AA-004,target_reached,0,zero,1,1,0,0,0.0,0.0,1,1
C07-darpa-e5-theia-0515,C07-darpa-e5-theia-0515|stage|m060|37,stage,0.6,37,C07-darpa-e5-theia-0515|stage|m060|37|d1|C07-AA-003,1,C07-AA-003,8.0,3,2,4.0,C07-AA-002>C07-AA-004,5.0,C07-AA-001>C07-AA-004>C07-AA-002,C07-AA-001>C07-AA-004>C07-AA-002,target_reached,0,positive,1,1,0,0,1.0,0.25,0,0
C07-darpa-e5-theia-0515,C07-darpa-e5-theia-0515|stage|m060|37,stage,0.6,37,C07-darpa-e5-theia-0515|stage|m060|37|d1|C07-AA-004,1,C07-AA-004,7.0,3,2,3.0,C07-AA-002>C07-AA-003,4.0,C07-AA-001>C07-AA-002>C07-AA-003,C07-AA-002>C07-AA-002>C07-AA-003,target_reached,1,positive,1,1,0,0,1.0,0.3333333333333333,0,0
C07-darpa-e5-theia-0515,C07-darpa-e5-theia-0515|stage|m060|37,stage,0.6,37,C07-darpa-e5-theia-0515|stage|m060|37|d2|C07-AA-001>C07-AA-002,2,C07-AA-001>C07-AA-002,6.0,3,2,3.0,C07-AA-003>C07-AA-004,3.0,C07-AA-003>C07-AA-004,C07-AA-003>C07-AA-004,target_reached,0,zero,1,1,0,0,0.0,0.0,1,1
C07-darpa-e5-theia-0515,C07-darpa-e5-theia-0515|stage|m060|37,stage,0.6,37,C07-darpa-e5-theia-0515|stage|m060|37|d2|C07-AA-001>C07-AA-003,2,C07-AA-001>C07-AA-003,7.0,3,2,4.0,C07-AA-002>C07-AA-004,4.0,C07-AA-004>C07-AA-002,C07-AA-004>C07-AA-002,target_reached,0,zero,1,1,0,0,0.0,0.0,1,0
C07-darpa-e5-theia-0515,C07-darpa-e5-theia-0515|stage|m060|37,stage,0.6,37,C07-darpa-e5-theia-0515|stage|m060|37|d2|C07-AA-001>C07-AA-004,2,C07-AA-001>C07-AA-004,6.0,3,2,3.0,C07-AA-002>C07-AA-003,3.0,C07-AA-002>C07-AA-003,C07-AA-002>C07-AA-003,target_reached,0,zero,1,1,0,0,0.0,0.0,1,1
C07-darpa-e5-theia-0515,C07-darpa-e5-theia-0515|stage|m060|37,stage,0.6,37,C07-darpa-e5-theia-0515|stage|m060|37|d2|C07-AA-002>C07-AA-003,2,C07-AA-002>C07-AA-003,6.0,4,1,2.0,C07-AA-004,2.0,C07-AA-004,C07-AA-004,target_reached,0,zero,1,1,0,0,0.0,0.0,1,1
C07-darpa-e5-theia-0515,C07-darpa-e5-theia-0515|stage|m060|37,stage,0.6,37,C07-darpa-e5-theia-0515|stage|m060|37|d2|C07-AA-002>C07-AA-004,2,C07-AA-002>C07-AA-004,5.0,4,1,1.0,C07-AA-003,1.0,C07-AA-003,C07-AA-003,target_reached,0,zero,1,1,0,0,0.0,0.0,1,1
C07-darpa-e5-theia-0515,C07-darpa-e5-theia-0515|stage|m060|37,stage,0.6,37,C07-darpa-e5-theia-0515|stage|m060|37|d2|C07-AA-003>C07-AA-004,2,C07-AA-003>C07-AA-004,6.0,4,1,2.0,C07-AA-002,3.0,C07-AA-001>C07-AA-002,C07-AA-001>C07-AA-002,target_reached,0,positive,1,1,0,0,1.0,0.5,0,0
C07-darpa-e5-theia-0515,C07-darpa-e5-theia-0515|stage|m060|41,stage,0.6,41,C07-darpa-e5-theia-0515|stage|m060|41|d0|root,0,,9.0,2,3,4.0,C07-AA-001>C07-AA-003>C07-AA-004,4.0,C07-AA-004>C07-AA-001>C07-AA-003,C07-AA-004>C07-AA-002>C07-AA-003,target_reached,1,zero,1,1,0,0,0.0,0.0,1,0
C07-darpa-e5-theia-0515,C07-darpa-e5-theia-0515|stage|m060|41,stage,0.6,41,C07-darpa-e5-theia-0515|stage|m060|41|d1|C07-AA-001,1,C07-AA-001,8.0,3,2,3.0,C07-AA-003>C07-AA-004,3.0,C07-AA-003>C07-AA-004,C07-AA-003>C07-AA-004,target_reached,0,zero,1,1,0,0,0.0,0.0,1,1
C07-darpa-e5-theia-0515,C07-darpa-e5-theia-0515|stage|m060|41,stage,0.6,41,C07-darpa-e5-theia-0515|stage|m060|41|d1|C07-AA-002,1,C07-AA-002,7.0,3,2,3.0,C07-AA-003>C07-AA-004,3.0,C07-AA-003>C07-AA-004,C07-AA-003>C07-AA-004,target_reached,0,zero,1,1,0,0,0.0,0.0,1,1
C07-darpa-e5-theia-0515,C07-darpa-e5-theia-0515|stage|m060|41,stage,0.6,41,C07-darpa-e5-theia-0515|stage|m060|41|d1|C07-AA-003,1,C07-AA-003,8.0,3,2,3.0,C07-AA-001>C07-AA-004,3.0,C07-AA-001>C07-AA-004,C07-AA-001>C07-AA-004,target_reached,0,zero,1,1,0,0,0.0,0.0,1,1
C07-darpa-e5-theia-0515,C07-darpa-e5-theia-0515|stage|m060|41,stage,0.6,41,C07-darpa-e5-theia-0515|stage|m060|41|d1|C07-AA-004,1,C07-AA-004,7.0,3,2,2.0,C07-AA-001>C07-AA-003,2.0,C07-AA-001>C07-AA-003,C07-AA-002>C07-AA-003,target_reached,1,zero,1,1,0,0,0.0,0.0,1,1
C07-darpa-e5-theia-0515,C07-darpa-e5-theia-0515|stage|m060|41,stage,0.6,41,C07-darpa-e5-theia-0515|stage|m060|41|d2|C07-AA-001>C07-AA-002,2,C07-AA-001>C07-AA-002,6.0,3,2,3.0,C07-AA-003>C07-AA-004,3.0,C07-AA-003>C07-AA-004,C07-AA-003>C07-AA-004,target_reached,0,zero,1,1,0,0,0.0,0.0,1,1
C07-darpa-e5-theia-0515,C07-darpa-e5-theia-0515|stage|m060|41,stage,0.6,41,C07-darpa-e5-theia-0515|stage|m060|41|d2|C07-AA-001>C07-AA-003,2,C07-AA-001>C07-AA-003,7.0,4,1,2.0,C07-AA-004,2.0,C07-AA-004,C07-AA-004,target_reached,0,zero,1,1,0,0,0.0,0.0,1,1
C07-darpa-e5-theia-0515,C07-darpa-e5-theia-0515|stage|m060|41,stage,0.6,41,C07-darpa-e5-theia-0515|stage|m060|41|d2|C07-AA-001>C07-AA-004,2,C07-AA-001>C07-AA-004,6.0,4,1,1.0,C07-AA-003,1.0,C07-AA-003,C07-AA-003,target_reached,0,zero,1,1,0,0,0.0,0.0,1,1
C07-darpa-e5-theia-0515,C07-darpa-e5-theia-0515|stage|m060|41,stage,0.6,41,C07-darpa-e5-theia-0515|stage|m060|41|d2|C07-AA-002>C07-AA-001,2,C07-AA-002>C07-AA-001,6.0,3,2,3.0,C07-AA-003>C07-AA-004,3.0,C07-AA-003>C07-AA-004,C07-AA-003>C07-AA-004,target_reached,0,zero,1,1,0,0,0.0,0.0,1,1
C07-darpa-e5-theia-0515,C07-darpa-e5-theia-0515|stage|m060|41,stage,0.6,41,C07-darpa-e5-theia-0515|stage|m060|41|d2|C07-AA-002>C07-AA-003,2,C07-AA-002>C07-AA-003,6.0,4,1,2.0,C07-AA-004,2.0,C07-AA-004,C07-AA-004,target_reached,0,zero,1,1,0,0,0.0,0.0,1,1
C07-darpa-e5-theia-0515,C07-darpa-e5-theia-0515|stage|m060|41,stage,0.6,41,C07-darpa-e5-theia-0515|stage|m060|41|d2|C07-AA-002>C07-AA-004,2,C07-AA-002>C07-AA-004,5.0,4,1,1.0,C07-AA-003,1.0,C07-AA-003,C07-AA-003,target_reached,0,zero,1,1,0,0,0.0,0.0,1,1
C07-darpa-e5-theia-0515,C07-darpa-e5-theia-0515|stage|m060|41,stage,0.6,41,C07-darpa-e5-theia-0515|stage|m060|41|d2|C07-AA-003>C07-AA-004,2,C07-AA-003>C07-AA-004,6.0,4,1,1.0,C07-AA-001,1.0,C07-AA-001,C07-AA-001,target_reached,0,zero,1,1,0,0,0.0,0.0,1,1
C07-darpa-e5-theia-0515,C07-darpa-e5-theia-0515|stage|m060|53,stage,0.6,53,C07-darpa-e5-theia-0515|stage|m060|53|d0|root,0,,9.0,2,3,4.0,C07-AA-001>C07-AA-003>C07-AA-004,4.0,C07-AA-004>C07-AA-001>C07-AA-003,C07-AA-004>C07-AA-002>C07-AA-003,target_reached,1,zero,1,1,0,0,0.0,0.0,1,0
C07-darpa-e5-theia-0515,C07-darpa-e5-theia-0515|stage|m060|53,stage,0.6,53,C07-darpa-e5-theia-0515|stage|m060|53|d1|C07-AA-001,1,C07-AA-001,8.0,3,2,3.0,C07-AA-003>C07-AA-004,3.0,C07-AA-003>C07-AA-004,C07-AA-003>C07-AA-004,target_reached,0,zero,1,1,0,0,0.0,0.0,1,1
C07-darpa-e5-theia-0515,C07-darpa-e5-theia-0515|stage|m060|53,stage,0.6,53,C07-darpa-e5-theia-0515|stage|m060|53|d1|C07-AA-002,1,C07-AA-002,7.0,3,2,3.0,C07-AA-003>C07-AA-004,3.0,C07-AA-003>C07-AA-004,C07-AA-003>C07-AA-004,target_reached,0,zero,1,1,0,0,0.0,0.0,1,1
C07-darpa-e5-theia-0515,C07-darpa-e5-theia-0515|stage|m060|53,stage,0.6,53,C07-darpa-e5-theia-0515|stage|m060|53|d1|C07-AA-003,1,C07-AA-003,8.0,3,2,3.0,C07-AA-001>C07-AA-004,3.0,C07-AA-001>C07-AA-004,C07-AA-001>C07-AA-004,target_reached,0,zero,1,1,0,0,0.0,0.0,1,1
C07-darpa-e5-theia-0515,C07-darpa-e5-theia-0515|stage|m060|53,stage,0.6,53,C07-darpa-e5-theia-0515|stage|m060|53|d1|C07-AA-004,1,C07-AA-004,7.0,3,2,2.0,C07-AA-001>C07-AA-003,2.0,C07-AA-001>C07-AA-003,C07-AA-002>C07-AA-003,target_reached,1,zero,1,1,0,0,0.0,0.0,1,1
C07-darpa-e5-theia-0515,C07-darpa-e5-theia-0515|stage|m060|53,stage,0.6,53,C07-darpa-e5-theia-0515|stage|m060|53|d2|C07-AA-001>C07-AA-002,2,C07-AA-001>C07-AA-002,6.0,3,2,3.0,C07-AA-003>C07-AA-004,3.0,C07-AA-003>C07-AA-004,C07-AA-003>C07-AA-004,target_reached,0,zero,1,1,0,0,0.0,0.0,1,1
C07-darpa-e5-theia-0515,C07-darpa-e5-theia-0515|stage|m060|53,stage,0.6,53,C07-darpa-e5-theia-0515|stage|m060|53|d2|C07-AA-001>C07-AA-003,2,C07-AA-001>C07-AA-003,7.0,4,1,2.0,C07-AA-004,2.0,C07-AA-004,C07-AA-004,target_reached,0,zero,1,1,0,0,0.0,0.0,1,1
C07-darpa-e5-theia-0515,C07-darpa-e5-theia-0515|stage|m060|53,stage,0.6,53,C07-darpa-e5-theia-0515|stage|m060|53|d2|C07-AA-001>C07-AA-004,2,C07-AA-001>C07-AA-004,6.0,4,1,1.0,C07-AA-003,1.0,C07-AA-003,C07-AA-003,target_reached,0,zero,1,1,0,0,0.0,0.0,1,1
C07-darpa-e5-theia-0515,C07-darpa-e5-theia-0515|stage|m060|53,stage,0.6,53,C07-darpa-e5-theia-0515|stage|m060|53|d2|C07-AA-002>C07-AA-001,2,C07-AA-002>C07-AA-001,6.0,3,2,3.0,C07-AA-003>C07-AA-004,3.0,C07-AA-003>C07-AA-004,C07-AA-003>C07-AA-004,target_reached,0,zero,1,1,0,0,0.0,0.0,1,1
C07-darpa-e5-theia-0515,C07-darpa-e5-theia-0515|stage|m060|53,stage,0.6,53,C07-darpa-e5-theia-0515|stage|m060|53|d2|C07-AA-002>C07-AA-003,2,C07-AA-002>C07-AA-003,6.0,4,1,2.0,C07-AA-004,2.0,C07-AA-004,C07-AA-004,target_reached,0,zero,1,1,0,0,0.0,0.0,1,1
C07-darpa-e5-theia-0515,C07-darpa-e5-theia-0515|stage|m060|53,stage,0.6,53,C07-darpa-e5-theia-0515|stage|m060|53|d2|C07-AA-002>C07-AA-004,2,C07-AA-002>C07-AA-004,5.0,4,1,1.0,C07-AA-003,1.0,C07-AA-003,C07-AA-003,target_reached,0,zero,1,1,0,0,0.0,0.0,1,1
C07-darpa-e5-theia-0515,C07-darpa-e5-theia-0515|stage|m060|53,stage,0.6,53,C07-darpa-e5-theia-0515|stage|m060|53|d2|C07-AA-003>C07-AA-004,2,C07-AA-003>C07-AA-004,6.0,4,1,1.0,C07-AA-001,1.0,C07-AA-001,C07-AA-001,target_reached,0,zero,1,1,0,0,0.0,0.0,1,1
C07-darpa-e5-theia-0515,C07-darpa-e5-theia-0515|discriminative|m020|11,discriminative,0.2,11,C07-darpa-e5-theia-0515|discriminative|m020|11|d0|root,0,,9.0,4,1,1.0,C07-AA-001,1.0,C07-AA-001,C07-AA-001,target_reached,0,zero,1,1,0,0,0.0,0.0,1,1
C07-darpa-e5-theia-0515,C07-darpa-e5-theia-0515|discriminative|m020|11,discriminative,0.2,11,C07-darpa-e5-theia-0515|discriminative|m020|11|d1|C07-AA-003,1,C07-AA-003,8.0,4,1,1.0,C07-AA-001,1.0,C07-AA-001,C07-AA-001,target_reached,0,zero,1,1,0,0,0.0,0.0,1,1
C07-darpa-e5-theia-0515,C07-darpa-e5-theia-0515|discriminative|m020|11,discriminative,0.2,11,C07-darpa-e5-theia-0515|discriminative|m020|11|d1|C07-AA-004,1,C07-AA-004,7.0,4,1,1.0,C07-AA-001,1.0,C07-AA-001,C07-AA-001,target_reached,0,zero,1,1,0,0,0.0,0.0,1,1
C07-darpa-e5-theia-0515,C07-darpa-e5-theia-0515|discriminative|m020|11,discriminative,0.2,11,C07-darpa-e5-theia-0515|discriminative|m020|11|d2|C07-AA-003>C07-AA-004,2,C07-AA-003>C07-AA-004,6.0,4,1,1.0,C07-AA-001,1.0,C07-AA-001,C07-AA-001,target_reached,0,zero,1,1,0,0,0.0,0.0,1,1
C07-darpa-e5-theia-0515,C07-darpa-e5-theia-0515|discriminative|m020|23,discriminative,0.2,23,C07-darpa-e5-theia-0515|discriminative|m020|23|d0|root,0,,9.0,4,1,2.0,C07-AA-002,3.0,C07-AA-001>C07-AA-002,C07-AA-001>C07-AA-002,target_reached,0,positive,1,1,0,0,1.0,0.5,0,0
C07-darpa-e5-theia-0515,C07-darpa-e5-theia-0515|discriminative|m020|23,discriminative,0.2,23,C07-darpa-e5-theia-0515|discriminative|m020|23|d1|C07-AA-001,1,C07-AA-001,8.0,4,1,2.0,C07-AA-002,2.0,C07-AA-002,C07-AA-002,target_reached,0,zero,1,1,0,0,0.0,0.0,1,1
C07-darpa-e5-theia-0515,C07-darpa-e5-theia-0515|discriminative|m020|23,discriminative,0.2,23,C07-darpa-e5-theia-0515|discriminative|m020|23|d1|C07-AA-003,1,C07-AA-003,8.0,4,1,2.0,C07-AA-002,3.0,C07-AA-001>C07-AA-002,C07-AA-001>C07-AA-002,target_reached,0,positive,1,1,0,0,1.0,0.5,0,0
C07-darpa-e5-theia-0515,C07-darpa-e5-theia-0515|discriminative|m020|23,discriminative,0.2,23,C07-darpa-e5-theia-0515|discriminative|m020|23|d1|C07-AA-004,1,C07-AA-004,7.0,4,1,2.0,C07-AA-002,3.0,C07-AA-001>C07-AA-002,C07-AA-001>C07-AA-002,target_reached,0,positive,1,1,0,0,1.0,0.5,0,0
C07-darpa-e5-theia-0515,C07-darpa-e5-theia-0515|discriminative|m020|23,discriminative,0.2,23,C07-darpa-e5-theia-0515|discriminative|m020|23|d2|C07-AA-001>C07-AA-003,2,C07-AA-001>C07-AA-003,7.0,4,1,2.0,C07-AA-002,2.0,C07-AA-002,C07-AA-002,target_reached,0,zero,1,1,0,0,0.0,0.0,1,1
C07-darpa-e5-theia-0515,C07-darpa-e5-theia-0515|discriminative|m020|23,discriminative,0.2,23,C07-darpa-e5-theia-0515|discriminative|m020|23|d2|C07-AA-001>C07-AA-004,2,C07-AA-001>C07-AA-004,6.0,4,1,2.0,C07-AA-002,2.0,C07-AA-002,C07-AA-002,target_reached,0,zero,1,1,0,0,0.0,0.0,1,1
C07-darpa-e5-theia-0515,C07-darpa-e5-theia-0515|discriminative|m020|23,discriminative,0.2,23,C07-darpa-e5-theia-0515|discriminative|m020|23|d2|C07-AA-003>C07-AA-004,2,C07-AA-003>C07-AA-004,6.0,4,1,2.0,C07-AA-002,3.0,C07-AA-001>C07-AA-002,C07-AA-001>C07-AA-002,target_reached,0,positive,1,1,0,0,1.0,0.5,0,0
C07-darpa-e5-theia-0515,C07-darpa-e5-theia-0515|discriminative|m020|37,discriminative,0.2,37,C07-darpa-e5-theia-0515|discriminative|m020|37|d0|root,0,,9.0,4,1,2.0,C07-AA-002,3.0,C07-AA-001>C07-AA-002,C07-AA-001>C07-AA-002,target_reached,0,positive,1,1,0,0,1.0,0.5,0,0
C07-darpa-e5-theia-0515,C07-darpa-e5-theia-0515|discriminative|m020|37,discriminative,0.2,37,C07-darpa-e5-theia-0515|discriminative|m020|37|d1|C07-AA-001,1,C07-AA-001,8.0,4,1,2.0,C07-AA-002,2.0,C07-AA-002,C07-AA-002,target_reached,0,zero,1,1,0,0,0.0,0.0,1,1
C07-darpa-e5-theia-0515,C07-darpa-e5-theia-0515|discriminative|m020|37,discriminative,0.2,37,C07-darpa-e5-theia-0515|discriminative|m020|37|d1|C07-AA-003,1,C07-AA-003,8.0,4,1,2.0,C07-AA-002,3.0,C07-AA-001>C07-AA-002,C07-AA-001>C07-AA-002,target_reached,0,positive,1,1,0,0,1.0,0.5,0,0
C07-darpa-e5-theia-0515,C07-darpa-e5-theia-0515|discriminative|m020|37,discriminative,0.2,37,C07-darpa-e5-theia-0515|discriminative|m020|37|d1|C07-AA-004,1,C07-AA-004,7.0,4,1,2.0,C07-AA-002,3.0,C07-AA-001>C07-AA-002,C07-AA-001>C07-AA-002,target_reached,0,positive,1,1,0,0,1.0,0.5,0,0
C07-darpa-e5-theia-0515,C07-darpa-e5-theia-0515|discriminative|m020|37,discriminative,0.2,37,C07-darpa-e5-theia-0515|discriminative|m020|37|d2|C07-AA-001>C07-AA-003,2,C07-AA-001>C07-AA-003,7.0,4,1,2.0,C07-AA-002,2.0,C07-AA-002,C07-AA-002,target_reached,0,zero,1,1,0,0,0.0,0.0,1,1
C07-darpa-e5-theia-0515,C07-darpa-e5-theia-0515|discriminative|m020|37,discriminative,0.2,37,C07-darpa-e5-theia-0515|discriminative|m020|37|d2|C07-AA-001>C07-AA-004,2,C07-AA-001>C07-AA-004,6.0,4,1,2.0,C07-AA-002,2.0,C07-AA-002,C07-AA-002,target_reached,0,zero,1,1,0,0,0.0,0.0,1,1
C07-darpa-e5-theia-0515,C07-darpa-e5-theia-0515|discriminative|m020|37,discriminative,0.2,37,C07-darpa-e5-theia-0515|discriminative|m020|37|d2|C07-AA-003>C07-AA-004,2,C07-AA-003>C07-AA-004,6.0,4,1,2.0,C07-AA-002,3.0,C07-AA-001>C07-AA-002,C07-AA-001>C07-AA-002,target_reached,0,positive,1,1,0,0,1.0,0.5,0,0
C07-darpa-e5-theia-0515,C07-darpa-e5-theia-0515|discriminative|m020|41,discriminative,0.2,41,C07-darpa-e5-theia-0515|discriminative|m020|41|d0|root,0,,9.0,4,1,1.0,C07-AA-001,1.0,C07-AA-001,C07-AA-001,target_reached,0,zero,1,1,0,0,0.0,0.0,1,1
C07-darpa-e5-theia-0515,C07-darpa-e5-theia-0515|discriminative|m020|41,discriminative,0.2,41,C07-darpa-e5-theia-0515|discriminative|m020|41|d1|C07-AA-003,1,C07-AA-003,8.0,4,1,1.0,C07-AA-001,1.0,C07-AA-001,C07-AA-001,target_reached,0,zero,1,1,0,0,0.0,0.0,1,1
C07-darpa-e5-theia-0515,C07-darpa-e5-theia-0515|discriminative|m020|41,discriminative,0.2,41,C07-darpa-e5-theia-0515|discriminative|m020|41|d1|C07-AA-004,1,C07-AA-004,7.0,4,1,1.0,C07-AA-001,1.0,C07-AA-001,C07-AA-001,target_reached,0,zero,1,1,0,0,0.0,0.0,1,1
C07-darpa-e5-theia-0515,C07-darpa-e5-theia-0515|discriminative|m020|41,discriminative,0.2,41,C07-darpa-e5-theia-0515|discriminative|m020|41|d2|C07-AA-003>C07-AA-004,2,C07-AA-003>C07-AA-004,6.0,4,1,1.0,C07-AA-001,1.0,C07-AA-001,C07-AA-001,target_reached,0,zero,1,1,0,0,0.0,0.0,1,1
C07-darpa-e5-theia-0515,C07-darpa-e5-theia-0515|discriminative|m020|53,discriminative,0.2,53,C07-darpa-e5-theia-0515|discriminative|m020|53|d0|root,0,,9.0,4,1,1.0,C07-AA-001,1.0,C07-AA-001,C07-AA-001,target_reached,0,zero,1,1,0,0,0.0,0.0,1,1
C07-darpa-e5-theia-0515,C07-darpa-e5-theia-0515|discriminative|m020|53,discriminative,0.2,53,C07-darpa-e5-theia-0515|discriminative|m020|53|d1|C07-AA-003,1,C07-AA-003,8.0,4,1,1.0,C07-AA-001,1.0,C07-AA-001,C07-AA-001,target_reached,0,zero,1,1,0,0,0.0,0.0,1,1
C07-darpa-e5-theia-0515,C07-darpa-e5-theia-0515|discriminative|m020|53,discriminative,0.2,53,C07-darpa-e5-theia-0515|discriminative|m020|53|d1|C07-AA-004,1,C07-AA-004,7.0,4,1,1.0,C07-AA-001,1.0,C07-AA-001,C07-AA-001,target_reached,0,zero,1,1,0,0,0.0,0.0,1,1
C07-darpa-e5-theia-0515,C07-darpa-e5-theia-0515|discriminative|m020|53,discriminative,0.2,53,C07-darpa-e5-theia-0515|discriminative|m020|53|d2|C07-AA-003>C07-AA-004,2,C07-AA-003>C07-AA-004,6.0,4,1,1.0,C07-AA-001,1.0,C07-AA-001,C07-AA-001,target_reached,0,zero,1,1,0,0,0.0,0.0,1,1
C07-darpa-e5-theia-0515,C07-darpa-e5-theia-0515|discriminative|m040|11,discriminative,0.4,11,C07-darpa-e5-theia-0515|discriminative|m040|11|d0|root,0,,9.0,3,2,2.0,C07-AA-001>C07-AA-003,2.0,C07-AA-001>C07-AA-003,C07-AA-001>C07-AA-003,target_reached,0,zero,1,1,0,0,0.0,0.0,1,1
C07-darpa-e5-theia-0515,C07-darpa-e5-theia-0515|discriminative|m040|11,discriminative,0.4,11,C07-darpa-e5-theia-0515|discriminative|m040|11|d1|C07-AA-001,1,C07-AA-001,8.0,4,1,1.0,C07-AA-003,1.0,C07-AA-003,C07-AA-003,target_reached,0,zero,1,1,0,0,0.0,0.0,1,1
C07-darpa-e5-theia-0515,C07-darpa-e5-theia-0515|discriminative|m040|11,discriminative,0.4,11,C07-darpa-e5-theia-0515|discriminative|m040|11|d1|C07-AA-002,1,C07-AA-002,7.0,4,1,1.0,C07-AA-003,1.0,C07-AA-003,C07-AA-003,target_reached,0,zero,1,1,0,0,0.0,0.0,1,1
C07-darpa-e5-theia-0515,C07-darpa-e5-theia-0515|discriminative|m040|11,discriminative,0.4,11,C07-darpa-e5-theia-0515|discriminative|m040|11|d1|C07-AA-003,1,C07-AA-003,8.0,4,1,1.0,C07-AA-001,1.0,C07-AA-001,C07-AA-001,target_reached,0,zero,1,1,0,0,0.0,0.0,1,1
C07-darpa-e5-theia-0515,C07-darpa-e5-theia-0515|discriminative|m040|11,discriminative,0.4,11,C07-darpa-e5-theia-0515|discriminative|m040|11|d1|C07-AA-004,1,C07-AA-004,7.0,3,2,2.0,C07-AA-001>C07-AA-003,2.0,C07-AA-001>C07-AA-003,C07-AA-002>C07-AA-003,target_reached,1,zero,1,1,0,0,0.0,0.0,1,1
C07-darpa-e5-theia-0515,C07-darpa-e5-theia-0515|discriminative|m040|11,discriminative,0.4,11,C07-darpa-e5-theia-0515|discriminative|m040|11|d2|C07-AA-001>C07-AA-002,2,C07-AA-001>C07-AA-002,6.0,4,1,1.0,C07-AA-003,1.0,C07-AA-003,C07-AA-003,target_reached,0,zero,1,1,0,0,0.0,0.0,1,1
C07-darpa-e5-theia-0515,C07-darpa-e5-theia-0515|discriminative|m040|11,discriminative,0.4,11,C07-darpa-e5-theia-0515|discriminative|m040|11|d2|C07-AA-001>C07-AA-004,2,C07-AA-001>C07-AA-004,6.0,4,1,1.0,C07-AA-003,1.0,C07-AA-003,C07-AA-003,target_reached,0,zero,1,1,0,0,0.0,0.0,1,1
C07-darpa-e5-theia-0515,C07-darpa-e5-theia-0515|discriminative|m040|11,discriminative,0.4,11,C07-darpa-e5-theia-0515|discriminative|m040|11|d2|C07-AA-002>C07-AA-001,2,C07-AA-002>C07-AA-001,6.0,4,1,1.0,C07-AA-003,1.0,C07-AA-003,C07-AA-003,target_reached,0,zero,1,1,0,0,0.0,0.0,1,1
C07-darpa-e5-theia-0515,C07-darpa-e5-theia-0515|discriminative|m040|11,discriminative,0.4,11,C07-darpa-e5-theia-0515|discriminative|m040|11|d2|C07-AA-002>C07-AA-004,2,C07-AA-002>C07-AA-004,5.0,4,1,1.0,C07-AA-003,1.0,C07-AA-003,C07-AA-003,target_reached,0,zero,1,1,0,0,0.0,0.0,1,1
C07-darpa-e5-theia-0515,C07-darpa-e5-theia-0515|discriminative|m040|11,discriminative,0.4,11,C07-darpa-e5-theia-0515|discriminative|m040|11|d2|C07-AA-003>C07-AA-004,2,C07-AA-003>C07-AA-004,6.0,4,1,1.0,C07-AA-001,1.0,C07-AA-001,C07-AA-001,target_reached,0,zero,1,1,0,0,0.0,0.0,1,1
C07-darpa-e5-theia-0515,C07-darpa-e5-theia-0515|discriminative|m040|23,discriminative,0.4,23,C07-darpa-e5-theia-0515|discriminative|m040|23|d0|root,0,,9.0,3,2,3.0,C07-AA-002>C07-AA-003,4.0,C07-AA-001>C07-AA-002>C07-AA-003,C07-AA-001>C07-AA-002>C07-AA-003,target_reached,0,positive,1,1,0,0,1.0,0.3333333333333333,0,0
C07-darpa-e5-theia-0515,C07-darpa-e5-theia-0515|discriminative|m040|23,discriminative,0.4,23,C07-darpa-e5-theia-0515|discriminative|m040|23|d1|C07-AA-001,1,C07-AA-001,8.0,3,2,3.0,C07-AA-002>C07-AA-003,3.0,C07-AA-002>C07-AA-003,C07-AA-002>C07-AA-003,target_reached,0,zero,1,1,0,0,0.0,0.0,1,1
C07-darpa-e5-theia-0515,C07-darpa-e5-theia-0515|discriminative|m040|23,discriminative,0.4,23,C07-darpa-e5-theia-0515|discriminative|m040|23|d1|C07-AA-002,1,C07-AA-002,7.0,4,1,1.0,C07-AA-003,1.0,C07-AA-003,C07-AA-003,target_reached,0,zero,1,1,0,0,0.0,0.0,1,1
C07-darpa-e5-theia-0515,C07-darpa-e5-theia-0515|discriminative|m040|23,discriminative,0.4,23,C07-darpa-e5-theia-0515|discriminative|m040|23|d1|C07-AA-003,1,C07-AA-003,8.0,4,1,2.0,C07-AA-002,3.0,C07-AA-001>C07-AA-002,C07-AA-001>C07-AA-002,target_reached,0,positive,1,1,0,0,1.0,0.5,0,0
C07-darpa-e5-theia-0515,C07-darpa-e5-theia-0515|discriminative|m040|23,discriminative,0.4,23,C07-darpa-e5-theia-0515|discriminative|m040|23|d1|C07-AA-004,1,C07-AA-004,7.0,3,2,3.0,C07-AA-002>C07-AA-003,4.0,C07-AA-001>C07-AA-002>C07-AA-003,C07-AA-002>C07-AA-002>C07-AA-003,target_reached,1,positive,1,1,0,0,1.0,0.3333333333333333,0,0
C07-darpa-e5-theia-0515,C07-darpa-e5-theia-0515|discriminative|m040|23,discriminative,0.4,23,C07-darpa-e5-theia-0515|discriminative|m040|23|d2|C07-AA-001>C07-AA-002,2,C07-AA-001>C07-AA-002,6.0,4,1,1.0,C07-AA-003,1.0,C07-AA-003,C07-AA-003,target_reached,0,zero,1,1,0,0,0.0,0.0,1,1
C07-darpa-e5-theia-0515,C07-darpa-e5-theia-0515|discriminative|m040|23,discriminative,0.4,23,C07-darpa-e5-theia-0515|discriminative|m040|23|d2|C07-AA-001>C07-AA-003,2,C07-AA-001>C07-AA-003,7.0,4,1,2.0,C07-AA-002,2.0,C07-AA-002,C07-AA-002,target_reached,0,zero,1,1,0,0,0.0,0.0,1,1
C07-darpa-e5-theia-0515,C07-darpa-e5-theia-0515|discriminative|m040|23,discriminative,0.4,23,C07-darpa-e5-theia-0515|discriminative|m040|23|d2|C07-AA-001>C07-AA-004,2,C07-AA-001>C07-AA-004,6.0,3,2,3.0,C07-AA-002>C07-AA-003,3.0,C07-AA-002>C07-AA-003,C07-AA-002>C07-AA-003,target_reached,0,zero,1,1,0,0,0.0,0.0,1,1
C07-darpa-e5-theia-0515,C07-darpa-e5-theia-0515|discriminative|m040|23,discriminative,0.4,23,C07-darpa-e5-theia-0515|discriminative|m040|23|d2|C07-AA-002>C07-AA-004,2,C07-AA-002>C07-AA-004,5.0,4,1,1.0,C07-AA-003,1.0,C07-AA-003,C07-AA-003,target_reached,0,zero,1,1,0,0,0.0,0.0,1,1
C07-darpa-e5-theia-0515,C07-darpa-e5-theia-0515|discriminative|m040|23,discriminative,0.4,23,C07-darpa-e5-theia-0515|discriminative|m040|23|d2|C07-AA-003>C07-AA-004,2,C07-AA-003>C07-AA-004,6.0,4,1,2.0,C07-AA-002,3.0,C07-AA-001>C07-AA-002,C07-AA-001>C07-AA-002,target_reached,0,positive,1,1,0,0,1.0,0.5,0,0
C07-darpa-e5-theia-0515,C07-darpa-e5-theia-0515|discriminative|m040|37,discriminative,0.4,37,C07-darpa-e5-theia-0515|discriminative|m040|37|d0|root,0,,9.0,3,2,3.0,C07-AA-002>C07-AA-003,4.0,C07-AA-001>C07-AA-002>C07-AA-003,C07-AA-001>C07-AA-002>C07-AA-003,target_reached,0,positive,1,1,0,0,1.0,0.3333333333333333,0,0
C07-darpa-e5-theia-0515,C07-darpa-e5-theia-0515|discriminative|m040|37,discriminative,0.4,37,C07-darpa-e5-theia-0515|discriminative|m040|37|d1|C07-AA-001,1,C07-AA-001,8.0,3,2,3.0,C07-AA-002>C07-AA-003,3.0,C07-AA-002>C07-AA-003,C07-AA-002>C07-AA-003,target_reached,0,zero,1,1,0,0,0.0,0.0,1,1
C07-darpa-e5-theia-0515,C07-darpa-e5-theia-0515|discriminative|m040|37,discriminative,0.4,37,C07-darpa-e5-theia-0515|discriminative|m040|37|d1|C07-AA-002,1,C07-AA-002,7.0,4,1,1.0,C07-AA-003,1.0,C07-AA-003,C07-AA-003,target_reached,0,zero,1,1,0,0,0.0,0.0,1,1
C07-darpa-e5-theia-0515,C07-darpa-e5-theia-0515|discriminative|m040|37,discriminative,0.4,37,C07-darpa-e5-theia-0515|discriminative|m040|37|d1|C07-AA-003,1,C07-AA-003,8.0,4,1,2.0,C07-AA-002,3.0,C07-AA-001>C07-AA-002,C07-AA-001>C07-AA-002,target_reached,0,positive,1,1,0,0,1.0,0.5,0,0
C07-darpa-e5-theia-0515,C07-darpa-e5-theia-0515|discriminative|m040|37,discriminative,0.4,37,C07-darpa-e5-theia-0515|discriminative|m040|37|d1|C07-AA-004,1,C07-AA-004,7.0,3,2,3.0,C07-AA-002>C07-AA-003,4.0,C07-AA-001>C07-AA-002>C07-AA-003,C07-AA-002>C07-AA-002>C07-AA-003,target_reached,1,positive,1,1,0,0,1.0,0.3333333333333333,0,0
C07-darpa-e5-theia-0515,C07-darpa-e5-theia-0515|discriminative|m040|37,discriminative,0.4,37,C07-darpa-e5-theia-0515|discriminative|m040|37|d2|C07-AA-001>C07-AA-002,2,C07-AA-001>C07-AA-002,6.0,4,1,1.0,C07-AA-003,1.0,C07-AA-003,C07-AA-003,target_reached,0,zero,1,1,0,0,0.0,0.0,1,1
C07-darpa-e5-theia-0515,C07-darpa-e5-theia-0515|discriminative|m040|37,discriminative,0.4,37,C07-darpa-e5-theia-0515|discriminative|m040|37|d2|C07-AA-001>C07-AA-003,2,C07-AA-001>C07-AA-003,7.0,4,1,2.0,C07-AA-002,2.0,C07-AA-002,C07-AA-002,target_reached,0,zero,1,1,0,0,0.0,0.0,1,1
C07-darpa-e5-theia-0515,C07-darpa-e5-theia-0515|discriminative|m040|37,discriminative,0.4,37,C07-darpa-e5-theia-0515|discriminative|m040|37|d2|C07-AA-001>C07-AA-004,2,C07-AA-001>C07-AA-004,6.0,3,2,3.0,C07-AA-002>C07-AA-003,3.0,C07-AA-002>C07-AA-003,C07-AA-002>C07-AA-003,target_reached,0,zero,1,1,0,0,0.0,0.0,1,1
C07-darpa-e5-theia-0515,C07-darpa-e5-theia-0515|discriminative|m040|37,discriminative,0.4,37,C07-darpa-e5-theia-0515|discriminative|m040|37|d2|C07-AA-002>C07-AA-004,2,C07-AA-002>C07-AA-004,5.0,4,1,1.0,C07-AA-003,1.0,C07-AA-003,C07-AA-003,target_reached,0,zero,1,1,0,0,0.0,0.0,1,1
C07-darpa-e5-theia-0515,C07-darpa-e5-theia-0515|discriminative|m040|37,discriminative,0.4,37,C07-darpa-e5-theia-0515|discriminative|m040|37|d2|C07-AA-003>C07-AA-004,2,C07-AA-003>C07-AA-004,6.0,4,1,2.0,C07-AA-002,3.0,C07-AA-001>C07-AA-002,C07-AA-001>C07-AA-002,target_reached,0,positive,1,1,0,0,1.0,0.5,0,0
C07-darpa-e5-theia-0515,C07-darpa-e5-theia-0515|discriminative|m040|41,discriminative,0.4,41,C07-darpa-e5-theia-0515|discriminative|m040|41|d0|root,0,,9.0,3,2,2.0,C07-AA-001>C07-AA-003,2.0,C07-AA-001>C07-AA-003,C07-AA-001>C07-AA-003,target_reached,0,zero,1,1,0,0,0.0,0.0,1,1
C07-darpa-e5-theia-0515,C07-darpa-e5-theia-0515|discriminative|m040|41,discriminative,0.4,41,C07-darpa-e5-theia-0515|discriminative|m040|41|d1|C07-AA-001,1,C07-AA-001,8.0,4,1,1.0,C07-AA-003,1.0,C07-AA-003,C07-AA-003,target_reached,0,zero,1,1,0,0,0.0,0.0,1,1
C07-darpa-e5-theia-0515,C07-darpa-e5-theia-0515|discriminative|m040|41,discriminative,0.4,41,C07-darpa-e5-theia-0515|discriminative|m040|41|d1|C07-AA-002,1,C07-AA-002,7.0,4,1,1.0,C07-AA-003,1.0,C07-AA-003,C07-AA-003,target_reached,0,zero,1,1,0,0,0.0,0.0,1,1
C07-darpa-e5-theia-0515,C07-darpa-e5-theia-0515|discriminative|m040|41,discriminative,0.4,41,C07-darpa-e5-theia-0515|discriminative|m040|41|d1|C07-AA-003,1,C07-AA-003,8.0,4,1,1.0,C07-AA-001,1.0,C07-AA-001,C07-AA-001,target_reached,0,zero,1,1,0,0,0.0,0.0,1,1
C07-darpa-e5-theia-0515,C07-darpa-e5-theia-0515|discriminative|m040|41,discriminative,0.4,41,C07-darpa-e5-theia-0515|discriminative|m040|41|d1|C07-AA-004,1,C07-AA-004,7.0,3,2,2.0,C07-AA-001>C07-AA-003,2.0,C07-AA-001>C07-AA-003,C07-AA-002>C07-AA-003,target_reached,1,zero,1,1,0,0,0.0,0.0,1,1
C07-darpa-e5-theia-0515,C07-darpa-e5-theia-0515|discriminative|m040|41,discriminative,0.4,41,C07-darpa-e5-theia-0515|discriminative|m040|41|d2|C07-AA-001>C07-AA-002,2,C07-AA-001>C07-AA-002,6.0,4,1,1.0,C07-AA-003,1.0,C07-AA-003,C07-AA-003,target_reached,0,zero,1,1,0,0,0.0,0.0,1,1
C07-darpa-e5-theia-0515,C07-darpa-e5-theia-0515|discriminative|m040|41,discriminative,0.4,41,C07-darpa-e5-theia-0515|discriminative|m040|41|d2|C07-AA-001>C07-AA-004,2,C07-AA-001>C07-AA-004,6.0,4,1,1.0,C07-AA-003,1.0,C07-AA-003,C07-AA-003,target_reached,0,zero,1,1,0,0,0.0,0.0,1,1
C07-darpa-e5-theia-0515,C07-darpa-e5-theia-0515|discriminative|m040|41,discriminative,0.4,41,C07-darpa-e5-theia-0515|discriminative|m040|41|d2|C07-AA-002>C07-AA-001,2,C07-AA-002>C07-AA-001,6.0,4,1,1.0,C07-AA-003,1.0,C07-AA-003,C07-AA-003,target_reached,0,zero,1,1,0,0,0.0,0.0,1,1
C07-darpa-e5-theia-0515,C07-darpa-e5-theia-0515|discriminative|m040|41,discriminative,0.4,41,C07-darpa-e5-theia-0515|discriminative|m040|41|d2|C07-AA-002>C07-AA-004,2,C07-AA-002>C07-AA-004,5.0,4,1,1.0,C07-AA-003,1.0,C07-AA-003,C07-AA-003,target_reached,0,zero,1,1,0,0,0.0,0.0,1,1
C07-darpa-e5-theia-0515,C07-darpa-e5-theia-0515|discriminative|m040|41,discriminative,0.4,41,C07-darpa-e5-theia-0515|discriminative|m040|41|d2|C07-AA-003>C07-AA-004,2,C07-AA-003>C07-AA-004,6.0,4,1,1.0,C07-AA-001,1.0,C07-AA-001,C07-AA-001,target_reached,0,zero,1,1,0,0,0.0,0.0,1,1
C07-darpa-e5-theia-0515,C07-darpa-e5-theia-0515|discriminative|m040|53,discriminative,0.4,53,C07-darpa-e5-theia-0515|discriminative|m040|53|d0|root,0,,9.0,3,2,2.0,C07-AA-001>C07-AA-003,2.0,C07-AA-001>C07-AA-003,C07-AA-001>C07-AA-003,target_reached,0,zero,1,1,0,0,0.0,0.0,1,1
C07-darpa-e5-theia-0515,C07-darpa-e5-theia-0515|discriminative|m040|53,discriminative,0.4,53,C07-darpa-e5-theia-0515|discriminative|m040|53|d1|C07-AA-001,1,C07-AA-001,8.0,4,1,1.0,C07-AA-003,1.0,C07-AA-003,C07-AA-003,target_reached,0,zero,1,1,0,0,0.0,0.0,1,1
C07-darpa-e5-theia-0515,C07-darpa-e5-theia-0515|discriminative|m040|53,discriminative,0.4,53,C07-darpa-e5-theia-0515|discriminative|m040|53|d1|C07-AA-002,1,C07-AA-002,7.0,4,1,1.0,C07-AA-003,1.0,C07-AA-003,C07-AA-003,target_reached,0,zero,1,1,0,0,0.0,0.0,1,1
C07-darpa-e5-theia-0515,C07-darpa-e5-theia-0515|discriminative|m040|53,discriminative,0.4,53,C07-darpa-e5-theia-0515|discriminative|m040|53|d1|C07-AA-003,1,C07-AA-003,8.0,4,1,1.0,C07-AA-001,1.0,C07-AA-001,C07-AA-001,target_reached,0,zero,1,1,0,0,0.0,0.0,1,1
C07-darpa-e5-theia-0515,C07-darpa-e5-theia-0515|discriminative|m040|53,discriminative,0.4,53,C07-darpa-e5-theia-0515|discriminative|m040|53|d1|C07-AA-004,1,C07-AA-004,7.0,3,2,2.0,C07-AA-001>C07-AA-003,2.0,C07-AA-001>C07-AA-003,C07-AA-002>C07-AA-003,target_reached,1,zero,1,1,0,0,0.0,0.0,1,1
C07-darpa-e5-theia-0515,C07-darpa-e5-theia-0515|discriminative|m040|53,discriminative,0.4,53,C07-darpa-e5-theia-0515|discriminative|m040|53|d2|C07-AA-001>C07-AA-002,2,C07-AA-001>C07-AA-002,6.0,4,1,1.0,C07-AA-003,1.0,C07-AA-003,C07-AA-003,target_reached,0,zero,1,1,0,0,0.0,0.0,1,1
C07-darpa-e5-theia-0515,C07-darpa-e5-theia-0515|discriminative|m040|53,discriminative,0.4,53,C07-darpa-e5-theia-0515|discriminative|m040|53|d2|C07-AA-001>C07-AA-004,2,C07-AA-001>C07-AA-004,6.0,4,1,1.0,C07-AA-003,1.0,C07-AA-003,C07-AA-003,target_reached,0,zero,1,1,0,0,0.0,0.0,1,1
C07-darpa-e5-theia-0515,C07-darpa-e5-theia-0515|discriminative|m040|53,discriminative,0.4,53,C07-darpa-e5-theia-0515|discriminative|m040|53|d2|C07-AA-002>C07-AA-001,2,C07-AA-002>C07-AA-001,6.0,4,1,1.0,C07-AA-003,1.0,C07-AA-003,C07-AA-003,target_reached,0,zero,1,1,0,0,0.0,0.0,1,1
C07-darpa-e5-theia-0515,C07-darpa-e5-theia-0515|discriminative|m040|53,discriminative,0.4,53,C07-darpa-e5-theia-0515|discriminative|m040|53|d2|C07-AA-002>C07-AA-004,2,C07-AA-002>C07-AA-004,5.0,4,1,1.0,C07-AA-003,1.0,C07-AA-003,C07-AA-003,target_reached,0,zero,1,1,0,0,0.0,0.0,1,1
C07-darpa-e5-theia-0515,C07-darpa-e5-theia-0515|discriminative|m040|53,discriminative,0.4,53,C07-darpa-e5-theia-0515|discriminative|m040|53|d2|C07-AA-003>C07-AA-004,2,C07-AA-003>C07-AA-004,6.0,4,1,1.0,C07-AA-001,1.0,C07-AA-001,C07-AA-001,target_reached,0,zero,1,1,0,0,0.0,0.0,1,1
C07-darpa-e5-theia-0515,C07-darpa-e5-theia-0515|discriminative|m060|11,discriminative,0.6,11,C07-darpa-e5-theia-0515|discriminative|m060|11|d0|root,0,,9.0,2,3,4.0,C07-AA-001>C07-AA-003>C07-AA-004,4.0,C07-AA-004>C07-AA-001>C07-AA-003,C07-AA-004>C07-AA-002>C07-AA-003,target_reached,1,zero,1,1,0,0,0.0,0.0,1,0
C07-darpa-e5-theia-0515,C07-darpa-e5-theia-0515|discriminative|m060|11,discriminative,0.6,11,C07-darpa-e5-theia-0515|discriminative|m060|11|d1|C07-AA-001,1,C07-AA-001,8.0,3,2,3.0,C07-AA-003>C07-AA-004,3.0,C07-AA-003>C07-AA-004,C07-AA-003>C07-AA-004,target_reached,0,zero,1,1,0,0,0.0,0.0,1,1
C07-darpa-e5-theia-0515,C07-darpa-e5-theia-0515|discriminative|m060|11,discriminative,0.6,11,C07-darpa-e5-theia-0515|discriminative|m060|11|d1|C07-AA-002,1,C07-AA-002,7.0,3,2,3.0,C07-AA-003>C07-AA-004,3.0,C07-AA-003>C07-AA-004,C07-AA-003>C07-AA-004,target_reached,0,zero,1,1,0,0,0.0,0.0,1,1
C07-darpa-e5-theia-0515,C07-darpa-e5-theia-0515|discriminative|m060|11,discriminative,0.6,11,C07-darpa-e5-theia-0515|discriminative|m060|11|d1|C07-AA-003,1,C07-AA-003,8.0,3,2,3.0,C07-AA-001>C07-AA-004,3.0,C07-AA-001>C07-AA-004,C07-AA-001>C07-AA-004,target_reached,0,zero,1,1,0,0,0.0,0.0,1,1
C07-darpa-e5-theia-0515,C07-darpa-e5-theia-0515|discriminative|m060|11,discriminative,0.6,11,C07-darpa-e5-theia-0515|discriminative|m060|11|d1|C07-AA-004,1,C07-AA-004,7.0,3,2,2.0,C07-AA-001>C07-AA-003,2.0,C07-AA-001>C07-AA-003,C07-AA-002>C07-AA-003,target_reached,1,zero,1,1,0,0,0.0,0.0,1,1
C07-darpa-e5-theia-0515,C07-darpa-e5-theia-0515|discriminative|m060|11,discriminative,0.6,11,C07-darpa-e5-theia-0515|discriminative|m060|11|d2|C07-AA-001>C07-AA-002,2,C07-AA-001>C07-AA-002,6.0,3,2,3.0,C07-AA-003>C07-AA-004,3.0,C07-AA-003>C07-AA-004,C07-AA-003>C07-AA-004,target_reached,0,zero,1,1,0,0,0.0,0.0,1,1
C07-darpa-e5-theia-0515,C07-darpa-e5-theia-0515|discriminative|m060|11,discriminative,0.6,11,C07-darpa-e5-theia-0515|discriminative|m060|11|d2|C07-AA-001>C07-AA-003,2,C07-AA-001>C07-AA-003,7.0,4,1,2.0,C07-AA-004,2.0,C07-AA-004,C07-AA-004,target_reached,0,zero,1,1,0,0,0.0,0.0,1,1
C07-darpa-e5-theia-0515,C07-darpa-e5-theia-0515|discriminative|m060|11,discriminative,0.6,11,C07-darpa-e5-theia-0515|discriminative|m060|11|d2|C07-AA-001>C07-AA-004,2,C07-AA-001>C07-AA-004,6.0,4,1,1.0,C07-AA-003,1.0,C07-AA-003,C07-AA-003,target_reached,0,zero,1,1,0,0,0.0,0.0,1,1
C07-darpa-e5-theia-0515,C07-darpa-e5-theia-0515|discriminative|m060|11,discriminative,0.6,11,C07-darpa-e5-theia-0515|discriminative|m060|11|d2|C07-AA-002>C07-AA-001,2,C07-AA-002>C07-AA-001,6.0,3,2,3.0,C07-AA-003>C07-AA-004,3.0,C07-AA-003>C07-AA-004,C07-AA-003>C07-AA-004,target_reached,0,zero,1,1,0,0,0.0,0.0,1,1
C07-darpa-e5-theia-0515,C07-darpa-e5-theia-0515|discriminative|m060|11,discriminative,0.6,11,C07-darpa-e5-theia-0515|discriminative|m060|11|d2|C07-AA-002>C07-AA-003,2,C07-AA-002>C07-AA-003,6.0,4,1,2.0,C07-AA-004,2.0,C07-AA-004,C07-AA-004,target_reached,0,zero,1,1,0,0,0.0,0.0,1,1
C07-darpa-e5-theia-0515,C07-darpa-e5-theia-0515|discriminative|m060|11,discriminative,0.6,11,C07-darpa-e5-theia-0515|discriminative|m060|11|d2|C07-AA-002>C07-AA-004,2,C07-AA-002>C07-AA-004,5.0,4,1,1.0,C07-AA-003,1.0,C07-AA-003,C07-AA-003,target_reached,0,zero,1,1,0,0,0.0,0.0,1,1
C07-darpa-e5-theia-0515,C07-darpa-e5-theia-0515|discriminative|m060|11,discriminative,0.6,11,C07-darpa-e5-theia-0515|discriminative|m060|11|d2|C07-AA-003>C07-AA-004,2,C07-AA-003>C07-AA-004,6.0,4,1,1.0,C07-AA-001,1.0,C07-AA-001,C07-AA-001,target_reached,0,zero,1,1,0,0,0.0,0.0,1,1
C07-darpa-e5-theia-0515,C07-darpa-e5-theia-0515|discriminative|m060|23,discriminative,0.6,23,C07-darpa-e5-theia-0515|discriminative|m060|23|d0|root,0,,9.0,2,3,5.0,C07-AA-002>C07-AA-003>C07-AA-004,6.0,C07-AA-004>C07-AA-001>C07-AA-002>C07-AA-003,C07-AA-004>C07-AA-002>C07-AA-002>C07-AA-003,target_reached,1,positive,1,1,0,0,1.0,0.2,0,0
C07-darpa-e5-theia-0515,C07-darpa-e5-theia-0515|discriminative|m060|23,discriminative,0.6,23,C07-darpa-e5-theia-0515|discriminative|m060|23|d1|C07-AA-001,1,C07-AA-001,8.0,2,3,5.0,C07-AA-002>C07-AA-003>C07-AA-004,5.0,C07-AA-003>C07-AA-004>C07-AA-002,C07-AA-004>C07-AA-004>C07-AA-002,target_reached,1,zero,1,1,0,0,0.0,0.0,1,0
C07-darpa-e5-theia-0515,C07-darpa-e5-theia-0515|discriminative|m060|23,discriminative,0.6,23,C07-darpa-e5-theia-0515|discriminative|m060|23|d1|C07-AA-002,1,C07-AA-002,7.0,3,2,3.0,C07-AA-003>C07-AA-004,3.0,C07-AA-003>C07-AA-004,C07-AA-003>C07-AA-004,target_reached,0,zero,1,1,0,0,0.0,0.0,1,1
C07-darpa-e5-theia-0515,C07-darpa-e5-theia-0515|discriminative|m060|23,discriminative,0.6,23,C07-darpa-e5-theia-0515|discriminative|m060|23|d1|C07-AA-003,1,C07-AA-003,8.0,3,2,4.0,C07-AA-002>C07-AA-004,5.0,C07-AA-001>C07-AA-004>C07-AA-002,C07-AA-001>C07-AA-004>C07-AA-002,target_reached,0,positive,1,1,0,0,1.0,0.25,0,0
C07-darpa-e5-theia-0515,C07-darpa-e5-theia-0515|discriminative|m060|23,discriminative,0.6,23,C07-darpa-e5-theia-0515|discriminative|m060|23|d1|C07-AA-004,1,C07-AA-004,7.0,3,2,3.0,C07-AA-002>C07-AA-003,4.0,C07-AA-001>C07-AA-002>C07-AA-003,C07-AA-002>C07-AA-002>C07-AA-003,target_reached,1,positive,1,1,0,0,1.0,0.3333333333333333,0,0
C07-darpa-e5-theia-0515,C07-darpa-e5-theia-0515|discriminative|m060|23,discriminative,0.6,23,C07-darpa-e5-theia-0515|discriminative|m060|23|d2|C07-AA-001>C07-AA-002,2,C07-AA-001>C07-AA-002,6.0,3,2,3.0,C07-AA-003>C07-AA-004,3.0,C07-AA-003>C07-AA-004,C07-AA-003>C07-AA-004,target_reached,0,zero,1,1,0,0,0.0,0.0,1,1
C07-darpa-e5-theia-0515,C07-darpa-e5-theia-0515|discriminative|m060|23,discriminative,0.6,23,C07-darpa-e5-theia-0515|discriminative|m060|23|d2|C07-AA-001>C07-AA-003,2,C07-AA-001>C07-AA-003,7.0,3,2,4.0,C07-AA-002>C07-AA-004,4.0,C07-AA-004>C07-AA-002,C07-AA-004>C07-AA-002,target_reached,0,zero,1,1,0,0,0.0,0.0,1,0
C07-darpa-e5-theia-0515,C07-darpa-e5-theia-0515|discriminative|m060|23,discriminative,0.6,23,C07-darpa-e5-theia-0515|discriminative|m060|23|d2|C07-AA-001>C07-AA-004,2,C07-AA-001>C07-AA-004,6.0,3,2,3.0,C07-AA-002>C07-AA-003,3.0,C07-AA-002>C07-AA-003,C07-AA-002>C07-AA-003,target_reached,0,zero,1,1,0,0,0.0,0.0,1,1
C07-darpa-e5-theia-0515,C07-darpa-e5-theia-0515|discriminative|m060|23,discriminative,0.6,23,C07-darpa-e5-theia-0515|discriminative|m060|23|d2|C07-AA-002>C07-AA-003,2,C07-AA-002>C07-AA-003,6.0,4,1,2.0,C07-AA-004,2.0,C07-AA-004,C07-AA-004,target_reached,0,zero,1,1,0,0,0.0,0.0,1,1
C07-darpa-e5-theia-0515,C07-darpa-e5-theia-0515|discriminative|m060|23,discriminative,0.6,23,C07-darpa-e5-theia-0515|discriminative|m060|23|d2|C07-AA-002>C07-AA-004,2,C07-AA-002>C07-AA-004,5.0,4,1,1.0,C07-AA-003,1.0,C07-AA-003,C07-AA-003,target_reached,0,zero,1,1,0,0,0.0,0.0,1,1
C07-darpa-e5-theia-0515,C07-darpa-e5-theia-0515|discriminative|m060|23,discriminative,0.6,23,C07-darpa-e5-theia-0515|discriminative|m060|23|d2|C07-AA-003>C07-AA-004,2,C07-AA-003>C07-AA-004,6.0,4,1,2.0,C07-AA-002,3.0,C07-AA-001>C07-AA-002,C07-AA-001>C07-AA-002,target_reached,0,positive,1,1,0,0,1.0,0.5,0,0
C07-darpa-e5-theia-0515,C07-darpa-e5-theia-0515|discriminative|m060|37,discriminative,0.6,37,C07-darpa-e5-theia-0515|discriminative|m060|37|d0|root,0,,9.0,2,3,5.0,C07-AA-002>C07-AA-003>C07-AA-004,6.0,C07-AA-004>C07-AA-001>C07-AA-002>C07-AA-003,C07-AA-004>C07-AA-002>C07-AA-002>C07-AA-003,target_reached,1,positive,1,1,0,0,1.0,0.2,0,0
C07-darpa-e5-theia-0515,C07-darpa-e5-theia-0515|discriminative|m060|37,discriminative,0.6,37,C07-darpa-e5-theia-0515|discriminative|m060|37|d1|C07-AA-001,1,C07-AA-001,8.0,2,3,5.0,C07-AA-002>C07-AA-003>C07-AA-004,5.0,C07-AA-003>C07-AA-004>C07-AA-002,C07-AA-004>C07-AA-004>C07-AA-002,target_reached,1,zero,1,1,0,0,0.0,0.0,1,0
C07-darpa-e5-theia-0515,C07-darpa-e5-theia-0515|discriminative|m060|37,discriminative,0.6,37,C07-darpa-e5-theia-0515|discriminative|m060|37|d1|C07-AA-002,1,C07-AA-002,7.0,3,2,3.0,C07-AA-003>C07-AA-004,3.0,C07-AA-003>C07-AA-004,C07-AA-003>C07-AA-004,target_reached,0,zero,1,1,0,0,0.0,0.0,1,1
C07-darpa-e5-theia-0515,C07-darpa-e5-theia-0515|discriminative|m060|37,discriminative,0.6,37,C07-darpa-e5-theia-0515|discriminative|m060|37|d1|C07-AA-003,1,C07-AA-003,8.0,3,2,4.0,C07-AA-002>C07-AA-004,5.0,C07-AA-001>C07-AA-004>C07-AA-002,C07-AA-001>C07-AA-004>C07-AA-002,target_reached,0,positive,1,1,0,0,1.0,0.25,0,0
C07-darpa-e5-theia-0515,C07-darpa-e5-theia-0515|discriminative|m060|37,discriminative,0.6,37,C07-darpa-e5-theia-0515|discriminative|m060|37|d1|C07-AA-004,1,C07-AA-004,7.0,3,2,3.0,C07-AA-002>C07-AA-003,4.0,C07-AA-001>C07-AA-002>C07-AA-003,C07-AA-002>C07-AA-002>C07-AA-003,target_reached,1,positive,1,1,0,0,1.0,0.3333333333333333,0,0
C07-darpa-e5-theia-0515,C07-darpa-e5-theia-0515|discriminative|m060|37,discriminative,0.6,37,C07-darpa-e5-theia-0515|discriminative|m060|37|d2|C07-AA-001>C07-AA-002,2,C07-AA-001>C07-AA-002,6.0,3,2,3.0,C07-AA-003>C07-AA-004,3.0,C07-AA-003>C07-AA-004,C07-AA-003>C07-AA-004,target_reached,0,zero,1,1,0,0,0.0,0.0,1,1
C07-darpa-e5-theia-0515,C07-darpa-e5-theia-0515|discriminative|m060|37,discriminative,0.6,37,C07-darpa-e5-theia-0515|discriminative|m060|37|d2|C07-AA-001>C07-AA-003,2,C07-AA-001>C07-AA-003,7.0,3,2,4.0,C07-AA-002>C07-AA-004,4.0,C07-AA-004>C07-AA-002,C07-AA-004>C07-AA-002,target_reached,0,zero,1,1,0,0,0.0,0.0,1,0
C07-darpa-e5-theia-0515,C07-darpa-e5-theia-0515|discriminative|m060|37,discriminative,0.6,37,C07-darpa-e5-theia-0515|discriminative|m060|37|d2|C07-AA-001>C07-AA-004,2,C07-AA-001>C07-AA-004,6.0,3,2,3.0,C07-AA-002>C07-AA-003,3.0,C07-AA-002>C07-AA-003,C07-AA-002>C07-AA-003,target_reached,0,zero,1,1,0,0,0.0,0.0,1,1
C07-darpa-e5-theia-0515,C07-darpa-e5-theia-0515|discriminative|m060|37,discriminative,0.6,37,C07-darpa-e5-theia-0515|discriminative|m060|37|d2|C07-AA-002>C07-AA-003,2,C07-AA-002>C07-AA-003,6.0,4,1,2.0,C07-AA-004,2.0,C07-AA-004,C07-AA-004,target_reached,0,zero,1,1,0,0,0.0,0.0,1,1
C07-darpa-e5-theia-0515,C07-darpa-e5-theia-0515|discriminative|m060|37,discriminative,0.6,37,C07-darpa-e5-theia-0515|discriminative|m060|37|d2|C07-AA-002>C07-AA-004,2,C07-AA-002>C07-AA-004,5.0,4,1,1.0,C07-AA-003,1.0,C07-AA-003,C07-AA-003,target_reached,0,zero,1,1,0,0,0.0,0.0,1,1
C07-darpa-e5-theia-0515,C07-darpa-e5-theia-0515|discriminative|m060|37,discriminative,0.6,37,C07-darpa-e5-theia-0515|discriminative|m060|37|d2|C07-AA-003>C07-AA-004,2,C07-AA-003>C07-AA-004,6.0,4,1,2.0,C07-AA-002,3.0,C07-AA-001>C07-AA-002,C07-AA-001>C07-AA-002,target_reached,0,positive,1,1,0,0,1.0,0.5,0,0
C07-darpa-e5-theia-0515,C07-darpa-e5-theia-0515|discriminative|m060|41,discriminative,0.6,41,C07-darpa-e5-theia-0515|discriminative|m060|41|d0|root,0,,9.0,2,3,4.0,C07-AA-001>C07-AA-003>C07-AA-004,4.0,C07-AA-004>C07-AA-001>C07-AA-003,C07-AA-004>C07-AA-002>C07-AA-003,target_reached,1,zero,1,1,0,0,0.0,0.0,1,0
C07-darpa-e5-theia-0515,C07-darpa-e5-theia-0515|discriminative|m060|41,discriminative,0.6,41,C07-darpa-e5-theia-0515|discriminative|m060|41|d1|C07-AA-001,1,C07-AA-001,8.0,3,2,3.0,C07-AA-003>C07-AA-004,3.0,C07-AA-003>C07-AA-004,C07-AA-003>C07-AA-004,target_reached,0,zero,1,1,0,0,0.0,0.0,1,1
C07-darpa-e5-theia-0515,C07-darpa-e5-theia-0515|discriminative|m060|41,discriminative,0.6,41,C07-darpa-e5-theia-0515|discriminative|m060|41|d1|C07-AA-002,1,C07-AA-002,7.0,3,2,3.0,C07-AA-003>C07-AA-004,3.0,C07-AA-003>C07-AA-004,C07-AA-003>C07-AA-004,target_reached,0,zero,1,1,0,0,0.0,0.0,1,1
C07-darpa-e5-theia-0515,C07-darpa-e5-theia-0515|discriminative|m060|41,discriminative,0.6,41,C07-darpa-e5-theia-0515|discriminative|m060|41|d1|C07-AA-003,1,C07-AA-003,8.0,3,2,3.0,C07-AA-001>C07-AA-004,3.0,C07-AA-001>C07-AA-004,C07-AA-001>C07-AA-004,target_reached,0,zero,1,1,0,0,0.0,0.0,1,1
C07-darpa-e5-theia-0515,C07-darpa-e5-theia-0515|discriminative|m060|41,discriminative,0.6,41,C07-darpa-e5-theia-0515|discriminative|m060|41|d1|C07-AA-004,1,C07-AA-004,7.0,3,2,2.0,C07-AA-001>C07-AA-003,2.0,C07-AA-001>C07-AA-003,C07-AA-002>C07-AA-003,target_reached,1,zero,1,1,0,0,0.0,0.0,1,1
C07-darpa-e5-theia-0515,C07-darpa-e5-theia-0515|discriminative|m060|41,discriminative,0.6,41,C07-darpa-e5-theia-0515|discriminative|m060|41|d2|C07-AA-001>C07-AA-002,2,C07-AA-001>C07-AA-002,6.0,3,2,3.0,C07-AA-003>C07-AA-004,3.0,C07-AA-003>C07-AA-004,C07-AA-003>C07-AA-004,target_reached,0,zero,1,1,0,0,0.0,0.0,1,1
C07-darpa-e5-theia-0515,C07-darpa-e5-theia-0515|discriminative|m060|41,discriminative,0.6,41,C07-darpa-e5-theia-0515|discriminative|m060|41|d2|C07-AA-001>C07-AA-003,2,C07-AA-001>C07-AA-003,7.0,4,1,2.0,C07-AA-004,2.0,C07-AA-004,C07-AA-004,target_reached,0,zero,1,1,0,0,0.0,0.0,1,1
C07-darpa-e5-theia-0515,C07-darpa-e5-theia-0515|discriminative|m060|41,discriminative,0.6,41,C07-darpa-e5-theia-0515|discriminative|m060|41|d2|C07-AA-001>C07-AA-004,2,C07-AA-001>C07-AA-004,6.0,4,1,1.0,C07-AA-003,1.0,C07-AA-003,C07-AA-003,target_reached,0,zero,1,1,0,0,0.0,0.0,1,1
C07-darpa-e5-theia-0515,C07-darpa-e5-theia-0515|discriminative|m060|41,discriminative,0.6,41,C07-darpa-e5-theia-0515|discriminative|m060|41|d2|C07-AA-002>C07-AA-001,2,C07-AA-002>C07-AA-001,6.0,3,2,3.0,C07-AA-003>C07-AA-004,3.0,C07-AA-003>C07-AA-004,C07-AA-003>C07-AA-004,target_reached,0,zero,1,1,0,0,0.0,0.0,1,1
C07-darpa-e5-theia-0515,C07-darpa-e5-theia-0515|discriminative|m060|41,discriminative,0.6,41,C07-darpa-e5-theia-0515|discriminative|m060|41|d2|C07-AA-002>C07-AA-003,2,C07-AA-002>C07-AA-003,6.0,4,1,2.0,C07-AA-004,2.0,C07-AA-004,C07-AA-004,target_reached,0,zero,1,1,0,0,0.0,0.0,1,1
C07-darpa-e5-theia-0515,C07-darpa-e5-theia-0515|discriminative|m060|41,discriminative,0.6,41,C07-darpa-e5-theia-0515|discriminative|m060|41|d2|C07-AA-002>C07-AA-004,2,C07-AA-002>C07-AA-004,5.0,4,1,1.0,C07-AA-003,1.0,C07-AA-003,C07-AA-003,target_reached,0,zero,1,1,0,0,0.0,0.0,1,1
C07-darpa-e5-theia-0515,C07-darpa-e5-theia-0515|discriminative|m060|41,discriminative,0.6,41,C07-darpa-e5-theia-0515|discriminative|m060|41|d2|C07-AA-003>C07-AA-004,2,C07-AA-003>C07-AA-004,6.0,4,1,1.0,C07-AA-001,1.0,C07-AA-001,C07-AA-001,target_reached,0,zero,1,1,0,0,0.0,0.0,1,1
C07-darpa-e5-theia-0515,C07-darpa-e5-theia-0515|discriminative|m060|53,discriminative,0.6,53,C07-darpa-e5-theia-0515|discriminative|m060|53|d0|root,0,,9.0,2,3,4.0,C07-AA-001>C07-AA-003>C07-AA-004,4.0,C07-AA-004>C07-AA-001>C07-AA-003,C07-AA-004>C07-AA-002>C07-AA-003,target_reached,1,zero,1,1,0,0,0.0,0.0,1,0
C07-darpa-e5-theia-0515,C07-darpa-e5-theia-0515|discriminative|m060|53,discriminative,0.6,53,C07-darpa-e5-theia-0515|discriminative|m060|53|d1|C07-AA-001,1,C07-AA-001,8.0,3,2,3.0,C07-AA-003>C07-AA-004,3.0,C07-AA-003>C07-AA-004,C07-AA-003>C07-AA-004,target_reached,0,zero,1,1,0,0,0.0,0.0,1,1
C07-darpa-e5-theia-0515,C07-darpa-e5-theia-0515|discriminative|m060|53,discriminative,0.6,53,C07-darpa-e5-theia-0515|discriminative|m060|53|d1|C07-AA-002,1,C07-AA-002,7.0,3,2,3.0,C07-AA-003>C07-AA-004,3.0,C07-AA-003>C07-AA-004,C07-AA-003>C07-AA-004,target_reached,0,zero,1,1,0,0,0.0,0.0,1,1
C07-darpa-e5-theia-0515,C07-darpa-e5-theia-0515|discriminative|m060|53,discriminative,0.6,53,C07-darpa-e5-theia-0515|discriminative|m060|53|d1|C07-AA-003,1,C07-AA-003,8.0,3,2,3.0,C07-AA-001>C07-AA-004,3.0,C07-AA-001>C07-AA-004,C07-AA-001>C07-AA-004,target_reached,0,zero,1,1,0,0,0.0,0.0,1,1
C07-darpa-e5-theia-0515,C07-darpa-e5-theia-0515|discriminative|m060|53,discriminative,0.6,53,C07-darpa-e5-theia-0515|discriminative|m060|53|d1|C07-AA-004,1,C07-AA-004,7.0,3,2,2.0,C07-AA-001>C07-AA-003,2.0,C07-AA-001>C07-AA-003,C07-AA-002>C07-AA-003,target_reached,1,zero,1,1,0,0,0.0,0.0,1,1
C07-darpa-e5-theia-0515,C07-darpa-e5-theia-0515|discriminative|m060|53,discriminative,0.6,53,C07-darpa-e5-theia-0515|discriminative|m060|53|d2|C07-AA-001>C07-AA-002,2,C07-AA-001>C07-AA-002,6.0,3,2,3.0,C07-AA-003>C07-AA-004,3.0,C07-AA-003>C07-AA-004,C07-AA-003>C07-AA-004,target_reached,0,zero,1,1,0,0,0.0,0.0,1,1
C07-darpa-e5-theia-0515,C07-darpa-e5-theia-0515|discriminative|m060|53,discriminative,0.6,53,C07-darpa-e5-theia-0515|discriminative|m060|53|d2|C07-AA-001>C07-AA-003,2,C07-AA-001>C07-AA-003,7.0,4,1,2.0,C07-AA-004,2.0,C07-AA-004,C07-AA-004,target_reached,0,zero,1,1,0,0,0.0,0.0,1,1
C07-darpa-e5-theia-0515,C07-darpa-e5-theia-0515|discriminative|m060|53,discriminative,0.6,53,C07-darpa-e5-theia-0515|discriminative|m060|53|d2|C07-AA-001>C07-AA-004,2,C07-AA-001>C07-AA-004,6.0,4,1,1.0,C07-AA-003,1.0,C07-AA-003,C07-AA-003,target_reached,0,zero,1,1,0,0,0.0,0.0,1,1
C07-darpa-e5-theia-0515,C07-darpa-e5-theia-0515|discriminative|m060|53,discriminative,0.6,53,C07-darpa-e5-theia-0515|discriminative|m060|53|d2|C07-AA-002>C07-AA-001,2,C07-AA-002>C07-AA-001,6.0,3,2,3.0,C07-AA-003>C07-AA-004,3.0,C07-AA-003>C07-AA-004,C07-AA-003>C07-AA-004,target_reached,0,zero,1,1,0,0,0.0,0.0,1,1
C07-darpa-e5-theia-0515,C07-darpa-e5-theia-0515|discriminative|m060|53,discriminative,0.6,53,C07-darpa-e5-theia-0515|discriminative|m060|53|d2|C07-AA-002>C07-AA-003,2,C07-AA-002>C07-AA-003,6.0,4,1,2.0,C07-AA-004,2.0,C07-AA-004,C07-AA-004,target_reached,0,zero,1,1,0,0,0.0,0.0,1,1
C07-darpa-e5-theia-0515,C07-darpa-e5-theia-0515|discriminative|m060|53,discriminative,0.6,53,C07-darpa-e5-theia-0515|discriminative|m060|53|d2|C07-AA-002>C07-AA-004,2,C07-AA-002>C07-AA-004,5.0,4,1,1.0,C07-AA-003,1.0,C07-AA-003,C07-AA-003,target_reached,0,zero,1,1,0,0,0.0,0.0,1,1
C07-darpa-e5-theia-0515,C07-darpa-e5-theia-0515|discriminative|m060|53,discriminative,0.6,53,C07-darpa-e5-theia-0515|discriminative|m060|53|d2|C07-AA-003>C07-AA-004,2,C07-AA-003>C07-AA-004,6.0,4,1,1.0,C07-AA-001,1.0,C07-AA-001,C07-AA-001,target_reached,0,zero,1,1,0,0,0.0,0.0,1,1
C08-darpa-e5-clearscope-0515,C08-darpa-e5-clearscope-0515|random|m020|23,random,0.2,23,C08-darpa-e5-clearscope-0515|random|m020|23|d0|root,0,,9.0,3,1,2.0,C08-AA-004,2.0,C08-AA-004,C08-AA-004,target_reached,0,zero,1,1,0,0,0.0,0.0,1,1
C08-darpa-e5-clearscope-0515,C08-darpa-e5-clearscope-0515|random|m020|23,random,0.2,23,C08-darpa-e5-clearscope-0515|random|m020|23|d1|C08-AA-001,1,C08-AA-001,8.0,3,1,2.0,C08-AA-004,2.0,C08-AA-004,C08-AA-004,target_reached,0,zero,1,1,0,0,0.0,0.0,1,1
C08-darpa-e5-clearscope-0515,C08-darpa-e5-clearscope-0515|random|m020|23,random,0.2,23,C08-darpa-e5-clearscope-0515|random|m020|23|d1|C08-AA-002,1,C08-AA-002,7.0,3,1,2.0,C08-AA-004,2.0,C08-AA-004,C08-AA-004,target_reached,0,zero,1,1,0,0,0.0,0.0,1,1
C08-darpa-e5-clearscope-0515,C08-darpa-e5-clearscope-0515|random|m020|23,random,0.2,23,C08-darpa-e5-clearscope-0515|random|m020|23|d1|C08-AA-003,1,C08-AA-003,8.0,3,1,2.0,C08-AA-004,2.0,C08-AA-004,C08-AA-004,target_reached,0,zero,1,1,0,0,0.0,0.0,1,1
C08-darpa-e5-clearscope-0515,C08-darpa-e5-clearscope-0515|random|m020|23,random,0.2,23,C08-darpa-e5-clearscope-0515|random|m020|23|d2|C08-AA-001>C08-AA-002,2,C08-AA-001>C08-AA-002,6.0,3,1,2.0,C08-AA-004,2.0,C08-AA-004,C08-AA-004,target_reached,0,zero,1,1,0,0,0.0,0.0,1,1
C08-darpa-e5-clearscope-0515,C08-darpa-e5-clearscope-0515|random|m020|23,random,0.2,23,C08-darpa-e5-clearscope-0515|random|m020|23|d2|C08-AA-001>C08-AA-003,2,C08-AA-001>C08-AA-003,7.0,3,1,2.0,C08-AA-004,2.0,C08-AA-004,C08-AA-004,target_reached,0,zero,1,1,0,0,0.0,0.0,1,1
C08-darpa-e5-clearscope-0515,C08-darpa-e5-clearscope-0515|random|m020|23,random,0.2,23,C08-darpa-e5-clearscope-0515|random|m020|23|d2|C08-AA-002>C08-AA-003,2,C08-AA-002>C08-AA-003,6.0,3,1,2.0,C08-AA-004,2.0,C08-AA-004,C08-AA-004,target_reached,0,zero,1,1,0,0,0.0,0.0,1,1
C08-darpa-e5-clearscope-0515,C08-darpa-e5-clearscope-0515|random|m020|37,random,0.2,37,C08-darpa-e5-clearscope-0515|random|m020|37|d0|root,0,,9.0,3,1,2.0,C08-AA-002,3.0,C08-AA-001>C08-AA-002,C08-AA-001>C08-AA-002,target_reached,0,positive,1,1,0,0,1.0,0.5,0,0
C08-darpa-e5-clearscope-0515,C08-darpa-e5-clearscope-0515|random|m020|37,random,0.2,37,C08-darpa-e5-clearscope-0515|random|m020|37|d1|C08-AA-001,1,C08-AA-001,8.0,3,1,2.0,C08-AA-002,2.0,C08-AA-002,C08-AA-002,target_reached,0,zero,1,1,0,0,0.0,0.0,1,1
C08-darpa-e5-clearscope-0515,C08-darpa-e5-clearscope-0515|random|m020|37,random,0.2,37,C08-darpa-e5-clearscope-0515|random|m020|37|d1|C08-AA-003,1,C08-AA-003,8.0,3,1,2.0,C08-AA-002,3.0,C08-AA-001>C08-AA-002,C08-AA-001>C08-AA-002,target_reached,0,positive,1,1,0,0,1.0,0.5,0,0
C08-darpa-e5-clearscope-0515,C08-darpa-e5-clearscope-0515|random|m020|37,random,0.2,37,C08-darpa-e5-clearscope-0515|random|m020|37|d1|C08-AA-004,1,C08-AA-004,7.0,3,1,2.0,C08-AA-002,3.0,C08-AA-001>C08-AA-002,C08-AA-001>C08-AA-002,target_reached,0,positive,1,1,0,0,1.0,0.5,0,0
C08-darpa-e5-clearscope-0515,C08-darpa-e5-clearscope-0515|random|m020|37,random,0.2,37,C08-darpa-e5-clearscope-0515|random|m020|37|d2|C08-AA-001>C08-AA-003,2,C08-AA-001>C08-AA-003,7.0,3,1,2.0,C08-AA-002,2.0,C08-AA-002,C08-AA-002,target_reached,0,zero,1,1,0,0,0.0,0.0,1,1
C08-darpa-e5-clearscope-0515,C08-darpa-e5-clearscope-0515|random|m020|37,random,0.2,37,C08-darpa-e5-clearscope-0515|random|m020|37|d2|C08-AA-001>C08-AA-004,2,C08-AA-001>C08-AA-004,6.0,3,1,2.0,C08-AA-002,2.0,C08-AA-002,C08-AA-002,target_reached,0,zero,1,1,0,0,0.0,0.0,1,1
C08-darpa-e5-clearscope-0515,C08-darpa-e5-clearscope-0515|random|m020|37,random,0.2,37,C08-darpa-e5-clearscope-0515|random|m020|37|d2|C08-AA-003>C08-AA-004,2,C08-AA-003>C08-AA-004,6.0,3,1,2.0,C08-AA-002,3.0,C08-AA-001>C08-AA-002,C08-AA-001>C08-AA-002,target_reached,0,positive,1,1,0,0,1.0,0.5,0,0
C08-darpa-e5-clearscope-0515,C08-darpa-e5-clearscope-0515|random|m020|53,random,0.2,53,C08-darpa-e5-clearscope-0515|random|m020|53|d0|root,0,,9.0,3,1,1.0,C08-AA-003,1.0,C08-AA-003,C08-AA-003,target_reached,0,zero,1,1,0,0,0.0,0.0,1,1
C08-darpa-e5-clearscope-0515,C08-darpa-e5-clearscope-0515|random|m020|53,random,0.2,53,C08-darpa-e5-clearscope-0515|random|m020|53|d1|C08-AA-001,1,C08-AA-001,8.0,3,1,1.0,C08-AA-003,1.0,C08-AA-003,C08-AA-003,target_reached,0,zero,1,1,0,0,0.0,0.0,1,1
C08-darpa-e5-clearscope-0515,C08-darpa-e5-clearscope-0515|random|m020|53,random,0.2,53,C08-darpa-e5-clearscope-0515|random|m020|53|d1|C08-AA-002,1,C08-AA-002,7.0,3,1,1.0,C08-AA-003,1.0,C08-AA-003,C08-AA-003,target_reached,0,zero,1,1,0,0,0.0,0.0,1,1
C08-darpa-e5-clearscope-0515,C08-darpa-e5-clearscope-0515|random|m020|53,random,0.2,53,C08-darpa-e5-clearscope-0515|random|m020|53|d1|C08-AA-004,1,C08-AA-004,7.0,3,1,1.0,C08-AA-003,1.0,C08-AA-003,C08-AA-003,target_reached,0,zero,1,1,0,0,0.0,0.0,1,1
C08-darpa-e5-clearscope-0515,C08-darpa-e5-clearscope-0515|random|m020|53,random,0.2,53,C08-darpa-e5-clearscope-0515|random|m020|53|d2|C08-AA-001>C08-AA-002,2,C08-AA-001>C08-AA-002,6.0,3,1,1.0,C08-AA-003,1.0,C08-AA-003,C08-AA-003,target_reached,0,zero,1,1,0,0,0.0,0.0,1,1
C08-darpa-e5-clearscope-0515,C08-darpa-e5-clearscope-0515|random|m020|53,random,0.2,53,C08-darpa-e5-clearscope-0515|random|m020|53|d2|C08-AA-001>C08-AA-004,2,C08-AA-001>C08-AA-004,6.0,3,1,1.0,C08-AA-003,1.0,C08-AA-003,C08-AA-003,target_reached,0,zero,1,1,0,0,0.0,0.0,1,1
C08-darpa-e5-clearscope-0515,C08-darpa-e5-clearscope-0515|random|m020|53,random,0.2,53,C08-darpa-e5-clearscope-0515|random|m020|53|d2|C08-AA-002>C08-AA-004,2,C08-AA-002>C08-AA-004,5.0,3,1,1.0,C08-AA-003,1.0,C08-AA-003,C08-AA-003,target_reached,0,zero,1,1,0,0,0.0,0.0,1,1
C08-darpa-e5-clearscope-0515,C08-darpa-e5-clearscope-0515|random|m040|11,random,0.4,11,C08-darpa-e5-clearscope-0515|random|m040|11|d0|root,0,,9.0,2,2,2.0,C08-AA-004,2.0,C08-AA-004,C08-AA-004,target_reached,0,zero,1,1,0,0,0.0,0.0,1,1
C08-darpa-e5-clearscope-0515,C08-darpa-e5-clearscope-0515|random|m040|11,random,0.4,11,C08-darpa-e5-clearscope-0515|random|m040|11|d1|C08-AA-001,1,C08-AA-001,8.0,2,2,2.0,C08-AA-004,2.0,C08-AA-004,C08-AA-004,target_reached,0,zero,1,1,0,0,0.0,0.0,1,1
C08-darpa-e5-clearscope-0515,C08-darpa-e5-clearscope-0515|random|m040|11,random,0.4,11,C08-darpa-e5-clearscope-0515|random|m040|11|d1|C08-AA-002,1,C08-AA-002,7.0,2,2,2.0,C08-AA-004,2.0,C08-AA-004,C08-AA-004,target_reached,0,zero,1,1,0,0,0.0,0.0,1,1
C08-darpa-e5-clearscope-0515,C08-darpa-e5-clearscope-0515|random|m040|11,random,0.4,11,C08-darpa-e5-clearscope-0515|random|m040|11|d1|C08-AA-003,1,C08-AA-003,8.0,2,2,2.0,C08-AA-004,2.0,C08-AA-004,C08-AA-004,target_reached,0,zero,1,1,0,0,0.0,0.0,1,1
C08-darpa-e5-clearscope-0515,C08-darpa-e5-clearscope-0515|random|m040|11,random,0.4,11,C08-darpa-e5-clearscope-0515|random|m040|11|d2|C08-AA-001>C08-AA-002,2,C08-AA-001>C08-AA-002,6.0,2,2,2.0,C08-AA-004,2.0,C08-AA-004,C08-AA-004,target_reached,0,zero,1,1,0,0,0.0,0.0,1,1
C08-darpa-e5-clearscope-0515,C08-darpa-e5-clearscope-0515|random|m040|11,random,0.4,11,C08-darpa-e5-clearscope-0515|random|m040|11|d2|C08-AA-001>C08-AA-003,2,C08-AA-001>C08-AA-003,7.0,2,2,2.0,C08-AA-004,2.0,C08-AA-004,C08-AA-004,target_reached,0,zero,1,1,0,0,0.0,0.0,1,1
C08-darpa-e5-clearscope-0515,C08-darpa-e5-clearscope-0515|random|m040|11,random,0.4,11,C08-darpa-e5-clearscope-0515|random|m040|11|d2|C08-AA-002>C08-AA-003,2,C08-AA-002>C08-AA-003,6.0,2,2,2.0,C08-AA-004,2.0,C08-AA-004,C08-AA-004,target_reached,0,zero,1,1,0,0,0.0,0.0,1,1
C08-darpa-e5-clearscope-0515,C08-darpa-e5-clearscope-0515|random|m040|23,random,0.4,23,C08-darpa-e5-clearscope-0515|random|m040|23|d0|root,0,,9.0,2,2,3.0,C08-AA-001>C08-AA-004,3.0,C08-AA-004>C08-AA-001,C08-AA-004>C08-AA-001,target_reached,0,zero,1,1,0,0,0.0,0.0,1,0
C08-darpa-e5-clearscope-0515,C08-darpa-e5-clearscope-0515|random|m040|23,random,0.4,23,C08-darpa-e5-clearscope-0515|random|m040|23|d1|C08-AA-001,1,C08-AA-001,8.0,3,1,2.0,C08-AA-004,2.0,C08-AA-004,C08-AA-004,target_reached,0,zero,1,1,0,0,0.0,0.0,1,1
C08-darpa-e5-clearscope-0515,C08-darpa-e5-clearscope-0515|random|m040|23,random,0.4,23,C08-darpa-e5-clearscope-0515|random|m040|23|d1|C08-AA-002,1,C08-AA-002,7.0,3,1,2.0,C08-AA-004,2.0,C08-AA-004,C08-AA-004,target_reached,0,zero,1,1,0,0,0.0,0.0,1,1
C08-darpa-e5-clearscope-0515,C08-darpa-e5-clearscope-0515|random|m040|23,random,0.4,23,C08-darpa-e5-clearscope-0515|random|m040|23|d1|C08-AA-003,1,C08-AA-003,8.0,2,2,3.0,C08-AA-001>C08-AA-004,3.0,C08-AA-004>C08-AA-001,C08-AA-004>C08-AA-001,target_reached,0,zero,1,1,0,0,0.0,0.0,1,0
C08-darpa-e5-clearscope-0515,C08-darpa-e5-clearscope-0515|random|m040|23,random,0.4,23,C08-darpa-e5-clearscope-0515|random|m040|23|d1|C08-AA-004,1,C08-AA-004,7.0,3,1,1.0,C08-AA-001,1.0,C08-AA-001,C08-AA-001,target_reached,0,zero,1,1,0,0,0.0,0.0,1,1
C08-darpa-e5-clearscope-0515,C08-darpa-e5-clearscope-0515|random|m040|23,random,0.4,23,C08-darpa-e5-clearscope-0515|random|m040|23|d2|C08-AA-001>C08-AA-002,2,C08-AA-001>C08-AA-002,6.0,3,1,2.0,C08-AA-004,2.0,C08-AA-004,C08-AA-004,target_reached,0,zero,1,1,0,0,0.0,0.0,1,1
C08-darpa-e5-clearscope-0515,C08-darpa-e5-clearscope-0515|random|m040|23,random,0.4,23,C08-darpa-e5-clearscope-0515|random|m040|23|d2|C08-AA-001>C08-AA-003,2,C08-AA-001>C08-AA-003,7.0,3,1,2.0,C08-AA-004,2.0,C08-AA-004,C08-AA-004,target_reached,0,zero,1,1,0,0,0.0,0.0,1,1
C08-darpa-e5-clearscope-0515,C08-darpa-e5-clearscope-0515|random|m040|23,random,0.4,23,C08-darpa-e5-clearscope-0515|random|m040|23|d2|C08-AA-002>C08-AA-001,2,C08-AA-002>C08-AA-001,6.0,3,1,2.0,C08-AA-004,2.0,C08-AA-004,C08-AA-004,target_reached,0,zero,1,1,0,0,0.0,0.0,1,1
C08-darpa-e5-clearscope-0515,C08-darpa-e5-clearscope-0515|random|m040|23,random,0.4,23,C08-darpa-e5-clearscope-0515|random|m040|23|d2|C08-AA-002>C08-AA-003,2,C08-AA-002>C08-AA-003,6.0,3,1,2.0,C08-AA-004,2.0,C08-AA-004,C08-AA-004,target_reached,0,zero,1,1,0,0,0.0,0.0,1,1
C08-darpa-e5-clearscope-0515,C08-darpa-e5-clearscope-0515|random|m040|23,random,0.4,23,C08-darpa-e5-clearscope-0515|random|m040|23|d2|C08-AA-003>C08-AA-004,2,C08-AA-003>C08-AA-004,6.0,3,1,1.0,C08-AA-001,1.0,C08-AA-001,C08-AA-001,target_reached,0,zero,1,1,0,0,0.0,0.0,1,1
C08-darpa-e5-clearscope-0515,C08-darpa-e5-clearscope-0515|random|m040|37,random,0.4,37,C08-darpa-e5-clearscope-0515|random|m040|37|d0|root,0,,9.0,2,2,4.0,C08-AA-002>C08-AA-004,5.0,C08-AA-004>C08-AA-001>C08-AA-002,C08-AA-004>C08-AA-001>C08-AA-002,target_reached,0,positive,1,1,0,0,1.0,0.25,0,0
C08-darpa-e5-clearscope-0515,C08-darpa-e5-clearscope-0515|random|m040|37,random,0.4,37,C08-darpa-e5-clearscope-0515|random|m040|37|d1|C08-AA-001,1,C08-AA-001,8.0,2,2,4.0,C08-AA-002>C08-AA-004,4.0,C08-AA-004>C08-AA-002,C08-AA-004>C08-AA-002,target_reached,0,zero,1,1,0,0,0.0,0.0,1,0
C08-darpa-e5-clearscope-0515,C08-darpa-e5-clearscope-0515|random|m040|37,random,0.4,37,C08-darpa-e5-clearscope-0515|random|m040|37|d1|C08-AA-002,1,C08-AA-002,7.0,3,1,2.0,C08-AA-004,2.0,C08-AA-004,C08-AA-004,target_reached,0,zero,1,1,0,0,0.0,0.0,1,1
C08-darpa-e5-clearscope-0515,C08-darpa-e5-clearscope-0515|random|m040|37,random,0.4,37,C08-darpa-e5-clearscope-0515|random|m040|37|d1|C08-AA-003,1,C08-AA-003,8.0,2,2,4.0,C08-AA-002>C08-AA-004,5.0,C08-AA-004>C08-AA-001>C08-AA-002,C08-AA-004>C08-AA-001>C08-AA-002,target_reached,0,positive,1,1,0,0,1.0,0.25,0,0
C08-darpa-e5-clearscope-0515,C08-darpa-e5-clearscope-0515|random|m040|37,random,0.4,37,C08-darpa-e5-clearscope-0515|random|m040|37|d1|C08-AA-004,1,C08-AA-004,7.0,3,1,2.0,C08-AA-002,3.0,C08-AA-001>C08-AA-002,C08-AA-001>C08-AA-002,target_reached,0,positive,1,1,0,0,1.0,0.5,0,0
C08-darpa-e5-clearscope-0515,C08-darpa-e5-clearscope-0515|random|m040|37,random,0.4,37,C08-darpa-e5-clearscope-0515|random|m040|37|d2|C08-AA-001>C08-AA-002,2,C08-AA-001>C08-AA-002,6.0,3,1,2.0,C08-AA-004,2.0,C08-AA-004,C08-AA-004,target_reached,0,zero,1,1,0,0,0.0,0.0,1,1
C08-darpa-e5-clearscope-0515,C08-darpa-e5-clearscope-0515|random|m040|37,random,0.4,37,C08-darpa-e5-clearscope-0515|random|m040|37|d2|C08-AA-001>C08-AA-003,2,C08-AA-001>C08-AA-003,7.0,2,2,4.0,C08-AA-002>C08-AA-004,4.0,C08-AA-004>C08-AA-002,C08-AA-004>C08-AA-002,target_reached,0,zero,1,1,0,0,0.0,0.0,1,0
C08-darpa-e5-clearscope-0515,C08-darpa-e5-clearscope-0515|random|m040|37,random,0.4,37,C08-darpa-e5-clearscope-0515|random|m040|37|d2|C08-AA-001>C08-AA-004,2,C08-AA-001>C08-AA-004,6.0,3,1,2.0,C08-AA-002,2.0,C08-AA-002,C08-AA-002,target_reached,0,zero,1,1,0,0,0.0,0.0,1,1
C08-darpa-e5-clearscope-0515,C08-darpa-e5-clearscope-0515|random|m040|37,random,0.4,37,C08-darpa-e5-clearscope-0515|random|m040|37|d2|C08-AA-002>C08-AA-003,2,C08-AA-002>C08-AA-003,6.0,3,1,2.0,C08-AA-004,2.0,C08-AA-004,C08-AA-004,target_reached,0,zero,1,1,0,0,0.0,0.0,1,1
C08-darpa-e5-clearscope-0515,C08-darpa-e5-clearscope-0515|random|m040|37,random,0.4,37,C08-darpa-e5-clearscope-0515|random|m040|37|d2|C08-AA-003>C08-AA-004,2,C08-AA-003>C08-AA-004,6.0,3,1,2.0,C08-AA-002,3.0,C08-AA-001>C08-AA-002,C08-AA-001>C08-AA-002,target_reached,0,positive,1,1,0,0,1.0,0.5,0,0
C08-darpa-e5-clearscope-0515,C08-darpa-e5-clearscope-0515|random|m040|41,random,0.4,41,C08-darpa-e5-clearscope-0515|random|m040|41|d0|root,0,,9.0,2,2,1.0,C08-AA-003,1.0,C08-AA-003,C08-AA-003,target_reached,0,zero,1,1,0,0,0.0,0.0,1,1
C08-darpa-e5-clearscope-0515,C08-darpa-e5-clearscope-0515|random|m040|41,random,0.4,41,C08-darpa-e5-clearscope-0515|random|m040|41|d1|C08-AA-001,1,C08-AA-001,8.0,2,2,1.0,C08-AA-003,1.0,C08-AA-003,C08-AA-003,target_reached,0,zero,1,1,0,0,0.0,0.0,1,1
C08-darpa-e5-clearscope-0515,C08-darpa-e5-clearscope-0515|random|m040|41,random,0.4,41,C08-darpa-e5-clearscope-0515|random|m040|41|d1|C08-AA-002,1,C08-AA-002,7.0,2,2,1.0,C08-AA-003,1.0,C08-AA-003,C08-AA-003,target_reached,0,zero,1,1,0,0,0.0,0.0,1,1
C08-darpa-e5-clearscope-0515,C08-darpa-e5-clearscope-0515|random|m040|41,random,0.4,41,C08-darpa-e5-clearscope-0515|random|m040|41|d1|C08-AA-004,1,C08-AA-004,7.0,2,2,1.0,C08-AA-003,1.0,C08-AA-003,C08-AA-003,target_reached,0,zero,1,1,0,0,0.0,0.0,1,1
C08-darpa-e5-clearscope-0515,C08-darpa-e5-clearscope-0515|random|m040|41,random,0.4,41,C08-darpa-e5-clearscope-0515|random|m040|41|d2|C08-AA-001>C08-AA-002,2,C08-AA-001>C08-AA-002,6.0,2,2,1.0,C08-AA-003,1.0,C08-AA-003,C08-AA-003,target_reached,0,zero,1,1,0,0,0.0,0.0,1,1
C08-darpa-e5-clearscope-0515,C08-darpa-e5-clearscope-0515|random|m040|41,random,0.4,41,C08-darpa-e5-clearscope-0515|random|m040|41|d2|C08-AA-001>C08-AA-004,2,C08-AA-001>C08-AA-004,6.0,2,2,1.0,C08-AA-003,1.0,C08-AA-003,C08-AA-003,target_reached,0,zero,1,1,0,0,0.0,0.0,1,1
C08-darpa-e5-clearscope-0515,C08-darpa-e5-clearscope-0515|random|m040|41,random,0.4,41,C08-darpa-e5-clearscope-0515|random|m040|41|d2|C08-AA-002>C08-AA-004,2,C08-AA-002>C08-AA-004,5.0,2,2,1.0,C08-AA-003,1.0,C08-AA-003,C08-AA-003,target_reached,0,zero,1,1,0,0,0.0,0.0,1,1
C08-darpa-e5-clearscope-0515,C08-darpa-e5-clearscope-0515|random|m040|53,random,0.4,53,C08-darpa-e5-clearscope-0515|random|m040|53|d0|root,0,,9.0,2,2,1.0,C08-AA-003,1.0,C08-AA-003,C08-AA-003,target_reached,0,zero,1,1,0,0,0.0,0.0,1,1
C08-darpa-e5-clearscope-0515,C08-darpa-e5-clearscope-0515|random|m040|53,random,0.4,53,C08-darpa-e5-clearscope-0515|random|m040|53|d1|C08-AA-001,1,C08-AA-001,8.0,2,2,1.0,C08-AA-003,1.0,C08-AA-003,C08-AA-003,target_reached,0,zero,1,1,0,0,0.0,0.0,1,1
C08-darpa-e5-clearscope-0515,C08-darpa-e5-clearscope-0515|random|m040|53,random,0.4,53,C08-darpa-e5-clearscope-0515|random|m040|53|d1|C08-AA-002,1,C08-AA-002,7.0,2,2,1.0,C08-AA-003,1.0,C08-AA-003,C08-AA-003,target_reached,0,zero,1,1,0,0,0.0,0.0,1,1
C08-darpa-e5-clearscope-0515,C08-darpa-e5-clearscope-0515|random|m040|53,random,0.4,53,C08-darpa-e5-clearscope-0515|random|m040|53|d1|C08-AA-004,1,C08-AA-004,7.0,2,2,1.0,C08-AA-003,1.0,C08-AA-003,C08-AA-003,target_reached,0,zero,1,1,0,0,0.0,0.0,1,1
C08-darpa-e5-clearscope-0515,C08-darpa-e5-clearscope-0515|random|m040|53,random,0.4,53,C08-darpa-e5-clearscope-0515|random|m040|53|d2|C08-AA-001>C08-AA-002,2,C08-AA-001>C08-AA-002,6.0,2,2,1.0,C08-AA-003,1.0,C08-AA-003,C08-AA-003,target_reached,0,zero,1,1,0,0,0.0,0.0,1,1
C08-darpa-e5-clearscope-0515,C08-darpa-e5-clearscope-0515|random|m040|53,random,0.4,53,C08-darpa-e5-clearscope-0515|random|m040|53|d2|C08-AA-001>C08-AA-004,2,C08-AA-001>C08-AA-004,6.0,2,2,1.0,C08-AA-003,1.0,C08-AA-003,C08-AA-003,target_reached,0,zero,1,1,0,0,0.0,0.0,1,1
C08-darpa-e5-clearscope-0515,C08-darpa-e5-clearscope-0515|random|m040|53,random,0.4,53,C08-darpa-e5-clearscope-0515|random|m040|53|d2|C08-AA-002>C08-AA-004,2,C08-AA-002>C08-AA-004,5.0,2,2,1.0,C08-AA-003,1.0,C08-AA-003,C08-AA-003,target_reached,0,zero,1,1,0,0,0.0,0.0,1,1
C08-darpa-e5-clearscope-0515,C08-darpa-e5-clearscope-0515|random|m060|11,random,0.6,11,C08-darpa-e5-clearscope-0515|random|m060|11|d0|root,0,,9.0,1,3,3.0,C08-AA-003>C08-AA-004,3.0,C08-AA-003>C08-AA-004,C08-AA-003>C08-AA-004,target_reached,0,zero,1,1,0,0,0.0,0.0,1,1
C08-darpa-e5-clearscope-0515,C08-darpa-e5-clearscope-0515|random|m060|11,random,0.6,11,C08-darpa-e5-clearscope-0515|random|m060|11|d1|C08-AA-001,1,C08-AA-001,8.0,1,3,3.0,C08-AA-003>C08-AA-004,3.0,C08-AA-003>C08-AA-004,C08-AA-003>C08-AA-004,target_reached,0,zero,1,1,0,0,0.0,0.0,1,1
C08-darpa-e5-clearscope-0515,C08-darpa-e5-clearscope-0515|random|m060|11,random,0.6,11,C08-darpa-e5-clearscope-0515|random|m060|11|d1|C08-AA-002,1,C08-AA-002,7.0,1,3,3.0,C08-AA-003>C08-AA-004,3.0,C08-AA-003>C08-AA-004,C08-AA-003>C08-AA-004,target_reached,0,zero,1,1,0,0,0.0,0.0,1,1
C08-darpa-e5-clearscope-0515,C08-darpa-e5-clearscope-0515|random|m060|11,random,0.6,11,C08-darpa-e5-clearscope-0515|random|m060|11|d1|C08-AA-003,1,C08-AA-003,8.0,2,2,2.0,C08-AA-004,2.0,C08-AA-004,C08-AA-004,target_reached,0,zero,1,1,0,0,0.0,0.0,1,1
C08-darpa-e5-clearscope-0515,C08-darpa-e5-clearscope-0515|random|m060|11,random,0.6,11,C08-darpa-e5-clearscope-0515|random|m060|11|d1|C08-AA-004,1,C08-AA-004,7.0,2,2,1.0,C08-AA-003,1.0,C08-AA-003,C08-AA-003,target_reached,0,zero,1,1,0,0,0.0,0.0,1,1
C08-darpa-e5-clearscope-0515,C08-darpa-e5-clearscope-0515|random|m060|11,random,0.6,11,C08-darpa-e5-clearscope-0515|random|m060|11|d2|C08-AA-001>C08-AA-002,2,C08-AA-001>C08-AA-002,6.0,1,3,3.0,C08-AA-003>C08-AA-004,3.0,C08-AA-003>C08-AA-004,C08-AA-003>C08-AA-004,target_reached,0,zero,1,1,0,0,0.0,0.0,1,1
C08-darpa-e5-clearscope-0515,C08-darpa-e5-clearscope-0515|random|m060|11,random,0.6,11,C08-darpa-e5-clearscope-0515|random|m060|11|d2|C08-AA-001>C08-AA-003,2,C08-AA-001>C08-AA-003,7.0,2,2,2.0,C08-AA-004,2.0,C08-AA-004,C08-AA-004,target_reached,0,zero,1,1,0,0,0.0,0.0,1,1
C08-darpa-e5-clearscope-0515,C08-darpa-e5-clearscope-0515|random|m060|11,random,0.6,11,C08-darpa-e5-clearscope-0515|random|m060|11|d2|C08-AA-001>C08-AA-004,2,C08-AA-001>C08-AA-004,6.0,2,2,1.0,C08-AA-003,1.0,C08-AA-003,C08-AA-003,target_reached,0,zero,1,1,0,0,0.0,0.0,1,1
C08-darpa-e5-clearscope-0515,C08-darpa-e5-clearscope-0515|random|m060|11,random,0.6,11,C08-darpa-e5-clearscope-0515|random|m060|11|d2|C08-AA-002>C08-AA-003,2,C08-AA-002>C08-AA-003,6.0,2,2,2.0,C08-AA-004,2.0,C08-AA-004,C08-AA-004,target_reached,0,zero,1,1,0,0,0.0,0.0,1,1
C08-darpa-e5-clearscope-0515,C08-darpa-e5-clearscope-0515|random|m060|11,random,0.6,11,C08-darpa-e5-clearscope-0515|random|m060|11|d2|C08-AA-002>C08-AA-004,2,C08-AA-002>C08-AA-004,5.0,2,2,1.0,C08-AA-003,1.0,C08-AA-003,C08-AA-003,target_reached,0,zero,1,1,0,0,0.0,0.0,1,1
C08-darpa-e5-clearscope-0515,C08-darpa-e5-clearscope-0515|random|m060|23,random,0.6,23,C08-darpa-e5-clearscope-0515|random|m060|23|d0|root,0,,9.0,1,3,3.0,C08-AA-001>C08-AA-004,3.0,C08-AA-004>C08-AA-001,C08-AA-004>C08-AA-001,target_reached,0,zero,1,1,0,0,0.0,0.0,1,0
C08-darpa-e5-clearscope-0515,C08-darpa-e5-clearscope-0515|random|m060|23,random,0.6,23,C08-darpa-e5-clearscope-0515|random|m060|23|d1|C08-AA-001,1,C08-AA-001,8.0,2,2,2.0,C08-AA-004,2.0,C08-AA-004,C08-AA-004,target_reached,0,zero,1,1,0,0,0.0,0.0,1,1
C08-darpa-e5-clearscope-0515,C08-darpa-e5-clearscope-0515|random|m060|23,random,0.6,23,C08-darpa-e5-clearscope-0515|random|m060|23|d1|C08-AA-002,1,C08-AA-002,7.0,2,2,2.0,C08-AA-004,2.0,C08-AA-004,C08-AA-004,target_reached,0,zero,1,1,0,0,0.0,0.0,1,1
C08-darpa-e5-clearscope-0515,C08-darpa-e5-clearscope-0515|random|m060|23,random,0.6,23,C08-darpa-e5-clearscope-0515|random|m060|23|d1|C08-AA-003,1,C08-AA-003,8.0,1,3,3.0,C08-AA-001>C08-AA-004,3.0,C08-AA-004>C08-AA-001,C08-AA-004>C08-AA-001,target_reached,0,zero,1,1,0,0,0.0,0.0,1,0
C08-darpa-e5-clearscope-0515,C08-darpa-e5-clearscope-0515|random|m060|23,random,0.6,23,C08-darpa-e5-clearscope-0515|random|m060|23|d1|C08-AA-004,1,C08-AA-004,7.0,2,2,1.0,C08-AA-001,1.0,C08-AA-001,C08-AA-001,target_reached,0,zero,1,1,0,0,0.0,0.0,1,1
C08-darpa-e5-clearscope-0515,C08-darpa-e5-clearscope-0515|random|m060|23,random,0.6,23,C08-darpa-e5-clearscope-0515|random|m060|23|d2|C08-AA-001>C08-AA-002,2,C08-AA-001>C08-AA-002,6.0,2,2,2.0,C08-AA-004,2.0,C08-AA-004,C08-AA-004,target_reached,0,zero,1,1,0,0,0.0,0.0,1,1
C08-darpa-e5-clearscope-0515,C08-darpa-e5-clearscope-0515|random|m060|23,random,0.6,23,C08-darpa-e5-clearscope-0515|random|m060|23|d2|C08-AA-001>C08-AA-003,2,C08-AA-001>C08-AA-003,7.0,2,2,2.0,C08-AA-004,2.0,C08-AA-004,C08-AA-004,target_reached,0,zero,1,1,0,0,0.0,0.0,1,1
C08-darpa-e5-clearscope-0515,C08-darpa-e5-clearscope-0515|random|m060|23,random,0.6,23,C08-darpa-e5-clearscope-0515|random|m060|23|d2|C08-AA-002>C08-AA-001,2,C08-AA-002>C08-AA-001,6.0,2,2,2.0,C08-AA-004,2.0,C08-AA-004,C08-AA-004,target_reached,0,zero,1,1,0,0,0.0,0.0,1,1
C08-darpa-e5-clearscope-0515,C08-darpa-e5-clearscope-0515|random|m060|23,random,0.6,23,C08-darpa-e5-clearscope-0515|random|m060|23|d2|C08-AA-002>C08-AA-003,2,C08-AA-002>C08-AA-003,6.0,2,2,2.0,C08-AA-004,2.0,C08-AA-004,C08-AA-004,target_reached,0,zero,1,1,0,0,0.0,0.0,1,1
C08-darpa-e5-clearscope-0515,C08-darpa-e5-clearscope-0515|random|m060|23,random,0.6,23,C08-darpa-e5-clearscope-0515|random|m060|23|d2|C08-AA-003>C08-AA-004,2,C08-AA-003>C08-AA-004,6.0,2,2,1.0,C08-AA-001,1.0,C08-AA-001,C08-AA-001,target_reached,0,zero,1,1,0,0,0.0,0.0,1,1
C08-darpa-e5-clearscope-0515,C08-darpa-e5-clearscope-0515|random|m060|37,random,0.6,37,C08-darpa-e5-clearscope-0515|random|m060|37|d0|root,0,,9.0,1,3,4.0,C08-AA-002>C08-AA-004,5.0,C08-AA-004>C08-AA-001>C08-AA-002,C08-AA-004>C08-AA-001>C08-AA-002,target_reached,0,positive,1,1,0,0,1.0,0.25,0,0
C08-darpa-e5-clearscope-0515,C08-darpa-e5-clearscope-0515|random|m060|37,random,0.6,37,C08-darpa-e5-clearscope-0515|random|m060|37|d1|C08-AA-001,1,C08-AA-001,8.0,1,3,4.0,C08-AA-002>C08-AA-004,4.0,C08-AA-004>C08-AA-002,C08-AA-004>C08-AA-002,target_reached,0,zero,1,1,0,0,0.0,0.0,1,0
C08-darpa-e5-clearscope-0515,C08-darpa-e5-clearscope-0515|random|m060|37,random,0.6,37,C08-darpa-e5-clearscope-0515|random|m060|37|d1|C08-AA-002,1,C08-AA-002,7.0,2,2,2.0,C08-AA-004,2.0,C08-AA-004,C08-AA-004,target_reached,0,zero,1,1,0,0,0.0,0.0,1,1
C08-darpa-e5-clearscope-0515,C08-darpa-e5-clearscope-0515|random|m060|37,random,0.6,37,C08-darpa-e5-clearscope-0515|random|m060|37|d1|C08-AA-003,1,C08-AA-003,8.0,1,3,4.0,C08-AA-002>C08-AA-004,5.0,C08-AA-004>C08-AA-001>C08-AA-002,C08-AA-004>C08-AA-001>C08-AA-002,target_reached,0,positive,1,1,0,0,1.0,0.25,0,0
C08-darpa-e5-clearscope-0515,C08-darpa-e5-clearscope-0515|random|m060|37,random,0.6,37,C08-darpa-e5-clearscope-0515|random|m060|37|d1|C08-AA-004,1,C08-AA-004,7.0,2,2,2.0,C08-AA-002,3.0,C08-AA-001>C08-AA-002,C08-AA-001>C08-AA-002,target_reached,0,positive,1,1,0,0,1.0,0.5,0,0
C08-darpa-e5-clearscope-0515,C08-darpa-e5-clearscope-0515|random|m060|37,random,0.6,37,C08-darpa-e5-clearscope-0515|random|m060|37|d2|C08-AA-001>C08-AA-002,2,C08-AA-001>C08-AA-002,6.0,2,2,2.0,C08-AA-004,2.0,C08-AA-004,C08-AA-004,target_reached,0,zero,1,1,0,0,0.0,0.0,1,1
C08-darpa-e5-clearscope-0515,C08-darpa-e5-clearscope-0515|random|m060|37,random,0.6,37,C08-darpa-e5-clearscope-0515|random|m060|37|d2|C08-AA-001>C08-AA-003,2,C08-AA-001>C08-AA-003,7.0,1,3,4.0,C08-AA-002>C08-AA-004,4.0,C08-AA-004>C08-AA-002,C08-AA-004>C08-AA-002,target_reached,0,zero,1,1,0,0,0.0,0.0,1,0
C08-darpa-e5-clearscope-0515,C08-darpa-e5-clearscope-0515|random|m060|37,random,0.6,37,C08-darpa-e5-clearscope-0515|random|m060|37|d2|C08-AA-001>C08-AA-004,2,C08-AA-001>C08-AA-004,6.0,2,2,2.0,C08-AA-002,2.0,C08-AA-002,C08-AA-002,target_reached,0,zero,1,1,0,0,0.0,0.0,1,1
C08-darpa-e5-clearscope-0515,C08-darpa-e5-clearscope-0515|random|m060|37,random,0.6,37,C08-darpa-e5-clearscope-0515|random|m060|37|d2|C08-AA-002>C08-AA-003,2,C08-AA-002>C08-AA-003,6.0,2,2,2.0,C08-AA-004,2.0,C08-AA-004,C08-AA-004,target_reached,0,zero,1,1,0,0,0.0,0.0,1,1
C08-darpa-e5-clearscope-0515,C08-darpa-e5-clearscope-0515|random|m060|37,random,0.6,37,C08-darpa-e5-clearscope-0515|random|m060|37|d2|C08-AA-003>C08-AA-004,2,C08-AA-003>C08-AA-004,6.0,2,2,2.0,C08-AA-002,3.0,C08-AA-001>C08-AA-002,C08-AA-001>C08-AA-002,target_reached,0,positive,1,1,0,0,1.0,0.5,0,0
C08-darpa-e5-clearscope-0515,C08-darpa-e5-clearscope-0515|random|m060|41,random,0.6,41,C08-darpa-e5-clearscope-0515|random|m060|41|d0|root,0,,9.0,1,3,2.0,C08-AA-001>C08-AA-003,2.0,C08-AA-001>C08-AA-003,C08-AA-001>C08-AA-003,target_reached,0,zero,1,1,0,0,0.0,0.0,1,1
C08-darpa-e5-clearscope-0515,C08-darpa-e5-clearscope-0515|random|m060|41,random,0.6,41,C08-darpa-e5-clearscope-0515|random|m060|41|d1|C08-AA-001,1,C08-AA-001,8.0,2,2,1.0,C08-AA-003,1.0,C08-AA-003,C08-AA-003,target_reached,0,zero,1,1,0,0,0.0,0.0,1,1
C08-darpa-e5-clearscope-0515,C08-darpa-e5-clearscope-0515|random|m060|41,random,0.6,41,C08-darpa-e5-clearscope-0515|random|m060|41|d1|C08-AA-002,1,C08-AA-002,7.0,2,2,1.0,C08-AA-003,1.0,C08-AA-003,C08-AA-003,target_reached,0,zero,1,1,0,0,0.0,0.0,1,1
C08-darpa-e5-clearscope-0515,C08-darpa-e5-clearscope-0515|random|m060|41,random,0.6,41,C08-darpa-e5-clearscope-0515|random|m060|41|d1|C08-AA-003,1,C08-AA-003,8.0,2,2,1.0,C08-AA-001,1.0,C08-AA-001,C08-AA-001,target_reached,0,zero,1,1,0,0,0.0,0.0,1,1
C08-darpa-e5-clearscope-0515,C08-darpa-e5-clearscope-0515|random|m060|41,random,0.6,41,C08-darpa-e5-clearscope-0515|random|m060|41|d1|C08-AA-004,1,C08-AA-004,7.0,1,3,2.0,C08-AA-001>C08-AA-003,2.0,C08-AA-001>C08-AA-003,C08-AA-002>C08-AA-003,target_reached,1,zero,1,1,0,0,0.0,0.0,1,1
C08-darpa-e5-clearscope-0515,C08-darpa-e5-clearscope-0515|random|m060|41,random,0.6,41,C08-darpa-e5-clearscope-0515|random|m060|41|d2|C08-AA-001>C08-AA-002,2,C08-AA-001>C08-AA-002,6.0,2,2,1.0,C08-AA-003,1.0,C08-AA-003,C08-AA-003,target_reached,0,zero,1,1,0,0,0.0,0.0,1,1
C08-darpa-e5-clearscope-0515,C08-darpa-e5-clearscope-0515|random|m060|41,random,0.6,41,C08-darpa-e5-clearscope-0515|random|m060|41|d2|C08-AA-001>C08-AA-004,2,C08-AA-001>C08-AA-004,6.0,2,2,1.0,C08-AA-003,1.0,C08-AA-003,C08-AA-003,target_reached,0,zero,1,1,0,0,0.0,0.0,1,1
C08-darpa-e5-clearscope-0515,C08-darpa-e5-clearscope-0515|random|m060|41,random,0.6,41,C08-darpa-e5-clearscope-0515|random|m060|41|d2|C08-AA-002>C08-AA-001,2,C08-AA-002>C08-AA-001,6.0,2,2,1.0,C08-AA-003,1.0,C08-AA-003,C08-AA-003,target_reached,0,zero,1,1,0,0,0.0,0.0,1,1
C08-darpa-e5-clearscope-0515,C08-darpa-e5-clearscope-0515|random|m060|41,random,0.6,41,C08-darpa-e5-clearscope-0515|random|m060|41|d2|C08-AA-002>C08-AA-004,2,C08-AA-002>C08-AA-004,5.0,2,2,1.0,C08-AA-003,1.0,C08-AA-003,C08-AA-003,target_reached,0,zero,1,1,0,0,0.0,0.0,1,1
C08-darpa-e5-clearscope-0515,C08-darpa-e5-clearscope-0515|random|m060|41,random,0.6,41,C08-darpa-e5-clearscope-0515|random|m060|41|d2|C08-AA-003>C08-AA-004,2,C08-AA-003>C08-AA-004,6.0,2,2,1.0,C08-AA-001,1.0,C08-AA-001,C08-AA-001,target_reached,0,zero,1,1,0,0,0.0,0.0,1,1
C08-darpa-e5-clearscope-0515,C08-darpa-e5-clearscope-0515|random|m060|53,random,0.6,53,C08-darpa-e5-clearscope-0515|random|m060|53|d0|root,0,,9.0,1,3,3.0,C08-AA-003>C08-AA-004,3.0,C08-AA-003>C08-AA-004,C08-AA-003>C08-AA-004,target_reached,0,zero,1,1,0,0,0.0,0.0,1,1
C08-darpa-e5-clearscope-0515,C08-darpa-e5-clearscope-0515|random|m060|53,random,0.6,53,C08-darpa-e5-clearscope-0515|random|m060|53|d1|C08-AA-001,1,C08-AA-001,8.0,1,3,3.0,C08-AA-003>C08-AA-004,3.0,C08-AA-003>C08-AA-004,C08-AA-003>C08-AA-004,target_reached,0,zero,1,1,0,0,0.0,0.0,1,1
C08-darpa-e5-clearscope-0515,C08-darpa-e5-clearscope-0515|random|m060|53,random,0.6,53,C08-darpa-e5-clearscope-0515|random|m060|53|d1|C08-AA-002,1,C08-AA-002,7.0,1,3,3.0,C08-AA-003>C08-AA-004,3.0,C08-AA-003>C08-AA-004,C08-AA-003>C08-AA-004,target_reached,0,zero,1,1,0,0,0.0,0.0,1,1
C08-darpa-e5-clearscope-0515,C08-darpa-e5-clearscope-0515|random|m060|53,random,0.6,53,C08-darpa-e5-clearscope-0515|random|m060|53|d1|C08-AA-003,1,C08-AA-003,8.0,2,2,2.0,C08-AA-004,2.0,C08-AA-004,C08-AA-004,target_reached,0,zero,1,1,0,0,0.0,0.0,1,1
C08-darpa-e5-clearscope-0515,C08-darpa-e5-clearscope-0515|random|m060|53,random,0.6,53,C08-darpa-e5-clearscope-0515|random|m060|53|d1|C08-AA-004,1,C08-AA-004,7.0,2,2,1.0,C08-AA-003,1.0,C08-AA-003,C08-AA-003,target_reached,0,zero,1,1,0,0,0.0,0.0,1,1
C08-darpa-e5-clearscope-0515,C08-darpa-e5-clearscope-0515|random|m060|53,random,0.6,53,C08-darpa-e5-clearscope-0515|random|m060|53|d2|C08-AA-001>C08-AA-002,2,C08-AA-001>C08-AA-002,6.0,1,3,3.0,C08-AA-003>C08-AA-004,3.0,C08-AA-003>C08-AA-004,C08-AA-003>C08-AA-004,target_reached,0,zero,1,1,0,0,0.0,0.0,1,1
C08-darpa-e5-clearscope-0515,C08-darpa-e5-clearscope-0515|random|m060|53,random,0.6,53,C08-darpa-e5-clearscope-0515|random|m060|53|d2|C08-AA-001>C08-AA-003,2,C08-AA-001>C08-AA-003,7.0,2,2,2.0,C08-AA-004,2.0,C08-AA-004,C08-AA-004,target_reached,0,zero,1,1,0,0,0.0,0.0,1,1
C08-darpa-e5-clearscope-0515,C08-darpa-e5-clearscope-0515|random|m060|53,random,0.6,53,C08-darpa-e5-clearscope-0515|random|m060|53|d2|C08-AA-001>C08-AA-004,2,C08-AA-001>C08-AA-004,6.0,2,2,1.0,C08-AA-003,1.0,C08-AA-003,C08-AA-003,target_reached,0,zero,1,1,0,0,0.0,0.0,1,1
C08-darpa-e5-clearscope-0515,C08-darpa-e5-clearscope-0515|random|m060|53,random,0.6,53,C08-darpa-e5-clearscope-0515|random|m060|53|d2|C08-AA-002>C08-AA-003,2,C08-AA-002>C08-AA-003,6.0,2,2,2.0,C08-AA-004,2.0,C08-AA-004,C08-AA-004,target_reached,0,zero,1,1,0,0,0.0,0.0,1,1
C08-darpa-e5-clearscope-0515,C08-darpa-e5-clearscope-0515|random|m060|53,random,0.6,53,C08-darpa-e5-clearscope-0515|random|m060|53|d2|C08-AA-002>C08-AA-004,2,C08-AA-002>C08-AA-004,5.0,2,2,1.0,C08-AA-003,1.0,C08-AA-003,C08-AA-003,target_reached,0,zero,1,1,0,0,0.0,0.0,1,1
C08-darpa-e5-clearscope-0515,C08-darpa-e5-clearscope-0515|stage|m020|11,stage,0.2,11,C08-darpa-e5-clearscope-0515|stage|m020|11|d0|root,0,,9.0,3,1,1.0,C08-AA-001,1.0,C08-AA-001,C08-AA-001,target_reached,0,zero,1,1,0,0,0.0,0.0,1,1
C08-darpa-e5-clearscope-0515,C08-darpa-e5-clearscope-0515|stage|m020|11,stage,0.2,11,C08-darpa-e5-clearscope-0515|stage|m020|11|d1|C08-AA-003,1,C08-AA-003,8.0,3,1,1.0,C08-AA-001,1.0,C08-AA-001,C08-AA-001,target_reached,0,zero,1,1,0,0,0.0,0.0,1,1
C08-darpa-e5-clearscope-0515,C08-darpa-e5-clearscope-0515|stage|m020|11,stage,0.2,11,C08-darpa-e5-clearscope-0515|stage|m020|11|d1|C08-AA-004,1,C08-AA-004,7.0,3,1,1.0,C08-AA-001,1.0,C08-AA-001,C08-AA-001,target_reached,0,zero,1,1,0,0,0.0,0.0,1,1
C08-darpa-e5-clearscope-0515,C08-darpa-e5-clearscope-0515|stage|m020|11,stage,0.2,11,C08-darpa-e5-clearscope-0515|stage|m020|11|d2|C08-AA-003>C08-AA-004,2,C08-AA-003>C08-AA-004,6.0,3,1,1.0,C08-AA-001,1.0,C08-AA-001,C08-AA-001,target_reached,0,zero,1,1,0,0,0.0,0.0,1,1
C08-darpa-e5-clearscope-0515,C08-darpa-e5-clearscope-0515|stage|m020|23,stage,0.2,23,C08-darpa-e5-clearscope-0515|stage|m020|23|d0|root,0,,9.0,3,1,1.0,C08-AA-001,1.0,C08-AA-001,C08-AA-001,target_reached,0,zero,1,1,0,0,0.0,0.0,1,1
C08-darpa-e5-clearscope-0515,C08-darpa-e5-clearscope-0515|stage|m020|23,stage,0.2,23,C08-darpa-e5-clearscope-0515|stage|m020|23|d1|C08-AA-003,1,C08-AA-003,8.0,3,1,1.0,C08-AA-001,1.0,C08-AA-001,C08-AA-001,target_reached,0,zero,1,1,0,0,0.0,0.0,1,1
C08-darpa-e5-clearscope-0515,C08-darpa-e5-clearscope-0515|stage|m020|23,stage,0.2,23,C08-darpa-e5-clearscope-0515|stage|m020|23|d1|C08-AA-004,1,C08-AA-004,7.0,3,1,1.0,C08-AA-001,1.0,C08-AA-001,C08-AA-001,target_reached,0,zero,1,1,0,0,0.0,0.0,1,1
C08-darpa-e5-clearscope-0515,C08-darpa-e5-clearscope-0515|stage|m020|23,stage,0.2,23,C08-darpa-e5-clearscope-0515|stage|m020|23|d2|C08-AA-003>C08-AA-004,2,C08-AA-003>C08-AA-004,6.0,3,1,1.0,C08-AA-001,1.0,C08-AA-001,C08-AA-001,target_reached,0,zero,1,1,0,0,0.0,0.0,1,1
C08-darpa-e5-clearscope-0515,C08-darpa-e5-clearscope-0515|stage|m020|37,stage,0.2,37,C08-darpa-e5-clearscope-0515|stage|m020|37|d0|root,0,,9.0,3,1,2.0,C08-AA-002,3.0,C08-AA-001>C08-AA-002,C08-AA-001>C08-AA-002,target_reached,0,positive,1,1,0,0,1.0,0.5,0,0
C08-darpa-e5-clearscope-0515,C08-darpa-e5-clearscope-0515|stage|m020|37,stage,0.2,37,C08-darpa-e5-clearscope-0515|stage|m020|37|d1|C08-AA-001,1,C08-AA-001,8.0,3,1,2.0,C08-AA-002,2.0,C08-AA-002,C08-AA-002,target_reached,0,zero,1,1,0,0,0.0,0.0,1,1
C08-darpa-e5-clearscope-0515,C08-darpa-e5-clearscope-0515|stage|m020|37,stage,0.2,37,C08-darpa-e5-clearscope-0515|stage|m020|37|d1|C08-AA-003,1,C08-AA-003,8.0,3,1,2.0,C08-AA-002,3.0,C08-AA-001>C08-AA-002,C08-AA-001>C08-AA-002,target_reached,0,positive,1,1,0,0,1.0,0.5,0,0
C08-darpa-e5-clearscope-0515,C08-darpa-e5-clearscope-0515|stage|m020|37,stage,0.2,37,C08-darpa-e5-clearscope-0515|stage|m020|37|d1|C08-AA-004,1,C08-AA-004,7.0,3,1,2.0,C08-AA-002,3.0,C08-AA-001>C08-AA-002,C08-AA-001>C08-AA-002,target_reached,0,positive,1,1,0,0,1.0,0.5,0,0
C08-darpa-e5-clearscope-0515,C08-darpa-e5-clearscope-0515|stage|m020|37,stage,0.2,37,C08-darpa-e5-clearscope-0515|stage|m020|37|d2|C08-AA-001>C08-AA-003,2,C08-AA-001>C08-AA-003,7.0,3,1,2.0,C08-AA-002,2.0,C08-AA-002,C08-AA-002,target_reached,0,zero,1,1,0,0,0.0,0.0,1,1
C08-darpa-e5-clearscope-0515,C08-darpa-e5-clearscope-0515|stage|m020|37,stage,0.2,37,C08-darpa-e5-clearscope-0515|stage|m020|37|d2|C08-AA-001>C08-AA-004,2,C08-AA-001>C08-AA-004,6.0,3,1,2.0,C08-AA-002,2.0,C08-AA-002,C08-AA-002,target_reached,0,zero,1,1,0,0,0.0,0.0,1,1
C08-darpa-e5-clearscope-0515,C08-darpa-e5-clearscope-0515|stage|m020|37,stage,0.2,37,C08-darpa-e5-clearscope-0515|stage|m020|37|d2|C08-AA-003>C08-AA-004,2,C08-AA-003>C08-AA-004,6.0,3,1,2.0,C08-AA-002,3.0,C08-AA-001>C08-AA-002,C08-AA-001>C08-AA-002,target_reached,0,positive,1,1,0,0,1.0,0.5,0,0
C08-darpa-e5-clearscope-0515,C08-darpa-e5-clearscope-0515|stage|m020|41,stage,0.2,41,C08-darpa-e5-clearscope-0515|stage|m020|41|d0|root,0,,9.0,3,1,1.0,C08-AA-001,1.0,C08-AA-001,C08-AA-001,target_reached,0,zero,1,1,0,0,0.0,0.0,1,1
C08-darpa-e5-clearscope-0515,C08-darpa-e5-clearscope-0515|stage|m020|41,stage,0.2,41,C08-darpa-e5-clearscope-0515|stage|m020|41|d1|C08-AA-003,1,C08-AA-003,8.0,3,1,1.0,C08-AA-001,1.0,C08-AA-001,C08-AA-001,target_reached,0,zero,1,1,0,0,0.0,0.0,1,1
C08-darpa-e5-clearscope-0515,C08-darpa-e5-clearscope-0515|stage|m020|41,stage,0.2,41,C08-darpa-e5-clearscope-0515|stage|m020|41|d1|C08-AA-004,1,C08-AA-004,7.0,3,1,1.0,C08-AA-001,1.0,C08-AA-001,C08-AA-001,target_reached,0,zero,1,1,0,0,0.0,0.0,1,1
C08-darpa-e5-clearscope-0515,C08-darpa-e5-clearscope-0515|stage|m020|41,stage,0.2,41,C08-darpa-e5-clearscope-0515|stage|m020|41|d2|C08-AA-003>C08-AA-004,2,C08-AA-003>C08-AA-004,6.0,3,1,1.0,C08-AA-001,1.0,C08-AA-001,C08-AA-001,target_reached,0,zero,1,1,0,0,0.0,0.0,1,1
C08-darpa-e5-clearscope-0515,C08-darpa-e5-clearscope-0515|stage|m020|53,stage,0.2,53,C08-darpa-e5-clearscope-0515|stage|m020|53|d0|root,0,,9.0,3,1,2.0,C08-AA-002,3.0,C08-AA-001>C08-AA-002,C08-AA-001>C08-AA-002,target_reached,0,positive,1,1,0,0,1.0,0.5,0,0
C08-darpa-e5-clearscope-0515,C08-darpa-e5-clearscope-0515|stage|m020|53,stage,0.2,53,C08-darpa-e5-clearscope-0515|stage|m020|53|d1|C08-AA-001,1,C08-AA-001,8.0,3,1,2.0,C08-AA-002,2.0,C08-AA-002,C08-AA-002,target_reached,0,zero,1,1,0,0,0.0,0.0,1,1
C08-darpa-e5-clearscope-0515,C08-darpa-e5-clearscope-0515|stage|m020|53,stage,0.2,53,C08-darpa-e5-clearscope-0515|stage|m020|53|d1|C08-AA-003,1,C08-AA-003,8.0,3,1,2.0,C08-AA-002,3.0,C08-AA-001>C08-AA-002,C08-AA-001>C08-AA-002,target_reached,0,positive,1,1,0,0,1.0,0.5,0,0
C08-darpa-e5-clearscope-0515,C08-darpa-e5-clearscope-0515|stage|m020|53,stage,0.2,53,C08-darpa-e5-clearscope-0515|stage|m020|53|d1|C08-AA-004,1,C08-AA-004,7.0,3,1,2.0,C08-AA-002,3.0,C08-AA-001>C08-AA-002,C08-AA-001>C08-AA-002,target_reached,0,positive,1,1,0,0,1.0,0.5,0,0
C08-darpa-e5-clearscope-0515,C08-darpa-e5-clearscope-0515|stage|m020|53,stage,0.2,53,C08-darpa-e5-clearscope-0515|stage|m020|53|d2|C08-AA-001>C08-AA-003,2,C08-AA-001>C08-AA-003,7.0,3,1,2.0,C08-AA-002,2.0,C08-AA-002,C08-AA-002,target_reached,0,zero,1,1,0,0,0.0,0.0,1,1
C08-darpa-e5-clearscope-0515,C08-darpa-e5-clearscope-0515|stage|m020|53,stage,0.2,53,C08-darpa-e5-clearscope-0515|stage|m020|53|d2|C08-AA-001>C08-AA-004,2,C08-AA-001>C08-AA-004,6.0,3,1,2.0,C08-AA-002,2.0,C08-AA-002,C08-AA-002,target_reached,0,zero,1,1,0,0,0.0,0.0,1,1
C08-darpa-e5-clearscope-0515,C08-darpa-e5-clearscope-0515|stage|m020|53,stage,0.2,53,C08-darpa-e5-clearscope-0515|stage|m020|53|d2|C08-AA-003>C08-AA-004,2,C08-AA-003>C08-AA-004,6.0,3,1,2.0,C08-AA-002,3.0,C08-AA-001>C08-AA-002,C08-AA-001>C08-AA-002,target_reached,0,positive,1,1,0,0,1.0,0.5,0,0
C08-darpa-e5-clearscope-0515,C08-darpa-e5-clearscope-0515|stage|m040|11,stage,0.4,11,C08-darpa-e5-clearscope-0515|stage|m040|11|d0|root,0,,9.0,2,2,2.0,C08-AA-001>C08-AA-003,2.0,C08-AA-001>C08-AA-003,C08-AA-001>C08-AA-003,target_reached,0,zero,1,1,0,0,0.0,0.0,1,1
C08-darpa-e5-clearscope-0515,C08-darpa-e5-clearscope-0515|stage|m040|11,stage,0.4,11,C08-darpa-e5-clearscope-0515|stage|m040|11|d1|C08-AA-001,1,C08-AA-001,8.0,3,1,1.0,C08-AA-003,1.0,C08-AA-003,C08-AA-003,target_reached,0,zero,1,1,0,0,0.0,0.0,1,1
C08-darpa-e5-clearscope-0515,C08-darpa-e5-clearscope-0515|stage|m040|11,stage,0.4,11,C08-darpa-e5-clearscope-0515|stage|m040|11|d1|C08-AA-002,1,C08-AA-002,7.0,3,1,1.0,C08-AA-003,1.0,C08-AA-003,C08-AA-003,target_reached,0,zero,1,1,0,0,0.0,0.0,1,1
C08-darpa-e5-clearscope-0515,C08-darpa-e5-clearscope-0515|stage|m040|11,stage,0.4,11,C08-darpa-e5-clearscope-0515|stage|m040|11|d1|C08-AA-003,1,C08-AA-003,8.0,3,1,1.0,C08-AA-001,1.0,C08-AA-001,C08-AA-001,target_reached,0,zero,1,1,0,0,0.0,0.0,1,1
C08-darpa-e5-clearscope-0515,C08-darpa-e5-clearscope-0515|stage|m040|11,stage,0.4,11,C08-darpa-e5-clearscope-0515|stage|m040|11|d1|C08-AA-004,1,C08-AA-004,7.0,2,2,2.0,C08-AA-001>C08-AA-003,2.0,C08-AA-001>C08-AA-003,C08-AA-002>C08-AA-003,target_reached,1,zero,1,1,0,0,0.0,0.0,1,1
C08-darpa-e5-clearscope-0515,C08-darpa-e5-clearscope-0515|stage|m040|11,stage,0.4,11,C08-darpa-e5-clearscope-0515|stage|m040|11|d2|C08-AA-001>C08-AA-002,2,C08-AA-001>C08-AA-002,6.0,3,1,1.0,C08-AA-003,1.0,C08-AA-003,C08-AA-003,target_reached,0,zero,1,1,0,0,0.0,0.0,1,1
C08-darpa-e5-clearscope-0515,C08-darpa-e5-clearscope-0515|stage|m040|11,stage,0.4,11,C08-darpa-e5-clearscope-0515|stage|m040|11|d2|C08-AA-001>C08-AA-004,2,C08-AA-001>C08-AA-004,6.0,3,1,1.0,C08-AA-003,1.0,C08-AA-003,C08-AA-003,target_reached,0,zero,1,1,0,0,0.0,0.0,1,1
C08-darpa-e5-clearscope-0515,C08-darpa-e5-clearscope-0515|stage|m040|11,stage,0.4,11,C08-darpa-e5-clearscope-0515|stage|m040|11|d2|C08-AA-002>C08-AA-001,2,C08-AA-002>C08-AA-001,6.0,3,1,1.0,C08-AA-003,1.0,C08-AA-003,C08-AA-003,target_reached,0,zero,1,1,0,0,0.0,0.0,1,1
C08-darpa-e5-clearscope-0515,C08-darpa-e5-clearscope-0515|stage|m040|11,stage,0.4,11,C08-darpa-e5-clearscope-0515|stage|m040|11|d2|C08-AA-002>C08-AA-004,2,C08-AA-002>C08-AA-004,5.0,3,1,1.0,C08-AA-003,1.0,C08-AA-003,C08-AA-003,target_reached,0,zero,1,1,0,0,0.0,0.0,1,1
C08-darpa-e5-clearscope-0515,C08-darpa-e5-clearscope-0515|stage|m040|11,stage,0.4,11,C08-darpa-e5-clearscope-0515|stage|m040|11|d2|C08-AA-003>C08-AA-004,2,C08-AA-003>C08-AA-004,6.0,3,1,1.0,C08-AA-001,1.0,C08-AA-001,C08-AA-001,target_reached,0,zero,1,1,0,0,0.0,0.0,1,1
C08-darpa-e5-clearscope-0515,C08-darpa-e5-clearscope-0515|stage|m040|23,stage,0.4,23,C08-darpa-e5-clearscope-0515|stage|m040|23|d0|root,0,,9.0,2,2,2.0,C08-AA-001>C08-AA-003,2.0,C08-AA-001>C08-AA-003,C08-AA-001>C08-AA-003,target_reached,0,zero,1,1,0,0,0.0,0.0,1,1
C08-darpa-e5-clearscope-0515,C08-darpa-e5-clearscope-0515|stage|m040|23,stage,0.4,23,C08-darpa-e5-clearscope-0515|stage|m040|23|d1|C08-AA-001,1,C08-AA-001,8.0,3,1,1.0,C08-AA-003,1.0,C08-AA-003,C08-AA-003,target_reached,0,zero,1,1,0,0,0.0,0.0,1,1
C08-darpa-e5-clearscope-0515,C08-darpa-e5-clearscope-0515|stage|m040|23,stage,0.4,23,C08-darpa-e5-clearscope-0515|stage|m040|23|d1|C08-AA-002,1,C08-AA-002,7.0,3,1,1.0,C08-AA-003,1.0,C08-AA-003,C08-AA-003,target_reached,0,zero,1,1,0,0,0.0,0.0,1,1
C08-darpa-e5-clearscope-0515,C08-darpa-e5-clearscope-0515|stage|m040|23,stage,0.4,23,C08-darpa-e5-clearscope-0515|stage|m040|23|d1|C08-AA-003,1,C08-AA-003,8.0,3,1,1.0,C08-AA-001,1.0,C08-AA-001,C08-AA-001,target_reached,0,zero,1,1,0,0,0.0,0.0,1,1
C08-darpa-e5-clearscope-0515,C08-darpa-e5-clearscope-0515|stage|m040|23,stage,0.4,23,C08-darpa-e5-clearscope-0515|stage|m040|23|d1|C08-AA-004,1,C08-AA-004,7.0,2,2,2.0,C08-AA-001>C08-AA-003,2.0,C08-AA-001>C08-AA-003,C08-AA-002>C08-AA-003,target_reached,1,zero,1,1,0,0,0.0,0.0,1,1
C08-darpa-e5-clearscope-0515,C08-darpa-e5-clearscope-0515|stage|m040|23,stage,0.4,23,C08-darpa-e5-clearscope-0515|stage|m040|23|d2|C08-AA-001>C08-AA-002,2,C08-AA-001>C08-AA-002,6.0,3,1,1.0,C08-AA-003,1.0,C08-AA-003,C08-AA-003,target_reached,0,zero,1,1,0,0,0.0,0.0,1,1
C08-darpa-e5-clearscope-0515,C08-darpa-e5-clearscope-0515|stage|m040|23,stage,0.4,23,C08-darpa-e5-clearscope-0515|stage|m040|23|d2|C08-AA-001>C08-AA-004,2,C08-AA-001>C08-AA-004,6.0,3,1,1.0,C08-AA-003,1.0,C08-AA-003,C08-AA-003,target_reached,0,zero,1,1,0,0,0.0,0.0,1,1
C08-darpa-e5-clearscope-0515,C08-darpa-e5-clearscope-0515|stage|m040|23,stage,0.4,23,C08-darpa-e5-clearscope-0515|stage|m040|23|d2|C08-AA-002>C08-AA-001,2,C08-AA-002>C08-AA-001,6.0,3,1,1.0,C08-AA-003,1.0,C08-AA-003,C08-AA-003,target_reached,0,zero,1,1,0,0,0.0,0.0,1,1
C08-darpa-e5-clearscope-0515,C08-darpa-e5-clearscope-0515|stage|m040|23,stage,0.4,23,C08-darpa-e5-clearscope-0515|stage|m040|23|d2|C08-AA-002>C08-AA-004,2,C08-AA-002>C08-AA-004,5.0,3,1,1.0,C08-AA-003,1.0,C08-AA-003,C08-AA-003,target_reached,0,zero,1,1,0,0,0.0,0.0,1,1
C08-darpa-e5-clearscope-0515,C08-darpa-e5-clearscope-0515|stage|m040|23,stage,0.4,23,C08-darpa-e5-clearscope-0515|stage|m040|23|d2|C08-AA-003>C08-AA-004,2,C08-AA-003>C08-AA-004,6.0,3,1,1.0,C08-AA-001,1.0,C08-AA-001,C08-AA-001,target_reached,0,zero,1,1,0,0,0.0,0.0,1,1
C08-darpa-e5-clearscope-0515,C08-darpa-e5-clearscope-0515|stage|m040|37,stage,0.4,37,C08-darpa-e5-clearscope-0515|stage|m040|37|d0|root,0,,9.0,2,2,3.0,C08-AA-002>C08-AA-003,4.0,C08-AA-001>C08-AA-002>C08-AA-003,C08-AA-001>C08-AA-002>C08-AA-003,target_reached,0,positive,1,1,0,0,1.0,0.3333333333333333,0,0
C08-darpa-e5-clearscope-0515,C08-darpa-e5-clearscope-0515|stage|m040|37,stage,0.4,37,C08-darpa-e5-clearscope-0515|stage|m040|37|d1|C08-AA-001,1,C08-AA-001,8.0,2,2,3.0,C08-AA-002>C08-AA-003,3.0,C08-AA-002>C08-AA-003,C08-AA-002>C08-AA-003,target_reached,0,zero,1,1,0,0,0.0,0.0,1,1
C08-darpa-e5-clearscope-0515,C08-darpa-e5-clearscope-0515|stage|m040|37,stage,0.4,37,C08-darpa-e5-clearscope-0515|stage|m040|37|d1|C08-AA-002,1,C08-AA-002,7.0,3,1,1.0,C08-AA-003,1.0,C08-AA-003,C08-AA-003,target_reached,0,zero,1,1,0,0,0.0,0.0,1,1
C08-darpa-e5-clearscope-0515,C08-darpa-e5-clearscope-0515|stage|m040|37,stage,0.4,37,C08-darpa-e5-clearscope-0515|stage|m040|37|d1|C08-AA-003,1,C08-AA-003,8.0,3,1,2.0,C08-AA-002,3.0,C08-AA-001>C08-AA-002,C08-AA-001>C08-AA-002,target_reached,0,positive,1,1,0,0,1.0,0.5,0,0
C08-darpa-e5-clearscope-0515,C08-darpa-e5-clearscope-0515|stage|m040|37,stage,0.4,37,C08-darpa-e5-clearscope-0515|stage|m040|37|d1|C08-AA-004,1,C08-AA-004,7.0,2,2,3.0,C08-AA-002>C08-AA-003,4.0,C08-AA-001>C08-AA-002>C08-AA-003,C08-AA-002>C08-AA-002>C08-AA-003,target_reached,1,positive,1,1,0,0,1.0,0.3333333333333333,0,0
C08-darpa-e5-clearscope-0515,C08-darpa-e5-clearscope-0515|stage|m040|37,stage,0.4,37,C08-darpa-e5-clearscope-0515|stage|m040|37|d2|C08-AA-001>C08-AA-002,2,C08-AA-001>C08-AA-002,6.0,3,1,1.0,C08-AA-003,1.0,C08-AA-003,C08-AA-003,target_reached,0,zero,1,1,0,0,0.0,0.0,1,1
C08-darpa-e5-clearscope-0515,C08-darpa-e5-clearscope-0515|stage|m040|37,stage,0.4,37,C08-darpa-e5-clearscope-0515|stage|m040|37|d2|C08-AA-001>C08-AA-003,2,C08-AA-001>C08-AA-003,7.0,3,1,2.0,C08-AA-002,2.0,C08-AA-002,C08-AA-002,target_reached,0,zero,1,1,0,0,0.0,0.0,1,1
C08-darpa-e5-clearscope-0515,C08-darpa-e5-clearscope-0515|stage|m040|37,stage,0.4,37,C08-darpa-e5-clearscope-0515|stage|m040|37|d2|C08-AA-001>C08-AA-004,2,C08-AA-001>C08-AA-004,6.0,2,2,3.0,C08-AA-002>C08-AA-003,3.0,C08-AA-002>C08-AA-003,C08-AA-002>C08-AA-003,target_reached,0,zero,1,1,0,0,0.0,0.0,1,1
C08-darpa-e5-clearscope-0515,C08-darpa-e5-clearscope-0515|stage|m040|37,stage,0.4,37,C08-darpa-e5-clearscope-0515|stage|m040|37|d2|C08-AA-002>C08-AA-004,2,C08-AA-002>C08-AA-004,5.0,3,1,1.0,C08-AA-003,1.0,C08-AA-003,C08-AA-003,target_reached,0,zero,1,1,0,0,0.0,0.0,1,1
C08-darpa-e5-clearscope-0515,C08-darpa-e5-clearscope-0515|stage|m040|37,stage,0.4,37,C08-darpa-e5-clearscope-0515|stage|m040|37|d2|C08-AA-003>C08-AA-004,2,C08-AA-003>C08-AA-004,6.0,3,1,2.0,C08-AA-002,3.0,C08-AA-001>C08-AA-002,C08-AA-001>C08-AA-002,target_reached,0,positive,1,1,0,0,1.0,0.5,0,0
C08-darpa-e5-clearscope-0515,C08-darpa-e5-clearscope-0515|stage|m040|41,stage,0.4,41,C08-darpa-e5-clearscope-0515|stage|m040|41|d0|root,0,,9.0,2,2,2.0,C08-AA-001>C08-AA-003,2.0,C08-AA-001>C08-AA-003,C08-AA-001>C08-AA-003,target_reached,0,zero,1,1,0,0,0.0,0.0,1,1
C08-darpa-e5-clearscope-0515,C08-darpa-e5-clearscope-0515|stage|m040|41,stage,0.4,41,C08-darpa-e5-clearscope-0515|stage|m040|41|d1|C08-AA-001,1,C08-AA-001,8.0,3,1,1.0,C08-AA-003,1.0,C08-AA-003,C08-AA-003,target_reached,0,zero,1,1,0,0,0.0,0.0,1,1
C08-darpa-e5-clearscope-0515,C08-darpa-e5-clearscope-0515|stage|m040|41,stage,0.4,41,C08-darpa-e5-clearscope-0515|stage|m040|41|d1|C08-AA-002,1,C08-AA-002,7.0,3,1,1.0,C08-AA-003,1.0,C08-AA-003,C08-AA-003,target_reached,0,zero,1,1,0,0,0.0,0.0,1,1
C08-darpa-e5-clearscope-0515,C08-darpa-e5-clearscope-0515|stage|m040|41,stage,0.4,41,C08-darpa-e5-clearscope-0515|stage|m040|41|d1|C08-AA-003,1,C08-AA-003,8.0,3,1,1.0,C08-AA-001,1.0,C08-AA-001,C08-AA-001,target_reached,0,zero,1,1,0,0,0.0,0.0,1,1
C08-darpa-e5-clearscope-0515,C08-darpa-e5-clearscope-0515|stage|m040|41,stage,0.4,41,C08-darpa-e5-clearscope-0515|stage|m040|41|d1|C08-AA-004,1,C08-AA-004,7.0,2,2,2.0,C08-AA-001>C08-AA-003,2.0,C08-AA-001>C08-AA-003,C08-AA-002>C08-AA-003,target_reached,1,zero,1,1,0,0,0.0,0.0,1,1
C08-darpa-e5-clearscope-0515,C08-darpa-e5-clearscope-0515|stage|m040|41,stage,0.4,41,C08-darpa-e5-clearscope-0515|stage|m040|41|d2|C08-AA-001>C08-AA-002,2,C08-AA-001>C08-AA-002,6.0,3,1,1.0,C08-AA-003,1.0,C08-AA-003,C08-AA-003,target_reached,0,zero,1,1,0,0,0.0,0.0,1,1
C08-darpa-e5-clearscope-0515,C08-darpa-e5-clearscope-0515|stage|m040|41,stage,0.4,41,C08-darpa-e5-clearscope-0515|stage|m040|41|d2|C08-AA-001>C08-AA-004,2,C08-AA-001>C08-AA-004,6.0,3,1,1.0,C08-AA-003,1.0,C08-AA-003,C08-AA-003,target_reached,0,zero,1,1,0,0,0.0,0.0,1,1
C08-darpa-e5-clearscope-0515,C08-darpa-e5-clearscope-0515|stage|m040|41,stage,0.4,41,C08-darpa-e5-clearscope-0515|stage|m040|41|d2|C08-AA-002>C08-AA-001,2,C08-AA-002>C08-AA-001,6.0,3,1,1.0,C08-AA-003,1.0,C08-AA-003,C08-AA-003,target_reached,0,zero,1,1,0,0,0.0,0.0,1,1
C08-darpa-e5-clearscope-0515,C08-darpa-e5-clearscope-0515|stage|m040|41,stage,0.4,41,C08-darpa-e5-clearscope-0515|stage|m040|41|d2|C08-AA-002>C08-AA-004,2,C08-AA-002>C08-AA-004,5.0,3,1,1.0,C08-AA-003,1.0,C08-AA-003,C08-AA-003,target_reached,0,zero,1,1,0,0,0.0,0.0,1,1
C08-darpa-e5-clearscope-0515,C08-darpa-e5-clearscope-0515|stage|m040|41,stage,0.4,41,C08-darpa-e5-clearscope-0515|stage|m040|41|d2|C08-AA-003>C08-AA-004,2,C08-AA-003>C08-AA-004,6.0,3,1,1.0,C08-AA-001,1.0,C08-AA-001,C08-AA-001,target_reached,0,zero,1,1,0,0,0.0,0.0,1,1
C08-darpa-e5-clearscope-0515,C08-darpa-e5-clearscope-0515|stage|m040|53,stage,0.4,53,C08-darpa-e5-clearscope-0515|stage|m040|53|d0|root,0,,9.0,2,2,3.0,C08-AA-002>C08-AA-003,4.0,C08-AA-001>C08-AA-002>C08-AA-003,C08-AA-001>C08-AA-002>C08-AA-003,target_reached,0,positive,1,1,0,0,1.0,0.3333333333333333,0,0
C08-darpa-e5-clearscope-0515,C08-darpa-e5-clearscope-0515|stage|m040|53,stage,0.4,53,C08-darpa-e5-clearscope-0515|stage|m040|53|d1|C08-AA-001,1,C08-AA-001,8.0,2,2,3.0,C08-AA-002>C08-AA-003,3.0,C08-AA-002>C08-AA-003,C08-AA-002>C08-AA-003,target_reached,0,zero,1,1,0,0,0.0,0.0,1,1
C08-darpa-e5-clearscope-0515,C08-darpa-e5-clearscope-0515|stage|m040|53,stage,0.4,53,C08-darpa-e5-clearscope-0515|stage|m040|53|d1|C08-AA-002,1,C08-AA-002,7.0,3,1,1.0,C08-AA-003,1.0,C08-AA-003,C08-AA-003,target_reached,0,zero,1,1,0,0,0.0,0.0,1,1
C08-darpa-e5-clearscope-0515,C08-darpa-e5-clearscope-0515|stage|m040|53,stage,0.4,53,C08-darpa-e5-clearscope-0515|stage|m040|53|d1|C08-AA-003,1,C08-AA-003,8.0,3,1,2.0,C08-AA-002,3.0,C08-AA-001>C08-AA-002,C08-AA-001>C08-AA-002,target_reached,0,positive,1,1,0,0,1.0,0.5,0,0
C08-darpa-e5-clearscope-0515,C08-darpa-e5-clearscope-0515|stage|m040|53,stage,0.4,53,C08-darpa-e5-clearscope-0515|stage|m040|53|d1|C08-AA-004,1,C08-AA-004,7.0,2,2,3.0,C08-AA-002>C08-AA-003,4.0,C08-AA-001>C08-AA-002>C08-AA-003,C08-AA-002>C08-AA-002>C08-AA-003,target_reached,1,positive,1,1,0,0,1.0,0.3333333333333333,0,0
C08-darpa-e5-clearscope-0515,C08-darpa-e5-clearscope-0515|stage|m040|53,stage,0.4,53,C08-darpa-e5-clearscope-0515|stage|m040|53|d2|C08-AA-001>C08-AA-002,2,C08-AA-001>C08-AA-002,6.0,3,1,1.0,C08-AA-003,1.0,C08-AA-003,C08-AA-003,target_reached,0,zero,1,1,0,0,0.0,0.0,1,1
C08-darpa-e5-clearscope-0515,C08-darpa-e5-clearscope-0515|stage|m040|53,stage,0.4,53,C08-darpa-e5-clearscope-0515|stage|m040|53|d2|C08-AA-001>C08-AA-003,2,C08-AA-001>C08-AA-003,7.0,3,1,2.0,C08-AA-002,2.0,C08-AA-002,C08-AA-002,target_reached,0,zero,1,1,0,0,0.0,0.0,1,1
C08-darpa-e5-clearscope-0515,C08-darpa-e5-clearscope-0515|stage|m040|53,stage,0.4,53,C08-darpa-e5-clearscope-0515|stage|m040|53|d2|C08-AA-001>C08-AA-004,2,C08-AA-001>C08-AA-004,6.0,2,2,3.0,C08-AA-002>C08-AA-003,3.0,C08-AA-002>C08-AA-003,C08-AA-002>C08-AA-003,target_reached,0,zero,1,1,0,0,0.0,0.0,1,1
C08-darpa-e5-clearscope-0515,C08-darpa-e5-clearscope-0515|stage|m040|53,stage,0.4,53,C08-darpa-e5-clearscope-0515|stage|m040|53|d2|C08-AA-002>C08-AA-004,2,C08-AA-002>C08-AA-004,5.0,3,1,1.0,C08-AA-003,1.0,C08-AA-003,C08-AA-003,target_reached,0,zero,1,1,0,0,0.0,0.0,1,1
C08-darpa-e5-clearscope-0515,C08-darpa-e5-clearscope-0515|stage|m040|53,stage,0.4,53,C08-darpa-e5-clearscope-0515|stage|m040|53|d2|C08-AA-003>C08-AA-004,2,C08-AA-003>C08-AA-004,6.0,3,1,2.0,C08-AA-002,3.0,C08-AA-001>C08-AA-002,C08-AA-001>C08-AA-002,target_reached,0,positive,1,1,0,0,1.0,0.5,0,0
C08-darpa-e5-clearscope-0515,C08-darpa-e5-clearscope-0515|stage|m060|11,stage,0.6,11,C08-darpa-e5-clearscope-0515|stage|m060|11|d0|root,0,,9.0,1,3,4.0,C08-AA-001>C08-AA-003>C08-AA-004,4.0,C08-AA-004>C08-AA-001>C08-AA-003,C08-AA-004>C08-AA-002>C08-AA-003,target_reached,1,zero,1,1,0,0,0.0,0.0,1,0
C08-darpa-e5-clearscope-0515,C08-darpa-e5-clearscope-0515|stage|m060|11,stage,0.6,11,C08-darpa-e5-clearscope-0515|stage|m060|11|d1|C08-AA-001,1,C08-AA-001,8.0,2,2,3.0,C08-AA-003>C08-AA-004,3.0,C08-AA-003>C08-AA-004,C08-AA-003>C08-AA-004,target_reached,0,zero,1,1,0,0,0.0,0.0,1,1
C08-darpa-e5-clearscope-0515,C08-darpa-e5-clearscope-0515|stage|m060|11,stage,0.6,11,C08-darpa-e5-clearscope-0515|stage|m060|11|d1|C08-AA-002,1,C08-AA-002,7.0,2,2,3.0,C08-AA-003>C08-AA-004,3.0,C08-AA-003>C08-AA-004,C08-AA-003>C08-AA-004,target_reached,0,zero,1,1,0,0,0.0,0.0,1,1
C08-darpa-e5-clearscope-0515,C08-darpa-e5-clearscope-0515|stage|m060|11,stage,0.6,11,C08-darpa-e5-clearscope-0515|stage|m060|11|d1|C08-AA-003,1,C08-AA-003,8.0,2,2,3.0,C08-AA-001>C08-AA-004,3.0,C08-AA-004>C08-AA-001,C08-AA-004>C08-AA-001,target_reached,0,zero,1,1,0,0,0.0,0.0,1,0
C08-darpa-e5-clearscope-0515,C08-darpa-e5-clearscope-0515|stage|m060|11,stage,0.6,11,C08-darpa-e5-clearscope-0515|stage|m060|11|d1|C08-AA-004,1,C08-AA-004,7.0,2,2,2.0,C08-AA-001>C08-AA-003,2.0,C08-AA-001>C08-AA-003,C08-AA-002>C08-AA-003,target_reached,1,zero,1,1,0,0,0.0,0.0,1,1
C08-darpa-e5-clearscope-0515,C08-darpa-e5-clearscope-0515|stage|m060|11,stage,0.6,11,C08-darpa-e5-clearscope-0515|stage|m060|11|d2|C08-AA-001>C08-AA-002,2,C08-AA-001>C08-AA-002,6.0,2,2,3.0,C08-AA-003>C08-AA-004,3.0,C08-AA-003>C08-AA-004,C08-AA-003>C08-AA-004,target_reached,0,zero,1,1,0,0,0.0,0.0,1,1
C08-darpa-e5-clearscope-0515,C08-darpa-e5-clearscope-0515|stage|m060|11,stage,0.6,11,C08-darpa-e5-clearscope-0515|stage|m060|11|d2|C08-AA-001>C08-AA-003,2,C08-AA-001>C08-AA-003,7.0,3,1,2.0,C08-AA-004,2.0,C08-AA-004,C08-AA-004,target_reached,0,zero,1,1,0,0,0.0,0.0,1,1
C08-darpa-e5-clearscope-0515,C08-darpa-e5-clearscope-0515|stage|m060|11,stage,0.6,11,C08-darpa-e5-clearscope-0515|stage|m060|11|d2|C08-AA-001>C08-AA-004,2,C08-AA-001>C08-AA-004,6.0,3,1,1.0,C08-AA-003,1.0,C08-AA-003,C08-AA-003,target_reached,0,zero,1,1,0,0,0.0,0.0,1,1
C08-darpa-e5-clearscope-0515,C08-darpa-e5-clearscope-0515|stage|m060|11,stage,0.6,11,C08-darpa-e5-clearscope-0515|stage|m060|11|d2|C08-AA-002>C08-AA-001,2,C08-AA-002>C08-AA-001,6.0,2,2,3.0,C08-AA-003>C08-AA-004,3.0,C08-AA-003>C08-AA-004,C08-AA-003>C08-AA-004,target_reached,0,zero,1,1,0,0,0.0,0.0,1,1
C08-darpa-e5-clearscope-0515,C08-darpa-e5-clearscope-0515|stage|m060|11,stage,0.6,11,C08-darpa-e5-clearscope-0515|stage|m060|11|d2|C08-AA-002>C08-AA-003,2,C08-AA-002>C08-AA-003,6.0,3,1,2.0,C08-AA-004,2.0,C08-AA-004,C08-AA-004,target_reached,0,zero,1,1,0,0,0.0,0.0,1,1
C08-darpa-e5-clearscope-0515,C08-darpa-e5-clearscope-0515|stage|m060|11,stage,0.6,11,C08-darpa-e5-clearscope-0515|stage|m060|11|d2|C08-AA-002>C08-AA-004,2,C08-AA-002>C08-AA-004,5.0,3,1,1.0,C08-AA-003,1.0,C08-AA-003,C08-AA-003,target_reached,0,zero,1,1,0,0,0.0,0.0,1,1
C08-darpa-e5-clearscope-0515,C08-darpa-e5-clearscope-0515|stage|m060|11,stage,0.6,11,C08-darpa-e5-clearscope-0515|stage|m060|11|d2|C08-AA-003>C08-AA-004,2,C08-AA-003>C08-AA-004,6.0,3,1,1.0,C08-AA-001,1.0,C08-AA-001,C08-AA-001,target_reached,0,zero,1,1,0,0,0.0,0.0,1,1
C08-darpa-e5-clearscope-0515,C08-darpa-e5-clearscope-0515|stage|m060|23,stage,0.6,23,C08-darpa-e5-clearscope-0515|stage|m060|23|d0|root,0,,9.0,1,3,4.0,C08-AA-001>C08-AA-003>C08-AA-004,4.0,C08-AA-004>C08-AA-001>C08-AA-003,C08-AA-004>C08-AA-002>C08-AA-003,target_reached,1,zero,1,1,0,0,0.0,0.0,1,0
C08-darpa-e5-clearscope-0515,C08-darpa-e5-clearscope-0515|stage|m060|23,stage,0.6,23,C08-darpa-e5-clearscope-0515|stage|m060|23|d1|C08-AA-001,1,C08-AA-001,8.0,2,2,3.0,C08-AA-003>C08-AA-004,3.0,C08-AA-003>C08-AA-004,C08-AA-003>C08-AA-004,target_reached,0,zero,1,1,0,0,0.0,0.0,1,1
C08-darpa-e5-clearscope-0515,C08-darpa-e5-clearscope-0515|stage|m060|23,stage,0.6,23,C08-darpa-e5-clearscope-0515|stage|m060|23|d1|C08-AA-002,1,C08-AA-002,7.0,2,2,3.0,C08-AA-003>C08-AA-004,3.0,C08-AA-003>C08-AA-004,C08-AA-003>C08-AA-004,target_reached,0,zero,1,1,0,0,0.0,0.0,1,1
C08-darpa-e5-clearscope-0515,C08-darpa-e5-clearscope-0515|stage|m060|23,stage,0.6,23,C08-darpa-e5-clearscope-0515|stage|m060|23|d1|C08-AA-003,1,C08-AA-003,8.0,2,2,3.0,C08-AA-001>C08-AA-004,3.0,C08-AA-004>C08-AA-001,C08-AA-004>C08-AA-001,target_reached,0,zero,1,1,0,0,0.0,0.0,1,0
C08-darpa-e5-clearscope-0515,C08-darpa-e5-clearscope-0515|stage|m060|23,stage,0.6,23,C08-darpa-e5-clearscope-0515|stage|m060|23|d1|C08-AA-004,1,C08-AA-004,7.0,2,2,2.0,C08-AA-001>C08-AA-003,2.0,C08-AA-001>C08-AA-003,C08-AA-002>C08-AA-003,target_reached,1,zero,1,1,0,0,0.0,0.0,1,1
C08-darpa-e5-clearscope-0515,C08-darpa-e5-clearscope-0515|stage|m060|23,stage,0.6,23,C08-darpa-e5-clearscope-0515|stage|m060|23|d2|C08-AA-001>C08-AA-002,2,C08-AA-001>C08-AA-002,6.0,2,2,3.0,C08-AA-003>C08-AA-004,3.0,C08-AA-003>C08-AA-004,C08-AA-003>C08-AA-004,target_reached,0,zero,1,1,0,0,0.0,0.0,1,1
C08-darpa-e5-clearscope-0515,C08-darpa-e5-clearscope-0515|stage|m060|23,stage,0.6,23,C08-darpa-e5-clearscope-0515|stage|m060|23|d2|C08-AA-001>C08-AA-003,2,C08-AA-001>C08-AA-003,7.0,3,1,2.0,C08-AA-004,2.0,C08-AA-004,C08-AA-004,target_reached,0,zero,1,1,0,0,0.0,0.0,1,1
C08-darpa-e5-clearscope-0515,C08-darpa-e5-clearscope-0515|stage|m060|23,stage,0.6,23,C08-darpa-e5-clearscope-0515|stage|m060|23|d2|C08-AA-001>C08-AA-004,2,C08-AA-001>C08-AA-004,6.0,3,1,1.0,C08-AA-003,1.0,C08-AA-003,C08-AA-003,target_reached,0,zero,1,1,0,0,0.0,0.0,1,1
C08-darpa-e5-clearscope-0515,C08-darpa-e5-clearscope-0515|stage|m060|23,stage,0.6,23,C08-darpa-e5-clearscope-0515|stage|m060|23|d2|C08-AA-002>C08-AA-001,2,C08-AA-002>C08-AA-001,6.0,2,2,3.0,C08-AA-003>C08-AA-004,3.0,C08-AA-003>C08-AA-004,C08-AA-003>C08-AA-004,target_reached,0,zero,1,1,0,0,0.0,0.0,1,1
C08-darpa-e5-clearscope-0515,C08-darpa-e5-clearscope-0515|stage|m060|23,stage,0.6,23,C08-darpa-e5-clearscope-0515|stage|m060|23|d2|C08-AA-002>C08-AA-003,2,C08-AA-002>C08-AA-003,6.0,3,1,2.0,C08-AA-004,2.0,C08-AA-004,C08-AA-004,target_reached,0,zero,1,1,0,0,0.0,0.0,1,1
C08-darpa-e5-clearscope-0515,C08-darpa-e5-clearscope-0515|stage|m060|23,stage,0.6,23,C08-darpa-e5-clearscope-0515|stage|m060|23|d2|C08-AA-002>C08-AA-004,2,C08-AA-002>C08-AA-004,5.0,3,1,1.0,C08-AA-003,1.0,C08-AA-003,C08-AA-003,target_reached,0,zero,1,1,0,0,0.0,0.0,1,1
C08-darpa-e5-clearscope-0515,C08-darpa-e5-clearscope-0515|stage|m060|23,stage,0.6,23,C08-darpa-e5-clearscope-0515|stage|m060|23|d2|C08-AA-003>C08-AA-004,2,C08-AA-003>C08-AA-004,6.0,3,1,1.0,C08-AA-001,1.0,C08-AA-001,C08-AA-001,target_reached,0,zero,1,1,0,0,0.0,0.0,1,1
C08-darpa-e5-clearscope-0515,C08-darpa-e5-clearscope-0515|stage|m060|37,stage,0.6,37,C08-darpa-e5-clearscope-0515|stage|m060|37|d0|root,0,,9.0,1,3,5.0,C08-AA-002>C08-AA-003>C08-AA-004,6.0,C08-AA-004>C08-AA-001>C08-AA-002>C08-AA-003,C08-AA-004>C08-AA-002>C08-AA-002>C08-AA-003,target_reached,1,positive,1,1,0,0,1.0,0.2,0,0
C08-darpa-e5-clearscope-0515,C08-darpa-e5-clearscope-0515|stage|m060|37,stage,0.6,37,C08-darpa-e5-clearscope-0515|stage|m060|37|d1|C08-AA-001,1,C08-AA-001,8.0,1,3,5.0,C08-AA-002>C08-AA-003>C08-AA-004,5.0,C08-AA-003>C08-AA-004>C08-AA-002,C08-AA-004>C08-AA-004>C08-AA-002,target_reached,1,zero,1,1,0,0,0.0,0.0,1,0
C08-darpa-e5-clearscope-0515,C08-darpa-e5-clearscope-0515|stage|m060|37,stage,0.6,37,C08-darpa-e5-clearscope-0515|stage|m060|37|d1|C08-AA-002,1,C08-AA-002,7.0,2,2,3.0,C08-AA-003>C08-AA-004,3.0,C08-AA-003>C08-AA-004,C08-AA-003>C08-AA-004,target_reached,0,zero,1,1,0,0,0.0,0.0,1,1
C08-darpa-e5-clearscope-0515,C08-darpa-e5-clearscope-0515|stage|m060|37,stage,0.6,37,C08-darpa-e5-clearscope-0515|stage|m060|37|d1|C08-AA-003,1,C08-AA-003,8.0,2,2,4.0,C08-AA-002>C08-AA-004,5.0,C08-AA-004>C08-AA-001>C08-AA-002,C08-AA-004>C08-AA-001>C08-AA-002,target_reached,0,positive,1,1,0,0,1.0,0.25,0,0
C08-darpa-e5-clearscope-0515,C08-darpa-e5-clearscope-0515|stage|m060|37,stage,0.6,37,C08-darpa-e5-clearscope-0515|stage|m060|37|d1|C08-AA-004,1,C08-AA-004,7.0,2,2,3.0,C08-AA-002>C08-AA-003,4.0,C08-AA-001>C08-AA-002>C08-AA-003,C08-AA-002>C08-AA-002>C08-AA-003,target_reached,1,positive,1,1,0,0,1.0,0.3333333333333333,0,0
C08-darpa-e5-clearscope-0515,C08-darpa-e5-clearscope-0515|stage|m060|37,stage,0.6,37,C08-darpa-e5-clearscope-0515|stage|m060|37|d2|C08-AA-001>C08-AA-002,2,C08-AA-001>C08-AA-002,6.0,2,2,3.0,C08-AA-003>C08-AA-004,3.0,C08-AA-003>C08-AA-004,C08-AA-003>C08-AA-004,target_reached,0,zero,1,1,0,0,0.0,0.0,1,1
C08-darpa-e5-clearscope-0515,C08-darpa-e5-clearscope-0515|stage|m060|37,stage,0.6,37,C08-darpa-e5-clearscope-0515|stage|m060|37|d2|C08-AA-001>C08-AA-003,2,C08-AA-001>C08-AA-003,7.0,2,2,4.0,C08-AA-002>C08-AA-004,4.0,C08-AA-004>C08-AA-002,C08-AA-004>C08-AA-002,target_reached,0,zero,1,1,0,0,0.0,0.0,1,0
C08-darpa-e5-clearscope-0515,C08-darpa-e5-clearscope-0515|stage|m060|37,stage,0.6,37,C08-darpa-e5-clearscope-0515|stage|m060|37|d2|C08-AA-001>C08-AA-004,2,C08-AA-001>C08-AA-004,6.0,2,2,3.0,C08-AA-002>C08-AA-003,3.0,C08-AA-002>C08-AA-003,C08-AA-002>C08-AA-003,target_reached,0,zero,1,1,0,0,0.0,0.0,1,1
C08-darpa-e5-clearscope-0515,C08-darpa-e5-clearscope-0515|stage|m060|37,stage,0.6,37,C08-darpa-e5-clearscope-0515|stage|m060|37|d2|C08-AA-002>C08-AA-003,2,C08-AA-002>C08-AA-003,6.0,3,1,2.0,C08-AA-004,2.0,C08-AA-004,C08-AA-004,target_reached,0,zero,1,1,0,0,0.0,0.0,1,1
C08-darpa-e5-clearscope-0515,C08-darpa-e5-clearscope-0515|stage|m060|37,stage,0.6,37,C08-darpa-e5-clearscope-0515|stage|m060|37|d2|C08-AA-002>C08-AA-004,2,C08-AA-002>C08-AA-004,5.0,3,1,1.0,C08-AA-003,1.0,C08-AA-003,C08-AA-003,target_reached,0,zero,1,1,0,0,0.0,0.0,1,1
C08-darpa-e5-clearscope-0515,C08-darpa-e5-clearscope-0515|stage|m060|37,stage,0.6,37,C08-darpa-e5-clearscope-0515|stage|m060|37|d2|C08-AA-003>C08-AA-004,2,C08-AA-003>C08-AA-004,6.0,3,1,2.0,C08-AA-002,3.0,C08-AA-001>C08-AA-002,C08-AA-001>C08-AA-002,target_reached,0,positive,1,1,0,0,1.0,0.5,0,0
C08-darpa-e5-clearscope-0515,C08-darpa-e5-clearscope-0515|stage|m060|41,stage,0.6,41,C08-darpa-e5-clearscope-0515|stage|m060|41|d0|root,0,,9.0,1,3,4.0,C08-AA-001>C08-AA-003>C08-AA-004,4.0,C08-AA-004>C08-AA-001>C08-AA-003,C08-AA-004>C08-AA-002>C08-AA-003,target_reached,1,zero,1,1,0,0,0.0,0.0,1,0
C08-darpa-e5-clearscope-0515,C08-darpa-e5-clearscope-0515|stage|m060|41,stage,0.6,41,C08-darpa-e5-clearscope-0515|stage|m060|41|d1|C08-AA-001,1,C08-AA-001,8.0,2,2,3.0,C08-AA-003>C08-AA-004,3.0,C08-AA-003>C08-AA-004,C08-AA-003>C08-AA-004,target_reached,0,zero,1,1,0,0,0.0,0.0,1,1
C08-darpa-e5-clearscope-0515,C08-darpa-e5-clearscope-0515|stage|m060|41,stage,0.6,41,C08-darpa-e5-clearscope-0515|stage|m060|41|d1|C08-AA-002,1,C08-AA-002,7.0,2,2,3.0,C08-AA-003>C08-AA-004,3.0,C08-AA-003>C08-AA-004,C08-AA-003>C08-AA-004,target_reached,0,zero,1,1,0,0,0.0,0.0,1,1
C08-darpa-e5-clearscope-0515,C08-darpa-e5-clearscope-0515|stage|m060|41,stage,0.6,41,C08-darpa-e5-clearscope-0515|stage|m060|41|d1|C08-AA-003,1,C08-AA-003,8.0,2,2,3.0,C08-AA-001>C08-AA-004,3.0,C08-AA-004>C08-AA-001,C08-AA-004>C08-AA-001,target_reached,0,zero,1,1,0,0,0.0,0.0,1,0
C08-darpa-e5-clearscope-0515,C08-darpa-e5-clearscope-0515|stage|m060|41,stage,0.6,41,C08-darpa-e5-clearscope-0515|stage|m060|41|d1|C08-AA-004,1,C08-AA-004,7.0,2,2,2.0,C08-AA-001>C08-AA-003,2.0,C08-AA-001>C08-AA-003,C08-AA-002>C08-AA-003,target_reached,1,zero,1,1,0,0,0.0,0.0,1,1
C08-darpa-e5-clearscope-0515,C08-darpa-e5-clearscope-0515|stage|m060|41,stage,0.6,41,C08-darpa-e5-clearscope-0515|stage|m060|41|d2|C08-AA-001>C08-AA-002,2,C08-AA-001>C08-AA-002,6.0,2,2,3.0,C08-AA-003>C08-AA-004,3.0,C08-AA-003>C08-AA-004,C08-AA-003>C08-AA-004,target_reached,0,zero,1,1,0,0,0.0,0.0,1,1
C08-darpa-e5-clearscope-0515,C08-darpa-e5-clearscope-0515|stage|m060|41,stage,0.6,41,C08-darpa-e5-clearscope-0515|stage|m060|41|d2|C08-AA-001>C08-AA-003,2,C08-AA-001>C08-AA-003,7.0,3,1,2.0,C08-AA-004,2.0,C08-AA-004,C08-AA-004,target_reached,0,zero,1,1,0,0,0.0,0.0,1,1
C08-darpa-e5-clearscope-0515,C08-darpa-e5-clearscope-0515|stage|m060|41,stage,0.6,41,C08-darpa-e5-clearscope-0515|stage|m060|41|d2|C08-AA-001>C08-AA-004,2,C08-AA-001>C08-AA-004,6.0,3,1,1.0,C08-AA-003,1.0,C08-AA-003,C08-AA-003,target_reached,0,zero,1,1,0,0,0.0,0.0,1,1
C08-darpa-e5-clearscope-0515,C08-darpa-e5-clearscope-0515|stage|m060|41,stage,0.6,41,C08-darpa-e5-clearscope-0515|stage|m060|41|d2|C08-AA-002>C08-AA-001,2,C08-AA-002>C08-AA-001,6.0,2,2,3.0,C08-AA-003>C08-AA-004,3.0,C08-AA-003>C08-AA-004,C08-AA-003>C08-AA-004,target_reached,0,zero,1,1,0,0,0.0,0.0,1,1
C08-darpa-e5-clearscope-0515,C08-darpa-e5-clearscope-0515|stage|m060|41,stage,0.6,41,C08-darpa-e5-clearscope-0515|stage|m060|41|d2|C08-AA-002>C08-AA-003,2,C08-AA-002>C08-AA-003,6.0,3,1,2.0,C08-AA-004,2.0,C08-AA-004,C08-AA-004,target_reached,0,zero,1,1,0,0,0.0,0.0,1,1
C08-darpa-e5-clearscope-0515,C08-darpa-e5-clearscope-0515|stage|m060|41,stage,0.6,41,C08-darpa-e5-clearscope-0515|stage|m060|41|d2|C08-AA-002>C08-AA-004,2,C08-AA-002>C08-AA-004,5.0,3,1,1.0,C08-AA-003,1.0,C08-AA-003,C08-AA-003,target_reached,0,zero,1,1,0,0,0.0,0.0,1,1
C08-darpa-e5-clearscope-0515,C08-darpa-e5-clearscope-0515|stage|m060|41,stage,0.6,41,C08-darpa-e5-clearscope-0515|stage|m060|41|d2|C08-AA-003>C08-AA-004,2,C08-AA-003>C08-AA-004,6.0,3,1,1.0,C08-AA-001,1.0,C08-AA-001,C08-AA-001,target_reached,0,zero,1,1,0,0,0.0,0.0,1,1
C08-darpa-e5-clearscope-0515,C08-darpa-e5-clearscope-0515|stage|m060|53,stage,0.6,53,C08-darpa-e5-clearscope-0515|stage|m060|53|d0|root,0,,9.0,1,3,5.0,C08-AA-002>C08-AA-003>C08-AA-004,6.0,C08-AA-004>C08-AA-001>C08-AA-002>C08-AA-003,C08-AA-004>C08-AA-002>C08-AA-002>C08-AA-003,target_reached,1,positive,1,1,0,0,1.0,0.2,0,0
C08-darpa-e5-clearscope-0515,C08-darpa-e5-clearscope-0515|stage|m060|53,stage,0.6,53,C08-darpa-e5-clearscope-0515|stage|m060|53|d1|C08-AA-001,1,C08-AA-001,8.0,1,3,5.0,C08-AA-002>C08-AA-003>C08-AA-004,5.0,C08-AA-003>C08-AA-004>C08-AA-002,C08-AA-004>C08-AA-004>C08-AA-002,target_reached,1,zero,1,1,0,0,0.0,0.0,1,0
C08-darpa-e5-clearscope-0515,C08-darpa-e5-clearscope-0515|stage|m060|53,stage,0.6,53,C08-darpa-e5-clearscope-0515|stage|m060|53|d1|C08-AA-002,1,C08-AA-002,7.0,2,2,3.0,C08-AA-003>C08-AA-004,3.0,C08-AA-003>C08-AA-004,C08-AA-003>C08-AA-004,target_reached,0,zero,1,1,0,0,0.0,0.0,1,1
C08-darpa-e5-clearscope-0515,C08-darpa-e5-clearscope-0515|stage|m060|53,stage,0.6,53,C08-darpa-e5-clearscope-0515|stage|m060|53|d1|C08-AA-003,1,C08-AA-003,8.0,2,2,4.0,C08-AA-002>C08-AA-004,5.0,C08-AA-004>C08-AA-001>C08-AA-002,C08-AA-004>C08-AA-001>C08-AA-002,target_reached,0,positive,1,1,0,0,1.0,0.25,0,0
C08-darpa-e5-clearscope-0515,C08-darpa-e5-clearscope-0515|stage|m060|53,stage,0.6,53,C08-darpa-e5-clearscope-0515|stage|m060|53|d1|C08-AA-004,1,C08-AA-004,7.0,2,2,3.0,C08-AA-002>C08-AA-003,4.0,C08-AA-001>C08-AA-002>C08-AA-003,C08-AA-002>C08-AA-002>C08-AA-003,target_reached,1,positive,1,1,0,0,1.0,0.3333333333333333,0,0
C08-darpa-e5-clearscope-0515,C08-darpa-e5-clearscope-0515|stage|m060|53,stage,0.6,53,C08-darpa-e5-clearscope-0515|stage|m060|53|d2|C08-AA-001>C08-AA-002,2,C08-AA-001>C08-AA-002,6.0,2,2,3.0,C08-AA-003>C08-AA-004,3.0,C08-AA-003>C08-AA-004,C08-AA-003>C08-AA-004,target_reached,0,zero,1,1,0,0,0.0,0.0,1,1
C08-darpa-e5-clearscope-0515,C08-darpa-e5-clearscope-0515|stage|m060|53,stage,0.6,53,C08-darpa-e5-clearscope-0515|stage|m060|53|d2|C08-AA-001>C08-AA-003,2,C08-AA-001>C08-AA-003,7.0,2,2,4.0,C08-AA-002>C08-AA-004,4.0,C08-AA-004>C08-AA-002,C08-AA-004>C08-AA-002,target_reached,0,zero,1,1,0,0,0.0,0.0,1,0
C08-darpa-e5-clearscope-0515,C08-darpa-e5-clearscope-0515|stage|m060|53,stage,0.6,53,C08-darpa-e5-clearscope-0515|stage|m060|53|d2|C08-AA-001>C08-AA-004,2,C08-AA-001>C08-AA-004,6.0,2,2,3.0,C08-AA-002>C08-AA-003,3.0,C08-AA-002>C08-AA-003,C08-AA-002>C08-AA-003,target_reached,0,zero,1,1,0,0,0.0,0.0,1,1
C08-darpa-e5-clearscope-0515,C08-darpa-e5-clearscope-0515|stage|m060|53,stage,0.6,53,C08-darpa-e5-clearscope-0515|stage|m060|53|d2|C08-AA-002>C08-AA-003,2,C08-AA-002>C08-AA-003,6.0,3,1,2.0,C08-AA-004,2.0,C08-AA-004,C08-AA-004,target_reached,0,zero,1,1,0,0,0.0,0.0,1,1
C08-darpa-e5-clearscope-0515,C08-darpa-e5-clearscope-0515|stage|m060|53,stage,0.6,53,C08-darpa-e5-clearscope-0515|stage|m060|53|d2|C08-AA-002>C08-AA-004,2,C08-AA-002>C08-AA-004,5.0,3,1,1.0,C08-AA-003,1.0,C08-AA-003,C08-AA-003,target_reached,0,zero,1,1,0,0,0.0,0.0,1,1
C08-darpa-e5-clearscope-0515,C08-darpa-e5-clearscope-0515|stage|m060|53,stage,0.6,53,C08-darpa-e5-clearscope-0515|stage|m060|53|d2|C08-AA-003>C08-AA-004,2,C08-AA-003>C08-AA-004,6.0,3,1,2.0,C08-AA-002,3.0,C08-AA-001>C08-AA-002,C08-AA-001>C08-AA-002,target_reached,0,positive,1,1,0,0,1.0,0.5,0,0
C08-darpa-e5-clearscope-0515,C08-darpa-e5-clearscope-0515|discriminative|m020|11,discriminative,0.2,11,C08-darpa-e5-clearscope-0515|discriminative|m020|11|d0|root,0,,9.0,3,1,1.0,C08-AA-001,1.0,C08-AA-001,C08-AA-001,target_reached,0,zero,1,1,0,0,0.0,0.0,1,1
C08-darpa-e5-clearscope-0515,C08-darpa-e5-clearscope-0515|discriminative|m020|11,discriminative,0.2,11,C08-darpa-e5-clearscope-0515|discriminative|m020|11|d1|C08-AA-003,1,C08-AA-003,8.0,3,1,1.0,C08-AA-001,1.0,C08-AA-001,C08-AA-001,target_reached,0,zero,1,1,0,0,0.0,0.0,1,1
C08-darpa-e5-clearscope-0515,C08-darpa-e5-clearscope-0515|discriminative|m020|11,discriminative,0.2,11,C08-darpa-e5-clearscope-0515|discriminative|m020|11|d1|C08-AA-004,1,C08-AA-004,7.0,3,1,1.0,C08-AA-001,1.0,C08-AA-001,C08-AA-001,target_reached,0,zero,1,1,0,0,0.0,0.0,1,1
C08-darpa-e5-clearscope-0515,C08-darpa-e5-clearscope-0515|discriminative|m020|11,discriminative,0.2,11,C08-darpa-e5-clearscope-0515|discriminative|m020|11|d2|C08-AA-003>C08-AA-004,2,C08-AA-003>C08-AA-004,6.0,3,1,1.0,C08-AA-001,1.0,C08-AA-001,C08-AA-001,target_reached,0,zero,1,1,0,0,0.0,0.0,1,1
C08-darpa-e5-clearscope-0515,C08-darpa-e5-clearscope-0515|discriminative|m020|23,discriminative,0.2,23,C08-darpa-e5-clearscope-0515|discriminative|m020|23|d0|root,0,,9.0,3,1,1.0,C08-AA-001,1.0,C08-AA-001,C08-AA-001,target_reached,0,zero,1,1,0,0,0.0,0.0,1,1
C08-darpa-e5-clearscope-0515,C08-darpa-e5-clearscope-0515|discriminative|m020|23,discriminative,0.2,23,C08-darpa-e5-clearscope-0515|discriminative|m020|23|d1|C08-AA-003,1,C08-AA-003,8.0,3,1,1.0,C08-AA-001,1.0,C08-AA-001,C08-AA-001,target_reached,0,zero,1,1,0,0,0.0,0.0,1,1
C08-darpa-e5-clearscope-0515,C08-darpa-e5-clearscope-0515|discriminative|m020|23,discriminative,0.2,23,C08-darpa-e5-clearscope-0515|discriminative|m020|23|d1|C08-AA-004,1,C08-AA-004,7.0,3,1,1.0,C08-AA-001,1.0,C08-AA-001,C08-AA-001,target_reached,0,zero,1,1,0,0,0.0,0.0,1,1
C08-darpa-e5-clearscope-0515,C08-darpa-e5-clearscope-0515|discriminative|m020|23,discriminative,0.2,23,C08-darpa-e5-clearscope-0515|discriminative|m020|23|d2|C08-AA-003>C08-AA-004,2,C08-AA-003>C08-AA-004,6.0,3,1,1.0,C08-AA-001,1.0,C08-AA-001,C08-AA-001,target_reached,0,zero,1,1,0,0,0.0,0.0,1,1
C08-darpa-e5-clearscope-0515,C08-darpa-e5-clearscope-0515|discriminative|m020|37,discriminative,0.2,37,C08-darpa-e5-clearscope-0515|discriminative|m020|37|d0|root,0,,9.0,3,1,2.0,C08-AA-002,3.0,C08-AA-001>C08-AA-002,C08-AA-001>C08-AA-002,target_reached,0,positive,1,1,0,0,1.0,0.5,0,0
C08-darpa-e5-clearscope-0515,C08-darpa-e5-clearscope-0515|discriminative|m020|37,discriminative,0.2,37,C08-darpa-e5-clearscope-0515|discriminative|m020|37|d1|C08-AA-001,1,C08-AA-001,8.0,3,1,2.0,C08-AA-002,2.0,C08-AA-002,C08-AA-002,target_reached,0,zero,1,1,0,0,0.0,0.0,1,1
C08-darpa-e5-clearscope-0515,C08-darpa-e5-clearscope-0515|discriminative|m020|37,discriminative,0.2,37,C08-darpa-e5-clearscope-0515|discriminative|m020|37|d1|C08-AA-003,1,C08-AA-003,8.0,3,1,2.0,C08-AA-002,3.0,C08-AA-001>C08-AA-002,C08-AA-001>C08-AA-002,target_reached,0,positive,1,1,0,0,1.0,0.5,0,0
C08-darpa-e5-clearscope-0515,C08-darpa-e5-clearscope-0515|discriminative|m020|37,discriminative,0.2,37,C08-darpa-e5-clearscope-0515|discriminative|m020|37|d1|C08-AA-004,1,C08-AA-004,7.0,3,1,2.0,C08-AA-002,3.0,C08-AA-001>C08-AA-002,C08-AA-001>C08-AA-002,target_reached,0,positive,1,1,0,0,1.0,0.5,0,0
C08-darpa-e5-clearscope-0515,C08-darpa-e5-clearscope-0515|discriminative|m020|37,discriminative,0.2,37,C08-darpa-e5-clearscope-0515|discriminative|m020|37|d2|C08-AA-001>C08-AA-003,2,C08-AA-001>C08-AA-003,7.0,3,1,2.0,C08-AA-002,2.0,C08-AA-002,C08-AA-002,target_reached,0,zero,1,1,0,0,0.0,0.0,1,1
C08-darpa-e5-clearscope-0515,C08-darpa-e5-clearscope-0515|discriminative|m020|37,discriminative,0.2,37,C08-darpa-e5-clearscope-0515|discriminative|m020|37|d2|C08-AA-001>C08-AA-004,2,C08-AA-001>C08-AA-004,6.0,3,1,2.0,C08-AA-002,2.0,C08-AA-002,C08-AA-002,target_reached,0,zero,1,1,0,0,0.0,0.0,1,1
C08-darpa-e5-clearscope-0515,C08-darpa-e5-clearscope-0515|discriminative|m020|37,discriminative,0.2,37,C08-darpa-e5-clearscope-0515|discriminative|m020|37|d2|C08-AA-003>C08-AA-004,2,C08-AA-003>C08-AA-004,6.0,3,1,2.0,C08-AA-002,3.0,C08-AA-001>C08-AA-002,C08-AA-001>C08-AA-002,target_reached,0,positive,1,1,0,0,1.0,0.5,0,0
C08-darpa-e5-clearscope-0515,C08-darpa-e5-clearscope-0515|discriminative|m020|41,discriminative,0.2,41,C08-darpa-e5-clearscope-0515|discriminative|m020|41|d0|root,0,,9.0,3,1,1.0,C08-AA-001,1.0,C08-AA-001,C08-AA-001,target_reached,0,zero,1,1,0,0,0.0,0.0,1,1
C08-darpa-e5-clearscope-0515,C08-darpa-e5-clearscope-0515|discriminative|m020|41,discriminative,0.2,41,C08-darpa-e5-clearscope-0515|discriminative|m020|41|d1|C08-AA-003,1,C08-AA-003,8.0,3,1,1.0,C08-AA-001,1.0,C08-AA-001,C08-AA-001,target_reached,0,zero,1,1,0,0,0.0,0.0,1,1
C08-darpa-e5-clearscope-0515,C08-darpa-e5-clearscope-0515|discriminative|m020|41,discriminative,0.2,41,C08-darpa-e5-clearscope-0515|discriminative|m020|41|d1|C08-AA-004,1,C08-AA-004,7.0,3,1,1.0,C08-AA-001,1.0,C08-AA-001,C08-AA-001,target_reached,0,zero,1,1,0,0,0.0,0.0,1,1
C08-darpa-e5-clearscope-0515,C08-darpa-e5-clearscope-0515|discriminative|m020|41,discriminative,0.2,41,C08-darpa-e5-clearscope-0515|discriminative|m020|41|d2|C08-AA-003>C08-AA-004,2,C08-AA-003>C08-AA-004,6.0,3,1,1.0,C08-AA-001,1.0,C08-AA-001,C08-AA-001,target_reached,0,zero,1,1,0,0,0.0,0.0,1,1
C08-darpa-e5-clearscope-0515,C08-darpa-e5-clearscope-0515|discriminative|m020|53,discriminative,0.2,53,C08-darpa-e5-clearscope-0515|discriminative|m020|53|d0|root,0,,9.0,3,1,2.0,C08-AA-002,3.0,C08-AA-001>C08-AA-002,C08-AA-001>C08-AA-002,target_reached,0,positive,1,1,0,0,1.0,0.5,0,0
C08-darpa-e5-clearscope-0515,C08-darpa-e5-clearscope-0515|discriminative|m020|53,discriminative,0.2,53,C08-darpa-e5-clearscope-0515|discriminative|m020|53|d1|C08-AA-001,1,C08-AA-001,8.0,3,1,2.0,C08-AA-002,2.0,C08-AA-002,C08-AA-002,target_reached,0,zero,1,1,0,0,0.0,0.0,1,1
C08-darpa-e5-clearscope-0515,C08-darpa-e5-clearscope-0515|discriminative|m020|53,discriminative,0.2,53,C08-darpa-e5-clearscope-0515|discriminative|m020|53|d1|C08-AA-003,1,C08-AA-003,8.0,3,1,2.0,C08-AA-002,3.0,C08-AA-001>C08-AA-002,C08-AA-001>C08-AA-002,target_reached,0,positive,1,1,0,0,1.0,0.5,0,0
C08-darpa-e5-clearscope-0515,C08-darpa-e5-clearscope-0515|discriminative|m020|53,discriminative,0.2,53,C08-darpa-e5-clearscope-0515|discriminative|m020|53|d1|C08-AA-004,1,C08-AA-004,7.0,3,1,2.0,C08-AA-002,3.0,C08-AA-001>C08-AA-002,C08-AA-001>C08-AA-002,target_reached,0,positive,1,1,0,0,1.0,0.5,0,0
C08-darpa-e5-clearscope-0515,C08-darpa-e5-clearscope-0515|discriminative|m020|53,discriminative,0.2,53,C08-darpa-e5-clearscope-0515|discriminative|m020|53|d2|C08-AA-001>C08-AA-003,2,C08-AA-001>C08-AA-003,7.0,3,1,2.0,C08-AA-002,2.0,C08-AA-002,C08-AA-002,target_reached,0,zero,1,1,0,0,0.0,0.0,1,1
C08-darpa-e5-clearscope-0515,C08-darpa-e5-clearscope-0515|discriminative|m020|53,discriminative,0.2,53,C08-darpa-e5-clearscope-0515|discriminative|m020|53|d2|C08-AA-001>C08-AA-004,2,C08-AA-001>C08-AA-004,6.0,3,1,2.0,C08-AA-002,2.0,C08-AA-002,C08-AA-002,target_reached,0,zero,1,1,0,0,0.0,0.0,1,1
C08-darpa-e5-clearscope-0515,C08-darpa-e5-clearscope-0515|discriminative|m020|53,discriminative,0.2,53,C08-darpa-e5-clearscope-0515|discriminative|m020|53|d2|C08-AA-003>C08-AA-004,2,C08-AA-003>C08-AA-004,6.0,3,1,2.0,C08-AA-002,3.0,C08-AA-001>C08-AA-002,C08-AA-001>C08-AA-002,target_reached,0,positive,1,1,0,0,1.0,0.5,0,0
C08-darpa-e5-clearscope-0515,C08-darpa-e5-clearscope-0515|discriminative|m040|11,discriminative,0.4,11,C08-darpa-e5-clearscope-0515|discriminative|m040|11|d0|root,0,,9.0,2,2,2.0,C08-AA-001>C08-AA-003,2.0,C08-AA-001>C08-AA-003,C08-AA-001>C08-AA-003,target_reached,0,zero,1,1,0,0,0.0,0.0,1,1
C08-darpa-e5-clearscope-0515,C08-darpa-e5-clearscope-0515|discriminative|m040|11,discriminative,0.4,11,C08-darpa-e5-clearscope-0515|discriminative|m040|11|d1|C08-AA-001,1,C08-AA-001,8.0,3,1,1.0,C08-AA-003,1.0,C08-AA-003,C08-AA-003,target_reached,0,zero,1,1,0,0,0.0,0.0,1,1
C08-darpa-e5-clearscope-0515,C08-darpa-e5-clearscope-0515|discriminative|m040|11,discriminative,0.4,11,C08-darpa-e5-clearscope-0515|discriminative|m040|11|d1|C08-AA-002,1,C08-AA-002,7.0,3,1,1.0,C08-AA-003,1.0,C08-AA-003,C08-AA-003,target_reached,0,zero,1,1,0,0,0.0,0.0,1,1
C08-darpa-e5-clearscope-0515,C08-darpa-e5-clearscope-0515|discriminative|m040|11,discriminative,0.4,11,C08-darpa-e5-clearscope-0515|discriminative|m040|11|d1|C08-AA-003,1,C08-AA-003,8.0,3,1,1.0,C08-AA-001,1.0,C08-AA-001,C08-AA-001,target_reached,0,zero,1,1,0,0,0.0,0.0,1,1
C08-darpa-e5-clearscope-0515,C08-darpa-e5-clearscope-0515|discriminative|m040|11,discriminative,0.4,11,C08-darpa-e5-clearscope-0515|discriminative|m040|11|d1|C08-AA-004,1,C08-AA-004,7.0,2,2,2.0,C08-AA-001>C08-AA-003,2.0,C08-AA-001>C08-AA-003,C08-AA-002>C08-AA-003,target_reached,1,zero,1,1,0,0,0.0,0.0,1,1
C08-darpa-e5-clearscope-0515,C08-darpa-e5-clearscope-0515|discriminative|m040|11,discriminative,0.4,11,C08-darpa-e5-clearscope-0515|discriminative|m040|11|d2|C08-AA-001>C08-AA-002,2,C08-AA-001>C08-AA-002,6.0,3,1,1.0,C08-AA-003,1.0,C08-AA-003,C08-AA-003,target_reached,0,zero,1,1,0,0,0.0,0.0,1,1
C08-darpa-e5-clearscope-0515,C08-darpa-e5-clearscope-0515|discriminative|m040|11,discriminative,0.4,11,C08-darpa-e5-clearscope-0515|discriminative|m040|11|d2|C08-AA-001>C08-AA-004,2,C08-AA-001>C08-AA-004,6.0,3,1,1.0,C08-AA-003,1.0,C08-AA-003,C08-AA-003,target_reached,0,zero,1,1,0,0,0.0,0.0,1,1
C08-darpa-e5-clearscope-0515,C08-darpa-e5-clearscope-0515|discriminative|m040|11,discriminative,0.4,11,C08-darpa-e5-clearscope-0515|discriminative|m040|11|d2|C08-AA-002>C08-AA-001,2,C08-AA-002>C08-AA-001,6.0,3,1,1.0,C08-AA-003,1.0,C08-AA-003,C08-AA-003,target_reached,0,zero,1,1,0,0,0.0,0.0,1,1
C08-darpa-e5-clearscope-0515,C08-darpa-e5-clearscope-0515|discriminative|m040|11,discriminative,0.4,11,C08-darpa-e5-clearscope-0515|discriminative|m040|11|d2|C08-AA-002>C08-AA-004,2,C08-AA-002>C08-AA-004,5.0,3,1,1.0,C08-AA-003,1.0,C08-AA-003,C08-AA-003,target_reached,0,zero,1,1,0,0,0.0,0.0,1,1
C08-darpa-e5-clearscope-0515,C08-darpa-e5-clearscope-0515|discriminative|m040|11,discriminative,0.4,11,C08-darpa-e5-clearscope-0515|discriminative|m040|11|d2|C08-AA-003>C08-AA-004,2,C08-AA-003>C08-AA-004,6.0,3,1,1.0,C08-AA-001,1.0,C08-AA-001,C08-AA-001,target_reached,0,zero,1,1,0,0,0.0,0.0,1,1
C08-darpa-e5-clearscope-0515,C08-darpa-e5-clearscope-0515|discriminative|m040|23,discriminative,0.4,23,C08-darpa-e5-clearscope-0515|discriminative|m040|23|d0|root,0,,9.0,2,2,2.0,C08-AA-001>C08-AA-003,2.0,C08-AA-001>C08-AA-003,C08-AA-001>C08-AA-003,target_reached,0,zero,1,1,0,0,0.0,0.0,1,1
C08-darpa-e5-clearscope-0515,C08-darpa-e5-clearscope-0515|discriminative|m040|23,discriminative,0.4,23,C08-darpa-e5-clearscope-0515|discriminative|m040|23|d1|C08-AA-001,1,C08-AA-001,8.0,3,1,1.0,C08-AA-003,1.0,C08-AA-003,C08-AA-003,target_reached,0,zero,1,1,0,0,0.0,0.0,1,1
C08-darpa-e5-clearscope-0515,C08-darpa-e5-clearscope-0515|discriminative|m040|23,discriminative,0.4,23,C08-darpa-e5-clearscope-0515|discriminative|m040|23|d1|C08-AA-002,1,C08-AA-002,7.0,3,1,1.0,C08-AA-003,1.0,C08-AA-003,C08-AA-003,target_reached,0,zero,1,1,0,0,0.0,0.0,1,1
C08-darpa-e5-clearscope-0515,C08-darpa-e5-clearscope-0515|discriminative|m040|23,discriminative,0.4,23,C08-darpa-e5-clearscope-0515|discriminative|m040|23|d1|C08-AA-003,1,C08-AA-003,8.0,3,1,1.0,C08-AA-001,1.0,C08-AA-001,C08-AA-001,target_reached,0,zero,1,1,0,0,0.0,0.0,1,1
C08-darpa-e5-clearscope-0515,C08-darpa-e5-clearscope-0515|discriminative|m040|23,discriminative,0.4,23,C08-darpa-e5-clearscope-0515|discriminative|m040|23|d1|C08-AA-004,1,C08-AA-004,7.0,2,2,2.0,C08-AA-001>C08-AA-003,2.0,C08-AA-001>C08-AA-003,C08-AA-002>C08-AA-003,target_reached,1,zero,1,1,0,0,0.0,0.0,1,1
C08-darpa-e5-clearscope-0515,C08-darpa-e5-clearscope-0515|discriminative|m040|23,discriminative,0.4,23,C08-darpa-e5-clearscope-0515|discriminative|m040|23|d2|C08-AA-001>C08-AA-002,2,C08-AA-001>C08-AA-002,6.0,3,1,1.0,C08-AA-003,1.0,C08-AA-003,C08-AA-003,target_reached,0,zero,1,1,0,0,0.0,0.0,1,1
C08-darpa-e5-clearscope-0515,C08-darpa-e5-clearscope-0515|discriminative|m040|23,discriminative,0.4,23,C08-darpa-e5-clearscope-0515|discriminative|m040|23|d2|C08-AA-001>C08-AA-004,2,C08-AA-001>C08-AA-004,6.0,3,1,1.0,C08-AA-003,1.0,C08-AA-003,C08-AA-003,target_reached,0,zero,1,1,0,0,0.0,0.0,1,1
C08-darpa-e5-clearscope-0515,C08-darpa-e5-clearscope-0515|discriminative|m040|23,discriminative,0.4,23,C08-darpa-e5-clearscope-0515|discriminative|m040|23|d2|C08-AA-002>C08-AA-001,2,C08-AA-002>C08-AA-001,6.0,3,1,1.0,C08-AA-003,1.0,C08-AA-003,C08-AA-003,target_reached,0,zero,1,1,0,0,0.0,0.0,1,1
C08-darpa-e5-clearscope-0515,C08-darpa-e5-clearscope-0515|discriminative|m040|23,discriminative,0.4,23,C08-darpa-e5-clearscope-0515|discriminative|m040|23|d2|C08-AA-002>C08-AA-004,2,C08-AA-002>C08-AA-004,5.0,3,1,1.0,C08-AA-003,1.0,C08-AA-003,C08-AA-003,target_reached,0,zero,1,1,0,0,0.0,0.0,1,1
C08-darpa-e5-clearscope-0515,C08-darpa-e5-clearscope-0515|discriminative|m040|23,discriminative,0.4,23,C08-darpa-e5-clearscope-0515|discriminative|m040|23|d2|C08-AA-003>C08-AA-004,2,C08-AA-003>C08-AA-004,6.0,3,1,1.0,C08-AA-001,1.0,C08-AA-001,C08-AA-001,target_reached,0,zero,1,1,0,0,0.0,0.0,1,1
C08-darpa-e5-clearscope-0515,C08-darpa-e5-clearscope-0515|discriminative|m040|37,discriminative,0.4,37,C08-darpa-e5-clearscope-0515|discriminative|m040|37|d0|root,0,,9.0,2,2,3.0,C08-AA-002>C08-AA-003,4.0,C08-AA-001>C08-AA-002>C08-AA-003,C08-AA-001>C08-AA-002>C08-AA-003,target_reached,0,positive,1,1,0,0,1.0,0.3333333333333333,0,0
C08-darpa-e5-clearscope-0515,C08-darpa-e5-clearscope-0515|discriminative|m040|37,discriminative,0.4,37,C08-darpa-e5-clearscope-0515|discriminative|m040|37|d1|C08-AA-001,1,C08-AA-001,8.0,2,2,3.0,C08-AA-002>C08-AA-003,3.0,C08-AA-002>C08-AA-003,C08-AA-002>C08-AA-003,target_reached,0,zero,1,1,0,0,0.0,0.0,1,1
C08-darpa-e5-clearscope-0515,C08-darpa-e5-clearscope-0515|discriminative|m040|37,discriminative,0.4,37,C08-darpa-e5-clearscope-0515|discriminative|m040|37|d1|C08-AA-002,1,C08-AA-002,7.0,3,1,1.0,C08-AA-003,1.0,C08-AA-003,C08-AA-003,target_reached,0,zero,1,1,0,0,0.0,0.0,1,1
C08-darpa-e5-clearscope-0515,C08-darpa-e5-clearscope-0515|discriminative|m040|37,discriminative,0.4,37,C08-darpa-e5-clearscope-0515|discriminative|m040|37|d1|C08-AA-003,1,C08-AA-003,8.0,3,1,2.0,C08-AA-002,3.0,C08-AA-001>C08-AA-002,C08-AA-001>C08-AA-002,target_reached,0,positive,1,1,0,0,1.0,0.5,0,0
C08-darpa-e5-clearscope-0515,C08-darpa-e5-clearscope-0515|discriminative|m040|37,discriminative,0.4,37,C08-darpa-e5-clearscope-0515|discriminative|m040|37|d1|C08-AA-004,1,C08-AA-004,7.0,2,2,3.0,C08-AA-002>C08-AA-003,4.0,C08-AA-001>C08-AA-002>C08-AA-003,C08-AA-002>C08-AA-002>C08-AA-003,target_reached,1,positive,1,1,0,0,1.0,0.3333333333333333,0,0
C08-darpa-e5-clearscope-0515,C08-darpa-e5-clearscope-0515|discriminative|m040|37,discriminative,0.4,37,C08-darpa-e5-clearscope-0515|discriminative|m040|37|d2|C08-AA-001>C08-AA-002,2,C08-AA-001>C08-AA-002,6.0,3,1,1.0,C08-AA-003,1.0,C08-AA-003,C08-AA-003,target_reached,0,zero,1,1,0,0,0.0,0.0,1,1
C08-darpa-e5-clearscope-0515,C08-darpa-e5-clearscope-0515|discriminative|m040|37,discriminative,0.4,37,C08-darpa-e5-clearscope-0515|discriminative|m040|37|d2|C08-AA-001>C08-AA-003,2,C08-AA-001>C08-AA-003,7.0,3,1,2.0,C08-AA-002,2.0,C08-AA-002,C08-AA-002,target_reached,0,zero,1,1,0,0,0.0,0.0,1,1
C08-darpa-e5-clearscope-0515,C08-darpa-e5-clearscope-0515|discriminative|m040|37,discriminative,0.4,37,C08-darpa-e5-clearscope-0515|discriminative|m040|37|d2|C08-AA-001>C08-AA-004,2,C08-AA-001>C08-AA-004,6.0,2,2,3.0,C08-AA-002>C08-AA-003,3.0,C08-AA-002>C08-AA-003,C08-AA-002>C08-AA-003,target_reached,0,zero,1,1,0,0,0.0,0.0,1,1
C08-darpa-e5-clearscope-0515,C08-darpa-e5-clearscope-0515|discriminative|m040|37,discriminative,0.4,37,C08-darpa-e5-clearscope-0515|discriminative|m040|37|d2|C08-AA-002>C08-AA-004,2,C08-AA-002>C08-AA-004,5.0,3,1,1.0,C08-AA-003,1.0,C08-AA-003,C08-AA-003,target_reached,0,zero,1,1,0,0,0.0,0.0,1,1
C08-darpa-e5-clearscope-0515,C08-darpa-e5-clearscope-0515|discriminative|m040|37,discriminative,0.4,37,C08-darpa-e5-clearscope-0515|discriminative|m040|37|d2|C08-AA-003>C08-AA-004,2,C08-AA-003>C08-AA-004,6.0,3,1,2.0,C08-AA-002,3.0,C08-AA-001>C08-AA-002,C08-AA-001>C08-AA-002,target_reached,0,positive,1,1,0,0,1.0,0.5,0,0
C08-darpa-e5-clearscope-0515,C08-darpa-e5-clearscope-0515|discriminative|m040|41,discriminative,0.4,41,C08-darpa-e5-clearscope-0515|discriminative|m040|41|d0|root,0,,9.0,2,2,2.0,C08-AA-001>C08-AA-003,2.0,C08-AA-001>C08-AA-003,C08-AA-001>C08-AA-003,target_reached,0,zero,1,1,0,0,0.0,0.0,1,1
C08-darpa-e5-clearscope-0515,C08-darpa-e5-clearscope-0515|discriminative|m040|41,discriminative,0.4,41,C08-darpa-e5-clearscope-0515|discriminative|m040|41|d1|C08-AA-001,1,C08-AA-001,8.0,3,1,1.0,C08-AA-003,1.0,C08-AA-003,C08-AA-003,target_reached,0,zero,1,1,0,0,0.0,0.0,1,1
C08-darpa-e5-clearscope-0515,C08-darpa-e5-clearscope-0515|discriminative|m040|41,discriminative,0.4,41,C08-darpa-e5-clearscope-0515|discriminative|m040|41|d1|C08-AA-002,1,C08-AA-002,7.0,3,1,1.0,C08-AA-003,1.0,C08-AA-003,C08-AA-003,target_reached,0,zero,1,1,0,0,0.0,0.0,1,1
C08-darpa-e5-clearscope-0515,C08-darpa-e5-clearscope-0515|discriminative|m040|41,discriminative,0.4,41,C08-darpa-e5-clearscope-0515|discriminative|m040|41|d1|C08-AA-003,1,C08-AA-003,8.0,3,1,1.0,C08-AA-001,1.0,C08-AA-001,C08-AA-001,target_reached,0,zero,1,1,0,0,0.0,0.0,1,1
C08-darpa-e5-clearscope-0515,C08-darpa-e5-clearscope-0515|discriminative|m040|41,discriminative,0.4,41,C08-darpa-e5-clearscope-0515|discriminative|m040|41|d1|C08-AA-004,1,C08-AA-004,7.0,2,2,2.0,C08-AA-001>C08-AA-003,2.0,C08-AA-001>C08-AA-003,C08-AA-002>C08-AA-003,target_reached,1,zero,1,1,0,0,0.0,0.0,1,1
C08-darpa-e5-clearscope-0515,C08-darpa-e5-clearscope-0515|discriminative|m040|41,discriminative,0.4,41,C08-darpa-e5-clearscope-0515|discriminative|m040|41|d2|C08-AA-001>C08-AA-002,2,C08-AA-001>C08-AA-002,6.0,3,1,1.0,C08-AA-003,1.0,C08-AA-003,C08-AA-003,target_reached,0,zero,1,1,0,0,0.0,0.0,1,1
C08-darpa-e5-clearscope-0515,C08-darpa-e5-clearscope-0515|discriminative|m040|41,discriminative,0.4,41,C08-darpa-e5-clearscope-0515|discriminative|m040|41|d2|C08-AA-001>C08-AA-004,2,C08-AA-001>C08-AA-004,6.0,3,1,1.0,C08-AA-003,1.0,C08-AA-003,C08-AA-003,target_reached,0,zero,1,1,0,0,0.0,0.0,1,1
C08-darpa-e5-clearscope-0515,C08-darpa-e5-clearscope-0515|discriminative|m040|41,discriminative,0.4,41,C08-darpa-e5-clearscope-0515|discriminative|m040|41|d2|C08-AA-002>C08-AA-001,2,C08-AA-002>C08-AA-001,6.0,3,1,1.0,C08-AA-003,1.0,C08-AA-003,C08-AA-003,target_reached,0,zero,1,1,0,0,0.0,0.0,1,1
C08-darpa-e5-clearscope-0515,C08-darpa-e5-clearscope-0515|discriminative|m040|41,discriminative,0.4,41,C08-darpa-e5-clearscope-0515|discriminative|m040|41|d2|C08-AA-002>C08-AA-004,2,C08-AA-002>C08-AA-004,5.0,3,1,1.0,C08-AA-003,1.0,C08-AA-003,C08-AA-003,target_reached,0,zero,1,1,0,0,0.0,0.0,1,1
C08-darpa-e5-clearscope-0515,C08-darpa-e5-clearscope-0515|discriminative|m040|41,discriminative,0.4,41,C08-darpa-e5-clearscope-0515|discriminative|m040|41|d2|C08-AA-003>C08-AA-004,2,C08-AA-003>C08-AA-004,6.0,3,1,1.0,C08-AA-001,1.0,C08-AA-001,C08-AA-001,target_reached,0,zero,1,1,0,0,0.0,0.0,1,1
C08-darpa-e5-clearscope-0515,C08-darpa-e5-clearscope-0515|discriminative|m040|53,discriminative,0.4,53,C08-darpa-e5-clearscope-0515|discriminative|m040|53|d0|root,0,,9.0,2,2,3.0,C08-AA-002>C08-AA-003,4.0,C08-AA-001>C08-AA-002>C08-AA-003,C08-AA-001>C08-AA-002>C08-AA-003,target_reached,0,positive,1,1,0,0,1.0,0.3333333333333333,0,0
C08-darpa-e5-clearscope-0515,C08-darpa-e5-clearscope-0515|discriminative|m040|53,discriminative,0.4,53,C08-darpa-e5-clearscope-0515|discriminative|m040|53|d1|C08-AA-001,1,C08-AA-001,8.0,2,2,3.0,C08-AA-002>C08-AA-003,3.0,C08-AA-002>C08-AA-003,C08-AA-002>C08-AA-003,target_reached,0,zero,1,1,0,0,0.0,0.0,1,1
C08-darpa-e5-clearscope-0515,C08-darpa-e5-clearscope-0515|discriminative|m040|53,discriminative,0.4,53,C08-darpa-e5-clearscope-0515|discriminative|m040|53|d1|C08-AA-002,1,C08-AA-002,7.0,3,1,1.0,C08-AA-003,1.0,C08-AA-003,C08-AA-003,target_reached,0,zero,1,1,0,0,0.0,0.0,1,1
C08-darpa-e5-clearscope-0515,C08-darpa-e5-clearscope-0515|discriminative|m040|53,discriminative,0.4,53,C08-darpa-e5-clearscope-0515|discriminative|m040|53|d1|C08-AA-003,1,C08-AA-003,8.0,3,1,2.0,C08-AA-002,3.0,C08-AA-001>C08-AA-002,C08-AA-001>C08-AA-002,target_reached,0,positive,1,1,0,0,1.0,0.5,0,0
C08-darpa-e5-clearscope-0515,C08-darpa-e5-clearscope-0515|discriminative|m040|53,discriminative,0.4,53,C08-darpa-e5-clearscope-0515|discriminative|m040|53|d1|C08-AA-004,1,C08-AA-004,7.0,2,2,3.0,C08-AA-002>C08-AA-003,4.0,C08-AA-001>C08-AA-002>C08-AA-003,C08-AA-002>C08-AA-002>C08-AA-003,target_reached,1,positive,1,1,0,0,1.0,0.3333333333333333,0,0
C08-darpa-e5-clearscope-0515,C08-darpa-e5-clearscope-0515|discriminative|m040|53,discriminative,0.4,53,C08-darpa-e5-clearscope-0515|discriminative|m040|53|d2|C08-AA-001>C08-AA-002,2,C08-AA-001>C08-AA-002,6.0,3,1,1.0,C08-AA-003,1.0,C08-AA-003,C08-AA-003,target_reached,0,zero,1,1,0,0,0.0,0.0,1,1
C08-darpa-e5-clearscope-0515,C08-darpa-e5-clearscope-0515|discriminative|m040|53,discriminative,0.4,53,C08-darpa-e5-clearscope-0515|discriminative|m040|53|d2|C08-AA-001>C08-AA-003,2,C08-AA-001>C08-AA-003,7.0,3,1,2.0,C08-AA-002,2.0,C08-AA-002,C08-AA-002,target_reached,0,zero,1,1,0,0,0.0,0.0,1,1
C08-darpa-e5-clearscope-0515,C08-darpa-e5-clearscope-0515|discriminative|m040|53,discriminative,0.4,53,C08-darpa-e5-clearscope-0515|discriminative|m040|53|d2|C08-AA-001>C08-AA-004,2,C08-AA-001>C08-AA-004,6.0,2,2,3.0,C08-AA-002>C08-AA-003,3.0,C08-AA-002>C08-AA-003,C08-AA-002>C08-AA-003,target_reached,0,zero,1,1,0,0,0.0,0.0,1,1
C08-darpa-e5-clearscope-0515,C08-darpa-e5-clearscope-0515|discriminative|m040|53,discriminative,0.4,53,C08-darpa-e5-clearscope-0515|discriminative|m040|53|d2|C08-AA-002>C08-AA-004,2,C08-AA-002>C08-AA-004,5.0,3,1,1.0,C08-AA-003,1.0,C08-AA-003,C08-AA-003,target_reached,0,zero,1,1,0,0,0.0,0.0,1,1
C08-darpa-e5-clearscope-0515,C08-darpa-e5-clearscope-0515|discriminative|m040|53,discriminative,0.4,53,C08-darpa-e5-clearscope-0515|discriminative|m040|53|d2|C08-AA-003>C08-AA-004,2,C08-AA-003>C08-AA-004,6.0,3,1,2.0,C08-AA-002,3.0,C08-AA-001>C08-AA-002,C08-AA-001>C08-AA-002,target_reached,0,positive,1,1,0,0,1.0,0.5,0,0
C08-darpa-e5-clearscope-0515,C08-darpa-e5-clearscope-0515|discriminative|m060|11,discriminative,0.6,11,C08-darpa-e5-clearscope-0515|discriminative|m060|11|d0|root,0,,9.0,1,3,4.0,C08-AA-001>C08-AA-003>C08-AA-004,4.0,C08-AA-004>C08-AA-001>C08-AA-003,C08-AA-004>C08-AA-002>C08-AA-003,target_reached,1,zero,1,1,0,0,0.0,0.0,1,0
C08-darpa-e5-clearscope-0515,C08-darpa-e5-clearscope-0515|discriminative|m060|11,discriminative,0.6,11,C08-darpa-e5-clearscope-0515|discriminative|m060|11|d1|C08-AA-001,1,C08-AA-001,8.0,2,2,3.0,C08-AA-003>C08-AA-004,3.0,C08-AA-003>C08-AA-004,C08-AA-003>C08-AA-004,target_reached,0,zero,1,1,0,0,0.0,0.0,1,1
C08-darpa-e5-clearscope-0515,C08-darpa-e5-clearscope-0515|discriminative|m060|11,discriminative,0.6,11,C08-darpa-e5-clearscope-0515|discriminative|m060|11|d1|C08-AA-002,1,C08-AA-002,7.0,2,2,3.0,C08-AA-003>C08-AA-004,3.0,C08-AA-003>C08-AA-004,C08-AA-003>C08-AA-004,target_reached,0,zero,1,1,0,0,0.0,0.0,1,1
C08-darpa-e5-clearscope-0515,C08-darpa-e5-clearscope-0515|discriminative|m060|11,discriminative,0.6,11,C08-darpa-e5-clearscope-0515|discriminative|m060|11|d1|C08-AA-003,1,C08-AA-003,8.0,2,2,3.0,C08-AA-001>C08-AA-004,3.0,C08-AA-004>C08-AA-001,C08-AA-004>C08-AA-001,target_reached,0,zero,1,1,0,0,0.0,0.0,1,0
C08-darpa-e5-clearscope-0515,C08-darpa-e5-clearscope-0515|discriminative|m060|11,discriminative,0.6,11,C08-darpa-e5-clearscope-0515|discriminative|m060|11|d1|C08-AA-004,1,C08-AA-004,7.0,2,2,2.0,C08-AA-001>C08-AA-003,2.0,C08-AA-001>C08-AA-003,C08-AA-002>C08-AA-003,target_reached,1,zero,1,1,0,0,0.0,0.0,1,1
C08-darpa-e5-clearscope-0515,C08-darpa-e5-clearscope-0515|discriminative|m060|11,discriminative,0.6,11,C08-darpa-e5-clearscope-0515|discriminative|m060|11|d2|C08-AA-001>C08-AA-002,2,C08-AA-001>C08-AA-002,6.0,2,2,3.0,C08-AA-003>C08-AA-004,3.0,C08-AA-003>C08-AA-004,C08-AA-003>C08-AA-004,target_reached,0,zero,1,1,0,0,0.0,0.0,1,1
C08-darpa-e5-clearscope-0515,C08-darpa-e5-clearscope-0515|discriminative|m060|11,discriminative,0.6,11,C08-darpa-e5-clearscope-0515|discriminative|m060|11|d2|C08-AA-001>C08-AA-003,2,C08-AA-001>C08-AA-003,7.0,3,1,2.0,C08-AA-004,2.0,C08-AA-004,C08-AA-004,target_reached,0,zero,1,1,0,0,0.0,0.0,1,1
C08-darpa-e5-clearscope-0515,C08-darpa-e5-clearscope-0515|discriminative|m060|11,discriminative,0.6,11,C08-darpa-e5-clearscope-0515|discriminative|m060|11|d2|C08-AA-001>C08-AA-004,2,C08-AA-001>C08-AA-004,6.0,3,1,1.0,C08-AA-003,1.0,C08-AA-003,C08-AA-003,target_reached,0,zero,1,1,0,0,0.0,0.0,1,1
C08-darpa-e5-clearscope-0515,C08-darpa-e5-clearscope-0515|discriminative|m060|11,discriminative,0.6,11,C08-darpa-e5-clearscope-0515|discriminative|m060|11|d2|C08-AA-002>C08-AA-001,2,C08-AA-002>C08-AA-001,6.0,2,2,3.0,C08-AA-003>C08-AA-004,3.0,C08-AA-003>C08-AA-004,C08-AA-003>C08-AA-004,target_reached,0,zero,1,1,0,0,0.0,0.0,1,1
C08-darpa-e5-clearscope-0515,C08-darpa-e5-clearscope-0515|discriminative|m060|11,discriminative,0.6,11,C08-darpa-e5-clearscope-0515|discriminative|m060|11|d2|C08-AA-002>C08-AA-003,2,C08-AA-002>C08-AA-003,6.0,3,1,2.0,C08-AA-004,2.0,C08-AA-004,C08-AA-004,target_reached,0,zero,1,1,0,0,0.0,0.0,1,1
C08-darpa-e5-clearscope-0515,C08-darpa-e5-clearscope-0515|discriminative|m060|11,discriminative,0.6,11,C08-darpa-e5-clearscope-0515|discriminative|m060|11|d2|C08-AA-002>C08-AA-004,2,C08-AA-002>C08-AA-004,5.0,3,1,1.0,C08-AA-003,1.0,C08-AA-003,C08-AA-003,target_reached,0,zero,1,1,0,0,0.0,0.0,1,1
C08-darpa-e5-clearscope-0515,C08-darpa-e5-clearscope-0515|discriminative|m060|11,discriminative,0.6,11,C08-darpa-e5-clearscope-0515|discriminative|m060|11|d2|C08-AA-003>C08-AA-004,2,C08-AA-003>C08-AA-004,6.0,3,1,1.0,C08-AA-001,1.0,C08-AA-001,C08-AA-001,target_reached,0,zero,1,1,0,0,0.0,0.0,1,1
C08-darpa-e5-clearscope-0515,C08-darpa-e5-clearscope-0515|discriminative|m060|23,discriminative,0.6,23,C08-darpa-e5-clearscope-0515|discriminative|m060|23|d0|root,0,,9.0,1,3,4.0,C08-AA-001>C08-AA-003>C08-AA-004,4.0,C08-AA-004>C08-AA-001>C08-AA-003,C08-AA-004>C08-AA-002>C08-AA-003,target_reached,1,zero,1,1,0,0,0.0,0.0,1,0
C08-darpa-e5-clearscope-0515,C08-darpa-e5-clearscope-0515|discriminative|m060|23,discriminative,0.6,23,C08-darpa-e5-clearscope-0515|discriminative|m060|23|d1|C08-AA-001,1,C08-AA-001,8.0,2,2,3.0,C08-AA-003>C08-AA-004,3.0,C08-AA-003>C08-AA-004,C08-AA-003>C08-AA-004,target_reached,0,zero,1,1,0,0,0.0,0.0,1,1
C08-darpa-e5-clearscope-0515,C08-darpa-e5-clearscope-0515|discriminative|m060|23,discriminative,0.6,23,C08-darpa-e5-clearscope-0515|discriminative|m060|23|d1|C08-AA-002,1,C08-AA-002,7.0,2,2,3.0,C08-AA-003>C08-AA-004,3.0,C08-AA-003>C08-AA-004,C08-AA-003>C08-AA-004,target_reached,0,zero,1,1,0,0,0.0,0.0,1,1
C08-darpa-e5-clearscope-0515,C08-darpa-e5-clearscope-0515|discriminative|m060|23,discriminative,0.6,23,C08-darpa-e5-clearscope-0515|discriminative|m060|23|d1|C08-AA-003,1,C08-AA-003,8.0,2,2,3.0,C08-AA-001>C08-AA-004,3.0,C08-AA-004>C08-AA-001,C08-AA-004>C08-AA-001,target_reached,0,zero,1,1,0,0,0.0,0.0,1,0
C08-darpa-e5-clearscope-0515,C08-darpa-e5-clearscope-0515|discriminative|m060|23,discriminative,0.6,23,C08-darpa-e5-clearscope-0515|discriminative|m060|23|d1|C08-AA-004,1,C08-AA-004,7.0,2,2,2.0,C08-AA-001>C08-AA-003,2.0,C08-AA-001>C08-AA-003,C08-AA-002>C08-AA-003,target_reached,1,zero,1,1,0,0,0.0,0.0,1,1
C08-darpa-e5-clearscope-0515,C08-darpa-e5-clearscope-0515|discriminative|m060|23,discriminative,0.6,23,C08-darpa-e5-clearscope-0515|discriminative|m060|23|d2|C08-AA-001>C08-AA-002,2,C08-AA-001>C08-AA-002,6.0,2,2,3.0,C08-AA-003>C08-AA-004,3.0,C08-AA-003>C08-AA-004,C08-AA-003>C08-AA-004,target_reached,0,zero,1,1,0,0,0.0,0.0,1,1
C08-darpa-e5-clearscope-0515,C08-darpa-e5-clearscope-0515|discriminative|m060|23,discriminative,0.6,23,C08-darpa-e5-clearscope-0515|discriminative|m060|23|d2|C08-AA-001>C08-AA-003,2,C08-AA-001>C08-AA-003,7.0,3,1,2.0,C08-AA-004,2.0,C08-AA-004,C08-AA-004,target_reached,0,zero,1,1,0,0,0.0,0.0,1,1
C08-darpa-e5-clearscope-0515,C08-darpa-e5-clearscope-0515|discriminative|m060|23,discriminative,0.6,23,C08-darpa-e5-clearscope-0515|discriminative|m060|23|d2|C08-AA-001>C08-AA-004,2,C08-AA-001>C08-AA-004,6.0,3,1,1.0,C08-AA-003,1.0,C08-AA-003,C08-AA-003,target_reached,0,zero,1,1,0,0,0.0,0.0,1,1
C08-darpa-e5-clearscope-0515,C08-darpa-e5-clearscope-0515|discriminative|m060|23,discriminative,0.6,23,C08-darpa-e5-clearscope-0515|discriminative|m060|23|d2|C08-AA-002>C08-AA-001,2,C08-AA-002>C08-AA-001,6.0,2,2,3.0,C08-AA-003>C08-AA-004,3.0,C08-AA-003>C08-AA-004,C08-AA-003>C08-AA-004,target_reached,0,zero,1,1,0,0,0.0,0.0,1,1
C08-darpa-e5-clearscope-0515,C08-darpa-e5-clearscope-0515|discriminative|m060|23,discriminative,0.6,23,C08-darpa-e5-clearscope-0515|discriminative|m060|23|d2|C08-AA-002>C08-AA-003,2,C08-AA-002>C08-AA-003,6.0,3,1,2.0,C08-AA-004,2.0,C08-AA-004,C08-AA-004,target_reached,0,zero,1,1,0,0,0.0,0.0,1,1
C08-darpa-e5-clearscope-0515,C08-darpa-e5-clearscope-0515|discriminative|m060|23,discriminative,0.6,23,C08-darpa-e5-clearscope-0515|discriminative|m060|23|d2|C08-AA-002>C08-AA-004,2,C08-AA-002>C08-AA-004,5.0,3,1,1.0,C08-AA-003,1.0,C08-AA-003,C08-AA-003,target_reached,0,zero,1,1,0,0,0.0,0.0,1,1
C08-darpa-e5-clearscope-0515,C08-darpa-e5-clearscope-0515|discriminative|m060|23,discriminative,0.6,23,C08-darpa-e5-clearscope-0515|discriminative|m060|23|d2|C08-AA-003>C08-AA-004,2,C08-AA-003>C08-AA-004,6.0,3,1,1.0,C08-AA-001,1.0,C08-AA-001,C08-AA-001,target_reached,0,zero,1,1,0,0,0.0,0.0,1,1
C08-darpa-e5-clearscope-0515,C08-darpa-e5-clearscope-0515|discriminative|m060|37,discriminative,0.6,37,C08-darpa-e5-clearscope-0515|discriminative|m060|37|d0|root,0,,9.0,1,3,5.0,C08-AA-002>C08-AA-003>C08-AA-004,6.0,C08-AA-004>C08-AA-001>C08-AA-002>C08-AA-003,C08-AA-004>C08-AA-002>C08-AA-002>C08-AA-003,target_reached,1,positive,1,1,0,0,1.0,0.2,0,0
C08-darpa-e5-clearscope-0515,C08-darpa-e5-clearscope-0515|discriminative|m060|37,discriminative,0.6,37,C08-darpa-e5-clearscope-0515|discriminative|m060|37|d1|C08-AA-001,1,C08-AA-001,8.0,1,3,5.0,C08-AA-002>C08-AA-003>C08-AA-004,5.0,C08-AA-003>C08-AA-004>C08-AA-002,C08-AA-004>C08-AA-004>C08-AA-002,target_reached,1,zero,1,1,0,0,0.0,0.0,1,0
C08-darpa-e5-clearscope-0515,C08-darpa-e5-clearscope-0515|discriminative|m060|37,discriminative,0.6,37,C08-darpa-e5-clearscope-0515|discriminative|m060|37|d1|C08-AA-002,1,C08-AA-002,7.0,2,2,3.0,C08-AA-003>C08-AA-004,3.0,C08-AA-003>C08-AA-004,C08-AA-003>C08-AA-004,target_reached,0,zero,1,1,0,0,0.0,0.0,1,1
C08-darpa-e5-clearscope-0515,C08-darpa-e5-clearscope-0515|discriminative|m060|37,discriminative,0.6,37,C08-darpa-e5-clearscope-0515|discriminative|m060|37|d1|C08-AA-003,1,C08-AA-003,8.0,2,2,4.0,C08-AA-002>C08-AA-004,5.0,C08-AA-004>C08-AA-001>C08-AA-002,C08-AA-004>C08-AA-001>C08-AA-002,target_reached,0,positive,1,1,0,0,1.0,0.25,0,0
C08-darpa-e5-clearscope-0515,C08-darpa-e5-clearscope-0515|discriminative|m060|37,discriminative,0.6,37,C08-darpa-e5-clearscope-0515|discriminative|m060|37|d1|C08-AA-004,1,C08-AA-004,7.0,2,2,3.0,C08-AA-002>C08-AA-003,4.0,C08-AA-001>C08-AA-002>C08-AA-003,C08-AA-002>C08-AA-002>C08-AA-003,target_reached,1,positive,1,1,0,0,1.0,0.3333333333333333,0,0
C08-darpa-e5-clearscope-0515,C08-darpa-e5-clearscope-0515|discriminative|m060|37,discriminative,0.6,37,C08-darpa-e5-clearscope-0515|discriminative|m060|37|d2|C08-AA-001>C08-AA-002,2,C08-AA-001>C08-AA-002,6.0,2,2,3.0,C08-AA-003>C08-AA-004,3.0,C08-AA-003>C08-AA-004,C08-AA-003>C08-AA-004,target_reached,0,zero,1,1,0,0,0.0,0.0,1,1
C08-darpa-e5-clearscope-0515,C08-darpa-e5-clearscope-0515|discriminative|m060|37,discriminative,0.6,37,C08-darpa-e5-clearscope-0515|discriminative|m060|37|d2|C08-AA-001>C08-AA-003,2,C08-AA-001>C08-AA-003,7.0,2,2,4.0,C08-AA-002>C08-AA-004,4.0,C08-AA-004>C08-AA-002,C08-AA-004>C08-AA-002,target_reached,0,zero,1,1,0,0,0.0,0.0,1,0
C08-darpa-e5-clearscope-0515,C08-darpa-e5-clearscope-0515|discriminative|m060|37,discriminative,0.6,37,C08-darpa-e5-clearscope-0515|discriminative|m060|37|d2|C08-AA-001>C08-AA-004,2,C08-AA-001>C08-AA-004,6.0,2,2,3.0,C08-AA-002>C08-AA-003,3.0,C08-AA-002>C08-AA-003,C08-AA-002>C08-AA-003,target_reached,0,zero,1,1,0,0,0.0,0.0,1,1
C08-darpa-e5-clearscope-0515,C08-darpa-e5-clearscope-0515|discriminative|m060|37,discriminative,0.6,37,C08-darpa-e5-clearscope-0515|discriminative|m060|37|d2|C08-AA-002>C08-AA-003,2,C08-AA-002>C08-AA-003,6.0,3,1,2.0,C08-AA-004,2.0,C08-AA-004,C08-AA-004,target_reached,0,zero,1,1,0,0,0.0,0.0,1,1
C08-darpa-e5-clearscope-0515,C08-darpa-e5-clearscope-0515|discriminative|m060|37,discriminative,0.6,37,C08-darpa-e5-clearscope-0515|discriminative|m060|37|d2|C08-AA-002>C08-AA-004,2,C08-AA-002>C08-AA-004,5.0,3,1,1.0,C08-AA-003,1.0,C08-AA-003,C08-AA-003,target_reached,0,zero,1,1,0,0,0.0,0.0,1,1
C08-darpa-e5-clearscope-0515,C08-darpa-e5-clearscope-0515|discriminative|m060|37,discriminative,0.6,37,C08-darpa-e5-clearscope-0515|discriminative|m060|37|d2|C08-AA-003>C08-AA-004,2,C08-AA-003>C08-AA-004,6.0,3,1,2.0,C08-AA-002,3.0,C08-AA-001>C08-AA-002,C08-AA-001>C08-AA-002,target_reached,0,positive,1,1,0,0,1.0,0.5,0,0
C08-darpa-e5-clearscope-0515,C08-darpa-e5-clearscope-0515|discriminative|m060|41,discriminative,0.6,41,C08-darpa-e5-clearscope-0515|discriminative|m060|41|d0|root,0,,9.0,1,3,4.0,C08-AA-001>C08-AA-003>C08-AA-004,4.0,C08-AA-004>C08-AA-001>C08-AA-003,C08-AA-004>C08-AA-002>C08-AA-003,target_reached,1,zero,1,1,0,0,0.0,0.0,1,0
C08-darpa-e5-clearscope-0515,C08-darpa-e5-clearscope-0515|discriminative|m060|41,discriminative,0.6,41,C08-darpa-e5-clearscope-0515|discriminative|m060|41|d1|C08-AA-001,1,C08-AA-001,8.0,2,2,3.0,C08-AA-003>C08-AA-004,3.0,C08-AA-003>C08-AA-004,C08-AA-003>C08-AA-004,target_reached,0,zero,1,1,0,0,0.0,0.0,1,1
C08-darpa-e5-clearscope-0515,C08-darpa-e5-clearscope-0515|discriminative|m060|41,discriminative,0.6,41,C08-darpa-e5-clearscope-0515|discriminative|m060|41|d1|C08-AA-002,1,C08-AA-002,7.0,2,2,3.0,C08-AA-003>C08-AA-004,3.0,C08-AA-003>C08-AA-004,C08-AA-003>C08-AA-004,target_reached,0,zero,1,1,0,0,0.0,0.0,1,1
C08-darpa-e5-clearscope-0515,C08-darpa-e5-clearscope-0515|discriminative|m060|41,discriminative,0.6,41,C08-darpa-e5-clearscope-0515|discriminative|m060|41|d1|C08-AA-003,1,C08-AA-003,8.0,2,2,3.0,C08-AA-001>C08-AA-004,3.0,C08-AA-004>C08-AA-001,C08-AA-004>C08-AA-001,target_reached,0,zero,1,1,0,0,0.0,0.0,1,0
C08-darpa-e5-clearscope-0515,C08-darpa-e5-clearscope-0515|discriminative|m060|41,discriminative,0.6,41,C08-darpa-e5-clearscope-0515|discriminative|m060|41|d1|C08-AA-004,1,C08-AA-004,7.0,2,2,2.0,C08-AA-001>C08-AA-003,2.0,C08-AA-001>C08-AA-003,C08-AA-002>C08-AA-003,target_reached,1,zero,1,1,0,0,0.0,0.0,1,1
C08-darpa-e5-clearscope-0515,C08-darpa-e5-clearscope-0515|discriminative|m060|41,discriminative,0.6,41,C08-darpa-e5-clearscope-0515|discriminative|m060|41|d2|C08-AA-001>C08-AA-002,2,C08-AA-001>C08-AA-002,6.0,2,2,3.0,C08-AA-003>C08-AA-004,3.0,C08-AA-003>C08-AA-004,C08-AA-003>C08-AA-004,target_reached,0,zero,1,1,0,0,0.0,0.0,1,1
C08-darpa-e5-clearscope-0515,C08-darpa-e5-clearscope-0515|discriminative|m060|41,discriminative,0.6,41,C08-darpa-e5-clearscope-0515|discriminative|m060|41|d2|C08-AA-001>C08-AA-003,2,C08-AA-001>C08-AA-003,7.0,3,1,2.0,C08-AA-004,2.0,C08-AA-004,C08-AA-004,target_reached,0,zero,1,1,0,0,0.0,0.0,1,1
C08-darpa-e5-clearscope-0515,C08-darpa-e5-clearscope-0515|discriminative|m060|41,discriminative,0.6,41,C08-darpa-e5-clearscope-0515|discriminative|m060|41|d2|C08-AA-001>C08-AA-004,2,C08-AA-001>C08-AA-004,6.0,3,1,1.0,C08-AA-003,1.0,C08-AA-003,C08-AA-003,target_reached,0,zero,1,1,0,0,0.0,0.0,1,1
C08-darpa-e5-clearscope-0515,C08-darpa-e5-clearscope-0515|discriminative|m060|41,discriminative,0.6,41,C08-darpa-e5-clearscope-0515|discriminative|m060|41|d2|C08-AA-002>C08-AA-001,2,C08-AA-002>C08-AA-001,6.0,2,2,3.0,C08-AA-003>C08-AA-004,3.0,C08-AA-003>C08-AA-004,C08-AA-003>C08-AA-004,target_reached,0,zero,1,1,0,0,0.0,0.0,1,1
C08-darpa-e5-clearscope-0515,C08-darpa-e5-clearscope-0515|discriminative|m060|41,discriminative,0.6,41,C08-darpa-e5-clearscope-0515|discriminative|m060|41|d2|C08-AA-002>C08-AA-003,2,C08-AA-002>C08-AA-003,6.0,3,1,2.0,C08-AA-004,2.0,C08-AA-004,C08-AA-004,target_reached,0,zero,1,1,0,0,0.0,0.0,1,1
C08-darpa-e5-clearscope-0515,C08-darpa-e5-clearscope-0515|discriminative|m060|41,discriminative,0.6,41,C08-darpa-e5-clearscope-0515|discriminative|m060|41|d2|C08-AA-002>C08-AA-004,2,C08-AA-002>C08-AA-004,5.0,3,1,1.0,C08-AA-003,1.0,C08-AA-003,C08-AA-003,target_reached,0,zero,1,1,0,0,0.0,0.0,1,1
C08-darpa-e5-clearscope-0515,C08-darpa-e5-clearscope-0515|discriminative|m060|41,discriminative,0.6,41,C08-darpa-e5-clearscope-0515|discriminative|m060|41|d2|C08-AA-003>C08-AA-004,2,C08-AA-003>C08-AA-004,6.0,3,1,1.0,C08-AA-001,1.0,C08-AA-001,C08-AA-001,target_reached,0,zero,1,1,0,0,0.0,0.0,1,1
C08-darpa-e5-clearscope-0515,C08-darpa-e5-clearscope-0515|discriminative|m060|53,discriminative,0.6,53,C08-darpa-e5-clearscope-0515|discriminative|m060|53|d0|root,0,,9.0,1,3,5.0,C08-AA-002>C08-AA-003>C08-AA-004,6.0,C08-AA-004>C08-AA-001>C08-AA-002>C08-AA-003,C08-AA-004>C08-AA-002>C08-AA-002>C08-AA-003,target_reached,1,positive,1,1,0,0,1.0,0.2,0,0
C08-darpa-e5-clearscope-0515,C08-darpa-e5-clearscope-0515|discriminative|m060|53,discriminative,0.6,53,C08-darpa-e5-clearscope-0515|discriminative|m060|53|d1|C08-AA-001,1,C08-AA-001,8.0,1,3,5.0,C08-AA-002>C08-AA-003>C08-AA-004,5.0,C08-AA-003>C08-AA-004>C08-AA-002,C08-AA-004>C08-AA-004>C08-AA-002,target_reached,1,zero,1,1,0,0,0.0,0.0,1,0
C08-darpa-e5-clearscope-0515,C08-darpa-e5-clearscope-0515|discriminative|m060|53,discriminative,0.6,53,C08-darpa-e5-clearscope-0515|discriminative|m060|53|d1|C08-AA-002,1,C08-AA-002,7.0,2,2,3.0,C08-AA-003>C08-AA-004,3.0,C08-AA-003>C08-AA-004,C08-AA-003>C08-AA-004,target_reached,0,zero,1,1,0,0,0.0,0.0,1,1
C08-darpa-e5-clearscope-0515,C08-darpa-e5-clearscope-0515|discriminative|m060|53,discriminative,0.6,53,C08-darpa-e5-clearscope-0515|discriminative|m060|53|d1|C08-AA-003,1,C08-AA-003,8.0,2,2,4.0,C08-AA-002>C08-AA-004,5.0,C08-AA-004>C08-AA-001>C08-AA-002,C08-AA-004>C08-AA-001>C08-AA-002,target_reached,0,positive,1,1,0,0,1.0,0.25,0,0
C08-darpa-e5-clearscope-0515,C08-darpa-e5-clearscope-0515|discriminative|m060|53,discriminative,0.6,53,C08-darpa-e5-clearscope-0515|discriminative|m060|53|d1|C08-AA-004,1,C08-AA-004,7.0,2,2,3.0,C08-AA-002>C08-AA-003,4.0,C08-AA-001>C08-AA-002>C08-AA-003,C08-AA-002>C08-AA-002>C08-AA-003,target_reached,1,positive,1,1,0,0,1.0,0.3333333333333333,0,0
C08-darpa-e5-clearscope-0515,C08-darpa-e5-clearscope-0515|discriminative|m060|53,discriminative,0.6,53,C08-darpa-e5-clearscope-0515|discriminative|m060|53|d2|C08-AA-001>C08-AA-002,2,C08-AA-001>C08-AA-002,6.0,2,2,3.0,C08-AA-003>C08-AA-004,3.0,C08-AA-003>C08-AA-004,C08-AA-003>C08-AA-004,target_reached,0,zero,1,1,0,0,0.0,0.0,1,1
C08-darpa-e5-clearscope-0515,C08-darpa-e5-clearscope-0515|discriminative|m060|53,discriminative,0.6,53,C08-darpa-e5-clearscope-0515|discriminative|m060|53|d2|C08-AA-001>C08-AA-003,2,C08-AA-001>C08-AA-003,7.0,2,2,4.0,C08-AA-002>C08-AA-004,4.0,C08-AA-004>C08-AA-002,C08-AA-004>C08-AA-002,target_reached,0,zero,1,1,0,0,0.0,0.0,1,0
C08-darpa-e5-clearscope-0515,C08-darpa-e5-clearscope-0515|discriminative|m060|53,discriminative,0.6,53,C08-darpa-e5-clearscope-0515|discriminative|m060|53|d2|C08-AA-001>C08-AA-004,2,C08-AA-001>C08-AA-004,6.0,2,2,3.0,C08-AA-002>C08-AA-003,3.0,C08-AA-002>C08-AA-003,C08-AA-002>C08-AA-003,target_reached,0,zero,1,1,0,0,0.0,0.0,1,1
C08-darpa-e5-clearscope-0515,C08-darpa-e5-clearscope-0515|discriminative|m060|53,discriminative,0.6,53,C08-darpa-e5-clearscope-0515|discriminative|m060|53|d2|C08-AA-002>C08-AA-003,2,C08-AA-002>C08-AA-003,6.0,3,1,2.0,C08-AA-004,2.0,C08-AA-004,C08-AA-004,target_reached,0,zero,1,1,0,0,0.0,0.0,1,1
C08-darpa-e5-clearscope-0515,C08-darpa-e5-clearscope-0515|discriminative|m060|53,discriminative,0.6,53,C08-darpa-e5-clearscope-0515|discriminative|m060|53|d2|C08-AA-002>C08-AA-004,2,C08-AA-002>C08-AA-004,5.0,3,1,1.0,C08-AA-003,1.0,C08-AA-003,C08-AA-003,target_reached,0,zero,1,1,0,0,0.0,0.0,1,1
C08-darpa-e5-clearscope-0515,C08-darpa-e5-clearscope-0515|discriminative|m060|53,discriminative,0.6,53,C08-darpa-e5-clearscope-0515|discriminative|m060|53|d2|C08-AA-003>C08-AA-004,2,C08-AA-003>C08-AA-004,6.0,3,1,2.0,C08-AA-002,3.0,C08-AA-001>C08-AA-002,C08-AA-001>C08-AA-002,target_reached,0,positive,1,1,0,0,1.0,0.5,0,0
C09-darpa-optc-sysclient0201-0923,C09-darpa-optc-sysclient0201-0923|random|m020|11,random,0.2,11,C09-darpa-optc-sysclient0201-0923|random|m020|11|d0|root,0,,11.0,4,1,2.0,C09-AA-005,2.0,C09-AA-005,C09-AA-005,target_reached,0,zero,1,1,0,0,0.0,0.0,1,1
C09-darpa-optc-sysclient0201-0923,C09-darpa-optc-sysclient0201-0923|random|m020|11,random,0.2,11,C09-darpa-optc-sysclient0201-0923|random|m020|11|d1|C09-AA-001,1,C09-AA-001,10.0,4,1,2.0,C09-AA-005,2.0,C09-AA-005,C09-AA-005,target_reached,0,zero,1,1,0,0,0.0,0.0,1,1
C09-darpa-optc-sysclient0201-0923,C09-darpa-optc-sysclient0201-0923|random|m020|11,random,0.2,11,C09-darpa-optc-sysclient0201-0923|random|m020|11|d1|C09-AA-002,1,C09-AA-002,9.0,4,1,2.0,C09-AA-005,2.0,C09-AA-005,C09-AA-005,target_reached,0,zero,1,1,0,0,0.0,0.0,1,1
C09-darpa-optc-sysclient0201-0923,C09-darpa-optc-sysclient0201-0923|random|m020|11,random,0.2,11,C09-darpa-optc-sysclient0201-0923|random|m020|11|d1|C09-AA-003,1,C09-AA-003,10.0,4,1,2.0,C09-AA-005,2.0,C09-AA-005,C09-AA-005,target_reached,0,zero,1,1,0,0,0.0,0.0,1,1
C09-darpa-optc-sysclient0201-0923,C09-darpa-optc-sysclient0201-0923|random|m020|11,random,0.2,11,C09-darpa-optc-sysclient0201-0923|random|m020|11|d1|C09-AA-004,1,C09-AA-004,9.0,4,1,2.0,C09-AA-005,2.0,C09-AA-005,C09-AA-005,target_reached,0,zero,1,1,0,0,0.0,0.0,1,1
C09-darpa-optc-sysclient0201-0923,C09-darpa-optc-sysclient0201-0923|random|m020|11,random,0.2,11,C09-darpa-optc-sysclient0201-0923|random|m020|11|d2|C09-AA-001>C09-AA-002,2,C09-AA-001>C09-AA-002,8.0,4,1,2.0,C09-AA-005,2.0,C09-AA-005,C09-AA-005,target_reached,0,zero,1,1,0,0,0.0,0.0,1,1
C09-darpa-optc-sysclient0201-0923,C09-darpa-optc-sysclient0201-0923|random|m020|11,random,0.2,11,C09-darpa-optc-sysclient0201-0923|random|m020|11|d2|C09-AA-001>C09-AA-003,2,C09-AA-001>C09-AA-003,9.0,4,1,2.0,C09-AA-005,2.0,C09-AA-005,C09-AA-005,target_reached,0,zero,1,1,0,0,0.0,0.0,1,1
C09-darpa-optc-sysclient0201-0923,C09-darpa-optc-sysclient0201-0923|random|m020|11,random,0.2,11,C09-darpa-optc-sysclient0201-0923|random|m020|11|d2|C09-AA-001>C09-AA-004,2,C09-AA-001>C09-AA-004,8.0,4,1,2.0,C09-AA-005,2.0,C09-AA-005,C09-AA-005,target_reached,0,zero,1,1,0,0,0.0,0.0,1,1
C09-darpa-optc-sysclient0201-0923,C09-darpa-optc-sysclient0201-0923|random|m020|11,random,0.2,11,C09-darpa-optc-sysclient0201-0923|random|m020|11|d2|C09-AA-002>C09-AA-003,2,C09-AA-002>C09-AA-003,8.0,4,1,2.0,C09-AA-005,2.0,C09-AA-005,C09-AA-005,target_reached,0,zero,1,1,0,0,0.0,0.0,1,1
C09-darpa-optc-sysclient0201-0923,C09-darpa-optc-sysclient0201-0923|random|m020|11,random,0.2,11,C09-darpa-optc-sysclient0201-0923|random|m020|11|d2|C09-AA-002>C09-AA-004,2,C09-AA-002>C09-AA-004,7.0,4,1,2.0,C09-AA-005,2.0,C09-AA-005,C09-AA-005,target_reached,0,zero,1,1,0,0,0.0,0.0,1,1
C09-darpa-optc-sysclient0201-0923,C09-darpa-optc-sysclient0201-0923|random|m020|11,random,0.2,11,C09-darpa-optc-sysclient0201-0923|random|m020|11|d2|C09-AA-003>C09-AA-004,2,C09-AA-003>C09-AA-004,8.0,4,1,2.0,C09-AA-005,2.0,C09-AA-005,C09-AA-005,target_reached,0,zero,1,1,0,0,0.0,0.0,1,1
C09-darpa-optc-sysclient0201-0923,C09-darpa-optc-sysclient0201-0923|random|m020|23,random,0.2,23,C09-darpa-optc-sysclient0201-0923|random|m020|23|d0|root,0,,11.0,4,1,2.0,C09-AA-004,2.0,C09-AA-004,C09-AA-004,target_reached,0,zero,1,1,0,0,0.0,0.0,1,1
C09-darpa-optc-sysclient0201-0923,C09-darpa-optc-sysclient0201-0923|random|m020|23,random,0.2,23,C09-darpa-optc-sysclient0201-0923|random|m020|23|d1|C09-AA-001,1,C09-AA-001,10.0,4,1,2.0,C09-AA-004,2.0,C09-AA-004,C09-AA-004,target_reached,0,zero,1,1,0,0,0.0,0.0,1,1
C09-darpa-optc-sysclient0201-0923,C09-darpa-optc-sysclient0201-0923|random|m020|23,random,0.2,23,C09-darpa-optc-sysclient0201-0923|random|m020|23|d1|C09-AA-002,1,C09-AA-002,9.0,4,1,2.0,C09-AA-004,2.0,C09-AA-004,C09-AA-004,target_reached,0,zero,1,1,0,0,0.0,0.0,1,1
C09-darpa-optc-sysclient0201-0923,C09-darpa-optc-sysclient0201-0923|random|m020|23,random,0.2,23,C09-darpa-optc-sysclient0201-0923|random|m020|23|d1|C09-AA-003,1,C09-AA-003,10.0,4,1,2.0,C09-AA-004,2.0,C09-AA-004,C09-AA-004,target_reached,0,zero,1,1,0,0,0.0,0.0,1,1
C09-darpa-optc-sysclient0201-0923,C09-darpa-optc-sysclient0201-0923|random|m020|23,random,0.2,23,C09-darpa-optc-sysclient0201-0923|random|m020|23|d1|C09-AA-005,1,C09-AA-005,9.0,4,1,2.0,C09-AA-004,2.0,C09-AA-004,C09-AA-004,target_reached,0,zero,1,1,0,0,0.0,0.0,1,1
C09-darpa-optc-sysclient0201-0923,C09-darpa-optc-sysclient0201-0923|random|m020|23,random,0.2,23,C09-darpa-optc-sysclient0201-0923|random|m020|23|d2|C09-AA-001>C09-AA-002,2,C09-AA-001>C09-AA-002,8.0,4,1,2.0,C09-AA-004,2.0,C09-AA-004,C09-AA-004,target_reached,0,zero,1,1,0,0,0.0,0.0,1,1
C09-darpa-optc-sysclient0201-0923,C09-darpa-optc-sysclient0201-0923|random|m020|23,random,0.2,23,C09-darpa-optc-sysclient0201-0923|random|m020|23|d2|C09-AA-001>C09-AA-003,2,C09-AA-001>C09-AA-003,9.0,4,1,2.0,C09-AA-004,2.0,C09-AA-004,C09-AA-004,target_reached,0,zero,1,1,0,0,0.0,0.0,1,1
C09-darpa-optc-sysclient0201-0923,C09-darpa-optc-sysclient0201-0923|random|m020|23,random,0.2,23,C09-darpa-optc-sysclient0201-0923|random|m020|23|d2|C09-AA-001>C09-AA-005,2,C09-AA-001>C09-AA-005,8.0,4,1,2.0,C09-AA-004,2.0,C09-AA-004,C09-AA-004,target_reached,0,zero,1,1,0,0,0.0,0.0,1,1
C09-darpa-optc-sysclient0201-0923,C09-darpa-optc-sysclient0201-0923|random|m020|23,random,0.2,23,C09-darpa-optc-sysclient0201-0923|random|m020|23|d2|C09-AA-002>C09-AA-003,2,C09-AA-002>C09-AA-003,8.0,4,1,2.0,C09-AA-004,2.0,C09-AA-004,C09-AA-004,target_reached,0,zero,1,1,0,0,0.0,0.0,1,1
C09-darpa-optc-sysclient0201-0923,C09-darpa-optc-sysclient0201-0923|random|m020|23,random,0.2,23,C09-darpa-optc-sysclient0201-0923|random|m020|23|d2|C09-AA-002>C09-AA-005,2,C09-AA-002>C09-AA-005,7.0,4,1,2.0,C09-AA-004,2.0,C09-AA-004,C09-AA-004,target_reached,0,zero,1,1,0,0,0.0,0.0,1,1
C09-darpa-optc-sysclient0201-0923,C09-darpa-optc-sysclient0201-0923|random|m020|23,random,0.2,23,C09-darpa-optc-sysclient0201-0923|random|m020|23|d2|C09-AA-003>C09-AA-005,2,C09-AA-003>C09-AA-005,8.0,4,1,2.0,C09-AA-004,2.0,C09-AA-004,C09-AA-004,target_reached,0,zero,1,1,0,0,0.0,0.0,1,1
C09-darpa-optc-sysclient0201-0923,C09-darpa-optc-sysclient0201-0923|random|m020|41,random,0.2,41,C09-darpa-optc-sysclient0201-0923|random|m020|41|d0|root,0,,11.0,4,1,2.0,C09-AA-005,2.0,C09-AA-005,C09-AA-005,target_reached,0,zero,1,1,0,0,0.0,0.0,1,1
C09-darpa-optc-sysclient0201-0923,C09-darpa-optc-sysclient0201-0923|random|m020|41,random,0.2,41,C09-darpa-optc-sysclient0201-0923|random|m020|41|d1|C09-AA-001,1,C09-AA-001,10.0,4,1,2.0,C09-AA-005,2.0,C09-AA-005,C09-AA-005,target_reached,0,zero,1,1,0,0,0.0,0.0,1,1
C09-darpa-optc-sysclient0201-0923,C09-darpa-optc-sysclient0201-0923|random|m020|41,random,0.2,41,C09-darpa-optc-sysclient0201-0923|random|m020|41|d1|C09-AA-002,1,C09-AA-002,9.0,4,1,2.0,C09-AA-005,2.0,C09-AA-005,C09-AA-005,target_reached,0,zero,1,1,0,0,0.0,0.0,1,1
C09-darpa-optc-sysclient0201-0923,C09-darpa-optc-sysclient0201-0923|random|m020|41,random,0.2,41,C09-darpa-optc-sysclient0201-0923|random|m020|41|d1|C09-AA-003,1,C09-AA-003,10.0,4,1,2.0,C09-AA-005,2.0,C09-AA-005,C09-AA-005,target_reached,0,zero,1,1,0,0,0.0,0.0,1,1
C09-darpa-optc-sysclient0201-0923,C09-darpa-optc-sysclient0201-0923|random|m020|41,random,0.2,41,C09-darpa-optc-sysclient0201-0923|random|m020|41|d1|C09-AA-004,1,C09-AA-004,9.0,4,1,2.0,C09-AA-005,2.0,C09-AA-005,C09-AA-005,target_reached,0,zero,1,1,0,0,0.0,0.0,1,1
C09-darpa-optc-sysclient0201-0923,C09-darpa-optc-sysclient0201-0923|random|m020|41,random,0.2,41,C09-darpa-optc-sysclient0201-0923|random|m020|41|d2|C09-AA-001>C09-AA-002,2,C09-AA-001>C09-AA-002,8.0,4,1,2.0,C09-AA-005,2.0,C09-AA-005,C09-AA-005,target_reached,0,zero,1,1,0,0,0.0,0.0,1,1
C09-darpa-optc-sysclient0201-0923,C09-darpa-optc-sysclient0201-0923|random|m020|41,random,0.2,41,C09-darpa-optc-sysclient0201-0923|random|m020|41|d2|C09-AA-001>C09-AA-003,2,C09-AA-001>C09-AA-003,9.0,4,1,2.0,C09-AA-005,2.0,C09-AA-005,C09-AA-005,target_reached,0,zero,1,1,0,0,0.0,0.0,1,1
C09-darpa-optc-sysclient0201-0923,C09-darpa-optc-sysclient0201-0923|random|m020|41,random,0.2,41,C09-darpa-optc-sysclient0201-0923|random|m020|41|d2|C09-AA-001>C09-AA-004,2,C09-AA-001>C09-AA-004,8.0,4,1,2.0,C09-AA-005,2.0,C09-AA-005,C09-AA-005,target_reached,0,zero,1,1,0,0,0.0,0.0,1,1
C09-darpa-optc-sysclient0201-0923,C09-darpa-optc-sysclient0201-0923|random|m020|41,random,0.2,41,C09-darpa-optc-sysclient0201-0923|random|m020|41|d2|C09-AA-002>C09-AA-003,2,C09-AA-002>C09-AA-003,8.0,4,1,2.0,C09-AA-005,2.0,C09-AA-005,C09-AA-005,target_reached,0,zero,1,1,0,0,0.0,0.0,1,1
C09-darpa-optc-sysclient0201-0923,C09-darpa-optc-sysclient0201-0923|random|m020|41,random,0.2,41,C09-darpa-optc-sysclient0201-0923|random|m020|41|d2|C09-AA-002>C09-AA-004,2,C09-AA-002>C09-AA-004,7.0,4,1,2.0,C09-AA-005,2.0,C09-AA-005,C09-AA-005,target_reached,0,zero,1,1,0,0,0.0,0.0,1,1
C09-darpa-optc-sysclient0201-0923,C09-darpa-optc-sysclient0201-0923|random|m020|41,random,0.2,41,C09-darpa-optc-sysclient0201-0923|random|m020|41|d2|C09-AA-003>C09-AA-004,2,C09-AA-003>C09-AA-004,8.0,4,1,2.0,C09-AA-005,2.0,C09-AA-005,C09-AA-005,target_reached,0,zero,1,1,0,0,0.0,0.0,1,1
C09-darpa-optc-sysclient0201-0923,C09-darpa-optc-sysclient0201-0923|random|m040|11,random,0.4,11,C09-darpa-optc-sysclient0201-0923|random|m040|11|d0|root,0,,11.0,3,2,2.0,C09-AA-005,2.0,C09-AA-005,C09-AA-005,target_reached,0,zero,1,1,0,0,0.0,0.0,1,1
C09-darpa-optc-sysclient0201-0923,C09-darpa-optc-sysclient0201-0923|random|m040|11,random,0.4,11,C09-darpa-optc-sysclient0201-0923|random|m040|11|d1|C09-AA-001,1,C09-AA-001,10.0,3,2,2.0,C09-AA-005,2.0,C09-AA-005,C09-AA-005,target_reached,0,zero,1,1,0,0,0.0,0.0,1,1
C09-darpa-optc-sysclient0201-0923,C09-darpa-optc-sysclient0201-0923|random|m040|11,random,0.4,11,C09-darpa-optc-sysclient0201-0923|random|m040|11|d1|C09-AA-002,1,C09-AA-002,9.0,3,2,2.0,C09-AA-005,2.0,C09-AA-005,C09-AA-005,target_reached,0,zero,1,1,0,0,0.0,0.0,1,1
C09-darpa-optc-sysclient0201-0923,C09-darpa-optc-sysclient0201-0923|random|m040|11,random,0.4,11,C09-darpa-optc-sysclient0201-0923|random|m040|11|d1|C09-AA-003,1,C09-AA-003,10.0,3,2,2.0,C09-AA-005,2.0,C09-AA-005,C09-AA-005,target_reached,0,zero,1,1,0,0,0.0,0.0,1,1
C09-darpa-optc-sysclient0201-0923,C09-darpa-optc-sysclient0201-0923|random|m040|11,random,0.4,11,C09-darpa-optc-sysclient0201-0923|random|m040|11|d1|C09-AA-004,1,C09-AA-004,9.0,3,2,2.0,C09-AA-005,2.0,C09-AA-005,C09-AA-005,target_reached,0,zero,1,1,0,0,0.0,0.0,1,1
C09-darpa-optc-sysclient0201-0923,C09-darpa-optc-sysclient0201-0923|random|m040|11,random,0.4,11,C09-darpa-optc-sysclient0201-0923|random|m040|11|d2|C09-AA-001>C09-AA-002,2,C09-AA-001>C09-AA-002,8.0,3,2,2.0,C09-AA-005,2.0,C09-AA-005,C09-AA-005,target_reached,0,zero,1,1,0,0,0.0,0.0,1,1
C09-darpa-optc-sysclient0201-0923,C09-darpa-optc-sysclient0201-0923|random|m040|11,random,0.4,11,C09-darpa-optc-sysclient0201-0923|random|m040|11|d2|C09-AA-001>C09-AA-003,2,C09-AA-001>C09-AA-003,9.0,3,2,2.0,C09-AA-005,2.0,C09-AA-005,C09-AA-005,target_reached,0,zero,1,1,0,0,0.0,0.0,1,1
C09-darpa-optc-sysclient0201-0923,C09-darpa-optc-sysclient0201-0923|random|m040|11,random,0.4,11,C09-darpa-optc-sysclient0201-0923|random|m040|11|d2|C09-AA-001>C09-AA-004,2,C09-AA-001>C09-AA-004,8.0,3,2,2.0,C09-AA-005,2.0,C09-AA-005,C09-AA-005,target_reached,0,zero,1,1,0,0,0.0,0.0,1,1
C09-darpa-optc-sysclient0201-0923,C09-darpa-optc-sysclient0201-0923|random|m040|11,random,0.4,11,C09-darpa-optc-sysclient0201-0923|random|m040|11|d2|C09-AA-002>C09-AA-003,2,C09-AA-002>C09-AA-003,8.0,3,2,2.0,C09-AA-005,2.0,C09-AA-005,C09-AA-005,target_reached,0,zero,1,1,0,0,0.0,0.0,1,1
C09-darpa-optc-sysclient0201-0923,C09-darpa-optc-sysclient0201-0923|random|m040|11,random,0.4,11,C09-darpa-optc-sysclient0201-0923|random|m040|11|d2|C09-AA-002>C09-AA-004,2,C09-AA-002>C09-AA-004,7.0,3,2,2.0,C09-AA-005,2.0,C09-AA-005,C09-AA-005,target_reached,0,zero,1,1,0,0,0.0,0.0,1,1
C09-darpa-optc-sysclient0201-0923,C09-darpa-optc-sysclient0201-0923|random|m040|11,random,0.4,11,C09-darpa-optc-sysclient0201-0923|random|m040|11|d2|C09-AA-003>C09-AA-004,2,C09-AA-003>C09-AA-004,8.0,3,2,2.0,C09-AA-005,2.0,C09-AA-005,C09-AA-005,target_reached,0,zero,1,1,0,0,0.0,0.0,1,1
C09-darpa-optc-sysclient0201-0923,C09-darpa-optc-sysclient0201-0923|random|m040|23,random,0.4,23,C09-darpa-optc-sysclient0201-0923|random|m040|23|d0|root,0,,11.0,3,2,4.0,C09-AA-002>C09-AA-004,5.0,C09-AA-004>C09-AA-001>C09-AA-002,C09-AA-004>C09-AA-001>C09-AA-002,target_reached,0,positive,1,1,0,0,1.0,0.25,0,0
C09-darpa-optc-sysclient0201-0923,C09-darpa-optc-sysclient0201-0923|random|m040|23,random,0.4,23,C09-darpa-optc-sysclient0201-0923|random|m040|23|d1|C09-AA-001,1,C09-AA-001,10.0,3,2,4.0,C09-AA-002>C09-AA-004,4.0,C09-AA-004>C09-AA-002,C09-AA-004>C09-AA-002,target_reached,0,zero,1,1,0,0,0.0,0.0,1,0
C09-darpa-optc-sysclient0201-0923,C09-darpa-optc-sysclient0201-0923|random|m040|23,random,0.4,23,C09-darpa-optc-sysclient0201-0923|random|m040|23|d1|C09-AA-002,1,C09-AA-002,9.0,4,1,2.0,C09-AA-004,2.0,C09-AA-004,C09-AA-004,target_reached,0,zero,1,1,0,0,0.0,0.0,1,1
C09-darpa-optc-sysclient0201-0923,C09-darpa-optc-sysclient0201-0923|random|m040|23,random,0.4,23,C09-darpa-optc-sysclient0201-0923|random|m040|23|d1|C09-AA-003,1,C09-AA-003,10.0,3,2,4.0,C09-AA-002>C09-AA-004,5.0,C09-AA-004>C09-AA-001>C09-AA-002,C09-AA-004>C09-AA-001>C09-AA-002,target_reached,0,positive,1,1,0,0,1.0,0.25,0,0
C09-darpa-optc-sysclient0201-0923,C09-darpa-optc-sysclient0201-0923|random|m040|23,random,0.4,23,C09-darpa-optc-sysclient0201-0923|random|m040|23|d1|C09-AA-004,1,C09-AA-004,9.0,4,1,2.0,C09-AA-002,3.0,C09-AA-001>C09-AA-002,C09-AA-001>C09-AA-002,target_reached,0,positive,1,1,0,0,1.0,0.5,0,0
C09-darpa-optc-sysclient0201-0923,C09-darpa-optc-sysclient0201-0923|random|m040|23,random,0.4,23,C09-darpa-optc-sysclient0201-0923|random|m040|23|d1|C09-AA-005,1,C09-AA-005,9.0,3,2,4.0,C09-AA-002>C09-AA-004,5.0,C09-AA-004>C09-AA-001>C09-AA-002,C09-AA-004>C09-AA-001>C09-AA-002,target_reached,0,positive,1,1,0,0,1.0,0.25,0,0
C09-darpa-optc-sysclient0201-0923,C09-darpa-optc-sysclient0201-0923|random|m040|23,random,0.4,23,C09-darpa-optc-sysclient0201-0923|random|m040|23|d2|C09-AA-001>C09-AA-002,2,C09-AA-001>C09-AA-002,8.0,4,1,2.0,C09-AA-004,2.0,C09-AA-004,C09-AA-004,target_reached,0,zero,1,1,0,0,0.0,0.0,1,1
C09-darpa-optc-sysclient0201-0923,C09-darpa-optc-sysclient0201-0923|random|m040|23,random,0.4,23,C09-darpa-optc-sysclient0201-0923|random|m040|23|d2|C09-AA-001>C09-AA-003,2,C09-AA-001>C09-AA-003,9.0,3,2,4.0,C09-AA-002>C09-AA-004,4.0,C09-AA-004>C09-AA-002,C09-AA-004>C09-AA-002,target_reached,0,zero,1,1,0,0,0.0,0.0,1,0
C09-darpa-optc-sysclient0201-0923,C09-darpa-optc-sysclient0201-0923|random|m040|23,random,0.4,23,C09-darpa-optc-sysclient0201-0923|random|m040|23|d2|C09-AA-001>C09-AA-004,2,C09-AA-001>C09-AA-004,8.0,4,1,2.0,C09-AA-002,2.0,C09-AA-002,C09-AA-002,target_reached,0,zero,1,1,0,0,0.0,0.0,1,1
C09-darpa-optc-sysclient0201-0923,C09-darpa-optc-sysclient0201-0923|random|m040|23,random,0.4,23,C09-darpa-optc-sysclient0201-0923|random|m040|23|d2|C09-AA-001>C09-AA-005,2,C09-AA-001>C09-AA-005,8.0,3,2,4.0,C09-AA-002>C09-AA-004,4.0,C09-AA-004>C09-AA-002,C09-AA-004>C09-AA-002,target_reached,0,zero,1,1,0,0,0.0,0.0,1,0
C09-darpa-optc-sysclient0201-0923,C09-darpa-optc-sysclient0201-0923|random|m040|23,random,0.4,23,C09-darpa-optc-sysclient0201-0923|random|m040|23|d2|C09-AA-002>C09-AA-003,2,C09-AA-002>C09-AA-003,8.0,4,1,2.0,C09-AA-004,2.0,C09-AA-004,C09-AA-004,target_reached,0,zero,1,1,0,0,0.0,0.0,1,1
C09-darpa-optc-sysclient0201-0923,C09-darpa-optc-sysclient0201-0923|random|m040|23,random,0.4,23,C09-darpa-optc-sysclient0201-0923|random|m040|23|d2|C09-AA-002>C09-AA-005,2,C09-AA-002>C09-AA-005,7.0,4,1,2.0,C09-AA-004,2.0,C09-AA-004,C09-AA-004,target_reached,0,zero,1,1,0,0,0.0,0.0,1,1
C09-darpa-optc-sysclient0201-0923,C09-darpa-optc-sysclient0201-0923|random|m040|23,random,0.4,23,C09-darpa-optc-sysclient0201-0923|random|m040|23|d2|C09-AA-003>C09-AA-004,2,C09-AA-003>C09-AA-004,8.0,4,1,2.0,C09-AA-002,3.0,C09-AA-001>C09-AA-002,C09-AA-001>C09-AA-002,target_reached,0,positive,1,1,0,0,1.0,0.5,0,0
C09-darpa-optc-sysclient0201-0923,C09-darpa-optc-sysclient0201-0923|random|m040|23,random,0.4,23,C09-darpa-optc-sysclient0201-0923|random|m040|23|d2|C09-AA-003>C09-AA-005,2,C09-AA-003>C09-AA-005,8.0,3,2,4.0,C09-AA-002>C09-AA-004,5.0,C09-AA-004>C09-AA-001>C09-AA-002,C09-AA-004>C09-AA-001>C09-AA-002,target_reached,0,positive,1,1,0,0,1.0,0.25,0,0
C09-darpa-optc-sysclient0201-0923,C09-darpa-optc-sysclient0201-0923|random|m040|23,random,0.4,23,C09-darpa-optc-sysclient0201-0923|random|m040|23|d2|C09-AA-004>C09-AA-005,2,C09-AA-004>C09-AA-005,7.0,4,1,2.0,C09-AA-002,3.0,C09-AA-001>C09-AA-002,C09-AA-001>C09-AA-002,target_reached,0,positive,1,1,0,0,1.0,0.5,0,0
C09-darpa-optc-sysclient0201-0923,C09-darpa-optc-sysclient0201-0923|random|m040|37,random,0.4,37,C09-darpa-optc-sysclient0201-0923|random|m040|37|d0|root,0,,11.0,3,2,1.0,C09-AA-001,1.0,C09-AA-001,C09-AA-001,target_reached,0,zero,1,1,0,0,0.0,0.0,1,1
C09-darpa-optc-sysclient0201-0923,C09-darpa-optc-sysclient0201-0923|random|m040|37,random,0.4,37,C09-darpa-optc-sysclient0201-0923|random|m040|37|d1|C09-AA-003,1,C09-AA-003,10.0,3,2,1.0,C09-AA-001,1.0,C09-AA-001,C09-AA-001,target_reached,0,zero,1,1,0,0,0.0,0.0,1,1
C09-darpa-optc-sysclient0201-0923,C09-darpa-optc-sysclient0201-0923|random|m040|37,random,0.4,37,C09-darpa-optc-sysclient0201-0923|random|m040|37|d1|C09-AA-004,1,C09-AA-004,9.0,3,2,1.0,C09-AA-001,1.0,C09-AA-001,C09-AA-001,target_reached,0,zero,1,1,0,0,0.0,0.0,1,1
C09-darpa-optc-sysclient0201-0923,C09-darpa-optc-sysclient0201-0923|random|m040|37,random,0.4,37,C09-darpa-optc-sysclient0201-0923|random|m040|37|d1|C09-AA-005,1,C09-AA-005,9.0,3,2,1.0,C09-AA-001,1.0,C09-AA-001,C09-AA-001,target_reached,0,zero,1,1,0,0,0.0,0.0,1,1
C09-darpa-optc-sysclient0201-0923,C09-darpa-optc-sysclient0201-0923|random|m040|37,random,0.4,37,C09-darpa-optc-sysclient0201-0923|random|m040|37|d2|C09-AA-003>C09-AA-004,2,C09-AA-003>C09-AA-004,8.0,3,2,1.0,C09-AA-001,1.0,C09-AA-001,C09-AA-001,target_reached,0,zero,1,1,0,0,0.0,0.0,1,1
C09-darpa-optc-sysclient0201-0923,C09-darpa-optc-sysclient0201-0923|random|m040|37,random,0.4,37,C09-darpa-optc-sysclient0201-0923|random|m040|37|d2|C09-AA-003>C09-AA-005,2,C09-AA-003>C09-AA-005,8.0,3,2,1.0,C09-AA-001,1.0,C09-AA-001,C09-AA-001,target_reached,0,zero,1,1,0,0,0.0,0.0,1,1
C09-darpa-optc-sysclient0201-0923,C09-darpa-optc-sysclient0201-0923|random|m040|37,random,0.4,37,C09-darpa-optc-sysclient0201-0923|random|m040|37|d2|C09-AA-004>C09-AA-005,2,C09-AA-004>C09-AA-005,7.0,3,2,1.0,C09-AA-001,1.0,C09-AA-001,C09-AA-001,target_reached,0,zero,1,1,0,0,0.0,0.0,1,1
C09-darpa-optc-sysclient0201-0923,C09-darpa-optc-sysclient0201-0923|random|m040|41,random,0.4,41,C09-darpa-optc-sysclient0201-0923|random|m040|41|d0|root,0,,11.0,3,2,4.0,C09-AA-004>C09-AA-005,4.0,C09-AA-005>C09-AA-004,C09-AA-005>C09-AA-004,target_reached,0,zero,1,1,0,0,0.0,0.0,1,0
C09-darpa-optc-sysclient0201-0923,C09-darpa-optc-sysclient0201-0923|random|m040|41,random,0.4,41,C09-darpa-optc-sysclient0201-0923|random|m040|41|d1|C09-AA-001,1,C09-AA-001,10.0,3,2,4.0,C09-AA-004>C09-AA-005,4.0,C09-AA-005>C09-AA-004,C09-AA-005>C09-AA-004,target_reached,0,zero,1,1,0,0,0.0,0.0,1,0
C09-darpa-optc-sysclient0201-0923,C09-darpa-optc-sysclient0201-0923|random|m040|41,random,0.4,41,C09-darpa-optc-sysclient0201-0923|random|m040|41|d1|C09-AA-002,1,C09-AA-002,9.0,3,2,4.0,C09-AA-004>C09-AA-005,4.0,C09-AA-005>C09-AA-004,C09-AA-005>C09-AA-004,target_reached,0,zero,1,1,0,0,0.0,0.0,1,0
C09-darpa-optc-sysclient0201-0923,C09-darpa-optc-sysclient0201-0923|random|m040|41,random,0.4,41,C09-darpa-optc-sysclient0201-0923|random|m040|41|d1|C09-AA-003,1,C09-AA-003,10.0,3,2,4.0,C09-AA-004>C09-AA-005,4.0,C09-AA-005>C09-AA-004,C09-AA-005>C09-AA-004,target_reached,0,zero,1,1,0,0,0.0,0.0,1,0
C09-darpa-optc-sysclient0201-0923,C09-darpa-optc-sysclient0201-0923|random|m040|41,random,0.4,41,C09-darpa-optc-sysclient0201-0923|random|m040|41|d1|C09-AA-004,1,C09-AA-004,9.0,4,1,2.0,C09-AA-005,2.0,C09-AA-005,C09-AA-005,target_reached,0,zero,1,1,0,0,0.0,0.0,1,1
C09-darpa-optc-sysclient0201-0923,C09-darpa-optc-sysclient0201-0923|random|m040|41,random,0.4,41,C09-darpa-optc-sysclient0201-0923|random|m040|41|d1|C09-AA-005,1,C09-AA-005,9.0,4,1,2.0,C09-AA-004,2.0,C09-AA-004,C09-AA-004,target_reached,0,zero,1,1,0,0,0.0,0.0,1,1
C09-darpa-optc-sysclient0201-0923,C09-darpa-optc-sysclient0201-0923|random|m040|41,random,0.4,41,C09-darpa-optc-sysclient0201-0923|random|m040|41|d2|C09-AA-001>C09-AA-002,2,C09-AA-001>C09-AA-002,8.0,3,2,4.0,C09-AA-004>C09-AA-005,4.0,C09-AA-005>C09-AA-004,C09-AA-005>C09-AA-004,target_reached,0,zero,1,1,0,0,0.0,0.0,1,0
C09-darpa-optc-sysclient0201-0923,C09-darpa-optc-sysclient0201-0923|random|m040|41,random,0.4,41,C09-darpa-optc-sysclient0201-0923|random|m040|41|d2|C09-AA-001>C09-AA-003,2,C09-AA-001>C09-AA-003,9.0,3,2,4.0,C09-AA-004>C09-AA-005,4.0,C09-AA-005>C09-AA-004,C09-AA-005>C09-AA-004,target_reached,0,zero,1,1,0,0,0.0,0.0,1,0
C09-darpa-optc-sysclient0201-0923,C09-darpa-optc-sysclient0201-0923|random|m040|41,random,0.4,41,C09-darpa-optc-sysclient0201-0923|random|m040|41|d2|C09-AA-001>C09-AA-004,2,C09-AA-001>C09-AA-004,8.0,4,1,2.0,C09-AA-005,2.0,C09-AA-005,C09-AA-005,target_reached,0,zero,1,1,0,0,0.0,0.0,1,1
C09-darpa-optc-sysclient0201-0923,C09-darpa-optc-sysclient0201-0923|random|m040|41,random,0.4,41,C09-darpa-optc-sysclient0201-0923|random|m040|41|d2|C09-AA-001>C09-AA-005,2,C09-AA-001>C09-AA-005,8.0,4,1,2.0,C09-AA-004,2.0,C09-AA-004,C09-AA-004,target_reached,0,zero,1,1,0,0,0.0,0.0,1,1
C09-darpa-optc-sysclient0201-0923,C09-darpa-optc-sysclient0201-0923|random|m040|41,random,0.4,41,C09-darpa-optc-sysclient0201-0923|random|m040|41|d2|C09-AA-002>C09-AA-003,2,C09-AA-002>C09-AA-003,8.0,3,2,4.0,C09-AA-004>C09-AA-005,4.0,C09-AA-005>C09-AA-004,C09-AA-005>C09-AA-004,target_reached,0,zero,1,1,0,0,0.0,0.0,1,0
C09-darpa-optc-sysclient0201-0923,C09-darpa-optc-sysclient0201-0923|random|m040|41,random,0.4,41,C09-darpa-optc-sysclient0201-0923|random|m040|41|d2|C09-AA-002>C09-AA-004,2,C09-AA-002>C09-AA-004,7.0,4,1,2.0,C09-AA-005,2.0,C09-AA-005,C09-AA-005,target_reached,0,zero,1,1,0,0,0.0,0.0,1,1
C09-darpa-optc-sysclient0201-0923,C09-darpa-optc-sysclient0201-0923|random|m040|41,random,0.4,41,C09-darpa-optc-sysclient0201-0923|random|m040|41|d2|C09-AA-002>C09-AA-005,2,C09-AA-002>C09-AA-005,7.0,4,1,2.0,C09-AA-004,2.0,C09-AA-004,C09-AA-004,target_reached,0,zero,1,1,0,0,0.0,0.0,1,1
C09-darpa-optc-sysclient0201-0923,C09-darpa-optc-sysclient0201-0923|random|m040|41,random,0.4,41,C09-darpa-optc-sysclient0201-0923|random|m040|41|d2|C09-AA-003>C09-AA-004,2,C09-AA-003>C09-AA-004,8.0,4,1,2.0,C09-AA-005,2.0,C09-AA-005,C09-AA-005,target_reached,0,zero,1,1,0,0,0.0,0.0,1,1
C09-darpa-optc-sysclient0201-0923,C09-darpa-optc-sysclient0201-0923|random|m040|41,random,0.4,41,C09-darpa-optc-sysclient0201-0923|random|m040|41|d2|C09-AA-003>C09-AA-005,2,C09-AA-003>C09-AA-005,8.0,4,1,2.0,C09-AA-004,2.0,C09-AA-004,C09-AA-004,target_reached,0,zero,1,1,0,0,0.0,0.0,1,1
C09-darpa-optc-sysclient0201-0923,C09-darpa-optc-sysclient0201-0923|random|m040|53,random,0.4,53,C09-darpa-optc-sysclient0201-0923|random|m040|53|d0|root,0,,11.0,3,2,1.0,C09-AA-003,1.0,C09-AA-003,C09-AA-003,target_reached,0,zero,1,1,0,0,0.0,0.0,1,1
C09-darpa-optc-sysclient0201-0923,C09-darpa-optc-sysclient0201-0923|random|m040|53,random,0.4,53,C09-darpa-optc-sysclient0201-0923|random|m040|53|d1|C09-AA-001,1,C09-AA-001,10.0,3,2,1.0,C09-AA-003,1.0,C09-AA-003,C09-AA-003,target_reached,0,zero,1,1,0,0,0.0,0.0,1,1
C09-darpa-optc-sysclient0201-0923,C09-darpa-optc-sysclient0201-0923|random|m040|53,random,0.4,53,C09-darpa-optc-sysclient0201-0923|random|m040|53|d1|C09-AA-002,1,C09-AA-002,9.0,3,2,1.0,C09-AA-003,1.0,C09-AA-003,C09-AA-003,target_reached,0,zero,1,1,0,0,0.0,0.0,1,1
C09-darpa-optc-sysclient0201-0923,C09-darpa-optc-sysclient0201-0923|random|m040|53,random,0.4,53,C09-darpa-optc-sysclient0201-0923|random|m040|53|d1|C09-AA-004,1,C09-AA-004,9.0,3,2,1.0,C09-AA-003,1.0,C09-AA-003,C09-AA-003,target_reached,0,zero,1,1,0,0,0.0,0.0,1,1
C09-darpa-optc-sysclient0201-0923,C09-darpa-optc-sysclient0201-0923|random|m040|53,random,0.4,53,C09-darpa-optc-sysclient0201-0923|random|m040|53|d1|C09-AA-005,1,C09-AA-005,9.0,3,2,1.0,C09-AA-003,1.0,C09-AA-003,C09-AA-003,target_reached,0,zero,1,1,0,0,0.0,0.0,1,1
C09-darpa-optc-sysclient0201-0923,C09-darpa-optc-sysclient0201-0923|random|m040|53,random,0.4,53,C09-darpa-optc-sysclient0201-0923|random|m040|53|d2|C09-AA-001>C09-AA-002,2,C09-AA-001>C09-AA-002,8.0,3,2,1.0,C09-AA-003,1.0,C09-AA-003,C09-AA-003,target_reached,0,zero,1,1,0,0,0.0,0.0,1,1
C09-darpa-optc-sysclient0201-0923,C09-darpa-optc-sysclient0201-0923|random|m040|53,random,0.4,53,C09-darpa-optc-sysclient0201-0923|random|m040|53|d2|C09-AA-001>C09-AA-004,2,C09-AA-001>C09-AA-004,8.0,3,2,1.0,C09-AA-003,1.0,C09-AA-003,C09-AA-003,target_reached,0,zero,1,1,0,0,0.0,0.0,1,1
C09-darpa-optc-sysclient0201-0923,C09-darpa-optc-sysclient0201-0923|random|m040|53,random,0.4,53,C09-darpa-optc-sysclient0201-0923|random|m040|53|d2|C09-AA-001>C09-AA-005,2,C09-AA-001>C09-AA-005,8.0,3,2,1.0,C09-AA-003,1.0,C09-AA-003,C09-AA-003,target_reached,0,zero,1,1,0,0,0.0,0.0,1,1
C09-darpa-optc-sysclient0201-0923,C09-darpa-optc-sysclient0201-0923|random|m040|53,random,0.4,53,C09-darpa-optc-sysclient0201-0923|random|m040|53|d2|C09-AA-002>C09-AA-004,2,C09-AA-002>C09-AA-004,7.0,3,2,1.0,C09-AA-003,1.0,C09-AA-003,C09-AA-003,target_reached,0,zero,1,1,0,0,0.0,0.0,1,1
C09-darpa-optc-sysclient0201-0923,C09-darpa-optc-sysclient0201-0923|random|m040|53,random,0.4,53,C09-darpa-optc-sysclient0201-0923|random|m040|53|d2|C09-AA-002>C09-AA-005,2,C09-AA-002>C09-AA-005,7.0,3,2,1.0,C09-AA-003,1.0,C09-AA-003,C09-AA-003,target_reached,0,zero,1,1,0,0,0.0,0.0,1,1
C09-darpa-optc-sysclient0201-0923,C09-darpa-optc-sysclient0201-0923|random|m040|53,random,0.4,53,C09-darpa-optc-sysclient0201-0923|random|m040|53|d2|C09-AA-004>C09-AA-005,2,C09-AA-004>C09-AA-005,7.0,3,2,1.0,C09-AA-003,1.0,C09-AA-003,C09-AA-003,target_reached,0,zero,1,1,0,0,0.0,0.0,1,1
C09-darpa-optc-sysclient0201-0923,C09-darpa-optc-sysclient0201-0923|random|m060|11,random,0.6,11,C09-darpa-optc-sysclient0201-0923|random|m060|11|d0|root,0,,11.0,2,3,3.0,C09-AA-003>C09-AA-005,3.0,C09-AA-003>C09-AA-005,C09-AA-003>C09-AA-005,target_reached,0,zero,1,1,0,0,0.0,0.0,1,1
C09-darpa-optc-sysclient0201-0923,C09-darpa-optc-sysclient0201-0923|random|m060|11,random,0.6,11,C09-darpa-optc-sysclient0201-0923|random|m060|11|d1|C09-AA-001,1,C09-AA-001,10.0,2,3,3.0,C09-AA-003>C09-AA-005,3.0,C09-AA-003>C09-AA-005,C09-AA-003>C09-AA-005,target_reached,0,zero,1,1,0,0,0.0,0.0,1,1
C09-darpa-optc-sysclient0201-0923,C09-darpa-optc-sysclient0201-0923|random|m060|11,random,0.6,11,C09-darpa-optc-sysclient0201-0923|random|m060|11|d1|C09-AA-002,1,C09-AA-002,9.0,2,3,3.0,C09-AA-003>C09-AA-005,3.0,C09-AA-003>C09-AA-005,C09-AA-003>C09-AA-005,target_reached,0,zero,1,1,0,0,0.0,0.0,1,1
C09-darpa-optc-sysclient0201-0923,C09-darpa-optc-sysclient0201-0923|random|m060|11,random,0.6,11,C09-darpa-optc-sysclient0201-0923|random|m060|11|d1|C09-AA-003,1,C09-AA-003,10.0,3,2,2.0,C09-AA-005,2.0,C09-AA-005,C09-AA-005,target_reached,0,zero,1,1,0,0,0.0,0.0,1,1
C09-darpa-optc-sysclient0201-0923,C09-darpa-optc-sysclient0201-0923|random|m060|11,random,0.6,11,C09-darpa-optc-sysclient0201-0923|random|m060|11|d1|C09-AA-004,1,C09-AA-004,9.0,2,3,3.0,C09-AA-003>C09-AA-005,3.0,C09-AA-003>C09-AA-005,C09-AA-003>C09-AA-005,target_reached,0,zero,1,1,0,0,0.0,0.0,1,1
C09-darpa-optc-sysclient0201-0923,C09-darpa-optc-sysclient0201-0923|random|m060|11,random,0.6,11,C09-darpa-optc-sysclient0201-0923|random|m060|11|d1|C09-AA-005,1,C09-AA-005,9.0,3,2,1.0,C09-AA-003,1.0,C09-AA-003,C09-AA-003,target_reached,0,zero,1,1,0,0,0.0,0.0,1,1
C09-darpa-optc-sysclient0201-0923,C09-darpa-optc-sysclient0201-0923|random|m060|11,random,0.6,11,C09-darpa-optc-sysclient0201-0923|random|m060|11|d2|C09-AA-001>C09-AA-002,2,C09-AA-001>C09-AA-002,8.0,2,3,3.0,C09-AA-003>C09-AA-005,3.0,C09-AA-003>C09-AA-005,C09-AA-003>C09-AA-005,target_reached,0,zero,1,1,0,0,0.0,0.0,1,1
C09-darpa-optc-sysclient0201-0923,C09-darpa-optc-sysclient0201-0923|random|m060|11,random,0.6,11,C09-darpa-optc-sysclient0201-0923|random|m060|11|d2|C09-AA-001>C09-AA-003,2,C09-AA-001>C09-AA-003,9.0,3,2,2.0,C09-AA-005,2.0,C09-AA-005,C09-AA-005,target_reached,0,zero,1,1,0,0,0.0,0.0,1,1
C09-darpa-optc-sysclient0201-0923,C09-darpa-optc-sysclient0201-0923|random|m060|11,random,0.6,11,C09-darpa-optc-sysclient0201-0923|random|m060|11|d2|C09-AA-001>C09-AA-004,2,C09-AA-001>C09-AA-004,8.0,2,3,3.0,C09-AA-003>C09-AA-005,3.0,C09-AA-003>C09-AA-005,C09-AA-003>C09-AA-005,target_reached,0,zero,1,1,0,0,0.0,0.0,1,1
C09-darpa-optc-sysclient0201-0923,C09-darpa-optc-sysclient0201-0923|random|m060|11,random,0.6,11,C09-darpa-optc-sysclient0201-0923|random|m060|11|d2|C09-AA-001>C09-AA-005,2,C09-AA-001>C09-AA-005,8.0,3,2,1.0,C09-AA-003,1.0,C09-AA-003,C09-AA-003,target_reached,0,zero,1,1,0,0,0.0,0.0,1,1
C09-darpa-optc-sysclient0201-0923,C09-darpa-optc-sysclient0201-0923|random|m060|11,random,0.6,11,C09-darpa-optc-sysclient0201-0923|random|m060|11|d2|C09-AA-002>C09-AA-003,2,C09-AA-002>C09-AA-003,8.0,3,2,2.0,C09-AA-005,2.0,C09-AA-005,C09-AA-005,target_reached,0,zero,1,1,0,0,0.0,0.0,1,1
C09-darpa-optc-sysclient0201-0923,C09-darpa-optc-sysclient0201-0923|random|m060|11,random,0.6,11,C09-darpa-optc-sysclient0201-0923|random|m060|11|d2|C09-AA-002>C09-AA-004,2,C09-AA-002>C09-AA-004,7.0,2,3,3.0,C09-AA-003>C09-AA-005,3.0,C09-AA-003>C09-AA-005,C09-AA-003>C09-AA-005,target_reached,0,zero,1,1,0,0,0.0,0.0,1,1
C09-darpa-optc-sysclient0201-0923,C09-darpa-optc-sysclient0201-0923|random|m060|11,random,0.6,11,C09-darpa-optc-sysclient0201-0923|random|m060|11|d2|C09-AA-002>C09-AA-005,2,C09-AA-002>C09-AA-005,7.0,3,2,1.0,C09-AA-003,1.0,C09-AA-003,C09-AA-003,target_reached,0,zero,1,1,0,0,0.0,0.0,1,1
C09-darpa-optc-sysclient0201-0923,C09-darpa-optc-sysclient0201-0923|random|m060|11,random,0.6,11,C09-darpa-optc-sysclient0201-0923|random|m060|11|d2|C09-AA-003>C09-AA-004,2,C09-AA-003>C09-AA-004,8.0,3,2,2.0,C09-AA-005,2.0,C09-AA-005,C09-AA-005,target_reached,0,zero,1,1,0,0,0.0,0.0,1,1
C09-darpa-optc-sysclient0201-0923,C09-darpa-optc-sysclient0201-0923|random|m060|11,random,0.6,11,C09-darpa-optc-sysclient0201-0923|random|m060|11|d2|C09-AA-004>C09-AA-005,2,C09-AA-004>C09-AA-005,7.0,3,2,1.0,C09-AA-003,1.0,C09-AA-003,C09-AA-003,target_reached,0,zero,1,1,0,0,0.0,0.0,1,1
C09-darpa-optc-sysclient0201-0923,C09-darpa-optc-sysclient0201-0923|random|m060|23,random,0.6,23,C09-darpa-optc-sysclient0201-0923|random|m060|23|d0|root,0,,11.0,2,3,6.0,C09-AA-002>C09-AA-004>C09-AA-005,7.0,C09-AA-004>C09-AA-005>C09-AA-001>C09-AA-002,C09-AA-004>C09-AA-005>C09-AA-001>C09-AA-002,target_reached,0,positive,1,1,0,0,1.0,0.16666666666666666,0,0
C09-darpa-optc-sysclient0201-0923,C09-darpa-optc-sysclient0201-0923|random|m060|23,random,0.6,23,C09-darpa-optc-sysclient0201-0923|random|m060|23|d1|C09-AA-001,1,C09-AA-001,10.0,2,3,6.0,C09-AA-002>C09-AA-004>C09-AA-005,6.0,C09-AA-004>C09-AA-005>C09-AA-002,C09-AA-004>C09-AA-005>C09-AA-002,target_reached,0,zero,1,1,0,0,0.0,0.0,1,0
C09-darpa-optc-sysclient0201-0923,C09-darpa-optc-sysclient0201-0923|random|m060|23,random,0.6,23,C09-darpa-optc-sysclient0201-0923|random|m060|23|d1|C09-AA-002,1,C09-AA-002,9.0,3,2,4.0,C09-AA-004>C09-AA-005,4.0,C09-AA-005>C09-AA-004,C09-AA-005>C09-AA-004,target_reached,0,zero,1,1,0,0,0.0,0.0,1,0
C09-darpa-optc-sysclient0201-0923,C09-darpa-optc-sysclient0201-0923|random|m060|23,random,0.6,23,C09-darpa-optc-sysclient0201-0923|random|m060|23|d1|C09-AA-003,1,C09-AA-003,10.0,2,3,6.0,C09-AA-002>C09-AA-004>C09-AA-005,7.0,C09-AA-004>C09-AA-005>C09-AA-001>C09-AA-002,C09-AA-004>C09-AA-005>C09-AA-001>C09-AA-002,target_reached,0,positive,1,1,0,0,1.0,0.16666666666666666,0,0
C09-darpa-optc-sysclient0201-0923,C09-darpa-optc-sysclient0201-0923|random|m060|23,random,0.6,23,C09-darpa-optc-sysclient0201-0923|random|m060|23|d1|C09-AA-004,1,C09-AA-004,9.0,3,2,4.0,C09-AA-002>C09-AA-005,5.0,C09-AA-005>C09-AA-001>C09-AA-002,C09-AA-005>C09-AA-001>C09-AA-002,target_reached,0,positive,1,1,0,0,1.0,0.25,0,0
C09-darpa-optc-sysclient0201-0923,C09-darpa-optc-sysclient0201-0923|random|m060|23,random,0.6,23,C09-darpa-optc-sysclient0201-0923|random|m060|23|d1|C09-AA-005,1,C09-AA-005,9.0,3,2,4.0,C09-AA-002>C09-AA-004,5.0,C09-AA-004>C09-AA-001>C09-AA-002,C09-AA-004>C09-AA-001>C09-AA-002,target_reached,0,positive,1,1,0,0,1.0,0.25,0,0
C09-darpa-optc-sysclient0201-0923,C09-darpa-optc-sysclient0201-0923|random|m060|23,random,0.6,23,C09-darpa-optc-sysclient0201-0923|random|m060|23|d2|C09-AA-001>C09-AA-002,2,C09-AA-001>C09-AA-002,8.0,3,2,4.0,C09-AA-004>C09-AA-005,4.0,C09-AA-005>C09-AA-004,C09-AA-005>C09-AA-004,target_reached,0,zero,1,1,0,0,0.0,0.0,1,0
C09-darpa-optc-sysclient0201-0923,C09-darpa-optc-sysclient0201-0923|random|m060|23,random,0.6,23,C09-darpa-optc-sysclient0201-0923|random|m060|23|d2|C09-AA-001>C09-AA-003,2,C09-AA-001>C09-AA-003,9.0,2,3,6.0,C09-AA-002>C09-AA-004>C09-AA-005,6.0,C09-AA-004>C09-AA-005>C09-AA-002,C09-AA-004>C09-AA-005>C09-AA-002,target_reached,0,zero,1,1,0,0,0.0,0.0,1,0
C09-darpa-optc-sysclient0201-0923,C09-darpa-optc-sysclient0201-0923|random|m060|23,random,0.6,23,C09-darpa-optc-sysclient0201-0923|random|m060|23|d2|C09-AA-001>C09-AA-004,2,C09-AA-001>C09-AA-004,8.0,3,2,4.0,C09-AA-002>C09-AA-005,4.0,C09-AA-005>C09-AA-002,C09-AA-005>C09-AA-002,target_reached,0,zero,1,1,0,0,0.0,0.0,1,0
C09-darpa-optc-sysclient0201-0923,C09-darpa-optc-sysclient0201-0923|random|m060|23,random,0.6,23,C09-darpa-optc-sysclient0201-0923|random|m060|23|d2|C09-AA-001>C09-AA-005,2,C09-AA-001>C09-AA-005,8.0,3,2,4.0,C09-AA-002>C09-AA-004,4.0,C09-AA-004>C09-AA-002,C09-AA-004>C09-AA-002,target_reached,0,zero,1,1,0,0,0.0,0.0,1,0
C09-darpa-optc-sysclient0201-0923,C09-darpa-optc-sysclient0201-0923|random|m060|23,random,0.6,23,C09-darpa-optc-sysclient0201-0923|random|m060|23|d2|C09-AA-002>C09-AA-003,2,C09-AA-002>C09-AA-003,8.0,3,2,4.0,C09-AA-004>C09-AA-005,4.0,C09-AA-005>C09-AA-004,C09-AA-005>C09-AA-004,target_reached,0,zero,1,1,0,0,0.0,0.0,1,0
C09-darpa-optc-sysclient0201-0923,C09-darpa-optc-sysclient0201-0923|random|m060|23,random,0.6,23,C09-darpa-optc-sysclient0201-0923|random|m060|23|d2|C09-AA-002>C09-AA-004,2,C09-AA-002>C09-AA-004,7.0,4,1,2.0,C09-AA-005,2.0,C09-AA-005,C09-AA-005,target_reached,0,zero,1,1,0,0,0.0,0.0,1,1
C09-darpa-optc-sysclient0201-0923,C09-darpa-optc-sysclient0201-0923|random|m060|23,random,0.6,23,C09-darpa-optc-sysclient0201-0923|random|m060|23|d2|C09-AA-002>C09-AA-005,2,C09-AA-002>C09-AA-005,7.0,4,1,2.0,C09-AA-004,2.0,C09-AA-004,C09-AA-004,target_reached,0,zero,1,1,0,0,0.0,0.0,1,1
C09-darpa-optc-sysclient0201-0923,C09-darpa-optc-sysclient0201-0923|random|m060|23,random,0.6,23,C09-darpa-optc-sysclient0201-0923|random|m060|23|d2|C09-AA-003>C09-AA-004,2,C09-AA-003>C09-AA-004,8.0,3,2,4.0,C09-AA-002>C09-AA-005,5.0,C09-AA-005>C09-AA-001>C09-AA-002,C09-AA-005>C09-AA-001>C09-AA-002,target_reached,0,positive,1,1,0,0,1.0,0.25,0,0
C09-darpa-optc-sysclient0201-0923,C09-darpa-optc-sysclient0201-0923|random|m060|23,random,0.6,23,C09-darpa-optc-sysclient0201-0923|random|m060|23|d2|C09-AA-003>C09-AA-005,2,C09-AA-003>C09-AA-005,8.0,3,2,4.0,C09-AA-002>C09-AA-004,5.0,C09-AA-004>C09-AA-001>C09-AA-002,C09-AA-004>C09-AA-001>C09-AA-002,target_reached,0,positive,1,1,0,0,1.0,0.25,0,0
C09-darpa-optc-sysclient0201-0923,C09-darpa-optc-sysclient0201-0923|random|m060|23,random,0.6,23,C09-darpa-optc-sysclient0201-0923|random|m060|23|d2|C09-AA-004>C09-AA-005,2,C09-AA-004>C09-AA-005,7.0,4,1,2.0,C09-AA-002,3.0,C09-AA-001>C09-AA-002,C09-AA-001>C09-AA-002,target_reached,0,positive,1,1,0,0,1.0,0.5,0,0
C09-darpa-optc-sysclient0201-0923,C09-darpa-optc-sysclient0201-0923|random|m060|37,random,0.6,37,C09-darpa-optc-sysclient0201-0923|random|m060|37|d0|root,0,,11.0,2,3,3.0,C09-AA-001>C09-AA-004,3.0,C09-AA-004>C09-AA-001,C09-AA-004>C09-AA-001,target_reached,0,zero,1,1,0,0,0.0,0.0,1,0
C09-darpa-optc-sysclient0201-0923,C09-darpa-optc-sysclient0201-0923|random|m060|37,random,0.6,37,C09-darpa-optc-sysclient0201-0923|random|m060|37|d1|C09-AA-001,1,C09-AA-001,10.0,3,2,2.0,C09-AA-004,2.0,C09-AA-004,C09-AA-004,target_reached,0,zero,1,1,0,0,0.0,0.0,1,1
C09-darpa-optc-sysclient0201-0923,C09-darpa-optc-sysclient0201-0923|random|m060|37,random,0.6,37,C09-darpa-optc-sysclient0201-0923|random|m060|37|d1|C09-AA-002,1,C09-AA-002,9.0,3,2,2.0,C09-AA-004,2.0,C09-AA-004,C09-AA-004,target_reached,0,zero,1,1,0,0,0.0,0.0,1,1
C09-darpa-optc-sysclient0201-0923,C09-darpa-optc-sysclient0201-0923|random|m060|37,random,0.6,37,C09-darpa-optc-sysclient0201-0923|random|m060|37|d1|C09-AA-003,1,C09-AA-003,10.0,2,3,3.0,C09-AA-001>C09-AA-004,3.0,C09-AA-004>C09-AA-001,C09-AA-004>C09-AA-001,target_reached,0,zero,1,1,0,0,0.0,0.0,1,0
C09-darpa-optc-sysclient0201-0923,C09-darpa-optc-sysclient0201-0923|random|m060|37,random,0.6,37,C09-darpa-optc-sysclient0201-0923|random|m060|37|d1|C09-AA-004,1,C09-AA-004,9.0,3,2,1.0,C09-AA-001,1.0,C09-AA-001,C09-AA-001,target_reached,0,zero,1,1,0,0,0.0,0.0,1,1
C09-darpa-optc-sysclient0201-0923,C09-darpa-optc-sysclient0201-0923|random|m060|37,random,0.6,37,C09-darpa-optc-sysclient0201-0923|random|m060|37|d1|C09-AA-005,1,C09-AA-005,9.0,2,3,3.0,C09-AA-001>C09-AA-004,3.0,C09-AA-004>C09-AA-001,C09-AA-004>C09-AA-001,target_reached,0,zero,1,1,0,0,0.0,0.0,1,0
C09-darpa-optc-sysclient0201-0923,C09-darpa-optc-sysclient0201-0923|random|m060|37,random,0.6,37,C09-darpa-optc-sysclient0201-0923|random|m060|37|d2|C09-AA-001>C09-AA-002,2,C09-AA-001>C09-AA-002,8.0,3,2,2.0,C09-AA-004,2.0,C09-AA-004,C09-AA-004,target_reached,0,zero,1,1,0,0,0.0,0.0,1,1
C09-darpa-optc-sysclient0201-0923,C09-darpa-optc-sysclient0201-0923|random|m060|37,random,0.6,37,C09-darpa-optc-sysclient0201-0923|random|m060|37|d2|C09-AA-001>C09-AA-003,2,C09-AA-001>C09-AA-003,9.0,3,2,2.0,C09-AA-004,2.0,C09-AA-004,C09-AA-004,target_reached,0,zero,1,1,0,0,0.0,0.0,1,1
C09-darpa-optc-sysclient0201-0923,C09-darpa-optc-sysclient0201-0923|random|m060|37,random,0.6,37,C09-darpa-optc-sysclient0201-0923|random|m060|37|d2|C09-AA-001>C09-AA-005,2,C09-AA-001>C09-AA-005,8.0,3,2,2.0,C09-AA-004,2.0,C09-AA-004,C09-AA-004,target_reached,0,zero,1,1,0,0,0.0,0.0,1,1
C09-darpa-optc-sysclient0201-0923,C09-darpa-optc-sysclient0201-0923|random|m060|37,random,0.6,37,C09-darpa-optc-sysclient0201-0923|random|m060|37|d2|C09-AA-002>C09-AA-001,2,C09-AA-002>C09-AA-001,8.0,3,2,2.0,C09-AA-004,2.0,C09-AA-004,C09-AA-004,target_reached,0,zero,1,1,0,0,0.0,0.0,1,1
C09-darpa-optc-sysclient0201-0923,C09-darpa-optc-sysclient0201-0923|random|m060|37,random,0.6,37,C09-darpa-optc-sysclient0201-0923|random|m060|37|d2|C09-AA-002>C09-AA-003,2,C09-AA-002>C09-AA-003,8.0,3,2,2.0,C09-AA-004,2.0,C09-AA-004,C09-AA-004,target_reached,0,zero,1,1,0,0,0.0,0.0,1,1
C09-darpa-optc-sysclient0201-0923,C09-darpa-optc-sysclient0201-0923|random|m060|37,random,0.6,37,C09-darpa-optc-sysclient0201-0923|random|m060|37|d2|C09-AA-002>C09-AA-005,2,C09-AA-002>C09-AA-005,7.0,3,2,2.0,C09-AA-004,2.0,C09-AA-004,C09-AA-004,target_reached,0,zero,1,1,0,0,0.0,0.0,1,1
C09-darpa-optc-sysclient0201-0923,C09-darpa-optc-sysclient0201-0923|random|m060|37,random,0.6,37,C09-darpa-optc-sysclient0201-0923|random|m060|37|d2|C09-AA-003>C09-AA-004,2,C09-AA-003>C09-AA-004,8.0,3,2,1.0,C09-AA-001,1.0,C09-AA-001,C09-AA-001,target_reached,0,zero,1,1,0,0,0.0,0.0,1,1
C09-darpa-optc-sysclient0201-0923,C09-darpa-optc-sysclient0201-0923|random|m060|37,random,0.6,37,C09-darpa-optc-sysclient0201-0923|random|m060|37|d2|C09-AA-003>C09-AA-005,2,C09-AA-003>C09-AA-005,8.0,2,3,3.0,C09-AA-001>C09-AA-004,3.0,C09-AA-004>C09-AA-001,C09-AA-004>C09-AA-001,target_reached,0,zero,1,1,0,0,0.0,0.0,1,0
C09-darpa-optc-sysclient0201-0923,C09-darpa-optc-sysclient0201-0923|random|m060|37,random,0.6,37,C09-darpa-optc-sysclient0201-0923|random|m060|37|d2|C09-AA-004>C09-AA-005,2,C09-AA-004>C09-AA-005,7.0,3,2,1.0,C09-AA-001,1.0,C09-AA-001,C09-AA-001,target_reached,0,zero,1,1,0,0,0.0,0.0,1,1
C09-darpa-optc-sysclient0201-0923,C09-darpa-optc-sysclient0201-0923|random|m060|41,random,0.6,41,C09-darpa-optc-sysclient0201-0923|random|m060|41|d0|root,0,,11.0,2,3,5.0,C09-AA-001>C09-AA-004>C09-AA-005,5.0,C09-AA-004>C09-AA-005>C09-AA-001,C09-AA-004>C09-AA-005>C09-AA-001,target_reached,0,zero,1,1,0,0,0.0,0.0,1,0
C09-darpa-optc-sysclient0201-0923,C09-darpa-optc-sysclient0201-0923|random|m060|41,random,0.6,41,C09-darpa-optc-sysclient0201-0923|random|m060|41|d1|C09-AA-001,1,C09-AA-001,10.0,3,2,4.0,C09-AA-004>C09-AA-005,4.0,C09-AA-005>C09-AA-004,C09-AA-005>C09-AA-004,target_reached,0,zero,1,1,0,0,0.0,0.0,1,0
C09-darpa-optc-sysclient0201-0923,C09-darpa-optc-sysclient0201-0923|random|m060|41,random,0.6,41,C09-darpa-optc-sysclient0201-0923|random|m060|41|d1|C09-AA-002,1,C09-AA-002,9.0,3,2,4.0,C09-AA-004>C09-AA-005,4.0,C09-AA-005>C09-AA-004,C09-AA-005>C09-AA-004,target_reached,0,zero,1,1,0,0,0.0,0.0,1,0
C09-darpa-optc-sysclient0201-0923,C09-darpa-optc-sysclient0201-0923|random|m060|41,random,0.6,41,C09-darpa-optc-sysclient0201-0923|random|m060|41|d1|C09-AA-003,1,C09-AA-003,10.0,2,3,5.0,C09-AA-001>C09-AA-004>C09-AA-005,5.0,C09-AA-004>C09-AA-005>C09-AA-001,C09-AA-004>C09-AA-005>C09-AA-001,target_reached,0,zero,1,1,0,0,0.0,0.0,1,0
C09-darpa-optc-sysclient0201-0923,C09-darpa-optc-sysclient0201-0923|random|m060|41,random,0.6,41,C09-darpa-optc-sysclient0201-0923|random|m060|41|d1|C09-AA-004,1,C09-AA-004,9.0,3,2,3.0,C09-AA-001>C09-AA-005,3.0,C09-AA-005>C09-AA-001,C09-AA-005>C09-AA-001,target_reached,0,zero,1,1,0,0,0.0,0.0,1,0
C09-darpa-optc-sysclient0201-0923,C09-darpa-optc-sysclient0201-0923|random|m060|41,random,0.6,41,C09-darpa-optc-sysclient0201-0923|random|m060|41|d1|C09-AA-005,1,C09-AA-005,9.0,3,2,3.0,C09-AA-001>C09-AA-004,3.0,C09-AA-004>C09-AA-001,C09-AA-004>C09-AA-001,target_reached,0,zero,1,1,0,0,0.0,0.0,1,0
C09-darpa-optc-sysclient0201-0923,C09-darpa-optc-sysclient0201-0923|random|m060|41,random,0.6,41,C09-darpa-optc-sysclient0201-0923|random|m060|41|d2|C09-AA-001>C09-AA-002,2,C09-AA-001>C09-AA-002,8.0,3,2,4.0,C09-AA-004>C09-AA-005,4.0,C09-AA-005>C09-AA-004,C09-AA-005>C09-AA-004,target_reached,0,zero,1,1,0,0,0.0,0.0,1,0
C09-darpa-optc-sysclient0201-0923,C09-darpa-optc-sysclient0201-0923|random|m060|41,random,0.6,41,C09-darpa-optc-sysclient0201-0923|random|m060|41|d2|C09-AA-001>C09-AA-003,2,C09-AA-001>C09-AA-003,9.0,3,2,4.0,C09-AA-004>C09-AA-005,4.0,C09-AA-005>C09-AA-004,C09-AA-005>C09-AA-004,target_reached,0,zero,1,1,0,0,0.0,0.0,1,0
C09-darpa-optc-sysclient0201-0923,C09-darpa-optc-sysclient0201-0923|random|m060|41,random,0.6,41,C09-darpa-optc-sysclient0201-0923|random|m060|41|d2|C09-AA-001>C09-AA-004,2,C09-AA-001>C09-AA-004,8.0,4,1,2.0,C09-AA-005,2.0,C09-AA-005,C09-AA-005,target_reached,0,zero,1,1,0,0,0.0,0.0,1,1
C09-darpa-optc-sysclient0201-0923,C09-darpa-optc-sysclient0201-0923|random|m060|41,random,0.6,41,C09-darpa-optc-sysclient0201-0923|random|m060|41|d2|C09-AA-001>C09-AA-005,2,C09-AA-001>C09-AA-005,8.0,4,1,2.0,C09-AA-004,2.0,C09-AA-004,C09-AA-004,target_reached,0,zero,1,1,0,0,0.0,0.0,1,1
C09-darpa-optc-sysclient0201-0923,C09-darpa-optc-sysclient0201-0923|random|m060|41,random,0.6,41,C09-darpa-optc-sysclient0201-0923|random|m060|41|d2|C09-AA-002>C09-AA-001,2,C09-AA-002>C09-AA-001,8.0,3,2,4.0,C09-AA-004>C09-AA-005,4.0,C09-AA-005>C09-AA-004,C09-AA-005>C09-AA-004,target_reached,0,zero,1,1,0,0,0.0,0.0,1,0
C09-darpa-optc-sysclient0201-0923,C09-darpa-optc-sysclient0201-0923|random|m060|41,random,0.6,41,C09-darpa-optc-sysclient0201-0923|random|m060|41|d2|C09-AA-002>C09-AA-003,2,C09-AA-002>C09-AA-003,8.0,3,2,4.0,C09-AA-004>C09-AA-005,4.0,C09-AA-005>C09-AA-004,C09-AA-005>C09-AA-004,target_reached,0,zero,1,1,0,0,0.0,0.0,1,0
C09-darpa-optc-sysclient0201-0923,C09-darpa-optc-sysclient0201-0923|random|m060|41,random,0.6,41,C09-darpa-optc-sysclient0201-0923|random|m060|41|d2|C09-AA-002>C09-AA-004,2,C09-AA-002>C09-AA-004,7.0,4,1,2.0,C09-AA-005,2.0,C09-AA-005,C09-AA-005,target_reached,0,zero,1,1,0,0,0.0,0.0,1,1
C09-darpa-optc-sysclient0201-0923,C09-darpa-optc-sysclient0201-0923|random|m060|41,random,0.6,41,C09-darpa-optc-sysclient0201-0923|random|m060|41|d2|C09-AA-002>C09-AA-005,2,C09-AA-002>C09-AA-005,7.0,4,1,2.0,C09-AA-004,2.0,C09-AA-004,C09-AA-004,target_reached,0,zero,1,1,0,0,0.0,0.0,1,1
C09-darpa-optc-sysclient0201-0923,C09-darpa-optc-sysclient0201-0923|random|m060|41,random,0.6,41,C09-darpa-optc-sysclient0201-0923|random|m060|41|d2|C09-AA-003>C09-AA-004,2,C09-AA-003>C09-AA-004,8.0,3,2,3.0,C09-AA-001>C09-AA-005,3.0,C09-AA-005>C09-AA-001,C09-AA-005>C09-AA-001,target_reached,0,zero,1,1,0,0,0.0,0.0,1,0
C09-darpa-optc-sysclient0201-0923,C09-darpa-optc-sysclient0201-0923|random|m060|41,random,0.6,41,C09-darpa-optc-sysclient0201-0923|random|m060|41|d2|C09-AA-003>C09-AA-005,2,C09-AA-003>C09-AA-005,8.0,3,2,3.0,C09-AA-001>C09-AA-004,3.0,C09-AA-004>C09-AA-001,C09-AA-004>C09-AA-001,target_reached,0,zero,1,1,0,0,0.0,0.0,1,0
C09-darpa-optc-sysclient0201-0923,C09-darpa-optc-sysclient0201-0923|random|m060|41,random,0.6,41,C09-darpa-optc-sysclient0201-0923|random|m060|41|d2|C09-AA-004>C09-AA-005,2,C09-AA-004>C09-AA-005,7.0,4,1,1.0,C09-AA-001,1.0,C09-AA-001,C09-AA-001,target_reached,0,zero,1,1,0,0,0.0,0.0,1,1
C09-darpa-optc-sysclient0201-0923,C09-darpa-optc-sysclient0201-0923|random|m060|53,random,0.6,53,C09-darpa-optc-sysclient0201-0923|random|m060|53|d0|root,0,,11.0,2,3,3.0,C09-AA-003>C09-AA-005,3.0,C09-AA-003>C09-AA-005,C09-AA-003>C09-AA-005,target_reached,0,zero,1,1,0,0,0.0,0.0,1,1
C09-darpa-optc-sysclient0201-0923,C09-darpa-optc-sysclient0201-0923|random|m060|53,random,0.6,53,C09-darpa-optc-sysclient0201-0923|random|m060|53|d1|C09-AA-001,1,C09-AA-001,10.0,2,3,3.0,C09-AA-003>C09-AA-005,3.0,C09-AA-003>C09-AA-005,C09-AA-003>C09-AA-005,target_reached,0,zero,1,1,0,0,0.0,0.0,1,1
C09-darpa-optc-sysclient0201-0923,C09-darpa-optc-sysclient0201-0923|random|m060|53,random,0.6,53,C09-darpa-optc-sysclient0201-0923|random|m060|53|d1|C09-AA-002,1,C09-AA-002,9.0,2,3,3.0,C09-AA-003>C09-AA-005,3.0,C09-AA-003>C09-AA-005,C09-AA-003>C09-AA-005,target_reached,0,zero,1,1,0,0,0.0,0.0,1,1
C09-darpa-optc-sysclient0201-0923,C09-darpa-optc-sysclient0201-0923|random|m060|53,random,0.6,53,C09-darpa-optc-sysclient0201-0923|random|m060|53|d1|C09-AA-003,1,C09-AA-003,10.0,3,2,2.0,C09-AA-005,2.0,C09-AA-005,C09-AA-005,target_reached,0,zero,1,1,0,0,0.0,0.0,1,1
C09-darpa-optc-sysclient0201-0923,C09-darpa-optc-sysclient0201-0923|random|m060|53,random,0.6,53,C09-darpa-optc-sysclient0201-0923|random|m060|53|d1|C09-AA-004,1,C09-AA-004,9.0,2,3,3.0,C09-AA-003>C09-AA-005,3.0,C09-AA-003>C09-AA-005,C09-AA-003>C09-AA-005,target_reached,0,zero,1,1,0,0,0.0,0.0,1,1
C09-darpa-optc-sysclient0201-0923,C09-darpa-optc-sysclient0201-0923|random|m060|53,random,0.6,53,C09-darpa-optc-sysclient0201-0923|random|m060|53|d1|C09-AA-005,1,C09-AA-005,9.0,3,2,1.0,C09-AA-003,1.0,C09-AA-003,C09-AA-003,target_reached,0,zero,1,1,0,0,0.0,0.0,1,1
C09-darpa-optc-sysclient0201-0923,C09-darpa-optc-sysclient0201-0923|random|m060|53,random,0.6,53,C09-darpa-optc-sysclient0201-0923|random|m060|53|d2|C09-AA-001>C09-AA-002,2,C09-AA-001>C09-AA-002,8.0,2,3,3.0,C09-AA-003>C09-AA-005,3.0,C09-AA-003>C09-AA-005,C09-AA-003>C09-AA-005,target_reached,0,zero,1,1,0,0,0.0,0.0,1,1
C09-darpa-optc-sysclient0201-0923,C09-darpa-optc-sysclient0201-0923|random|m060|53,random,0.6,53,C09-darpa-optc-sysclient0201-0923|random|m060|53|d2|C09-AA-001>C09-AA-003,2,C09-AA-001>C09-AA-003,9.0,3,2,2.0,C09-AA-005,2.0,C09-AA-005,C09-AA-005,target_reached,0,zero,1,1,0,0,0.0,0.0,1,1
C09-darpa-optc-sysclient0201-0923,C09-darpa-optc-sysclient0201-0923|random|m060|53,random,0.6,53,C09-darpa-optc-sysclient0201-0923|random|m060|53|d2|C09-AA-001>C09-AA-004,2,C09-AA-001>C09-AA-004,8.0,2,3,3.0,C09-AA-003>C09-AA-005,3.0,C09-AA-003>C09-AA-005,C09-AA-003>C09-AA-005,target_reached,0,zero,1,1,0,0,0.0,0.0,1,1
C09-darpa-optc-sysclient0201-0923,C09-darpa-optc-sysclient0201-0923|random|m060|53,random,0.6,53,C09-darpa-optc-sysclient0201-0923|random|m060|53|d2|C09-AA-001>C09-AA-005,2,C09-AA-001>C09-AA-005,8.0,3,2,1.0,C09-AA-003,1.0,C09-AA-003,C09-AA-003,target_reached,0,zero,1,1,0,0,0.0,0.0,1,1
C09-darpa-optc-sysclient0201-0923,C09-darpa-optc-sysclient0201-0923|random|m060|53,random,0.6,53,C09-darpa-optc-sysclient0201-0923|random|m060|53|d2|C09-AA-002>C09-AA-003,2,C09-AA-002>C09-AA-003,8.0,3,2,2.0,C09-AA-005,2.0,C09-AA-005,C09-AA-005,target_reached,0,zero,1,1,0,0,0.0,0.0,1,1
C09-darpa-optc-sysclient0201-0923,C09-darpa-optc-sysclient0201-0923|random|m060|53,random,0.6,53,C09-darpa-optc-sysclient0201-0923|random|m060|53|d2|C09-AA-002>C09-AA-004,2,C09-AA-002>C09-AA-004,7.0,2,3,3.0,C09-AA-003>C09-AA-005,3.0,C09-AA-003>C09-AA-005,C09-AA-003>C09-AA-005,target_reached,0,zero,1,1,0,0,0.0,0.0,1,1
C09-darpa-optc-sysclient0201-0923,C09-darpa-optc-sysclient0201-0923|random|m060|53,random,0.6,53,C09-darpa-optc-sysclient0201-0923|random|m060|53|d2|C09-AA-002>C09-AA-005,2,C09-AA-002>C09-AA-005,7.0,3,2,1.0,C09-AA-003,1.0,C09-AA-003,C09-AA-003,target_reached,0,zero,1,1,0,0,0.0,0.0,1,1
C09-darpa-optc-sysclient0201-0923,C09-darpa-optc-sysclient0201-0923|random|m060|53,random,0.6,53,C09-darpa-optc-sysclient0201-0923|random|m060|53|d2|C09-AA-003>C09-AA-004,2,C09-AA-003>C09-AA-004,8.0,3,2,2.0,C09-AA-005,2.0,C09-AA-005,C09-AA-005,target_reached,0,zero,1,1,0,0,0.0,0.0,1,1
C09-darpa-optc-sysclient0201-0923,C09-darpa-optc-sysclient0201-0923|random|m060|53,random,0.6,53,C09-darpa-optc-sysclient0201-0923|random|m060|53|d2|C09-AA-004>C09-AA-005,2,C09-AA-004>C09-AA-005,7.0,3,2,1.0,C09-AA-003,1.0,C09-AA-003,C09-AA-003,target_reached,0,zero,1,1,0,0,0.0,0.0,1,1
C09-darpa-optc-sysclient0201-0923,C09-darpa-optc-sysclient0201-0923|stage|m020|11,stage,0.2,11,C09-darpa-optc-sysclient0201-0923|stage|m020|11|d0|root,0,,11.0,4,1,2.0,C09-AA-002,3.0,C09-AA-001>C09-AA-002,C09-AA-001>C09-AA-002,target_reached,0,positive,1,1,0,0,1.0,0.5,0,0
C09-darpa-optc-sysclient0201-0923,C09-darpa-optc-sysclient0201-0923|stage|m020|11,stage,0.2,11,C09-darpa-optc-sysclient0201-0923|stage|m020|11|d1|C09-AA-001,1,C09-AA-001,10.0,4,1,2.0,C09-AA-002,2.0,C09-AA-002,C09-AA-002,target_reached,0,zero,1,1,0,0,0.0,0.0,1,1
C09-darpa-optc-sysclient0201-0923,C09-darpa-optc-sysclient0201-0923|stage|m020|11,stage,0.2,11,C09-darpa-optc-sysclient0201-0923|stage|m020|11|d1|C09-AA-003,1,C09-AA-003,10.0,4,1,2.0,C09-AA-002,3.0,C09-AA-001>C09-AA-002,C09-AA-001>C09-AA-002,target_reached,0,positive,1,1,0,0,1.0,0.5,0,0
C09-darpa-optc-sysclient0201-0923,C09-darpa-optc-sysclient0201-0923|stage|m020|11,stage,0.2,11,C09-darpa-optc-sysclient0201-0923|stage|m020|11|d1|C09-AA-004,1,C09-AA-004,9.0,4,1,2.0,C09-AA-002,3.0,C09-AA-001>C09-AA-002,C09-AA-001>C09-AA-002,target_reached,0,positive,1,1,0,0,1.0,0.5,0,0
C09-darpa-optc-sysclient0201-0923,C09-darpa-optc-sysclient0201-0923|stage|m020|11,stage,0.2,11,C09-darpa-optc-sysclient0201-0923|stage|m020|11|d1|C09-AA-005,1,C09-AA-005,9.0,4,1,2.0,C09-AA-002,3.0,C09-AA-001>C09-AA-002,C09-AA-001>C09-AA-002,target_reached,0,positive,1,1,0,0,1.0,0.5,0,0
C09-darpa-optc-sysclient0201-0923,C09-darpa-optc-sysclient0201-0923|stage|m020|11,stage,0.2,11,C09-darpa-optc-sysclient0201-0923|stage|m020|11|d2|C09-AA-001>C09-AA-003,2,C09-AA-001>C09-AA-003,9.0,4,1,2.0,C09-AA-002,2.0,C09-AA-002,C09-AA-002,target_reached,0,zero,1,1,0,0,0.0,0.0,1,1
C09-darpa-optc-sysclient0201-0923,C09-darpa-optc-sysclient0201-0923|stage|m020|11,stage,0.2,11,C09-darpa-optc-sysclient0201-0923|stage|m020|11|d2|C09-AA-001>C09-AA-004,2,C09-AA-001>C09-AA-004,8.0,4,1,2.0,C09-AA-002,2.0,C09-AA-002,C09-AA-002,target_reached,0,zero,1,1,0,0,0.0,0.0,1,1
C09-darpa-optc-sysclient0201-0923,C09-darpa-optc-sysclient0201-0923|stage|m020|11,stage,0.2,11,C09-darpa-optc-sysclient0201-0923|stage|m020|11|d2|C09-AA-001>C09-AA-005,2,C09-AA-001>C09-AA-005,8.0,4,1,2.0,C09-AA-002,2.0,C09-AA-002,C09-AA-002,target_reached,0,zero,1,1,0,0,0.0,0.0,1,1
C09-darpa-optc-sysclient0201-0923,C09-darpa-optc-sysclient0201-0923|stage|m020|11,stage,0.2,11,C09-darpa-optc-sysclient0201-0923|stage|m020|11|d2|C09-AA-003>C09-AA-004,2,C09-AA-003>C09-AA-004,8.0,4,1,2.0,C09-AA-002,3.0,C09-AA-001>C09-AA-002,C09-AA-001>C09-AA-002,target_reached,0,positive,1,1,0,0,1.0,0.5,0,0
C09-darpa-optc-sysclient0201-0923,C09-darpa-optc-sysclient0201-0923|stage|m020|11,stage,0.2,11,C09-darpa-optc-sysclient0201-0923|stage|m020|11|d2|C09-AA-003>C09-AA-005,2,C09-AA-003>C09-AA-005,8.0,4,1,2.0,C09-AA-002,3.0,C09-AA-001>C09-AA-002,C09-AA-001>C09-AA-002,target_reached,0,positive,1,1,0,0,1.0,0.5,0,0
C09-darpa-optc-sysclient0201-0923,C09-darpa-optc-sysclient0201-0923|stage|m020|11,stage,0.2,11,C09-darpa-optc-sysclient0201-0923|stage|m020|11|d2|C09-AA-004>C09-AA-005,2,C09-AA-004>C09-AA-005,7.0,4,1,2.0,C09-AA-002,3.0,C09-AA-001>C09-AA-002,C09-AA-001>C09-AA-002,target_reached,0,positive,1,1,0,0,1.0,0.5,0,0
C09-darpa-optc-sysclient0201-0923,C09-darpa-optc-sysclient0201-0923|stage|m020|23,stage,0.2,23,C09-darpa-optc-sysclient0201-0923|stage|m020|23|d0|root,0,,11.0,4,1,2.0,C09-AA-002,3.0,C09-AA-001>C09-AA-002,C09-AA-001>C09-AA-002,target_reached,0,positive,1,1,0,0,1.0,0.5,0,0
C09-darpa-optc-sysclient0201-0923,C09-darpa-optc-sysclient0201-0923|stage|m020|23,stage,0.2,23,C09-darpa-optc-sysclient0201-0923|stage|m020|23|d1|C09-AA-001,1,C09-AA-001,10.0,4,1,2.0,C09-AA-002,2.0,C09-AA-002,C09-AA-002,target_reached,0,zero,1,1,0,0,0.0,0.0,1,1
C09-darpa-optc-sysclient0201-0923,C09-darpa-optc-sysclient0201-0923|stage|m020|23,stage,0.2,23,C09-darpa-optc-sysclient0201-0923|stage|m020|23|d1|C09-AA-003,1,C09-AA-003,10.0,4,1,2.0,C09-AA-002,3.0,C09-AA-001>C09-AA-002,C09-AA-001>C09-AA-002,target_reached,0,positive,1,1,0,0,1.0,0.5,0,0
C09-darpa-optc-sysclient0201-0923,C09-darpa-optc-sysclient0201-0923|stage|m020|23,stage,0.2,23,C09-darpa-optc-sysclient0201-0923|stage|m020|23|d1|C09-AA-004,1,C09-AA-004,9.0,4,1,2.0,C09-AA-002,3.0,C09-AA-001>C09-AA-002,C09-AA-001>C09-AA-002,target_reached,0,positive,1,1,0,0,1.0,0.5,0,0
C09-darpa-optc-sysclient0201-0923,C09-darpa-optc-sysclient0201-0923|stage|m020|23,stage,0.2,23,C09-darpa-optc-sysclient0201-0923|stage|m020|23|d1|C09-AA-005,1,C09-AA-005,9.0,4,1,2.0,C09-AA-002,3.0,C09-AA-001>C09-AA-002,C09-AA-001>C09-AA-002,target_reached,0,positive,1,1,0,0,1.0,0.5,0,0
C09-darpa-optc-sysclient0201-0923,C09-darpa-optc-sysclient0201-0923|stage|m020|23,stage,0.2,23,C09-darpa-optc-sysclient0201-0923|stage|m020|23|d2|C09-AA-001>C09-AA-003,2,C09-AA-001>C09-AA-003,9.0,4,1,2.0,C09-AA-002,2.0,C09-AA-002,C09-AA-002,target_reached,0,zero,1,1,0,0,0.0,0.0,1,1
C09-darpa-optc-sysclient0201-0923,C09-darpa-optc-sysclient0201-0923|stage|m020|23,stage,0.2,23,C09-darpa-optc-sysclient0201-0923|stage|m020|23|d2|C09-AA-001>C09-AA-004,2,C09-AA-001>C09-AA-004,8.0,4,1,2.0,C09-AA-002,2.0,C09-AA-002,C09-AA-002,target_reached,0,zero,1,1,0,0,0.0,0.0,1,1
C09-darpa-optc-sysclient0201-0923,C09-darpa-optc-sysclient0201-0923|stage|m020|23,stage,0.2,23,C09-darpa-optc-sysclient0201-0923|stage|m020|23|d2|C09-AA-001>C09-AA-005,2,C09-AA-001>C09-AA-005,8.0,4,1,2.0,C09-AA-002,2.0,C09-AA-002,C09-AA-002,target_reached,0,zero,1,1,0,0,0.0,0.0,1,1
C09-darpa-optc-sysclient0201-0923,C09-darpa-optc-sysclient0201-0923|stage|m020|23,stage,0.2,23,C09-darpa-optc-sysclient0201-0923|stage|m020|23|d2|C09-AA-003>C09-AA-004,2,C09-AA-003>C09-AA-004,8.0,4,1,2.0,C09-AA-002,3.0,C09-AA-001>C09-AA-002,C09-AA-001>C09-AA-002,target_reached,0,positive,1,1,0,0,1.0,0.5,0,0
C09-darpa-optc-sysclient0201-0923,C09-darpa-optc-sysclient0201-0923|stage|m020|23,stage,0.2,23,C09-darpa-optc-sysclient0201-0923|stage|m020|23|d2|C09-AA-003>C09-AA-005,2,C09-AA-003>C09-AA-005,8.0,4,1,2.0,C09-AA-002,3.0,C09-AA-001>C09-AA-002,C09-AA-001>C09-AA-002,target_reached,0,positive,1,1,0,0,1.0,0.5,0,0
C09-darpa-optc-sysclient0201-0923,C09-darpa-optc-sysclient0201-0923|stage|m020|23,stage,0.2,23,C09-darpa-optc-sysclient0201-0923|stage|m020|23|d2|C09-AA-004>C09-AA-005,2,C09-AA-004>C09-AA-005,7.0,4,1,2.0,C09-AA-002,3.0,C09-AA-001>C09-AA-002,C09-AA-001>C09-AA-002,target_reached,0,positive,1,1,0,0,1.0,0.5,0,0
C09-darpa-optc-sysclient0201-0923,C09-darpa-optc-sysclient0201-0923|stage|m020|37,stage,0.2,37,C09-darpa-optc-sysclient0201-0923|stage|m020|37|d0|root,0,,11.0,4,1,1.0,C09-AA-001,1.0,C09-AA-001,C09-AA-001,target_reached,0,zero,1,1,0,0,0.0,0.0,1,1
C09-darpa-optc-sysclient0201-0923,C09-darpa-optc-sysclient0201-0923|stage|m020|37,stage,0.2,37,C09-darpa-optc-sysclient0201-0923|stage|m020|37|d1|C09-AA-003,1,C09-AA-003,10.0,4,1,1.0,C09-AA-001,1.0,C09-AA-001,C09-AA-001,target_reached,0,zero,1,1,0,0,0.0,0.0,1,1
C09-darpa-optc-sysclient0201-0923,C09-darpa-optc-sysclient0201-0923|stage|m020|37,stage,0.2,37,C09-darpa-optc-sysclient0201-0923|stage|m020|37|d1|C09-AA-004,1,C09-AA-004,9.0,4,1,1.0,C09-AA-001,1.0,C09-AA-001,C09-AA-001,target_reached,0,zero,1,1,0,0,0.0,0.0,1,1
C09-darpa-optc-sysclient0201-0923,C09-darpa-optc-sysclient0201-0923|stage|m020|37,stage,0.2,37,C09-darpa-optc-sysclient0201-0923|stage|m020|37|d1|C09-AA-005,1,C09-AA-005,9.0,4,1,1.0,C09-AA-001,1.0,C09-AA-001,C09-AA-001,target_reached,0,zero,1,1,0,0,0.0,0.0,1,1
C09-darpa-optc-sysclient0201-0923,C09-darpa-optc-sysclient0201-0923|stage|m020|37,stage,0.2,37,C09-darpa-optc-sysclient0201-0923|stage|m020|37|d2|C09-AA-003>C09-AA-004,2,C09-AA-003>C09-AA-004,8.0,4,1,1.0,C09-AA-001,1.0,C09-AA-001,C09-AA-001,target_reached,0,zero,1,1,0,0,0.0,0.0,1,1
C09-darpa-optc-sysclient0201-0923,C09-darpa-optc-sysclient0201-0923|stage|m020|37,stage,0.2,37,C09-darpa-optc-sysclient0201-0923|stage|m020|37|d2|C09-AA-003>C09-AA-005,2,C09-AA-003>C09-AA-005,8.0,4,1,1.0,C09-AA-001,1.0,C09-AA-001,C09-AA-001,target_reached,0,zero,1,1,0,0,0.0,0.0,1,1
C09-darpa-optc-sysclient0201-0923,C09-darpa-optc-sysclient0201-0923|stage|m020|37,stage,0.2,37,C09-darpa-optc-sysclient0201-0923|stage|m020|37|d2|C09-AA-004>C09-AA-005,2,C09-AA-004>C09-AA-005,7.0,4,1,1.0,C09-AA-001,1.0,C09-AA-001,C09-AA-001,target_reached,0,zero,1,1,0,0,0.0,0.0,1,1
C09-darpa-optc-sysclient0201-0923,C09-darpa-optc-sysclient0201-0923|stage|m020|41,stage,0.2,41,C09-darpa-optc-sysclient0201-0923|stage|m020|41|d0|root,0,,11.0,4,1,1.0,C09-AA-001,1.0,C09-AA-001,C09-AA-001,target_reached,0,zero,1,1,0,0,0.0,0.0,1,1
C09-darpa-optc-sysclient0201-0923,C09-darpa-optc-sysclient0201-0923|stage|m020|41,stage,0.2,41,C09-darpa-optc-sysclient0201-0923|stage|m020|41|d1|C09-AA-003,1,C09-AA-003,10.0,4,1,1.0,C09-AA-001,1.0,C09-AA-001,C09-AA-001,target_reached,0,zero,1,1,0,0,0.0,0.0,1,1
C09-darpa-optc-sysclient0201-0923,C09-darpa-optc-sysclient0201-0923|stage|m020|41,stage,0.2,41,C09-darpa-optc-sysclient0201-0923|stage|m020|41|d1|C09-AA-004,1,C09-AA-004,9.0,4,1,1.0,C09-AA-001,1.0,C09-AA-001,C09-AA-001,target_reached,0,zero,1,1,0,0,0.0,0.0,1,1
C09-darpa-optc-sysclient0201-0923,C09-darpa-optc-sysclient0201-0923|stage|m020|41,stage,0.2,41,C09-darpa-optc-sysclient0201-0923|stage|m020|41|d1|C09-AA-005,1,C09-AA-005,9.0,4,1,1.0,C09-AA-001,1.0,C09-AA-001,C09-AA-001,target_reached,0,zero,1,1,0,0,0.0,0.0,1,1
C09-darpa-optc-sysclient0201-0923,C09-darpa-optc-sysclient0201-0923|stage|m020|41,stage,0.2,41,C09-darpa-optc-sysclient0201-0923|stage|m020|41|d2|C09-AA-003>C09-AA-004,2,C09-AA-003>C09-AA-004,8.0,4,1,1.0,C09-AA-001,1.0,C09-AA-001,C09-AA-001,target_reached,0,zero,1,1,0,0,0.0,0.0,1,1
C09-darpa-optc-sysclient0201-0923,C09-darpa-optc-sysclient0201-0923|stage|m020|41,stage,0.2,41,C09-darpa-optc-sysclient0201-0923|stage|m020|41|d2|C09-AA-003>C09-AA-005,2,C09-AA-003>C09-AA-005,8.0,4,1,1.0,C09-AA-001,1.0,C09-AA-001,C09-AA-001,target_reached,0,zero,1,1,0,0,0.0,0.0,1,1
C09-darpa-optc-sysclient0201-0923,C09-darpa-optc-sysclient0201-0923|stage|m020|41,stage,0.2,41,C09-darpa-optc-sysclient0201-0923|stage|m020|41|d2|C09-AA-004>C09-AA-005,2,C09-AA-004>C09-AA-005,7.0,4,1,1.0,C09-AA-001,1.0,C09-AA-001,C09-AA-001,target_reached,0,zero,1,1,0,0,0.0,0.0,1,1
C09-darpa-optc-sysclient0201-0923,C09-darpa-optc-sysclient0201-0923|stage|m020|53,stage,0.2,53,C09-darpa-optc-sysclient0201-0923|stage|m020|53|d0|root,0,,11.0,4,1,1.0,C09-AA-001,1.0,C09-AA-001,C09-AA-001,target_reached,0,zero,1,1,0,0,0.0,0.0,1,1
C09-darpa-optc-sysclient0201-0923,C09-darpa-optc-sysclient0201-0923|stage|m020|53,stage,0.2,53,C09-darpa-optc-sysclient0201-0923|stage|m020|53|d1|C09-AA-003,1,C09-AA-003,10.0,4,1,1.0,C09-AA-001,1.0,C09-AA-001,C09-AA-001,target_reached,0,zero,1,1,0,0,0.0,0.0,1,1
C09-darpa-optc-sysclient0201-0923,C09-darpa-optc-sysclient0201-0923|stage|m020|53,stage,0.2,53,C09-darpa-optc-sysclient0201-0923|stage|m020|53|d1|C09-AA-004,1,C09-AA-004,9.0,4,1,1.0,C09-AA-001,1.0,C09-AA-001,C09-AA-001,target_reached,0,zero,1,1,0,0,0.0,0.0,1,1
C09-darpa-optc-sysclient0201-0923,C09-darpa-optc-sysclient0201-0923|stage|m020|53,stage,0.2,53,C09-darpa-optc-sysclient0201-0923|stage|m020|53|d1|C09-AA-005,1,C09-AA-005,9.0,4,1,1.0,C09-AA-001,1.0,C09-AA-001,C09-AA-001,target_reached,0,zero,1,1,0,0,0.0,0.0,1,1
C09-darpa-optc-sysclient0201-0923,C09-darpa-optc-sysclient0201-0923|stage|m020|53,stage,0.2,53,C09-darpa-optc-sysclient0201-0923|stage|m020|53|d2|C09-AA-003>C09-AA-004,2,C09-AA-003>C09-AA-004,8.0,4,1,1.0,C09-AA-001,1.0,C09-AA-001,C09-AA-001,target_reached,0,zero,1,1,0,0,0.0,0.0,1,1
C09-darpa-optc-sysclient0201-0923,C09-darpa-optc-sysclient0201-0923|stage|m020|53,stage,0.2,53,C09-darpa-optc-sysclient0201-0923|stage|m020|53|d2|C09-AA-003>C09-AA-005,2,C09-AA-003>C09-AA-005,8.0,4,1,1.0,C09-AA-001,1.0,C09-AA-001,C09-AA-001,target_reached,0,zero,1,1,0,0,0.0,0.0,1,1
C09-darpa-optc-sysclient0201-0923,C09-darpa-optc-sysclient0201-0923|stage|m020|53,stage,0.2,53,C09-darpa-optc-sysclient0201-0923|stage|m020|53|d2|C09-AA-004>C09-AA-005,2,C09-AA-004>C09-AA-005,7.0,4,1,1.0,C09-AA-001,1.0,C09-AA-001,C09-AA-001,target_reached,0,zero,1,1,0,0,0.0,0.0,1,1
C09-darpa-optc-sysclient0201-0923,C09-darpa-optc-sysclient0201-0923|stage|m040|11,stage,0.4,11,C09-darpa-optc-sysclient0201-0923|stage|m040|11|d0|root,0,,11.0,3,2,3.0,C09-AA-002>C09-AA-003,4.0,C09-AA-001>C09-AA-002>C09-AA-003,C09-AA-001>C09-AA-002>C09-AA-003,target_reached,0,positive,1,1,0,0,1.0,0.3333333333333333,0,0
C09-darpa-optc-sysclient0201-0923,C09-darpa-optc-sysclient0201-0923|stage|m040|11,stage,0.4,11,C09-darpa-optc-sysclient0201-0923|stage|m040|11|d1|C09-AA-001,1,C09-AA-001,10.0,3,2,3.0,C09-AA-002>C09-AA-003,3.0,C09-AA-002>C09-AA-003,C09-AA-002>C09-AA-003,target_reached,0,zero,1,1,0,0,0.0,0.0,1,1
C09-darpa-optc-sysclient0201-0923,C09-darpa-optc-sysclient0201-0923|stage|m040|11,stage,0.4,11,C09-darpa-optc-sysclient0201-0923|stage|m040|11|d1|C09-AA-002,1,C09-AA-002,9.0,4,1,1.0,C09-AA-003,1.0,C09-AA-003,C09-AA-003,target_reached,0,zero,1,1,0,0,0.0,0.0,1,1
C09-darpa-optc-sysclient0201-0923,C09-darpa-optc-sysclient0201-0923|stage|m040|11,stage,0.4,11,C09-darpa-optc-sysclient0201-0923|stage|m040|11|d1|C09-AA-003,1,C09-AA-003,10.0,4,1,2.0,C09-AA-002,3.0,C09-AA-001>C09-AA-002,C09-AA-001>C09-AA-002,target_reached,0,positive,1,1,0,0,1.0,0.5,0,0
C09-darpa-optc-sysclient0201-0923,C09-darpa-optc-sysclient0201-0923|stage|m040|11,stage,0.4,11,C09-darpa-optc-sysclient0201-0923|stage|m040|11|d1|C09-AA-004,1,C09-AA-004,9.0,3,2,3.0,C09-AA-002>C09-AA-003,4.0,C09-AA-001>C09-AA-002>C09-AA-003,C09-AA-001>C09-AA-002>C09-AA-003,target_reached,0,positive,1,1,0,0,1.0,0.3333333333333333,0,0
C09-darpa-optc-sysclient0201-0923,C09-darpa-optc-sysclient0201-0923|stage|m040|11,stage,0.4,11,C09-darpa-optc-sysclient0201-0923|stage|m040|11|d1|C09-AA-005,1,C09-AA-005,9.0,3,2,3.0,C09-AA-002>C09-AA-003,4.0,C09-AA-001>C09-AA-002>C09-AA-003,C09-AA-001>C09-AA-002>C09-AA-003,target_reached,0,positive,1,1,0,0,1.0,0.3333333333333333,0,0
C09-darpa-optc-sysclient0201-0923,C09-darpa-optc-sysclient0201-0923|stage|m040|11,stage,0.4,11,C09-darpa-optc-sysclient0201-0923|stage|m040|11|d2|C09-AA-001>C09-AA-002,2,C09-AA-001>C09-AA-002,8.0,4,1,1.0,C09-AA-003,1.0,C09-AA-003,C09-AA-003,target_reached,0,zero,1,1,0,0,0.0,0.0,1,1
C09-darpa-optc-sysclient0201-0923,C09-darpa-optc-sysclient0201-0923|stage|m040|11,stage,0.4,11,C09-darpa-optc-sysclient0201-0923|stage|m040|11|d2|C09-AA-001>C09-AA-003,2,C09-AA-001>C09-AA-003,9.0,4,1,2.0,C09-AA-002,2.0,C09-AA-002,C09-AA-002,target_reached,0,zero,1,1,0,0,0.0,0.0,1,1
C09-darpa-optc-sysclient0201-0923,C09-darpa-optc-sysclient0201-0923|stage|m040|11,stage,0.4,11,C09-darpa-optc-sysclient0201-0923|stage|m040|11|d2|C09-AA-001>C09-AA-004,2,C09-AA-001>C09-AA-004,8.0,3,2,3.0,C09-AA-002>C09-AA-003,3.0,C09-AA-002>C09-AA-003,C09-AA-002>C09-AA-003,target_reached,0,zero,1,1,0,0,0.0,0.0,1,1
C09-darpa-optc-sysclient0201-0923,C09-darpa-optc-sysclient0201-0923|stage|m040|11,stage,0.4,11,C09-darpa-optc-sysclient0201-0923|stage|m040|11|d2|C09-AA-001>C09-AA-005,2,C09-AA-001>C09-AA-005,8.0,3,2,3.0,C09-AA-002>C09-AA-003,3.0,C09-AA-002>C09-AA-003,C09-AA-002>C09-AA-003,target_reached,0,zero,1,1,0,0,0.0,0.0,1,1
C09-darpa-optc-sysclient0201-0923,C09-darpa-optc-sysclient0201-0923|stage|m040|11,stage,0.4,11,C09-darpa-optc-sysclient0201-0923|stage|m040|11|d2|C09-AA-002>C09-AA-004,2,C09-AA-002>C09-AA-004,7.0,4,1,1.0,C09-AA-003,1.0,C09-AA-003,C09-AA-003,target_reached,0,zero,1,1,0,0,0.0,0.0,1,1
C09-darpa-optc-sysclient0201-0923,C09-darpa-optc-sysclient0201-0923|stage|m040|11,stage,0.4,11,C09-darpa-optc-sysclient0201-0923|stage|m040|11|d2|C09-AA-002>C09-AA-005,2,C09-AA-002>C09-AA-005,7.0,4,1,1.0,C09-AA-003,1.0,C09-AA-003,C09-AA-003,target_reached,0,zero,1,1,0,0,0.0,0.0,1,1
C09-darpa-optc-sysclient0201-0923,C09-darpa-optc-sysclient0201-0923|stage|m040|11,stage,0.4,11,C09-darpa-optc-sysclient0201-0923|stage|m040|11|d2|C09-AA-003>C09-AA-004,2,C09-AA-003>C09-AA-004,8.0,4,1,2.0,C09-AA-002,3.0,C09-AA-001>C09-AA-002,C09-AA-001>C09-AA-002,target_reached,0,positive,1,1,0,0,1.0,0.5,0,0
C09-darpa-optc-sysclient0201-0923,C09-darpa-optc-sysclient0201-0923|stage|m040|11,stage,0.4,11,C09-darpa-optc-sysclient0201-0923|stage|m040|11|d2|C09-AA-003>C09-AA-005,2,C09-AA-003>C09-AA-005,8.0,4,1,2.0,C09-AA-002,3.0,C09-AA-001>C09-AA-002,C09-AA-001>C09-AA-002,target_reached,0,positive,1,1,0,0,1.0,0.5,0,0
C09-darpa-optc-sysclient0201-0923,C09-darpa-optc-sysclient0201-0923|stage|m040|11,stage,0.4,11,C09-darpa-optc-sysclient0201-0923|stage|m040|11|d2|C09-AA-004>C09-AA-005,2,C09-AA-004>C09-AA-005,7.0,3,2,3.0,C09-AA-002>C09-AA-003,4.0,C09-AA-001>C09-AA-002>C09-AA-003,C09-AA-002>C09-AA-002>C09-AA-003,target_reached,1,positive,1,1,0,0,1.0,0.3333333333333333,0,0
C09-darpa-optc-sysclient0201-0923,C09-darpa-optc-sysclient0201-0923|stage|m040|23,stage,0.4,23,C09-darpa-optc-sysclient0201-0923|stage|m040|23|d0|root,0,,11.0,3,2,3.0,C09-AA-002>C09-AA-003,4.0,C09-AA-001>C09-AA-002>C09-AA-003,C09-AA-001>C09-AA-002>C09-AA-003,target_reached,0,positive,1,1,0,0,1.0,0.3333333333333333,0,0
C09-darpa-optc-sysclient0201-0923,C09-darpa-optc-sysclient0201-0923|stage|m040|23,stage,0.4,23,C09-darpa-optc-sysclient0201-0923|stage|m040|23|d1|C09-AA-001,1,C09-AA-001,10.0,3,2,3.0,C09-AA-002>C09-AA-003,3.0,C09-AA-002>C09-AA-003,C09-AA-002>C09-AA-003,target_reached,0,zero,1,1,0,0,0.0,0.0,1,1
C09-darpa-optc-sysclient0201-0923,C09-darpa-optc-sysclient0201-0923|stage|m040|23,stage,0.4,23,C09-darpa-optc-sysclient0201-0923|stage|m040|23|d1|C09-AA-002,1,C09-AA-002,9.0,4,1,1.0,C09-AA-003,1.0,C09-AA-003,C09-AA-003,target_reached,0,zero,1,1,0,0,0.0,0.0,1,1
C09-darpa-optc-sysclient0201-0923,C09-darpa-optc-sysclient0201-0923|stage|m040|23,stage,0.4,23,C09-darpa-optc-sysclient0201-0923|stage|m040|23|d1|C09-AA-003,1,C09-AA-003,10.0,4,1,2.0,C09-AA-002,3.0,C09-AA-001>C09-AA-002,C09-AA-001>C09-AA-002,target_reached,0,positive,1,1,0,0,1.0,0.5,0,0
C09-darpa-optc-sysclient0201-0923,C09-darpa-optc-sysclient0201-0923|stage|m040|23,stage,0.4,23,C09-darpa-optc-sysclient0201-0923|stage|m040|23|d1|C09-AA-004,1,C09-AA-004,9.0,3,2,3.0,C09-AA-002>C09-AA-003,4.0,C09-AA-001>C09-AA-002>C09-AA-003,C09-AA-001>C09-AA-002>C09-AA-003,target_reached,0,positive,1,1,0,0,1.0,0.3333333333333333,0,0
C09-darpa-optc-sysclient0201-0923,C09-darpa-optc-sysclient0201-0923|stage|m040|23,stage,0.4,23,C09-darpa-optc-sysclient0201-0923|stage|m040|23|d1|C09-AA-005,1,C09-AA-005,9.0,3,2,3.0,C09-AA-002>C09-AA-003,4.0,C09-AA-001>C09-AA-002>C09-AA-003,C09-AA-001>C09-AA-002>C09-AA-003,target_reached,0,positive,1,1,0,0,1.0,0.3333333333333333,0,0
C09-darpa-optc-sysclient0201-0923,C09-darpa-optc-sysclient0201-0923|stage|m040|23,stage,0.4,23,C09-darpa-optc-sysclient0201-0923|stage|m040|23|d2|C09-AA-001>C09-AA-002,2,C09-AA-001>C09-AA-002,8.0,4,1,1.0,C09-AA-003,1.0,C09-AA-003,C09-AA-003,target_reached,0,zero,1,1,0,0,0.0,0.0,1,1
C09-darpa-optc-sysclient0201-0923,C09-darpa-optc-sysclient0201-0923|stage|m040|23,stage,0.4,23,C09-darpa-optc-sysclient0201-0923|stage|m040|23|d2|C09-AA-001>C09-AA-003,2,C09-AA-001>C09-AA-003,9.0,4,1,2.0,C09-AA-002,2.0,C09-AA-002,C09-AA-002,target_reached,0,zero,1,1,0,0,0.0,0.0,1,1
C09-darpa-optc-sysclient0201-0923,C09-darpa-optc-sysclient0201-0923|stage|m040|23,stage,0.4,23,C09-darpa-optc-sysclient0201-0923|stage|m040|23|d2|C09-AA-001>C09-AA-004,2,C09-AA-001>C09-AA-004,8.0,3,2,3.0,C09-AA-002>C09-AA-003,3.0,C09-AA-002>C09-AA-003,C09-AA-002>C09-AA-003,target_reached,0,zero,1,1,0,0,0.0,0.0,1,1
C09-darpa-optc-sysclient0201-0923,C09-darpa-optc-sysclient0201-0923|stage|m040|23,stage,0.4,23,C09-darpa-optc-sysclient0201-0923|stage|m040|23|d2|C09-AA-001>C09-AA-005,2,C09-AA-001>C09-AA-005,8.0,3,2,3.0,C09-AA-002>C09-AA-003,3.0,C09-AA-002>C09-AA-003,C09-AA-002>C09-AA-003,target_reached,0,zero,1,1,0,0,0.0,0.0,1,1
C09-darpa-optc-sysclient0201-0923,C09-darpa-optc-sysclient0201-0923|stage|m040|23,stage,0.4,23,C09-darpa-optc-sysclient0201-0923|stage|m040|23|d2|C09-AA-002>C09-AA-004,2,C09-AA-002>C09-AA-004,7.0,4,1,1.0,C09-AA-003,1.0,C09-AA-003,C09-AA-003,target_reached,0,zero,1,1,0,0,0.0,0.0,1,1
C09-darpa-optc-sysclient0201-0923,C09-darpa-optc-sysclient0201-0923|stage|m040|23,stage,0.4,23,C09-darpa-optc-sysclient0201-0923|stage|m040|23|d2|C09-AA-002>C09-AA-005,2,C09-AA-002>C09-AA-005,7.0,4,1,1.0,C09-AA-003,1.0,C09-AA-003,C09-AA-003,target_reached,0,zero,1,1,0,0,0.0,0.0,1,1
C09-darpa-optc-sysclient0201-0923,C09-darpa-optc-sysclient0201-0923|stage|m040|23,stage,0.4,23,C09-darpa-optc-sysclient0201-0923|stage|m040|23|d2|C09-AA-003>C09-AA-004,2,C09-AA-003>C09-AA-004,8.0,4,1,2.0,C09-AA-002,3.0,C09-AA-001>C09-AA-002,C09-AA-001>C09-AA-002,target_reached,0,positive,1,1,0,0,1.0,0.5,0,0
C09-darpa-optc-sysclient0201-0923,C09-darpa-optc-sysclient0201-0923|stage|m040|23,stage,0.4,23,C09-darpa-optc-sysclient0201-0923|stage|m040|23|d2|C09-AA-003>C09-AA-005,2,C09-AA-003>C09-AA-005,8.0,4,1,2.0,C09-AA-002,3.0,C09-AA-001>C09-AA-002,C09-AA-001>C09-AA-002,target_reached,0,positive,1,1,0,0,1.0,0.5,0,0
C09-darpa-optc-sysclient0201-0923,C09-darpa-optc-sysclient0201-0923|stage|m040|23,stage,0.4,23,C09-darpa-optc-sysclient0201-0923|stage|m040|23|d2|C09-AA-004>C09-AA-005,2,C09-AA-004>C09-AA-005,7.0,3,2,3.0,C09-AA-002>C09-AA-003,4.0,C09-AA-001>C09-AA-002>C09-AA-003,C09-AA-002>C09-AA-002>C09-AA-003,target_reached,1,positive,1,1,0,0,1.0,0.3333333333333333,0,0
C09-darpa-optc-sysclient0201-0923,C09-darpa-optc-sysclient0201-0923|stage|m040|37,stage,0.4,37,C09-darpa-optc-sysclient0201-0923|stage|m040|37|d0|root,0,,11.0,3,2,2.0,C09-AA-001>C09-AA-003,2.0,C09-AA-001>C09-AA-003,C09-AA-001>C09-AA-003,target_reached,0,zero,1,1,0,0,0.0,0.0,1,1
C09-darpa-optc-sysclient0201-0923,C09-darpa-optc-sysclient0201-0923|stage|m040|37,stage,0.4,37,C09-darpa-optc-sysclient0201-0923|stage|m040|37|d1|C09-AA-001,1,C09-AA-001,10.0,4,1,1.0,C09-AA-003,1.0,C09-AA-003,C09-AA-003,target_reached,0,zero,1,1,0,0,0.0,0.0,1,1
C09-darpa-optc-sysclient0201-0923,C09-darpa-optc-sysclient0201-0923|stage|m040|37,stage,0.4,37,C09-darpa-optc-sysclient0201-0923|stage|m040|37|d1|C09-AA-002,1,C09-AA-002,9.0,4,1,1.0,C09-AA-003,1.0,C09-AA-003,C09-AA-003,target_reached,0,zero,1,1,0,0,0.0,0.0,1,1
C09-darpa-optc-sysclient0201-0923,C09-darpa-optc-sysclient0201-0923|stage|m040|37,stage,0.4,37,C09-darpa-optc-sysclient0201-0923|stage|m040|37|d1|C09-AA-003,1,C09-AA-003,10.0,4,1,1.0,C09-AA-001,1.0,C09-AA-001,C09-AA-001,target_reached,0,zero,1,1,0,0,0.0,0.0,1,1
C09-darpa-optc-sysclient0201-0923,C09-darpa-optc-sysclient0201-0923|stage|m040|37,stage,0.4,37,C09-darpa-optc-sysclient0201-0923|stage|m040|37|d1|C09-AA-004,1,C09-AA-004,9.0,3,2,2.0,C09-AA-001>C09-AA-003,2.0,C09-AA-001>C09-AA-003,C09-AA-001>C09-AA-003,target_reached,0,zero,1,1,0,0,0.0,0.0,1,1
C09-darpa-optc-sysclient0201-0923,C09-darpa-optc-sysclient0201-0923|stage|m040|37,stage,0.4,37,C09-darpa-optc-sysclient0201-0923|stage|m040|37|d1|C09-AA-005,1,C09-AA-005,9.0,3,2,2.0,C09-AA-001>C09-AA-003,2.0,C09-AA-001>C09-AA-003,C09-AA-001>C09-AA-003,target_reached,0,zero,1,1,0,0,0.0,0.0,1,1
C09-darpa-optc-sysclient0201-0923,C09-darpa-optc-sysclient0201-0923|stage|m040|37,stage,0.4,37,C09-darpa-optc-sysclient0201-0923|stage|m040|37|d2|C09-AA-001>C09-AA-002,2,C09-AA-001>C09-AA-002,8.0,4,1,1.0,C09-AA-003,1.0,C09-AA-003,C09-AA-003,target_reached,0,zero,1,1,0,0,0.0,0.0,1,1
C09-darpa-optc-sysclient0201-0923,C09-darpa-optc-sysclient0201-0923|stage|m040|37,stage,0.4,37,C09-darpa-optc-sysclient0201-0923|stage|m040|37|d2|C09-AA-001>C09-AA-004,2,C09-AA-001>C09-AA-004,8.0,4,1,1.0,C09-AA-003,1.0,C09-AA-003,C09-AA-003,target_reached,0,zero,1,1,0,0,0.0,0.0,1,1
C09-darpa-optc-sysclient0201-0923,C09-darpa-optc-sysclient0201-0923|stage|m040|37,stage,0.4,37,C09-darpa-optc-sysclient0201-0923|stage|m040|37|d2|C09-AA-001>C09-AA-005,2,C09-AA-001>C09-AA-005,8.0,4,1,1.0,C09-AA-003,1.0,C09-AA-003,C09-AA-003,target_reached,0,zero,1,1,0,0,0.0,0.0,1,1
C09-darpa-optc-sysclient0201-0923,C09-darpa-optc-sysclient0201-0923|stage|m040|37,stage,0.4,37,C09-darpa-optc-sysclient0201-0923|stage|m040|37|d2|C09-AA-002>C09-AA-001,2,C09-AA-002>C09-AA-001,8.0,4,1,1.0,C09-AA-003,1.0,C09-AA-003,C09-AA-003,target_reached,0,zero,1,1,0,0,0.0,0.0,1,1
C09-darpa-optc-sysclient0201-0923,C09-darpa-optc-sysclient0201-0923|stage|m040|37,stage,0.4,37,C09-darpa-optc-sysclient0201-0923|stage|m040|37|d2|C09-AA-002>C09-AA-004,2,C09-AA-002>C09-AA-004,7.0,4,1,1.0,C09-AA-003,1.0,C09-AA-003,C09-AA-003,target_reached,0,zero,1,1,0,0,0.0,0.0,1,1
C09-darpa-optc-sysclient0201-0923,C09-darpa-optc-sysclient0201-0923|stage|m040|37,stage,0.4,37,C09-darpa-optc-sysclient0201-0923|stage|m040|37|d2|C09-AA-002>C09-AA-005,2,C09-AA-002>C09-AA-005,7.0,4,1,1.0,C09-AA-003,1.0,C09-AA-003,C09-AA-003,target_reached,0,zero,1,1,0,0,0.0,0.0,1,1
C09-darpa-optc-sysclient0201-0923,C09-darpa-optc-sysclient0201-0923|stage|m040|37,stage,0.4,37,C09-darpa-optc-sysclient0201-0923|stage|m040|37|d2|C09-AA-003>C09-AA-004,2,C09-AA-003>C09-AA-004,8.0,4,1,1.0,C09-AA-001,1.0,C09-AA-001,C09-AA-001,target_reached,0,zero,1,1,0,0,0.0,0.0,1,1
C09-darpa-optc-sysclient0201-0923,C09-darpa-optc-sysclient0201-0923|stage|m040|37,stage,0.4,37,C09-darpa-optc-sysclient0201-0923|stage|m040|37|d2|C09-AA-003>C09-AA-005,2,C09-AA-003>C09-AA-005,8.0,4,1,1.0,C09-AA-001,1.0,C09-AA-001,C09-AA-001,target_reached,0,zero,1,1,0,0,0.0,0.0,1,1
C09-darpa-optc-sysclient0201-0923,C09-darpa-optc-sysclient0201-0923|stage|m040|37,stage,0.4,37,C09-darpa-optc-sysclient0201-0923|stage|m040|37|d2|C09-AA-004>C09-AA-005,2,C09-AA-004>C09-AA-005,7.0,3,2,2.0,C09-AA-001>C09-AA-003,2.0,C09-AA-001>C09-AA-003,C09-AA-002>C09-AA-003,target_reached,1,zero,1,1,0,0,0.0,0.0,1,1
C09-darpa-optc-sysclient0201-0923,C09-darpa-optc-sysclient0201-0923|stage|m040|41,stage,0.4,41,C09-darpa-optc-sysclient0201-0923|stage|m040|41|d0|root,0,,11.0,3,2,2.0,C09-AA-001>C09-AA-003,2.0,C09-AA-001>C09-AA-003,C09-AA-001>C09-AA-003,target_reached,0,zero,1,1,0,0,0.0,0.0,1,1
C09-darpa-optc-sysclient0201-0923,C09-darpa-optc-sysclient0201-0923|stage|m040|41,stage,0.4,41,C09-darpa-optc-sysclient0201-0923|stage|m040|41|d1|C09-AA-001,1,C09-AA-001,10.0,4,1,1.0,C09-AA-003,1.0,C09-AA-003,C09-AA-003,target_reached,0,zero,1,1,0,0,0.0,0.0,1,1
C09-darpa-optc-sysclient0201-0923,C09-darpa-optc-sysclient0201-0923|stage|m040|41,stage,0.4,41,C09-darpa-optc-sysclient0201-0923|stage|m040|41|d1|C09-AA-002,1,C09-AA-002,9.0,4,1,1.0,C09-AA-003,1.0,C09-AA-003,C09-AA-003,target_reached,0,zero,1,1,0,0,0.0,0.0,1,1
C09-darpa-optc-sysclient0201-0923,C09-darpa-optc-sysclient0201-0923|stage|m040|41,stage,0.4,41,C09-darpa-optc-sysclient0201-0923|stage|m040|41|d1|C09-AA-003,1,C09-AA-003,10.0,4,1,1.0,C09-AA-001,1.0,C09-AA-001,C09-AA-001,target_reached,0,zero,1,1,0,0,0.0,0.0,1,1
C09-darpa-optc-sysclient0201-0923,C09-darpa-optc-sysclient0201-0923|stage|m040|41,stage,0.4,41,C09-darpa-optc-sysclient0201-0923|stage|m040|41|d1|C09-AA-004,1,C09-AA-004,9.0,3,2,2.0,C09-AA-001>C09-AA-003,2.0,C09-AA-001>C09-AA-003,C09-AA-001>C09-AA-003,target_reached,0,zero,1,1,0,0,0.0,0.0,1,1
C09-darpa-optc-sysclient0201-0923,C09-darpa-optc-sysclient0201-0923|stage|m040|41,stage,0.4,41,C09-darpa-optc-sysclient0201-0923|stage|m040|41|d1|C09-AA-005,1,C09-AA-005,9.0,3,2,2.0,C09-AA-001>C09-AA-003,2.0,C09-AA-001>C09-AA-003,C09-AA-001>C09-AA-003,target_reached,0,zero,1,1,0,0,0.0,0.0,1,1
C09-darpa-optc-sysclient0201-0923,C09-darpa-optc-sysclient0201-0923|stage|m040|41,stage,0.4,41,C09-darpa-optc-sysclient0201-0923|stage|m040|41|d2|C09-AA-001>C09-AA-002,2,C09-AA-001>C09-AA-002,8.0,4,1,1.0,C09-AA-003,1.0,C09-AA-003,C09-AA-003,target_reached,0,zero,1,1,0,0,0.0,0.0,1,1
C09-darpa-optc-sysclient0201-0923,C09-darpa-optc-sysclient0201-0923|stage|m040|41,stage,0.4,41,C09-darpa-optc-sysclient0201-0923|stage|m040|41|d2|C09-AA-001>C09-AA-004,2,C09-AA-001>C09-AA-004,8.0,4,1,1.0,C09-AA-003,1.0,C09-AA-003,C09-AA-003,target_reached,0,zero,1,1,0,0,0.0,0.0,1,1
C09-darpa-optc-sysclient0201-0923,C09-darpa-optc-sysclient0201-0923|stage|m040|41,stage,0.4,41,C09-darpa-optc-sysclient0201-0923|stage|m040|41|d2|C09-AA-001>C09-AA-005,2,C09-AA-001>C09-AA-005,8.0,4,1,1.0,C09-AA-003,1.0,C09-AA-003,C09-AA-003,target_reached,0,zero,1,1,0,0,0.0,0.0,1,1
C09-darpa-optc-sysclient0201-0923,C09-darpa-optc-sysclient0201-0923|stage|m040|41,stage,0.4,41,C09-darpa-optc-sysclient0201-0923|stage|m040|41|d2|C09-AA-002>C09-AA-001,2,C09-AA-002>C09-AA-001,8.0,4,1,1.0,C09-AA-003,1.0,C09-AA-003,C09-AA-003,target_reached,0,zero,1,1,0,0,0.0,0.0,1,1
C09-darpa-optc-sysclient0201-0923,C09-darpa-optc-sysclient0201-0923|stage|m040|41,stage,0.4,41,C09-darpa-optc-sysclient0201-0923|stage|m040|41|d2|C09-AA-002>C09-AA-004,2,C09-AA-002>C09-AA-004,7.0,4,1,1.0,C09-AA-003,1.0,C09-AA-003,C09-AA-003,target_reached,0,zero,1,1,0,0,0.0,0.0,1,1
C09-darpa-optc-sysclient0201-0923,C09-darpa-optc-sysclient0201-0923|stage|m040|41,stage,0.4,41,C09-darpa-optc-sysclient0201-0923|stage|m040|41|d2|C09-AA-002>C09-AA-005,2,C09-AA-002>C09-AA-005,7.0,4,1,1.0,C09-AA-003,1.0,C09-AA-003,C09-AA-003,target_reached,0,zero,1,1,0,0,0.0,0.0,1,1
C09-darpa-optc-sysclient0201-0923,C09-darpa-optc-sysclient0201-0923|stage|m040|41,stage,0.4,41,C09-darpa-optc-sysclient0201-0923|stage|m040|41|d2|C09-AA-003>C09-AA-004,2,C09-AA-003>C09-AA-004,8.0,4,1,1.0,C09-AA-001,1.0,C09-AA-001,C09-AA-001,target_reached,0,zero,1,1,0,0,0.0,0.0,1,1
C09-darpa-optc-sysclient0201-0923,C09-darpa-optc-sysclient0201-0923|stage|m040|41,stage,0.4,41,C09-darpa-optc-sysclient0201-0923|stage|m040|41|d2|C09-AA-003>C09-AA-005,2,C09-AA-003>C09-AA-005,8.0,4,1,1.0,C09-AA-001,1.0,C09-AA-001,C09-AA-001,target_reached,0,zero,1,1,0,0,0.0,0.0,1,1
C09-darpa-optc-sysclient0201-0923,C09-darpa-optc-sysclient0201-0923|stage|m040|41,stage,0.4,41,C09-darpa-optc-sysclient0201-0923|stage|m040|41|d2|C09-AA-004>C09-AA-005,2,C09-AA-004>C09-AA-005,7.0,3,2,2.0,C09-AA-001>C09-AA-003,2.0,C09-AA-001>C09-AA-003,C09-AA-002>C09-AA-003,target_reached,1,zero,1,1,0,0,0.0,0.0,1,1
C09-darpa-optc-sysclient0201-0923,C09-darpa-optc-sysclient0201-0923|stage|m040|53,stage,0.4,53,C09-darpa-optc-sysclient0201-0923|stage|m040|53|d0|root,0,,11.0,3,2,2.0,C09-AA-001>C09-AA-003,2.0,C09-AA-001>C09-AA-003,C09-AA-001>C09-AA-003,target_reached,0,zero,1,1,0,0,0.0,0.0,1,1
C09-darpa-optc-sysclient0201-0923,C09-darpa-optc-sysclient0201-0923|stage|m040|53,stage,0.4,53,C09-darpa-optc-sysclient0201-0923|stage|m040|53|d1|C09-AA-001,1,C09-AA-001,10.0,4,1,1.0,C09-AA-003,1.0,C09-AA-003,C09-AA-003,target_reached,0,zero,1,1,0,0,0.0,0.0,1,1
C09-darpa-optc-sysclient0201-0923,C09-darpa-optc-sysclient0201-0923|stage|m040|53,stage,0.4,53,C09-darpa-optc-sysclient0201-0923|stage|m040|53|d1|C09-AA-002,1,C09-AA-002,9.0,4,1,1.0,C09-AA-003,1.0,C09-AA-003,C09-AA-003,target_reached,0,zero,1,1,0,0,0.0,0.0,1,1
C09-darpa-optc-sysclient0201-0923,C09-darpa-optc-sysclient0201-0923|stage|m040|53,stage,0.4,53,C09-darpa-optc-sysclient0201-0923|stage|m040|53|d1|C09-AA-003,1,C09-AA-003,10.0,4,1,1.0,C09-AA-001,1.0,C09-AA-001,C09-AA-001,target_reached,0,zero,1,1,0,0,0.0,0.0,1,1
C09-darpa-optc-sysclient0201-0923,C09-darpa-optc-sysclient0201-0923|stage|m040|53,stage,0.4,53,C09-darpa-optc-sysclient0201-0923|stage|m040|53|d1|C09-AA-004,1,C09-AA-004,9.0,3,2,2.0,C09-AA-001>C09-AA-003,2.0,C09-AA-001>C09-AA-003,C09-AA-001>C09-AA-003,target_reached,0,zero,1,1,0,0,0.0,0.0,1,1
C09-darpa-optc-sysclient0201-0923,C09-darpa-optc-sysclient0201-0923|stage|m040|53,stage,0.4,53,C09-darpa-optc-sysclient0201-0923|stage|m040|53|d1|C09-AA-005,1,C09-AA-005,9.0,3,2,2.0,C09-AA-001>C09-AA-003,2.0,C09-AA-001>C09-AA-003,C09-AA-001>C09-AA-003,target_reached,0,zero,1,1,0,0,0.0,0.0,1,1
C09-darpa-optc-sysclient0201-0923,C09-darpa-optc-sysclient0201-0923|stage|m040|53,stage,0.4,53,C09-darpa-optc-sysclient0201-0923|stage|m040|53|d2|C09-AA-001>C09-AA-002,2,C09-AA-001>C09-AA-002,8.0,4,1,1.0,C09-AA-003,1.0,C09-AA-003,C09-AA-003,target_reached,0,zero,1,1,0,0,0.0,0.0,1,1
C09-darpa-optc-sysclient0201-0923,C09-darpa-optc-sysclient0201-0923|stage|m040|53,stage,0.4,53,C09-darpa-optc-sysclient0201-0923|stage|m040|53|d2|C09-AA-001>C09-AA-004,2,C09-AA-001>C09-AA-004,8.0,4,1,1.0,C09-AA-003,1.0,C09-AA-003,C09-AA-003,target_reached,0,zero,1,1,0,0,0.0,0.0,1,1
C09-darpa-optc-sysclient0201-0923,C09-darpa-optc-sysclient0201-0923|stage|m040|53,stage,0.4,53,C09-darpa-optc-sysclient0201-0923|stage|m040|53|d2|C09-AA-001>C09-AA-005,2,C09-AA-001>C09-AA-005,8.0,4,1,1.0,C09-AA-003,1.0,C09-AA-003,C09-AA-003,target_reached,0,zero,1,1,0,0,0.0,0.0,1,1
C09-darpa-optc-sysclient0201-0923,C09-darpa-optc-sysclient0201-0923|stage|m040|53,stage,0.4,53,C09-darpa-optc-sysclient0201-0923|stage|m040|53|d2|C09-AA-002>C09-AA-001,2,C09-AA-002>C09-AA-001,8.0,4,1,1.0,C09-AA-003,1.0,C09-AA-003,C09-AA-003,target_reached,0,zero,1,1,0,0,0.0,0.0,1,1
C09-darpa-optc-sysclient0201-0923,C09-darpa-optc-sysclient0201-0923|stage|m040|53,stage,0.4,53,C09-darpa-optc-sysclient0201-0923|stage|m040|53|d2|C09-AA-002>C09-AA-004,2,C09-AA-002>C09-AA-004,7.0,4,1,1.0,C09-AA-003,1.0,C09-AA-003,C09-AA-003,target_reached,0,zero,1,1,0,0,0.0,0.0,1,1
C09-darpa-optc-sysclient0201-0923,C09-darpa-optc-sysclient0201-0923|stage|m040|53,stage,0.4,53,C09-darpa-optc-sysclient0201-0923|stage|m040|53|d2|C09-AA-002>C09-AA-005,2,C09-AA-002>C09-AA-005,7.0,4,1,1.0,C09-AA-003,1.0,C09-AA-003,C09-AA-003,target_reached,0,zero,1,1,0,0,0.0,0.0,1,1
C09-darpa-optc-sysclient0201-0923,C09-darpa-optc-sysclient0201-0923|stage|m040|53,stage,0.4,53,C09-darpa-optc-sysclient0201-0923|stage|m040|53|d2|C09-AA-003>C09-AA-004,2,C09-AA-003>C09-AA-004,8.0,4,1,1.0,C09-AA-001,1.0,C09-AA-001,C09-AA-001,target_reached,0,zero,1,1,0,0,0.0,0.0,1,1
C09-darpa-optc-sysclient0201-0923,C09-darpa-optc-sysclient0201-0923|stage|m040|53,stage,0.4,53,C09-darpa-optc-sysclient0201-0923|stage|m040|53|d2|C09-AA-003>C09-AA-005,2,C09-AA-003>C09-AA-005,8.0,4,1,1.0,C09-AA-001,1.0,C09-AA-001,C09-AA-001,target_reached,0,zero,1,1,0,0,0.0,0.0,1,1
C09-darpa-optc-sysclient0201-0923,C09-darpa-optc-sysclient0201-0923|stage|m040|53,stage,0.4,53,C09-darpa-optc-sysclient0201-0923|stage|m040|53|d2|C09-AA-004>C09-AA-005,2,C09-AA-004>C09-AA-005,7.0,3,2,2.0,C09-AA-001>C09-AA-003,2.0,C09-AA-001>C09-AA-003,C09-AA-002>C09-AA-003,target_reached,1,zero,1,1,0,0,0.0,0.0,1,1
C09-darpa-optc-sysclient0201-0923,C09-darpa-optc-sysclient0201-0923|stage|m060|11,stage,0.6,11,C09-darpa-optc-sysclient0201-0923|stage|m060|11|d0|root,0,,11.0,2,3,5.0,C09-AA-002>C09-AA-003>C09-AA-004,6.0,C09-AA-004>C09-AA-001>C09-AA-002>C09-AA-003,C09-AA-004>C09-AA-001>C09-AA-002>C09-AA-003,target_reached,0,positive,1,1,0,0,1.0,0.2,0,0
C09-darpa-optc-sysclient0201-0923,C09-darpa-optc-sysclient0201-0923|stage|m060|11,stage,0.6,11,C09-darpa-optc-sysclient0201-0923|stage|m060|11|d1|C09-AA-001,1,C09-AA-001,10.0,2,3,5.0,C09-AA-002>C09-AA-003>C09-AA-004,5.0,C09-AA-003>C09-AA-004>C09-AA-002,C09-AA-004>C09-AA-004>C09-AA-002,target_reached,1,zero,1,1,0,0,0.0,0.0,1,0
C09-darpa-optc-sysclient0201-0923,C09-darpa-optc-sysclient0201-0923|stage|m060|11,stage,0.6,11,C09-darpa-optc-sysclient0201-0923|stage|m060|11|d1|C09-AA-002,1,C09-AA-002,9.0,3,2,3.0,C09-AA-003>C09-AA-004,3.0,C09-AA-003>C09-AA-004,C09-AA-003>C09-AA-004,target_reached,0,zero,1,1,0,0,0.0,0.0,1,1
C09-darpa-optc-sysclient0201-0923,C09-darpa-optc-sysclient0201-0923|stage|m060|11,stage,0.6,11,C09-darpa-optc-sysclient0201-0923|stage|m060|11|d1|C09-AA-003,1,C09-AA-003,10.0,3,2,4.0,C09-AA-002>C09-AA-004,5.0,C09-AA-004>C09-AA-001>C09-AA-002,C09-AA-004>C09-AA-001>C09-AA-002,target_reached,0,positive,1,1,0,0,1.0,0.25,0,0
C09-darpa-optc-sysclient0201-0923,C09-darpa-optc-sysclient0201-0923|stage|m060|11,stage,0.6,11,C09-darpa-optc-sysclient0201-0923|stage|m060|11|d1|C09-AA-004,1,C09-AA-004,9.0,3,2,3.0,C09-AA-002>C09-AA-003,4.0,C09-AA-001>C09-AA-002>C09-AA-003,C09-AA-001>C09-AA-002>C09-AA-003,target_reached,0,positive,1,1,0,0,1.0,0.3333333333333333,0,0
C09-darpa-optc-sysclient0201-0923,C09-darpa-optc-sysclient0201-0923|stage|m060|11,stage,0.6,11,C09-darpa-optc-sysclient0201-0923|stage|m060|11|d1|C09-AA-005,1,C09-AA-005,9.0,2,3,5.0,C09-AA-002>C09-AA-003>C09-AA-004,6.0,C09-AA-003>C09-AA-004>C09-AA-001>C09-AA-002,C09-AA-003>C09-AA-004>C09-AA-001>C09-AA-002,target_reached,0,positive,1,1,0,0,1.0,0.2,0,0
C09-darpa-optc-sysclient0201-0923,C09-darpa-optc-sysclient0201-0923|stage|m060|11,stage,0.6,11,C09-darpa-optc-sysclient0201-0923|stage|m060|11|d2|C09-AA-001>C09-AA-002,2,C09-AA-001>C09-AA-002,8.0,3,2,3.0,C09-AA-003>C09-AA-004,3.0,C09-AA-003>C09-AA-004,C09-AA-003>C09-AA-004,target_reached,0,zero,1,1,0,0,0.0,0.0,1,1
C09-darpa-optc-sysclient0201-0923,C09-darpa-optc-sysclient0201-0923|stage|m060|11,stage,0.6,11,C09-darpa-optc-sysclient0201-0923|stage|m060|11|d2|C09-AA-001>C09-AA-003,2,C09-AA-001>C09-AA-003,9.0,3,2,4.0,C09-AA-002>C09-AA-004,4.0,C09-AA-004>C09-AA-002,C09-AA-004>C09-AA-002,target_reached,0,zero,1,1,0,0,0.0,0.0,1,0
C09-darpa-optc-sysclient0201-0923,C09-darpa-optc-sysclient0201-0923|stage|m060|11,stage,0.6,11,C09-darpa-optc-sysclient0201-0923|stage|m060|11|d2|C09-AA-001>C09-AA-004,2,C09-AA-001>C09-AA-004,8.0,3,2,3.0,C09-AA-002>C09-AA-003,3.0,C09-AA-002>C09-AA-003,C09-AA-002>C09-AA-003,target_reached,0,zero,1,1,0,0,0.0,0.0,1,1
C09-darpa-optc-sysclient0201-0923,C09-darpa-optc-sysclient0201-0923|stage|m060|11,stage,0.6,11,C09-darpa-optc-sysclient0201-0923|stage|m060|11|d2|C09-AA-001>C09-AA-005,2,C09-AA-001>C09-AA-005,8.0,2,3,5.0,C09-AA-002>C09-AA-003>C09-AA-004,5.0,C09-AA-003>C09-AA-004>C09-AA-002,C09-AA-004>C09-AA-004>C09-AA-002,target_reached,1,zero,1,1,0,0,0.0,0.0,1,0
C09-darpa-optc-sysclient0201-0923,C09-darpa-optc-sysclient0201-0923|stage|m060|11,stage,0.6,11,C09-darpa-optc-sysclient0201-0923|stage|m060|11|d2|C09-AA-002>C09-AA-003,2,C09-AA-002>C09-AA-003,8.0,4,1,2.0,C09-AA-004,2.0,C09-AA-004,C09-AA-004,target_reached,0,zero,1,1,0,0,0.0,0.0,1,1
C09-darpa-optc-sysclient0201-0923,C09-darpa-optc-sysclient0201-0923|stage|m060|11,stage,0.6,11,C09-darpa-optc-sysclient0201-0923|stage|m060|11|d2|C09-AA-002>C09-AA-004,2,C09-AA-002>C09-AA-004,7.0,4,1,1.0,C09-AA-003,1.0,C09-AA-003,C09-AA-003,target_reached,0,zero,1,1,0,0,0.0,0.0,1,1
C09-darpa-optc-sysclient0201-0923,C09-darpa-optc-sysclient0201-0923|stage|m060|11,stage,0.6,11,C09-darpa-optc-sysclient0201-0923|stage|m060|11|d2|C09-AA-002>C09-AA-005,2,C09-AA-002>C09-AA-005,7.0,3,2,3.0,C09-AA-003>C09-AA-004,3.0,C09-AA-003>C09-AA-004,C09-AA-003>C09-AA-004,target_reached,0,zero,1,1,0,0,0.0,0.0,1,1
C09-darpa-optc-sysclient0201-0923,C09-darpa-optc-sysclient0201-0923|stage|m060|11,stage,0.6,11,C09-darpa-optc-sysclient0201-0923|stage|m060|11|d2|C09-AA-003>C09-AA-004,2,C09-AA-003>C09-AA-004,8.0,4,1,2.0,C09-AA-002,3.0,C09-AA-001>C09-AA-002,C09-AA-001>C09-AA-002,target_reached,0,positive,1,1,0,0,1.0,0.5,0,0
C09-darpa-optc-sysclient0201-0923,C09-darpa-optc-sysclient0201-0923|stage|m060|11,stage,0.6,11,C09-darpa-optc-sysclient0201-0923|stage|m060|11|d2|C09-AA-003>C09-AA-005,2,C09-AA-003>C09-AA-005,8.0,3,2,4.0,C09-AA-002>C09-AA-004,5.0,C09-AA-004>C09-AA-001>C09-AA-002,C09-AA-004>C09-AA-001>C09-AA-002,target_reached,0,positive,1,1,0,0,1.0,0.25,0,0
C09-darpa-optc-sysclient0201-0923,C09-darpa-optc-sysclient0201-0923|stage|m060|11,stage,0.6,11,C09-darpa-optc-sysclient0201-0923|stage|m060|11|d2|C09-AA-004>C09-AA-005,2,C09-AA-004>C09-AA-005,7.0,3,2,3.0,C09-AA-002>C09-AA-003,4.0,C09-AA-001>C09-AA-002>C09-AA-003,C09-AA-002>C09-AA-002>C09-AA-003,target_reached,1,positive,1,1,0,0,1.0,0.3333333333333333,0,0
C09-darpa-optc-sysclient0201-0923,C09-darpa-optc-sysclient0201-0923|stage|m060|23,stage,0.6,23,C09-darpa-optc-sysclient0201-0923|stage|m060|23|d0|root,0,,11.0,2,3,5.0,C09-AA-002>C09-AA-003>C09-AA-004,6.0,C09-AA-004>C09-AA-001>C09-AA-002>C09-AA-003,C09-AA-004>C09-AA-001>C09-AA-002>C09-AA-003,target_reached,0,positive,1,1,0,0,1.0,0.2,0,0
C09-darpa-optc-sysclient0201-0923,C09-darpa-optc-sysclient0201-0923|stage|m060|23,stage,0.6,23,C09-darpa-optc-sysclient0201-0923|stage|m060|23|d1|C09-AA-001,1,C09-AA-001,10.0,2,3,5.0,C09-AA-002>C09-AA-003>C09-AA-004,5.0,C09-AA-003>C09-AA-004>C09-AA-002,C09-AA-004>C09-AA-004>C09-AA-002,target_reached,1,zero,1,1,0,0,0.0,0.0,1,0
C09-darpa-optc-sysclient0201-0923,C09-darpa-optc-sysclient0201-0923|stage|m060|23,stage,0.6,23,C09-darpa-optc-sysclient0201-0923|stage|m060|23|d1|C09-AA-002,1,C09-AA-002,9.0,3,2,3.0,C09-AA-003>C09-AA-004,3.0,C09-AA-003>C09-AA-004,C09-AA-003>C09-AA-004,target_reached,0,zero,1,1,0,0,0.0,0.0,1,1
C09-darpa-optc-sysclient0201-0923,C09-darpa-optc-sysclient0201-0923|stage|m060|23,stage,0.6,23,C09-darpa-optc-sysclient0201-0923|stage|m060|23|d1|C09-AA-003,1,C09-AA-003,10.0,3,2,4.0,C09-AA-002>C09-AA-004,5.0,C09-AA-004>C09-AA-001>C09-AA-002,C09-AA-004>C09-AA-001>C09-AA-002,target_reached,0,positive,1,1,0,0,1.0,0.25,0,0
C09-darpa-optc-sysclient0201-0923,C09-darpa-optc-sysclient0201-0923|stage|m060|23,stage,0.6,23,C09-darpa-optc-sysclient0201-0923|stage|m060|23|d1|C09-AA-004,1,C09-AA-004,9.0,3,2,3.0,C09-AA-002>C09-AA-003,4.0,C09-AA-001>C09-AA-002>C09-AA-003,C09-AA-001>C09-AA-002>C09-AA-003,target_reached,0,positive,1,1,0,0,1.0,0.3333333333333333,0,0
C09-darpa-optc-sysclient0201-0923,C09-darpa-optc-sysclient0201-0923|stage|m060|23,stage,0.6,23,C09-darpa-optc-sysclient0201-0923|stage|m060|23|d1|C09-AA-005,1,C09-AA-005,9.0,2,3,5.0,C09-AA-002>C09-AA-003>C09-AA-004,6.0,C09-AA-003>C09-AA-004>C09-AA-001>C09-AA-002,C09-AA-003>C09-AA-004>C09-AA-001>C09-AA-002,target_reached,0,positive,1,1,0,0,1.0,0.2,0,0
C09-darpa-optc-sysclient0201-0923,C09-darpa-optc-sysclient0201-0923|stage|m060|23,stage,0.6,23,C09-darpa-optc-sysclient0201-0923|stage|m060|23|d2|C09-AA-001>C09-AA-002,2,C09-AA-001>C09-AA-002,8.0,3,2,3.0,C09-AA-003>C09-AA-004,3.0,C09-AA-003>C09-AA-004,C09-AA-003>C09-AA-004,target_reached,0,zero,1,1,0,0,0.0,0.0,1,1
C09-darpa-optc-sysclient0201-0923,C09-darpa-optc-sysclient0201-0923|stage|m060|23,stage,0.6,23,C09-darpa-optc-sysclient0201-0923|stage|m060|23|d2|C09-AA-001>C09-AA-003,2,C09-AA-001>C09-AA-003,9.0,3,2,4.0,C09-AA-002>C09-AA-004,4.0,C09-AA-004>C09-AA-002,C09-AA-004>C09-AA-002,target_reached,0,zero,1,1,0,0,0.0,0.0,1,0
C09-darpa-optc-sysclient0201-0923,C09-darpa-optc-sysclient0201-0923|stage|m060|23,stage,0.6,23,C09-darpa-optc-sysclient0201-0923|stage|m060|23|d2|C09-AA-001>C09-AA-004,2,C09-AA-001>C09-AA-004,8.0,3,2,3.0,C09-AA-002>C09-AA-003,3.0,C09-AA-002>C09-AA-003,C09-AA-002>C09-AA-003,target_reached,0,zero,1,1,0,0,0.0,0.0,1,1
C09-darpa-optc-sysclient0201-0923,C09-darpa-optc-sysclient0201-0923|stage|m060|23,stage,0.6,23,C09-darpa-optc-sysclient0201-0923|stage|m060|23|d2|C09-AA-001>C09-AA-005,2,C09-AA-001>C09-AA-005,8.0,2,3,5.0,C09-AA-002>C09-AA-003>C09-AA-004,5.0,C09-AA-003>C09-AA-004>C09-AA-002,C09-AA-004>C09-AA-004>C09-AA-002,target_reached,1,zero,1,1,0,0,0.0,0.0,1,0
C09-darpa-optc-sysclient0201-0923,C09-darpa-optc-sysclient0201-0923|stage|m060|23,stage,0.6,23,C09-darpa-optc-sysclient0201-0923|stage|m060|23|d2|C09-AA-002>C09-AA-003,2,C09-AA-002>C09-AA-003,8.0,4,1,2.0,C09-AA-004,2.0,C09-AA-004,C09-AA-004,target_reached,0,zero,1,1,0,0,0.0,0.0,1,1
C09-darpa-optc-sysclient0201-0923,C09-darpa-optc-sysclient0201-0923|stage|m060|23,stage,0.6,23,C09-darpa-optc-sysclient0201-0923|stage|m060|23|d2|C09-AA-002>C09-AA-004,2,C09-AA-002>C09-AA-004,7.0,4,1,1.0,C09-AA-003,1.0,C09-AA-003,C09-AA-003,target_reached,0,zero,1,1,0,0,0.0,0.0,1,1
C09-darpa-optc-sysclient0201-0923,C09-darpa-optc-sysclient0201-0923|stage|m060|23,stage,0.6,23,C09-darpa-optc-sysclient0201-0923|stage|m060|23|d2|C09-AA-002>C09-AA-005,2,C09-AA-002>C09-AA-005,7.0,3,2,3.0,C09-AA-003>C09-AA-004,3.0,C09-AA-003>C09-AA-004,C09-AA-003>C09-AA-004,target_reached,0,zero,1,1,0,0,0.0,0.0,1,1
C09-darpa-optc-sysclient0201-0923,C09-darpa-optc-sysclient0201-0923|stage|m060|23,stage,0.6,23,C09-darpa-optc-sysclient0201-0923|stage|m060|23|d2|C09-AA-003>C09-AA-004,2,C09-AA-003>C09-AA-004,8.0,4,1,2.0,C09-AA-002,3.0,C09-AA-001>C09-AA-002,C09-AA-001>C09-AA-002,target_reached,0,positive,1,1,0,0,1.0,0.5,0,0
C09-darpa-optc-sysclient0201-0923,C09-darpa-optc-sysclient0201-0923|stage|m060|23,stage,0.6,23,C09-darpa-optc-sysclient0201-0923|stage|m060|23|d2|C09-AA-003>C09-AA-005,2,C09-AA-003>C09-AA-005,8.0,3,2,4.0,C09-AA-002>C09-AA-004,5.0,C09-AA-004>C09-AA-001>C09-AA-002,C09-AA-004>C09-AA-001>C09-AA-002,target_reached,0,positive,1,1,0,0,1.0,0.25,0,0
C09-darpa-optc-sysclient0201-0923,C09-darpa-optc-sysclient0201-0923|stage|m060|23,stage,0.6,23,C09-darpa-optc-sysclient0201-0923|stage|m060|23|d2|C09-AA-004>C09-AA-005,2,C09-AA-004>C09-AA-005,7.0,3,2,3.0,C09-AA-002>C09-AA-003,4.0,C09-AA-001>C09-AA-002>C09-AA-003,C09-AA-002>C09-AA-002>C09-AA-003,target_reached,1,positive,1,1,0,0,1.0,0.3333333333333333,0,0
C09-darpa-optc-sysclient0201-0923,C09-darpa-optc-sysclient0201-0923|stage|m060|37,stage,0.6,37,C09-darpa-optc-sysclient0201-0923|stage|m060|37|d0|root,0,,11.0,2,3,4.0,C09-AA-001>C09-AA-003>C09-AA-004,4.0,C09-AA-004>C09-AA-001>C09-AA-003,C09-AA-004>C09-AA-001>C09-AA-003,target_reached,0,zero,1,1,0,0,0.0,0.0,1,0
C09-darpa-optc-sysclient0201-0923,C09-darpa-optc-sysclient0201-0923|stage|m060|37,stage,0.6,37,C09-darpa-optc-sysclient0201-0923|stage|m060|37|d1|C09-AA-001,1,C09-AA-001,10.0,3,2,3.0,C09-AA-003>C09-AA-004,3.0,C09-AA-003>C09-AA-004,C09-AA-003>C09-AA-004,target_reached,0,zero,1,1,0,0,0.0,0.0,1,1
C09-darpa-optc-sysclient0201-0923,C09-darpa-optc-sysclient0201-0923|stage|m060|37,stage,0.6,37,C09-darpa-optc-sysclient0201-0923|stage|m060|37|d1|C09-AA-002,1,C09-AA-002,9.0,3,2,3.0,C09-AA-003>C09-AA-004,3.0,C09-AA-003>C09-AA-004,C09-AA-003>C09-AA-004,target_reached,0,zero,1,1,0,0,0.0,0.0,1,1
C09-darpa-optc-sysclient0201-0923,C09-darpa-optc-sysclient0201-0923|stage|m060|37,stage,0.6,37,C09-darpa-optc-sysclient0201-0923|stage|m060|37|d1|C09-AA-003,1,C09-AA-003,10.0,3,2,3.0,C09-AA-001>C09-AA-004,3.0,C09-AA-004>C09-AA-001,C09-AA-004>C09-AA-001,target_reached,0,zero,1,1,0,0,0.0,0.0,1,0
C09-darpa-optc-sysclient0201-0923,C09-darpa-optc-sysclient0201-0923|stage|m060|37,stage,0.6,37,C09-darpa-optc-sysclient0201-0923|stage|m060|37|d1|C09-AA-004,1,C09-AA-004,9.0,3,2,2.0,C09-AA-001>C09-AA-003,2.0,C09-AA-001>C09-AA-003,C09-AA-001>C09-AA-003,target_reached,0,zero,1,1,0,0,0.0,0.0,1,1
C09-darpa-optc-sysclient0201-0923,C09-darpa-optc-sysclient0201-0923|stage|m060|37,stage,0.6,37,C09-darpa-optc-sysclient0201-0923|stage|m060|37|d1|C09-AA-005,1,C09-AA-005,9.0,2,3,4.0,C09-AA-001>C09-AA-003>C09-AA-004,4.0,C09-AA-003>C09-AA-004>C09-AA-001,C09-AA-003>C09-AA-004>C09-AA-001,target_reached,0,zero,1,1,0,0,0.0,0.0,1,0
C09-darpa-optc-sysclient0201-0923,C09-darpa-optc-sysclient0201-0923|stage|m060|37,stage,0.6,37,C09-darpa-optc-sysclient0201-0923|stage|m060|37|d2|C09-AA-001>C09-AA-002,2,C09-AA-001>C09-AA-002,8.0,3,2,3.0,C09-AA-003>C09-AA-004,3.0,C09-AA-003>C09-AA-004,C09-AA-003>C09-AA-004,target_reached,0,zero,1,1,0,0,0.0,0.0,1,1
C09-darpa-optc-sysclient0201-0923,C09-darpa-optc-sysclient0201-0923|stage|m060|37,stage,0.6,37,C09-darpa-optc-sysclient0201-0923|stage|m060|37|d2|C09-AA-001>C09-AA-003,2,C09-AA-001>C09-AA-003,9.0,4,1,2.0,C09-AA-004,2.0,C09-AA-004,C09-AA-004,target_reached,0,zero,1,1,0,0,0.0,0.0,1,1
C09-darpa-optc-sysclient0201-0923,C09-darpa-optc-sysclient0201-0923|stage|m060|37,stage,0.6,37,C09-darpa-optc-sysclient0201-0923|stage|m060|37|d2|C09-AA-001>C09-AA-004,2,C09-AA-001>C09-AA-004,8.0,4,1,1.0,C09-AA-003,1.0,C09-AA-003,C09-AA-003,target_reached,0,zero,1,1,0,0,0.0,0.0,1,1
C09-darpa-optc-sysclient0201-0923,C09-darpa-optc-sysclient0201-0923|stage|m060|37,stage,0.6,37,C09-darpa-optc-sysclient0201-0923|stage|m060|37|d2|C09-AA-001>C09-AA-005,2,C09-AA-001>C09-AA-005,8.0,3,2,3.0,C09-AA-003>C09-AA-004,3.0,C09-AA-003>C09-AA-004,C09-AA-003>C09-AA-004,target_reached,0,zero,1,1,0,0,0.0,0.0,1,1
C09-darpa-optc-sysclient0201-0923,C09-darpa-optc-sysclient0201-0923|stage|m060|37,stage,0.6,37,C09-darpa-optc-sysclient0201-0923|stage|m060|37|d2|C09-AA-002>C09-AA-001,2,C09-AA-002>C09-AA-001,8.0,3,2,3.0,C09-AA-003>C09-AA-004,3.0,C09-AA-003>C09-AA-004,C09-AA-003>C09-AA-004,target_reached,0,zero,1,1,0,0,0.0,0.0,1,1
C09-darpa-optc-sysclient0201-0923,C09-darpa-optc-sysclient0201-0923|stage|m060|37,stage,0.6,37,C09-darpa-optc-sysclient0201-0923|stage|m060|37|d2|C09-AA-002>C09-AA-003,2,C09-AA-002>C09-AA-003,8.0,4,1,2.0,C09-AA-004,2.0,C09-AA-004,C09-AA-004,target_reached,0,zero,1,1,0,0,0.0,0.0,1,1
C09-darpa-optc-sysclient0201-0923,C09-darpa-optc-sysclient0201-0923|stage|m060|37,stage,0.6,37,C09-darpa-optc-sysclient0201-0923|stage|m060|37|d2|C09-AA-002>C09-AA-004,2,C09-AA-002>C09-AA-004,7.0,4,1,1.0,C09-AA-003,1.0,C09-AA-003,C09-AA-003,target_reached,0,zero,1,1,0,0,0.0,0.0,1,1
C09-darpa-optc-sysclient0201-0923,C09-darpa-optc-sysclient0201-0923|stage|m060|37,stage,0.6,37,C09-darpa-optc-sysclient0201-0923|stage|m060|37|d2|C09-AA-002>C09-AA-005,2,C09-AA-002>C09-AA-005,7.0,3,2,3.0,C09-AA-003>C09-AA-004,3.0,C09-AA-003>C09-AA-004,C09-AA-003>C09-AA-004,target_reached,0,zero,1,1,0,0,0.0,0.0,1,1
C09-darpa-optc-sysclient0201-0923,C09-darpa-optc-sysclient0201-0923|stage|m060|37,stage,0.6,37,C09-darpa-optc-sysclient0201-0923|stage|m060|37|d2|C09-AA-003>C09-AA-004,2,C09-AA-003>C09-AA-004,8.0,4,1,1.0,C09-AA-001,1.0,C09-AA-001,C09-AA-001,target_reached,0,zero,1,1,0,0,0.0,0.0,1,1
C09-darpa-optc-sysclient0201-0923,C09-darpa-optc-sysclient0201-0923|stage|m060|37,stage,0.6,37,C09-darpa-optc-sysclient0201-0923|stage|m060|37|d2|C09-AA-003>C09-AA-005,2,C09-AA-003>C09-AA-005,8.0,3,2,3.0,C09-AA-001>C09-AA-004,3.0,C09-AA-004>C09-AA-001,C09-AA-004>C09-AA-001,target_reached,0,zero,1,1,0,0,0.0,0.0,1,0
C09-darpa-optc-sysclient0201-0923,C09-darpa-optc-sysclient0201-0923|stage|m060|37,stage,0.6,37,C09-darpa-optc-sysclient0201-0923|stage|m060|37|d2|C09-AA-004>C09-AA-005,2,C09-AA-004>C09-AA-005,7.0,3,2,2.0,C09-AA-001>C09-AA-003,2.0,C09-AA-001>C09-AA-003,C09-AA-002>C09-AA-003,target_reached,1,zero,1,1,0,0,0.0,0.0,1,1
C09-darpa-optc-sysclient0201-0923,C09-darpa-optc-sysclient0201-0923|stage|m060|41,stage,0.6,41,C09-darpa-optc-sysclient0201-0923|stage|m060|41|d0|root,0,,11.0,2,3,4.0,C09-AA-001>C09-AA-003>C09-AA-004,4.0,C09-AA-004>C09-AA-001>C09-AA-003,C09-AA-004>C09-AA-001>C09-AA-003,target_reached,0,zero,1,1,0,0,0.0,0.0,1,0
C09-darpa-optc-sysclient0201-0923,C09-darpa-optc-sysclient0201-0923|stage|m060|41,stage,0.6,41,C09-darpa-optc-sysclient0201-0923|stage|m060|41|d1|C09-AA-001,1,C09-AA-001,10.0,3,2,3.0,C09-AA-003>C09-AA-004,3.0,C09-AA-003>C09-AA-004,C09-AA-003>C09-AA-004,target_reached,0,zero,1,1,0,0,0.0,0.0,1,1
C09-darpa-optc-sysclient0201-0923,C09-darpa-optc-sysclient0201-0923|stage|m060|41,stage,0.6,41,C09-darpa-optc-sysclient0201-0923|stage|m060|41|d1|C09-AA-002,1,C09-AA-002,9.0,3,2,3.0,C09-AA-003>C09-AA-004,3.0,C09-AA-003>C09-AA-004,C09-AA-003>C09-AA-004,target_reached,0,zero,1,1,0,0,0.0,0.0,1,1
C09-darpa-optc-sysclient0201-0923,C09-darpa-optc-sysclient0201-0923|stage|m060|41,stage,0.6,41,C09-darpa-optc-sysclient0201-0923|stage|m060|41|d1|C09-AA-003,1,C09-AA-003,10.0,3,2,3.0,C09-AA-001>C09-AA-004,3.0,C09-AA-004>C09-AA-001,C09-AA-004>C09-AA-001,target_reached,0,zero,1,1,0,0,0.0,0.0,1,0
C09-darpa-optc-sysclient0201-0923,C09-darpa-optc-sysclient0201-0923|stage|m060|41,stage,0.6,41,C09-darpa-optc-sysclient0201-0923|stage|m060|41|d1|C09-AA-004,1,C09-AA-004,9.0,3,2,2.0,C09-AA-001>C09-AA-003,2.0,C09-AA-001>C09-AA-003,C09-AA-001>C09-AA-003,target_reached,0,zero,1,1,0,0,0.0,0.0,1,1
C09-darpa-optc-sysclient0201-0923,C09-darpa-optc-sysclient0201-0923|stage|m060|41,stage,0.6,41,C09-darpa-optc-sysclient0201-0923|stage|m060|41|d1|C09-AA-005,1,C09-AA-005,9.0,2,3,4.0,C09-AA-001>C09-AA-003>C09-AA-004,4.0,C09-AA-003>C09-AA-004>C09-AA-001,C09-AA-003>C09-AA-004>C09-AA-001,target_reached,0,zero,1,1,0,0,0.0,0.0,1,0
C09-darpa-optc-sysclient0201-0923,C09-darpa-optc-sysclient0201-0923|stage|m060|41,stage,0.6,41,C09-darpa-optc-sysclient0201-0923|stage|m060|41|d2|C09-AA-001>C09-AA-002,2,C09-AA-001>C09-AA-002,8.0,3,2,3.0,C09-AA-003>C09-AA-004,3.0,C09-AA-003>C09-AA-004,C09-AA-003>C09-AA-004,target_reached,0,zero,1,1,0,0,0.0,0.0,1,1
C09-darpa-optc-sysclient0201-0923,C09-darpa-optc-sysclient0201-0923|stage|m060|41,stage,0.6,41,C09-darpa-optc-sysclient0201-0923|stage|m060|41|d2|C09-AA-001>C09-AA-003,2,C09-AA-001>C09-AA-003,9.0,4,1,2.0,C09-AA-004,2.0,C09-AA-004,C09-AA-004,target_reached,0,zero,1,1,0,0,0.0,0.0,1,1
C09-darpa-optc-sysclient0201-0923,C09-darpa-optc-sysclient0201-0923|stage|m060|41,stage,0.6,41,C09-darpa-optc-sysclient0201-0923|stage|m060|41|d2|C09-AA-001>C09-AA-004,2,C09-AA-001>C09-AA-004,8.0,4,1,1.0,C09-AA-003,1.0,C09-AA-003,C09-AA-003,target_reached,0,zero,1,1,0,0,0.0,0.0,1,1
C09-darpa-optc-sysclient0201-0923,C09-darpa-optc-sysclient0201-0923|stage|m060|41,stage,0.6,41,C09-darpa-optc-sysclient0201-0923|stage|m060|41|d2|C09-AA-001>C09-AA-005,2,C09-AA-001>C09-AA-005,8.0,3,2,3.0,C09-AA-003>C09-AA-004,3.0,C09-AA-003>C09-AA-004,C09-AA-003>C09-AA-004,target_reached,0,zero,1,1,0,0,0.0,0.0,1,1
C09-darpa-optc-sysclient0201-0923,C09-darpa-optc-sysclient0201-0923|stage|m060|41,stage,0.6,41,C09-darpa-optc-sysclient0201-0923|stage|m060|41|d2|C09-AA-002>C09-AA-001,2,C09-AA-002>C09-AA-001,8.0,3,2,3.0,C09-AA-003>C09-AA-004,3.0,C09-AA-003>C09-AA-004,C09-AA-003>C09-AA-004,target_reached,0,zero,1,1,0,0,0.0,0.0,1,1
C09-darpa-optc-sysclient0201-0923,C09-darpa-optc-sysclient0201-0923|stage|m060|41,stage,0.6,41,C09-darpa-optc-sysclient0201-0923|stage|m060|41|d2|C09-AA-002>C09-AA-003,2,C09-AA-002>C09-AA-003,8.0,4,1,2.0,C09-AA-004,2.0,C09-AA-004,C09-AA-004,target_reached,0,zero,1,1,0,0,0.0,0.0,1,1
C09-darpa-optc-sysclient0201-0923,C09-darpa-optc-sysclient0201-0923|stage|m060|41,stage,0.6,41,C09-darpa-optc-sysclient0201-0923|stage|m060|41|d2|C09-AA-002>C09-AA-004,2,C09-AA-002>C09-AA-004,7.0,4,1,1.0,C09-AA-003,1.0,C09-AA-003,C09-AA-003,target_reached,0,zero,1,1,0,0,0.0,0.0,1,1
C09-darpa-optc-sysclient0201-0923,C09-darpa-optc-sysclient0201-0923|stage|m060|41,stage,0.6,41,C09-darpa-optc-sysclient0201-0923|stage|m060|41|d2|C09-AA-002>C09-AA-005,2,C09-AA-002>C09-AA-005,7.0,3,2,3.0,C09-AA-003>C09-AA-004,3.0,C09-AA-003>C09-AA-004,C09-AA-003>C09-AA-004,target_reached,0,zero,1,1,0,0,0.0,0.0,1,1
C09-darpa-optc-sysclient0201-0923,C09-darpa-optc-sysclient0201-0923|stage|m060|41,stage,0.6,41,C09-darpa-optc-sysclient0201-0923|stage|m060|41|d2|C09-AA-003>C09-AA-004,2,C09-AA-003>C09-AA-004,8.0,4,1,1.0,C09-AA-001,1.0,C09-AA-001,C09-AA-001,target_reached,0,zero,1,1,0,0,0.0,0.0,1,1
C09-darpa-optc-sysclient0201-0923,C09-darpa-optc-sysclient0201-0923|stage|m060|41,stage,0.6,41,C09-darpa-optc-sysclient0201-0923|stage|m060|41|d2|C09-AA-003>C09-AA-005,2,C09-AA-003>C09-AA-005,8.0,3,2,3.0,C09-AA-001>C09-AA-004,3.0,C09-AA-004>C09-AA-001,C09-AA-004>C09-AA-001,target_reached,0,zero,1,1,0,0,0.0,0.0,1,0
C09-darpa-optc-sysclient0201-0923,C09-darpa-optc-sysclient0201-0923|stage|m060|41,stage,0.6,41,C09-darpa-optc-sysclient0201-0923|stage|m060|41|d2|C09-AA-004>C09-AA-005,2,C09-AA-004>C09-AA-005,7.0,3,2,2.0,C09-AA-001>C09-AA-003,2.0,C09-AA-001>C09-AA-003,C09-AA-002>C09-AA-003,target_reached,1,zero,1,1,0,0,0.0,0.0,1,1
C09-darpa-optc-sysclient0201-0923,C09-darpa-optc-sysclient0201-0923|stage|m060|53,stage,0.6,53,C09-darpa-optc-sysclient0201-0923|stage|m060|53|d0|root,0,,11.0,2,3,4.0,C09-AA-001>C09-AA-003>C09-AA-004,4.0,C09-AA-004>C09-AA-001>C09-AA-003,C09-AA-004>C09-AA-001>C09-AA-003,target_reached,0,zero,1,1,0,0,0.0,0.0,1,0
C09-darpa-optc-sysclient0201-0923,C09-darpa-optc-sysclient0201-0923|stage|m060|53,stage,0.6,53,C09-darpa-optc-sysclient0201-0923|stage|m060|53|d1|C09-AA-001,1,C09-AA-001,10.0,3,2,3.0,C09-AA-003>C09-AA-004,3.0,C09-AA-003>C09-AA-004,C09-AA-003>C09-AA-004,target_reached,0,zero,1,1,0,0,0.0,0.0,1,1
C09-darpa-optc-sysclient0201-0923,C09-darpa-optc-sysclient0201-0923|stage|m060|53,stage,0.6,53,C09-darpa-optc-sysclient0201-0923|stage|m060|53|d1|C09-AA-002,1,C09-AA-002,9.0,3,2,3.0,C09-AA-003>C09-AA-004,3.0,C09-AA-003>C09-AA-004,C09-AA-003>C09-AA-004,target_reached,0,zero,1,1,0,0,0.0,0.0,1,1
C09-darpa-optc-sysclient0201-0923,C09-darpa-optc-sysclient0201-0923|stage|m060|53,stage,0.6,53,C09-darpa-optc-sysclient0201-0923|stage|m060|53|d1|C09-AA-003,1,C09-AA-003,10.0,3,2,3.0,C09-AA-001>C09-AA-004,3.0,C09-AA-004>C09-AA-001,C09-AA-004>C09-AA-001,target_reached,0,zero,1,1,0,0,0.0,0.0,1,0
C09-darpa-optc-sysclient0201-0923,C09-darpa-optc-sysclient0201-0923|stage|m060|53,stage,0.6,53,C09-darpa-optc-sysclient0201-0923|stage|m060|53|d1|C09-AA-004,1,C09-AA-004,9.0,3,2,2.0,C09-AA-001>C09-AA-003,2.0,C09-AA-001>C09-AA-003,C09-AA-001>C09-AA-003,target_reached,0,zero,1,1,0,0,0.0,0.0,1,1
C09-darpa-optc-sysclient0201-0923,C09-darpa-optc-sysclient0201-0923|stage|m060|53,stage,0.6,53,C09-darpa-optc-sysclient0201-0923|stage|m060|53|d1|C09-AA-005,1,C09-AA-005,9.0,2,3,4.0,C09-AA-001>C09-AA-003>C09-AA-004,4.0,C09-AA-003>C09-AA-004>C09-AA-001,C09-AA-003>C09-AA-004>C09-AA-001,target_reached,0,zero,1,1,0,0,0.0,0.0,1,0
C09-darpa-optc-sysclient0201-0923,C09-darpa-optc-sysclient0201-0923|stage|m060|53,stage,0.6,53,C09-darpa-optc-sysclient0201-0923|stage|m060|53|d2|C09-AA-001>C09-AA-002,2,C09-AA-001>C09-AA-002,8.0,3,2,3.0,C09-AA-003>C09-AA-004,3.0,C09-AA-003>C09-AA-004,C09-AA-003>C09-AA-004,target_reached,0,zero,1,1,0,0,0.0,0.0,1,1
C09-darpa-optc-sysclient0201-0923,C09-darpa-optc-sysclient0201-0923|stage|m060|53,stage,0.6,53,C09-darpa-optc-sysclient0201-0923|stage|m060|53|d2|C09-AA-001>C09-AA-003,2,C09-AA-001>C09-AA-003,9.0,4,1,2.0,C09-AA-004,2.0,C09-AA-004,C09-AA-004,target_reached,0,zero,1,1,0,0,0.0,0.0,1,1
C09-darpa-optc-sysclient0201-0923,C09-darpa-optc-sysclient0201-0923|stage|m060|53,stage,0.6,53,C09-darpa-optc-sysclient0201-0923|stage|m060|53|d2|C09-AA-001>C09-AA-004,2,C09-AA-001>C09-AA-004,8.0,4,1,1.0,C09-AA-003,1.0,C09-AA-003,C09-AA-003,target_reached,0,zero,1,1,0,0,0.0,0.0,1,1
C09-darpa-optc-sysclient0201-0923,C09-darpa-optc-sysclient0201-0923|stage|m060|53,stage,0.6,53,C09-darpa-optc-sysclient0201-0923|stage|m060|53|d2|C09-AA-001>C09-AA-005,2,C09-AA-001>C09-AA-005,8.0,3,2,3.0,C09-AA-003>C09-AA-004,3.0,C09-AA-003>C09-AA-004,C09-AA-003>C09-AA-004,target_reached,0,zero,1,1,0,0,0.0,0.0,1,1
C09-darpa-optc-sysclient0201-0923,C09-darpa-optc-sysclient0201-0923|stage|m060|53,stage,0.6,53,C09-darpa-optc-sysclient0201-0923|stage|m060|53|d2|C09-AA-002>C09-AA-001,2,C09-AA-002>C09-AA-001,8.0,3,2,3.0,C09-AA-003>C09-AA-004,3.0,C09-AA-003>C09-AA-004,C09-AA-003>C09-AA-004,target_reached,0,zero,1,1,0,0,0.0,0.0,1,1
C09-darpa-optc-sysclient0201-0923,C09-darpa-optc-sysclient0201-0923|stage|m060|53,stage,0.6,53,C09-darpa-optc-sysclient0201-0923|stage|m060|53|d2|C09-AA-002>C09-AA-003,2,C09-AA-002>C09-AA-003,8.0,4,1,2.0,C09-AA-004,2.0,C09-AA-004,C09-AA-004,target_reached,0,zero,1,1,0,0,0.0,0.0,1,1
C09-darpa-optc-sysclient0201-0923,C09-darpa-optc-sysclient0201-0923|stage|m060|53,stage,0.6,53,C09-darpa-optc-sysclient0201-0923|stage|m060|53|d2|C09-AA-002>C09-AA-004,2,C09-AA-002>C09-AA-004,7.0,4,1,1.0,C09-AA-003,1.0,C09-AA-003,C09-AA-003,target_reached,0,zero,1,1,0,0,0.0,0.0,1,1
C09-darpa-optc-sysclient0201-0923,C09-darpa-optc-sysclient0201-0923|stage|m060|53,stage,0.6,53,C09-darpa-optc-sysclient0201-0923|stage|m060|53|d2|C09-AA-002>C09-AA-005,2,C09-AA-002>C09-AA-005,7.0,3,2,3.0,C09-AA-003>C09-AA-004,3.0,C09-AA-003>C09-AA-004,C09-AA-003>C09-AA-004,target_reached,0,zero,1,1,0,0,0.0,0.0,1,1
C09-darpa-optc-sysclient0201-0923,C09-darpa-optc-sysclient0201-0923|stage|m060|53,stage,0.6,53,C09-darpa-optc-sysclient0201-0923|stage|m060|53|d2|C09-AA-003>C09-AA-004,2,C09-AA-003>C09-AA-004,8.0,4,1,1.0,C09-AA-001,1.0,C09-AA-001,C09-AA-001,target_reached,0,zero,1,1,0,0,0.0,0.0,1,1
C09-darpa-optc-sysclient0201-0923,C09-darpa-optc-sysclient0201-0923|stage|m060|53,stage,0.6,53,C09-darpa-optc-sysclient0201-0923|stage|m060|53|d2|C09-AA-003>C09-AA-005,2,C09-AA-003>C09-AA-005,8.0,3,2,3.0,C09-AA-001>C09-AA-004,3.0,C09-AA-004>C09-AA-001,C09-AA-004>C09-AA-001,target_reached,0,zero,1,1,0,0,0.0,0.0,1,0
C09-darpa-optc-sysclient0201-0923,C09-darpa-optc-sysclient0201-0923|stage|m060|53,stage,0.6,53,C09-darpa-optc-sysclient0201-0923|stage|m060|53|d2|C09-AA-004>C09-AA-005,2,C09-AA-004>C09-AA-005,7.0,3,2,2.0,C09-AA-001>C09-AA-003,2.0,C09-AA-001>C09-AA-003,C09-AA-002>C09-AA-003,target_reached,1,zero,1,1,0,0,0.0,0.0,1,1
C09-darpa-optc-sysclient0201-0923,C09-darpa-optc-sysclient0201-0923|discriminative|m020|11,discriminative,0.2,11,C09-darpa-optc-sysclient0201-0923|discriminative|m020|11|d0|root,0,,11.0,4,1,2.0,C09-AA-002,3.0,C09-AA-001>C09-AA-002,C09-AA-001>C09-AA-002,target_reached,0,positive,1,1,0,0,1.0,0.5,0,0
C09-darpa-optc-sysclient0201-0923,C09-darpa-optc-sysclient0201-0923|discriminative|m020|11,discriminative,0.2,11,C09-darpa-optc-sysclient0201-0923|discriminative|m020|11|d1|C09-AA-001,1,C09-AA-001,10.0,4,1,2.0,C09-AA-002,2.0,C09-AA-002,C09-AA-002,target_reached,0,zero,1,1,0,0,0.0,0.0,1,1
C09-darpa-optc-sysclient0201-0923,C09-darpa-optc-sysclient0201-0923|discriminative|m020|11,discriminative,0.2,11,C09-darpa-optc-sysclient0201-0923|discriminative|m020|11|d1|C09-AA-003,1,C09-AA-003,10.0,4,1,2.0,C09-AA-002,3.0,C09-AA-001>C09-AA-002,C09-AA-001>C09-AA-002,target_reached,0,positive,1,1,0,0,1.0,0.5,0,0
C09-darpa-optc-sysclient0201-0923,C09-darpa-optc-sysclient0201-0923|discriminative|m020|11,discriminative,0.2,11,C09-darpa-optc-sysclient0201-0923|discriminative|m020|11|d1|C09-AA-004,1,C09-AA-004,9.0,4,1,2.0,C09-AA-002,3.0,C09-AA-001>C09-AA-002,C09-AA-001>C09-AA-002,target_reached,0,positive,1,1,0,0,1.0,0.5,0,0
C09-darpa-optc-sysclient0201-0923,C09-darpa-optc-sysclient0201-0923|discriminative|m020|11,discriminative,0.2,11,C09-darpa-optc-sysclient0201-0923|discriminative|m020|11|d1|C09-AA-005,1,C09-AA-005,9.0,4,1,2.0,C09-AA-002,3.0,C09-AA-001>C09-AA-002,C09-AA-001>C09-AA-002,target_reached,0,positive,1,1,0,0,1.0,0.5,0,0
C09-darpa-optc-sysclient0201-0923,C09-darpa-optc-sysclient0201-0923|discriminative|m020|11,discriminative,0.2,11,C09-darpa-optc-sysclient0201-0923|discriminative|m020|11|d2|C09-AA-001>C09-AA-003,2,C09-AA-001>C09-AA-003,9.0,4,1,2.0,C09-AA-002,2.0,C09-AA-002,C09-AA-002,target_reached,0,zero,1,1,0,0,0.0,0.0,1,1
C09-darpa-optc-sysclient0201-0923,C09-darpa-optc-sysclient0201-0923|discriminative|m020|11,discriminative,0.2,11,C09-darpa-optc-sysclient0201-0923|discriminative|m020|11|d2|C09-AA-001>C09-AA-004,2,C09-AA-001>C09-AA-004,8.0,4,1,2.0,C09-AA-002,2.0,C09-AA-002,C09-AA-002,target_reached,0,zero,1,1,0,0,0.0,0.0,1,1
C09-darpa-optc-sysclient0201-0923,C09-darpa-optc-sysclient0201-0923|discriminative|m020|11,discriminative,0.2,11,C09-darpa-optc-sysclient0201-0923|discriminative|m020|11|d2|C09-AA-001>C09-AA-005,2,C09-AA-001>C09-AA-005,8.0,4,1,2.0,C09-AA-002,2.0,C09-AA-002,C09-AA-002,target_reached,0,zero,1,1,0,0,0.0,0.0,1,1
C09-darpa-optc-sysclient0201-0923,C09-darpa-optc-sysclient0201-0923|discriminative|m020|11,discriminative,0.2,11,C09-darpa-optc-sysclient0201-0923|discriminative|m020|11|d2|C09-AA-003>C09-AA-004,2,C09-AA-003>C09-AA-004,8.0,4,1,2.0,C09-AA-002,3.0,C09-AA-001>C09-AA-002,C09-AA-001>C09-AA-002,target_reached,0,positive,1,1,0,0,1.0,0.5,0,0
C09-darpa-optc-sysclient0201-0923,C09-darpa-optc-sysclient0201-0923|discriminative|m020|11,discriminative,0.2,11,C09-darpa-optc-sysclient0201-0923|discriminative|m020|11|d2|C09-AA-003>C09-AA-005,2,C09-AA-003>C09-AA-005,8.0,4,1,2.0,C09-AA-002,3.0,C09-AA-001>C09-AA-002,C09-AA-001>C09-AA-002,target_reached,0,positive,1,1,0,0,1.0,0.5,0,0
C09-darpa-optc-sysclient0201-0923,C09-darpa-optc-sysclient0201-0923|discriminative|m020|11,discriminative,0.2,11,C09-darpa-optc-sysclient0201-0923|discriminative|m020|11|d2|C09-AA-004>C09-AA-005,2,C09-AA-004>C09-AA-005,7.0,4,1,2.0,C09-AA-002,3.0,C09-AA-001>C09-AA-002,C09-AA-001>C09-AA-002,target_reached,0,positive,1,1,0,0,1.0,0.5,0,0
C09-darpa-optc-sysclient0201-0923,C09-darpa-optc-sysclient0201-0923|discriminative|m020|23,discriminative,0.2,23,C09-darpa-optc-sysclient0201-0923|discriminative|m020|23|d0|root,0,,11.0,4,1,2.0,C09-AA-002,3.0,C09-AA-001>C09-AA-002,C09-AA-001>C09-AA-002,target_reached,0,positive,1,1,0,0,1.0,0.5,0,0
C09-darpa-optc-sysclient0201-0923,C09-darpa-optc-sysclient0201-0923|discriminative|m020|23,discriminative,0.2,23,C09-darpa-optc-sysclient0201-0923|discriminative|m020|23|d1|C09-AA-001,1,C09-AA-001,10.0,4,1,2.0,C09-AA-002,2.0,C09-AA-002,C09-AA-002,target_reached,0,zero,1,1,0,0,0.0,0.0,1,1
C09-darpa-optc-sysclient0201-0923,C09-darpa-optc-sysclient0201-0923|discriminative|m020|23,discriminative,0.2,23,C09-darpa-optc-sysclient0201-0923|discriminative|m020|23|d1|C09-AA-003,1,C09-AA-003,10.0,4,1,2.0,C09-AA-002,3.0,C09-AA-001>C09-AA-002,C09-AA-001>C09-AA-002,target_reached,0,positive,1,1,0,0,1.0,0.5,0,0
C09-darpa-optc-sysclient0201-0923,C09-darpa-optc-sysclient0201-0923|discriminative|m020|23,discriminative,0.2,23,C09-darpa-optc-sysclient0201-0923|discriminative|m020|23|d1|C09-AA-004,1,C09-AA-004,9.0,4,1,2.0,C09-AA-002,3.0,C09-AA-001>C09-AA-002,C09-AA-001>C09-AA-002,target_reached,0,positive,1,1,0,0,1.0,0.5,0,0
C09-darpa-optc-sysclient0201-0923,C09-darpa-optc-sysclient0201-0923|discriminative|m020|23,discriminative,0.2,23,C09-darpa-optc-sysclient0201-0923|discriminative|m020|23|d1|C09-AA-005,1,C09-AA-005,9.0,4,1,2.0,C09-AA-002,3.0,C09-AA-001>C09-AA-002,C09-AA-001>C09-AA-002,target_reached,0,positive,1,1,0,0,1.0,0.5,0,0
C09-darpa-optc-sysclient0201-0923,C09-darpa-optc-sysclient0201-0923|discriminative|m020|23,discriminative,0.2,23,C09-darpa-optc-sysclient0201-0923|discriminative|m020|23|d2|C09-AA-001>C09-AA-003,2,C09-AA-001>C09-AA-003,9.0,4,1,2.0,C09-AA-002,2.0,C09-AA-002,C09-AA-002,target_reached,0,zero,1,1,0,0,0.0,0.0,1,1
C09-darpa-optc-sysclient0201-0923,C09-darpa-optc-sysclient0201-0923|discriminative|m020|23,discriminative,0.2,23,C09-darpa-optc-sysclient0201-0923|discriminative|m020|23|d2|C09-AA-001>C09-AA-004,2,C09-AA-001>C09-AA-004,8.0,4,1,2.0,C09-AA-002,2.0,C09-AA-002,C09-AA-002,target_reached,0,zero,1,1,0,0,0.0,0.0,1,1
C09-darpa-optc-sysclient0201-0923,C09-darpa-optc-sysclient0201-0923|discriminative|m020|23,discriminative,0.2,23,C09-darpa-optc-sysclient0201-0923|discriminative|m020|23|d2|C09-AA-001>C09-AA-005,2,C09-AA-001>C09-AA-005,8.0,4,1,2.0,C09-AA-002,2.0,C09-AA-002,C09-AA-002,target_reached,0,zero,1,1,0,0,0.0,0.0,1,1
C09-darpa-optc-sysclient0201-0923,C09-darpa-optc-sysclient0201-0923|discriminative|m020|23,discriminative,0.2,23,C09-darpa-optc-sysclient0201-0923|discriminative|m020|23|d2|C09-AA-003>C09-AA-004,2,C09-AA-003>C09-AA-004,8.0,4,1,2.0,C09-AA-002,3.0,C09-AA-001>C09-AA-002,C09-AA-001>C09-AA-002,target_reached,0,positive,1,1,0,0,1.0,0.5,0,0
C09-darpa-optc-sysclient0201-0923,C09-darpa-optc-sysclient0201-0923|discriminative|m020|23,discriminative,0.2,23,C09-darpa-optc-sysclient0201-0923|discriminative|m020|23|d2|C09-AA-003>C09-AA-005,2,C09-AA-003>C09-AA-005,8.0,4,1,2.0,C09-AA-002,3.0,C09-AA-001>C09-AA-002,C09-AA-001>C09-AA-002,target_reached,0,positive,1,1,0,0,1.0,0.5,0,0
C09-darpa-optc-sysclient0201-0923,C09-darpa-optc-sysclient0201-0923|discriminative|m020|23,discriminative,0.2,23,C09-darpa-optc-sysclient0201-0923|discriminative|m020|23|d2|C09-AA-004>C09-AA-005,2,C09-AA-004>C09-AA-005,7.0,4,1,2.0,C09-AA-002,3.0,C09-AA-001>C09-AA-002,C09-AA-001>C09-AA-002,target_reached,0,positive,1,1,0,0,1.0,0.5,0,0
C09-darpa-optc-sysclient0201-0923,C09-darpa-optc-sysclient0201-0923|discriminative|m020|37,discriminative,0.2,37,C09-darpa-optc-sysclient0201-0923|discriminative|m020|37|d0|root,0,,11.0,4,1,1.0,C09-AA-001,1.0,C09-AA-001,C09-AA-001,target_reached,0,zero,1,1,0,0,0.0,0.0,1,1
C09-darpa-optc-sysclient0201-0923,C09-darpa-optc-sysclient0201-0923|discriminative|m020|37,discriminative,0.2,37,C09-darpa-optc-sysclient0201-0923|discriminative|m020|37|d1|C09-AA-003,1,C09-AA-003,10.0,4,1,1.0,C09-AA-001,1.0,C09-AA-001,C09-AA-001,target_reached,0,zero,1,1,0,0,0.0,0.0,1,1
C09-darpa-optc-sysclient0201-0923,C09-darpa-optc-sysclient0201-0923|discriminative|m020|37,discriminative,0.2,37,C09-darpa-optc-sysclient0201-0923|discriminative|m020|37|d1|C09-AA-004,1,C09-AA-004,9.0,4,1,1.0,C09-AA-001,1.0,C09-AA-001,C09-AA-001,target_reached,0,zero,1,1,0,0,0.0,0.0,1,1
C09-darpa-optc-sysclient0201-0923,C09-darpa-optc-sysclient0201-0923|discriminative|m020|37,discriminative,0.2,37,C09-darpa-optc-sysclient0201-0923|discriminative|m020|37|d1|C09-AA-005,1,C09-AA-005,9.0,4,1,1.0,C09-AA-001,1.0,C09-AA-001,C09-AA-001,target_reached,0,zero,1,1,0,0,0.0,0.0,1,1
C09-darpa-optc-sysclient0201-0923,C09-darpa-optc-sysclient0201-0923|discriminative|m020|37,discriminative,0.2,37,C09-darpa-optc-sysclient0201-0923|discriminative|m020|37|d2|C09-AA-003>C09-AA-004,2,C09-AA-003>C09-AA-004,8.0,4,1,1.0,C09-AA-001,1.0,C09-AA-001,C09-AA-001,target_reached,0,zero,1,1,0,0,0.0,0.0,1,1
C09-darpa-optc-sysclient0201-0923,C09-darpa-optc-sysclient0201-0923|discriminative|m020|37,discriminative,0.2,37,C09-darpa-optc-sysclient0201-0923|discriminative|m020|37|d2|C09-AA-003>C09-AA-005,2,C09-AA-003>C09-AA-005,8.0,4,1,1.0,C09-AA-001,1.0,C09-AA-001,C09-AA-001,target_reached,0,zero,1,1,0,0,0.0,0.0,1,1
C09-darpa-optc-sysclient0201-0923,C09-darpa-optc-sysclient0201-0923|discriminative|m020|37,discriminative,0.2,37,C09-darpa-optc-sysclient0201-0923|discriminative|m020|37|d2|C09-AA-004>C09-AA-005,2,C09-AA-004>C09-AA-005,7.0,4,1,1.0,C09-AA-001,1.0,C09-AA-001,C09-AA-001,target_reached,0,zero,1,1,0,0,0.0,0.0,1,1
C09-darpa-optc-sysclient0201-0923,C09-darpa-optc-sysclient0201-0923|discriminative|m020|41,discriminative,0.2,41,C09-darpa-optc-sysclient0201-0923|discriminative|m020|41|d0|root,0,,11.0,4,1,1.0,C09-AA-001,1.0,C09-AA-001,C09-AA-001,target_reached,0,zero,1,1,0,0,0.0,0.0,1,1
C09-darpa-optc-sysclient0201-0923,C09-darpa-optc-sysclient0201-0923|discriminative|m020|41,discriminative,0.2,41,C09-darpa-optc-sysclient0201-0923|discriminative|m020|41|d1|C09-AA-003,1,C09-AA-003,10.0,4,1,1.0,C09-AA-001,1.0,C09-AA-001,C09-AA-001,target_reached,0,zero,1,1,0,0,0.0,0.0,1,1
C09-darpa-optc-sysclient0201-0923,C09-darpa-optc-sysclient0201-0923|discriminative|m020|41,discriminative,0.2,41,C09-darpa-optc-sysclient0201-0923|discriminative|m020|41|d1|C09-AA-004,1,C09-AA-004,9.0,4,1,1.0,C09-AA-001,1.0,C09-AA-001,C09-AA-001,target_reached,0,zero,1,1,0,0,0.0,0.0,1,1
C09-darpa-optc-sysclient0201-0923,C09-darpa-optc-sysclient0201-0923|discriminative|m020|41,discriminative,0.2,41,C09-darpa-optc-sysclient0201-0923|discriminative|m020|41|d1|C09-AA-005,1,C09-AA-005,9.0,4,1,1.0,C09-AA-001,1.0,C09-AA-001,C09-AA-001,target_reached,0,zero,1,1,0,0,0.0,0.0,1,1
C09-darpa-optc-sysclient0201-0923,C09-darpa-optc-sysclient0201-0923|discriminative|m020|41,discriminative,0.2,41,C09-darpa-optc-sysclient0201-0923|discriminative|m020|41|d2|C09-AA-003>C09-AA-004,2,C09-AA-003>C09-AA-004,8.0,4,1,1.0,C09-AA-001,1.0,C09-AA-001,C09-AA-001,target_reached,0,zero,1,1,0,0,0.0,0.0,1,1
C09-darpa-optc-sysclient0201-0923,C09-darpa-optc-sysclient0201-0923|discriminative|m020|41,discriminative,0.2,41,C09-darpa-optc-sysclient0201-0923|discriminative|m020|41|d2|C09-AA-003>C09-AA-005,2,C09-AA-003>C09-AA-005,8.0,4,1,1.0,C09-AA-001,1.0,C09-AA-001,C09-AA-001,target_reached,0,zero,1,1,0,0,0.0,0.0,1,1
C09-darpa-optc-sysclient0201-0923,C09-darpa-optc-sysclient0201-0923|discriminative|m020|41,discriminative,0.2,41,C09-darpa-optc-sysclient0201-0923|discriminative|m020|41|d2|C09-AA-004>C09-AA-005,2,C09-AA-004>C09-AA-005,7.0,4,1,1.0,C09-AA-001,1.0,C09-AA-001,C09-AA-001,target_reached,0,zero,1,1,0,0,0.0,0.0,1,1
C09-darpa-optc-sysclient0201-0923,C09-darpa-optc-sysclient0201-0923|discriminative|m020|53,discriminative,0.2,53,C09-darpa-optc-sysclient0201-0923|discriminative|m020|53|d0|root,0,,11.0,4,1,1.0,C09-AA-001,1.0,C09-AA-001,C09-AA-001,target_reached,0,zero,1,1,0,0,0.0,0.0,1,1
C09-darpa-optc-sysclient0201-0923,C09-darpa-optc-sysclient0201-0923|discriminative|m020|53,discriminative,0.2,53,C09-darpa-optc-sysclient0201-0923|discriminative|m020|53|d1|C09-AA-003,1,C09-AA-003,10.0,4,1,1.0,C09-AA-001,1.0,C09-AA-001,C09-AA-001,target_reached,0,zero,1,1,0,0,0.0,0.0,1,1
C09-darpa-optc-sysclient0201-0923,C09-darpa-optc-sysclient0201-0923|discriminative|m020|53,discriminative,0.2,53,C09-darpa-optc-sysclient0201-0923|discriminative|m020|53|d1|C09-AA-004,1,C09-AA-004,9.0,4,1,1.0,C09-AA-001,1.0,C09-AA-001,C09-AA-001,target_reached,0,zero,1,1,0,0,0.0,0.0,1,1
C09-darpa-optc-sysclient0201-0923,C09-darpa-optc-sysclient0201-0923|discriminative|m020|53,discriminative,0.2,53,C09-darpa-optc-sysclient0201-0923|discriminative|m020|53|d1|C09-AA-005,1,C09-AA-005,9.0,4,1,1.0,C09-AA-001,1.0,C09-AA-001,C09-AA-001,target_reached,0,zero,1,1,0,0,0.0,0.0,1,1
C09-darpa-optc-sysclient0201-0923,C09-darpa-optc-sysclient0201-0923|discriminative|m020|53,discriminative,0.2,53,C09-darpa-optc-sysclient0201-0923|discriminative|m020|53|d2|C09-AA-003>C09-AA-004,2,C09-AA-003>C09-AA-004,8.0,4,1,1.0,C09-AA-001,1.0,C09-AA-001,C09-AA-001,target_reached,0,zero,1,1,0,0,0.0,0.0,1,1
C09-darpa-optc-sysclient0201-0923,C09-darpa-optc-sysclient0201-0923|discriminative|m020|53,discriminative,0.2,53,C09-darpa-optc-sysclient0201-0923|discriminative|m020|53|d2|C09-AA-003>C09-AA-005,2,C09-AA-003>C09-AA-005,8.0,4,1,1.0,C09-AA-001,1.0,C09-AA-001,C09-AA-001,target_reached,0,zero,1,1,0,0,0.0,0.0,1,1
C09-darpa-optc-sysclient0201-0923,C09-darpa-optc-sysclient0201-0923|discriminative|m020|53,discriminative,0.2,53,C09-darpa-optc-sysclient0201-0923|discriminative|m020|53|d2|C09-AA-004>C09-AA-005,2,C09-AA-004>C09-AA-005,7.0,4,1,1.0,C09-AA-001,1.0,C09-AA-001,C09-AA-001,target_reached,0,zero,1,1,0,0,0.0,0.0,1,1
C09-darpa-optc-sysclient0201-0923,C09-darpa-optc-sysclient0201-0923|discriminative|m040|11,discriminative,0.4,11,C09-darpa-optc-sysclient0201-0923|discriminative|m040|11|d0|root,0,,11.0,3,2,3.0,C09-AA-002>C09-AA-003,4.0,C09-AA-001>C09-AA-002>C09-AA-003,C09-AA-001>C09-AA-002>C09-AA-003,target_reached,0,positive,1,1,0,0,1.0,0.3333333333333333,0,0
C09-darpa-optc-sysclient0201-0923,C09-darpa-optc-sysclient0201-0923|discriminative|m040|11,discriminative,0.4,11,C09-darpa-optc-sysclient0201-0923|discriminative|m040|11|d1|C09-AA-001,1,C09-AA-001,10.0,3,2,3.0,C09-AA-002>C09-AA-003,3.0,C09-AA-002>C09-AA-003,C09-AA-002>C09-AA-003,target_reached,0,zero,1,1,0,0,0.0,0.0,1,1
C09-darpa-optc-sysclient0201-0923,C09-darpa-optc-sysclient0201-0923|discriminative|m040|11,discriminative,0.4,11,C09-darpa-optc-sysclient0201-0923|discriminative|m040|11|d1|C09-AA-002,1,C09-AA-002,9.0,4,1,1.0,C09-AA-003,1.0,C09-AA-003,C09-AA-003,target_reached,0,zero,1,1,0,0,0.0,0.0,1,1
C09-darpa-optc-sysclient0201-0923,C09-darpa-optc-sysclient0201-0923|discriminative|m040|11,discriminative,0.4,11,C09-darpa-optc-sysclient0201-0923|discriminative|m040|11|d1|C09-AA-003,1,C09-AA-003,10.0,4,1,2.0,C09-AA-002,3.0,C09-AA-001>C09-AA-002,C09-AA-001>C09-AA-002,target_reached,0,positive,1,1,0,0,1.0,0.5,0,0
C09-darpa-optc-sysclient0201-0923,C09-darpa-optc-sysclient0201-0923|discriminative|m040|11,discriminative,0.4,11,C09-darpa-optc-sysclient0201-0923|discriminative|m040|11|d1|C09-AA-004,1,C09-AA-004,9.0,3,2,3.0,C09-AA-002>C09-AA-003,4.0,C09-AA-001>C09-AA-002>C09-AA-003,C09-AA-001>C09-AA-002>C09-AA-003,target_reached,0,positive,1,1,0,0,1.0,0.3333333333333333,0,0
C09-darpa-optc-sysclient0201-0923,C09-darpa-optc-sysclient0201-0923|discriminative|m040|11,discriminative,0.4,11,C09-darpa-optc-sysclient0201-0923|discriminative|m040|11|d1|C09-AA-005,1,C09-AA-005,9.0,3,2,3.0,C09-AA-002>C09-AA-003,4.0,C09-AA-001>C09-AA-002>C09-AA-003,C09-AA-001>C09-AA-002>C09-AA-003,target_reached,0,positive,1,1,0,0,1.0,0.3333333333333333,0,0
C09-darpa-optc-sysclient0201-0923,C09-darpa-optc-sysclient0201-0923|discriminative|m040|11,discriminative,0.4,11,C09-darpa-optc-sysclient0201-0923|discriminative|m040|11|d2|C09-AA-001>C09-AA-002,2,C09-AA-001>C09-AA-002,8.0,4,1,1.0,C09-AA-003,1.0,C09-AA-003,C09-AA-003,target_reached,0,zero,1,1,0,0,0.0,0.0,1,1
C09-darpa-optc-sysclient0201-0923,C09-darpa-optc-sysclient0201-0923|discriminative|m040|11,discriminative,0.4,11,C09-darpa-optc-sysclient0201-0923|discriminative|m040|11|d2|C09-AA-001>C09-AA-003,2,C09-AA-001>C09-AA-003,9.0,4,1,2.0,C09-AA-002,2.0,C09-AA-002,C09-AA-002,target_reached,0,zero,1,1,0,0,0.0,0.0,1,1
C09-darpa-optc-sysclient0201-0923,C09-darpa-optc-sysclient0201-0923|discriminative|m040|11,discriminative,0.4,11,C09-darpa-optc-sysclient0201-0923|discriminative|m040|11|d2|C09-AA-001>C09-AA-004,2,C09-AA-001>C09-AA-004,8.0,3,2,3.0,C09-AA-002>C09-AA-003,3.0,C09-AA-002>C09-AA-003,C09-AA-002>C09-AA-003,target_reached,0,zero,1,1,0,0,0.0,0.0,1,1
C09-darpa-optc-sysclient0201-0923,C09-darpa-optc-sysclient0201-0923|discriminative|m040|11,discriminative,0.4,11,C09-darpa-optc-sysclient0201-0923|discriminative|m040|11|d2|C09-AA-001>C09-AA-005,2,C09-AA-001>C09-AA-005,8.0,3,2,3.0,C09-AA-002>C09-AA-003,3.0,C09-AA-002>C09-AA-003,C09-AA-002>C09-AA-003,target_reached,0,zero,1,1,0,0,0.0,0.0,1,1
C09-darpa-optc-sysclient0201-0923,C09-darpa-optc-sysclient0201-0923|discriminative|m040|11,discriminative,0.4,11,C09-darpa-optc-sysclient0201-0923|discriminative|m040|11|d2|C09-AA-002>C09-AA-004,2,C09-AA-002>C09-AA-004,7.0,4,1,1.0,C09-AA-003,1.0,C09-AA-003,C09-AA-003,target_reached,0,zero,1,1,0,0,0.0,0.0,1,1
C09-darpa-optc-sysclient0201-0923,C09-darpa-optc-sysclient0201-0923|discriminative|m040|11,discriminative,0.4,11,C09-darpa-optc-sysclient0201-0923|discriminative|m040|11|d2|C09-AA-002>C09-AA-005,2,C09-AA-002>C09-AA-005,7.0,4,1,1.0,C09-AA-003,1.0,C09-AA-003,C09-AA-003,target_reached,0,zero,1,1,0,0,0.0,0.0,1,1
C09-darpa-optc-sysclient0201-0923,C09-darpa-optc-sysclient0201-0923|discriminative|m040|11,discriminative,0.4,11,C09-darpa-optc-sysclient0201-0923|discriminative|m040|11|d2|C09-AA-003>C09-AA-004,2,C09-AA-003>C09-AA-004,8.0,4,1,2.0,C09-AA-002,3.0,C09-AA-001>C09-AA-002,C09-AA-001>C09-AA-002,target_reached,0,positive,1,1,0,0,1.0,0.5,0,0
C09-darpa-optc-sysclient0201-0923,C09-darpa-optc-sysclient0201-0923|discriminative|m040|11,discriminative,0.4,11,C09-darpa-optc-sysclient0201-0923|discriminative|m040|11|d2|C09-AA-003>C09-AA-005,2,C09-AA-003>C09-AA-005,8.0,4,1,2.0,C09-AA-002,3.0,C09-AA-001>C09-AA-002,C09-AA-001>C09-AA-002,target_reached,0,positive,1,1,0,0,1.0,0.5,0,0
C09-darpa-optc-sysclient0201-0923,C09-darpa-optc-sysclient0201-0923|discriminative|m040|11,discriminative,0.4,11,C09-darpa-optc-sysclient0201-0923|discriminative|m040|11|d2|C09-AA-004>C09-AA-005,2,C09-AA-004>C09-AA-005,7.0,3,2,3.0,C09-AA-002>C09-AA-003,4.0,C09-AA-001>C09-AA-002>C09-AA-003,C09-AA-002>C09-AA-002>C09-AA-003,target_reached,1,positive,1,1,0,0,1.0,0.3333333333333333,0,0
C09-darpa-optc-sysclient0201-0923,C09-darpa-optc-sysclient0201-0923|discriminative|m040|23,discriminative,0.4,23,C09-darpa-optc-sysclient0201-0923|discriminative|m040|23|d0|root,0,,11.0,3,2,3.0,C09-AA-002>C09-AA-003,4.0,C09-AA-001>C09-AA-002>C09-AA-003,C09-AA-001>C09-AA-002>C09-AA-003,target_reached,0,positive,1,1,0,0,1.0,0.3333333333333333,0,0
C09-darpa-optc-sysclient0201-0923,C09-darpa-optc-sysclient0201-0923|discriminative|m040|23,discriminative,0.4,23,C09-darpa-optc-sysclient0201-0923|discriminative|m040|23|d1|C09-AA-001,1,C09-AA-001,10.0,3,2,3.0,C09-AA-002>C09-AA-003,3.0,C09-AA-002>C09-AA-003,C09-AA-002>C09-AA-003,target_reached,0,zero,1,1,0,0,0.0,0.0,1,1
C09-darpa-optc-sysclient0201-0923,C09-darpa-optc-sysclient0201-0923|discriminative|m040|23,discriminative,0.4,23,C09-darpa-optc-sysclient0201-0923|discriminative|m040|23|d1|C09-AA-002,1,C09-AA-002,9.0,4,1,1.0,C09-AA-003,1.0,C09-AA-003,C09-AA-003,target_reached,0,zero,1,1,0,0,0.0,0.0,1,1
C09-darpa-optc-sysclient0201-0923,C09-darpa-optc-sysclient0201-0923|discriminative|m040|23,discriminative,0.4,23,C09-darpa-optc-sysclient0201-0923|discriminative|m040|23|d1|C09-AA-003,1,C09-AA-003,10.0,4,1,2.0,C09-AA-002,3.0,C09-AA-001>C09-AA-002,C09-AA-001>C09-AA-002,target_reached,0,positive,1,1,0,0,1.0,0.5,0,0
C09-darpa-optc-sysclient0201-0923,C09-darpa-optc-sysclient0201-0923|discriminative|m040|23,discriminative,0.4,23,C09-darpa-optc-sysclient0201-0923|discriminative|m040|23|d1|C09-AA-004,1,C09-AA-004,9.0,3,2,3.0,C09-AA-002>C09-AA-003,4.0,C09-AA-001>C09-AA-002>C09-AA-003,C09-AA-001>C09-AA-002>C09-AA-003,target_reached,0,positive,1,1,0,0,1.0,0.3333333333333333,0,0
C09-darpa-optc-sysclient0201-0923,C09-darpa-optc-sysclient0201-0923|discriminative|m040|23,discriminative,0.4,23,C09-darpa-optc-sysclient0201-0923|discriminative|m040|23|d1|C09-AA-005,1,C09-AA-005,9.0,3,2,3.0,C09-AA-002>C09-AA-003,4.0,C09-AA-001>C09-AA-002>C09-AA-003,C09-AA-001>C09-AA-002>C09-AA-003,target_reached,0,positive,1,1,0,0,1.0,0.3333333333333333,0,0
C09-darpa-optc-sysclient0201-0923,C09-darpa-optc-sysclient0201-0923|discriminative|m040|23,discriminative,0.4,23,C09-darpa-optc-sysclient0201-0923|discriminative|m040|23|d2|C09-AA-001>C09-AA-002,2,C09-AA-001>C09-AA-002,8.0,4,1,1.0,C09-AA-003,1.0,C09-AA-003,C09-AA-003,target_reached,0,zero,1,1,0,0,0.0,0.0,1,1
C09-darpa-optc-sysclient0201-0923,C09-darpa-optc-sysclient0201-0923|discriminative|m040|23,discriminative,0.4,23,C09-darpa-optc-sysclient0201-0923|discriminative|m040|23|d2|C09-AA-001>C09-AA-003,2,C09-AA-001>C09-AA-003,9.0,4,1,2.0,C09-AA-002,2.0,C09-AA-002,C09-AA-002,target_reached,0,zero,1,1,0,0,0.0,0.0,1,1
C09-darpa-optc-sysclient0201-0923,C09-darpa-optc-sysclient0201-0923|discriminative|m040|23,discriminative,0.4,23,C09-darpa-optc-sysclient0201-0923|discriminative|m040|23|d2|C09-AA-001>C09-AA-004,2,C09-AA-001>C09-AA-004,8.0,3,2,3.0,C09-AA-002>C09-AA-003,3.0,C09-AA-002>C09-AA-003,C09-AA-002>C09-AA-003,target_reached,0,zero,1,1,0,0,0.0,0.0,1,1
C09-darpa-optc-sysclient0201-0923,C09-darpa-optc-sysclient0201-0923|discriminative|m040|23,discriminative,0.4,23,C09-darpa-optc-sysclient0201-0923|discriminative|m040|23|d2|C09-AA-001>C09-AA-005,2,C09-AA-001>C09-AA-005,8.0,3,2,3.0,C09-AA-002>C09-AA-003,3.0,C09-AA-002>C09-AA-003,C09-AA-002>C09-AA-003,target_reached,0,zero,1,1,0,0,0.0,0.0,1,1
C09-darpa-optc-sysclient0201-0923,C09-darpa-optc-sysclient0201-0923|discriminative|m040|23,discriminative,0.4,23,C09-darpa-optc-sysclient0201-0923|discriminative|m040|23|d2|C09-AA-002>C09-AA-004,2,C09-AA-002>C09-AA-004,7.0,4,1,1.0,C09-AA-003,1.0,C09-AA-003,C09-AA-003,target_reached,0,zero,1,1,0,0,0.0,0.0,1,1
C09-darpa-optc-sysclient0201-0923,C09-darpa-optc-sysclient0201-0923|discriminative|m040|23,discriminative,0.4,23,C09-darpa-optc-sysclient0201-0923|discriminative|m040|23|d2|C09-AA-002>C09-AA-005,2,C09-AA-002>C09-AA-005,7.0,4,1,1.0,C09-AA-003,1.0,C09-AA-003,C09-AA-003,target_reached,0,zero,1,1,0,0,0.0,0.0,1,1
C09-darpa-optc-sysclient0201-0923,C09-darpa-optc-sysclient0201-0923|discriminative|m040|23,discriminative,0.4,23,C09-darpa-optc-sysclient0201-0923|discriminative|m040|23|d2|C09-AA-003>C09-AA-004,2,C09-AA-003>C09-AA-004,8.0,4,1,2.0,C09-AA-002,3.0,C09-AA-001>C09-AA-002,C09-AA-001>C09-AA-002,target_reached,0,positive,1,1,0,0,1.0,0.5,0,0
C09-darpa-optc-sysclient0201-0923,C09-darpa-optc-sysclient0201-0923|discriminative|m040|23,discriminative,0.4,23,C09-darpa-optc-sysclient0201-0923|discriminative|m040|23|d2|C09-AA-003>C09-AA-005,2,C09-AA-003>C09-AA-005,8.0,4,1,2.0,C09-AA-002,3.0,C09-AA-001>C09-AA-002,C09-AA-001>C09-AA-002,target_reached,0,positive,1,1,0,0,1.0,0.5,0,0
C09-darpa-optc-sysclient0201-0923,C09-darpa-optc-sysclient0201-0923|discriminative|m040|23,discriminative,0.4,23,C09-darpa-optc-sysclient0201-0923|discriminative|m040|23|d2|C09-AA-004>C09-AA-005,2,C09-AA-004>C09-AA-005,7.0,3,2,3.0,C09-AA-002>C09-AA-003,4.0,C09-AA-001>C09-AA-002>C09-AA-003,C09-AA-002>C09-AA-002>C09-AA-003,target_reached,1,positive,1,1,0,0,1.0,0.3333333333333333,0,0
C09-darpa-optc-sysclient0201-0923,C09-darpa-optc-sysclient0201-0923|discriminative|m040|37,discriminative,0.4,37,C09-darpa-optc-sysclient0201-0923|discriminative|m040|37|d0|root,0,,11.0,3,2,2.0,C09-AA-001>C09-AA-003,2.0,C09-AA-001>C09-AA-003,C09-AA-001>C09-AA-003,target_reached,0,zero,1,1,0,0,0.0,0.0,1,1
C09-darpa-optc-sysclient0201-0923,C09-darpa-optc-sysclient0201-0923|discriminative|m040|37,discriminative,0.4,37,C09-darpa-optc-sysclient0201-0923|discriminative|m040|37|d1|C09-AA-001,1,C09-AA-001,10.0,4,1,1.0,C09-AA-003,1.0,C09-AA-003,C09-AA-003,target_reached,0,zero,1,1,0,0,0.0,0.0,1,1
C09-darpa-optc-sysclient0201-0923,C09-darpa-optc-sysclient0201-0923|discriminative|m040|37,discriminative,0.4,37,C09-darpa-optc-sysclient0201-0923|discriminative|m040|37|d1|C09-AA-002,1,C09-AA-002,9.0,4,1,1.0,C09-AA-003,1.0,C09-AA-003,C09-AA-003,target_reached,0,zero,1,1,0,0,0.0,0.0,1,1
C09-darpa-optc-sysclient0201-0923,C09-darpa-optc-sysclient0201-0923|discriminative|m040|37,discriminative,0.4,37,C09-darpa-optc-sysclient0201-0923|discriminative|m040|37|d1|C09-AA-003,1,C09-AA-003,10.0,4,1,1.0,C09-AA-001,1.0,C09-AA-001,C09-AA-001,target_reached,0,zero,1,1,0,0,0.0,0.0,1,1
C09-darpa-optc-sysclient0201-0923,C09-darpa-optc-sysclient0201-0923|discriminative|m040|37,discriminative,0.4,37,C09-darpa-optc-sysclient0201-0923|discriminative|m040|37|d1|C09-AA-004,1,C09-AA-004,9.0,3,2,2.0,C09-AA-001>C09-AA-003,2.0,C09-AA-001>C09-AA-003,C09-AA-001>C09-AA-003,target_reached,0,zero,1,1,0,0,0.0,0.0,1,1
C09-darpa-optc-sysclient0201-0923,C09-darpa-optc-sysclient0201-0923|discriminative|m040|37,discriminative,0.4,37,C09-darpa-optc-sysclient0201-0923|discriminative|m040|37|d1|C09-AA-005,1,C09-AA-005,9.0,3,2,2.0,C09-AA-001>C09-AA-003,2.0,C09-AA-001>C09-AA-003,C09-AA-001>C09-AA-003,target_reached,0,zero,1,1,0,0,0.0,0.0,1,1
C09-darpa-optc-sysclient0201-0923,C09-darpa-optc-sysclient0201-0923|discriminative|m040|37,discriminative,0.4,37,C09-darpa-optc-sysclient0201-0923|discriminative|m040|37|d2|C09-AA-001>C09-AA-002,2,C09-AA-001>C09-AA-002,8.0,4,1,1.0,C09-AA-003,1.0,C09-AA-003,C09-AA-003,target_reached,0,zero,1,1,0,0,0.0,0.0,1,1
C09-darpa-optc-sysclient0201-0923,C09-darpa-optc-sysclient0201-0923|discriminative|m040|37,discriminative,0.4,37,C09-darpa-optc-sysclient0201-0923|discriminative|m040|37|d2|C09-AA-001>C09-AA-004,2,C09-AA-001>C09-AA-004,8.0,4,1,1.0,C09-AA-003,1.0,C09-AA-003,C09-AA-003,target_reached,0,zero,1,1,0,0,0.0,0.0,1,1
C09-darpa-optc-sysclient0201-0923,C09-darpa-optc-sysclient0201-0923|discriminative|m040|37,discriminative,0.4,37,C09-darpa-optc-sysclient0201-0923|discriminative|m040|37|d2|C09-AA-001>C09-AA-005,2,C09-AA-001>C09-AA-005,8.0,4,1,1.0,C09-AA-003,1.0,C09-AA-003,C09-AA-003,target_reached,0,zero,1,1,0,0,0.0,0.0,1,1
C09-darpa-optc-sysclient0201-0923,C09-darpa-optc-sysclient0201-0923|discriminative|m040|37,discriminative,0.4,37,C09-darpa-optc-sysclient0201-0923|discriminative|m040|37|d2|C09-AA-002>C09-AA-001,2,C09-AA-002>C09-AA-001,8.0,4,1,1.0,C09-AA-003,1.0,C09-AA-003,C09-AA-003,target_reached,0,zero,1,1,0,0,0.0,0.0,1,1
C09-darpa-optc-sysclient0201-0923,C09-darpa-optc-sysclient0201-0923|discriminative|m040|37,discriminative,0.4,37,C09-darpa-optc-sysclient0201-0923|discriminative|m040|37|d2|C09-AA-002>C09-AA-004,2,C09-AA-002>C09-AA-004,7.0,4,1,1.0,C09-AA-003,1.0,C09-AA-003,C09-AA-003,target_reached,0,zero,1,1,0,0,0.0,0.0,1,1
C09-darpa-optc-sysclient0201-0923,C09-darpa-optc-sysclient0201-0923|discriminative|m040|37,discriminative,0.4,37,C09-darpa-optc-sysclient0201-0923|discriminative|m040|37|d2|C09-AA-002>C09-AA-005,2,C09-AA-002>C09-AA-005,7.0,4,1,1.0,C09-AA-003,1.0,C09-AA-003,C09-AA-003,target_reached,0,zero,1,1,0,0,0.0,0.0,1,1
C09-darpa-optc-sysclient0201-0923,C09-darpa-optc-sysclient0201-0923|discriminative|m040|37,discriminative,0.4,37,C09-darpa-optc-sysclient0201-0923|discriminative|m040|37|d2|C09-AA-003>C09-AA-004,2,C09-AA-003>C09-AA-004,8.0,4,1,1.0,C09-AA-001,1.0,C09-AA-001,C09-AA-001,target_reached,0,zero,1,1,0,0,0.0,0.0,1,1
C09-darpa-optc-sysclient0201-0923,C09-darpa-optc-sysclient0201-0923|discriminative|m040|37,discriminative,0.4,37,C09-darpa-optc-sysclient0201-0923|discriminative|m040|37|d2|C09-AA-003>C09-AA-005,2,C09-AA-003>C09-AA-005,8.0,4,1,1.0,C09-AA-001,1.0,C09-AA-001,C09-AA-001,target_reached,0,zero,1,1,0,0,0.0,0.0,1,1
C09-darpa-optc-sysclient0201-0923,C09-darpa-optc-sysclient0201-0923|discriminative|m040|37,discriminative,0.4,37,C09-darpa-optc-sysclient0201-0923|discriminative|m040|37|d2|C09-AA-004>C09-AA-005,2,C09-AA-004>C09-AA-005,7.0,3,2,2.0,C09-AA-001>C09-AA-003,2.0,C09-AA-001>C09-AA-003,C09-AA-002>C09-AA-003,target_reached,1,zero,1,1,0,0,0.0,0.0,1,1
C09-darpa-optc-sysclient0201-0923,C09-darpa-optc-sysclient0201-0923|discriminative|m040|41,discriminative,0.4,41,C09-darpa-optc-sysclient0201-0923|discriminative|m040|41|d0|root,0,,11.0,3,2,2.0,C09-AA-001>C09-AA-003,2.0,C09-AA-001>C09-AA-003,C09-AA-001>C09-AA-003,target_reached,0,zero,1,1,0,0,0.0,0.0,1,1
C09-darpa-optc-sysclient0201-0923,C09-darpa-optc-sysclient0201-0923|discriminative|m040|41,discriminative,0.4,41,C09-darpa-optc-sysclient0201-0923|discriminative|m040|41|d1|C09-AA-001,1,C09-AA-001,10.0,4,1,1.0,C09-AA-003,1.0,C09-AA-003,C09-AA-003,target_reached,0,zero,1,1,0,0,0.0,0.0,1,1
C09-darpa-optc-sysclient0201-0923,C09-darpa-optc-sysclient0201-0923|discriminative|m040|41,discriminative,0.4,41,C09-darpa-optc-sysclient0201-0923|discriminative|m040|41|d1|C09-AA-002,1,C09-AA-002,9.0,4,1,1.0,C09-AA-003,1.0,C09-AA-003,C09-AA-003,target_reached,0,zero,1,1,0,0,0.0,0.0,1,1
C09-darpa-optc-sysclient0201-0923,C09-darpa-optc-sysclient0201-0923|discriminative|m040|41,discriminative,0.4,41,C09-darpa-optc-sysclient0201-0923|discriminative|m040|41|d1|C09-AA-003,1,C09-AA-003,10.0,4,1,1.0,C09-AA-001,1.0,C09-AA-001,C09-AA-001,target_reached,0,zero,1,1,0,0,0.0,0.0,1,1
C09-darpa-optc-sysclient0201-0923,C09-darpa-optc-sysclient0201-0923|discriminative|m040|41,discriminative,0.4,41,C09-darpa-optc-sysclient0201-0923|discriminative|m040|41|d1|C09-AA-004,1,C09-AA-004,9.0,3,2,2.0,C09-AA-001>C09-AA-003,2.0,C09-AA-001>C09-AA-003,C09-AA-001>C09-AA-003,target_reached,0,zero,1,1,0,0,0.0,0.0,1,1
C09-darpa-optc-sysclient0201-0923,C09-darpa-optc-sysclient0201-0923|discriminative|m040|41,discriminative,0.4,41,C09-darpa-optc-sysclient0201-0923|discriminative|m040|41|d1|C09-AA-005,1,C09-AA-005,9.0,3,2,2.0,C09-AA-001>C09-AA-003,2.0,C09-AA-001>C09-AA-003,C09-AA-001>C09-AA-003,target_reached,0,zero,1,1,0,0,0.0,0.0,1,1
C09-darpa-optc-sysclient0201-0923,C09-darpa-optc-sysclient0201-0923|discriminative|m040|41,discriminative,0.4,41,C09-darpa-optc-sysclient0201-0923|discriminative|m040|41|d2|C09-AA-001>C09-AA-002,2,C09-AA-001>C09-AA-002,8.0,4,1,1.0,C09-AA-003,1.0,C09-AA-003,C09-AA-003,target_reached,0,zero,1,1,0,0,0.0,0.0,1,1
C09-darpa-optc-sysclient0201-0923,C09-darpa-optc-sysclient0201-0923|discriminative|m040|41,discriminative,0.4,41,C09-darpa-optc-sysclient0201-0923|discriminative|m040|41|d2|C09-AA-001>C09-AA-004,2,C09-AA-001>C09-AA-004,8.0,4,1,1.0,C09-AA-003,1.0,C09-AA-003,C09-AA-003,target_reached,0,zero,1,1,0,0,0.0,0.0,1,1
C09-darpa-optc-sysclient0201-0923,C09-darpa-optc-sysclient0201-0923|discriminative|m040|41,discriminative,0.4,41,C09-darpa-optc-sysclient0201-0923|discriminative|m040|41|d2|C09-AA-001>C09-AA-005,2,C09-AA-001>C09-AA-005,8.0,4,1,1.0,C09-AA-003,1.0,C09-AA-003,C09-AA-003,target_reached,0,zero,1,1,0,0,0.0,0.0,1,1
C09-darpa-optc-sysclient0201-0923,C09-darpa-optc-sysclient0201-0923|discriminative|m040|41,discriminative,0.4,41,C09-darpa-optc-sysclient0201-0923|discriminative|m040|41|d2|C09-AA-002>C09-AA-001,2,C09-AA-002>C09-AA-001,8.0,4,1,1.0,C09-AA-003,1.0,C09-AA-003,C09-AA-003,target_reached,0,zero,1,1,0,0,0.0,0.0,1,1
C09-darpa-optc-sysclient0201-0923,C09-darpa-optc-sysclient0201-0923|discriminative|m040|41,discriminative,0.4,41,C09-darpa-optc-sysclient0201-0923|discriminative|m040|41|d2|C09-AA-002>C09-AA-004,2,C09-AA-002>C09-AA-004,7.0,4,1,1.0,C09-AA-003,1.0,C09-AA-003,C09-AA-003,target_reached,0,zero,1,1,0,0,0.0,0.0,1,1
C09-darpa-optc-sysclient0201-0923,C09-darpa-optc-sysclient0201-0923|discriminative|m040|41,discriminative,0.4,41,C09-darpa-optc-sysclient0201-0923|discriminative|m040|41|d2|C09-AA-002>C09-AA-005,2,C09-AA-002>C09-AA-005,7.0,4,1,1.0,C09-AA-003,1.0,C09-AA-003,C09-AA-003,target_reached,0,zero,1,1,0,0,0.0,0.0,1,1
C09-darpa-optc-sysclient0201-0923,C09-darpa-optc-sysclient0201-0923|discriminative|m040|41,discriminative,0.4,41,C09-darpa-optc-sysclient0201-0923|discriminative|m040|41|d2|C09-AA-003>C09-AA-004,2,C09-AA-003>C09-AA-004,8.0,4,1,1.0,C09-AA-001,1.0,C09-AA-001,C09-AA-001,target_reached,0,zero,1,1,0,0,0.0,0.0,1,1
C09-darpa-optc-sysclient0201-0923,C09-darpa-optc-sysclient0201-0923|discriminative|m040|41,discriminative,0.4,41,C09-darpa-optc-sysclient0201-0923|discriminative|m040|41|d2|C09-AA-003>C09-AA-005,2,C09-AA-003>C09-AA-005,8.0,4,1,1.0,C09-AA-001,1.0,C09-AA-001,C09-AA-001,target_reached,0,zero,1,1,0,0,0.0,0.0,1,1
C09-darpa-optc-sysclient0201-0923,C09-darpa-optc-sysclient0201-0923|discriminative|m040|41,discriminative,0.4,41,C09-darpa-optc-sysclient0201-0923|discriminative|m040|41|d2|C09-AA-004>C09-AA-005,2,C09-AA-004>C09-AA-005,7.0,3,2,2.0,C09-AA-001>C09-AA-003,2.0,C09-AA-001>C09-AA-003,C09-AA-002>C09-AA-003,target_reached,1,zero,1,1,0,0,0.0,0.0,1,1
C09-darpa-optc-sysclient0201-0923,C09-darpa-optc-sysclient0201-0923|discriminative|m040|53,discriminative,0.4,53,C09-darpa-optc-sysclient0201-0923|discriminative|m040|53|d0|root,0,,11.0,3,2,2.0,C09-AA-001>C09-AA-003,2.0,C09-AA-001>C09-AA-003,C09-AA-001>C09-AA-003,target_reached,0,zero,1,1,0,0,0.0,0.0,1,1
C09-darpa-optc-sysclient0201-0923,C09-darpa-optc-sysclient0201-0923|discriminative|m040|53,discriminative,0.4,53,C09-darpa-optc-sysclient0201-0923|discriminative|m040|53|d1|C09-AA-001,1,C09-AA-001,10.0,4,1,1.0,C09-AA-003,1.0,C09-AA-003,C09-AA-003,target_reached,0,zero,1,1,0,0,0.0,0.0,1,1
C09-darpa-optc-sysclient0201-0923,C09-darpa-optc-sysclient0201-0923|discriminative|m040|53,discriminative,0.4,53,C09-darpa-optc-sysclient0201-0923|discriminative|m040|53|d1|C09-AA-002,1,C09-AA-002,9.0,4,1,1.0,C09-AA-003,1.0,C09-AA-003,C09-AA-003,target_reached,0,zero,1,1,0,0,0.0,0.0,1,1
C09-darpa-optc-sysclient0201-0923,C09-darpa-optc-sysclient0201-0923|discriminative|m040|53,discriminative,0.4,53,C09-darpa-optc-sysclient0201-0923|discriminative|m040|53|d1|C09-AA-003,1,C09-AA-003,10.0,4,1,1.0,C09-AA-001,1.0,C09-AA-001,C09-AA-001,target_reached,0,zero,1,1,0,0,0.0,0.0,1,1
C09-darpa-optc-sysclient0201-0923,C09-darpa-optc-sysclient0201-0923|discriminative|m040|53,discriminative,0.4,53,C09-darpa-optc-sysclient0201-0923|discriminative|m040|53|d1|C09-AA-004,1,C09-AA-004,9.0,3,2,2.0,C09-AA-001>C09-AA-003,2.0,C09-AA-001>C09-AA-003,C09-AA-001>C09-AA-003,target_reached,0,zero,1,1,0,0,0.0,0.0,1,1
C09-darpa-optc-sysclient0201-0923,C09-darpa-optc-sysclient0201-0923|discriminative|m040|53,discriminative,0.4,53,C09-darpa-optc-sysclient0201-0923|discriminative|m040|53|d1|C09-AA-005,1,C09-AA-005,9.0,3,2,2.0,C09-AA-001>C09-AA-003,2.0,C09-AA-001>C09-AA-003,C09-AA-001>C09-AA-003,target_reached,0,zero,1,1,0,0,0.0,0.0,1,1
C09-darpa-optc-sysclient0201-0923,C09-darpa-optc-sysclient0201-0923|discriminative|m040|53,discriminative,0.4,53,C09-darpa-optc-sysclient0201-0923|discriminative|m040|53|d2|C09-AA-001>C09-AA-002,2,C09-AA-001>C09-AA-002,8.0,4,1,1.0,C09-AA-003,1.0,C09-AA-003,C09-AA-003,target_reached,0,zero,1,1,0,0,0.0,0.0,1,1
C09-darpa-optc-sysclient0201-0923,C09-darpa-optc-sysclient0201-0923|discriminative|m040|53,discriminative,0.4,53,C09-darpa-optc-sysclient0201-0923|discriminative|m040|53|d2|C09-AA-001>C09-AA-004,2,C09-AA-001>C09-AA-004,8.0,4,1,1.0,C09-AA-003,1.0,C09-AA-003,C09-AA-003,target_reached,0,zero,1,1,0,0,0.0,0.0,1,1
C09-darpa-optc-sysclient0201-0923,C09-darpa-optc-sysclient0201-0923|discriminative|m040|53,discriminative,0.4,53,C09-darpa-optc-sysclient0201-0923|discriminative|m040|53|d2|C09-AA-001>C09-AA-005,2,C09-AA-001>C09-AA-005,8.0,4,1,1.0,C09-AA-003,1.0,C09-AA-003,C09-AA-003,target_reached,0,zero,1,1,0,0,0.0,0.0,1,1
C09-darpa-optc-sysclient0201-0923,C09-darpa-optc-sysclient0201-0923|discriminative|m040|53,discriminative,0.4,53,C09-darpa-optc-sysclient0201-0923|discriminative|m040|53|d2|C09-AA-002>C09-AA-001,2,C09-AA-002>C09-AA-001,8.0,4,1,1.0,C09-AA-003,1.0,C09-AA-003,C09-AA-003,target_reached,0,zero,1,1,0,0,0.0,0.0,1,1
C09-darpa-optc-sysclient0201-0923,C09-darpa-optc-sysclient0201-0923|discriminative|m040|53,discriminative,0.4,53,C09-darpa-optc-sysclient0201-0923|discriminative|m040|53|d2|C09-AA-002>C09-AA-004,2,C09-AA-002>C09-AA-004,7.0,4,1,1.0,C09-AA-003,1.0,C09-AA-003,C09-AA-003,target_reached,0,zero,1,1,0,0,0.0,0.0,1,1
C09-darpa-optc-sysclient0201-0923,C09-darpa-optc-sysclient0201-0923|discriminative|m040|53,discriminative,0.4,53,C09-darpa-optc-sysclient0201-0923|discriminative|m040|53|d2|C09-AA-002>C09-AA-005,2,C09-AA-002>C09-AA-005,7.0,4,1,1.0,C09-AA-003,1.0,C09-AA-003,C09-AA-003,target_reached,0,zero,1,1,0,0,0.0,0.0,1,1
C09-darpa-optc-sysclient0201-0923,C09-darpa-optc-sysclient0201-0923|discriminative|m040|53,discriminative,0.4,53,C09-darpa-optc-sysclient0201-0923|discriminative|m040|53|d2|C09-AA-003>C09-AA-004,2,C09-AA-003>C09-AA-004,8.0,4,1,1.0,C09-AA-001,1.0,C09-AA-001,C09-AA-001,target_reached,0,zero,1,1,0,0,0.0,0.0,1,1
C09-darpa-optc-sysclient0201-0923,C09-darpa-optc-sysclient0201-0923|discriminative|m040|53,discriminative,0.4,53,C09-darpa-optc-sysclient0201-0923|discriminative|m040|53|d2|C09-AA-003>C09-AA-005,2,C09-AA-003>C09-AA-005,8.0,4,1,1.0,C09-AA-001,1.0,C09-AA-001,C09-AA-001,target_reached,0,zero,1,1,0,0,0.0,0.0,1,1
C09-darpa-optc-sysclient0201-0923,C09-darpa-optc-sysclient0201-0923|discriminative|m040|53,discriminative,0.4,53,C09-darpa-optc-sysclient0201-0923|discriminative|m040|53|d2|C09-AA-004>C09-AA-005,2,C09-AA-004>C09-AA-005,7.0,3,2,2.0,C09-AA-001>C09-AA-003,2.0,C09-AA-001>C09-AA-003,C09-AA-002>C09-AA-003,target_reached,1,zero,1,1,0,0,0.0,0.0,1,1
C09-darpa-optc-sysclient0201-0923,C09-darpa-optc-sysclient0201-0923|discriminative|m060|11,discriminative,0.6,11,C09-darpa-optc-sysclient0201-0923|discriminative|m060|11|d0|root,0,,11.0,2,3,5.0,C09-AA-002>C09-AA-003>C09-AA-004,6.0,C09-AA-004>C09-AA-001>C09-AA-002>C09-AA-003,C09-AA-004>C09-AA-001>C09-AA-002>C09-AA-003,target_reached,0,positive,1,1,0,0,1.0,0.2,0,0
C09-darpa-optc-sysclient0201-0923,C09-darpa-optc-sysclient0201-0923|discriminative|m060|11,discriminative,0.6,11,C09-darpa-optc-sysclient0201-0923|discriminative|m060|11|d1|C09-AA-001,1,C09-AA-001,10.0,2,3,5.0,C09-AA-002>C09-AA-003>C09-AA-004,5.0,C09-AA-003>C09-AA-004>C09-AA-002,C09-AA-004>C09-AA-004>C09-AA-002,target_reached,1,zero,1,1,0,0,0.0,0.0,1,0
C09-darpa-optc-sysclient0201-0923,C09-darpa-optc-sysclient0201-0923|discriminative|m060|11,discriminative,0.6,11,C09-darpa-optc-sysclient0201-0923|discriminative|m060|11|d1|C09-AA-002,1,C09-AA-002,9.0,3,2,3.0,C09-AA-003>C09-AA-004,3.0,C09-AA-003>C09-AA-004,C09-AA-003>C09-AA-004,target_reached,0,zero,1,1,0,0,0.0,0.0,1,1
C09-darpa-optc-sysclient0201-0923,C09-darpa-optc-sysclient0201-0923|discriminative|m060|11,discriminative,0.6,11,C09-darpa-optc-sysclient0201-0923|discriminative|m060|11|d1|C09-AA-003,1,C09-AA-003,10.0,3,2,4.0,C09-AA-002>C09-AA-004,5.0,C09-AA-004>C09-AA-001>C09-AA-002,C09-AA-004>C09-AA-001>C09-AA-002,target_reached,0,positive,1,1,0,0,1.0,0.25,0,0
C09-darpa-optc-sysclient0201-0923,C09-darpa-optc-sysclient0201-0923|discriminative|m060|11,discriminative,0.6,11,C09-darpa-optc-sysclient0201-0923|discriminative|m060|11|d1|C09-AA-004,1,C09-AA-004,9.0,3,2,3.0,C09-AA-002>C09-AA-003,4.0,C09-AA-001>C09-AA-002>C09-AA-003,C09-AA-001>C09-AA-002>C09-AA-003,target_reached,0,positive,1,1,0,0,1.0,0.3333333333333333,0,0
C09-darpa-optc-sysclient0201-0923,C09-darpa-optc-sysclient0201-0923|discriminative|m060|11,discriminative,0.6,11,C09-darpa-optc-sysclient0201-0923|discriminative|m060|11|d1|C09-AA-005,1,C09-AA-005,9.0,2,3,5.0,C09-AA-002>C09-AA-003>C09-AA-004,6.0,C09-AA-003>C09-AA-004>C09-AA-001>C09-AA-002,C09-AA-003>C09-AA-004>C09-AA-001>C09-AA-002,target_reached,0,positive,1,1,0,0,1.0,0.2,0,0
C09-darpa-optc-sysclient0201-0923,C09-darpa-optc-sysclient0201-0923|discriminative|m060|11,discriminative,0.6,11,C09-darpa-optc-sysclient0201-0923|discriminative|m060|11|d2|C09-AA-001>C09-AA-002,2,C09-AA-001>C09-AA-002,8.0,3,2,3.0,C09-AA-003>C09-AA-004,3.0,C09-AA-003>C09-AA-004,C09-AA-003>C09-AA-004,target_reached,0,zero,1,1,0,0,0.0,0.0,1,1
C09-darpa-optc-sysclient0201-0923,C09-darpa-optc-sysclient0201-0923|discriminative|m060|11,discriminative,0.6,11,C09-darpa-optc-sysclient0201-0923|discriminative|m060|11|d2|C09-AA-001>C09-AA-003,2,C09-AA-001>C09-AA-003,9.0,3,2,4.0,C09-AA-002>C09-AA-004,4.0,C09-AA-004>C09-AA-002,C09-AA-004>C09-AA-002,target_reached,0,zero,1,1,0,0,0.0,0.0,1,0
C09-darpa-optc-sysclient0201-0923,C09-darpa-optc-sysclient0201-0923|discriminative|m060|11,discriminative,0.6,11,C09-darpa-optc-sysclient0201-0923|discriminative|m060|11|d2|C09-AA-001>C09-AA-004,2,C09-AA-001>C09-AA-004,8.0,3,2,3.0,C09-AA-002>C09-AA-003,3.0,C09-AA-002>C09-AA-003,C09-AA-002>C09-AA-003,target_reached,0,zero,1,1,0,0,0.0,0.0,1,1
C09-darpa-optc-sysclient0201-0923,C09-darpa-optc-sysclient0201-0923|discriminative|m060|11,discriminative,0.6,11,C09-darpa-optc-sysclient0201-0923|discriminative|m060|11|d2|C09-AA-001>C09-AA-005,2,C09-AA-001>C09-AA-005,8.0,2,3,5.0,C09-AA-002>C09-AA-003>C09-AA-004,5.0,C09-AA-003>C09-AA-004>C09-AA-002,C09-AA-004>C09-AA-004>C09-AA-002,target_reached,1,zero,1,1,0,0,0.0,0.0,1,0
C09-darpa-optc-sysclient0201-0923,C09-darpa-optc-sysclient0201-0923|discriminative|m060|11,discriminative,0.6,11,C09-darpa-optc-sysclient0201-0923|discriminative|m060|11|d2|C09-AA-002>C09-AA-003,2,C09-AA-002>C09-AA-003,8.0,4,1,2.0,C09-AA-004,2.0,C09-AA-004,C09-AA-004,target_reached,0,zero,1,1,0,0,0.0,0.0,1,1
C09-darpa-optc-sysclient0201-0923,C09-darpa-optc-sysclient0201-0923|discriminative|m060|11,discriminative,0.6,11,C09-darpa-optc-sysclient0201-0923|discriminative|m060|11|d2|C09-AA-002>C09-AA-004,2,C09-AA-002>C09-AA-004,7.0,4,1,1.0,C09-AA-003,1.0,C09-AA-003,C09-AA-003,target_reached,0,zero,1,1,0,0,0.0,0.0,1,1
C09-darpa-optc-sysclient0201-0923,C09-darpa-optc-sysclient0201-0923|discriminative|m060|11,discriminative,0.6,11,C09-darpa-optc-sysclient0201-0923|discriminative|m060|11|d2|C09-AA-002>C09-AA-005,2,C09-AA-002>C09-AA-005,7.0,3,2,3.0,C09-AA-003>C09-AA-004,3.0,C09-AA-003>C09-AA-004,C09-AA-003>C09-AA-004,target_reached,0,zero,1,1,0,0,0.0,0.0,1,1
C09-darpa-optc-sysclient0201-0923,C09-darpa-optc-sysclient0201-0923|discriminative|m060|11,discriminative,0.6,11,C09-darpa-optc-sysclient0201-0923|discriminative|m060|11|d2|C09-AA-003>C09-AA-004,2,C09-AA-003>C09-AA-004,8.0,4,1,2.0,C09-AA-002,3.0,C09-AA-001>C09-AA-002,C09-AA-001>C09-AA-002,target_reached,0,positive,1,1,0,0,1.0,0.5,0,0
C09-darpa-optc-sysclient0201-0923,C09-darpa-optc-sysclient0201-0923|discriminative|m060|11,discriminative,0.6,11,C09-darpa-optc-sysclient0201-0923|discriminative|m060|11|d2|C09-AA-003>C09-AA-005,2,C09-AA-003>C09-AA-005,8.0,3,2,4.0,C09-AA-002>C09-AA-004,5.0,C09-AA-004>C09-AA-001>C09-AA-002,C09-AA-004>C09-AA-001>C09-AA-002,target_reached,0,positive,1,1,0,0,1.0,0.25,0,0
C09-darpa-optc-sysclient0201-0923,C09-darpa-optc-sysclient0201-0923|discriminative|m060|11,discriminative,0.6,11,C09-darpa-optc-sysclient0201-0923|discriminative|m060|11|d2|C09-AA-004>C09-AA-005,2,C09-AA-004>C09-AA-005,7.0,3,2,3.0,C09-AA-002>C09-AA-003,4.0,C09-AA-001>C09-AA-002>C09-AA-003,C09-AA-002>C09-AA-002>C09-AA-003,target_reached,1,positive,1,1,0,0,1.0,0.3333333333333333,0,0
C09-darpa-optc-sysclient0201-0923,C09-darpa-optc-sysclient0201-0923|discriminative|m060|23,discriminative,0.6,23,C09-darpa-optc-sysclient0201-0923|discriminative|m060|23|d0|root,0,,11.0,2,3,5.0,C09-AA-002>C09-AA-003>C09-AA-004,6.0,C09-AA-004>C09-AA-001>C09-AA-002>C09-AA-003,C09-AA-004>C09-AA-001>C09-AA-002>C09-AA-003,target_reached,0,positive,1,1,0,0,1.0,0.2,0,0
C09-darpa-optc-sysclient0201-0923,C09-darpa-optc-sysclient0201-0923|discriminative|m060|23,discriminative,0.6,23,C09-darpa-optc-sysclient0201-0923|discriminative|m060|23|d1|C09-AA-001,1,C09-AA-001,10.0,2,3,5.0,C09-AA-002>C09-AA-003>C09-AA-004,5.0,C09-AA-003>C09-AA-004>C09-AA-002,C09-AA-004>C09-AA-004>C09-AA-002,target_reached,1,zero,1,1,0,0,0.0,0.0,1,0
C09-darpa-optc-sysclient0201-0923,C09-darpa-optc-sysclient0201-0923|discriminative|m060|23,discriminative,0.6,23,C09-darpa-optc-sysclient0201-0923|discriminative|m060|23|d1|C09-AA-002,1,C09-AA-002,9.0,3,2,3.0,C09-AA-003>C09-AA-004,3.0,C09-AA-003>C09-AA-004,C09-AA-003>C09-AA-004,target_reached,0,zero,1,1,0,0,0.0,0.0,1,1
C09-darpa-optc-sysclient0201-0923,C09-darpa-optc-sysclient0201-0923|discriminative|m060|23,discriminative,0.6,23,C09-darpa-optc-sysclient0201-0923|discriminative|m060|23|d1|C09-AA-003,1,C09-AA-003,10.0,3,2,4.0,C09-AA-002>C09-AA-004,5.0,C09-AA-004>C09-AA-001>C09-AA-002,C09-AA-004>C09-AA-001>C09-AA-002,target_reached,0,positive,1,1,0,0,1.0,0.25,0,0
C09-darpa-optc-sysclient0201-0923,C09-darpa-optc-sysclient0201-0923|discriminative|m060|23,discriminative,0.6,23,C09-darpa-optc-sysclient0201-0923|discriminative|m060|23|d1|C09-AA-004,1,C09-AA-004,9.0,3,2,3.0,C09-AA-002>C09-AA-003,4.0,C09-AA-001>C09-AA-002>C09-AA-003,C09-AA-001>C09-AA-002>C09-AA-003,target_reached,0,positive,1,1,0,0,1.0,0.3333333333333333,0,0
C09-darpa-optc-sysclient0201-0923,C09-darpa-optc-sysclient0201-0923|discriminative|m060|23,discriminative,0.6,23,C09-darpa-optc-sysclient0201-0923|discriminative|m060|23|d1|C09-AA-005,1,C09-AA-005,9.0,2,3,5.0,C09-AA-002>C09-AA-003>C09-AA-004,6.0,C09-AA-003>C09-AA-004>C09-AA-001>C09-AA-002,C09-AA-003>C09-AA-004>C09-AA-001>C09-AA-002,target_reached,0,positive,1,1,0,0,1.0,0.2,0,0
C09-darpa-optc-sysclient0201-0923,C09-darpa-optc-sysclient0201-0923|discriminative|m060|23,discriminative,0.6,23,C09-darpa-optc-sysclient0201-0923|discriminative|m060|23|d2|C09-AA-001>C09-AA-002,2,C09-AA-001>C09-AA-002,8.0,3,2,3.0,C09-AA-003>C09-AA-004,3.0,C09-AA-003>C09-AA-004,C09-AA-003>C09-AA-004,target_reached,0,zero,1,1,0,0,0.0,0.0,1,1
C09-darpa-optc-sysclient0201-0923,C09-darpa-optc-sysclient0201-0923|discriminative|m060|23,discriminative,0.6,23,C09-darpa-optc-sysclient0201-0923|discriminative|m060|23|d2|C09-AA-001>C09-AA-003,2,C09-AA-001>C09-AA-003,9.0,3,2,4.0,C09-AA-002>C09-AA-004,4.0,C09-AA-004>C09-AA-002,C09-AA-004>C09-AA-002,target_reached,0,zero,1,1,0,0,0.0,0.0,1,0
C09-darpa-optc-sysclient0201-0923,C09-darpa-optc-sysclient0201-0923|discriminative|m060|23,discriminative,0.6,23,C09-darpa-optc-sysclient0201-0923|discriminative|m060|23|d2|C09-AA-001>C09-AA-004,2,C09-AA-001>C09-AA-004,8.0,3,2,3.0,C09-AA-002>C09-AA-003,3.0,C09-AA-002>C09-AA-003,C09-AA-002>C09-AA-003,target_reached,0,zero,1,1,0,0,0.0,0.0,1,1
C09-darpa-optc-sysclient0201-0923,C09-darpa-optc-sysclient0201-0923|discriminative|m060|23,discriminative,0.6,23,C09-darpa-optc-sysclient0201-0923|discriminative|m060|23|d2|C09-AA-001>C09-AA-005,2,C09-AA-001>C09-AA-005,8.0,2,3,5.0,C09-AA-002>C09-AA-003>C09-AA-004,5.0,C09-AA-003>C09-AA-004>C09-AA-002,C09-AA-004>C09-AA-004>C09-AA-002,target_reached,1,zero,1,1,0,0,0.0,0.0,1,0
C09-darpa-optc-sysclient0201-0923,C09-darpa-optc-sysclient0201-0923|discriminative|m060|23,discriminative,0.6,23,C09-darpa-optc-sysclient0201-0923|discriminative|m060|23|d2|C09-AA-002>C09-AA-003,2,C09-AA-002>C09-AA-003,8.0,4,1,2.0,C09-AA-004,2.0,C09-AA-004,C09-AA-004,target_reached,0,zero,1,1,0,0,0.0,0.0,1,1
C09-darpa-optc-sysclient0201-0923,C09-darpa-optc-sysclient0201-0923|discriminative|m060|23,discriminative,0.6,23,C09-darpa-optc-sysclient0201-0923|discriminative|m060|23|d2|C09-AA-002>C09-AA-004,2,C09-AA-002>C09-AA-004,7.0,4,1,1.0,C09-AA-003,1.0,C09-AA-003,C09-AA-003,target_reached,0,zero,1,1,0,0,0.0,0.0,1,1
C09-darpa-optc-sysclient0201-0923,C09-darpa-optc-sysclient0201-0923|discriminative|m060|23,discriminative,0.6,23,C09-darpa-optc-sysclient0201-0923|discriminative|m060|23|d2|C09-AA-002>C09-AA-005,2,C09-AA-002>C09-AA-005,7.0,3,2,3.0,C09-AA-003>C09-AA-004,3.0,C09-AA-003>C09-AA-004,C09-AA-003>C09-AA-004,target_reached,0,zero,1,1,0,0,0.0,0.0,1,1
C09-darpa-optc-sysclient0201-0923,C09-darpa-optc-sysclient0201-0923|discriminative|m060|23,discriminative,0.6,23,C09-darpa-optc-sysclient0201-0923|discriminative|m060|23|d2|C09-AA-003>C09-AA-004,2,C09-AA-003>C09-AA-004,8.0,4,1,2.0,C09-AA-002,3.0,C09-AA-001>C09-AA-002,C09-AA-001>C09-AA-002,target_reached,0,positive,1,1,0,0,1.0,0.5,0,0
C09-darpa-optc-sysclient0201-0923,C09-darpa-optc-sysclient0201-0923|discriminative|m060|23,discriminative,0.6,23,C09-darpa-optc-sysclient0201-0923|discriminative|m060|23|d2|C09-AA-003>C09-AA-005,2,C09-AA-003>C09-AA-005,8.0,3,2,4.0,C09-AA-002>C09-AA-004,5.0,C09-AA-004>C09-AA-001>C09-AA-002,C09-AA-004>C09-AA-001>C09-AA-002,target_reached,0,positive,1,1,0,0,1.0,0.25,0,0
C09-darpa-optc-sysclient0201-0923,C09-darpa-optc-sysclient0201-0923|discriminative|m060|23,discriminative,0.6,23,C09-darpa-optc-sysclient0201-0923|discriminative|m060|23|d2|C09-AA-004>C09-AA-005,2,C09-AA-004>C09-AA-005,7.0,3,2,3.0,C09-AA-002>C09-AA-003,4.0,C09-AA-001>C09-AA-002>C09-AA-003,C09-AA-002>C09-AA-002>C09-AA-003,target_reached,1,positive,1,1,0,0,1.0,0.3333333333333333,0,0
C09-darpa-optc-sysclient0201-0923,C09-darpa-optc-sysclient0201-0923|discriminative|m060|37,discriminative,0.6,37,C09-darpa-optc-sysclient0201-0923|discriminative|m060|37|d0|root,0,,11.0,2,3,4.0,C09-AA-001>C09-AA-003>C09-AA-004,4.0,C09-AA-004>C09-AA-001>C09-AA-003,C09-AA-004>C09-AA-001>C09-AA-003,target_reached,0,zero,1,1,0,0,0.0,0.0,1,0
C09-darpa-optc-sysclient0201-0923,C09-darpa-optc-sysclient0201-0923|discriminative|m060|37,discriminative,0.6,37,C09-darpa-optc-sysclient0201-0923|discriminative|m060|37|d1|C09-AA-001,1,C09-AA-001,10.0,3,2,3.0,C09-AA-003>C09-AA-004,3.0,C09-AA-003>C09-AA-004,C09-AA-003>C09-AA-004,target_reached,0,zero,1,1,0,0,0.0,0.0,1,1
C09-darpa-optc-sysclient0201-0923,C09-darpa-optc-sysclient0201-0923|discriminative|m060|37,discriminative,0.6,37,C09-darpa-optc-sysclient0201-0923|discriminative|m060|37|d1|C09-AA-002,1,C09-AA-002,9.0,3,2,3.0,C09-AA-003>C09-AA-004,3.0,C09-AA-003>C09-AA-004,C09-AA-003>C09-AA-004,target_reached,0,zero,1,1,0,0,0.0,0.0,1,1
C09-darpa-optc-sysclient0201-0923,C09-darpa-optc-sysclient0201-0923|discriminative|m060|37,discriminative,0.6,37,C09-darpa-optc-sysclient0201-0923|discriminative|m060|37|d1|C09-AA-003,1,C09-AA-003,10.0,3,2,3.0,C09-AA-001>C09-AA-004,3.0,C09-AA-004>C09-AA-001,C09-AA-004>C09-AA-001,target_reached,0,zero,1,1,0,0,0.0,0.0,1,0
C09-darpa-optc-sysclient0201-0923,C09-darpa-optc-sysclient0201-0923|discriminative|m060|37,discriminative,0.6,37,C09-darpa-optc-sysclient0201-0923|discriminative|m060|37|d1|C09-AA-004,1,C09-AA-004,9.0,3,2,2.0,C09-AA-001>C09-AA-003,2.0,C09-AA-001>C09-AA-003,C09-AA-001>C09-AA-003,target_reached,0,zero,1,1,0,0,0.0,0.0,1,1
C09-darpa-optc-sysclient0201-0923,C09-darpa-optc-sysclient0201-0923|discriminative|m060|37,discriminative,0.6,37,C09-darpa-optc-sysclient0201-0923|discriminative|m060|37|d1|C09-AA-005,1,C09-AA-005,9.0,2,3,4.0,C09-AA-001>C09-AA-003>C09-AA-004,4.0,C09-AA-003>C09-AA-004>C09-AA-001,C09-AA-003>C09-AA-004>C09-AA-001,target_reached,0,zero,1,1,0,0,0.0,0.0,1,0
C09-darpa-optc-sysclient0201-0923,C09-darpa-optc-sysclient0201-0923|discriminative|m060|37,discriminative,0.6,37,C09-darpa-optc-sysclient0201-0923|discriminative|m060|37|d2|C09-AA-001>C09-AA-002,2,C09-AA-001>C09-AA-002,8.0,3,2,3.0,C09-AA-003>C09-AA-004,3.0,C09-AA-003>C09-AA-004,C09-AA-003>C09-AA-004,target_reached,0,zero,1,1,0,0,0.0,0.0,1,1
C09-darpa-optc-sysclient0201-0923,C09-darpa-optc-sysclient0201-0923|discriminative|m060|37,discriminative,0.6,37,C09-darpa-optc-sysclient0201-0923|discriminative|m060|37|d2|C09-AA-001>C09-AA-003,2,C09-AA-001>C09-AA-003,9.0,4,1,2.0,C09-AA-004,2.0,C09-AA-004,C09-AA-004,target_reached,0,zero,1,1,0,0,0.0,0.0,1,1
C09-darpa-optc-sysclient0201-0923,C09-darpa-optc-sysclient0201-0923|discriminative|m060|37,discriminative,0.6,37,C09-darpa-optc-sysclient0201-0923|discriminative|m060|37|d2|C09-AA-001>C09-AA-004,2,C09-AA-001>C09-AA-004,8.0,4,1,1.0,C09-AA-003,1.0,C09-AA-003,C09-AA-003,target_reached,0,zero,1,1,0,0,0.0,0.0,1,1
C09-darpa-optc-sysclient0201-0923,C09-darpa-optc-sysclient0201-0923|discriminative|m060|37,discriminative,0.6,37,C09-darpa-optc-sysclient0201-0923|discriminative|m060|37|d2|C09-AA-001>C09-AA-005,2,C09-AA-001>C09-AA-005,8.0,3,2,3.0,C09-AA-003>C09-AA-004,3.0,C09-AA-003>C09-AA-004,C09-AA-003>C09-AA-004,target_reached,0,zero,1,1,0,0,0.0,0.0,1,1
C09-darpa-optc-sysclient0201-0923,C09-darpa-optc-sysclient0201-0923|discriminative|m060|37,discriminative,0.6,37,C09-darpa-optc-sysclient0201-0923|discriminative|m060|37|d2|C09-AA-002>C09-AA-001,2,C09-AA-002>C09-AA-001,8.0,3,2,3.0,C09-AA-003>C09-AA-004,3.0,C09-AA-003>C09-AA-004,C09-AA-003>C09-AA-004,target_reached,0,zero,1,1,0,0,0.0,0.0,1,1
C09-darpa-optc-sysclient0201-0923,C09-darpa-optc-sysclient0201-0923|discriminative|m060|37,discriminative,0.6,37,C09-darpa-optc-sysclient0201-0923|discriminative|m060|37|d2|C09-AA-002>C09-AA-003,2,C09-AA-002>C09-AA-003,8.0,4,1,2.0,C09-AA-004,2.0,C09-AA-004,C09-AA-004,target_reached,0,zero,1,1,0,0,0.0,0.0,1,1
C09-darpa-optc-sysclient0201-0923,C09-darpa-optc-sysclient0201-0923|discriminative|m060|37,discriminative,0.6,37,C09-darpa-optc-sysclient0201-0923|discriminative|m060|37|d2|C09-AA-002>C09-AA-004,2,C09-AA-002>C09-AA-004,7.0,4,1,1.0,C09-AA-003,1.0,C09-AA-003,C09-AA-003,target_reached,0,zero,1,1,0,0,0.0,0.0,1,1
C09-darpa-optc-sysclient0201-0923,C09-darpa-optc-sysclient0201-0923|discriminative|m060|37,discriminative,0.6,37,C09-darpa-optc-sysclient0201-0923|discriminative|m060|37|d2|C09-AA-002>C09-AA-005,2,C09-AA-002>C09-AA-005,7.0,3,2,3.0,C09-AA-003>C09-AA-004,3.0,C09-AA-003>C09-AA-004,C09-AA-003>C09-AA-004,target_reached,0,zero,1,1,0,0,0.0,0.0,1,1
C09-darpa-optc-sysclient0201-0923,C09-darpa-optc-sysclient0201-0923|discriminative|m060|37,discriminative,0.6,37,C09-darpa-optc-sysclient0201-0923|discriminative|m060|37|d2|C09-AA-003>C09-AA-004,2,C09-AA-003>C09-AA-004,8.0,4,1,1.0,C09-AA-001,1.0,C09-AA-001,C09-AA-001,target_reached,0,zero,1,1,0,0,0.0,0.0,1,1
C09-darpa-optc-sysclient0201-0923,C09-darpa-optc-sysclient0201-0923|discriminative|m060|37,discriminative,0.6,37,C09-darpa-optc-sysclient0201-0923|discriminative|m060|37|d2|C09-AA-003>C09-AA-005,2,C09-AA-003>C09-AA-005,8.0,3,2,3.0,C09-AA-001>C09-AA-004,3.0,C09-AA-004>C09-AA-001,C09-AA-004>C09-AA-001,target_reached,0,zero,1,1,0,0,0.0,0.0,1,0
C09-darpa-optc-sysclient0201-0923,C09-darpa-optc-sysclient0201-0923|discriminative|m060|37,discriminative,0.6,37,C09-darpa-optc-sysclient0201-0923|discriminative|m060|37|d2|C09-AA-004>C09-AA-005,2,C09-AA-004>C09-AA-005,7.0,3,2,2.0,C09-AA-001>C09-AA-003,2.0,C09-AA-001>C09-AA-003,C09-AA-002>C09-AA-003,target_reached,1,zero,1,1,0,0,0.0,0.0,1,1
C09-darpa-optc-sysclient0201-0923,C09-darpa-optc-sysclient0201-0923|discriminative|m060|41,discriminative,0.6,41,C09-darpa-optc-sysclient0201-0923|discriminative|m060|41|d0|root,0,,11.0,2,3,4.0,C09-AA-001>C09-AA-003>C09-AA-004,4.0,C09-AA-004>C09-AA-001>C09-AA-003,C09-AA-004>C09-AA-001>C09-AA-003,target_reached,0,zero,1,1,0,0,0.0,0.0,1,0
C09-darpa-optc-sysclient0201-0923,C09-darpa-optc-sysclient0201-0923|discriminative|m060|41,discriminative,0.6,41,C09-darpa-optc-sysclient0201-0923|discriminative|m060|41|d1|C09-AA-001,1,C09-AA-001,10.0,3,2,3.0,C09-AA-003>C09-AA-004,3.0,C09-AA-003>C09-AA-004,C09-AA-003>C09-AA-004,target_reached,0,zero,1,1,0,0,0.0,0.0,1,1
C09-darpa-optc-sysclient0201-0923,C09-darpa-optc-sysclient0201-0923|discriminative|m060|41,discriminative,0.6,41,C09-darpa-optc-sysclient0201-0923|discriminative|m060|41|d1|C09-AA-002,1,C09-AA-002,9.0,3,2,3.0,C09-AA-003>C09-AA-004,3.0,C09-AA-003>C09-AA-004,C09-AA-003>C09-AA-004,target_reached,0,zero,1,1,0,0,0.0,0.0,1,1
C09-darpa-optc-sysclient0201-0923,C09-darpa-optc-sysclient0201-0923|discriminative|m060|41,discriminative,0.6,41,C09-darpa-optc-sysclient0201-0923|discriminative|m060|41|d1|C09-AA-003,1,C09-AA-003,10.0,3,2,3.0,C09-AA-001>C09-AA-004,3.0,C09-AA-004>C09-AA-001,C09-AA-004>C09-AA-001,target_reached,0,zero,1,1,0,0,0.0,0.0,1,0
C09-darpa-optc-sysclient0201-0923,C09-darpa-optc-sysclient0201-0923|discriminative|m060|41,discriminative,0.6,41,C09-darpa-optc-sysclient0201-0923|discriminative|m060|41|d1|C09-AA-004,1,C09-AA-004,9.0,3,2,2.0,C09-AA-001>C09-AA-003,2.0,C09-AA-001>C09-AA-003,C09-AA-001>C09-AA-003,target_reached,0,zero,1,1,0,0,0.0,0.0,1,1
C09-darpa-optc-sysclient0201-0923,C09-darpa-optc-sysclient0201-0923|discriminative|m060|41,discriminative,0.6,41,C09-darpa-optc-sysclient0201-0923|discriminative|m060|41|d1|C09-AA-005,1,C09-AA-005,9.0,2,3,4.0,C09-AA-001>C09-AA-003>C09-AA-004,4.0,C09-AA-003>C09-AA-004>C09-AA-001,C09-AA-003>C09-AA-004>C09-AA-001,target_reached,0,zero,1,1,0,0,0.0,0.0,1,0
C09-darpa-optc-sysclient0201-0923,C09-darpa-optc-sysclient0201-0923|discriminative|m060|41,discriminative,0.6,41,C09-darpa-optc-sysclient0201-0923|discriminative|m060|41|d2|C09-AA-001>C09-AA-002,2,C09-AA-001>C09-AA-002,8.0,3,2,3.0,C09-AA-003>C09-AA-004,3.0,C09-AA-003>C09-AA-004,C09-AA-003>C09-AA-004,target_reached,0,zero,1,1,0,0,0.0,0.0,1,1
C09-darpa-optc-sysclient0201-0923,C09-darpa-optc-sysclient0201-0923|discriminative|m060|41,discriminative,0.6,41,C09-darpa-optc-sysclient0201-0923|discriminative|m060|41|d2|C09-AA-001>C09-AA-003,2,C09-AA-001>C09-AA-003,9.0,4,1,2.0,C09-AA-004,2.0,C09-AA-004,C09-AA-004,target_reached,0,zero,1,1,0,0,0.0,0.0,1,1
C09-darpa-optc-sysclient0201-0923,C09-darpa-optc-sysclient0201-0923|discriminative|m060|41,discriminative,0.6,41,C09-darpa-optc-sysclient0201-0923|discriminative|m060|41|d2|C09-AA-001>C09-AA-004,2,C09-AA-001>C09-AA-004,8.0,4,1,1.0,C09-AA-003,1.0,C09-AA-003,C09-AA-003,target_reached,0,zero,1,1,0,0,0.0,0.0,1,1
C09-darpa-optc-sysclient0201-0923,C09-darpa-optc-sysclient0201-0923|discriminative|m060|41,discriminative,0.6,41,C09-darpa-optc-sysclient0201-0923|discriminative|m060|41|d2|C09-AA-001>C09-AA-005,2,C09-AA-001>C09-AA-005,8.0,3,2,3.0,C09-AA-003>C09-AA-004,3.0,C09-AA-003>C09-AA-004,C09-AA-003>C09-AA-004,target_reached,0,zero,1,1,0,0,0.0,0.0,1,1
C09-darpa-optc-sysclient0201-0923,C09-darpa-optc-sysclient0201-0923|discriminative|m060|41,discriminative,0.6,41,C09-darpa-optc-sysclient0201-0923|discriminative|m060|41|d2|C09-AA-002>C09-AA-001,2,C09-AA-002>C09-AA-001,8.0,3,2,3.0,C09-AA-003>C09-AA-004,3.0,C09-AA-003>C09-AA-004,C09-AA-003>C09-AA-004,target_reached,0,zero,1,1,0,0,0.0,0.0,1,1
C09-darpa-optc-sysclient0201-0923,C09-darpa-optc-sysclient0201-0923|discriminative|m060|41,discriminative,0.6,41,C09-darpa-optc-sysclient0201-0923|discriminative|m060|41|d2|C09-AA-002>C09-AA-003,2,C09-AA-002>C09-AA-003,8.0,4,1,2.0,C09-AA-004,2.0,C09-AA-004,C09-AA-004,target_reached,0,zero,1,1,0,0,0.0,0.0,1,1
C09-darpa-optc-sysclient0201-0923,C09-darpa-optc-sysclient0201-0923|discriminative|m060|41,discriminative,0.6,41,C09-darpa-optc-sysclient0201-0923|discriminative|m060|41|d2|C09-AA-002>C09-AA-004,2,C09-AA-002>C09-AA-004,7.0,4,1,1.0,C09-AA-003,1.0,C09-AA-003,C09-AA-003,target_reached,0,zero,1,1,0,0,0.0,0.0,1,1
C09-darpa-optc-sysclient0201-0923,C09-darpa-optc-sysclient0201-0923|discriminative|m060|41,discriminative,0.6,41,C09-darpa-optc-sysclient0201-0923|discriminative|m060|41|d2|C09-AA-002>C09-AA-005,2,C09-AA-002>C09-AA-005,7.0,3,2,3.0,C09-AA-003>C09-AA-004,3.0,C09-AA-003>C09-AA-004,C09-AA-003>C09-AA-004,target_reached,0,zero,1,1,0,0,0.0,0.0,1,1
C09-darpa-optc-sysclient0201-0923,C09-darpa-optc-sysclient0201-0923|discriminative|m060|41,discriminative,0.6,41,C09-darpa-optc-sysclient0201-0923|discriminative|m060|41|d2|C09-AA-003>C09-AA-004,2,C09-AA-003>C09-AA-004,8.0,4,1,1.0,C09-AA-001,1.0,C09-AA-001,C09-AA-001,target_reached,0,zero,1,1,0,0,0.0,0.0,1,1
C09-darpa-optc-sysclient0201-0923,C09-darpa-optc-sysclient0201-0923|discriminative|m060|41,discriminative,0.6,41,C09-darpa-optc-sysclient0201-0923|discriminative|m060|41|d2|C09-AA-003>C09-AA-005,2,C09-AA-003>C09-AA-005,8.0,3,2,3.0,C09-AA-001>C09-AA-004,3.0,C09-AA-004>C09-AA-001,C09-AA-004>C09-AA-001,target_reached,0,zero,1,1,0,0,0.0,0.0,1,0
C09-darpa-optc-sysclient0201-0923,C09-darpa-optc-sysclient0201-0923|discriminative|m060|41,discriminative,0.6,41,C09-darpa-optc-sysclient0201-0923|discriminative|m060|41|d2|C09-AA-004>C09-AA-005,2,C09-AA-004>C09-AA-005,7.0,3,2,2.0,C09-AA-001>C09-AA-003,2.0,C09-AA-001>C09-AA-003,C09-AA-002>C09-AA-003,target_reached,1,zero,1,1,0,0,0.0,0.0,1,1
C09-darpa-optc-sysclient0201-0923,C09-darpa-optc-sysclient0201-0923|discriminative|m060|53,discriminative,0.6,53,C09-darpa-optc-sysclient0201-0923|discriminative|m060|53|d0|root,0,,11.0,2,3,4.0,C09-AA-001>C09-AA-003>C09-AA-004,4.0,C09-AA-004>C09-AA-001>C09-AA-003,C09-AA-004>C09-AA-001>C09-AA-003,target_reached,0,zero,1,1,0,0,0.0,0.0,1,0
C09-darpa-optc-sysclient0201-0923,C09-darpa-optc-sysclient0201-0923|discriminative|m060|53,discriminative,0.6,53,C09-darpa-optc-sysclient0201-0923|discriminative|m060|53|d1|C09-AA-001,1,C09-AA-001,10.0,3,2,3.0,C09-AA-003>C09-AA-004,3.0,C09-AA-003>C09-AA-004,C09-AA-003>C09-AA-004,target_reached,0,zero,1,1,0,0,0.0,0.0,1,1
C09-darpa-optc-sysclient0201-0923,C09-darpa-optc-sysclient0201-0923|discriminative|m060|53,discriminative,0.6,53,C09-darpa-optc-sysclient0201-0923|discriminative|m060|53|d1|C09-AA-002,1,C09-AA-002,9.0,3,2,3.0,C09-AA-003>C09-AA-004,3.0,C09-AA-003>C09-AA-004,C09-AA-003>C09-AA-004,target_reached,0,zero,1,1,0,0,0.0,0.0,1,1
C09-darpa-optc-sysclient0201-0923,C09-darpa-optc-sysclient0201-0923|discriminative|m060|53,discriminative,0.6,53,C09-darpa-optc-sysclient0201-0923|discriminative|m060|53|d1|C09-AA-003,1,C09-AA-003,10.0,3,2,3.0,C09-AA-001>C09-AA-004,3.0,C09-AA-004>C09-AA-001,C09-AA-004>C09-AA-001,target_reached,0,zero,1,1,0,0,0.0,0.0,1,0
C09-darpa-optc-sysclient0201-0923,C09-darpa-optc-sysclient0201-0923|discriminative|m060|53,discriminative,0.6,53,C09-darpa-optc-sysclient0201-0923|discriminative|m060|53|d1|C09-AA-004,1,C09-AA-004,9.0,3,2,2.0,C09-AA-001>C09-AA-003,2.0,C09-AA-001>C09-AA-003,C09-AA-001>C09-AA-003,target_reached,0,zero,1,1,0,0,0.0,0.0,1,1
C09-darpa-optc-sysclient0201-0923,C09-darpa-optc-sysclient0201-0923|discriminative|m060|53,discriminative,0.6,53,C09-darpa-optc-sysclient0201-0923|discriminative|m060|53|d1|C09-AA-005,1,C09-AA-005,9.0,2,3,4.0,C09-AA-001>C09-AA-003>C09-AA-004,4.0,C09-AA-003>C09-AA-004>C09-AA-001,C09-AA-003>C09-AA-004>C09-AA-001,target_reached,0,zero,1,1,0,0,0.0,0.0,1,0
C09-darpa-optc-sysclient0201-0923,C09-darpa-optc-sysclient0201-0923|discriminative|m060|53,discriminative,0.6,53,C09-darpa-optc-sysclient0201-0923|discriminative|m060|53|d2|C09-AA-001>C09-AA-002,2,C09-AA-001>C09-AA-002,8.0,3,2,3.0,C09-AA-003>C09-AA-004,3.0,C09-AA-003>C09-AA-004,C09-AA-003>C09-AA-004,target_reached,0,zero,1,1,0,0,0.0,0.0,1,1
C09-darpa-optc-sysclient0201-0923,C09-darpa-optc-sysclient0201-0923|discriminative|m060|53,discriminative,0.6,53,C09-darpa-optc-sysclient0201-0923|discriminative|m060|53|d2|C09-AA-001>C09-AA-003,2,C09-AA-001>C09-AA-003,9.0,4,1,2.0,C09-AA-004,2.0,C09-AA-004,C09-AA-004,target_reached,0,zero,1,1,0,0,0.0,0.0,1,1
C09-darpa-optc-sysclient0201-0923,C09-darpa-optc-sysclient0201-0923|discriminative|m060|53,discriminative,0.6,53,C09-darpa-optc-sysclient0201-0923|discriminative|m060|53|d2|C09-AA-001>C09-AA-004,2,C09-AA-001>C09-AA-004,8.0,4,1,1.0,C09-AA-003,1.0,C09-AA-003,C09-AA-003,target_reached,0,zero,1,1,0,0,0.0,0.0,1,1
C09-darpa-optc-sysclient0201-0923,C09-darpa-optc-sysclient0201-0923|discriminative|m060|53,discriminative,0.6,53,C09-darpa-optc-sysclient0201-0923|discriminative|m060|53|d2|C09-AA-001>C09-AA-005,2,C09-AA-001>C09-AA-005,8.0,3,2,3.0,C09-AA-003>C09-AA-004,3.0,C09-AA-003>C09-AA-004,C09-AA-003>C09-AA-004,target_reached,0,zero,1,1,0,0,0.0,0.0,1,1
C09-darpa-optc-sysclient0201-0923,C09-darpa-optc-sysclient0201-0923|discriminative|m060|53,discriminative,0.6,53,C09-darpa-optc-sysclient0201-0923|discriminative|m060|53|d2|C09-AA-002>C09-AA-001,2,C09-AA-002>C09-AA-001,8.0,3,2,3.0,C09-AA-003>C09-AA-004,3.0,C09-AA-003>C09-AA-004,C09-AA-003>C09-AA-004,target_reached,0,zero,1,1,0,0,0.0,0.0,1,1
C09-darpa-optc-sysclient0201-0923,C09-darpa-optc-sysclient0201-0923|discriminative|m060|53,discriminative,0.6,53,C09-darpa-optc-sysclient0201-0923|discriminative|m060|53|d2|C09-AA-002>C09-AA-003,2,C09-AA-002>C09-AA-003,8.0,4,1,2.0,C09-AA-004,2.0,C09-AA-004,C09-AA-004,target_reached,0,zero,1,1,0,0,0.0,0.0,1,1
C09-darpa-optc-sysclient0201-0923,C09-darpa-optc-sysclient0201-0923|discriminative|m060|53,discriminative,0.6,53,C09-darpa-optc-sysclient0201-0923|discriminative|m060|53|d2|C09-AA-002>C09-AA-004,2,C09-AA-002>C09-AA-004,7.0,4,1,1.0,C09-AA-003,1.0,C09-AA-003,C09-AA-003,target_reached,0,zero,1,1,0,0,0.0,0.0,1,1
C09-darpa-optc-sysclient0201-0923,C09-darpa-optc-sysclient0201-0923|discriminative|m060|53,discriminative,0.6,53,C09-darpa-optc-sysclient0201-0923|discriminative|m060|53|d2|C09-AA-002>C09-AA-005,2,C09-AA-002>C09-AA-005,7.0,3,2,3.0,C09-AA-003>C09-AA-004,3.0,C09-AA-003>C09-AA-004,C09-AA-003>C09-AA-004,target_reached,0,zero,1,1,0,0,0.0,0.0,1,1
C09-darpa-optc-sysclient0201-0923,C09-darpa-optc-sysclient0201-0923|discriminative|m060|53,discriminative,0.6,53,C09-darpa-optc-sysclient0201-0923|discriminative|m060|53|d2|C09-AA-003>C09-AA-004,2,C09-AA-003>C09-AA-004,8.0,4,1,1.0,C09-AA-001,1.0,C09-AA-001,C09-AA-001,target_reached,0,zero,1,1,0,0,0.0,0.0,1,1
C09-darpa-optc-sysclient0201-0923,C09-darpa-optc-sysclient0201-0923|discriminative|m060|53,discriminative,0.6,53,C09-darpa-optc-sysclient0201-0923|discriminative|m060|53|d2|C09-AA-003>C09-AA-005,2,C09-AA-003>C09-AA-005,8.0,3,2,3.0,C09-AA-001>C09-AA-004,3.0,C09-AA-004>C09-AA-001,C09-AA-004>C09-AA-001,target_reached,0,zero,1,1,0,0,0.0,0.0,1,0
C09-darpa-optc-sysclient0201-0923,C09-darpa-optc-sysclient0201-0923|discriminative|m060|53,discriminative,0.6,53,C09-darpa-optc-sysclient0201-0923|discriminative|m060|53|d2|C09-AA-004>C09-AA-005,2,C09-AA-004>C09-AA-005,7.0,3,2,2.0,C09-AA-001>C09-AA-003,2.0,C09-AA-001>C09-AA-003,C09-AA-002>C09-AA-003,target_reached,1,zero,1,1,0,0,0.0,0.0,1,1
C10-darpa-optc-sysclient0351-0925,C10-darpa-optc-sysclient0351-0925|random|m020|11,random,0.2,11,C10-darpa-optc-sysclient0351-0925|random|m020|11|d0|root,0,,11.0,4,1,2.0,C10-AA-005,2.0,C10-AA-005,C10-AA-005,target_reached,0,zero,1,1,0,0,0.0,0.0,1,1
C10-darpa-optc-sysclient0351-0925,C10-darpa-optc-sysclient0351-0925|random|m020|11,random,0.2,11,C10-darpa-optc-sysclient0351-0925|random|m020|11|d1|C10-AA-001,1,C10-AA-001,10.0,4,1,2.0,C10-AA-005,2.0,C10-AA-005,C10-AA-005,target_reached,0,zero,1,1,0,0,0.0,0.0,1,1
C10-darpa-optc-sysclient0351-0925,C10-darpa-optc-sysclient0351-0925|random|m020|11,random,0.2,11,C10-darpa-optc-sysclient0351-0925|random|m020|11|d1|C10-AA-002,1,C10-AA-002,9.0,4,1,2.0,C10-AA-005,2.0,C10-AA-005,C10-AA-005,target_reached,0,zero,1,1,0,0,0.0,0.0,1,1
C10-darpa-optc-sysclient0351-0925,C10-darpa-optc-sysclient0351-0925|random|m020|11,random,0.2,11,C10-darpa-optc-sysclient0351-0925|random|m020|11|d1|C10-AA-003,1,C10-AA-003,10.0,4,1,2.0,C10-AA-005,2.0,C10-AA-005,C10-AA-005,target_reached,0,zero,1,1,0,0,0.0,0.0,1,1
C10-darpa-optc-sysclient0351-0925,C10-darpa-optc-sysclient0351-0925|random|m020|11,random,0.2,11,C10-darpa-optc-sysclient0351-0925|random|m020|11|d1|C10-AA-004,1,C10-AA-004,9.0,4,1,2.0,C10-AA-005,2.0,C10-AA-005,C10-AA-005,target_reached,0,zero,1,1,0,0,0.0,0.0,1,1
C10-darpa-optc-sysclient0351-0925,C10-darpa-optc-sysclient0351-0925|random|m020|11,random,0.2,11,C10-darpa-optc-sysclient0351-0925|random|m020|11|d2|C10-AA-001>C10-AA-002,2,C10-AA-001>C10-AA-002,8.0,4,1,2.0,C10-AA-005,2.0,C10-AA-005,C10-AA-005,target_reached,0,zero,1,1,0,0,0.0,0.0,1,1
C10-darpa-optc-sysclient0351-0925,C10-darpa-optc-sysclient0351-0925|random|m020|11,random,0.2,11,C10-darpa-optc-sysclient0351-0925|random|m020|11|d2|C10-AA-001>C10-AA-003,2,C10-AA-001>C10-AA-003,9.0,4,1,2.0,C10-AA-005,2.0,C10-AA-005,C10-AA-005,target_reached,0,zero,1,1,0,0,0.0,0.0,1,1
C10-darpa-optc-sysclient0351-0925,C10-darpa-optc-sysclient0351-0925|random|m020|11,random,0.2,11,C10-darpa-optc-sysclient0351-0925|random|m020|11|d2|C10-AA-001>C10-AA-004,2,C10-AA-001>C10-AA-004,8.0,4,1,2.0,C10-AA-005,2.0,C10-AA-005,C10-AA-005,target_reached,0,zero,1,1,0,0,0.0,0.0,1,1
C10-darpa-optc-sysclient0351-0925,C10-darpa-optc-sysclient0351-0925|random|m020|11,random,0.2,11,C10-darpa-optc-sysclient0351-0925|random|m020|11|d2|C10-AA-002>C10-AA-003,2,C10-AA-002>C10-AA-003,8.0,4,1,2.0,C10-AA-005,2.0,C10-AA-005,C10-AA-005,target_reached,0,zero,1,1,0,0,0.0,0.0,1,1
C10-darpa-optc-sysclient0351-0925,C10-darpa-optc-sysclient0351-0925|random|m020|11,random,0.2,11,C10-darpa-optc-sysclient0351-0925|random|m020|11|d2|C10-AA-002>C10-AA-004,2,C10-AA-002>C10-AA-004,7.0,4,1,2.0,C10-AA-005,2.0,C10-AA-005,C10-AA-005,target_reached,0,zero,1,1,0,0,0.0,0.0,1,1
C10-darpa-optc-sysclient0351-0925,C10-darpa-optc-sysclient0351-0925|random|m020|11,random,0.2,11,C10-darpa-optc-sysclient0351-0925|random|m020|11|d2|C10-AA-003>C10-AA-004,2,C10-AA-003>C10-AA-004,8.0,4,1,2.0,C10-AA-005,2.0,C10-AA-005,C10-AA-005,target_reached,0,zero,1,1,0,0,0.0,0.0,1,1
C10-darpa-optc-sysclient0351-0925,C10-darpa-optc-sysclient0351-0925|random|m020|23,random,0.2,23,C10-darpa-optc-sysclient0351-0925|random|m020|23|d0|root,0,,11.0,4,1,2.0,C10-AA-002,3.0,C10-AA-001>C10-AA-002,C10-AA-001>C10-AA-002,target_reached,0,positive,1,1,0,0,1.0,0.5,0,0
C10-darpa-optc-sysclient0351-0925,C10-darpa-optc-sysclient0351-0925|random|m020|23,random,0.2,23,C10-darpa-optc-sysclient0351-0925|random|m020|23|d1|C10-AA-001,1,C10-AA-001,10.0,4,1,2.0,C10-AA-002,2.0,C10-AA-002,C10-AA-002,target_reached,0,zero,1,1,0,0,0.0,0.0,1,1
C10-darpa-optc-sysclient0351-0925,C10-darpa-optc-sysclient0351-0925|random|m020|23,random,0.2,23,C10-darpa-optc-sysclient0351-0925|random|m020|23|d1|C10-AA-003,1,C10-AA-003,10.0,4,1,2.0,C10-AA-002,3.0,C10-AA-001>C10-AA-002,C10-AA-001>C10-AA-002,target_reached,0,positive,1,1,0,0,1.0,0.5,0,0
C10-darpa-optc-sysclient0351-0925,C10-darpa-optc-sysclient0351-0925|random|m020|23,random,0.2,23,C10-darpa-optc-sysclient0351-0925|random|m020|23|d1|C10-AA-004,1,C10-AA-004,9.0,4,1,2.0,C10-AA-002,3.0,C10-AA-001>C10-AA-002,C10-AA-001>C10-AA-002,target_reached,0,positive,1,1,0,0,1.0,0.5,0,0
C10-darpa-optc-sysclient0351-0925,C10-darpa-optc-sysclient0351-0925|random|m020|23,random,0.2,23,C10-darpa-optc-sysclient0351-0925|random|m020|23|d1|C10-AA-005,1,C10-AA-005,9.0,4,1,2.0,C10-AA-002,3.0,C10-AA-001>C10-AA-002,C10-AA-001>C10-AA-002,target_reached,0,positive,1,1,0,0,1.0,0.5,0,0
C10-darpa-optc-sysclient0351-0925,C10-darpa-optc-sysclient0351-0925|random|m020|23,random,0.2,23,C10-darpa-optc-sysclient0351-0925|random|m020|23|d2|C10-AA-001>C10-AA-003,2,C10-AA-001>C10-AA-003,9.0,4,1,2.0,C10-AA-002,2.0,C10-AA-002,C10-AA-002,target_reached,0,zero,1,1,0,0,0.0,0.0,1,1
C10-darpa-optc-sysclient0351-0925,C10-darpa-optc-sysclient0351-0925|random|m020|23,random,0.2,23,C10-darpa-optc-sysclient0351-0925|random|m020|23|d2|C10-AA-001>C10-AA-004,2,C10-AA-001>C10-AA-004,8.0,4,1,2.0,C10-AA-002,2.0,C10-AA-002,C10-AA-002,target_reached,0,zero,1,1,0,0,0.0,0.0,1,1
C10-darpa-optc-sysclient0351-0925,C10-darpa-optc-sysclient0351-0925|random|m020|23,random,0.2,23,C10-darpa-optc-sysclient0351-0925|random|m020|23|d2|C10-AA-001>C10-AA-005,2,C10-AA-001>C10-AA-005,8.0,4,1,2.0,C10-AA-002,2.0,C10-AA-002,C10-AA-002,target_reached,0,zero,1,1,0,0,0.0,0.0,1,1
C10-darpa-optc-sysclient0351-0925,C10-darpa-optc-sysclient0351-0925|random|m020|23,random,0.2,23,C10-darpa-optc-sysclient0351-0925|random|m020|23|d2|C10-AA-003>C10-AA-004,2,C10-AA-003>C10-AA-004,8.0,4,1,2.0,C10-AA-002,2.0,C10-AA-002,C10-AA-002,target_reached,0,zero,1,1,0,0,0.0,0.0,1,1
C10-darpa-optc-sysclient0351-0925,C10-darpa-optc-sysclient0351-0925|random|m020|23,random,0.2,23,C10-darpa-optc-sysclient0351-0925|random|m020|23|d2|C10-AA-003>C10-AA-005,2,C10-AA-003>C10-AA-005,8.0,4,1,2.0,C10-AA-002,2.0,C10-AA-002,C10-AA-002,target_reached,0,zero,1,1,0,0,0.0,0.0,1,1
C10-darpa-optc-sysclient0351-0925,C10-darpa-optc-sysclient0351-0925|random|m020|23,random,0.2,23,C10-darpa-optc-sysclient0351-0925|random|m020|23|d2|C10-AA-004>C10-AA-005,2,C10-AA-004>C10-AA-005,7.0,4,1,2.0,C10-AA-002,2.0,C10-AA-002,C10-AA-002,target_reached,0,zero,1,1,0,0,0.0,0.0,1,1
C10-darpa-optc-sysclient0351-0925,C10-darpa-optc-sysclient0351-0925|random|m020|41,random,0.2,41,C10-darpa-optc-sysclient0351-0925|random|m020|41|d0|root,0,,11.0,4,1,2.0,C10-AA-005,2.0,C10-AA-005,C10-AA-005,target_reached,0,zero,1,1,0,0,0.0,0.0,1,1
C10-darpa-optc-sysclient0351-0925,C10-darpa-optc-sysclient0351-0925|random|m020|41,random,0.2,41,C10-darpa-optc-sysclient0351-0925|random|m020|41|d1|C10-AA-001,1,C10-AA-001,10.0,4,1,2.0,C10-AA-005,2.0,C10-AA-005,C10-AA-005,target_reached,0,zero,1,1,0,0,0.0,0.0,1,1
C10-darpa-optc-sysclient0351-0925,C10-darpa-optc-sysclient0351-0925|random|m020|41,random,0.2,41,C10-darpa-optc-sysclient0351-0925|random|m020|41|d1|C10-AA-002,1,C10-AA-002,9.0,4,1,2.0,C10-AA-005,2.0,C10-AA-005,C10-AA-005,target_reached,0,zero,1,1,0,0,0.0,0.0,1,1
C10-darpa-optc-sysclient0351-0925,C10-darpa-optc-sysclient0351-0925|random|m020|41,random,0.2,41,C10-darpa-optc-sysclient0351-0925|random|m020|41|d1|C10-AA-003,1,C10-AA-003,10.0,4,1,2.0,C10-AA-005,2.0,C10-AA-005,C10-AA-005,target_reached,0,zero,1,1,0,0,0.0,0.0,1,1
C10-darpa-optc-sysclient0351-0925,C10-darpa-optc-sysclient0351-0925|random|m020|41,random,0.2,41,C10-darpa-optc-sysclient0351-0925|random|m020|41|d1|C10-AA-004,1,C10-AA-004,9.0,4,1,2.0,C10-AA-005,2.0,C10-AA-005,C10-AA-005,target_reached,0,zero,1,1,0,0,0.0,0.0,1,1
C10-darpa-optc-sysclient0351-0925,C10-darpa-optc-sysclient0351-0925|random|m020|41,random,0.2,41,C10-darpa-optc-sysclient0351-0925|random|m020|41|d2|C10-AA-001>C10-AA-002,2,C10-AA-001>C10-AA-002,8.0,4,1,2.0,C10-AA-005,2.0,C10-AA-005,C10-AA-005,target_reached,0,zero,1,1,0,0,0.0,0.0,1,1
C10-darpa-optc-sysclient0351-0925,C10-darpa-optc-sysclient0351-0925|random|m020|41,random,0.2,41,C10-darpa-optc-sysclient0351-0925|random|m020|41|d2|C10-AA-001>C10-AA-003,2,C10-AA-001>C10-AA-003,9.0,4,1,2.0,C10-AA-005,2.0,C10-AA-005,C10-AA-005,target_reached,0,zero,1,1,0,0,0.0,0.0,1,1
C10-darpa-optc-sysclient0351-0925,C10-darpa-optc-sysclient0351-0925|random|m020|41,random,0.2,41,C10-darpa-optc-sysclient0351-0925|random|m020|41|d2|C10-AA-001>C10-AA-004,2,C10-AA-001>C10-AA-004,8.0,4,1,2.0,C10-AA-005,2.0,C10-AA-005,C10-AA-005,target_reached,0,zero,1,1,0,0,0.0,0.0,1,1
C10-darpa-optc-sysclient0351-0925,C10-darpa-optc-sysclient0351-0925|random|m020|41,random,0.2,41,C10-darpa-optc-sysclient0351-0925|random|m020|41|d2|C10-AA-002>C10-AA-003,2,C10-AA-002>C10-AA-003,8.0,4,1,2.0,C10-AA-005,2.0,C10-AA-005,C10-AA-005,target_reached,0,zero,1,1,0,0,0.0,0.0,1,1
C10-darpa-optc-sysclient0351-0925,C10-darpa-optc-sysclient0351-0925|random|m020|41,random,0.2,41,C10-darpa-optc-sysclient0351-0925|random|m020|41|d2|C10-AA-002>C10-AA-004,2,C10-AA-002>C10-AA-004,7.0,4,1,2.0,C10-AA-005,2.0,C10-AA-005,C10-AA-005,target_reached,0,zero,1,1,0,0,0.0,0.0,1,1
C10-darpa-optc-sysclient0351-0925,C10-darpa-optc-sysclient0351-0925|random|m020|41,random,0.2,41,C10-darpa-optc-sysclient0351-0925|random|m020|41|d2|C10-AA-003>C10-AA-004,2,C10-AA-003>C10-AA-004,8.0,4,1,2.0,C10-AA-005,2.0,C10-AA-005,C10-AA-005,target_reached,0,zero,1,1,0,0,0.0,0.0,1,1
C10-darpa-optc-sysclient0351-0925,C10-darpa-optc-sysclient0351-0925|random|m040|11,random,0.4,11,C10-darpa-optc-sysclient0351-0925|random|m040|11|d0|root,0,,11.0,3,2,2.0,C10-AA-005,2.0,C10-AA-005,C10-AA-005,target_reached,0,zero,1,1,0,0,0.0,0.0,1,1
C10-darpa-optc-sysclient0351-0925,C10-darpa-optc-sysclient0351-0925|random|m040|11,random,0.4,11,C10-darpa-optc-sysclient0351-0925|random|m040|11|d1|C10-AA-001,1,C10-AA-001,10.0,3,2,2.0,C10-AA-005,2.0,C10-AA-005,C10-AA-005,target_reached,0,zero,1,1,0,0,0.0,0.0,1,1
C10-darpa-optc-sysclient0351-0925,C10-darpa-optc-sysclient0351-0925|random|m040|11,random,0.4,11,C10-darpa-optc-sysclient0351-0925|random|m040|11|d1|C10-AA-002,1,C10-AA-002,9.0,3,2,2.0,C10-AA-005,2.0,C10-AA-005,C10-AA-005,target_reached,0,zero,1,1,0,0,0.0,0.0,1,1
C10-darpa-optc-sysclient0351-0925,C10-darpa-optc-sysclient0351-0925|random|m040|11,random,0.4,11,C10-darpa-optc-sysclient0351-0925|random|m040|11|d1|C10-AA-003,1,C10-AA-003,10.0,3,2,2.0,C10-AA-005,2.0,C10-AA-005,C10-AA-005,target_reached,0,zero,1,1,0,0,0.0,0.0,1,1
C10-darpa-optc-sysclient0351-0925,C10-darpa-optc-sysclient0351-0925|random|m040|11,random,0.4,11,C10-darpa-optc-sysclient0351-0925|random|m040|11|d1|C10-AA-004,1,C10-AA-004,9.0,3,2,2.0,C10-AA-005,2.0,C10-AA-005,C10-AA-005,target_reached,0,zero,1,1,0,0,0.0,0.0,1,1
C10-darpa-optc-sysclient0351-0925,C10-darpa-optc-sysclient0351-0925|random|m040|11,random,0.4,11,C10-darpa-optc-sysclient0351-0925|random|m040|11|d2|C10-AA-001>C10-AA-002,2,C10-AA-001>C10-AA-002,8.0,3,2,2.0,C10-AA-005,2.0,C10-AA-005,C10-AA-005,target_reached,0,zero,1,1,0,0,0.0,0.0,1,1
C10-darpa-optc-sysclient0351-0925,C10-darpa-optc-sysclient0351-0925|random|m040|11,random,0.4,11,C10-darpa-optc-sysclient0351-0925|random|m040|11|d2|C10-AA-001>C10-AA-003,2,C10-AA-001>C10-AA-003,9.0,3,2,2.0,C10-AA-005,2.0,C10-AA-005,C10-AA-005,target_reached,0,zero,1,1,0,0,0.0,0.0,1,1
C10-darpa-optc-sysclient0351-0925,C10-darpa-optc-sysclient0351-0925|random|m040|11,random,0.4,11,C10-darpa-optc-sysclient0351-0925|random|m040|11|d2|C10-AA-001>C10-AA-004,2,C10-AA-001>C10-AA-004,8.0,3,2,2.0,C10-AA-005,2.0,C10-AA-005,C10-AA-005,target_reached,0,zero,1,1,0,0,0.0,0.0,1,1
C10-darpa-optc-sysclient0351-0925,C10-darpa-optc-sysclient0351-0925|random|m040|11,random,0.4,11,C10-darpa-optc-sysclient0351-0925|random|m040|11|d2|C10-AA-002>C10-AA-003,2,C10-AA-002>C10-AA-003,8.0,3,2,2.0,C10-AA-005,2.0,C10-AA-005,C10-AA-005,target_reached,0,zero,1,1,0,0,0.0,0.0,1,1
C10-darpa-optc-sysclient0351-0925,C10-darpa-optc-sysclient0351-0925|random|m040|11,random,0.4,11,C10-darpa-optc-sysclient0351-0925|random|m040|11|d2|C10-AA-002>C10-AA-004,2,C10-AA-002>C10-AA-004,7.0,3,2,2.0,C10-AA-005,2.0,C10-AA-005,C10-AA-005,target_reached,0,zero,1,1,0,0,0.0,0.0,1,1
C10-darpa-optc-sysclient0351-0925,C10-darpa-optc-sysclient0351-0925|random|m040|11,random,0.4,11,C10-darpa-optc-sysclient0351-0925|random|m040|11|d2|C10-AA-003>C10-AA-004,2,C10-AA-003>C10-AA-004,8.0,3,2,2.0,C10-AA-005,2.0,C10-AA-005,C10-AA-005,target_reached,0,zero,1,1,0,0,0.0,0.0,1,1
C10-darpa-optc-sysclient0351-0925,C10-darpa-optc-sysclient0351-0925|random|m040|23,random,0.4,23,C10-darpa-optc-sysclient0351-0925|random|m040|23|d0|root,0,,11.0,3,2,3.0,C10-AA-002>C10-AA-003,4.0,C10-AA-003>C10-AA-001>C10-AA-002,C10-AA-003>C10-AA-001>C10-AA-002,target_reached,0,positive,1,1,0,0,1.0,0.3333333333333333,0,0
C10-darpa-optc-sysclient0351-0925,C10-darpa-optc-sysclient0351-0925|random|m040|23,random,0.4,23,C10-darpa-optc-sysclient0351-0925|random|m040|23|d1|C10-AA-001,1,C10-AA-001,10.0,3,2,3.0,C10-AA-002>C10-AA-003,3.0,C10-AA-003>C10-AA-002,C10-AA-003>C10-AA-002,target_reached,0,zero,1,1,0,0,0.0,0.0,1,0
C10-darpa-optc-sysclient0351-0925,C10-darpa-optc-sysclient0351-0925|random|m040|23,random,0.4,23,C10-darpa-optc-sysclient0351-0925|random|m040|23|d1|C10-AA-002,1,C10-AA-002,9.0,4,1,1.0,C10-AA-003,1.0,C10-AA-003,C10-AA-003,target_reached,0,zero,1,1,0,0,0.0,0.0,1,1
C10-darpa-optc-sysclient0351-0925,C10-darpa-optc-sysclient0351-0925|random|m040|23,random,0.4,23,C10-darpa-optc-sysclient0351-0925|random|m040|23|d1|C10-AA-003,1,C10-AA-003,10.0,4,1,2.0,C10-AA-002,3.0,C10-AA-001>C10-AA-002,C10-AA-001>C10-AA-002,target_reached,0,positive,1,1,0,0,1.0,0.5,0,0
C10-darpa-optc-sysclient0351-0925,C10-darpa-optc-sysclient0351-0925|random|m040|23,random,0.4,23,C10-darpa-optc-sysclient0351-0925|random|m040|23|d1|C10-AA-004,1,C10-AA-004,9.0,3,2,3.0,C10-AA-002>C10-AA-003,3.0,C10-AA-003>C10-AA-002,C10-AA-003>C10-AA-002,target_reached,0,zero,1,1,0,0,0.0,0.0,1,0
C10-darpa-optc-sysclient0351-0925,C10-darpa-optc-sysclient0351-0925|random|m040|23,random,0.4,23,C10-darpa-optc-sysclient0351-0925|random|m040|23|d1|C10-AA-005,1,C10-AA-005,9.0,3,2,3.0,C10-AA-002>C10-AA-003,3.0,C10-AA-003>C10-AA-002,C10-AA-003>C10-AA-002,target_reached,0,zero,1,1,0,0,0.0,0.0,1,0
C10-darpa-optc-sysclient0351-0925,C10-darpa-optc-sysclient0351-0925|random|m040|23,random,0.4,23,C10-darpa-optc-sysclient0351-0925|random|m040|23|d2|C10-AA-001>C10-AA-002,2,C10-AA-001>C10-AA-002,8.0,4,1,1.0,C10-AA-003,1.0,C10-AA-003,C10-AA-003,target_reached,0,zero,1,1,0,0,0.0,0.0,1,1
C10-darpa-optc-sysclient0351-0925,C10-darpa-optc-sysclient0351-0925|random|m040|23,random,0.4,23,C10-darpa-optc-sysclient0351-0925|random|m040|23|d2|C10-AA-001>C10-AA-003,2,C10-AA-001>C10-AA-003,9.0,4,1,2.0,C10-AA-002,2.0,C10-AA-002,C10-AA-002,target_reached,0,zero,1,1,0,0,0.0,0.0,1,1
C10-darpa-optc-sysclient0351-0925,C10-darpa-optc-sysclient0351-0925|random|m040|23,random,0.4,23,C10-darpa-optc-sysclient0351-0925|random|m040|23|d2|C10-AA-001>C10-AA-004,2,C10-AA-001>C10-AA-004,8.0,3,2,3.0,C10-AA-002>C10-AA-003,3.0,C10-AA-003>C10-AA-002,C10-AA-003>C10-AA-002,target_reached,0,zero,1,1,0,0,0.0,0.0,1,0
C10-darpa-optc-sysclient0351-0925,C10-darpa-optc-sysclient0351-0925|random|m040|23,random,0.4,23,C10-darpa-optc-sysclient0351-0925|random|m040|23|d2|C10-AA-001>C10-AA-005,2,C10-AA-001>C10-AA-005,8.0,3,2,3.0,C10-AA-002>C10-AA-003,3.0,C10-AA-003>C10-AA-002,C10-AA-003>C10-AA-002,target_reached,0,zero,1,1,0,0,0.0,0.0,1,0
C10-darpa-optc-sysclient0351-0925,C10-darpa-optc-sysclient0351-0925|random|m040|23,random,0.4,23,C10-darpa-optc-sysclient0351-0925|random|m040|23|d2|C10-AA-002>C10-AA-004,2,C10-AA-002>C10-AA-004,7.0,4,1,1.0,C10-AA-003,1.0,C10-AA-003,C10-AA-003,target_reached,0,zero,1,1,0,0,0.0,0.0,1,1
C10-darpa-optc-sysclient0351-0925,C10-darpa-optc-sysclient0351-0925|random|m040|23,random,0.4,23,C10-darpa-optc-sysclient0351-0925|random|m040|23|d2|C10-AA-002>C10-AA-005,2,C10-AA-002>C10-AA-005,7.0,4,1,1.0,C10-AA-003,1.0,C10-AA-003,C10-AA-003,target_reached,0,zero,1,1,0,0,0.0,0.0,1,1
C10-darpa-optc-sysclient0351-0925,C10-darpa-optc-sysclient0351-0925|random|m040|23,random,0.4,23,C10-darpa-optc-sysclient0351-0925|random|m040|23|d2|C10-AA-003>C10-AA-004,2,C10-AA-003>C10-AA-004,8.0,4,1,2.0,C10-AA-002,2.0,C10-AA-002,C10-AA-002,target_reached,0,zero,1,1,0,0,0.0,0.0,1,1
C10-darpa-optc-sysclient0351-0925,C10-darpa-optc-sysclient0351-0925|random|m040|23,random,0.4,23,C10-darpa-optc-sysclient0351-0925|random|m040|23|d2|C10-AA-003>C10-AA-005,2,C10-AA-003>C10-AA-005,8.0,4,1,2.0,C10-AA-002,2.0,C10-AA-002,C10-AA-002,target_reached,0,zero,1,1,0,0,0.0,0.0,1,1
C10-darpa-optc-sysclient0351-0925,C10-darpa-optc-sysclient0351-0925|random|m040|23,random,0.4,23,C10-darpa-optc-sysclient0351-0925|random|m040|23|d2|C10-AA-004>C10-AA-005,2,C10-AA-004>C10-AA-005,7.0,3,2,3.0,C10-AA-002>C10-AA-003,3.0,C10-AA-003>C10-AA-002,C10-AA-003>C10-AA-002,target_reached,0,zero,1,1,0,0,0.0,0.0,1,0
C10-darpa-optc-sysclient0351-0925,C10-darpa-optc-sysclient0351-0925|random|m040|37,random,0.4,37,C10-darpa-optc-sysclient0351-0925|random|m040|37|d0|root,0,,11.0,3,2,1.0,C10-AA-003,1.0,C10-AA-003,C10-AA-003,target_reached,0,zero,1,1,0,0,0.0,0.0,1,1
C10-darpa-optc-sysclient0351-0925,C10-darpa-optc-sysclient0351-0925|random|m040|37,random,0.4,37,C10-darpa-optc-sysclient0351-0925|random|m040|37|d1|C10-AA-001,1,C10-AA-001,10.0,3,2,1.0,C10-AA-003,1.0,C10-AA-003,C10-AA-003,target_reached,0,zero,1,1,0,0,0.0,0.0,1,1
C10-darpa-optc-sysclient0351-0925,C10-darpa-optc-sysclient0351-0925|random|m040|37,random,0.4,37,C10-darpa-optc-sysclient0351-0925|random|m040|37|d1|C10-AA-002,1,C10-AA-002,9.0,3,2,1.0,C10-AA-003,1.0,C10-AA-003,C10-AA-003,target_reached,0,zero,1,1,0,0,0.0,0.0,1,1
C10-darpa-optc-sysclient0351-0925,C10-darpa-optc-sysclient0351-0925|random|m040|37,random,0.4,37,C10-darpa-optc-sysclient0351-0925|random|m040|37|d1|C10-AA-004,1,C10-AA-004,9.0,3,2,1.0,C10-AA-003,1.0,C10-AA-003,C10-AA-003,target_reached,0,zero,1,1,0,0,0.0,0.0,1,1
C10-darpa-optc-sysclient0351-0925,C10-darpa-optc-sysclient0351-0925|random|m040|37,random,0.4,37,C10-darpa-optc-sysclient0351-0925|random|m040|37|d1|C10-AA-005,1,C10-AA-005,9.0,3,2,1.0,C10-AA-003,1.0,C10-AA-003,C10-AA-003,target_reached,0,zero,1,1,0,0,0.0,0.0,1,1
C10-darpa-optc-sysclient0351-0925,C10-darpa-optc-sysclient0351-0925|random|m040|37,random,0.4,37,C10-darpa-optc-sysclient0351-0925|random|m040|37|d2|C10-AA-001>C10-AA-002,2,C10-AA-001>C10-AA-002,8.0,3,2,1.0,C10-AA-003,1.0,C10-AA-003,C10-AA-003,target_reached,0,zero,1,1,0,0,0.0,0.0,1,1
C10-darpa-optc-sysclient0351-0925,C10-darpa-optc-sysclient0351-0925|random|m040|37,random,0.4,37,C10-darpa-optc-sysclient0351-0925|random|m040|37|d2|C10-AA-001>C10-AA-004,2,C10-AA-001>C10-AA-004,8.0,3,2,1.0,C10-AA-003,1.0,C10-AA-003,C10-AA-003,target_reached,0,zero,1,1,0,0,0.0,0.0,1,1
C10-darpa-optc-sysclient0351-0925,C10-darpa-optc-sysclient0351-0925|random|m040|37,random,0.4,37,C10-darpa-optc-sysclient0351-0925|random|m040|37|d2|C10-AA-001>C10-AA-005,2,C10-AA-001>C10-AA-005,8.0,3,2,1.0,C10-AA-003,1.0,C10-AA-003,C10-AA-003,target_reached,0,zero,1,1,0,0,0.0,0.0,1,1
C10-darpa-optc-sysclient0351-0925,C10-darpa-optc-sysclient0351-0925|random|m040|37,random,0.4,37,C10-darpa-optc-sysclient0351-0925|random|m040|37|d2|C10-AA-002>C10-AA-004,2,C10-AA-002>C10-AA-004,7.0,3,2,1.0,C10-AA-003,1.0,C10-AA-003,C10-AA-003,target_reached,0,zero,1,1,0,0,0.0,0.0,1,1
C10-darpa-optc-sysclient0351-0925,C10-darpa-optc-sysclient0351-0925|random|m040|37,random,0.4,37,C10-darpa-optc-sysclient0351-0925|random|m040|37|d2|C10-AA-002>C10-AA-005,2,C10-AA-002>C10-AA-005,7.0,3,2,1.0,C10-AA-003,1.0,C10-AA-003,C10-AA-003,target_reached,0,zero,1,1,0,0,0.0,0.0,1,1
C10-darpa-optc-sysclient0351-0925,C10-darpa-optc-sysclient0351-0925|random|m040|37,random,0.4,37,C10-darpa-optc-sysclient0351-0925|random|m040|37|d2|C10-AA-004>C10-AA-005,2,C10-AA-004>C10-AA-005,7.0,3,2,1.0,C10-AA-003,1.0,C10-AA-003,C10-AA-003,target_reached,0,zero,1,1,0,0,0.0,0.0,1,1
C10-darpa-optc-sysclient0351-0925,C10-darpa-optc-sysclient0351-0925|random|m040|41,random,0.4,41,C10-darpa-optc-sysclient0351-0925|random|m040|41|d0|root,0,,11.0,3,2,4.0,C10-AA-002>C10-AA-005,5.0,C10-AA-001>C10-AA-002>C10-AA-005,C10-AA-001>C10-AA-002>C10-AA-005,target_reached,0,positive,1,1,0,0,1.0,0.25,0,0
C10-darpa-optc-sysclient0351-0925,C10-darpa-optc-sysclient0351-0925|random|m040|41,random,0.4,41,C10-darpa-optc-sysclient0351-0925|random|m040|41|d1|C10-AA-001,1,C10-AA-001,10.0,3,2,4.0,C10-AA-002>C10-AA-005,4.0,C10-AA-002>C10-AA-005,C10-AA-002>C10-AA-005,target_reached,0,zero,1,1,0,0,0.0,0.0,1,1
C10-darpa-optc-sysclient0351-0925,C10-darpa-optc-sysclient0351-0925|random|m040|41,random,0.4,41,C10-darpa-optc-sysclient0351-0925|random|m040|41|d1|C10-AA-002,1,C10-AA-002,9.0,4,1,2.0,C10-AA-005,2.0,C10-AA-005,C10-AA-005,target_reached,0,zero,1,1,0,0,0.0,0.0,1,1
C10-darpa-optc-sysclient0351-0925,C10-darpa-optc-sysclient0351-0925|random|m040|41,random,0.4,41,C10-darpa-optc-sysclient0351-0925|random|m040|41|d1|C10-AA-003,1,C10-AA-003,10.0,3,2,4.0,C10-AA-002>C10-AA-005,5.0,C10-AA-001>C10-AA-002>C10-AA-005,C10-AA-001>C10-AA-002>C10-AA-005,target_reached,0,positive,1,1,0,0,1.0,0.25,0,0
C10-darpa-optc-sysclient0351-0925,C10-darpa-optc-sysclient0351-0925|random|m040|41,random,0.4,41,C10-darpa-optc-sysclient0351-0925|random|m040|41|d1|C10-AA-004,1,C10-AA-004,9.0,3,2,4.0,C10-AA-002>C10-AA-005,5.0,C10-AA-001>C10-AA-002>C10-AA-005,C10-AA-001>C10-AA-002>C10-AA-005,target_reached,0,positive,1,1,0,0,1.0,0.25,0,0
C10-darpa-optc-sysclient0351-0925,C10-darpa-optc-sysclient0351-0925|random|m040|41,random,0.4,41,C10-darpa-optc-sysclient0351-0925|random|m040|41|d1|C10-AA-005,1,C10-AA-005,9.0,4,1,2.0,C10-AA-002,3.0,C10-AA-001>C10-AA-002,C10-AA-001>C10-AA-002,target_reached,0,positive,1,1,0,0,1.0,0.5,0,0
C10-darpa-optc-sysclient0351-0925,C10-darpa-optc-sysclient0351-0925|random|m040|41,random,0.4,41,C10-darpa-optc-sysclient0351-0925|random|m040|41|d2|C10-AA-001>C10-AA-002,2,C10-AA-001>C10-AA-002,8.0,4,1,2.0,C10-AA-005,2.0,C10-AA-005,C10-AA-005,target_reached,0,zero,1,1,0,0,0.0,0.0,1,1
C10-darpa-optc-sysclient0351-0925,C10-darpa-optc-sysclient0351-0925|random|m040|41,random,0.4,41,C10-darpa-optc-sysclient0351-0925|random|m040|41|d2|C10-AA-001>C10-AA-003,2,C10-AA-001>C10-AA-003,9.0,3,2,4.0,C10-AA-002>C10-AA-005,4.0,C10-AA-002>C10-AA-005,C10-AA-002>C10-AA-005,target_reached,0,zero,1,1,0,0,0.0,0.0,1,1
C10-darpa-optc-sysclient0351-0925,C10-darpa-optc-sysclient0351-0925|random|m040|41,random,0.4,41,C10-darpa-optc-sysclient0351-0925|random|m040|41|d2|C10-AA-001>C10-AA-004,2,C10-AA-001>C10-AA-004,8.0,3,2,4.0,C10-AA-002>C10-AA-005,4.0,C10-AA-002>C10-AA-005,C10-AA-002>C10-AA-005,target_reached,0,zero,1,1,0,0,0.0,0.0,1,1
C10-darpa-optc-sysclient0351-0925,C10-darpa-optc-sysclient0351-0925|random|m040|41,random,0.4,41,C10-darpa-optc-sysclient0351-0925|random|m040|41|d2|C10-AA-001>C10-AA-005,2,C10-AA-001>C10-AA-005,8.0,4,1,2.0,C10-AA-002,2.0,C10-AA-002,C10-AA-002,target_reached,0,zero,1,1,0,0,0.0,0.0,1,1
C10-darpa-optc-sysclient0351-0925,C10-darpa-optc-sysclient0351-0925|random|m040|41,random,0.4,41,C10-darpa-optc-sysclient0351-0925|random|m040|41|d2|C10-AA-002>C10-AA-003,2,C10-AA-002>C10-AA-003,8.0,4,1,2.0,C10-AA-005,2.0,C10-AA-005,C10-AA-005,target_reached,0,zero,1,1,0,0,0.0,0.0,1,1
C10-darpa-optc-sysclient0351-0925,C10-darpa-optc-sysclient0351-0925|random|m040|41,random,0.4,41,C10-darpa-optc-sysclient0351-0925|random|m040|41|d2|C10-AA-002>C10-AA-004,2,C10-AA-002>C10-AA-004,7.0,4,1,2.0,C10-AA-005,2.0,C10-AA-005,C10-AA-005,target_reached,0,zero,1,1,0,0,0.0,0.0,1,1
C10-darpa-optc-sysclient0351-0925,C10-darpa-optc-sysclient0351-0925|random|m040|41,random,0.4,41,C10-darpa-optc-sysclient0351-0925|random|m040|41|d2|C10-AA-003>C10-AA-004,2,C10-AA-003>C10-AA-004,8.0,3,2,4.0,C10-AA-002>C10-AA-005,5.0,C10-AA-001>C10-AA-002>C10-AA-005,C10-AA-002>C10-AA-002>C10-AA-005,target_reached,1,positive,1,1,0,0,1.0,0.25,0,0
C10-darpa-optc-sysclient0351-0925,C10-darpa-optc-sysclient0351-0925|random|m040|41,random,0.4,41,C10-darpa-optc-sysclient0351-0925|random|m040|41|d2|C10-AA-003>C10-AA-005,2,C10-AA-003>C10-AA-005,8.0,4,1,2.0,C10-AA-002,2.0,C10-AA-002,C10-AA-002,target_reached,0,zero,1,1,0,0,0.0,0.0,1,1
C10-darpa-optc-sysclient0351-0925,C10-darpa-optc-sysclient0351-0925|random|m040|41,random,0.4,41,C10-darpa-optc-sysclient0351-0925|random|m040|41|d2|C10-AA-004>C10-AA-005,2,C10-AA-004>C10-AA-005,7.0,4,1,2.0,C10-AA-002,2.0,C10-AA-002,C10-AA-002,target_reached,0,zero,1,1,0,0,0.0,0.0,1,1
C10-darpa-optc-sysclient0351-0925,C10-darpa-optc-sysclient0351-0925|random|m040|53,random,0.4,53,C10-darpa-optc-sysclient0351-0925|random|m040|53|d0|root,0,,11.0,3,2,2.0,C10-AA-004,2.0,C10-AA-004,C10-AA-004,target_reached,0,zero,1,1,0,0,0.0,0.0,1,1
C10-darpa-optc-sysclient0351-0925,C10-darpa-optc-sysclient0351-0925|random|m040|53,random,0.4,53,C10-darpa-optc-sysclient0351-0925|random|m040|53|d1|C10-AA-001,1,C10-AA-001,10.0,3,2,2.0,C10-AA-004,2.0,C10-AA-004,C10-AA-004,target_reached,0,zero,1,1,0,0,0.0,0.0,1,1
C10-darpa-optc-sysclient0351-0925,C10-darpa-optc-sysclient0351-0925|random|m040|53,random,0.4,53,C10-darpa-optc-sysclient0351-0925|random|m040|53|d1|C10-AA-002,1,C10-AA-002,9.0,3,2,2.0,C10-AA-004,2.0,C10-AA-004,C10-AA-004,target_reached,0,zero,1,1,0,0,0.0,0.0,1,1
C10-darpa-optc-sysclient0351-0925,C10-darpa-optc-sysclient0351-0925|random|m040|53,random,0.4,53,C10-darpa-optc-sysclient0351-0925|random|m040|53|d1|C10-AA-003,1,C10-AA-003,10.0,3,2,2.0,C10-AA-004,2.0,C10-AA-004,C10-AA-004,target_reached,0,zero,1,1,0,0,0.0,0.0,1,1
C10-darpa-optc-sysclient0351-0925,C10-darpa-optc-sysclient0351-0925|random|m040|53,random,0.4,53,C10-darpa-optc-sysclient0351-0925|random|m040|53|d1|C10-AA-005,1,C10-AA-005,9.0,3,2,2.0,C10-AA-004,2.0,C10-AA-004,C10-AA-004,target_reached,0,zero,1,1,0,0,0.0,0.0,1,1
C10-darpa-optc-sysclient0351-0925,C10-darpa-optc-sysclient0351-0925|random|m040|53,random,0.4,53,C10-darpa-optc-sysclient0351-0925|random|m040|53|d2|C10-AA-001>C10-AA-002,2,C10-AA-001>C10-AA-002,8.0,3,2,2.0,C10-AA-004,2.0,C10-AA-004,C10-AA-004,target_reached,0,zero,1,1,0,0,0.0,0.0,1,1
C10-darpa-optc-sysclient0351-0925,C10-darpa-optc-sysclient0351-0925|random|m040|53,random,0.4,53,C10-darpa-optc-sysclient0351-0925|random|m040|53|d2|C10-AA-001>C10-AA-003,2,C10-AA-001>C10-AA-003,9.0,3,2,2.0,C10-AA-004,2.0,C10-AA-004,C10-AA-004,target_reached,0,zero,1,1,0,0,0.0,0.0,1,1
C10-darpa-optc-sysclient0351-0925,C10-darpa-optc-sysclient0351-0925|random|m040|53,random,0.4,53,C10-darpa-optc-sysclient0351-0925|random|m040|53|d2|C10-AA-001>C10-AA-005,2,C10-AA-001>C10-AA-005,8.0,3,2,2.0,C10-AA-004,2.0,C10-AA-004,C10-AA-004,target_reached,0,zero,1,1,0,0,0.0,0.0,1,1
C10-darpa-optc-sysclient0351-0925,C10-darpa-optc-sysclient0351-0925|random|m040|53,random,0.4,53,C10-darpa-optc-sysclient0351-0925|random|m040|53|d2|C10-AA-002>C10-AA-003,2,C10-AA-002>C10-AA-003,8.0,3,2,2.0,C10-AA-004,2.0,C10-AA-004,C10-AA-004,target_reached,0,zero,1,1,0,0,0.0,0.0,1,1
C10-darpa-optc-sysclient0351-0925,C10-darpa-optc-sysclient0351-0925|random|m040|53,random,0.4,53,C10-darpa-optc-sysclient0351-0925|random|m040|53|d2|C10-AA-002>C10-AA-005,2,C10-AA-002>C10-AA-005,7.0,3,2,2.0,C10-AA-004,2.0,C10-AA-004,C10-AA-004,target_reached,0,zero,1,1,0,0,0.0,0.0,1,1
C10-darpa-optc-sysclient0351-0925,C10-darpa-optc-sysclient0351-0925|random|m040|53,random,0.4,53,C10-darpa-optc-sysclient0351-0925|random|m040|53|d2|C10-AA-003>C10-AA-005,2,C10-AA-003>C10-AA-005,8.0,3,2,2.0,C10-AA-004,2.0,C10-AA-004,C10-AA-004,target_reached,0,zero,1,1,0,0,0.0,0.0,1,1
C10-darpa-optc-sysclient0351-0925,C10-darpa-optc-sysclient0351-0925|random|m060|11,random,0.6,11,C10-darpa-optc-sysclient0351-0925|random|m060|11|d0|root,0,,11.0,2,3,4.0,C10-AA-004>C10-AA-005,4.0,C10-AA-004>C10-AA-005,C10-AA-004>C10-AA-005,target_reached,0,zero,1,1,0,0,0.0,0.0,1,1
C10-darpa-optc-sysclient0351-0925,C10-darpa-optc-sysclient0351-0925|random|m060|11,random,0.6,11,C10-darpa-optc-sysclient0351-0925|random|m060|11|d1|C10-AA-001,1,C10-AA-001,10.0,2,3,4.0,C10-AA-004>C10-AA-005,4.0,C10-AA-004>C10-AA-005,C10-AA-004>C10-AA-005,target_reached,0,zero,1,1,0,0,0.0,0.0,1,1
C10-darpa-optc-sysclient0351-0925,C10-darpa-optc-sysclient0351-0925|random|m060|11,random,0.6,11,C10-darpa-optc-sysclient0351-0925|random|m060|11|d1|C10-AA-002,1,C10-AA-002,9.0,2,3,4.0,C10-AA-004>C10-AA-005,6.0,C10-AA-003>C10-AA-001>C10-AA-004>C10-AA-005,C10-AA-003>C10-AA-001>C10-AA-004>C10-AA-005,target_reached,0,positive,1,1,0,0,2.0,0.5,0,0
C10-darpa-optc-sysclient0351-0925,C10-darpa-optc-sysclient0351-0925|random|m060|11,random,0.6,11,C10-darpa-optc-sysclient0351-0925|random|m060|11|d1|C10-AA-003,1,C10-AA-003,10.0,2,3,4.0,C10-AA-004>C10-AA-005,4.0,C10-AA-004>C10-AA-005,C10-AA-004>C10-AA-005,target_reached,0,zero,1,1,0,0,0.0,0.0,1,1
C10-darpa-optc-sysclient0351-0925,C10-darpa-optc-sysclient0351-0925|random|m060|11,random,0.6,11,C10-darpa-optc-sysclient0351-0925|random|m060|11|d1|C10-AA-004,1,C10-AA-004,9.0,3,2,2.0,C10-AA-005,2.0,C10-AA-005,C10-AA-005,target_reached,0,zero,1,1,0,0,0.0,0.0,1,1
C10-darpa-optc-sysclient0351-0925,C10-darpa-optc-sysclient0351-0925|random|m060|11,random,0.6,11,C10-darpa-optc-sysclient0351-0925|random|m060|11|d1|C10-AA-005,1,C10-AA-005,9.0,3,2,2.0,C10-AA-004,2.0,C10-AA-004,C10-AA-004,target_reached,0,zero,1,1,0,0,0.0,0.0,1,1
C10-darpa-optc-sysclient0351-0925,C10-darpa-optc-sysclient0351-0925|random|m060|11,random,0.6,11,C10-darpa-optc-sysclient0351-0925|random|m060|11|d2|C10-AA-001>C10-AA-002,2,C10-AA-001>C10-AA-002,8.0,2,3,4.0,C10-AA-004>C10-AA-005,5.0,C10-AA-003>C10-AA-004>C10-AA-005,C10-AA-003>C10-AA-004>C10-AA-005,target_reached,0,positive,1,1,0,0,1.0,0.25,0,0
C10-darpa-optc-sysclient0351-0925,C10-darpa-optc-sysclient0351-0925|random|m060|11,random,0.6,11,C10-darpa-optc-sysclient0351-0925|random|m060|11|d2|C10-AA-001>C10-AA-003,2,C10-AA-001>C10-AA-003,9.0,2,3,4.0,C10-AA-004>C10-AA-005,4.0,C10-AA-004>C10-AA-005,C10-AA-004>C10-AA-005,target_reached,0,zero,1,1,0,0,0.0,0.0,1,1
C10-darpa-optc-sysclient0351-0925,C10-darpa-optc-sysclient0351-0925|random|m060|11,random,0.6,11,C10-darpa-optc-sysclient0351-0925|random|m060|11|d2|C10-AA-001>C10-AA-004,2,C10-AA-001>C10-AA-004,8.0,3,2,2.0,C10-AA-005,2.0,C10-AA-005,C10-AA-005,target_reached,0,zero,1,1,0,0,0.0,0.0,1,1
C10-darpa-optc-sysclient0351-0925,C10-darpa-optc-sysclient0351-0925|random|m060|11,random,0.6,11,C10-darpa-optc-sysclient0351-0925|random|m060|11|d2|C10-AA-001>C10-AA-005,2,C10-AA-001>C10-AA-005,8.0,3,2,2.0,C10-AA-004,2.0,C10-AA-004,C10-AA-004,target_reached,0,zero,1,1,0,0,0.0,0.0,1,1
C10-darpa-optc-sysclient0351-0925,C10-darpa-optc-sysclient0351-0925|random|m060|11,random,0.6,11,C10-darpa-optc-sysclient0351-0925|random|m060|11|d2|C10-AA-002>C10-AA-003,2,C10-AA-002>C10-AA-003,8.0,2,3,4.0,C10-AA-004>C10-AA-005,5.0,C10-AA-001>C10-AA-004>C10-AA-005,C10-AA-001>C10-AA-004>C10-AA-005,target_reached,0,positive,1,1,0,0,1.0,0.25,0,0
C10-darpa-optc-sysclient0351-0925,C10-darpa-optc-sysclient0351-0925|random|m060|11,random,0.6,11,C10-darpa-optc-sysclient0351-0925|random|m060|11|d2|C10-AA-002>C10-AA-004,2,C10-AA-002>C10-AA-004,7.0,3,2,2.0,C10-AA-005,2.0,C10-AA-005,C10-AA-005,target_reached,0,zero,1,1,0,0,0.0,0.0,1,1
C10-darpa-optc-sysclient0351-0925,C10-darpa-optc-sysclient0351-0925|random|m060|11,random,0.6,11,C10-darpa-optc-sysclient0351-0925|random|m060|11|d2|C10-AA-002>C10-AA-005,2,C10-AA-002>C10-AA-005,7.0,3,2,2.0,C10-AA-004,2.0,C10-AA-004,C10-AA-004,target_reached,0,zero,1,1,0,0,0.0,0.0,1,1
C10-darpa-optc-sysclient0351-0925,C10-darpa-optc-sysclient0351-0925|random|m060|11,random,0.6,11,C10-darpa-optc-sysclient0351-0925|random|m060|11|d2|C10-AA-003>C10-AA-004,2,C10-AA-003>C10-AA-004,8.0,3,2,2.0,C10-AA-005,2.0,C10-AA-005,C10-AA-005,target_reached,0,zero,1,1,0,0,0.0,0.0,1,1
C10-darpa-optc-sysclient0351-0925,C10-darpa-optc-sysclient0351-0925|random|m060|11,random,0.6,11,C10-darpa-optc-sysclient0351-0925|random|m060|11|d2|C10-AA-003>C10-AA-005,2,C10-AA-003>C10-AA-005,8.0,3,2,2.0,C10-AA-004,2.0,C10-AA-004,C10-AA-004,target_reached,0,zero,1,1,0,0,0.0,0.0,1,1
C10-darpa-optc-sysclient0351-0925,C10-darpa-optc-sysclient0351-0925|random|m060|23,random,0.6,23,C10-darpa-optc-sysclient0351-0925|random|m060|23|d0|root,0,,11.0,2,3,5.0,C10-AA-002>C10-AA-003>C10-AA-005,6.0,C10-AA-001>C10-AA-005>C10-AA-003>C10-AA-002,C10-AA-001>C10-AA-002>C10-AA-003>C10-AA-002,target_reached,1,positive,1,1,0,0,1.0,0.2,0,0
C10-darpa-optc-sysclient0351-0925,C10-darpa-optc-sysclient0351-0925|random|m060|23,random,0.6,23,C10-darpa-optc-sysclient0351-0925|random|m060|23|d1|C10-AA-001,1,C10-AA-001,10.0,2,3,5.0,C10-AA-002>C10-AA-003>C10-AA-005,5.0,C10-AA-005>C10-AA-003>C10-AA-002,C10-AA-002>C10-AA-003>C10-AA-002,target_reached,1,zero,1,1,0,0,0.0,0.0,1,0
C10-darpa-optc-sysclient0351-0925,C10-darpa-optc-sysclient0351-0925|random|m060|23,random,0.6,23,C10-darpa-optc-sysclient0351-0925|random|m060|23|d1|C10-AA-002,1,C10-AA-002,9.0,3,2,3.0,C10-AA-003>C10-AA-005,3.0,C10-AA-005>C10-AA-003,C10-AA-005>C10-AA-003,target_reached,0,zero,1,1,0,0,0.0,0.0,1,0
C10-darpa-optc-sysclient0351-0925,C10-darpa-optc-sysclient0351-0925|random|m060|23,random,0.6,23,C10-darpa-optc-sysclient0351-0925|random|m060|23|d1|C10-AA-003,1,C10-AA-003,10.0,3,2,4.0,C10-AA-002>C10-AA-005,5.0,C10-AA-001>C10-AA-002>C10-AA-005,C10-AA-001>C10-AA-002>C10-AA-005,target_reached,0,positive,1,1,0,0,1.0,0.25,0,0
C10-darpa-optc-sysclient0351-0925,C10-darpa-optc-sysclient0351-0925|random|m060|23,random,0.6,23,C10-darpa-optc-sysclient0351-0925|random|m060|23|d1|C10-AA-004,1,C10-AA-004,9.0,2,3,5.0,C10-AA-002>C10-AA-003>C10-AA-005,6.0,C10-AA-001>C10-AA-005>C10-AA-002>C10-AA-003,C10-AA-001>C10-AA-002>C10-AA-002>C10-AA-003,target_reached,1,positive,1,1,0,0,1.0,0.2,0,0
C10-darpa-optc-sysclient0351-0925,C10-darpa-optc-sysclient0351-0925|random|m060|23,random,0.6,23,C10-darpa-optc-sysclient0351-0925|random|m060|23|d1|C10-AA-005,1,C10-AA-005,9.0,3,2,3.0,C10-AA-002>C10-AA-003,3.0,C10-AA-003>C10-AA-002,C10-AA-003>C10-AA-002,target_reached,0,zero,1,1,0,0,0.0,0.0,1,0
C10-darpa-optc-sysclient0351-0925,C10-darpa-optc-sysclient0351-0925|random|m060|23,random,0.6,23,C10-darpa-optc-sysclient0351-0925|random|m060|23|d2|C10-AA-001>C10-AA-002,2,C10-AA-001>C10-AA-002,8.0,3,2,3.0,C10-AA-003>C10-AA-005,3.0,C10-AA-005>C10-AA-003,C10-AA-005>C10-AA-003,target_reached,0,zero,1,1,0,0,0.0,0.0,1,0
C10-darpa-optc-sysclient0351-0925,C10-darpa-optc-sysclient0351-0925|random|m060|23,random,0.6,23,C10-darpa-optc-sysclient0351-0925|random|m060|23|d2|C10-AA-001>C10-AA-003,2,C10-AA-001>C10-AA-003,9.0,3,2,4.0,C10-AA-002>C10-AA-005,4.0,C10-AA-002>C10-AA-005,C10-AA-002>C10-AA-005,target_reached,0,zero,1,1,0,0,0.0,0.0,1,1
C10-darpa-optc-sysclient0351-0925,C10-darpa-optc-sysclient0351-0925|random|m060|23,random,0.6,23,C10-darpa-optc-sysclient0351-0925|random|m060|23|d2|C10-AA-001>C10-AA-004,2,C10-AA-001>C10-AA-004,8.0,2,3,5.0,C10-AA-002>C10-AA-003>C10-AA-005,5.0,C10-AA-005>C10-AA-002>C10-AA-003,C10-AA-002>C10-AA-002>C10-AA-003,target_reached,1,zero,1,1,0,0,0.0,0.0,1,0
C10-darpa-optc-sysclient0351-0925,C10-darpa-optc-sysclient0351-0925|random|m060|23,random,0.6,23,C10-darpa-optc-sysclient0351-0925|random|m060|23|d2|C10-AA-001>C10-AA-005,2,C10-AA-001>C10-AA-005,8.0,3,2,3.0,C10-AA-002>C10-AA-003,3.0,C10-AA-003>C10-AA-002,C10-AA-003>C10-AA-002,target_reached,0,zero,1,1,0,0,0.0,0.0,1,0
C10-darpa-optc-sysclient0351-0925,C10-darpa-optc-sysclient0351-0925|random|m060|23,random,0.6,23,C10-darpa-optc-sysclient0351-0925|random|m060|23|d2|C10-AA-002>C10-AA-003,2,C10-AA-002>C10-AA-003,8.0,4,1,2.0,C10-AA-005,2.0,C10-AA-005,C10-AA-005,target_reached,0,zero,1,1,0,0,0.0,0.0,1,1
C10-darpa-optc-sysclient0351-0925,C10-darpa-optc-sysclient0351-0925|random|m060|23,random,0.6,23,C10-darpa-optc-sysclient0351-0925|random|m060|23|d2|C10-AA-002>C10-AA-004,2,C10-AA-002>C10-AA-004,7.0,3,2,3.0,C10-AA-003>C10-AA-005,3.0,C10-AA-005>C10-AA-003,C10-AA-005>C10-AA-003,target_reached,0,zero,1,1,0,0,0.0,0.0,1,0
C10-darpa-optc-sysclient0351-0925,C10-darpa-optc-sysclient0351-0925|random|m060|23,random,0.6,23,C10-darpa-optc-sysclient0351-0925|random|m060|23|d2|C10-AA-002>C10-AA-005,2,C10-AA-002>C10-AA-005,7.0,4,1,1.0,C10-AA-003,1.0,C10-AA-003,C10-AA-003,target_reached,0,zero,1,1,0,0,0.0,0.0,1,1
C10-darpa-optc-sysclient0351-0925,C10-darpa-optc-sysclient0351-0925|random|m060|23,random,0.6,23,C10-darpa-optc-sysclient0351-0925|random|m060|23|d2|C10-AA-003>C10-AA-004,2,C10-AA-003>C10-AA-004,8.0,3,2,4.0,C10-AA-002>C10-AA-005,5.0,C10-AA-001>C10-AA-002>C10-AA-005,C10-AA-002>C10-AA-002>C10-AA-005,target_reached,1,positive,1,1,0,0,1.0,0.25,0,0
C10-darpa-optc-sysclient0351-0925,C10-darpa-optc-sysclient0351-0925|random|m060|23,random,0.6,23,C10-darpa-optc-sysclient0351-0925|random|m060|23|d2|C10-AA-003>C10-AA-005,2,C10-AA-003>C10-AA-005,8.0,4,1,2.0,C10-AA-002,2.0,C10-AA-002,C10-AA-002,target_reached,0,zero,1,1,0,0,0.0,0.0,1,1
C10-darpa-optc-sysclient0351-0925,C10-darpa-optc-sysclient0351-0925|random|m060|23,random,0.6,23,C10-darpa-optc-sysclient0351-0925|random|m060|23|d2|C10-AA-004>C10-AA-005,2,C10-AA-004>C10-AA-005,7.0,3,2,3.0,C10-AA-002>C10-AA-003,3.0,C10-AA-003>C10-AA-002,C10-AA-003>C10-AA-002,target_reached,0,zero,1,1,0,0,0.0,0.0,1,0
C10-darpa-optc-sysclient0351-0925,C10-darpa-optc-sysclient0351-0925|random|m060|37,random,0.6,37,C10-darpa-optc-sysclient0351-0925|random|m060|37|d0|root,0,,11.0,2,3,2.0,C10-AA-001>C10-AA-003,2.0,C10-AA-003>C10-AA-001,C10-AA-003>C10-AA-001,target_reached,0,zero,1,1,0,0,0.0,0.0,1,0
C10-darpa-optc-sysclient0351-0925,C10-darpa-optc-sysclient0351-0925|random|m060|37,random,0.6,37,C10-darpa-optc-sysclient0351-0925|random|m060|37|d1|C10-AA-001,1,C10-AA-001,10.0,3,2,1.0,C10-AA-003,1.0,C10-AA-003,C10-AA-003,target_reached,0,zero,1,1,0,0,0.0,0.0,1,1
C10-darpa-optc-sysclient0351-0925,C10-darpa-optc-sysclient0351-0925|random|m060|37,random,0.6,37,C10-darpa-optc-sysclient0351-0925|random|m060|37|d1|C10-AA-002,1,C10-AA-002,9.0,3,2,1.0,C10-AA-003,1.0,C10-AA-003,C10-AA-003,target_reached,0,zero,1,1,0,0,0.0,0.0,1,1
C10-darpa-optc-sysclient0351-0925,C10-darpa-optc-sysclient0351-0925|random|m060|37,random,0.6,37,C10-darpa-optc-sysclient0351-0925|random|m060|37|d1|C10-AA-003,1,C10-AA-003,10.0,3,2,1.0,C10-AA-001,1.0,C10-AA-001,C10-AA-001,target_reached,0,zero,1,1,0,0,0.0,0.0,1,1
C10-darpa-optc-sysclient0351-0925,C10-darpa-optc-sysclient0351-0925|random|m060|37,random,0.6,37,C10-darpa-optc-sysclient0351-0925|random|m060|37|d1|C10-AA-004,1,C10-AA-004,9.0,2,3,2.0,C10-AA-001>C10-AA-003,3.0,C10-AA-003>C10-AA-002,C10-AA-003>C10-AA-002,target_reached,0,positive,1,1,0,0,1.0,0.5,0,0
C10-darpa-optc-sysclient0351-0925,C10-darpa-optc-sysclient0351-0925|random|m060|37,random,0.6,37,C10-darpa-optc-sysclient0351-0925|random|m060|37|d1|C10-AA-005,1,C10-AA-005,9.0,2,3,2.0,C10-AA-001>C10-AA-003,3.0,C10-AA-003>C10-AA-002,C10-AA-003>C10-AA-002,target_reached,0,positive,1,1,0,0,1.0,0.5,0,0
C10-darpa-optc-sysclient0351-0925,C10-darpa-optc-sysclient0351-0925|random|m060|37,random,0.6,37,C10-darpa-optc-sysclient0351-0925|random|m060|37|d2|C10-AA-001>C10-AA-002,2,C10-AA-001>C10-AA-002,8.0,3,2,1.0,C10-AA-003,1.0,C10-AA-003,C10-AA-003,target_reached,0,zero,1,1,0,0,0.0,0.0,1,1
C10-darpa-optc-sysclient0351-0925,C10-darpa-optc-sysclient0351-0925|random|m060|37,random,0.6,37,C10-darpa-optc-sysclient0351-0925|random|m060|37|d2|C10-AA-001>C10-AA-004,2,C10-AA-001>C10-AA-004,8.0,3,2,1.0,C10-AA-003,1.0,C10-AA-003,C10-AA-003,target_reached,0,zero,1,1,0,0,0.0,0.0,1,1
C10-darpa-optc-sysclient0351-0925,C10-darpa-optc-sysclient0351-0925|random|m060|37,random,0.6,37,C10-darpa-optc-sysclient0351-0925|random|m060|37|d2|C10-AA-001>C10-AA-005,2,C10-AA-001>C10-AA-005,8.0,3,2,1.0,C10-AA-003,1.0,C10-AA-003,C10-AA-003,target_reached,0,zero,1,1,0,0,0.0,0.0,1,1
C10-darpa-optc-sysclient0351-0925,C10-darpa-optc-sysclient0351-0925|random|m060|37,random,0.6,37,C10-darpa-optc-sysclient0351-0925|random|m060|37|d2|C10-AA-002>C10-AA-001,2,C10-AA-002>C10-AA-001,8.0,3,2,1.0,C10-AA-003,1.0,C10-AA-003,C10-AA-003,target_reached,0,zero,1,1,0,0,0.0,0.0,1,1
C10-darpa-optc-sysclient0351-0925,C10-darpa-optc-sysclient0351-0925|random|m060|37,random,0.6,37,C10-darpa-optc-sysclient0351-0925|random|m060|37|d2|C10-AA-002>C10-AA-004,2,C10-AA-002>C10-AA-004,7.0,3,2,1.0,C10-AA-003,1.0,C10-AA-003,C10-AA-003,target_reached,0,zero,1,1,0,0,0.0,0.0,1,1
C10-darpa-optc-sysclient0351-0925,C10-darpa-optc-sysclient0351-0925|random|m060|37,random,0.6,37,C10-darpa-optc-sysclient0351-0925|random|m060|37|d2|C10-AA-002>C10-AA-005,2,C10-AA-002>C10-AA-005,7.0,3,2,1.0,C10-AA-003,1.0,C10-AA-003,C10-AA-003,target_reached,0,zero,1,1,0,0,0.0,0.0,1,1
C10-darpa-optc-sysclient0351-0925,C10-darpa-optc-sysclient0351-0925|random|m060|37,random,0.6,37,C10-darpa-optc-sysclient0351-0925|random|m060|37|d2|C10-AA-003>C10-AA-004,2,C10-AA-003>C10-AA-004,8.0,3,2,1.0,C10-AA-001,2.0,C10-AA-002,C10-AA-002,target_reached,0,positive,1,1,0,0,1.0,1.0,0,0
C10-darpa-optc-sysclient0351-0925,C10-darpa-optc-sysclient0351-0925|random|m060|37,random,0.6,37,C10-darpa-optc-sysclient0351-0925|random|m060|37|d2|C10-AA-003>C10-AA-005,2,C10-AA-003>C10-AA-005,8.0,3,2,1.0,C10-AA-001,2.0,C10-AA-002,C10-AA-002,target_reached,0,positive,1,1,0,0,1.0,1.0,0,0
C10-darpa-optc-sysclient0351-0925,C10-darpa-optc-sysclient0351-0925|random|m060|37,random,0.6,37,C10-darpa-optc-sysclient0351-0925|random|m060|37|d2|C10-AA-004>C10-AA-005,2,C10-AA-004>C10-AA-005,7.0,2,3,2.0,C10-AA-001>C10-AA-003,3.0,C10-AA-003>C10-AA-002,C10-AA-003>C10-AA-002,target_reached,0,positive,1,1,0,0,1.0,0.5,0,0
C10-darpa-optc-sysclient0351-0925,C10-darpa-optc-sysclient0351-0925|random|m060|41,random,0.6,41,C10-darpa-optc-sysclient0351-0925|random|m060|41|d0|root,0,,11.0,2,3,5.0,C10-AA-002>C10-AA-003>C10-AA-005,6.0,C10-AA-001>C10-AA-005>C10-AA-003>C10-AA-002,C10-AA-001>C10-AA-002>C10-AA-003>C10-AA-002,target_reached,1,positive,1,1,0,0,1.0,0.2,0,0
C10-darpa-optc-sysclient0351-0925,C10-darpa-optc-sysclient0351-0925|random|m060|41,random,0.6,41,C10-darpa-optc-sysclient0351-0925|random|m060|41|d1|C10-AA-001,1,C10-AA-001,10.0,2,3,5.0,C10-AA-002>C10-AA-003>C10-AA-005,5.0,C10-AA-005>C10-AA-003>C10-AA-002,C10-AA-002>C10-AA-003>C10-AA-002,target_reached,1,zero,1,1,0,0,0.0,0.0,1,0
C10-darpa-optc-sysclient0351-0925,C10-darpa-optc-sysclient0351-0925|random|m060|41,random,0.6,41,C10-darpa-optc-sysclient0351-0925|random|m060|41|d1|C10-AA-002,1,C10-AA-002,9.0,3,2,3.0,C10-AA-003>C10-AA-005,3.0,C10-AA-005>C10-AA-003,C10-AA-005>C10-AA-003,target_reached,0,zero,1,1,0,0,0.0,0.0,1,0
C10-darpa-optc-sysclient0351-0925,C10-darpa-optc-sysclient0351-0925|random|m060|41,random,0.6,41,C10-darpa-optc-sysclient0351-0925|random|m060|41|d1|C10-AA-003,1,C10-AA-003,10.0,3,2,4.0,C10-AA-002>C10-AA-005,5.0,C10-AA-001>C10-AA-002>C10-AA-005,C10-AA-001>C10-AA-002>C10-AA-005,target_reached,0,positive,1,1,0,0,1.0,0.25,0,0
C10-darpa-optc-sysclient0351-0925,C10-darpa-optc-sysclient0351-0925|random|m060|41,random,0.6,41,C10-darpa-optc-sysclient0351-0925|random|m060|41|d1|C10-AA-004,1,C10-AA-004,9.0,2,3,5.0,C10-AA-002>C10-AA-003>C10-AA-005,6.0,C10-AA-001>C10-AA-005>C10-AA-002>C10-AA-003,C10-AA-001>C10-AA-002>C10-AA-002>C10-AA-003,target_reached,1,positive,1,1,0,0,1.0,0.2,0,0
C10-darpa-optc-sysclient0351-0925,C10-darpa-optc-sysclient0351-0925|random|m060|41,random,0.6,41,C10-darpa-optc-sysclient0351-0925|random|m060|41|d1|C10-AA-005,1,C10-AA-005,9.0,3,2,3.0,C10-AA-002>C10-AA-003,3.0,C10-AA-003>C10-AA-002,C10-AA-003>C10-AA-002,target_reached,0,zero,1,1,0,0,0.0,0.0,1,0
C10-darpa-optc-sysclient0351-0925,C10-darpa-optc-sysclient0351-0925|random|m060|41,random,0.6,41,C10-darpa-optc-sysclient0351-0925|random|m060|41|d2|C10-AA-001>C10-AA-002,2,C10-AA-001>C10-AA-002,8.0,3,2,3.0,C10-AA-003>C10-AA-005,3.0,C10-AA-005>C10-AA-003,C10-AA-005>C10-AA-003,target_reached,0,zero,1,1,0,0,0.0,0.0,1,0
C10-darpa-optc-sysclient0351-0925,C10-darpa-optc-sysclient0351-0925|random|m060|41,random,0.6,41,C10-darpa-optc-sysclient0351-0925|random|m060|41|d2|C10-AA-001>C10-AA-003,2,C10-AA-001>C10-AA-003,9.0,3,2,4.0,C10-AA-002>C10-AA-005,4.0,C10-AA-002>C10-AA-005,C10-AA-002>C10-AA-005,target_reached,0,zero,1,1,0,0,0.0,0.0,1,1
C10-darpa-optc-sysclient0351-0925,C10-darpa-optc-sysclient0351-0925|random|m060|41,random,0.6,41,C10-darpa-optc-sysclient0351-0925|random|m060|41|d2|C10-AA-001>C10-AA-004,2,C10-AA-001>C10-AA-004,8.0,2,3,5.0,C10-AA-002>C10-AA-003>C10-AA-005,5.0,C10-AA-005>C10-AA-002>C10-AA-003,C10-AA-002>C10-AA-002>C10-AA-003,target_reached,1,zero,1,1,0,0,0.0,0.0,1,0
C10-darpa-optc-sysclient0351-0925,C10-darpa-optc-sysclient0351-0925|random|m060|41,random,0.6,41,C10-darpa-optc-sysclient0351-0925|random|m060|41|d2|C10-AA-001>C10-AA-005,2,C10-AA-001>C10-AA-005,8.0,3,2,3.0,C10-AA-002>C10-AA-003,3.0,C10-AA-003>C10-AA-002,C10-AA-003>C10-AA-002,target_reached,0,zero,1,1,0,0,0.0,0.0,1,0
C10-darpa-optc-sysclient0351-0925,C10-darpa-optc-sysclient0351-0925|random|m060|41,random,0.6,41,C10-darpa-optc-sysclient0351-0925|random|m060|41|d2|C10-AA-002>C10-AA-003,2,C10-AA-002>C10-AA-003,8.0,4,1,2.0,C10-AA-005,2.0,C10-AA-005,C10-AA-005,target_reached,0,zero,1,1,0,0,0.0,0.0,1,1
C10-darpa-optc-sysclient0351-0925,C10-darpa-optc-sysclient0351-0925|random|m060|41,random,0.6,41,C10-darpa-optc-sysclient0351-0925|random|m060|41|d2|C10-AA-002>C10-AA-004,2,C10-AA-002>C10-AA-004,7.0,3,2,3.0,C10-AA-003>C10-AA-005,3.0,C10-AA-005>C10-AA-003,C10-AA-005>C10-AA-003,target_reached,0,zero,1,1,0,0,0.0,0.0,1,0
C10-darpa-optc-sysclient0351-0925,C10-darpa-optc-sysclient0351-0925|random|m060|41,random,0.6,41,C10-darpa-optc-sysclient0351-0925|random|m060|41|d2|C10-AA-002>C10-AA-005,2,C10-AA-002>C10-AA-005,7.0,4,1,1.0,C10-AA-003,1.0,C10-AA-003,C10-AA-003,target_reached,0,zero,1,1,0,0,0.0,0.0,1,1
C10-darpa-optc-sysclient0351-0925,C10-darpa-optc-sysclient0351-0925|random|m060|41,random,0.6,41,C10-darpa-optc-sysclient0351-0925|random|m060|41|d2|C10-AA-003>C10-AA-004,2,C10-AA-003>C10-AA-004,8.0,3,2,4.0,C10-AA-002>C10-AA-005,5.0,C10-AA-001>C10-AA-002>C10-AA-005,C10-AA-002>C10-AA-002>C10-AA-005,target_reached,1,positive,1,1,0,0,1.0,0.25,0,0
C10-darpa-optc-sysclient0351-0925,C10-darpa-optc-sysclient0351-0925|random|m060|41,random,0.6,41,C10-darpa-optc-sysclient0351-0925|random|m060|41|d2|C10-AA-003>C10-AA-005,2,C10-AA-003>C10-AA-005,8.0,4,1,2.0,C10-AA-002,2.0,C10-AA-002,C10-AA-002,target_reached,0,zero,1,1,0,0,0.0,0.0,1,1
C10-darpa-optc-sysclient0351-0925,C10-darpa-optc-sysclient0351-0925|random|m060|41,random,0.6,41,C10-darpa-optc-sysclient0351-0925|random|m060|41|d2|C10-AA-004>C10-AA-005,2,C10-AA-004>C10-AA-005,7.0,3,2,3.0,C10-AA-002>C10-AA-003,3.0,C10-AA-003>C10-AA-002,C10-AA-003>C10-AA-002,target_reached,0,zero,1,1,0,0,0.0,0.0,1,0
C10-darpa-optc-sysclient0351-0925,C10-darpa-optc-sysclient0351-0925|random|m060|53,random,0.6,53,C10-darpa-optc-sysclient0351-0925|random|m060|53|d0|root,0,,11.0,2,3,4.0,C10-AA-004>C10-AA-005,4.0,C10-AA-004>C10-AA-005,C10-AA-004>C10-AA-005,target_reached,0,zero,1,1,0,0,0.0,0.0,1,1
C10-darpa-optc-sysclient0351-0925,C10-darpa-optc-sysclient0351-0925|random|m060|53,random,0.6,53,C10-darpa-optc-sysclient0351-0925|random|m060|53|d1|C10-AA-001,1,C10-AA-001,10.0,2,3,4.0,C10-AA-004>C10-AA-005,4.0,C10-AA-004>C10-AA-005,C10-AA-004>C10-AA-005,target_reached,0,zero,1,1,0,0,0.0,0.0,1,1
C10-darpa-optc-sysclient0351-0925,C10-darpa-optc-sysclient0351-0925|random|m060|53,random,0.6,53,C10-darpa-optc-sysclient0351-0925|random|m060|53|d1|C10-AA-002,1,C10-AA-002,9.0,2,3,4.0,C10-AA-004>C10-AA-005,6.0,C10-AA-003>C10-AA-001>C10-AA-004>C10-AA-005,C10-AA-003>C10-AA-001>C10-AA-004>C10-AA-005,target_reached,0,positive,1,1,0,0,2.0,0.5,0,0
C10-darpa-optc-sysclient0351-0925,C10-darpa-optc-sysclient0351-0925|random|m060|53,random,0.6,53,C10-darpa-optc-sysclient0351-0925|random|m060|53|d1|C10-AA-003,1,C10-AA-003,10.0,2,3,4.0,C10-AA-004>C10-AA-005,4.0,C10-AA-004>C10-AA-005,C10-AA-004>C10-AA-005,target_reached,0,zero,1,1,0,0,0.0,0.0,1,1
C10-darpa-optc-sysclient0351-0925,C10-darpa-optc-sysclient0351-0925|random|m060|53,random,0.6,53,C10-darpa-optc-sysclient0351-0925|random|m060|53|d1|C10-AA-004,1,C10-AA-004,9.0,3,2,2.0,C10-AA-005,2.0,C10-AA-005,C10-AA-005,target_reached,0,zero,1,1,0,0,0.0,0.0,1,1
C10-darpa-optc-sysclient0351-0925,C10-darpa-optc-sysclient0351-0925|random|m060|53,random,0.6,53,C10-darpa-optc-sysclient0351-0925|random|m060|53|d1|C10-AA-005,1,C10-AA-005,9.0,3,2,2.0,C10-AA-004,2.0,C10-AA-004,C10-AA-004,target_reached,0,zero,1,1,0,0,0.0,0.0,1,1
C10-darpa-optc-sysclient0351-0925,C10-darpa-optc-sysclient0351-0925|random|m060|53,random,0.6,53,C10-darpa-optc-sysclient0351-0925|random|m060|53|d2|C10-AA-001>C10-AA-002,2,C10-AA-001>C10-AA-002,8.0,2,3,4.0,C10-AA-004>C10-AA-005,5.0,C10-AA-003>C10-AA-004>C10-AA-005,C10-AA-003>C10-AA-004>C10-AA-005,target_reached,0,positive,1,1,0,0,1.0,0.25,0,0
C10-darpa-optc-sysclient0351-0925,C10-darpa-optc-sysclient0351-0925|random|m060|53,random,0.6,53,C10-darpa-optc-sysclient0351-0925|random|m060|53|d2|C10-AA-001>C10-AA-003,2,C10-AA-001>C10-AA-003,9.0,2,3,4.0,C10-AA-004>C10-AA-005,4.0,C10-AA-004>C10-AA-005,C10-AA-004>C10-AA-005,target_reached,0,zero,1,1,0,0,0.0,0.0,1,1
C10-darpa-optc-sysclient0351-0925,C10-darpa-optc-sysclient0351-0925|random|m060|53,random,0.6,53,C10-darpa-optc-sysclient0351-0925|random|m060|53|d2|C10-AA-001>C10-AA-004,2,C10-AA-001>C10-AA-004,8.0,3,2,2.0,C10-AA-005,2.0,C10-AA-005,C10-AA-005,target_reached,0,zero,1,1,0,0,0.0,0.0,1,1
C10-darpa-optc-sysclient0351-0925,C10-darpa-optc-sysclient0351-0925|random|m060|53,random,0.6,53,C10-darpa-optc-sysclient0351-0925|random|m060|53|d2|C10-AA-001>C10-AA-005,2,C10-AA-001>C10-AA-005,8.0,3,2,2.0,C10-AA-004,2.0,C10-AA-004,C10-AA-004,target_reached,0,zero,1,1,0,0,0.0,0.0,1,1
C10-darpa-optc-sysclient0351-0925,C10-darpa-optc-sysclient0351-0925|random|m060|53,random,0.6,53,C10-darpa-optc-sysclient0351-0925|random|m060|53|d2|C10-AA-002>C10-AA-003,2,C10-AA-002>C10-AA-003,8.0,2,3,4.0,C10-AA-004>C10-AA-005,5.0,C10-AA-001>C10-AA-004>C10-AA-005,C10-AA-001>C10-AA-004>C10-AA-005,target_reached,0,positive,1,1,0,0,1.0,0.25,0,0
C10-darpa-optc-sysclient0351-0925,C10-darpa-optc-sysclient0351-0925|random|m060|53,random,0.6,53,C10-darpa-optc-sysclient0351-0925|random|m060|53|d2|C10-AA-002>C10-AA-004,2,C10-AA-002>C10-AA-004,7.0,3,2,2.0,C10-AA-005,2.0,C10-AA-005,C10-AA-005,target_reached,0,zero,1,1,0,0,0.0,0.0,1,1
C10-darpa-optc-sysclient0351-0925,C10-darpa-optc-sysclient0351-0925|random|m060|53,random,0.6,53,C10-darpa-optc-sysclient0351-0925|random|m060|53|d2|C10-AA-002>C10-AA-005,2,C10-AA-002>C10-AA-005,7.0,3,2,2.0,C10-AA-004,2.0,C10-AA-004,C10-AA-004,target_reached,0,zero,1,1,0,0,0.0,0.0,1,1
C10-darpa-optc-sysclient0351-0925,C10-darpa-optc-sysclient0351-0925|random|m060|53,random,0.6,53,C10-darpa-optc-sysclient0351-0925|random|m060|53|d2|C10-AA-003>C10-AA-004,2,C10-AA-003>C10-AA-004,8.0,3,2,2.0,C10-AA-005,2.0,C10-AA-005,C10-AA-005,target_reached,0,zero,1,1,0,0,0.0,0.0,1,1
C10-darpa-optc-sysclient0351-0925,C10-darpa-optc-sysclient0351-0925|random|m060|53,random,0.6,53,C10-darpa-optc-sysclient0351-0925|random|m060|53|d2|C10-AA-003>C10-AA-005,2,C10-AA-003>C10-AA-005,8.0,3,2,2.0,C10-AA-004,2.0,C10-AA-004,C10-AA-004,target_reached,0,zero,1,1,0,0,0.0,0.0,1,1
C10-darpa-optc-sysclient0351-0925,C10-darpa-optc-sysclient0351-0925|stage|m020|11,stage,0.2,11,C10-darpa-optc-sysclient0351-0925|stage|m020|11|d0|root,0,,11.0,4,1,1.0,C10-AA-003,1.0,C10-AA-003,C10-AA-003,target_reached,0,zero,1,1,0,0,0.0,0.0,1,1
C10-darpa-optc-sysclient0351-0925,C10-darpa-optc-sysclient0351-0925|stage|m020|11,stage,0.2,11,C10-darpa-optc-sysclient0351-0925|stage|m020|11|d1|C10-AA-001,1,C10-AA-001,10.0,4,1,1.0,C10-AA-003,1.0,C10-AA-003,C10-AA-003,target_reached,0,zero,1,1,0,0,0.0,0.0,1,1
C10-darpa-optc-sysclient0351-0925,C10-darpa-optc-sysclient0351-0925|stage|m020|11,stage,0.2,11,C10-darpa-optc-sysclient0351-0925|stage|m020|11|d1|C10-AA-002,1,C10-AA-002,9.0,4,1,1.0,C10-AA-003,1.0,C10-AA-003,C10-AA-003,target_reached,0,zero,1,1,0,0,0.0,0.0,1,1
C10-darpa-optc-sysclient0351-0925,C10-darpa-optc-sysclient0351-0925|stage|m020|11,stage,0.2,11,C10-darpa-optc-sysclient0351-0925|stage|m020|11|d1|C10-AA-004,1,C10-AA-004,9.0,4,1,1.0,C10-AA-003,1.0,C10-AA-003,C10-AA-003,target_reached,0,zero,1,1,0,0,0.0,0.0,1,1
C10-darpa-optc-sysclient0351-0925,C10-darpa-optc-sysclient0351-0925|stage|m020|11,stage,0.2,11,C10-darpa-optc-sysclient0351-0925|stage|m020|11|d1|C10-AA-005,1,C10-AA-005,9.0,4,1,1.0,C10-AA-003,1.0,C10-AA-003,C10-AA-003,target_reached,0,zero,1,1,0,0,0.0,0.0,1,1
C10-darpa-optc-sysclient0351-0925,C10-darpa-optc-sysclient0351-0925|stage|m020|11,stage,0.2,11,C10-darpa-optc-sysclient0351-0925|stage|m020|11|d2|C10-AA-001>C10-AA-002,2,C10-AA-001>C10-AA-002,8.0,4,1,1.0,C10-AA-003,1.0,C10-AA-003,C10-AA-003,target_reached,0,zero,1,1,0,0,0.0,0.0,1,1
C10-darpa-optc-sysclient0351-0925,C10-darpa-optc-sysclient0351-0925|stage|m020|11,stage,0.2,11,C10-darpa-optc-sysclient0351-0925|stage|m020|11|d2|C10-AA-001>C10-AA-004,2,C10-AA-001>C10-AA-004,8.0,4,1,1.0,C10-AA-003,1.0,C10-AA-003,C10-AA-003,target_reached,0,zero,1,1,0,0,0.0,0.0,1,1
C10-darpa-optc-sysclient0351-0925,C10-darpa-optc-sysclient0351-0925|stage|m020|11,stage,0.2,11,C10-darpa-optc-sysclient0351-0925|stage|m020|11|d2|C10-AA-001>C10-AA-005,2,C10-AA-001>C10-AA-005,8.0,4,1,1.0,C10-AA-003,1.0,C10-AA-003,C10-AA-003,target_reached,0,zero,1,1,0,0,0.0,0.0,1,1
C10-darpa-optc-sysclient0351-0925,C10-darpa-optc-sysclient0351-0925|stage|m020|11,stage,0.2,11,C10-darpa-optc-sysclient0351-0925|stage|m020|11|d2|C10-AA-002>C10-AA-004,2,C10-AA-002>C10-AA-004,7.0,4,1,1.0,C10-AA-003,1.0,C10-AA-003,C10-AA-003,target_reached,0,zero,1,1,0,0,0.0,0.0,1,1
C10-darpa-optc-sysclient0351-0925,C10-darpa-optc-sysclient0351-0925|stage|m020|11,stage,0.2,11,C10-darpa-optc-sysclient0351-0925|stage|m020|11|d2|C10-AA-002>C10-AA-005,2,C10-AA-002>C10-AA-005,7.0,4,1,1.0,C10-AA-003,1.0,C10-AA-003,C10-AA-003,target_reached,0,zero,1,1,0,0,0.0,0.0,1,1
C10-darpa-optc-sysclient0351-0925,C10-darpa-optc-sysclient0351-0925|stage|m020|11,stage,0.2,11,C10-darpa-optc-sysclient0351-0925|stage|m020|11|d2|C10-AA-004>C10-AA-005,2,C10-AA-004>C10-AA-005,7.0,4,1,1.0,C10-AA-003,1.0,C10-AA-003,C10-AA-003,target_reached,0,zero,1,1,0,0,0.0,0.0,1,1
C10-darpa-optc-sysclient0351-0925,C10-darpa-optc-sysclient0351-0925|stage|m020|23,stage,0.2,23,C10-darpa-optc-sysclient0351-0925|stage|m020|23|d0|root,0,,11.0,4,1,1.0,C10-AA-003,1.0,C10-AA-003,C10-AA-003,target_reached,0,zero,1,1,0,0,0.0,0.0,1,1
C10-darpa-optc-sysclient0351-0925,C10-darpa-optc-sysclient0351-0925|stage|m020|23,stage,0.2,23,C10-darpa-optc-sysclient0351-0925|stage|m020|23|d1|C10-AA-001,1,C10-AA-001,10.0,4,1,1.0,C10-AA-003,1.0,C10-AA-003,C10-AA-003,target_reached,0,zero,1,1,0,0,0.0,0.0,1,1
C10-darpa-optc-sysclient0351-0925,C10-darpa-optc-sysclient0351-0925|stage|m020|23,stage,0.2,23,C10-darpa-optc-sysclient0351-0925|stage|m020|23|d1|C10-AA-002,1,C10-AA-002,9.0,4,1,1.0,C10-AA-003,1.0,C10-AA-003,C10-AA-003,target_reached,0,zero,1,1,0,0,0.0,0.0,1,1
C10-darpa-optc-sysclient0351-0925,C10-darpa-optc-sysclient0351-0925|stage|m020|23,stage,0.2,23,C10-darpa-optc-sysclient0351-0925|stage|m020|23|d1|C10-AA-004,1,C10-AA-004,9.0,4,1,1.0,C10-AA-003,1.0,C10-AA-003,C10-AA-003,target_reached,0,zero,1,1,0,0,0.0,0.0,1,1
C10-darpa-optc-sysclient0351-0925,C10-darpa-optc-sysclient0351-0925|stage|m020|23,stage,0.2,23,C10-darpa-optc-sysclient0351-0925|stage|m020|23|d1|C10-AA-005,1,C10-AA-005,9.0,4,1,1.0,C10-AA-003,1.0,C10-AA-003,C10-AA-003,target_reached,0,zero,1,1,0,0,0.0,0.0,1,1
C10-darpa-optc-sysclient0351-0925,C10-darpa-optc-sysclient0351-0925|stage|m020|23,stage,0.2,23,C10-darpa-optc-sysclient0351-0925|stage|m020|23|d2|C10-AA-001>C10-AA-002,2,C10-AA-001>C10-AA-002,8.0,4,1,1.0,C10-AA-003,1.0,C10-AA-003,C10-AA-003,target_reached,0,zero,1,1,0,0,0.0,0.0,1,1
C10-darpa-optc-sysclient0351-0925,C10-darpa-optc-sysclient0351-0925|stage|m020|23,stage,0.2,23,C10-darpa-optc-sysclient0351-0925|stage|m020|23|d2|C10-AA-001>C10-AA-004,2,C10-AA-001>C10-AA-004,8.0,4,1,1.0,C10-AA-003,1.0,C10-AA-003,C10-AA-003,target_reached,0,zero,1,1,0,0,0.0,0.0,1,1
C10-darpa-optc-sysclient0351-0925,C10-darpa-optc-sysclient0351-0925|stage|m020|23,stage,0.2,23,C10-darpa-optc-sysclient0351-0925|stage|m020|23|d2|C10-AA-001>C10-AA-005,2,C10-AA-001>C10-AA-005,8.0,4,1,1.0,C10-AA-003,1.0,C10-AA-003,C10-AA-003,target_reached,0,zero,1,1,0,0,0.0,0.0,1,1
C10-darpa-optc-sysclient0351-0925,C10-darpa-optc-sysclient0351-0925|stage|m020|23,stage,0.2,23,C10-darpa-optc-sysclient0351-0925|stage|m020|23|d2|C10-AA-002>C10-AA-004,2,C10-AA-002>C10-AA-004,7.0,4,1,1.0,C10-AA-003,1.0,C10-AA-003,C10-AA-003,target_reached,0,zero,1,1,0,0,0.0,0.0,1,1
C10-darpa-optc-sysclient0351-0925,C10-darpa-optc-sysclient0351-0925|stage|m020|23,stage,0.2,23,C10-darpa-optc-sysclient0351-0925|stage|m020|23|d2|C10-AA-002>C10-AA-005,2,C10-AA-002>C10-AA-005,7.0,4,1,1.0,C10-AA-003,1.0,C10-AA-003,C10-AA-003,target_reached,0,zero,1,1,0,0,0.0,0.0,1,1
C10-darpa-optc-sysclient0351-0925,C10-darpa-optc-sysclient0351-0925|stage|m020|23,stage,0.2,23,C10-darpa-optc-sysclient0351-0925|stage|m020|23|d2|C10-AA-004>C10-AA-005,2,C10-AA-004>C10-AA-005,7.0,4,1,1.0,C10-AA-003,1.0,C10-AA-003,C10-AA-003,target_reached,0,zero,1,1,0,0,0.0,0.0,1,1
C10-darpa-optc-sysclient0351-0925,C10-darpa-optc-sysclient0351-0925|stage|m020|37,stage,0.2,37,C10-darpa-optc-sysclient0351-0925|stage|m020|37|d0|root,0,,11.0,4,1,1.0,C10-AA-003,1.0,C10-AA-003,C10-AA-003,target_reached,0,zero,1,1,0,0,0.0,0.0,1,1
C10-darpa-optc-sysclient0351-0925,C10-darpa-optc-sysclient0351-0925|stage|m020|37,stage,0.2,37,C10-darpa-optc-sysclient0351-0925|stage|m020|37|d1|C10-AA-001,1,C10-AA-001,10.0,4,1,1.0,C10-AA-003,1.0,C10-AA-003,C10-AA-003,target_reached,0,zero,1,1,0,0,0.0,0.0,1,1
C10-darpa-optc-sysclient0351-0925,C10-darpa-optc-sysclient0351-0925|stage|m020|37,stage,0.2,37,C10-darpa-optc-sysclient0351-0925|stage|m020|37|d1|C10-AA-002,1,C10-AA-002,9.0,4,1,1.0,C10-AA-003,1.0,C10-AA-003,C10-AA-003,target_reached,0,zero,1,1,0,0,0.0,0.0,1,1
C10-darpa-optc-sysclient0351-0925,C10-darpa-optc-sysclient0351-0925|stage|m020|37,stage,0.2,37,C10-darpa-optc-sysclient0351-0925|stage|m020|37|d1|C10-AA-004,1,C10-AA-004,9.0,4,1,1.0,C10-AA-003,1.0,C10-AA-003,C10-AA-003,target_reached,0,zero,1,1,0,0,0.0,0.0,1,1
C10-darpa-optc-sysclient0351-0925,C10-darpa-optc-sysclient0351-0925|stage|m020|37,stage,0.2,37,C10-darpa-optc-sysclient0351-0925|stage|m020|37|d1|C10-AA-005,1,C10-AA-005,9.0,4,1,1.0,C10-AA-003,1.0,C10-AA-003,C10-AA-003,target_reached,0,zero,1,1,0,0,0.0,0.0,1,1
C10-darpa-optc-sysclient0351-0925,C10-darpa-optc-sysclient0351-0925|stage|m020|37,stage,0.2,37,C10-darpa-optc-sysclient0351-0925|stage|m020|37|d2|C10-AA-001>C10-AA-002,2,C10-AA-001>C10-AA-002,8.0,4,1,1.0,C10-AA-003,1.0,C10-AA-003,C10-AA-003,target_reached,0,zero,1,1,0,0,0.0,0.0,1,1
C10-darpa-optc-sysclient0351-0925,C10-darpa-optc-sysclient0351-0925|stage|m020|37,stage,0.2,37,C10-darpa-optc-sysclient0351-0925|stage|m020|37|d2|C10-AA-001>C10-AA-004,2,C10-AA-001>C10-AA-004,8.0,4,1,1.0,C10-AA-003,1.0,C10-AA-003,C10-AA-003,target_reached,0,zero,1,1,0,0,0.0,0.0,1,1
C10-darpa-optc-sysclient0351-0925,C10-darpa-optc-sysclient0351-0925|stage|m020|37,stage,0.2,37,C10-darpa-optc-sysclient0351-0925|stage|m020|37|d2|C10-AA-001>C10-AA-005,2,C10-AA-001>C10-AA-005,8.0,4,1,1.0,C10-AA-003,1.0,C10-AA-003,C10-AA-003,target_reached,0,zero,1,1,0,0,0.0,0.0,1,1
C10-darpa-optc-sysclient0351-0925,C10-darpa-optc-sysclient0351-0925|stage|m020|37,stage,0.2,37,C10-darpa-optc-sysclient0351-0925|stage|m020|37|d2|C10-AA-002>C10-AA-004,2,C10-AA-002>C10-AA-004,7.0,4,1,1.0,C10-AA-003,1.0,C10-AA-003,C10-AA-003,target_reached,0,zero,1,1,0,0,0.0,0.0,1,1
C10-darpa-optc-sysclient0351-0925,C10-darpa-optc-sysclient0351-0925|stage|m020|37,stage,0.2,37,C10-darpa-optc-sysclient0351-0925|stage|m020|37|d2|C10-AA-002>C10-AA-005,2,C10-AA-002>C10-AA-005,7.0,4,1,1.0,C10-AA-003,1.0,C10-AA-003,C10-AA-003,target_reached,0,zero,1,1,0,0,0.0,0.0,1,1
C10-darpa-optc-sysclient0351-0925,C10-darpa-optc-sysclient0351-0925|stage|m020|37,stage,0.2,37,C10-darpa-optc-sysclient0351-0925|stage|m020|37|d2|C10-AA-004>C10-AA-005,2,C10-AA-004>C10-AA-005,7.0,4,1,1.0,C10-AA-003,1.0,C10-AA-003,C10-AA-003,target_reached,0,zero,1,1,0,0,0.0,0.0,1,1
C10-darpa-optc-sysclient0351-0925,C10-darpa-optc-sysclient0351-0925|stage|m020|41,stage,0.2,41,C10-darpa-optc-sysclient0351-0925|stage|m020|41|d0|root,0,,11.0,4,1,1.0,C10-AA-003,1.0,C10-AA-003,C10-AA-003,target_reached,0,zero,1,1,0,0,0.0,0.0,1,1
C10-darpa-optc-sysclient0351-0925,C10-darpa-optc-sysclient0351-0925|stage|m020|41,stage,0.2,41,C10-darpa-optc-sysclient0351-0925|stage|m020|41|d1|C10-AA-001,1,C10-AA-001,10.0,4,1,1.0,C10-AA-003,1.0,C10-AA-003,C10-AA-003,target_reached,0,zero,1,1,0,0,0.0,0.0,1,1
C10-darpa-optc-sysclient0351-0925,C10-darpa-optc-sysclient0351-0925|stage|m020|41,stage,0.2,41,C10-darpa-optc-sysclient0351-0925|stage|m020|41|d1|C10-AA-002,1,C10-AA-002,9.0,4,1,1.0,C10-AA-003,1.0,C10-AA-003,C10-AA-003,target_reached,0,zero,1,1,0,0,0.0,0.0,1,1
C10-darpa-optc-sysclient0351-0925,C10-darpa-optc-sysclient0351-0925|stage|m020|41,stage,0.2,41,C10-darpa-optc-sysclient0351-0925|stage|m020|41|d1|C10-AA-004,1,C10-AA-004,9.0,4,1,1.0,C10-AA-003,1.0,C10-AA-003,C10-AA-003,target_reached,0,zero,1,1,0,0,0.0,0.0,1,1
C10-darpa-optc-sysclient0351-0925,C10-darpa-optc-sysclient0351-0925|stage|m020|41,stage,0.2,41,C10-darpa-optc-sysclient0351-0925|stage|m020|41|d1|C10-AA-005,1,C10-AA-005,9.0,4,1,1.0,C10-AA-003,1.0,C10-AA-003,C10-AA-003,target_reached,0,zero,1,1,0,0,0.0,0.0,1,1
C10-darpa-optc-sysclient0351-0925,C10-darpa-optc-sysclient0351-0925|stage|m020|41,stage,0.2,41,C10-darpa-optc-sysclient0351-0925|stage|m020|41|d2|C10-AA-001>C10-AA-002,2,C10-AA-001>C10-AA-002,8.0,4,1,1.0,C10-AA-003,1.0,C10-AA-003,C10-AA-003,target_reached,0,zero,1,1,0,0,0.0,0.0,1,1
C10-darpa-optc-sysclient0351-0925,C10-darpa-optc-sysclient0351-0925|stage|m020|41,stage,0.2,41,C10-darpa-optc-sysclient0351-0925|stage|m020|41|d2|C10-AA-001>C10-AA-004,2,C10-AA-001>C10-AA-004,8.0,4,1,1.0,C10-AA-003,1.0,C10-AA-003,C10-AA-003,target_reached,0,zero,1,1,0,0,0.0,0.0,1,1
C10-darpa-optc-sysclient0351-0925,C10-darpa-optc-sysclient0351-0925|stage|m020|41,stage,0.2,41,C10-darpa-optc-sysclient0351-0925|stage|m020|41|d2|C10-AA-001>C10-AA-005,2,C10-AA-001>C10-AA-005,8.0,4,1,1.0,C10-AA-003,1.0,C10-AA-003,C10-AA-003,target_reached,0,zero,1,1,0,0,0.0,0.0,1,1
C10-darpa-optc-sysclient0351-0925,C10-darpa-optc-sysclient0351-0925|stage|m020|41,stage,0.2,41,C10-darpa-optc-sysclient0351-0925|stage|m020|41|d2|C10-AA-002>C10-AA-004,2,C10-AA-002>C10-AA-004,7.0,4,1,1.0,C10-AA-003,1.0,C10-AA-003,C10-AA-003,target_reached,0,zero,1,1,0,0,0.0,0.0,1,1
C10-darpa-optc-sysclient0351-0925,C10-darpa-optc-sysclient0351-0925|stage|m020|41,stage,0.2,41,C10-darpa-optc-sysclient0351-0925|stage|m020|41|d2|C10-AA-002>C10-AA-005,2,C10-AA-002>C10-AA-005,7.0,4,1,1.0,C10-AA-003,1.0,C10-AA-003,C10-AA-003,target_reached,0,zero,1,1,0,0,0.0,0.0,1,1
C10-darpa-optc-sysclient0351-0925,C10-darpa-optc-sysclient0351-0925|stage|m020|41,stage,0.2,41,C10-darpa-optc-sysclient0351-0925|stage|m020|41|d2|C10-AA-004>C10-AA-005,2,C10-AA-004>C10-AA-005,7.0,4,1,1.0,C10-AA-003,1.0,C10-AA-003,C10-AA-003,target_reached,0,zero,1,1,0,0,0.0,0.0,1,1
C10-darpa-optc-sysclient0351-0925,C10-darpa-optc-sysclient0351-0925|stage|m020|53,stage,0.2,53,C10-darpa-optc-sysclient0351-0925|stage|m020|53|d0|root,0,,11.0,4,1,1.0,C10-AA-003,1.0,C10-AA-003,C10-AA-003,target_reached,0,zero,1,1,0,0,0.0,0.0,1,1
C10-darpa-optc-sysclient0351-0925,C10-darpa-optc-sysclient0351-0925|stage|m020|53,stage,0.2,53,C10-darpa-optc-sysclient0351-0925|stage|m020|53|d1|C10-AA-001,1,C10-AA-001,10.0,4,1,1.0,C10-AA-003,1.0,C10-AA-003,C10-AA-003,target_reached,0,zero,1,1,0,0,0.0,0.0,1,1
C10-darpa-optc-sysclient0351-0925,C10-darpa-optc-sysclient0351-0925|stage|m020|53,stage,0.2,53,C10-darpa-optc-sysclient0351-0925|stage|m020|53|d1|C10-AA-002,1,C10-AA-002,9.0,4,1,1.0,C10-AA-003,1.0,C10-AA-003,C10-AA-003,target_reached,0,zero,1,1,0,0,0.0,0.0,1,1
C10-darpa-optc-sysclient0351-0925,C10-darpa-optc-sysclient0351-0925|stage|m020|53,stage,0.2,53,C10-darpa-optc-sysclient0351-0925|stage|m020|53|d1|C10-AA-004,1,C10-AA-004,9.0,4,1,1.0,C10-AA-003,1.0,C10-AA-003,C10-AA-003,target_reached,0,zero,1,1,0,0,0.0,0.0,1,1
C10-darpa-optc-sysclient0351-0925,C10-darpa-optc-sysclient0351-0925|stage|m020|53,stage,0.2,53,C10-darpa-optc-sysclient0351-0925|stage|m020|53|d1|C10-AA-005,1,C10-AA-005,9.0,4,1,1.0,C10-AA-003,1.0,C10-AA-003,C10-AA-003,target_reached,0,zero,1,1,0,0,0.0,0.0,1,1
C10-darpa-optc-sysclient0351-0925,C10-darpa-optc-sysclient0351-0925|stage|m020|53,stage,0.2,53,C10-darpa-optc-sysclient0351-0925|stage|m020|53|d2|C10-AA-001>C10-AA-002,2,C10-AA-001>C10-AA-002,8.0,4,1,1.0,C10-AA-003,1.0,C10-AA-003,C10-AA-003,target_reached,0,zero,1,1,0,0,0.0,0.0,1,1
C10-darpa-optc-sysclient0351-0925,C10-darpa-optc-sysclient0351-0925|stage|m020|53,stage,0.2,53,C10-darpa-optc-sysclient0351-0925|stage|m020|53|d2|C10-AA-001>C10-AA-004,2,C10-AA-001>C10-AA-004,8.0,4,1,1.0,C10-AA-003,1.0,C10-AA-003,C10-AA-003,target_reached,0,zero,1,1,0,0,0.0,0.0,1,1
C10-darpa-optc-sysclient0351-0925,C10-darpa-optc-sysclient0351-0925|stage|m020|53,stage,0.2,53,C10-darpa-optc-sysclient0351-0925|stage|m020|53|d2|C10-AA-001>C10-AA-005,2,C10-AA-001>C10-AA-005,8.0,4,1,1.0,C10-AA-003,1.0,C10-AA-003,C10-AA-003,target_reached,0,zero,1,1,0,0,0.0,0.0,1,1
C10-darpa-optc-sysclient0351-0925,C10-darpa-optc-sysclient0351-0925|stage|m020|53,stage,0.2,53,C10-darpa-optc-sysclient0351-0925|stage|m020|53|d2|C10-AA-002>C10-AA-004,2,C10-AA-002>C10-AA-004,7.0,4,1,1.0,C10-AA-003,1.0,C10-AA-003,C10-AA-003,target_reached,0,zero,1,1,0,0,0.0,0.0,1,1
C10-darpa-optc-sysclient0351-0925,C10-darpa-optc-sysclient0351-0925|stage|m020|53,stage,0.2,53,C10-darpa-optc-sysclient0351-0925|stage|m020|53|d2|C10-AA-002>C10-AA-005,2,C10-AA-002>C10-AA-005,7.0,4,1,1.0,C10-AA-003,1.0,C10-AA-003,C10-AA-003,target_reached,0,zero,1,1,0,0,0.0,0.0,1,1
C10-darpa-optc-sysclient0351-0925,C10-darpa-optc-sysclient0351-0925|stage|m020|53,stage,0.2,53,C10-darpa-optc-sysclient0351-0925|stage|m020|53|d2|C10-AA-004>C10-AA-005,2,C10-AA-004>C10-AA-005,7.0,4,1,1.0,C10-AA-003,1.0,C10-AA-003,C10-AA-003,target_reached,0,zero,1,1,0,0,0.0,0.0,1,1
C10-darpa-optc-sysclient0351-0925,C10-darpa-optc-sysclient0351-0925|stage|m040|11,stage,0.4,11,C10-darpa-optc-sysclient0351-0925|stage|m040|11|d0|root,0,,11.0,3,2,3.0,C10-AA-003>C10-AA-004,3.0,C10-AA-003>C10-AA-004,C10-AA-003>C10-AA-004,target_reached,0,zero,1,1,0,0,0.0,0.0,1,1
C10-darpa-optc-sysclient0351-0925,C10-darpa-optc-sysclient0351-0925|stage|m040|11,stage,0.4,11,C10-darpa-optc-sysclient0351-0925|stage|m040|11|d1|C10-AA-001,1,C10-AA-001,10.0,3,2,3.0,C10-AA-003>C10-AA-004,3.0,C10-AA-003>C10-AA-004,C10-AA-003>C10-AA-004,target_reached,0,zero,1,1,0,0,0.0,0.0,1,1
C10-darpa-optc-sysclient0351-0925,C10-darpa-optc-sysclient0351-0925|stage|m040|11,stage,0.4,11,C10-darpa-optc-sysclient0351-0925|stage|m040|11|d1|C10-AA-002,1,C10-AA-002,9.0,3,2,3.0,C10-AA-003>C10-AA-004,3.0,C10-AA-003>C10-AA-004,C10-AA-003>C10-AA-004,target_reached,0,zero,1,1,0,0,0.0,0.0,1,1
C10-darpa-optc-sysclient0351-0925,C10-darpa-optc-sysclient0351-0925|stage|m040|11,stage,0.4,11,C10-darpa-optc-sysclient0351-0925|stage|m040|11|d1|C10-AA-003,1,C10-AA-003,10.0,4,1,2.0,C10-AA-004,2.0,C10-AA-004,C10-AA-004,target_reached,0,zero,1,1,0,0,0.0,0.0,1,1
C10-darpa-optc-sysclient0351-0925,C10-darpa-optc-sysclient0351-0925|stage|m040|11,stage,0.4,11,C10-darpa-optc-sysclient0351-0925|stage|m040|11|d1|C10-AA-004,1,C10-AA-004,9.0,4,1,1.0,C10-AA-003,1.0,C10-AA-003,C10-AA-003,target_reached,0,zero,1,1,0,0,0.0,0.0,1,1
C10-darpa-optc-sysclient0351-0925,C10-darpa-optc-sysclient0351-0925|stage|m040|11,stage,0.4,11,C10-darpa-optc-sysclient0351-0925|stage|m040|11|d1|C10-AA-005,1,C10-AA-005,9.0,3,2,3.0,C10-AA-003>C10-AA-004,3.0,C10-AA-003>C10-AA-004,C10-AA-003>C10-AA-004,target_reached,0,zero,1,1,0,0,0.0,0.0,1,1
C10-darpa-optc-sysclient0351-0925,C10-darpa-optc-sysclient0351-0925|stage|m040|11,stage,0.4,11,C10-darpa-optc-sysclient0351-0925|stage|m040|11|d2|C10-AA-001>C10-AA-002,2,C10-AA-001>C10-AA-002,8.0,3,2,3.0,C10-AA-003>C10-AA-004,3.0,C10-AA-003>C10-AA-004,C10-AA-003>C10-AA-004,target_reached,0,zero,1,1,0,0,0.0,0.0,1,1
C10-darpa-optc-sysclient0351-0925,C10-darpa-optc-sysclient0351-0925|stage|m040|11,stage,0.4,11,C10-darpa-optc-sysclient0351-0925|stage|m040|11|d2|C10-AA-001>C10-AA-003,2,C10-AA-001>C10-AA-003,9.0,4,1,2.0,C10-AA-004,2.0,C10-AA-004,C10-AA-004,target_reached,0,zero,1,1,0,0,0.0,0.0,1,1
C10-darpa-optc-sysclient0351-0925,C10-darpa-optc-sysclient0351-0925|stage|m040|11,stage,0.4,11,C10-darpa-optc-sysclient0351-0925|stage|m040|11|d2|C10-AA-001>C10-AA-004,2,C10-AA-001>C10-AA-004,8.0,4,1,1.0,C10-AA-003,1.0,C10-AA-003,C10-AA-003,target_reached,0,zero,1,1,0,0,0.0,0.0,1,1
C10-darpa-optc-sysclient0351-0925,C10-darpa-optc-sysclient0351-0925|stage|m040|11,stage,0.4,11,C10-darpa-optc-sysclient0351-0925|stage|m040|11|d2|C10-AA-001>C10-AA-005,2,C10-AA-001>C10-AA-005,8.0,3,2,3.0,C10-AA-003>C10-AA-004,3.0,C10-AA-003>C10-AA-004,C10-AA-003>C10-AA-004,target_reached,0,zero,1,1,0,0,0.0,0.0,1,1
C10-darpa-optc-sysclient0351-0925,C10-darpa-optc-sysclient0351-0925|stage|m040|11,stage,0.4,11,C10-darpa-optc-sysclient0351-0925|stage|m040|11|d2|C10-AA-002>C10-AA-003,2,C10-AA-002>C10-AA-003,8.0,4,1,2.0,C10-AA-004,2.0,C10-AA-004,C10-AA-004,target_reached,0,zero,1,1,0,0,0.0,0.0,1,1
C10-darpa-optc-sysclient0351-0925,C10-darpa-optc-sysclient0351-0925|stage|m040|11,stage,0.4,11,C10-darpa-optc-sysclient0351-0925|stage|m040|11|d2|C10-AA-002>C10-AA-004,2,C10-AA-002>C10-AA-004,7.0,4,1,1.0,C10-AA-003,1.0,C10-AA-003,C10-AA-003,target_reached,0,zero,1,1,0,0,0.0,0.0,1,1
C10-darpa-optc-sysclient0351-0925,C10-darpa-optc-sysclient0351-0925|stage|m040|11,stage,0.4,11,C10-darpa-optc-sysclient0351-0925|stage|m040|11|d2|C10-AA-002>C10-AA-005,2,C10-AA-002>C10-AA-005,7.0,3,2,3.0,C10-AA-003>C10-AA-004,3.0,C10-AA-003>C10-AA-004,C10-AA-003>C10-AA-004,target_reached,0,zero,1,1,0,0,0.0,0.0,1,1
C10-darpa-optc-sysclient0351-0925,C10-darpa-optc-sysclient0351-0925|stage|m040|11,stage,0.4,11,C10-darpa-optc-sysclient0351-0925|stage|m040|11|d2|C10-AA-003>C10-AA-005,2,C10-AA-003>C10-AA-005,8.0,4,1,2.0,C10-AA-004,2.0,C10-AA-004,C10-AA-004,target_reached,0,zero,1,1,0,0,0.0,0.0,1,1
C10-darpa-optc-sysclient0351-0925,C10-darpa-optc-sysclient0351-0925|stage|m040|11,stage,0.4,11,C10-darpa-optc-sysclient0351-0925|stage|m040|11|d2|C10-AA-004>C10-AA-005,2,C10-AA-004>C10-AA-005,7.0,4,1,1.0,C10-AA-003,1.0,C10-AA-003,C10-AA-003,target_reached,0,zero,1,1,0,0,0.0,0.0,1,1
C10-darpa-optc-sysclient0351-0925,C10-darpa-optc-sysclient0351-0925|stage|m040|23,stage,0.4,23,C10-darpa-optc-sysclient0351-0925|stage|m040|23|d0|root,0,,11.0,3,2,3.0,C10-AA-003>C10-AA-004,3.0,C10-AA-003>C10-AA-004,C10-AA-003>C10-AA-004,target_reached,0,zero,1,1,0,0,0.0,0.0,1,1
C10-darpa-optc-sysclient0351-0925,C10-darpa-optc-sysclient0351-0925|stage|m040|23,stage,0.4,23,C10-darpa-optc-sysclient0351-0925|stage|m040|23|d1|C10-AA-001,1,C10-AA-001,10.0,3,2,3.0,C10-AA-003>C10-AA-004,3.0,C10-AA-003>C10-AA-004,C10-AA-003>C10-AA-004,target_reached,0,zero,1,1,0,0,0.0,0.0,1,1
C10-darpa-optc-sysclient0351-0925,C10-darpa-optc-sysclient0351-0925|stage|m040|23,stage,0.4,23,C10-darpa-optc-sysclient0351-0925|stage|m040|23|d1|C10-AA-002,1,C10-AA-002,9.0,3,2,3.0,C10-AA-003>C10-AA-004,3.0,C10-AA-003>C10-AA-004,C10-AA-003>C10-AA-004,target_reached,0,zero,1,1,0,0,0.0,0.0,1,1
C10-darpa-optc-sysclient0351-0925,C10-darpa-optc-sysclient0351-0925|stage|m040|23,stage,0.4,23,C10-darpa-optc-sysclient0351-0925|stage|m040|23|d1|C10-AA-003,1,C10-AA-003,10.0,4,1,2.0,C10-AA-004,2.0,C10-AA-004,C10-AA-004,target_reached,0,zero,1,1,0,0,0.0,0.0,1,1
C10-darpa-optc-sysclient0351-0925,C10-darpa-optc-sysclient0351-0925|stage|m040|23,stage,0.4,23,C10-darpa-optc-sysclient0351-0925|stage|m040|23|d1|C10-AA-004,1,C10-AA-004,9.0,4,1,1.0,C10-AA-003,1.0,C10-AA-003,C10-AA-003,target_reached,0,zero,1,1,0,0,0.0,0.0,1,1
C10-darpa-optc-sysclient0351-0925,C10-darpa-optc-sysclient0351-0925|stage|m040|23,stage,0.4,23,C10-darpa-optc-sysclient0351-0925|stage|m040|23|d1|C10-AA-005,1,C10-AA-005,9.0,3,2,3.0,C10-AA-003>C10-AA-004,3.0,C10-AA-003>C10-AA-004,C10-AA-003>C10-AA-004,target_reached,0,zero,1,1,0,0,0.0,0.0,1,1
C10-darpa-optc-sysclient0351-0925,C10-darpa-optc-sysclient0351-0925|stage|m040|23,stage,0.4,23,C10-darpa-optc-sysclient0351-0925|stage|m040|23|d2|C10-AA-001>C10-AA-002,2,C10-AA-001>C10-AA-002,8.0,3,2,3.0,C10-AA-003>C10-AA-004,3.0,C10-AA-003>C10-AA-004,C10-AA-003>C10-AA-004,target_reached,0,zero,1,1,0,0,0.0,0.0,1,1
C10-darpa-optc-sysclient0351-0925,C10-darpa-optc-sysclient0351-0925|stage|m040|23,stage,0.4,23,C10-darpa-optc-sysclient0351-0925|stage|m040|23|d2|C10-AA-001>C10-AA-003,2,C10-AA-001>C10-AA-003,9.0,4,1,2.0,C10-AA-004,2.0,C10-AA-004,C10-AA-004,target_reached,0,zero,1,1,0,0,0.0,0.0,1,1
C10-darpa-optc-sysclient0351-0925,C10-darpa-optc-sysclient0351-0925|stage|m040|23,stage,0.4,23,C10-darpa-optc-sysclient0351-0925|stage|m040|23|d2|C10-AA-001>C10-AA-004,2,C10-AA-001>C10-AA-004,8.0,4,1,1.0,C10-AA-003,1.0,C10-AA-003,C10-AA-003,target_reached,0,zero,1,1,0,0,0.0,0.0,1,1
C10-darpa-optc-sysclient0351-0925,C10-darpa-optc-sysclient0351-0925|stage|m040|23,stage,0.4,23,C10-darpa-optc-sysclient0351-0925|stage|m040|23|d2|C10-AA-001>C10-AA-005,2,C10-AA-001>C10-AA-005,8.0,3,2,3.0,C10-AA-003>C10-AA-004,3.0,C10-AA-003>C10-AA-004,C10-AA-003>C10-AA-004,target_reached,0,zero,1,1,0,0,0.0,0.0,1,1
C10-darpa-optc-sysclient0351-0925,C10-darpa-optc-sysclient0351-0925|stage|m040|23,stage,0.4,23,C10-darpa-optc-sysclient0351-0925|stage|m040|23|d2|C10-AA-002>C10-AA-003,2,C10-AA-002>C10-AA-003,8.0,4,1,2.0,C10-AA-004,2.0,C10-AA-004,C10-AA-004,target_reached,0,zero,1,1,0,0,0.0,0.0,1,1
C10-darpa-optc-sysclient0351-0925,C10-darpa-optc-sysclient0351-0925|stage|m040|23,stage,0.4,23,C10-darpa-optc-sysclient0351-0925|stage|m040|23|d2|C10-AA-002>C10-AA-004,2,C10-AA-002>C10-AA-004,7.0,4,1,1.0,C10-AA-003,1.0,C10-AA-003,C10-AA-003,target_reached,0,zero,1,1,0,0,0.0,0.0,1,1
C10-darpa-optc-sysclient0351-0925,C10-darpa-optc-sysclient0351-0925|stage|m040|23,stage,0.4,23,C10-darpa-optc-sysclient0351-0925|stage|m040|23|d2|C10-AA-002>C10-AA-005,2,C10-AA-002>C10-AA-005,7.0,3,2,3.0,C10-AA-003>C10-AA-004,3.0,C10-AA-003>C10-AA-004,C10-AA-003>C10-AA-004,target_reached,0,zero,1,1,0,0,0.0,0.0,1,1
C10-darpa-optc-sysclient0351-0925,C10-darpa-optc-sysclient0351-0925|stage|m040|23,stage,0.4,23,C10-darpa-optc-sysclient0351-0925|stage|m040|23|d2|C10-AA-003>C10-AA-005,2,C10-AA-003>C10-AA-005,8.0,4,1,2.0,C10-AA-004,2.0,C10-AA-004,C10-AA-004,target_reached,0,zero,1,1,0,0,0.0,0.0,1,1
C10-darpa-optc-sysclient0351-0925,C10-darpa-optc-sysclient0351-0925|stage|m040|23,stage,0.4,23,C10-darpa-optc-sysclient0351-0925|stage|m040|23|d2|C10-AA-004>C10-AA-005,2,C10-AA-004>C10-AA-005,7.0,4,1,1.0,C10-AA-003,1.0,C10-AA-003,C10-AA-003,target_reached,0,zero,1,1,0,0,0.0,0.0,1,1
C10-darpa-optc-sysclient0351-0925,C10-darpa-optc-sysclient0351-0925|stage|m040|37,stage,0.4,37,C10-darpa-optc-sysclient0351-0925|stage|m040|37|d0|root,0,,11.0,3,2,3.0,C10-AA-003>C10-AA-004,3.0,C10-AA-003>C10-AA-004,C10-AA-003>C10-AA-004,target_reached,0,zero,1,1,0,0,0.0,0.0,1,1
C10-darpa-optc-sysclient0351-0925,C10-darpa-optc-sysclient0351-0925|stage|m040|37,stage,0.4,37,C10-darpa-optc-sysclient0351-0925|stage|m040|37|d1|C10-AA-001,1,C10-AA-001,10.0,3,2,3.0,C10-AA-003>C10-AA-004,3.0,C10-AA-003>C10-AA-004,C10-AA-003>C10-AA-004,target_reached,0,zero,1,1,0,0,0.0,0.0,1,1
C10-darpa-optc-sysclient0351-0925,C10-darpa-optc-sysclient0351-0925|stage|m040|37,stage,0.4,37,C10-darpa-optc-sysclient0351-0925|stage|m040|37|d1|C10-AA-002,1,C10-AA-002,9.0,3,2,3.0,C10-AA-003>C10-AA-004,3.0,C10-AA-003>C10-AA-004,C10-AA-003>C10-AA-004,target_reached,0,zero,1,1,0,0,0.0,0.0,1,1
C10-darpa-optc-sysclient0351-0925,C10-darpa-optc-sysclient0351-0925|stage|m040|37,stage,0.4,37,C10-darpa-optc-sysclient0351-0925|stage|m040|37|d1|C10-AA-003,1,C10-AA-003,10.0,4,1,2.0,C10-AA-004,2.0,C10-AA-004,C10-AA-004,target_reached,0,zero,1,1,0,0,0.0,0.0,1,1
C10-darpa-optc-sysclient0351-0925,C10-darpa-optc-sysclient0351-0925|stage|m040|37,stage,0.4,37,C10-darpa-optc-sysclient0351-0925|stage|m040|37|d1|C10-AA-004,1,C10-AA-004,9.0,4,1,1.0,C10-AA-003,1.0,C10-AA-003,C10-AA-003,target_reached,0,zero,1,1,0,0,0.0,0.0,1,1
C10-darpa-optc-sysclient0351-0925,C10-darpa-optc-sysclient0351-0925|stage|m040|37,stage,0.4,37,C10-darpa-optc-sysclient0351-0925|stage|m040|37|d1|C10-AA-005,1,C10-AA-005,9.0,3,2,3.0,C10-AA-003>C10-AA-004,3.0,C10-AA-003>C10-AA-004,C10-AA-003>C10-AA-004,target_reached,0,zero,1,1,0,0,0.0,0.0,1,1
C10-darpa-optc-sysclient0351-0925,C10-darpa-optc-sysclient0351-0925|stage|m040|37,stage,0.4,37,C10-darpa-optc-sysclient0351-0925|stage|m040|37|d2|C10-AA-001>C10-AA-002,2,C10-AA-001>C10-AA-002,8.0,3,2,3.0,C10-AA-003>C10-AA-004,3.0,C10-AA-003>C10-AA-004,C10-AA-003>C10-AA-004,target_reached,0,zero,1,1,0,0,0.0,0.0,1,1
C10-darpa-optc-sysclient0351-0925,C10-darpa-optc-sysclient0351-0925|stage|m040|37,stage,0.4,37,C10-darpa-optc-sysclient0351-0925|stage|m040|37|d2|C10-AA-001>C10-AA-003,2,C10-AA-001>C10-AA-003,9.0,4,1,2.0,C10-AA-004,2.0,C10-AA-004,C10-AA-004,target_reached,0,zero,1,1,0,0,0.0,0.0,1,1
C10-darpa-optc-sysclient0351-0925,C10-darpa-optc-sysclient0351-0925|stage|m040|37,stage,0.4,37,C10-darpa-optc-sysclient0351-0925|stage|m040|37|d2|C10-AA-001>C10-AA-004,2,C10-AA-001>C10-AA-004,8.0,4,1,1.0,C10-AA-003,1.0,C10-AA-003,C10-AA-003,target_reached,0,zero,1,1,0,0,0.0,0.0,1,1
C10-darpa-optc-sysclient0351-0925,C10-darpa-optc-sysclient0351-0925|stage|m040|37,stage,0.4,37,C10-darpa-optc-sysclient0351-0925|stage|m040|37|d2|C10-AA-001>C10-AA-005,2,C10-AA-001>C10-AA-005,8.0,3,2,3.0,C10-AA-003>C10-AA-004,3.0,C10-AA-003>C10-AA-004,C10-AA-003>C10-AA-004,target_reached,0,zero,1,1,0,0,0.0,0.0,1,1
C10-darpa-optc-sysclient0351-0925,C10-darpa-optc-sysclient0351-0925|stage|m040|37,stage,0.4,37,C10-darpa-optc-sysclient0351-0925|stage|m040|37|d2|C10-AA-002>C10-AA-003,2,C10-AA-002>C10-AA-003,8.0,4,1,2.0,C10-AA-004,2.0,C10-AA-004,C10-AA-004,target_reached,0,zero,1,1,0,0,0.0,0.0,1,1
C10-darpa-optc-sysclient0351-0925,C10-darpa-optc-sysclient0351-0925|stage|m040|37,stage,0.4,37,C10-darpa-optc-sysclient0351-0925|stage|m040|37|d2|C10-AA-002>C10-AA-004,2,C10-AA-002>C10-AA-004,7.0,4,1,1.0,C10-AA-003,1.0,C10-AA-003,C10-AA-003,target_reached,0,zero,1,1,0,0,0.0,0.0,1,1
C10-darpa-optc-sysclient0351-0925,C10-darpa-optc-sysclient0351-0925|stage|m040|37,stage,0.4,37,C10-darpa-optc-sysclient0351-0925|stage|m040|37|d2|C10-AA-002>C10-AA-005,2,C10-AA-002>C10-AA-005,7.0,3,2,3.0,C10-AA-003>C10-AA-004,3.0,C10-AA-003>C10-AA-004,C10-AA-003>C10-AA-004,target_reached,0,zero,1,1,0,0,0.0,0.0,1,1
C10-darpa-optc-sysclient0351-0925,C10-darpa-optc-sysclient0351-0925|stage|m040|37,stage,0.4,37,C10-darpa-optc-sysclient0351-0925|stage|m040|37|d2|C10-AA-003>C10-AA-005,2,C10-AA-003>C10-AA-005,8.0,4,1,2.0,C10-AA-004,2.0,C10-AA-004,C10-AA-004,target_reached,0,zero,1,1,0,0,0.0,0.0,1,1
C10-darpa-optc-sysclient0351-0925,C10-darpa-optc-sysclient0351-0925|stage|m040|37,stage,0.4,37,C10-darpa-optc-sysclient0351-0925|stage|m040|37|d2|C10-AA-004>C10-AA-005,2,C10-AA-004>C10-AA-005,7.0,4,1,1.0,C10-AA-003,1.0,C10-AA-003,C10-AA-003,target_reached,0,zero,1,1,0,0,0.0,0.0,1,1
C10-darpa-optc-sysclient0351-0925,C10-darpa-optc-sysclient0351-0925|stage|m040|41,stage,0.4,41,C10-darpa-optc-sysclient0351-0925|stage|m040|41|d0|root,0,,11.0,3,2,3.0,C10-AA-003>C10-AA-004,3.0,C10-AA-003>C10-AA-004,C10-AA-003>C10-AA-004,target_reached,0,zero,1,1,0,0,0.0,0.0,1,1
C10-darpa-optc-sysclient0351-0925,C10-darpa-optc-sysclient0351-0925|stage|m040|41,stage,0.4,41,C10-darpa-optc-sysclient0351-0925|stage|m040|41|d1|C10-AA-001,1,C10-AA-001,10.0,3,2,3.0,C10-AA-003>C10-AA-004,3.0,C10-AA-003>C10-AA-004,C10-AA-003>C10-AA-004,target_reached,0,zero,1,1,0,0,0.0,0.0,1,1
C10-darpa-optc-sysclient0351-0925,C10-darpa-optc-sysclient0351-0925|stage|m040|41,stage,0.4,41,C10-darpa-optc-sysclient0351-0925|stage|m040|41|d1|C10-AA-002,1,C10-AA-002,9.0,3,2,3.0,C10-AA-003>C10-AA-004,3.0,C10-AA-003>C10-AA-004,C10-AA-003>C10-AA-004,target_reached,0,zero,1,1,0,0,0.0,0.0,1,1
C10-darpa-optc-sysclient0351-0925,C10-darpa-optc-sysclient0351-0925|stage|m040|41,stage,0.4,41,C10-darpa-optc-sysclient0351-0925|stage|m040|41|d1|C10-AA-003,1,C10-AA-003,10.0,4,1,2.0,C10-AA-004,2.0,C10-AA-004,C10-AA-004,target_reached,0,zero,1,1,0,0,0.0,0.0,1,1
C10-darpa-optc-sysclient0351-0925,C10-darpa-optc-sysclient0351-0925|stage|m040|41,stage,0.4,41,C10-darpa-optc-sysclient0351-0925|stage|m040|41|d1|C10-AA-004,1,C10-AA-004,9.0,4,1,1.0,C10-AA-003,1.0,C10-AA-003,C10-AA-003,target_reached,0,zero,1,1,0,0,0.0,0.0,1,1
C10-darpa-optc-sysclient0351-0925,C10-darpa-optc-sysclient0351-0925|stage|m040|41,stage,0.4,41,C10-darpa-optc-sysclient0351-0925|stage|m040|41|d1|C10-AA-005,1,C10-AA-005,9.0,3,2,3.0,C10-AA-003>C10-AA-004,3.0,C10-AA-003>C10-AA-004,C10-AA-003>C10-AA-004,target_reached,0,zero,1,1,0,0,0.0,0.0,1,1
C10-darpa-optc-sysclient0351-0925,C10-darpa-optc-sysclient0351-0925|stage|m040|41,stage,0.4,41,C10-darpa-optc-sysclient0351-0925|stage|m040|41|d2|C10-AA-001>C10-AA-002,2,C10-AA-001>C10-AA-002,8.0,3,2,3.0,C10-AA-003>C10-AA-004,3.0,C10-AA-003>C10-AA-004,C10-AA-003>C10-AA-004,target_reached,0,zero,1,1,0,0,0.0,0.0,1,1
C10-darpa-optc-sysclient0351-0925,C10-darpa-optc-sysclient0351-0925|stage|m040|41,stage,0.4,41,C10-darpa-optc-sysclient0351-0925|stage|m040|41|d2|C10-AA-001>C10-AA-003,2,C10-AA-001>C10-AA-003,9.0,4,1,2.0,C10-AA-004,2.0,C10-AA-004,C10-AA-004,target_reached,0,zero,1,1,0,0,0.0,0.0,1,1
C10-darpa-optc-sysclient0351-0925,C10-darpa-optc-sysclient0351-0925|stage|m040|41,stage,0.4,41,C10-darpa-optc-sysclient0351-0925|stage|m040|41|d2|C10-AA-001>C10-AA-004,2,C10-AA-001>C10-AA-004,8.0,4,1,1.0,C10-AA-003,1.0,C10-AA-003,C10-AA-003,target_reached,0,zero,1,1,0,0,0.0,0.0,1,1
C10-darpa-optc-sysclient0351-0925,C10-darpa-optc-sysclient0351-0925|stage|m040|41,stage,0.4,41,C10-darpa-optc-sysclient0351-0925|stage|m040|41|d2|C10-AA-001>C10-AA-005,2,C10-AA-001>C10-AA-005,8.0,3,2,3.0,C10-AA-003>C10-AA-004,3.0,C10-AA-003>C10-AA-004,C10-AA-003>C10-AA-004,target_reached,0,zero,1,1,0,0,0.0,0.0,1,1
C10-darpa-optc-sysclient0351-0925,C10-darpa-optc-sysclient0351-0925|stage|m040|41,stage,0.4,41,C10-darpa-optc-sysclient0351-0925|stage|m040|41|d2|C10-AA-002>C10-AA-003,2,C10-AA-002>C10-AA-003,8.0,4,1,2.0,C10-AA-004,2.0,C10-AA-004,C10-AA-004,target_reached,0,zero,1,1,0,0,0.0,0.0,1,1
C10-darpa-optc-sysclient0351-0925,C10-darpa-optc-sysclient0351-0925|stage|m040|41,stage,0.4,41,C10-darpa-optc-sysclient0351-0925|stage|m040|41|d2|C10-AA-002>C10-AA-004,2,C10-AA-002>C10-AA-004,7.0,4,1,1.0,C10-AA-003,1.0,C10-AA-003,C10-AA-003,target_reached,0,zero,1,1,0,0,0.0,0.0,1,1
C10-darpa-optc-sysclient0351-0925,C10-darpa-optc-sysclient0351-0925|stage|m040|41,stage,0.4,41,C10-darpa-optc-sysclient0351-0925|stage|m040|41|d2|C10-AA-002>C10-AA-005,2,C10-AA-002>C10-AA-005,7.0,3,2,3.0,C10-AA-003>C10-AA-004,3.0,C10-AA-003>C10-AA-004,C10-AA-003>C10-AA-004,target_reached,0,zero,1,1,0,0,0.0,0.0,1,1
C10-darpa-optc-sysclient0351-0925,C10-darpa-optc-sysclient0351-0925|stage|m040|41,stage,0.4,41,C10-darpa-optc-sysclient0351-0925|stage|m040|41|d2|C10-AA-003>C10-AA-005,2,C10-AA-003>C10-AA-005,8.0,4,1,2.0,C10-AA-004,2.0,C10-AA-004,C10-AA-004,target_reached,0,zero,1,1,0,0,0.0,0.0,1,1
C10-darpa-optc-sysclient0351-0925,C10-darpa-optc-sysclient0351-0925|stage|m040|41,stage,0.4,41,C10-darpa-optc-sysclient0351-0925|stage|m040|41|d2|C10-AA-004>C10-AA-005,2,C10-AA-004>C10-AA-005,7.0,4,1,1.0,C10-AA-003,1.0,C10-AA-003,C10-AA-003,target_reached,0,zero,1,1,0,0,0.0,0.0,1,1
C10-darpa-optc-sysclient0351-0925,C10-darpa-optc-sysclient0351-0925|stage|m040|53,stage,0.4,53,C10-darpa-optc-sysclient0351-0925|stage|m040|53|d0|root,0,,11.0,3,2,3.0,C10-AA-003>C10-AA-004,3.0,C10-AA-003>C10-AA-004,C10-AA-003>C10-AA-004,target_reached,0,zero,1,1,0,0,0.0,0.0,1,1
C10-darpa-optc-sysclient0351-0925,C10-darpa-optc-sysclient0351-0925|stage|m040|53,stage,0.4,53,C10-darpa-optc-sysclient0351-0925|stage|m040|53|d1|C10-AA-001,1,C10-AA-001,10.0,3,2,3.0,C10-AA-003>C10-AA-004,3.0,C10-AA-003>C10-AA-004,C10-AA-003>C10-AA-004,target_reached,0,zero,1,1,0,0,0.0,0.0,1,1
C10-darpa-optc-sysclient0351-0925,C10-darpa-optc-sysclient0351-0925|stage|m040|53,stage,0.4,53,C10-darpa-optc-sysclient0351-0925|stage|m040|53|d1|C10-AA-002,1,C10-AA-002,9.0,3,2,3.0,C10-AA-003>C10-AA-004,3.0,C10-AA-003>C10-AA-004,C10-AA-003>C10-AA-004,target_reached,0,zero,1,1,0,0,0.0,0.0,1,1
C10-darpa-optc-sysclient0351-0925,C10-darpa-optc-sysclient0351-0925|stage|m040|53,stage,0.4,53,C10-darpa-optc-sysclient0351-0925|stage|m040|53|d1|C10-AA-003,1,C10-AA-003,10.0,4,1,2.0,C10-AA-004,2.0,C10-AA-004,C10-AA-004,target_reached,0,zero,1,1,0,0,0.0,0.0,1,1
C10-darpa-optc-sysclient0351-0925,C10-darpa-optc-sysclient0351-0925|stage|m040|53,stage,0.4,53,C10-darpa-optc-sysclient0351-0925|stage|m040|53|d1|C10-AA-004,1,C10-AA-004,9.0,4,1,1.0,C10-AA-003,1.0,C10-AA-003,C10-AA-003,target_reached,0,zero,1,1,0,0,0.0,0.0,1,1
C10-darpa-optc-sysclient0351-0925,C10-darpa-optc-sysclient0351-0925|stage|m040|53,stage,0.4,53,C10-darpa-optc-sysclient0351-0925|stage|m040|53|d1|C10-AA-005,1,C10-AA-005,9.0,3,2,3.0,C10-AA-003>C10-AA-004,3.0,C10-AA-003>C10-AA-004,C10-AA-003>C10-AA-004,target_reached,0,zero,1,1,0,0,0.0,0.0,1,1
C10-darpa-optc-sysclient0351-0925,C10-darpa-optc-sysclient0351-0925|stage|m040|53,stage,0.4,53,C10-darpa-optc-sysclient0351-0925|stage|m040|53|d2|C10-AA-001>C10-AA-002,2,C10-AA-001>C10-AA-002,8.0,3,2,3.0,C10-AA-003>C10-AA-004,3.0,C10-AA-003>C10-AA-004,C10-AA-003>C10-AA-004,target_reached,0,zero,1,1,0,0,0.0,0.0,1,1
C10-darpa-optc-sysclient0351-0925,C10-darpa-optc-sysclient0351-0925|stage|m040|53,stage,0.4,53,C10-darpa-optc-sysclient0351-0925|stage|m040|53|d2|C10-AA-001>C10-AA-003,2,C10-AA-001>C10-AA-003,9.0,4,1,2.0,C10-AA-004,2.0,C10-AA-004,C10-AA-004,target_reached,0,zero,1,1,0,0,0.0,0.0,1,1
C10-darpa-optc-sysclient0351-0925,C10-darpa-optc-sysclient0351-0925|stage|m040|53,stage,0.4,53,C10-darpa-optc-sysclient0351-0925|stage|m040|53|d2|C10-AA-001>C10-AA-004,2,C10-AA-001>C10-AA-004,8.0,4,1,1.0,C10-AA-003,1.0,C10-AA-003,C10-AA-003,target_reached,0,zero,1,1,0,0,0.0,0.0,1,1
C10-darpa-optc-sysclient0351-0925,C10-darpa-optc-sysclient0351-0925|stage|m040|53,stage,0.4,53,C10-darpa-optc-sysclient0351-0925|stage|m040|53|d2|C10-AA-001>C10-AA-005,2,C10-AA-001>C10-AA-005,8.0,3,2,3.0,C10-AA-003>C10-AA-004,3.0,C10-AA-003>C10-AA-004,C10-AA-003>C10-AA-004,target_reached,0,zero,1,1,0,0,0.0,0.0,1,1
C10-darpa-optc-sysclient0351-0925,C10-darpa-optc-sysclient0351-0925|stage|m040|53,stage,0.4,53,C10-darpa-optc-sysclient0351-0925|stage|m040|53|d2|C10-AA-002>C10-AA-003,2,C10-AA-002>C10-AA-003,8.0,4,1,2.0,C10-AA-004,2.0,C10-AA-004,C10-AA-004,target_reached,0,zero,1,1,0,0,0.0,0.0,1,1
C10-darpa-optc-sysclient0351-0925,C10-darpa-optc-sysclient0351-0925|stage|m040|53,stage,0.4,53,C10-darpa-optc-sysclient0351-0925|stage|m040|53|d2|C10-AA-002>C10-AA-004,2,C10-AA-002>C10-AA-004,7.0,4,1,1.0,C10-AA-003,1.0,C10-AA-003,C10-AA-003,target_reached,0,zero,1,1,0,0,0.0,0.0,1,1
C10-darpa-optc-sysclient0351-0925,C10-darpa-optc-sysclient0351-0925|stage|m040|53,stage,0.4,53,C10-darpa-optc-sysclient0351-0925|stage|m040|53|d2|C10-AA-002>C10-AA-005,2,C10-AA-002>C10-AA-005,7.0,3,2,3.0,C10-AA-003>C10-AA-004,3.0,C10-AA-003>C10-AA-004,C10-AA-003>C10-AA-004,target_reached,0,zero,1,1,0,0,0.0,0.0,1,1
C10-darpa-optc-sysclient0351-0925,C10-darpa-optc-sysclient0351-0925|stage|m040|53,stage,0.4,53,C10-darpa-optc-sysclient0351-0925|stage|m040|53|d2|C10-AA-003>C10-AA-005,2,C10-AA-003>C10-AA-005,8.0,4,1,2.0,C10-AA-004,2.0,C10-AA-004,C10-AA-004,target_reached,0,zero,1,1,0,0,0.0,0.0,1,1
C10-darpa-optc-sysclient0351-0925,C10-darpa-optc-sysclient0351-0925|stage|m040|53,stage,0.4,53,C10-darpa-optc-sysclient0351-0925|stage|m040|53|d2|C10-AA-004>C10-AA-005,2,C10-AA-004>C10-AA-005,7.0,4,1,1.0,C10-AA-003,1.0,C10-AA-003,C10-AA-003,target_reached,0,zero,1,1,0,0,0.0,0.0,1,1
C10-darpa-optc-sysclient0351-0925,C10-darpa-optc-sysclient0351-0925|stage|m060|11,stage,0.6,11,C10-darpa-optc-sysclient0351-0925|stage|m060|11|d0|root,0,,11.0,2,3,4.0,C10-AA-001>C10-AA-003>C10-AA-004,5.0,C10-AA-003>C10-AA-004>C10-AA-002,C10-AA-003>C10-AA-004>C10-AA-002,target_reached,0,positive,1,1,0,0,1.0,0.25,0,0
C10-darpa-optc-sysclient0351-0925,C10-darpa-optc-sysclient0351-0925|stage|m060|11,stage,0.6,11,C10-darpa-optc-sysclient0351-0925|stage|m060|11|d1|C10-AA-001,1,C10-AA-001,10.0,3,2,3.0,C10-AA-003>C10-AA-004,3.0,C10-AA-003>C10-AA-004,C10-AA-003>C10-AA-004,target_reached,0,zero,1,1,0,0,0.0,0.0,1,1
C10-darpa-optc-sysclient0351-0925,C10-darpa-optc-sysclient0351-0925|stage|m060|11,stage,0.6,11,C10-darpa-optc-sysclient0351-0925|stage|m060|11|d1|C10-AA-002,1,C10-AA-002,9.0,3,2,3.0,C10-AA-003>C10-AA-004,3.0,C10-AA-003>C10-AA-004,C10-AA-003>C10-AA-004,target_reached,0,zero,1,1,0,0,0.0,0.0,1,1
C10-darpa-optc-sysclient0351-0925,C10-darpa-optc-sysclient0351-0925|stage|m060|11,stage,0.6,11,C10-darpa-optc-sysclient0351-0925|stage|m060|11|d1|C10-AA-003,1,C10-AA-003,10.0,3,2,3.0,C10-AA-001>C10-AA-004,4.0,C10-AA-004>C10-AA-002,C10-AA-004>C10-AA-002,target_reached,0,positive,1,1,0,0,1.0,0.3333333333333333,0,0
C10-darpa-optc-sysclient0351-0925,C10-darpa-optc-sysclient0351-0925|stage|m060|11,stage,0.6,11,C10-darpa-optc-sysclient0351-0925|stage|m060|11|d1|C10-AA-004,1,C10-AA-004,9.0,3,2,2.0,C10-AA-001>C10-AA-003,3.0,C10-AA-003>C10-AA-002,C10-AA-003>C10-AA-002,target_reached,0,positive,1,1,0,0,1.0,0.5,0,0
C10-darpa-optc-sysclient0351-0925,C10-darpa-optc-sysclient0351-0925|stage|m060|11,stage,0.6,11,C10-darpa-optc-sysclient0351-0925|stage|m060|11|d1|C10-AA-005,1,C10-AA-005,9.0,2,3,4.0,C10-AA-001>C10-AA-003>C10-AA-004,5.0,C10-AA-003>C10-AA-004>C10-AA-002,C10-AA-003>C10-AA-004>C10-AA-002,target_reached,0,positive,1,1,0,0,1.0,0.25,0,0
C10-darpa-optc-sysclient0351-0925,C10-darpa-optc-sysclient0351-0925|stage|m060|11,stage,0.6,11,C10-darpa-optc-sysclient0351-0925|stage|m060|11|d2|C10-AA-001>C10-AA-002,2,C10-AA-001>C10-AA-002,8.0,3,2,3.0,C10-AA-003>C10-AA-004,3.0,C10-AA-003>C10-AA-004,C10-AA-003>C10-AA-004,target_reached,0,zero,1,1,0,0,0.0,0.0,1,1
C10-darpa-optc-sysclient0351-0925,C10-darpa-optc-sysclient0351-0925|stage|m060|11,stage,0.6,11,C10-darpa-optc-sysclient0351-0925|stage|m060|11|d2|C10-AA-001>C10-AA-003,2,C10-AA-001>C10-AA-003,9.0,4,1,2.0,C10-AA-004,2.0,C10-AA-004,C10-AA-004,target_reached,0,zero,1,1,0,0,0.0,0.0,1,1
C10-darpa-optc-sysclient0351-0925,C10-darpa-optc-sysclient0351-0925|stage|m060|11,stage,0.6,11,C10-darpa-optc-sysclient0351-0925|stage|m060|11|d2|C10-AA-001>C10-AA-004,2,C10-AA-001>C10-AA-004,8.0,4,1,1.0,C10-AA-003,1.0,C10-AA-003,C10-AA-003,target_reached,0,zero,1,1,0,0,0.0,0.0,1,1
C10-darpa-optc-sysclient0351-0925,C10-darpa-optc-sysclient0351-0925|stage|m060|11,stage,0.6,11,C10-darpa-optc-sysclient0351-0925|stage|m060|11|d2|C10-AA-001>C10-AA-005,2,C10-AA-001>C10-AA-005,8.0,3,2,3.0,C10-AA-003>C10-AA-004,3.0,C10-AA-003>C10-AA-004,C10-AA-003>C10-AA-004,target_reached,0,zero,1,1,0,0,0.0,0.0,1,1
C10-darpa-optc-sysclient0351-0925,C10-darpa-optc-sysclient0351-0925|stage|m060|11,stage,0.6,11,C10-darpa-optc-sysclient0351-0925|stage|m060|11|d2|C10-AA-002>C10-AA-001,2,C10-AA-002>C10-AA-001,8.0,3,2,3.0,C10-AA-003>C10-AA-004,3.0,C10-AA-003>C10-AA-004,C10-AA-003>C10-AA-004,target_reached,0,zero,1,1,0,0,0.0,0.0,1,1
C10-darpa-optc-sysclient0351-0925,C10-darpa-optc-sysclient0351-0925|stage|m060|11,stage,0.6,11,C10-darpa-optc-sysclient0351-0925|stage|m060|11|d2|C10-AA-002>C10-AA-003,2,C10-AA-002>C10-AA-003,8.0,4,1,2.0,C10-AA-004,2.0,C10-AA-004,C10-AA-004,target_reached,0,zero,1,1,0,0,0.0,0.0,1,1
C10-darpa-optc-sysclient0351-0925,C10-darpa-optc-sysclient0351-0925|stage|m060|11,stage,0.6,11,C10-darpa-optc-sysclient0351-0925|stage|m060|11|d2|C10-AA-002>C10-AA-004,2,C10-AA-002>C10-AA-004,7.0,4,1,1.0,C10-AA-003,1.0,C10-AA-003,C10-AA-003,target_reached,0,zero,1,1,0,0,0.0,0.0,1,1
C10-darpa-optc-sysclient0351-0925,C10-darpa-optc-sysclient0351-0925|stage|m060|11,stage,0.6,11,C10-darpa-optc-sysclient0351-0925|stage|m060|11|d2|C10-AA-002>C10-AA-005,2,C10-AA-002>C10-AA-005,7.0,3,2,3.0,C10-AA-003>C10-AA-004,3.0,C10-AA-003>C10-AA-004,C10-AA-003>C10-AA-004,target_reached,0,zero,1,1,0,0,0.0,0.0,1,1
C10-darpa-optc-sysclient0351-0925,C10-darpa-optc-sysclient0351-0925|stage|m060|11,stage,0.6,11,C10-darpa-optc-sysclient0351-0925|stage|m060|11|d2|C10-AA-003>C10-AA-004,2,C10-AA-003>C10-AA-004,8.0,4,1,1.0,C10-AA-001,2.0,C10-AA-002,C10-AA-002,target_reached,0,positive,1,1,0,0,1.0,1.0,0,0
C10-darpa-optc-sysclient0351-0925,C10-darpa-optc-sysclient0351-0925|stage|m060|11,stage,0.6,11,C10-darpa-optc-sysclient0351-0925|stage|m060|11|d2|C10-AA-003>C10-AA-005,2,C10-AA-003>C10-AA-005,8.0,3,2,3.0,C10-AA-001>C10-AA-004,4.0,C10-AA-004>C10-AA-002,C10-AA-004>C10-AA-002,target_reached,0,positive,1,1,0,0,1.0,0.3333333333333333,0,0
C10-darpa-optc-sysclient0351-0925,C10-darpa-optc-sysclient0351-0925|stage|m060|11,stage,0.6,11,C10-darpa-optc-sysclient0351-0925|stage|m060|11|d2|C10-AA-004>C10-AA-005,2,C10-AA-004>C10-AA-005,7.0,3,2,2.0,C10-AA-001>C10-AA-003,3.0,C10-AA-003>C10-AA-002,C10-AA-003>C10-AA-002,target_reached,0,positive,1,1,0,0,1.0,0.5,0,0
C10-darpa-optc-sysclient0351-0925,C10-darpa-optc-sysclient0351-0925|stage|m060|23,stage,0.6,23,C10-darpa-optc-sysclient0351-0925|stage|m060|23|d0|root,0,,11.0,2,3,5.0,C10-AA-002>C10-AA-003>C10-AA-004,5.0,C10-AA-003>C10-AA-004>C10-AA-002,C10-AA-003>C10-AA-004>C10-AA-002,target_reached,0,zero,1,1,0,0,0.0,0.0,1,0
C10-darpa-optc-sysclient0351-0925,C10-darpa-optc-sysclient0351-0925|stage|m060|23,stage,0.6,23,C10-darpa-optc-sysclient0351-0925|stage|m060|23|d1|C10-AA-001,1,C10-AA-001,10.0,2,3,5.0,C10-AA-002>C10-AA-003>C10-AA-004,5.0,C10-AA-003>C10-AA-004>C10-AA-002,C10-AA-004>C10-AA-004>C10-AA-002,target_reached,1,zero,1,1,0,0,0.0,0.0,1,0
C10-darpa-optc-sysclient0351-0925,C10-darpa-optc-sysclient0351-0925|stage|m060|23,stage,0.6,23,C10-darpa-optc-sysclient0351-0925|stage|m060|23|d1|C10-AA-002,1,C10-AA-002,9.0,3,2,3.0,C10-AA-003>C10-AA-004,3.0,C10-AA-003>C10-AA-004,C10-AA-003>C10-AA-004,target_reached,0,zero,1,1,0,0,0.0,0.0,1,1
C10-darpa-optc-sysclient0351-0925,C10-darpa-optc-sysclient0351-0925|stage|m060|23,stage,0.6,23,C10-darpa-optc-sysclient0351-0925|stage|m060|23|d1|C10-AA-003,1,C10-AA-003,10.0,3,2,4.0,C10-AA-002>C10-AA-004,4.0,C10-AA-004>C10-AA-002,C10-AA-004>C10-AA-002,target_reached,0,zero,1,1,0,0,0.0,0.0,1,0
C10-darpa-optc-sysclient0351-0925,C10-darpa-optc-sysclient0351-0925|stage|m060|23,stage,0.6,23,C10-darpa-optc-sysclient0351-0925|stage|m060|23|d1|C10-AA-004,1,C10-AA-004,9.0,3,2,3.0,C10-AA-002>C10-AA-003,3.0,C10-AA-003>C10-AA-002,C10-AA-003>C10-AA-002,target_reached,0,zero,1,1,0,0,0.0,0.0,1,0
C10-darpa-optc-sysclient0351-0925,C10-darpa-optc-sysclient0351-0925|stage|m060|23,stage,0.6,23,C10-darpa-optc-sysclient0351-0925|stage|m060|23|d1|C10-AA-005,1,C10-AA-005,9.0,2,3,5.0,C10-AA-002>C10-AA-003>C10-AA-004,5.0,C10-AA-003>C10-AA-004>C10-AA-002,C10-AA-003>C10-AA-004>C10-AA-002,target_reached,0,zero,1,1,0,0,0.0,0.0,1,0
C10-darpa-optc-sysclient0351-0925,C10-darpa-optc-sysclient0351-0925|stage|m060|23,stage,0.6,23,C10-darpa-optc-sysclient0351-0925|stage|m060|23|d2|C10-AA-001>C10-AA-002,2,C10-AA-001>C10-AA-002,8.0,3,2,3.0,C10-AA-003>C10-AA-004,3.0,C10-AA-003>C10-AA-004,C10-AA-003>C10-AA-004,target_reached,0,zero,1,1,0,0,0.0,0.0,1,1
C10-darpa-optc-sysclient0351-0925,C10-darpa-optc-sysclient0351-0925|stage|m060|23,stage,0.6,23,C10-darpa-optc-sysclient0351-0925|stage|m060|23|d2|C10-AA-001>C10-AA-003,2,C10-AA-001>C10-AA-003,9.0,3,2,4.0,C10-AA-002>C10-AA-004,4.0,C10-AA-004>C10-AA-002,C10-AA-004>C10-AA-002,target_reached,0,zero,1,1,0,0,0.0,0.0,1,0
C10-darpa-optc-sysclient0351-0925,C10-darpa-optc-sysclient0351-0925|stage|m060|23,stage,0.6,23,C10-darpa-optc-sysclient0351-0925|stage|m060|23|d2|C10-AA-001>C10-AA-004,2,C10-AA-001>C10-AA-004,8.0,3,2,3.0,C10-AA-002>C10-AA-003,3.0,C10-AA-003>C10-AA-002,C10-AA-003>C10-AA-002,target_reached,0,zero,1,1,0,0,0.0,0.0,1,0
C10-darpa-optc-sysclient0351-0925,C10-darpa-optc-sysclient0351-0925|stage|m060|23,stage,0.6,23,C10-darpa-optc-sysclient0351-0925|stage|m060|23|d2|C10-AA-001>C10-AA-005,2,C10-AA-001>C10-AA-005,8.0,2,3,5.0,C10-AA-002>C10-AA-003>C10-AA-004,5.0,C10-AA-003>C10-AA-004>C10-AA-002,C10-AA-004>C10-AA-004>C10-AA-002,target_reached,1,zero,1,1,0,0,0.0,0.0,1,0
C10-darpa-optc-sysclient0351-0925,C10-darpa-optc-sysclient0351-0925|stage|m060|23,stage,0.6,23,C10-darpa-optc-sysclient0351-0925|stage|m060|23|d2|C10-AA-002>C10-AA-003,2,C10-AA-002>C10-AA-003,8.0,4,1,2.0,C10-AA-004,2.0,C10-AA-004,C10-AA-004,target_reached,0,zero,1,1,0,0,0.0,0.0,1,1
C10-darpa-optc-sysclient0351-0925,C10-darpa-optc-sysclient0351-0925|stage|m060|23,stage,0.6,23,C10-darpa-optc-sysclient0351-0925|stage|m060|23|d2|C10-AA-002>C10-AA-004,2,C10-AA-002>C10-AA-004,7.0,4,1,1.0,C10-AA-003,1.0,C10-AA-003,C10-AA-003,target_reached,0,zero,1,1,0,0,0.0,0.0,1,1
C10-darpa-optc-sysclient0351-0925,C10-darpa-optc-sysclient0351-0925|stage|m060|23,stage,0.6,23,C10-darpa-optc-sysclient0351-0925|stage|m060|23|d2|C10-AA-002>C10-AA-005,2,C10-AA-002>C10-AA-005,7.0,3,2,3.0,C10-AA-003>C10-AA-004,3.0,C10-AA-003>C10-AA-004,C10-AA-003>C10-AA-004,target_reached,0,zero,1,1,0,0,0.0,0.0,1,1
C10-darpa-optc-sysclient0351-0925,C10-darpa-optc-sysclient0351-0925|stage|m060|23,stage,0.6,23,C10-darpa-optc-sysclient0351-0925|stage|m060|23|d2|C10-AA-003>C10-AA-004,2,C10-AA-003>C10-AA-004,8.0,4,1,2.0,C10-AA-002,2.0,C10-AA-002,C10-AA-002,target_reached,0,zero,1,1,0,0,0.0,0.0,1,1
C10-darpa-optc-sysclient0351-0925,C10-darpa-optc-sysclient0351-0925|stage|m060|23,stage,0.6,23,C10-darpa-optc-sysclient0351-0925|stage|m060|23|d2|C10-AA-003>C10-AA-005,2,C10-AA-003>C10-AA-005,8.0,3,2,4.0,C10-AA-002>C10-AA-004,4.0,C10-AA-004>C10-AA-002,C10-AA-004>C10-AA-002,target_reached,0,zero,1,1,0,0,0.0,0.0,1,0
C10-darpa-optc-sysclient0351-0925,C10-darpa-optc-sysclient0351-0925|stage|m060|23,stage,0.6,23,C10-darpa-optc-sysclient0351-0925|stage|m060|23|d2|C10-AA-004>C10-AA-005,2,C10-AA-004>C10-AA-005,7.0,3,2,3.0,C10-AA-002>C10-AA-003,3.0,C10-AA-003>C10-AA-002,C10-AA-003>C10-AA-002,target_reached,0,zero,1,1,0,0,0.0,0.0,1,0
C10-darpa-optc-sysclient0351-0925,C10-darpa-optc-sysclient0351-0925|stage|m060|37,stage,0.6,37,C10-darpa-optc-sysclient0351-0925|stage|m060|37|d0|root,0,,11.0,2,3,4.0,C10-AA-001>C10-AA-003>C10-AA-004,5.0,C10-AA-003>C10-AA-004>C10-AA-002,C10-AA-003>C10-AA-004>C10-AA-002,target_reached,0,positive,1,1,0,0,1.0,0.25,0,0
C10-darpa-optc-sysclient0351-0925,C10-darpa-optc-sysclient0351-0925|stage|m060|37,stage,0.6,37,C10-darpa-optc-sysclient0351-0925|stage|m060|37|d1|C10-AA-001,1,C10-AA-001,10.0,3,2,3.0,C10-AA-003>C10-AA-004,3.0,C10-AA-003>C10-AA-004,C10-AA-003>C10-AA-004,target_reached,0,zero,1,1,0,0,0.0,0.0,1,1
C10-darpa-optc-sysclient0351-0925,C10-darpa-optc-sysclient0351-0925|stage|m060|37,stage,0.6,37,C10-darpa-optc-sysclient0351-0925|stage|m060|37|d1|C10-AA-002,1,C10-AA-002,9.0,3,2,3.0,C10-AA-003>C10-AA-004,3.0,C10-AA-003>C10-AA-004,C10-AA-003>C10-AA-004,target_reached,0,zero,1,1,0,0,0.0,0.0,1,1
C10-darpa-optc-sysclient0351-0925,C10-darpa-optc-sysclient0351-0925|stage|m060|37,stage,0.6,37,C10-darpa-optc-sysclient0351-0925|stage|m060|37|d1|C10-AA-003,1,C10-AA-003,10.0,3,2,3.0,C10-AA-001>C10-AA-004,4.0,C10-AA-004>C10-AA-002,C10-AA-004>C10-AA-002,target_reached,0,positive,1,1,0,0,1.0,0.3333333333333333,0,0
C10-darpa-optc-sysclient0351-0925,C10-darpa-optc-sysclient0351-0925|stage|m060|37,stage,0.6,37,C10-darpa-optc-sysclient0351-0925|stage|m060|37|d1|C10-AA-004,1,C10-AA-004,9.0,3,2,2.0,C10-AA-001>C10-AA-003,3.0,C10-AA-003>C10-AA-002,C10-AA-003>C10-AA-002,target_reached,0,positive,1,1,0,0,1.0,0.5,0,0
C10-darpa-optc-sysclient0351-0925,C10-darpa-optc-sysclient0351-0925|stage|m060|37,stage,0.6,37,C10-darpa-optc-sysclient0351-0925|stage|m060|37|d1|C10-AA-005,1,C10-AA-005,9.0,2,3,4.0,C10-AA-001>C10-AA-003>C10-AA-004,5.0,C10-AA-003>C10-AA-004>C10-AA-002,C10-AA-003>C10-AA-004>C10-AA-002,target_reached,0,positive,1,1,0,0,1.0,0.25,0,0
C10-darpa-optc-sysclient0351-0925,C10-darpa-optc-sysclient0351-0925|stage|m060|37,stage,0.6,37,C10-darpa-optc-sysclient0351-0925|stage|m060|37|d2|C10-AA-001>C10-AA-002,2,C10-AA-001>C10-AA-002,8.0,3,2,3.0,C10-AA-003>C10-AA-004,3.0,C10-AA-003>C10-AA-004,C10-AA-003>C10-AA-004,target_reached,0,zero,1,1,0,0,0.0,0.0,1,1
C10-darpa-optc-sysclient0351-0925,C10-darpa-optc-sysclient0351-0925|stage|m060|37,stage,0.6,37,C10-darpa-optc-sysclient0351-0925|stage|m060|37|d2|C10-AA-001>C10-AA-003,2,C10-AA-001>C10-AA-003,9.0,4,1,2.0,C10-AA-004,2.0,C10-AA-004,C10-AA-004,target_reached,0,zero,1,1,0,0,0.0,0.0,1,1
C10-darpa-optc-sysclient0351-0925,C10-darpa-optc-sysclient0351-0925|stage|m060|37,stage,0.6,37,C10-darpa-optc-sysclient0351-0925|stage|m060|37|d2|C10-AA-001>C10-AA-004,2,C10-AA-001>C10-AA-004,8.0,4,1,1.0,C10-AA-003,1.0,C10-AA-003,C10-AA-003,target_reached,0,zero,1,1,0,0,0.0,0.0,1,1
C10-darpa-optc-sysclient0351-0925,C10-darpa-optc-sysclient0351-0925|stage|m060|37,stage,0.6,37,C10-darpa-optc-sysclient0351-0925|stage|m060|37|d2|C10-AA-001>C10-AA-005,2,C10-AA-001>C10-AA-005,8.0,3,2,3.0,C10-AA-003>C10-AA-004,3.0,C10-AA-003>C10-AA-004,C10-AA-003>C10-AA-004,target_reached,0,zero,1,1,0,0,0.0,0.0,1,1
C10-darpa-optc-sysclient0351-0925,C10-darpa-optc-sysclient0351-0925|stage|m060|37,stage,0.6,37,C10-darpa-optc-sysclient0351-0925|stage|m060|37|d2|C10-AA-002>C10-AA-001,2,C10-AA-002>C10-AA-001,8.0,3,2,3.0,C10-AA-003>C10-AA-004,3.0,C10-AA-003>C10-AA-004,C10-AA-003>C10-AA-004,target_reached,0,zero,1,1,0,0,0.0,0.0,1,1
C10-darpa-optc-sysclient0351-0925,C10-darpa-optc-sysclient0351-0925|stage|m060|37,stage,0.6,37,C10-darpa-optc-sysclient0351-0925|stage|m060|37|d2|C10-AA-002>C10-AA-003,2,C10-AA-002>C10-AA-003,8.0,4,1,2.0,C10-AA-004,2.0,C10-AA-004,C10-AA-004,target_reached,0,zero,1,1,0,0,0.0,0.0,1,1
C10-darpa-optc-sysclient0351-0925,C10-darpa-optc-sysclient0351-0925|stage|m060|37,stage,0.6,37,C10-darpa-optc-sysclient0351-0925|stage|m060|37|d2|C10-AA-002>C10-AA-004,2,C10-AA-002>C10-AA-004,7.0,4,1,1.0,C10-AA-003,1.0,C10-AA-003,C10-AA-003,target_reached,0,zero,1,1,0,0,0.0,0.0,1,1
C10-darpa-optc-sysclient0351-0925,C10-darpa-optc-sysclient0351-0925|stage|m060|37,stage,0.6,37,C10-darpa-optc-sysclient0351-0925|stage|m060|37|d2|C10-AA-002>C10-AA-005,2,C10-AA-002>C10-AA-005,7.0,3,2,3.0,C10-AA-003>C10-AA-004,3.0,C10-AA-003>C10-AA-004,C10-AA-003>C10-AA-004,target_reached,0,zero,1,1,0,0,0.0,0.0,1,1
C10-darpa-optc-sysclient0351-0925,C10-darpa-optc-sysclient0351-0925|stage|m060|37,stage,0.6,37,C10-darpa-optc-sysclient0351-0925|stage|m060|37|d2|C10-AA-003>C10-AA-004,2,C10-AA-003>C10-AA-004,8.0,4,1,1.0,C10-AA-001,2.0,C10-AA-002,C10-AA-002,target_reached,0,positive,1,1,0,0,1.0,1.0,0,0
C10-darpa-optc-sysclient0351-0925,C10-darpa-optc-sysclient0351-0925|stage|m060|37,stage,0.6,37,C10-darpa-optc-sysclient0351-0925|stage|m060|37|d2|C10-AA-003>C10-AA-005,2,C10-AA-003>C10-AA-005,8.0,3,2,3.0,C10-AA-001>C10-AA-004,4.0,C10-AA-004>C10-AA-002,C10-AA-004>C10-AA-002,target_reached,0,positive,1,1,0,0,1.0,0.3333333333333333,0,0
C10-darpa-optc-sysclient0351-0925,C10-darpa-optc-sysclient0351-0925|stage|m060|37,stage,0.6,37,C10-darpa-optc-sysclient0351-0925|stage|m060|37|d2|C10-AA-004>C10-AA-005,2,C10-AA-004>C10-AA-005,7.0,3,2,2.0,C10-AA-001>C10-AA-003,3.0,C10-AA-003>C10-AA-002,C10-AA-003>C10-AA-002,target_reached,0,positive,1,1,0,0,1.0,0.5,0,0
C10-darpa-optc-sysclient0351-0925,C10-darpa-optc-sysclient0351-0925|stage|m060|41,stage,0.6,41,C10-darpa-optc-sysclient0351-0925|stage|m060|41|d0|root,0,,11.0,2,3,5.0,C10-AA-002>C10-AA-003>C10-AA-004,5.0,C10-AA-003>C10-AA-004>C10-AA-002,C10-AA-003>C10-AA-004>C10-AA-002,target_reached,0,zero,1,1,0,0,0.0,0.0,1,0
C10-darpa-optc-sysclient0351-0925,C10-darpa-optc-sysclient0351-0925|stage|m060|41,stage,0.6,41,C10-darpa-optc-sysclient0351-0925|stage|m060|41|d1|C10-AA-001,1,C10-AA-001,10.0,2,3,5.0,C10-AA-002>C10-AA-003>C10-AA-004,5.0,C10-AA-003>C10-AA-004>C10-AA-002,C10-AA-004>C10-AA-004>C10-AA-002,target_reached,1,zero,1,1,0,0,0.0,0.0,1,0
C10-darpa-optc-sysclient0351-0925,C10-darpa-optc-sysclient0351-0925|stage|m060|41,stage,0.6,41,C10-darpa-optc-sysclient0351-0925|stage|m060|41|d1|C10-AA-002,1,C10-AA-002,9.0,3,2,3.0,C10-AA-003>C10-AA-004,3.0,C10-AA-003>C10-AA-004,C10-AA-003>C10-AA-004,target_reached,0,zero,1,1,0,0,0.0,0.0,1,1
C10-darpa-optc-sysclient0351-0925,C10-darpa-optc-sysclient0351-0925|stage|m060|41,stage,0.6,41,C10-darpa-optc-sysclient0351-0925|stage|m060|41|d1|C10-AA-003,1,C10-AA-003,10.0,3,2,4.0,C10-AA-002>C10-AA-004,4.0,C10-AA-004>C10-AA-002,C10-AA-004>C10-AA-002,target_reached,0,zero,1,1,0,0,0.0,0.0,1,0
C10-darpa-optc-sysclient0351-0925,C10-darpa-optc-sysclient0351-0925|stage|m060|41,stage,0.6,41,C10-darpa-optc-sysclient0351-0925|stage|m060|41|d1|C10-AA-004,1,C10-AA-004,9.0,3,2,3.0,C10-AA-002>C10-AA-003,3.0,C10-AA-003>C10-AA-002,C10-AA-003>C10-AA-002,target_reached,0,zero,1,1,0,0,0.0,0.0,1,0
C10-darpa-optc-sysclient0351-0925,C10-darpa-optc-sysclient0351-0925|stage|m060|41,stage,0.6,41,C10-darpa-optc-sysclient0351-0925|stage|m060|41|d1|C10-AA-005,1,C10-AA-005,9.0,2,3,5.0,C10-AA-002>C10-AA-003>C10-AA-004,5.0,C10-AA-003>C10-AA-004>C10-AA-002,C10-AA-003>C10-AA-004>C10-AA-002,target_reached,0,zero,1,1,0,0,0.0,0.0,1,0
C10-darpa-optc-sysclient0351-0925,C10-darpa-optc-sysclient0351-0925|stage|m060|41,stage,0.6,41,C10-darpa-optc-sysclient0351-0925|stage|m060|41|d2|C10-AA-001>C10-AA-002,2,C10-AA-001>C10-AA-002,8.0,3,2,3.0,C10-AA-003>C10-AA-004,3.0,C10-AA-003>C10-AA-004,C10-AA-003>C10-AA-004,target_reached,0,zero,1,1,0,0,0.0,0.0,1,1
C10-darpa-optc-sysclient0351-0925,C10-darpa-optc-sysclient0351-0925|stage|m060|41,stage,0.6,41,C10-darpa-optc-sysclient0351-0925|stage|m060|41|d2|C10-AA-001>C10-AA-003,2,C10-AA-001>C10-AA-003,9.0,3,2,4.0,C10-AA-002>C10-AA-004,4.0,C10-AA-004>C10-AA-002,C10-AA-004>C10-AA-002,target_reached,0,zero,1,1,0,0,0.0,0.0,1,0
C10-darpa-optc-sysclient0351-0925,C10-darpa-optc-sysclient0351-0925|stage|m060|41,stage,0.6,41,C10-darpa-optc-sysclient0351-0925|stage|m060|41|d2|C10-AA-001>C10-AA-004,2,C10-AA-001>C10-AA-004,8.0,3,2,3.0,C10-AA-002>C10-AA-003,3.0,C10-AA-003>C10-AA-002,C10-AA-003>C10-AA-002,target_reached,0,zero,1,1,0,0,0.0,0.0,1,0
C10-darpa-optc-sysclient0351-0925,C10-darpa-optc-sysclient0351-0925|stage|m060|41,stage,0.6,41,C10-darpa-optc-sysclient0351-0925|stage|m060|41|d2|C10-AA-001>C10-AA-005,2,C10-AA-001>C10-AA-005,8.0,2,3,5.0,C10-AA-002>C10-AA-003>C10-AA-004,5.0,C10-AA-003>C10-AA-004>C10-AA-002,C10-AA-004>C10-AA-004>C10-AA-002,target_reached,1,zero,1,1,0,0,0.0,0.0,1,0
C10-darpa-optc-sysclient0351-0925,C10-darpa-optc-sysclient0351-0925|stage|m060|41,stage,0.6,41,C10-darpa-optc-sysclient0351-0925|stage|m060|41|d2|C10-AA-002>C10-AA-003,2,C10-AA-002>C10-AA-003,8.0,4,1,2.0,C10-AA-004,2.0,C10-AA-004,C10-AA-004,target_reached,0,zero,1,1,0,0,0.0,0.0,1,1
C10-darpa-optc-sysclient0351-0925,C10-darpa-optc-sysclient0351-0925|stage|m060|41,stage,0.6,41,C10-darpa-optc-sysclient0351-0925|stage|m060|41|d2|C10-AA-002>C10-AA-004,2,C10-AA-002>C10-AA-004,7.0,4,1,1.0,C10-AA-003,1.0,C10-AA-003,C10-AA-003,target_reached,0,zero,1,1,0,0,0.0,0.0,1,1
C10-darpa-optc-sysclient0351-0925,C10-darpa-optc-sysclient0351-0925|stage|m060|41,stage,0.6,41,C10-darpa-optc-sysclient0351-0925|stage|m060|41|d2|C10-AA-002>C10-AA-005,2,C10-AA-002>C10-AA-005,7.0,3,2,3.0,C10-AA-003>C10-AA-004,3.0,C10-AA-003>C10-AA-004,C10-AA-003>C10-AA-004,target_reached,0,zero,1,1,0,0,0.0,0.0,1,1
C10-darpa-optc-sysclient0351-0925,C10-darpa-optc-sysclient0351-0925|stage|m060|41,stage,0.6,41,C10-darpa-optc-sysclient0351-0925|stage|m060|41|d2|C10-AA-003>C10-AA-004,2,C10-AA-003>C10-AA-004,8.0,4,1,2.0,C10-AA-002,2.0,C10-AA-002,C10-AA-002,target_reached,0,zero,1,1,0,0,0.0,0.0,1,1
C10-darpa-optc-sysclient0351-0925,C10-darpa-optc-sysclient0351-0925|stage|m060|41,stage,0.6,41,C10-darpa-optc-sysclient0351-0925|stage|m060|41|d2|C10-AA-003>C10-AA-005,2,C10-AA-003>C10-AA-005,8.0,3,2,4.0,C10-AA-002>C10-AA-004,4.0,C10-AA-004>C10-AA-002,C10-AA-004>C10-AA-002,target_reached,0,zero,1,1,0,0,0.0,0.0,1,0
C10-darpa-optc-sysclient0351-0925,C10-darpa-optc-sysclient0351-0925|stage|m060|41,stage,0.6,41,C10-darpa-optc-sysclient0351-0925|stage|m060|41|d2|C10-AA-004>C10-AA-005,2,C10-AA-004>C10-AA-005,7.0,3,2,3.0,C10-AA-002>C10-AA-003,3.0,C10-AA-003>C10-AA-002,C10-AA-003>C10-AA-002,target_reached,0,zero,1,1,0,0,0.0,0.0,1,0
C10-darpa-optc-sysclient0351-0925,C10-darpa-optc-sysclient0351-0925|stage|m060|53,stage,0.6,53,C10-darpa-optc-sysclient0351-0925|stage|m060|53|d0|root,0,,11.0,2,3,5.0,C10-AA-002>C10-AA-003>C10-AA-004,5.0,C10-AA-003>C10-AA-004>C10-AA-002,C10-AA-003>C10-AA-004>C10-AA-002,target_reached,0,zero,1,1,0,0,0.0,0.0,1,0
C10-darpa-optc-sysclient0351-0925,C10-darpa-optc-sysclient0351-0925|stage|m060|53,stage,0.6,53,C10-darpa-optc-sysclient0351-0925|stage|m060|53|d1|C10-AA-001,1,C10-AA-001,10.0,2,3,5.0,C10-AA-002>C10-AA-003>C10-AA-004,5.0,C10-AA-003>C10-AA-004>C10-AA-002,C10-AA-004>C10-AA-004>C10-AA-002,target_reached,1,zero,1,1,0,0,0.0,0.0,1,0
C10-darpa-optc-sysclient0351-0925,C10-darpa-optc-sysclient0351-0925|stage|m060|53,stage,0.6,53,C10-darpa-optc-sysclient0351-0925|stage|m060|53|d1|C10-AA-002,1,C10-AA-002,9.0,3,2,3.0,C10-AA-003>C10-AA-004,3.0,C10-AA-003>C10-AA-004,C10-AA-003>C10-AA-004,target_reached,0,zero,1,1,0,0,0.0,0.0,1,1
C10-darpa-optc-sysclient0351-0925,C10-darpa-optc-sysclient0351-0925|stage|m060|53,stage,0.6,53,C10-darpa-optc-sysclient0351-0925|stage|m060|53|d1|C10-AA-003,1,C10-AA-003,10.0,3,2,4.0,C10-AA-002>C10-AA-004,4.0,C10-AA-004>C10-AA-002,C10-AA-004>C10-AA-002,target_reached,0,zero,1,1,0,0,0.0,0.0,1,0
C10-darpa-optc-sysclient0351-0925,C10-darpa-optc-sysclient0351-0925|stage|m060|53,stage,0.6,53,C10-darpa-optc-sysclient0351-0925|stage|m060|53|d1|C10-AA-004,1,C10-AA-004,9.0,3,2,3.0,C10-AA-002>C10-AA-003,3.0,C10-AA-003>C10-AA-002,C10-AA-003>C10-AA-002,target_reached,0,zero,1,1,0,0,0.0,0.0,1,0
C10-darpa-optc-sysclient0351-0925,C10-darpa-optc-sysclient0351-0925|stage|m060|53,stage,0.6,53,C10-darpa-optc-sysclient0351-0925|stage|m060|53|d1|C10-AA-005,1,C10-AA-005,9.0,2,3,5.0,C10-AA-002>C10-AA-003>C10-AA-004,5.0,C10-AA-003>C10-AA-004>C10-AA-002,C10-AA-003>C10-AA-004>C10-AA-002,target_reached,0,zero,1,1,0,0,0.0,0.0,1,0
C10-darpa-optc-sysclient0351-0925,C10-darpa-optc-sysclient0351-0925|stage|m060|53,stage,0.6,53,C10-darpa-optc-sysclient0351-0925|stage|m060|53|d2|C10-AA-001>C10-AA-002,2,C10-AA-001>C10-AA-002,8.0,3,2,3.0,C10-AA-003>C10-AA-004,3.0,C10-AA-003>C10-AA-004,C10-AA-003>C10-AA-004,target_reached,0,zero,1,1,0,0,0.0,0.0,1,1
C10-darpa-optc-sysclient0351-0925,C10-darpa-optc-sysclient0351-0925|stage|m060|53,stage,0.6,53,C10-darpa-optc-sysclient0351-0925|stage|m060|53|d2|C10-AA-001>C10-AA-003,2,C10-AA-001>C10-AA-003,9.0,3,2,4.0,C10-AA-002>C10-AA-004,4.0,C10-AA-004>C10-AA-002,C10-AA-004>C10-AA-002,target_reached,0,zero,1,1,0,0,0.0,0.0,1,0
C10-darpa-optc-sysclient0351-0925,C10-darpa-optc-sysclient0351-0925|stage|m060|53,stage,0.6,53,C10-darpa-optc-sysclient0351-0925|stage|m060|53|d2|C10-AA-001>C10-AA-004,2,C10-AA-001>C10-AA-004,8.0,3,2,3.0,C10-AA-002>C10-AA-003,3.0,C10-AA-003>C10-AA-002,C10-AA-003>C10-AA-002,target_reached,0,zero,1,1,0,0,0.0,0.0,1,0
C10-darpa-optc-sysclient0351-0925,C10-darpa-optc-sysclient0351-0925|stage|m060|53,stage,0.6,53,C10-darpa-optc-sysclient0351-0925|stage|m060|53|d2|C10-AA-001>C10-AA-005,2,C10-AA-001>C10-AA-005,8.0,2,3,5.0,C10-AA-002>C10-AA-003>C10-AA-004,5.0,C10-AA-003>C10-AA-004>C10-AA-002,C10-AA-004>C10-AA-004>C10-AA-002,target_reached,1,zero,1,1,0,0,0.0,0.0,1,0
C10-darpa-optc-sysclient0351-0925,C10-darpa-optc-sysclient0351-0925|stage|m060|53,stage,0.6,53,C10-darpa-optc-sysclient0351-0925|stage|m060|53|d2|C10-AA-002>C10-AA-003,2,C10-AA-002>C10-AA-003,8.0,4,1,2.0,C10-AA-004,2.0,C10-AA-004,C10-AA-004,target_reached,0,zero,1,1,0,0,0.0,0.0,1,1
C10-darpa-optc-sysclient0351-0925,C10-darpa-optc-sysclient0351-0925|stage|m060|53,stage,0.6,53,C10-darpa-optc-sysclient0351-0925|stage|m060|53|d2|C10-AA-002>C10-AA-004,2,C10-AA-002>C10-AA-004,7.0,4,1,1.0,C10-AA-003,1.0,C10-AA-003,C10-AA-003,target_reached,0,zero,1,1,0,0,0.0,0.0,1,1
C10-darpa-optc-sysclient0351-0925,C10-darpa-optc-sysclient0351-0925|stage|m060|53,stage,0.6,53,C10-darpa-optc-sysclient0351-0925|stage|m060|53|d2|C10-AA-002>C10-AA-005,2,C10-AA-002>C10-AA-005,7.0,3,2,3.0,C10-AA-003>C10-AA-004,3.0,C10-AA-003>C10-AA-004,C10-AA-003>C10-AA-004,target_reached,0,zero,1,1,0,0,0.0,0.0,1,1
C10-darpa-optc-sysclient0351-0925,C10-darpa-optc-sysclient0351-0925|stage|m060|53,stage,0.6,53,C10-darpa-optc-sysclient0351-0925|stage|m060|53|d2|C10-AA-003>C10-AA-004,2,C10-AA-003>C10-AA-004,8.0,4,1,2.0,C10-AA-002,2.0,C10-AA-002,C10-AA-002,target_reached,0,zero,1,1,0,0,0.0,0.0,1,1
C10-darpa-optc-sysclient0351-0925,C10-darpa-optc-sysclient0351-0925|stage|m060|53,stage,0.6,53,C10-darpa-optc-sysclient0351-0925|stage|m060|53|d2|C10-AA-003>C10-AA-005,2,C10-AA-003>C10-AA-005,8.0,3,2,4.0,C10-AA-002>C10-AA-004,4.0,C10-AA-004>C10-AA-002,C10-AA-004>C10-AA-002,target_reached,0,zero,1,1,0,0,0.0,0.0,1,0
C10-darpa-optc-sysclient0351-0925,C10-darpa-optc-sysclient0351-0925|stage|m060|53,stage,0.6,53,C10-darpa-optc-sysclient0351-0925|stage|m060|53|d2|C10-AA-004>C10-AA-005,2,C10-AA-004>C10-AA-005,7.0,3,2,3.0,C10-AA-002>C10-AA-003,3.0,C10-AA-003>C10-AA-002,C10-AA-003>C10-AA-002,target_reached,0,zero,1,1,0,0,0.0,0.0,1,0
C10-darpa-optc-sysclient0351-0925,C10-darpa-optc-sysclient0351-0925|discriminative|m020|11,discriminative,0.2,11,C10-darpa-optc-sysclient0351-0925|discriminative|m020|11|d0|root,0,,11.0,4,1,1.0,C10-AA-003,1.0,C10-AA-003,C10-AA-003,target_reached,0,zero,1,1,0,0,0.0,0.0,1,1
C10-darpa-optc-sysclient0351-0925,C10-darpa-optc-sysclient0351-0925|discriminative|m020|11,discriminative,0.2,11,C10-darpa-optc-sysclient0351-0925|discriminative|m020|11|d1|C10-AA-001,1,C10-AA-001,10.0,4,1,1.0,C10-AA-003,1.0,C10-AA-003,C10-AA-003,target_reached,0,zero,1,1,0,0,0.0,0.0,1,1
C10-darpa-optc-sysclient0351-0925,C10-darpa-optc-sysclient0351-0925|discriminative|m020|11,discriminative,0.2,11,C10-darpa-optc-sysclient0351-0925|discriminative|m020|11|d1|C10-AA-002,1,C10-AA-002,9.0,4,1,1.0,C10-AA-003,1.0,C10-AA-003,C10-AA-003,target_reached,0,zero,1,1,0,0,0.0,0.0,1,1
C10-darpa-optc-sysclient0351-0925,C10-darpa-optc-sysclient0351-0925|discriminative|m020|11,discriminative,0.2,11,C10-darpa-optc-sysclient0351-0925|discriminative|m020|11|d1|C10-AA-004,1,C10-AA-004,9.0,4,1,1.0,C10-AA-003,1.0,C10-AA-003,C10-AA-003,target_reached,0,zero,1,1,0,0,0.0,0.0,1,1
C10-darpa-optc-sysclient0351-0925,C10-darpa-optc-sysclient0351-0925|discriminative|m020|11,discriminative,0.2,11,C10-darpa-optc-sysclient0351-0925|discriminative|m020|11|d1|C10-AA-005,1,C10-AA-005,9.0,4,1,1.0,C10-AA-003,1.0,C10-AA-003,C10-AA-003,target_reached,0,zero,1,1,0,0,0.0,0.0,1,1
C10-darpa-optc-sysclient0351-0925,C10-darpa-optc-sysclient0351-0925|discriminative|m020|11,discriminative,0.2,11,C10-darpa-optc-sysclient0351-0925|discriminative|m020|11|d2|C10-AA-001>C10-AA-002,2,C10-AA-001>C10-AA-002,8.0,4,1,1.0,C10-AA-003,1.0,C10-AA-003,C10-AA-003,target_reached,0,zero,1,1,0,0,0.0,0.0,1,1
C10-darpa-optc-sysclient0351-0925,C10-darpa-optc-sysclient0351-0925|discriminative|m020|11,discriminative,0.2,11,C10-darpa-optc-sysclient0351-0925|discriminative|m020|11|d2|C10-AA-001>C10-AA-004,2,C10-AA-001>C10-AA-004,8.0,4,1,1.0,C10-AA-003,1.0,C10-AA-003,C10-AA-003,target_reached,0,zero,1,1,0,0,0.0,0.0,1,1
C10-darpa-optc-sysclient0351-0925,C10-darpa-optc-sysclient0351-0925|discriminative|m020|11,discriminative,0.2,11,C10-darpa-optc-sysclient0351-0925|discriminative|m020|11|d2|C10-AA-001>C10-AA-005,2,C10-AA-001>C10-AA-005,8.0,4,1,1.0,C10-AA-003,1.0,C10-AA-003,C10-AA-003,target_reached,0,zero,1,1,0,0,0.0,0.0,1,1
C10-darpa-optc-sysclient0351-0925,C10-darpa-optc-sysclient0351-0925|discriminative|m020|11,discriminative,0.2,11,C10-darpa-optc-sysclient0351-0925|discriminative|m020|11|d2|C10-AA-002>C10-AA-004,2,C10-AA-002>C10-AA-004,7.0,4,1,1.0,C10-AA-003,1.0,C10-AA-003,C10-AA-003,target_reached,0,zero,1,1,0,0,0.0,0.0,1,1
C10-darpa-optc-sysclient0351-0925,C10-darpa-optc-sysclient0351-0925|discriminative|m020|11,discriminative,0.2,11,C10-darpa-optc-sysclient0351-0925|discriminative|m020|11|d2|C10-AA-002>C10-AA-005,2,C10-AA-002>C10-AA-005,7.0,4,1,1.0,C10-AA-003,1.0,C10-AA-003,C10-AA-003,target_reached,0,zero,1,1,0,0,0.0,0.0,1,1
C10-darpa-optc-sysclient0351-0925,C10-darpa-optc-sysclient0351-0925|discriminative|m020|11,discriminative,0.2,11,C10-darpa-optc-sysclient0351-0925|discriminative|m020|11|d2|C10-AA-004>C10-AA-005,2,C10-AA-004>C10-AA-005,7.0,4,1,1.0,C10-AA-003,1.0,C10-AA-003,C10-AA-003,target_reached,0,zero,1,1,0,0,0.0,0.0,1,1
C10-darpa-optc-sysclient0351-0925,C10-darpa-optc-sysclient0351-0925|discriminative|m020|23,discriminative,0.2,23,C10-darpa-optc-sysclient0351-0925|discriminative|m020|23|d0|root,0,,11.0,4,1,1.0,C10-AA-003,1.0,C10-AA-003,C10-AA-003,target_reached,0,zero,1,1,0,0,0.0,0.0,1,1
C10-darpa-optc-sysclient0351-0925,C10-darpa-optc-sysclient0351-0925|discriminative|m020|23,discriminative,0.2,23,C10-darpa-optc-sysclient0351-0925|discriminative|m020|23|d1|C10-AA-001,1,C10-AA-001,10.0,4,1,1.0,C10-AA-003,1.0,C10-AA-003,C10-AA-003,target_reached,0,zero,1,1,0,0,0.0,0.0,1,1
C10-darpa-optc-sysclient0351-0925,C10-darpa-optc-sysclient0351-0925|discriminative|m020|23,discriminative,0.2,23,C10-darpa-optc-sysclient0351-0925|discriminative|m020|23|d1|C10-AA-002,1,C10-AA-002,9.0,4,1,1.0,C10-AA-003,1.0,C10-AA-003,C10-AA-003,target_reached,0,zero,1,1,0,0,0.0,0.0,1,1
C10-darpa-optc-sysclient0351-0925,C10-darpa-optc-sysclient0351-0925|discriminative|m020|23,discriminative,0.2,23,C10-darpa-optc-sysclient0351-0925|discriminative|m020|23|d1|C10-AA-004,1,C10-AA-004,9.0,4,1,1.0,C10-AA-003,1.0,C10-AA-003,C10-AA-003,target_reached,0,zero,1,1,0,0,0.0,0.0,1,1
C10-darpa-optc-sysclient0351-0925,C10-darpa-optc-sysclient0351-0925|discriminative|m020|23,discriminative,0.2,23,C10-darpa-optc-sysclient0351-0925|discriminative|m020|23|d1|C10-AA-005,1,C10-AA-005,9.0,4,1,1.0,C10-AA-003,1.0,C10-AA-003,C10-AA-003,target_reached,0,zero,1,1,0,0,0.0,0.0,1,1
C10-darpa-optc-sysclient0351-0925,C10-darpa-optc-sysclient0351-0925|discriminative|m020|23,discriminative,0.2,23,C10-darpa-optc-sysclient0351-0925|discriminative|m020|23|d2|C10-AA-001>C10-AA-002,2,C10-AA-001>C10-AA-002,8.0,4,1,1.0,C10-AA-003,1.0,C10-AA-003,C10-AA-003,target_reached,0,zero,1,1,0,0,0.0,0.0,1,1
C10-darpa-optc-sysclient0351-0925,C10-darpa-optc-sysclient0351-0925|discriminative|m020|23,discriminative,0.2,23,C10-darpa-optc-sysclient0351-0925|discriminative|m020|23|d2|C10-AA-001>C10-AA-004,2,C10-AA-001>C10-AA-004,8.0,4,1,1.0,C10-AA-003,1.0,C10-AA-003,C10-AA-003,target_reached,0,zero,1,1,0,0,0.0,0.0,1,1
C10-darpa-optc-sysclient0351-0925,C10-darpa-optc-sysclient0351-0925|discriminative|m020|23,discriminative,0.2,23,C10-darpa-optc-sysclient0351-0925|discriminative|m020|23|d2|C10-AA-001>C10-AA-005,2,C10-AA-001>C10-AA-005,8.0,4,1,1.0,C10-AA-003,1.0,C10-AA-003,C10-AA-003,target_reached,0,zero,1,1,0,0,0.0,0.0,1,1
C10-darpa-optc-sysclient0351-0925,C10-darpa-optc-sysclient0351-0925|discriminative|m020|23,discriminative,0.2,23,C10-darpa-optc-sysclient0351-0925|discriminative|m020|23|d2|C10-AA-002>C10-AA-004,2,C10-AA-002>C10-AA-004,7.0,4,1,1.0,C10-AA-003,1.0,C10-AA-003,C10-AA-003,target_reached,0,zero,1,1,0,0,0.0,0.0,1,1
C10-darpa-optc-sysclient0351-0925,C10-darpa-optc-sysclient0351-0925|discriminative|m020|23,discriminative,0.2,23,C10-darpa-optc-sysclient0351-0925|discriminative|m020|23|d2|C10-AA-002>C10-AA-005,2,C10-AA-002>C10-AA-005,7.0,4,1,1.0,C10-AA-003,1.0,C10-AA-003,C10-AA-003,target_reached,0,zero,1,1,0,0,0.0,0.0,1,1
C10-darpa-optc-sysclient0351-0925,C10-darpa-optc-sysclient0351-0925|discriminative|m020|23,discriminative,0.2,23,C10-darpa-optc-sysclient0351-0925|discriminative|m020|23|d2|C10-AA-004>C10-AA-005,2,C10-AA-004>C10-AA-005,7.0,4,1,1.0,C10-AA-003,1.0,C10-AA-003,C10-AA-003,target_reached,0,zero,1,1,0,0,0.0,0.0,1,1
C10-darpa-optc-sysclient0351-0925,C10-darpa-optc-sysclient0351-0925|discriminative|m020|37,discriminative,0.2,37,C10-darpa-optc-sysclient0351-0925|discriminative|m020|37|d0|root,0,,11.0,4,1,1.0,C10-AA-003,1.0,C10-AA-003,C10-AA-003,target_reached,0,zero,1,1,0,0,0.0,0.0,1,1
C10-darpa-optc-sysclient0351-0925,C10-darpa-optc-sysclient0351-0925|discriminative|m020|37,discriminative,0.2,37,C10-darpa-optc-sysclient0351-0925|discriminative|m020|37|d1|C10-AA-001,1,C10-AA-001,10.0,4,1,1.0,C10-AA-003,1.0,C10-AA-003,C10-AA-003,target_reached,0,zero,1,1,0,0,0.0,0.0,1,1
C10-darpa-optc-sysclient0351-0925,C10-darpa-optc-sysclient0351-0925|discriminative|m020|37,discriminative,0.2,37,C10-darpa-optc-sysclient0351-0925|discriminative|m020|37|d1|C10-AA-002,1,C10-AA-002,9.0,4,1,1.0,C10-AA-003,1.0,C10-AA-003,C10-AA-003,target_reached,0,zero,1,1,0,0,0.0,0.0,1,1
C10-darpa-optc-sysclient0351-0925,C10-darpa-optc-sysclient0351-0925|discriminative|m020|37,discriminative,0.2,37,C10-darpa-optc-sysclient0351-0925|discriminative|m020|37|d1|C10-AA-004,1,C10-AA-004,9.0,4,1,1.0,C10-AA-003,1.0,C10-AA-003,C10-AA-003,target_reached,0,zero,1,1,0,0,0.0,0.0,1,1
C10-darpa-optc-sysclient0351-0925,C10-darpa-optc-sysclient0351-0925|discriminative|m020|37,discriminative,0.2,37,C10-darpa-optc-sysclient0351-0925|discriminative|m020|37|d1|C10-AA-005,1,C10-AA-005,9.0,4,1,1.0,C10-AA-003,1.0,C10-AA-003,C10-AA-003,target_reached,0,zero,1,1,0,0,0.0,0.0,1,1
C10-darpa-optc-sysclient0351-0925,C10-darpa-optc-sysclient0351-0925|discriminative|m020|37,discriminative,0.2,37,C10-darpa-optc-sysclient0351-0925|discriminative|m020|37|d2|C10-AA-001>C10-AA-002,2,C10-AA-001>C10-AA-002,8.0,4,1,1.0,C10-AA-003,1.0,C10-AA-003,C10-AA-003,target_reached,0,zero,1,1,0,0,0.0,0.0,1,1
C10-darpa-optc-sysclient0351-0925,C10-darpa-optc-sysclient0351-0925|discriminative|m020|37,discriminative,0.2,37,C10-darpa-optc-sysclient0351-0925|discriminative|m020|37|d2|C10-AA-001>C10-AA-004,2,C10-AA-001>C10-AA-004,8.0,4,1,1.0,C10-AA-003,1.0,C10-AA-003,C10-AA-003,target_reached,0,zero,1,1,0,0,0.0,0.0,1,1
C10-darpa-optc-sysclient0351-0925,C10-darpa-optc-sysclient0351-0925|discriminative|m020|37,discriminative,0.2,37,C10-darpa-optc-sysclient0351-0925|discriminative|m020|37|d2|C10-AA-001>C10-AA-005,2,C10-AA-001>C10-AA-005,8.0,4,1,1.0,C10-AA-003,1.0,C10-AA-003,C10-AA-003,target_reached,0,zero,1,1,0,0,0.0,0.0,1,1
C10-darpa-optc-sysclient0351-0925,C10-darpa-optc-sysclient0351-0925|discriminative|m020|37,discriminative,0.2,37,C10-darpa-optc-sysclient0351-0925|discriminative|m020|37|d2|C10-AA-002>C10-AA-004,2,C10-AA-002>C10-AA-004,7.0,4,1,1.0,C10-AA-003,1.0,C10-AA-003,C10-AA-003,target_reached,0,zero,1,1,0,0,0.0,0.0,1,1
C10-darpa-optc-sysclient0351-0925,C10-darpa-optc-sysclient0351-0925|discriminative|m020|37,discriminative,0.2,37,C10-darpa-optc-sysclient0351-0925|discriminative|m020|37|d2|C10-AA-002>C10-AA-005,2,C10-AA-002>C10-AA-005,7.0,4,1,1.0,C10-AA-003,1.0,C10-AA-003,C10-AA-003,target_reached,0,zero,1,1,0,0,0.0,0.0,1,1
C10-darpa-optc-sysclient0351-0925,C10-darpa-optc-sysclient0351-0925|discriminative|m020|37,discriminative,0.2,37,C10-darpa-optc-sysclient0351-0925|discriminative|m020|37|d2|C10-AA-004>C10-AA-005,2,C10-AA-004>C10-AA-005,7.0,4,1,1.0,C10-AA-003,1.0,C10-AA-003,C10-AA-003,target_reached,0,zero,1,1,0,0,0.0,0.0,1,1
C10-darpa-optc-sysclient0351-0925,C10-darpa-optc-sysclient0351-0925|discriminative|m020|41,discriminative,0.2,41,C10-darpa-optc-sysclient0351-0925|discriminative|m020|41|d0|root,0,,11.0,4,1,1.0,C10-AA-003,1.0,C10-AA-003,C10-AA-003,target_reached,0,zero,1,1,0,0,0.0,0.0,1,1
C10-darpa-optc-sysclient0351-0925,C10-darpa-optc-sysclient0351-0925|discriminative|m020|41,discriminative,0.2,41,C10-darpa-optc-sysclient0351-0925|discriminative|m020|41|d1|C10-AA-001,1,C10-AA-001,10.0,4,1,1.0,C10-AA-003,1.0,C10-AA-003,C10-AA-003,target_reached,0,zero,1,1,0,0,0.0,0.0,1,1
C10-darpa-optc-sysclient0351-0925,C10-darpa-optc-sysclient0351-0925|discriminative|m020|41,discriminative,0.2,41,C10-darpa-optc-sysclient0351-0925|discriminative|m020|41|d1|C10-AA-002,1,C10-AA-002,9.0,4,1,1.0,C10-AA-003,1.0,C10-AA-003,C10-AA-003,target_reached,0,zero,1,1,0,0,0.0,0.0,1,1
C10-darpa-optc-sysclient0351-0925,C10-darpa-optc-sysclient0351-0925|discriminative|m020|41,discriminative,0.2,41,C10-darpa-optc-sysclient0351-0925|discriminative|m020|41|d1|C10-AA-004,1,C10-AA-004,9.0,4,1,1.0,C10-AA-003,1.0,C10-AA-003,C10-AA-003,target_reached,0,zero,1,1,0,0,0.0,0.0,1,1
C10-darpa-optc-sysclient0351-0925,C10-darpa-optc-sysclient0351-0925|discriminative|m020|41,discriminative,0.2,41,C10-darpa-optc-sysclient0351-0925|discriminative|m020|41|d1|C10-AA-005,1,C10-AA-005,9.0,4,1,1.0,C10-AA-003,1.0,C10-AA-003,C10-AA-003,target_reached,0,zero,1,1,0,0,0.0,0.0,1,1
C10-darpa-optc-sysclient0351-0925,C10-darpa-optc-sysclient0351-0925|discriminative|m020|41,discriminative,0.2,41,C10-darpa-optc-sysclient0351-0925|discriminative|m020|41|d2|C10-AA-001>C10-AA-002,2,C10-AA-001>C10-AA-002,8.0,4,1,1.0,C10-AA-003,1.0,C10-AA-003,C10-AA-003,target_reached,0,zero,1,1,0,0,0.0,0.0,1,1
C10-darpa-optc-sysclient0351-0925,C10-darpa-optc-sysclient0351-0925|discriminative|m020|41,discriminative,0.2,41,C10-darpa-optc-sysclient0351-0925|discriminative|m020|41|d2|C10-AA-001>C10-AA-004,2,C10-AA-001>C10-AA-004,8.0,4,1,1.0,C10-AA-003,1.0,C10-AA-003,C10-AA-003,target_reached,0,zero,1,1,0,0,0.0,0.0,1,1
C10-darpa-optc-sysclient0351-0925,C10-darpa-optc-sysclient0351-0925|discriminative|m020|41,discriminative,0.2,41,C10-darpa-optc-sysclient0351-0925|discriminative|m020|41|d2|C10-AA-001>C10-AA-005,2,C10-AA-001>C10-AA-005,8.0,4,1,1.0,C10-AA-003,1.0,C10-AA-003,C10-AA-003,target_reached,0,zero,1,1,0,0,0.0,0.0,1,1
C10-darpa-optc-sysclient0351-0925,C10-darpa-optc-sysclient0351-0925|discriminative|m020|41,discriminative,0.2,41,C10-darpa-optc-sysclient0351-0925|discriminative|m020|41|d2|C10-AA-002>C10-AA-004,2,C10-AA-002>C10-AA-004,7.0,4,1,1.0,C10-AA-003,1.0,C10-AA-003,C10-AA-003,target_reached,0,zero,1,1,0,0,0.0,0.0,1,1
C10-darpa-optc-sysclient0351-0925,C10-darpa-optc-sysclient0351-0925|discriminative|m020|41,discriminative,0.2,41,C10-darpa-optc-sysclient0351-0925|discriminative|m020|41|d2|C10-AA-002>C10-AA-005,2,C10-AA-002>C10-AA-005,7.0,4,1,1.0,C10-AA-003,1.0,C10-AA-003,C10-AA-003,target_reached,0,zero,1,1,0,0,0.0,0.0,1,1
C10-darpa-optc-sysclient0351-0925,C10-darpa-optc-sysclient0351-0925|discriminative|m020|41,discriminative,0.2,41,C10-darpa-optc-sysclient0351-0925|discriminative|m020|41|d2|C10-AA-004>C10-AA-005,2,C10-AA-004>C10-AA-005,7.0,4,1,1.0,C10-AA-003,1.0,C10-AA-003,C10-AA-003,target_reached,0,zero,1,1,0,0,0.0,0.0,1,1
C10-darpa-optc-sysclient0351-0925,C10-darpa-optc-sysclient0351-0925|discriminative|m020|53,discriminative,0.2,53,C10-darpa-optc-sysclient0351-0925|discriminative|m020|53|d0|root,0,,11.0,4,1,1.0,C10-AA-003,1.0,C10-AA-003,C10-AA-003,target_reached,0,zero,1,1,0,0,0.0,0.0,1,1
C10-darpa-optc-sysclient0351-0925,C10-darpa-optc-sysclient0351-0925|discriminative|m020|53,discriminative,0.2,53,C10-darpa-optc-sysclient0351-0925|discriminative|m020|53|d1|C10-AA-001,1,C10-AA-001,10.0,4,1,1.0,C10-AA-003,1.0,C10-AA-003,C10-AA-003,target_reached,0,zero,1,1,0,0,0.0,0.0,1,1
C10-darpa-optc-sysclient0351-0925,C10-darpa-optc-sysclient0351-0925|discriminative|m020|53,discriminative,0.2,53,C10-darpa-optc-sysclient0351-0925|discriminative|m020|53|d1|C10-AA-002,1,C10-AA-002,9.0,4,1,1.0,C10-AA-003,1.0,C10-AA-003,C10-AA-003,target_reached,0,zero,1,1,0,0,0.0,0.0,1,1
C10-darpa-optc-sysclient0351-0925,C10-darpa-optc-sysclient0351-0925|discriminative|m020|53,discriminative,0.2,53,C10-darpa-optc-sysclient0351-0925|discriminative|m020|53|d1|C10-AA-004,1,C10-AA-004,9.0,4,1,1.0,C10-AA-003,1.0,C10-AA-003,C10-AA-003,target_reached,0,zero,1,1,0,0,0.0,0.0,1,1
C10-darpa-optc-sysclient0351-0925,C10-darpa-optc-sysclient0351-0925|discriminative|m020|53,discriminative,0.2,53,C10-darpa-optc-sysclient0351-0925|discriminative|m020|53|d1|C10-AA-005,1,C10-AA-005,9.0,4,1,1.0,C10-AA-003,1.0,C10-AA-003,C10-AA-003,target_reached,0,zero,1,1,0,0,0.0,0.0,1,1
C10-darpa-optc-sysclient0351-0925,C10-darpa-optc-sysclient0351-0925|discriminative|m020|53,discriminative,0.2,53,C10-darpa-optc-sysclient0351-0925|discriminative|m020|53|d2|C10-AA-001>C10-AA-002,2,C10-AA-001>C10-AA-002,8.0,4,1,1.0,C10-AA-003,1.0,C10-AA-003,C10-AA-003,target_reached,0,zero,1,1,0,0,0.0,0.0,1,1
C10-darpa-optc-sysclient0351-0925,C10-darpa-optc-sysclient0351-0925|discriminative|m020|53,discriminative,0.2,53,C10-darpa-optc-sysclient0351-0925|discriminative|m020|53|d2|C10-AA-001>C10-AA-004,2,C10-AA-001>C10-AA-004,8.0,4,1,1.0,C10-AA-003,1.0,C10-AA-003,C10-AA-003,target_reached,0,zero,1,1,0,0,0.0,0.0,1,1
C10-darpa-optc-sysclient0351-0925,C10-darpa-optc-sysclient0351-0925|discriminative|m020|53,discriminative,0.2,53,C10-darpa-optc-sysclient0351-0925|discriminative|m020|53|d2|C10-AA-001>C10-AA-005,2,C10-AA-001>C10-AA-005,8.0,4,1,1.0,C10-AA-003,1.0,C10-AA-003,C10-AA-003,target_reached,0,zero,1,1,0,0,0.0,0.0,1,1
C10-darpa-optc-sysclient0351-0925,C10-darpa-optc-sysclient0351-0925|discriminative|m020|53,discriminative,0.2,53,C10-darpa-optc-sysclient0351-0925|discriminative|m020|53|d2|C10-AA-002>C10-AA-004,2,C10-AA-002>C10-AA-004,7.0,4,1,1.0,C10-AA-003,1.0,C10-AA-003,C10-AA-003,target_reached,0,zero,1,1,0,0,0.0,0.0,1,1
C10-darpa-optc-sysclient0351-0925,C10-darpa-optc-sysclient0351-0925|discriminative|m020|53,discriminative,0.2,53,C10-darpa-optc-sysclient0351-0925|discriminative|m020|53|d2|C10-AA-002>C10-AA-005,2,C10-AA-002>C10-AA-005,7.0,4,1,1.0,C10-AA-003,1.0,C10-AA-003,C10-AA-003,target_reached,0,zero,1,1,0,0,0.0,0.0,1,1
C10-darpa-optc-sysclient0351-0925,C10-darpa-optc-sysclient0351-0925|discriminative|m020|53,discriminative,0.2,53,C10-darpa-optc-sysclient0351-0925|discriminative|m020|53|d2|C10-AA-004>C10-AA-005,2,C10-AA-004>C10-AA-005,7.0,4,1,1.0,C10-AA-003,1.0,C10-AA-003,C10-AA-003,target_reached,0,zero,1,1,0,0,0.0,0.0,1,1
C10-darpa-optc-sysclient0351-0925,C10-darpa-optc-sysclient0351-0925|discriminative|m040|11,discriminative,0.4,11,C10-darpa-optc-sysclient0351-0925|discriminative|m040|11|d0|root,0,,11.0,3,2,3.0,C10-AA-003>C10-AA-004,3.0,C10-AA-003>C10-AA-004,C10-AA-003>C10-AA-004,target_reached,0,zero,1,1,0,0,0.0,0.0,1,1
C10-darpa-optc-sysclient0351-0925,C10-darpa-optc-sysclient0351-0925|discriminative|m040|11,discriminative,0.4,11,C10-darpa-optc-sysclient0351-0925|discriminative|m040|11|d1|C10-AA-001,1,C10-AA-001,10.0,3,2,3.0,C10-AA-003>C10-AA-004,3.0,C10-AA-003>C10-AA-004,C10-AA-003>C10-AA-004,target_reached,0,zero,1,1,0,0,0.0,0.0,1,1
C10-darpa-optc-sysclient0351-0925,C10-darpa-optc-sysclient0351-0925|discriminative|m040|11,discriminative,0.4,11,C10-darpa-optc-sysclient0351-0925|discriminative|m040|11|d1|C10-AA-002,1,C10-AA-002,9.0,3,2,3.0,C10-AA-003>C10-AA-004,3.0,C10-AA-003>C10-AA-004,C10-AA-003>C10-AA-004,target_reached,0,zero,1,1,0,0,0.0,0.0,1,1
C10-darpa-optc-sysclient0351-0925,C10-darpa-optc-sysclient0351-0925|discriminative|m040|11,discriminative,0.4,11,C10-darpa-optc-sysclient0351-0925|discriminative|m040|11|d1|C10-AA-003,1,C10-AA-003,10.0,4,1,2.0,C10-AA-004,2.0,C10-AA-004,C10-AA-004,target_reached,0,zero,1,1,0,0,0.0,0.0,1,1
C10-darpa-optc-sysclient0351-0925,C10-darpa-optc-sysclient0351-0925|discriminative|m040|11,discriminative,0.4,11,C10-darpa-optc-sysclient0351-0925|discriminative|m040|11|d1|C10-AA-004,1,C10-AA-004,9.0,4,1,1.0,C10-AA-003,1.0,C10-AA-003,C10-AA-003,target_reached,0,zero,1,1,0,0,0.0,0.0,1,1
C10-darpa-optc-sysclient0351-0925,C10-darpa-optc-sysclient0351-0925|discriminative|m040|11,discriminative,0.4,11,C10-darpa-optc-sysclient0351-0925|discriminative|m040|11|d1|C10-AA-005,1,C10-AA-005,9.0,3,2,3.0,C10-AA-003>C10-AA-004,3.0,C10-AA-003>C10-AA-004,C10-AA-003>C10-AA-004,target_reached,0,zero,1,1,0,0,0.0,0.0,1,1
C10-darpa-optc-sysclient0351-0925,C10-darpa-optc-sysclient0351-0925|discriminative|m040|11,discriminative,0.4,11,C10-darpa-optc-sysclient0351-0925|discriminative|m040|11|d2|C10-AA-001>C10-AA-002,2,C10-AA-001>C10-AA-002,8.0,3,2,3.0,C10-AA-003>C10-AA-004,3.0,C10-AA-003>C10-AA-004,C10-AA-003>C10-AA-004,target_reached,0,zero,1,1,0,0,0.0,0.0,1,1
C10-darpa-optc-sysclient0351-0925,C10-darpa-optc-sysclient0351-0925|discriminative|m040|11,discriminative,0.4,11,C10-darpa-optc-sysclient0351-0925|discriminative|m040|11|d2|C10-AA-001>C10-AA-003,2,C10-AA-001>C10-AA-003,9.0,4,1,2.0,C10-AA-004,2.0,C10-AA-004,C10-AA-004,target_reached,0,zero,1,1,0,0,0.0,0.0,1,1
C10-darpa-optc-sysclient0351-0925,C10-darpa-optc-sysclient0351-0925|discriminative|m040|11,discriminative,0.4,11,C10-darpa-optc-sysclient0351-0925|discriminative|m040|11|d2|C10-AA-001>C10-AA-004,2,C10-AA-001>C10-AA-004,8.0,4,1,1.0,C10-AA-003,1.0,C10-AA-003,C10-AA-003,target_reached,0,zero,1,1,0,0,0.0,0.0,1,1
C10-darpa-optc-sysclient0351-0925,C10-darpa-optc-sysclient0351-0925|discriminative|m040|11,discriminative,0.4,11,C10-darpa-optc-sysclient0351-0925|discriminative|m040|11|d2|C10-AA-001>C10-AA-005,2,C10-AA-001>C10-AA-005,8.0,3,2,3.0,C10-AA-003>C10-AA-004,3.0,C10-AA-003>C10-AA-004,C10-AA-003>C10-AA-004,target_reached,0,zero,1,1,0,0,0.0,0.0,1,1
C10-darpa-optc-sysclient0351-0925,C10-darpa-optc-sysclient0351-0925|discriminative|m040|11,discriminative,0.4,11,C10-darpa-optc-sysclient0351-0925|discriminative|m040|11|d2|C10-AA-002>C10-AA-003,2,C10-AA-002>C10-AA-003,8.0,4,1,2.0,C10-AA-004,2.0,C10-AA-004,C10-AA-004,target_reached,0,zero,1,1,0,0,0.0,0.0,1,1
C10-darpa-optc-sysclient0351-0925,C10-darpa-optc-sysclient0351-0925|discriminative|m040|11,discriminative,0.4,11,C10-darpa-optc-sysclient0351-0925|discriminative|m040|11|d2|C10-AA-002>C10-AA-004,2,C10-AA-002>C10-AA-004,7.0,4,1,1.0,C10-AA-003,1.0,C10-AA-003,C10-AA-003,target_reached,0,zero,1,1,0,0,0.0,0.0,1,1
C10-darpa-optc-sysclient0351-0925,C10-darpa-optc-sysclient0351-0925|discriminative|m040|11,discriminative,0.4,11,C10-darpa-optc-sysclient0351-0925|discriminative|m040|11|d2|C10-AA-002>C10-AA-005,2,C10-AA-002>C10-AA-005,7.0,3,2,3.0,C10-AA-003>C10-AA-004,3.0,C10-AA-003>C10-AA-004,C10-AA-003>C10-AA-004,target_reached,0,zero,1,1,0,0,0.0,0.0,1,1
C10-darpa-optc-sysclient0351-0925,C10-darpa-optc-sysclient0351-0925|discriminative|m040|11,discriminative,0.4,11,C10-darpa-optc-sysclient0351-0925|discriminative|m040|11|d2|C10-AA-003>C10-AA-005,2,C10-AA-003>C10-AA-005,8.0,4,1,2.0,C10-AA-004,2.0,C10-AA-004,C10-AA-004,target_reached,0,zero,1,1,0,0,0.0,0.0,1,1
C10-darpa-optc-sysclient0351-0925,C10-darpa-optc-sysclient0351-0925|discriminative|m040|11,discriminative,0.4,11,C10-darpa-optc-sysclient0351-0925|discriminative|m040|11|d2|C10-AA-004>C10-AA-005,2,C10-AA-004>C10-AA-005,7.0,4,1,1.0,C10-AA-003,1.0,C10-AA-003,C10-AA-003,target_reached,0,zero,1,1,0,0,0.0,0.0,1,1
C10-darpa-optc-sysclient0351-0925,C10-darpa-optc-sysclient0351-0925|discriminative|m040|23,discriminative,0.4,23,C10-darpa-optc-sysclient0351-0925|discriminative|m040|23|d0|root,0,,11.0,3,2,3.0,C10-AA-003>C10-AA-004,3.0,C10-AA-003>C10-AA-004,C10-AA-003>C10-AA-004,target_reached,0,zero,1,1,0,0,0.0,0.0,1,1
C10-darpa-optc-sysclient0351-0925,C10-darpa-optc-sysclient0351-0925|discriminative|m040|23,discriminative,0.4,23,C10-darpa-optc-sysclient0351-0925|discriminative|m040|23|d1|C10-AA-001,1,C10-AA-001,10.0,3,2,3.0,C10-AA-003>C10-AA-004,3.0,C10-AA-003>C10-AA-004,C10-AA-003>C10-AA-004,target_reached,0,zero,1,1,0,0,0.0,0.0,1,1
C10-darpa-optc-sysclient0351-0925,C10-darpa-optc-sysclient0351-0925|discriminative|m040|23,discriminative,0.4,23,C10-darpa-optc-sysclient0351-0925|discriminative|m040|23|d1|C10-AA-002,1,C10-AA-002,9.0,3,2,3.0,C10-AA-003>C10-AA-004,3.0,C10-AA-003>C10-AA-004,C10-AA-003>C10-AA-004,target_reached,0,zero,1,1,0,0,0.0,0.0,1,1
C10-darpa-optc-sysclient0351-0925,C10-darpa-optc-sysclient0351-0925|discriminative|m040|23,discriminative,0.4,23,C10-darpa-optc-sysclient0351-0925|discriminative|m040|23|d1|C10-AA-003,1,C10-AA-003,10.0,4,1,2.0,C10-AA-004,2.0,C10-AA-004,C10-AA-004,target_reached,0,zero,1,1,0,0,0.0,0.0,1,1
C10-darpa-optc-sysclient0351-0925,C10-darpa-optc-sysclient0351-0925|discriminative|m040|23,discriminative,0.4,23,C10-darpa-optc-sysclient0351-0925|discriminative|m040|23|d1|C10-AA-004,1,C10-AA-004,9.0,4,1,1.0,C10-AA-003,1.0,C10-AA-003,C10-AA-003,target_reached,0,zero,1,1,0,0,0.0,0.0,1,1
C10-darpa-optc-sysclient0351-0925,C10-darpa-optc-sysclient0351-0925|discriminative|m040|23,discriminative,0.4,23,C10-darpa-optc-sysclient0351-0925|discriminative|m040|23|d1|C10-AA-005,1,C10-AA-005,9.0,3,2,3.0,C10-AA-003>C10-AA-004,3.0,C10-AA-003>C10-AA-004,C10-AA-003>C10-AA-004,target_reached,0,zero,1,1,0,0,0.0,0.0,1,1
C10-darpa-optc-sysclient0351-0925,C10-darpa-optc-sysclient0351-0925|discriminative|m040|23,discriminative,0.4,23,C10-darpa-optc-sysclient0351-0925|discriminative|m040|23|d2|C10-AA-001>C10-AA-002,2,C10-AA-001>C10-AA-002,8.0,3,2,3.0,C10-AA-003>C10-AA-004,3.0,C10-AA-003>C10-AA-004,C10-AA-003>C10-AA-004,target_reached,0,zero,1,1,0,0,0.0,0.0,1,1
C10-darpa-optc-sysclient0351-0925,C10-darpa-optc-sysclient0351-0925|discriminative|m040|23,discriminative,0.4,23,C10-darpa-optc-sysclient0351-0925|discriminative|m040|23|d2|C10-AA-001>C10-AA-003,2,C10-AA-001>C10-AA-003,9.0,4,1,2.0,C10-AA-004,2.0,C10-AA-004,C10-AA-004,target_reached,0,zero,1,1,0,0,0.0,0.0,1,1
C10-darpa-optc-sysclient0351-0925,C10-darpa-optc-sysclient0351-0925|discriminative|m040|23,discriminative,0.4,23,C10-darpa-optc-sysclient0351-0925|discriminative|m040|23|d2|C10-AA-001>C10-AA-004,2,C10-AA-001>C10-AA-004,8.0,4,1,1.0,C10-AA-003,1.0,C10-AA-003,C10-AA-003,target_reached,0,zero,1,1,0,0,0.0,0.0,1,1
C10-darpa-optc-sysclient0351-0925,C10-darpa-optc-sysclient0351-0925|discriminative|m040|23,discriminative,0.4,23,C10-darpa-optc-sysclient0351-0925|discriminative|m040|23|d2|C10-AA-001>C10-AA-005,2,C10-AA-001>C10-AA-005,8.0,3,2,3.0,C10-AA-003>C10-AA-004,3.0,C10-AA-003>C10-AA-004,C10-AA-003>C10-AA-004,target_reached,0,zero,1,1,0,0,0.0,0.0,1,1
C10-darpa-optc-sysclient0351-0925,C10-darpa-optc-sysclient0351-0925|discriminative|m040|23,discriminative,0.4,23,C10-darpa-optc-sysclient0351-0925|discriminative|m040|23|d2|C10-AA-002>C10-AA-003,2,C10-AA-002>C10-AA-003,8.0,4,1,2.0,C10-AA-004,2.0,C10-AA-004,C10-AA-004,target_reached,0,zero,1,1,0,0,0.0,0.0,1,1
C10-darpa-optc-sysclient0351-0925,C10-darpa-optc-sysclient0351-0925|discriminative|m040|23,discriminative,0.4,23,C10-darpa-optc-sysclient0351-0925|discriminative|m040|23|d2|C10-AA-002>C10-AA-004,2,C10-AA-002>C10-AA-004,7.0,4,1,1.0,C10-AA-003,1.0,C10-AA-003,C10-AA-003,target_reached,0,zero,1,1,0,0,0.0,0.0,1,1
C10-darpa-optc-sysclient0351-0925,C10-darpa-optc-sysclient0351-0925|discriminative|m040|23,discriminative,0.4,23,C10-darpa-optc-sysclient0351-0925|discriminative|m040|23|d2|C10-AA-002>C10-AA-005,2,C10-AA-002>C10-AA-005,7.0,3,2,3.0,C10-AA-003>C10-AA-004,3.0,C10-AA-003>C10-AA-004,C10-AA-003>C10-AA-004,target_reached,0,zero,1,1,0,0,0.0,0.0,1,1
C10-darpa-optc-sysclient0351-0925,C10-darpa-optc-sysclient0351-0925|discriminative|m040|23,discriminative,0.4,23,C10-darpa-optc-sysclient0351-0925|discriminative|m040|23|d2|C10-AA-003>C10-AA-005,2,C10-AA-003>C10-AA-005,8.0,4,1,2.0,C10-AA-004,2.0,C10-AA-004,C10-AA-004,target_reached,0,zero,1,1,0,0,0.0,0.0,1,1
C10-darpa-optc-sysclient0351-0925,C10-darpa-optc-sysclient0351-0925|discriminative|m040|23,discriminative,0.4,23,C10-darpa-optc-sysclient0351-0925|discriminative|m040|23|d2|C10-AA-004>C10-AA-005,2,C10-AA-004>C10-AA-005,7.0,4,1,1.0,C10-AA-003,1.0,C10-AA-003,C10-AA-003,target_reached,0,zero,1,1,0,0,0.0,0.0,1,1
C10-darpa-optc-sysclient0351-0925,C10-darpa-optc-sysclient0351-0925|discriminative|m040|37,discriminative,0.4,37,C10-darpa-optc-sysclient0351-0925|discriminative|m040|37|d0|root,0,,11.0,3,2,3.0,C10-AA-003>C10-AA-004,3.0,C10-AA-003>C10-AA-004,C10-AA-003>C10-AA-004,target_reached,0,zero,1,1,0,0,0.0,0.0,1,1
C10-darpa-optc-sysclient0351-0925,C10-darpa-optc-sysclient0351-0925|discriminative|m040|37,discriminative,0.4,37,C10-darpa-optc-sysclient0351-0925|discriminative|m040|37|d1|C10-AA-001,1,C10-AA-001,10.0,3,2,3.0,C10-AA-003>C10-AA-004,3.0,C10-AA-003>C10-AA-004,C10-AA-003>C10-AA-004,target_reached,0,zero,1,1,0,0,0.0,0.0,1,1
C10-darpa-optc-sysclient0351-0925,C10-darpa-optc-sysclient0351-0925|discriminative|m040|37,discriminative,0.4,37,C10-darpa-optc-sysclient0351-0925|discriminative|m040|37|d1|C10-AA-002,1,C10-AA-002,9.0,3,2,3.0,C10-AA-003>C10-AA-004,3.0,C10-AA-003>C10-AA-004,C10-AA-003>C10-AA-004,target_reached,0,zero,1,1,0,0,0.0,0.0,1,1
C10-darpa-optc-sysclient0351-0925,C10-darpa-optc-sysclient0351-0925|discriminative|m040|37,discriminative,0.4,37,C10-darpa-optc-sysclient0351-0925|discriminative|m040|37|d1|C10-AA-003,1,C10-AA-003,10.0,4,1,2.0,C10-AA-004,2.0,C10-AA-004,C10-AA-004,target_reached,0,zero,1,1,0,0,0.0,0.0,1,1
C10-darpa-optc-sysclient0351-0925,C10-darpa-optc-sysclient0351-0925|discriminative|m040|37,discriminative,0.4,37,C10-darpa-optc-sysclient0351-0925|discriminative|m040|37|d1|C10-AA-004,1,C10-AA-004,9.0,4,1,1.0,C10-AA-003,1.0,C10-AA-003,C10-AA-003,target_reached,0,zero,1,1,0,0,0.0,0.0,1,1
C10-darpa-optc-sysclient0351-0925,C10-darpa-optc-sysclient0351-0925|discriminative|m040|37,discriminative,0.4,37,C10-darpa-optc-sysclient0351-0925|discriminative|m040|37|d1|C10-AA-005,1,C10-AA-005,9.0,3,2,3.0,C10-AA-003>C10-AA-004,3.0,C10-AA-003>C10-AA-004,C10-AA-003>C10-AA-004,target_reached,0,zero,1,1,0,0,0.0,0.0,1,1
C10-darpa-optc-sysclient0351-0925,C10-darpa-optc-sysclient0351-0925|discriminative|m040|37,discriminative,0.4,37,C10-darpa-optc-sysclient0351-0925|discriminative|m040|37|d2|C10-AA-001>C10-AA-002,2,C10-AA-001>C10-AA-002,8.0,3,2,3.0,C10-AA-003>C10-AA-004,3.0,C10-AA-003>C10-AA-004,C10-AA-003>C10-AA-004,target_reached,0,zero,1,1,0,0,0.0,0.0,1,1
C10-darpa-optc-sysclient0351-0925,C10-darpa-optc-sysclient0351-0925|discriminative|m040|37,discriminative,0.4,37,C10-darpa-optc-sysclient0351-0925|discriminative|m040|37|d2|C10-AA-001>C10-AA-003,2,C10-AA-001>C10-AA-003,9.0,4,1,2.0,C10-AA-004,2.0,C10-AA-004,C10-AA-004,target_reached,0,zero,1,1,0,0,0.0,0.0,1,1
C10-darpa-optc-sysclient0351-0925,C10-darpa-optc-sysclient0351-0925|discriminative|m040|37,discriminative,0.4,37,C10-darpa-optc-sysclient0351-0925|discriminative|m040|37|d2|C10-AA-001>C10-AA-004,2,C10-AA-001>C10-AA-004,8.0,4,1,1.0,C10-AA-003,1.0,C10-AA-003,C10-AA-003,target_reached,0,zero,1,1,0,0,0.0,0.0,1,1
C10-darpa-optc-sysclient0351-0925,C10-darpa-optc-sysclient0351-0925|discriminative|m040|37,discriminative,0.4,37,C10-darpa-optc-sysclient0351-0925|discriminative|m040|37|d2|C10-AA-001>C10-AA-005,2,C10-AA-001>C10-AA-005,8.0,3,2,3.0,C10-AA-003>C10-AA-004,3.0,C10-AA-003>C10-AA-004,C10-AA-003>C10-AA-004,target_reached,0,zero,1,1,0,0,0.0,0.0,1,1
C10-darpa-optc-sysclient0351-0925,C10-darpa-optc-sysclient0351-0925|discriminative|m040|37,discriminative,0.4,37,C10-darpa-optc-sysclient0351-0925|discriminative|m040|37|d2|C10-AA-002>C10-AA-003,2,C10-AA-002>C10-AA-003,8.0,4,1,2.0,C10-AA-004,2.0,C10-AA-004,C10-AA-004,target_reached,0,zero,1,1,0,0,0.0,0.0,1,1
C10-darpa-optc-sysclient0351-0925,C10-darpa-optc-sysclient0351-0925|discriminative|m040|37,discriminative,0.4,37,C10-darpa-optc-sysclient0351-0925|discriminative|m040|37|d2|C10-AA-002>C10-AA-004,2,C10-AA-002>C10-AA-004,7.0,4,1,1.0,C10-AA-003,1.0,C10-AA-003,C10-AA-003,target_reached,0,zero,1,1,0,0,0.0,0.0,1,1
C10-darpa-optc-sysclient0351-0925,C10-darpa-optc-sysclient0351-0925|discriminative|m040|37,discriminative,0.4,37,C10-darpa-optc-sysclient0351-0925|discriminative|m040|37|d2|C10-AA-002>C10-AA-005,2,C10-AA-002>C10-AA-005,7.0,3,2,3.0,C10-AA-003>C10-AA-004,3.0,C10-AA-003>C10-AA-004,C10-AA-003>C10-AA-004,target_reached,0,zero,1,1,0,0,0.0,0.0,1,1
C10-darpa-optc-sysclient0351-0925,C10-darpa-optc-sysclient0351-0925|discriminative|m040|37,discriminative,0.4,37,C10-darpa-optc-sysclient0351-0925|discriminative|m040|37|d2|C10-AA-003>C10-AA-005,2,C10-AA-003>C10-AA-005,8.0,4,1,2.0,C10-AA-004,2.0,C10-AA-004,C10-AA-004,target_reached,0,zero,1,1,0,0,0.0,0.0,1,1
C10-darpa-optc-sysclient0351-0925,C10-darpa-optc-sysclient0351-0925|discriminative|m040|37,discriminative,0.4,37,C10-darpa-optc-sysclient0351-0925|discriminative|m040|37|d2|C10-AA-004>C10-AA-005,2,C10-AA-004>C10-AA-005,7.0,4,1,1.0,C10-AA-003,1.0,C10-AA-003,C10-AA-003,target_reached,0,zero,1,1,0,0,0.0,0.0,1,1
C10-darpa-optc-sysclient0351-0925,C10-darpa-optc-sysclient0351-0925|discriminative|m040|41,discriminative,0.4,41,C10-darpa-optc-sysclient0351-0925|discriminative|m040|41|d0|root,0,,11.0,3,2,3.0,C10-AA-003>C10-AA-004,3.0,C10-AA-003>C10-AA-004,C10-AA-003>C10-AA-004,target_reached,0,zero,1,1,0,0,0.0,0.0,1,1
C10-darpa-optc-sysclient0351-0925,C10-darpa-optc-sysclient0351-0925|discriminative|m040|41,discriminative,0.4,41,C10-darpa-optc-sysclient0351-0925|discriminative|m040|41|d1|C10-AA-001,1,C10-AA-001,10.0,3,2,3.0,C10-AA-003>C10-AA-004,3.0,C10-AA-003>C10-AA-004,C10-AA-003>C10-AA-004,target_reached,0,zero,1,1,0,0,0.0,0.0,1,1
C10-darpa-optc-sysclient0351-0925,C10-darpa-optc-sysclient0351-0925|discriminative|m040|41,discriminative,0.4,41,C10-darpa-optc-sysclient0351-0925|discriminative|m040|41|d1|C10-AA-002,1,C10-AA-002,9.0,3,2,3.0,C10-AA-003>C10-AA-004,3.0,C10-AA-003>C10-AA-004,C10-AA-003>C10-AA-004,target_reached,0,zero,1,1,0,0,0.0,0.0,1,1
C10-darpa-optc-sysclient0351-0925,C10-darpa-optc-sysclient0351-0925|discriminative|m040|41,discriminative,0.4,41,C10-darpa-optc-sysclient0351-0925|discriminative|m040|41|d1|C10-AA-003,1,C10-AA-003,10.0,4,1,2.0,C10-AA-004,2.0,C10-AA-004,C10-AA-004,target_reached,0,zero,1,1,0,0,0.0,0.0,1,1
C10-darpa-optc-sysclient0351-0925,C10-darpa-optc-sysclient0351-0925|discriminative|m040|41,discriminative,0.4,41,C10-darpa-optc-sysclient0351-0925|discriminative|m040|41|d1|C10-AA-004,1,C10-AA-004,9.0,4,1,1.0,C10-AA-003,1.0,C10-AA-003,C10-AA-003,target_reached,0,zero,1,1,0,0,0.0,0.0,1,1
C10-darpa-optc-sysclient0351-0925,C10-darpa-optc-sysclient0351-0925|discriminative|m040|41,discriminative,0.4,41,C10-darpa-optc-sysclient0351-0925|discriminative|m040|41|d1|C10-AA-005,1,C10-AA-005,9.0,3,2,3.0,C10-AA-003>C10-AA-004,3.0,C10-AA-003>C10-AA-004,C10-AA-003>C10-AA-004,target_reached,0,zero,1,1,0,0,0.0,0.0,1,1
C10-darpa-optc-sysclient0351-0925,C10-darpa-optc-sysclient0351-0925|discriminative|m040|41,discriminative,0.4,41,C10-darpa-optc-sysclient0351-0925|discriminative|m040|41|d2|C10-AA-001>C10-AA-002,2,C10-AA-001>C10-AA-002,8.0,3,2,3.0,C10-AA-003>C10-AA-004,3.0,C10-AA-003>C10-AA-004,C10-AA-003>C10-AA-004,target_reached,0,zero,1,1,0,0,0.0,0.0,1,1
C10-darpa-optc-sysclient0351-0925,C10-darpa-optc-sysclient0351-0925|discriminative|m040|41,discriminative,0.4,41,C10-darpa-optc-sysclient0351-0925|discriminative|m040|41|d2|C10-AA-001>C10-AA-003,2,C10-AA-001>C10-AA-003,9.0,4,1,2.0,C10-AA-004,2.0,C10-AA-004,C10-AA-004,target_reached,0,zero,1,1,0,0,0.0,0.0,1,1
C10-darpa-optc-sysclient0351-0925,C10-darpa-optc-sysclient0351-0925|discriminative|m040|41,discriminative,0.4,41,C10-darpa-optc-sysclient0351-0925|discriminative|m040|41|d2|C10-AA-001>C10-AA-004,2,C10-AA-001>C10-AA-004,8.0,4,1,1.0,C10-AA-003,1.0,C10-AA-003,C10-AA-003,target_reached,0,zero,1,1,0,0,0.0,0.0,1,1
C10-darpa-optc-sysclient0351-0925,C10-darpa-optc-sysclient0351-0925|discriminative|m040|41,discriminative,0.4,41,C10-darpa-optc-sysclient0351-0925|discriminative|m040|41|d2|C10-AA-001>C10-AA-005,2,C10-AA-001>C10-AA-005,8.0,3,2,3.0,C10-AA-003>C10-AA-004,3.0,C10-AA-003>C10-AA-004,C10-AA-003>C10-AA-004,target_reached,0,zero,1,1,0,0,0.0,0.0,1,1
C10-darpa-optc-sysclient0351-0925,C10-darpa-optc-sysclient0351-0925|discriminative|m040|41,discriminative,0.4,41,C10-darpa-optc-sysclient0351-0925|discriminative|m040|41|d2|C10-AA-002>C10-AA-003,2,C10-AA-002>C10-AA-003,8.0,4,1,2.0,C10-AA-004,2.0,C10-AA-004,C10-AA-004,target_reached,0,zero,1,1,0,0,0.0,0.0,1,1
C10-darpa-optc-sysclient0351-0925,C10-darpa-optc-sysclient0351-0925|discriminative|m040|41,discriminative,0.4,41,C10-darpa-optc-sysclient0351-0925|discriminative|m040|41|d2|C10-AA-002>C10-AA-004,2,C10-AA-002>C10-AA-004,7.0,4,1,1.0,C10-AA-003,1.0,C10-AA-003,C10-AA-003,target_reached,0,zero,1,1,0,0,0.0,0.0,1,1
C10-darpa-optc-sysclient0351-0925,C10-darpa-optc-sysclient0351-0925|discriminative|m040|41,discriminative,0.4,41,C10-darpa-optc-sysclient0351-0925|discriminative|m040|41|d2|C10-AA-002>C10-AA-005,2,C10-AA-002>C10-AA-005,7.0,3,2,3.0,C10-AA-003>C10-AA-004,3.0,C10-AA-003>C10-AA-004,C10-AA-003>C10-AA-004,target_reached,0,zero,1,1,0,0,0.0,0.0,1,1
C10-darpa-optc-sysclient0351-0925,C10-darpa-optc-sysclient0351-0925|discriminative|m040|41,discriminative,0.4,41,C10-darpa-optc-sysclient0351-0925|discriminative|m040|41|d2|C10-AA-003>C10-AA-005,2,C10-AA-003>C10-AA-005,8.0,4,1,2.0,C10-AA-004,2.0,C10-AA-004,C10-AA-004,target_reached,0,zero,1,1,0,0,0.0,0.0,1,1
C10-darpa-optc-sysclient0351-0925,C10-darpa-optc-sysclient0351-0925|discriminative|m040|41,discriminative,0.4,41,C10-darpa-optc-sysclient0351-0925|discriminative|m040|41|d2|C10-AA-004>C10-AA-005,2,C10-AA-004>C10-AA-005,7.0,4,1,1.0,C10-AA-003,1.0,C10-AA-003,C10-AA-003,target_reached,0,zero,1,1,0,0,0.0,0.0,1,1
C10-darpa-optc-sysclient0351-0925,C10-darpa-optc-sysclient0351-0925|discriminative|m040|53,discriminative,0.4,53,C10-darpa-optc-sysclient0351-0925|discriminative|m040|53|d0|root,0,,11.0,3,2,3.0,C10-AA-003>C10-AA-004,3.0,C10-AA-003>C10-AA-004,C10-AA-003>C10-AA-004,target_reached,0,zero,1,1,0,0,0.0,0.0,1,1
C10-darpa-optc-sysclient0351-0925,C10-darpa-optc-sysclient0351-0925|discriminative|m040|53,discriminative,0.4,53,C10-darpa-optc-sysclient0351-0925|discriminative|m040|53|d1|C10-AA-001,1,C10-AA-001,10.0,3,2,3.0,C10-AA-003>C10-AA-004,3.0,C10-AA-003>C10-AA-004,C10-AA-003>C10-AA-004,target_reached,0,zero,1,1,0,0,0.0,0.0,1,1
C10-darpa-optc-sysclient0351-0925,C10-darpa-optc-sysclient0351-0925|discriminative|m040|53,discriminative,0.4,53,C10-darpa-optc-sysclient0351-0925|discriminative|m040|53|d1|C10-AA-002,1,C10-AA-002,9.0,3,2,3.0,C10-AA-003>C10-AA-004,3.0,C10-AA-003>C10-AA-004,C10-AA-003>C10-AA-004,target_reached,0,zero,1,1,0,0,0.0,0.0,1,1
C10-darpa-optc-sysclient0351-0925,C10-darpa-optc-sysclient0351-0925|discriminative|m040|53,discriminative,0.4,53,C10-darpa-optc-sysclient0351-0925|discriminative|m040|53|d1|C10-AA-003,1,C10-AA-003,10.0,4,1,2.0,C10-AA-004,2.0,C10-AA-004,C10-AA-004,target_reached,0,zero,1,1,0,0,0.0,0.0,1,1
C10-darpa-optc-sysclient0351-0925,C10-darpa-optc-sysclient0351-0925|discriminative|m040|53,discriminative,0.4,53,C10-darpa-optc-sysclient0351-0925|discriminative|m040|53|d1|C10-AA-004,1,C10-AA-004,9.0,4,1,1.0,C10-AA-003,1.0,C10-AA-003,C10-AA-003,target_reached,0,zero,1,1,0,0,0.0,0.0,1,1
C10-darpa-optc-sysclient0351-0925,C10-darpa-optc-sysclient0351-0925|discriminative|m040|53,discriminative,0.4,53,C10-darpa-optc-sysclient0351-0925|discriminative|m040|53|d1|C10-AA-005,1,C10-AA-005,9.0,3,2,3.0,C10-AA-003>C10-AA-004,3.0,C10-AA-003>C10-AA-004,C10-AA-003>C10-AA-004,target_reached,0,zero,1,1,0,0,0.0,0.0,1,1
C10-darpa-optc-sysclient0351-0925,C10-darpa-optc-sysclient0351-0925|discriminative|m040|53,discriminative,0.4,53,C10-darpa-optc-sysclient0351-0925|discriminative|m040|53|d2|C10-AA-001>C10-AA-002,2,C10-AA-001>C10-AA-002,8.0,3,2,3.0,C10-AA-003>C10-AA-004,3.0,C10-AA-003>C10-AA-004,C10-AA-003>C10-AA-004,target_reached,0,zero,1,1,0,0,0.0,0.0,1,1
C10-darpa-optc-sysclient0351-0925,C10-darpa-optc-sysclient0351-0925|discriminative|m040|53,discriminative,0.4,53,C10-darpa-optc-sysclient0351-0925|discriminative|m040|53|d2|C10-AA-001>C10-AA-003,2,C10-AA-001>C10-AA-003,9.0,4,1,2.0,C10-AA-004,2.0,C10-AA-004,C10-AA-004,target_reached,0,zero,1,1,0,0,0.0,0.0,1,1
C10-darpa-optc-sysclient0351-0925,C10-darpa-optc-sysclient0351-0925|discriminative|m040|53,discriminative,0.4,53,C10-darpa-optc-sysclient0351-0925|discriminative|m040|53|d2|C10-AA-001>C10-AA-004,2,C10-AA-001>C10-AA-004,8.0,4,1,1.0,C10-AA-003,1.0,C10-AA-003,C10-AA-003,target_reached,0,zero,1,1,0,0,0.0,0.0,1,1
C10-darpa-optc-sysclient0351-0925,C10-darpa-optc-sysclient0351-0925|discriminative|m040|53,discriminative,0.4,53,C10-darpa-optc-sysclient0351-0925|discriminative|m040|53|d2|C10-AA-001>C10-AA-005,2,C10-AA-001>C10-AA-005,8.0,3,2,3.0,C10-AA-003>C10-AA-004,3.0,C10-AA-003>C10-AA-004,C10-AA-003>C10-AA-004,target_reached,0,zero,1,1,0,0,0.0,0.0,1,1
C10-darpa-optc-sysclient0351-0925,C10-darpa-optc-sysclient0351-0925|discriminative|m040|53,discriminative,0.4,53,C10-darpa-optc-sysclient0351-0925|discriminative|m040|53|d2|C10-AA-002>C10-AA-003,2,C10-AA-002>C10-AA-003,8.0,4,1,2.0,C10-AA-004,2.0,C10-AA-004,C10-AA-004,target_reached,0,zero,1,1,0,0,0.0,0.0,1,1
C10-darpa-optc-sysclient0351-0925,C10-darpa-optc-sysclient0351-0925|discriminative|m040|53,discriminative,0.4,53,C10-darpa-optc-sysclient0351-0925|discriminative|m040|53|d2|C10-AA-002>C10-AA-004,2,C10-AA-002>C10-AA-004,7.0,4,1,1.0,C10-AA-003,1.0,C10-AA-003,C10-AA-003,target_reached,0,zero,1,1,0,0,0.0,0.0,1,1
C10-darpa-optc-sysclient0351-0925,C10-darpa-optc-sysclient0351-0925|discriminative|m040|53,discriminative,0.4,53,C10-darpa-optc-sysclient0351-0925|discriminative|m040|53|d2|C10-AA-002>C10-AA-005,2,C10-AA-002>C10-AA-005,7.0,3,2,3.0,C10-AA-003>C10-AA-004,3.0,C10-AA-003>C10-AA-004,C10-AA-003>C10-AA-004,target_reached,0,zero,1,1,0,0,0.0,0.0,1,1
C10-darpa-optc-sysclient0351-0925,C10-darpa-optc-sysclient0351-0925|discriminative|m040|53,discriminative,0.4,53,C10-darpa-optc-sysclient0351-0925|discriminative|m040|53|d2|C10-AA-003>C10-AA-005,2,C10-AA-003>C10-AA-005,8.0,4,1,2.0,C10-AA-004,2.0,C10-AA-004,C10-AA-004,target_reached,0,zero,1,1,0,0,0.0,0.0,1,1
C10-darpa-optc-sysclient0351-0925,C10-darpa-optc-sysclient0351-0925|discriminative|m040|53,discriminative,0.4,53,C10-darpa-optc-sysclient0351-0925|discriminative|m040|53|d2|C10-AA-004>C10-AA-005,2,C10-AA-004>C10-AA-005,7.0,4,1,1.0,C10-AA-003,1.0,C10-AA-003,C10-AA-003,target_reached,0,zero,1,1,0,0,0.0,0.0,1,1
C10-darpa-optc-sysclient0351-0925,C10-darpa-optc-sysclient0351-0925|discriminative|m060|11,discriminative,0.6,11,C10-darpa-optc-sysclient0351-0925|discriminative|m060|11|d0|root,0,,11.0,2,3,4.0,C10-AA-001>C10-AA-003>C10-AA-004,5.0,C10-AA-003>C10-AA-004>C10-AA-002,C10-AA-003>C10-AA-004>C10-AA-002,target_reached,0,positive,1,1,0,0,1.0,0.25,0,0
C10-darpa-optc-sysclient0351-0925,C10-darpa-optc-sysclient0351-0925|discriminative|m060|11,discriminative,0.6,11,C10-darpa-optc-sysclient0351-0925|discriminative|m060|11|d1|C10-AA-001,1,C10-AA-001,10.0,3,2,3.0,C10-AA-003>C10-AA-004,3.0,C10-AA-003>C10-AA-004,C10-AA-003>C10-AA-004,target_reached,0,zero,1,1,0,0,0.0,0.0,1,1
C10-darpa-optc-sysclient0351-0925,C10-darpa-optc-sysclient0351-0925|discriminative|m060|11,discriminative,0.6,11,C10-darpa-optc-sysclient0351-0925|discriminative|m060|11|d1|C10-AA-002,1,C10-AA-002,9.0,3,2,3.0,C10-AA-003>C10-AA-004,3.0,C10-AA-003>C10-AA-004,C10-AA-003>C10-AA-004,target_reached,0,zero,1,1,0,0,0.0,0.0,1,1
C10-darpa-optc-sysclient0351-0925,C10-darpa-optc-sysclient0351-0925|discriminative|m060|11,discriminative,0.6,11,C10-darpa-optc-sysclient0351-0925|discriminative|m060|11|d1|C10-AA-003,1,C10-AA-003,10.0,3,2,3.0,C10-AA-001>C10-AA-004,4.0,C10-AA-004>C10-AA-002,C10-AA-004>C10-AA-002,target_reached,0,positive,1,1,0,0,1.0,0.3333333333333333,0,0
C10-darpa-optc-sysclient0351-0925,C10-darpa-optc-sysclient0351-0925|discriminative|m060|11,discriminative,0.6,11,C10-darpa-optc-sysclient0351-0925|discriminative|m060|11|d1|C10-AA-004,1,C10-AA-004,9.0,3,2,2.0,C10-AA-001>C10-AA-003,3.0,C10-AA-003>C10-AA-002,C10-AA-003>C10-AA-002,target_reached,0,positive,1,1,0,0,1.0,0.5,0,0
C10-darpa-optc-sysclient0351-0925,C10-darpa-optc-sysclient0351-0925|discriminative|m060|11,discriminative,0.6,11,C10-darpa-optc-sysclient0351-0925|discriminative|m060|11|d1|C10-AA-005,1,C10-AA-005,9.0,2,3,4.0,C10-AA-001>C10-AA-003>C10-AA-004,5.0,C10-AA-003>C10-AA-004>C10-AA-002,C10-AA-003>C10-AA-004>C10-AA-002,target_reached,0,positive,1,1,0,0,1.0,0.25,0,0
C10-darpa-optc-sysclient0351-0925,C10-darpa-optc-sysclient0351-0925|discriminative|m060|11,discriminative,0.6,11,C10-darpa-optc-sysclient0351-0925|discriminative|m060|11|d2|C10-AA-001>C10-AA-002,2,C10-AA-001>C10-AA-002,8.0,3,2,3.0,C10-AA-003>C10-AA-004,3.0,C10-AA-003>C10-AA-004,C10-AA-003>C10-AA-004,target_reached,0,zero,1,1,0,0,0.0,0.0,1,1
C10-darpa-optc-sysclient0351-0925,C10-darpa-optc-sysclient0351-0925|discriminative|m060|11,discriminative,0.6,11,C10-darpa-optc-sysclient0351-0925|discriminative|m060|11|d2|C10-AA-001>C10-AA-003,2,C10-AA-001>C10-AA-003,9.0,4,1,2.0,C10-AA-004,2.0,C10-AA-004,C10-AA-004,target_reached,0,zero,1,1,0,0,0.0,0.0,1,1
C10-darpa-optc-sysclient0351-0925,C10-darpa-optc-sysclient0351-0925|discriminative|m060|11,discriminative,0.6,11,C10-darpa-optc-sysclient0351-0925|discriminative|m060|11|d2|C10-AA-001>C10-AA-004,2,C10-AA-001>C10-AA-004,8.0,4,1,1.0,C10-AA-003,1.0,C10-AA-003,C10-AA-003,target_reached,0,zero,1,1,0,0,0.0,0.0,1,1
C10-darpa-optc-sysclient0351-0925,C10-darpa-optc-sysclient0351-0925|discriminative|m060|11,discriminative,0.6,11,C10-darpa-optc-sysclient0351-0925|discriminative|m060|11|d2|C10-AA-001>C10-AA-005,2,C10-AA-001>C10-AA-005,8.0,3,2,3.0,C10-AA-003>C10-AA-004,3.0,C10-AA-003>C10-AA-004,C10-AA-003>C10-AA-004,target_reached,0,zero,1,1,0,0,0.0,0.0,1,1
C10-darpa-optc-sysclient0351-0925,C10-darpa-optc-sysclient0351-0925|discriminative|m060|11,discriminative,0.6,11,C10-darpa-optc-sysclient0351-0925|discriminative|m060|11|d2|C10-AA-002>C10-AA-001,2,C10-AA-002>C10-AA-001,8.0,3,2,3.0,C10-AA-003>C10-AA-004,3.0,C10-AA-003>C10-AA-004,C10-AA-003>C10-AA-004,target_reached,0,zero,1,1,0,0,0.0,0.0,1,1
C10-darpa-optc-sysclient0351-0925,C10-darpa-optc-sysclient0351-0925|discriminative|m060|11,discriminative,0.6,11,C10-darpa-optc-sysclient0351-0925|discriminative|m060|11|d2|C10-AA-002>C10-AA-003,2,C10-AA-002>C10-AA-003,8.0,4,1,2.0,C10-AA-004,2.0,C10-AA-004,C10-AA-004,target_reached,0,zero,1,1,0,0,0.0,0.0,1,1
C10-darpa-optc-sysclient0351-0925,C10-darpa-optc-sysclient0351-0925|discriminative|m060|11,discriminative,0.6,11,C10-darpa-optc-sysclient0351-0925|discriminative|m060|11|d2|C10-AA-002>C10-AA-004,2,C10-AA-002>C10-AA-004,7.0,4,1,1.0,C10-AA-003,1.0,C10-AA-003,C10-AA-003,target_reached,0,zero,1,1,0,0,0.0,0.0,1,1
C10-darpa-optc-sysclient0351-0925,C10-darpa-optc-sysclient0351-0925|discriminative|m060|11,discriminative,0.6,11,C10-darpa-optc-sysclient0351-0925|discriminative|m060|11|d2|C10-AA-002>C10-AA-005,2,C10-AA-002>C10-AA-005,7.0,3,2,3.0,C10-AA-003>C10-AA-004,3.0,C10-AA-003>C10-AA-004,C10-AA-003>C10-AA-004,target_reached,0,zero,1,1,0,0,0.0,0.0,1,1
C10-darpa-optc-sysclient0351-0925,C10-darpa-optc-sysclient0351-0925|discriminative|m060|11,discriminative,0.6,11,C10-darpa-optc-sysclient0351-0925|discriminative|m060|11|d2|C10-AA-003>C10-AA-004,2,C10-AA-003>C10-AA-004,8.0,4,1,1.0,C10-AA-001,2.0,C10-AA-002,C10-AA-002,target_reached,0,positive,1,1,0,0,1.0,1.0,0,0
C10-darpa-optc-sysclient0351-0925,C10-darpa-optc-sysclient0351-0925|discriminative|m060|11,discriminative,0.6,11,C10-darpa-optc-sysclient0351-0925|discriminative|m060|11|d2|C10-AA-003>C10-AA-005,2,C10-AA-003>C10-AA-005,8.0,3,2,3.0,C10-AA-001>C10-AA-004,4.0,C10-AA-004>C10-AA-002,C10-AA-004>C10-AA-002,target_reached,0,positive,1,1,0,0,1.0,0.3333333333333333,0,0
C10-darpa-optc-sysclient0351-0925,C10-darpa-optc-sysclient0351-0925|discriminative|m060|11,discriminative,0.6,11,C10-darpa-optc-sysclient0351-0925|discriminative|m060|11|d2|C10-AA-004>C10-AA-005,2,C10-AA-004>C10-AA-005,7.0,3,2,2.0,C10-AA-001>C10-AA-003,3.0,C10-AA-003>C10-AA-002,C10-AA-003>C10-AA-002,target_reached,0,positive,1,1,0,0,1.0,0.5,0,0
C10-darpa-optc-sysclient0351-0925,C10-darpa-optc-sysclient0351-0925|discriminative|m060|23,discriminative,0.6,23,C10-darpa-optc-sysclient0351-0925|discriminative|m060|23|d0|root,0,,11.0,2,3,5.0,C10-AA-002>C10-AA-003>C10-AA-004,5.0,C10-AA-003>C10-AA-004>C10-AA-002,C10-AA-003>C10-AA-004>C10-AA-002,target_reached,0,zero,1,1,0,0,0.0,0.0,1,0
C10-darpa-optc-sysclient0351-0925,C10-darpa-optc-sysclient0351-0925|discriminative|m060|23,discriminative,0.6,23,C10-darpa-optc-sysclient0351-0925|discriminative|m060|23|d1|C10-AA-001,1,C10-AA-001,10.0,2,3,5.0,C10-AA-002>C10-AA-003>C10-AA-004,5.0,C10-AA-003>C10-AA-004>C10-AA-002,C10-AA-004>C10-AA-004>C10-AA-002,target_reached,1,zero,1,1,0,0,0.0,0.0,1,0
C10-darpa-optc-sysclient0351-0925,C10-darpa-optc-sysclient0351-0925|discriminative|m060|23,discriminative,0.6,23,C10-darpa-optc-sysclient0351-0925|discriminative|m060|23|d1|C10-AA-002,1,C10-AA-002,9.0,3,2,3.0,C10-AA-003>C10-AA-004,3.0,C10-AA-003>C10-AA-004,C10-AA-003>C10-AA-004,target_reached,0,zero,1,1,0,0,0.0,0.0,1,1
C10-darpa-optc-sysclient0351-0925,C10-darpa-optc-sysclient0351-0925|discriminative|m060|23,discriminative,0.6,23,C10-darpa-optc-sysclient0351-0925|discriminative|m060|23|d1|C10-AA-003,1,C10-AA-003,10.0,3,2,4.0,C10-AA-002>C10-AA-004,4.0,C10-AA-004>C10-AA-002,C10-AA-004>C10-AA-002,target_reached,0,zero,1,1,0,0,0.0,0.0,1,0
C10-darpa-optc-sysclient0351-0925,C10-darpa-optc-sysclient0351-0925|discriminative|m060|23,discriminative,0.6,23,C10-darpa-optc-sysclient0351-0925|discriminative|m060|23|d1|C10-AA-004,1,C10-AA-004,9.0,3,2,3.0,C10-AA-002>C10-AA-003,3.0,C10-AA-003>C10-AA-002,C10-AA-003>C10-AA-002,target_reached,0,zero,1,1,0,0,0.0,0.0,1,0
C10-darpa-optc-sysclient0351-0925,C10-darpa-optc-sysclient0351-0925|discriminative|m060|23,discriminative,0.6,23,C10-darpa-optc-sysclient0351-0925|discriminative|m060|23|d1|C10-AA-005,1,C10-AA-005,9.0,2,3,5.0,C10-AA-002>C10-AA-003>C10-AA-004,5.0,C10-AA-003>C10-AA-004>C10-AA-002,C10-AA-003>C10-AA-004>C10-AA-002,target_reached,0,zero,1,1,0,0,0.0,0.0,1,0
C10-darpa-optc-sysclient0351-0925,C10-darpa-optc-sysclient0351-0925|discriminative|m060|23,discriminative,0.6,23,C10-darpa-optc-sysclient0351-0925|discriminative|m060|23|d2|C10-AA-001>C10-AA-002,2,C10-AA-001>C10-AA-002,8.0,3,2,3.0,C10-AA-003>C10-AA-004,3.0,C10-AA-003>C10-AA-004,C10-AA-003>C10-AA-004,target_reached,0,zero,1,1,0,0,0.0,0.0,1,1
C10-darpa-optc-sysclient0351-0925,C10-darpa-optc-sysclient0351-0925|discriminative|m060|23,discriminative,0.6,23,C10-darpa-optc-sysclient0351-0925|discriminative|m060|23|d2|C10-AA-001>C10-AA-003,2,C10-AA-001>C10-AA-003,9.0,3,2,4.0,C10-AA-002>C10-AA-004,4.0,C10-AA-004>C10-AA-002,C10-AA-004>C10-AA-002,target_reached,0,zero,1,1,0,0,0.0,0.0,1,0
C10-darpa-optc-sysclient0351-0925,C10-darpa-optc-sysclient0351-0925|discriminative|m060|23,discriminative,0.6,23,C10-darpa-optc-sysclient0351-0925|discriminative|m060|23|d2|C10-AA-001>C10-AA-004,2,C10-AA-001>C10-AA-004,8.0,3,2,3.0,C10-AA-002>C10-AA-003,3.0,C10-AA-003>C10-AA-002,C10-AA-003>C10-AA-002,target_reached,0,zero,1,1,0,0,0.0,0.0,1,0
C10-darpa-optc-sysclient0351-0925,C10-darpa-optc-sysclient0351-0925|discriminative|m060|23,discriminative,0.6,23,C10-darpa-optc-sysclient0351-0925|discriminative|m060|23|d2|C10-AA-001>C10-AA-005,2,C10-AA-001>C10-AA-005,8.0,2,3,5.0,C10-AA-002>C10-AA-003>C10-AA-004,5.0,C10-AA-003>C10-AA-004>C10-AA-002,C10-AA-004>C10-AA-004>C10-AA-002,target_reached,1,zero,1,1,0,0,0.0,0.0,1,0
C10-darpa-optc-sysclient0351-0925,C10-darpa-optc-sysclient0351-0925|discriminative|m060|23,discriminative,0.6,23,C10-darpa-optc-sysclient0351-0925|discriminative|m060|23|d2|C10-AA-002>C10-AA-003,2,C10-AA-002>C10-AA-003,8.0,4,1,2.0,C10-AA-004,2.0,C10-AA-004,C10-AA-004,target_reached,0,zero,1,1,0,0,0.0,0.0,1,1
C10-darpa-optc-sysclient0351-0925,C10-darpa-optc-sysclient0351-0925|discriminative|m060|23,discriminative,0.6,23,C10-darpa-optc-sysclient0351-0925|discriminative|m060|23|d2|C10-AA-002>C10-AA-004,2,C10-AA-002>C10-AA-004,7.0,4,1,1.0,C10-AA-003,1.0,C10-AA-003,C10-AA-003,target_reached,0,zero,1,1,0,0,0.0,0.0,1,1
C10-darpa-optc-sysclient0351-0925,C10-darpa-optc-sysclient0351-0925|discriminative|m060|23,discriminative,0.6,23,C10-darpa-optc-sysclient0351-0925|discriminative|m060|23|d2|C10-AA-002>C10-AA-005,2,C10-AA-002>C10-AA-005,7.0,3,2,3.0,C10-AA-003>C10-AA-004,3.0,C10-AA-003>C10-AA-004,C10-AA-003>C10-AA-004,target_reached,0,zero,1,1,0,0,0.0,0.0,1,1
C10-darpa-optc-sysclient0351-0925,C10-darpa-optc-sysclient0351-0925|discriminative|m060|23,discriminative,0.6,23,C10-darpa-optc-sysclient0351-0925|discriminative|m060|23|d2|C10-AA-003>C10-AA-004,2,C10-AA-003>C10-AA-004,8.0,4,1,2.0,C10-AA-002,2.0,C10-AA-002,C10-AA-002,target_reached,0,zero,1,1,0,0,0.0,0.0,1,1
C10-darpa-optc-sysclient0351-0925,C10-darpa-optc-sysclient0351-0925|discriminative|m060|23,discriminative,0.6,23,C10-darpa-optc-sysclient0351-0925|discriminative|m060|23|d2|C10-AA-003>C10-AA-005,2,C10-AA-003>C10-AA-005,8.0,3,2,4.0,C10-AA-002>C10-AA-004,4.0,C10-AA-004>C10-AA-002,C10-AA-004>C10-AA-002,target_reached,0,zero,1,1,0,0,0.0,0.0,1,0
C10-darpa-optc-sysclient0351-0925,C10-darpa-optc-sysclient0351-0925|discriminative|m060|23,discriminative,0.6,23,C10-darpa-optc-sysclient0351-0925|discriminative|m060|23|d2|C10-AA-004>C10-AA-005,2,C10-AA-004>C10-AA-005,7.0,3,2,3.0,C10-AA-002>C10-AA-003,3.0,C10-AA-003>C10-AA-002,C10-AA-003>C10-AA-002,target_reached,0,zero,1,1,0,0,0.0,0.0,1,0
C10-darpa-optc-sysclient0351-0925,C10-darpa-optc-sysclient0351-0925|discriminative|m060|37,discriminative,0.6,37,C10-darpa-optc-sysclient0351-0925|discriminative|m060|37|d0|root,0,,11.0,2,3,4.0,C10-AA-001>C10-AA-003>C10-AA-004,5.0,C10-AA-003>C10-AA-004>C10-AA-002,C10-AA-003>C10-AA-004>C10-AA-002,target_reached,0,positive,1,1,0,0,1.0,0.25,0,0
C10-darpa-optc-sysclient0351-0925,C10-darpa-optc-sysclient0351-0925|discriminative|m060|37,discriminative,0.6,37,C10-darpa-optc-sysclient0351-0925|discriminative|m060|37|d1|C10-AA-001,1,C10-AA-001,10.0,3,2,3.0,C10-AA-003>C10-AA-004,3.0,C10-AA-003>C10-AA-004,C10-AA-003>C10-AA-004,target_reached,0,zero,1,1,0,0,0.0,0.0,1,1
C10-darpa-optc-sysclient0351-0925,C10-darpa-optc-sysclient0351-0925|discriminative|m060|37,discriminative,0.6,37,C10-darpa-optc-sysclient0351-0925|discriminative|m060|37|d1|C10-AA-002,1,C10-AA-002,9.0,3,2,3.0,C10-AA-003>C10-AA-004,3.0,C10-AA-003>C10-AA-004,C10-AA-003>C10-AA-004,target_reached,0,zero,1,1,0,0,0.0,0.0,1,1
C10-darpa-optc-sysclient0351-0925,C10-darpa-optc-sysclient0351-0925|discriminative|m060|37,discriminative,0.6,37,C10-darpa-optc-sysclient0351-0925|discriminative|m060|37|d1|C10-AA-003,1,C10-AA-003,10.0,3,2,3.0,C10-AA-001>C10-AA-004,4.0,C10-AA-004>C10-AA-002,C10-AA-004>C10-AA-002,target_reached,0,positive,1,1,0,0,1.0,0.3333333333333333,0,0
C10-darpa-optc-sysclient0351-0925,C10-darpa-optc-sysclient0351-0925|discriminative|m060|37,discriminative,0.6,37,C10-darpa-optc-sysclient0351-0925|discriminative|m060|37|d1|C10-AA-004,1,C10-AA-004,9.0,3,2,2.0,C10-AA-001>C10-AA-003,3.0,C10-AA-003>C10-AA-002,C10-AA-003>C10-AA-002,target_reached,0,positive,1,1,0,0,1.0,0.5,0,0
C10-darpa-optc-sysclient0351-0925,C10-darpa-optc-sysclient0351-0925|discriminative|m060|37,discriminative,0.6,37,C10-darpa-optc-sysclient0351-0925|discriminative|m060|37|d1|C10-AA-005,1,C10-AA-005,9.0,2,3,4.0,C10-AA-001>C10-AA-003>C10-AA-004,5.0,C10-AA-003>C10-AA-004>C10-AA-002,C10-AA-003>C10-AA-004>C10-AA-002,target_reached,0,positive,1,1,0,0,1.0,0.25,0,0
C10-darpa-optc-sysclient0351-0925,C10-darpa-optc-sysclient0351-0925|discriminative|m060|37,discriminative,0.6,37,C10-darpa-optc-sysclient0351-0925|discriminative|m060|37|d2|C10-AA-001>C10-AA-002,2,C10-AA-001>C10-AA-002,8.0,3,2,3.0,C10-AA-003>C10-AA-004,3.0,C10-AA-003>C10-AA-004,C10-AA-003>C10-AA-004,target_reached,0,zero,1,1,0,0,0.0,0.0,1,1
C10-darpa-optc-sysclient0351-0925,C10-darpa-optc-sysclient0351-0925|discriminative|m060|37,discriminative,0.6,37,C10-darpa-optc-sysclient0351-0925|discriminative|m060|37|d2|C10-AA-001>C10-AA-003,2,C10-AA-001>C10-AA-003,9.0,4,1,2.0,C10-AA-004,2.0,C10-AA-004,C10-AA-004,target_reached,0,zero,1,1,0,0,0.0,0.0,1,1
C10-darpa-optc-sysclient0351-0925,C10-darpa-optc-sysclient0351-0925|discriminative|m060|37,discriminative,0.6,37,C10-darpa-optc-sysclient0351-0925|discriminative|m060|37|d2|C10-AA-001>C10-AA-004,2,C10-AA-001>C10-AA-004,8.0,4,1,1.0,C10-AA-003,1.0,C10-AA-003,C10-AA-003,target_reached,0,zero,1,1,0,0,0.0,0.0,1,1
C10-darpa-optc-sysclient0351-0925,C10-darpa-optc-sysclient0351-0925|discriminative|m060|37,discriminative,0.6,37,C10-darpa-optc-sysclient0351-0925|discriminative|m060|37|d2|C10-AA-001>C10-AA-005,2,C10-AA-001>C10-AA-005,8.0,3,2,3.0,C10-AA-003>C10-AA-004,3.0,C10-AA-003>C10-AA-004,C10-AA-003>C10-AA-004,target_reached,0,zero,1,1,0,0,0.0,0.0,1,1
C10-darpa-optc-sysclient0351-0925,C10-darpa-optc-sysclient0351-0925|discriminative|m060|37,discriminative,0.6,37,C10-darpa-optc-sysclient0351-0925|discriminative|m060|37|d2|C10-AA-002>C10-AA-001,2,C10-AA-002>C10-AA-001,8.0,3,2,3.0,C10-AA-003>C10-AA-004,3.0,C10-AA-003>C10-AA-004,C10-AA-003>C10-AA-004,target_reached,0,zero,1,1,0,0,0.0,0.0,1,1
C10-darpa-optc-sysclient0351-0925,C10-darpa-optc-sysclient0351-0925|discriminative|m060|37,discriminative,0.6,37,C10-darpa-optc-sysclient0351-0925|discriminative|m060|37|d2|C10-AA-002>C10-AA-003,2,C10-AA-002>C10-AA-003,8.0,4,1,2.0,C10-AA-004,2.0,C10-AA-004,C10-AA-004,target_reached,0,zero,1,1,0,0,0.0,0.0,1,1
C10-darpa-optc-sysclient0351-0925,C10-darpa-optc-sysclient0351-0925|discriminative|m060|37,discriminative,0.6,37,C10-darpa-optc-sysclient0351-0925|discriminative|m060|37|d2|C10-AA-002>C10-AA-004,2,C10-AA-002>C10-AA-004,7.0,4,1,1.0,C10-AA-003,1.0,C10-AA-003,C10-AA-003,target_reached,0,zero,1,1,0,0,0.0,0.0,1,1
C10-darpa-optc-sysclient0351-0925,C10-darpa-optc-sysclient0351-0925|discriminative|m060|37,discriminative,0.6,37,C10-darpa-optc-sysclient0351-0925|discriminative|m060|37|d2|C10-AA-002>C10-AA-005,2,C10-AA-002>C10-AA-005,7.0,3,2,3.0,C10-AA-003>C10-AA-004,3.0,C10-AA-003>C10-AA-004,C10-AA-003>C10-AA-004,target_reached,0,zero,1,1,0,0,0.0,0.0,1,1
C10-darpa-optc-sysclient0351-0925,C10-darpa-optc-sysclient0351-0925|discriminative|m060|37,discriminative,0.6,37,C10-darpa-optc-sysclient0351-0925|discriminative|m060|37|d2|C10-AA-003>C10-AA-004,2,C10-AA-003>C10-AA-004,8.0,4,1,1.0,C10-AA-001,2.0,C10-AA-002,C10-AA-002,target_reached,0,positive,1,1,0,0,1.0,1.0,0,0
C10-darpa-optc-sysclient0351-0925,C10-darpa-optc-sysclient0351-0925|discriminative|m060|37,discriminative,0.6,37,C10-darpa-optc-sysclient0351-0925|discriminative|m060|37|d2|C10-AA-003>C10-AA-005,2,C10-AA-003>C10-AA-005,8.0,3,2,3.0,C10-AA-001>C10-AA-004,4.0,C10-AA-004>C10-AA-002,C10-AA-004>C10-AA-002,target_reached,0,positive,1,1,0,0,1.0,0.3333333333333333,0,0
C10-darpa-optc-sysclient0351-0925,C10-darpa-optc-sysclient0351-0925|discriminative|m060|37,discriminative,0.6,37,C10-darpa-optc-sysclient0351-0925|discriminative|m060|37|d2|C10-AA-004>C10-AA-005,2,C10-AA-004>C10-AA-005,7.0,3,2,2.0,C10-AA-001>C10-AA-003,3.0,C10-AA-003>C10-AA-002,C10-AA-003>C10-AA-002,target_reached,0,positive,1,1,0,0,1.0,0.5,0,0
C10-darpa-optc-sysclient0351-0925,C10-darpa-optc-sysclient0351-0925|discriminative|m060|41,discriminative,0.6,41,C10-darpa-optc-sysclient0351-0925|discriminative|m060|41|d0|root,0,,11.0,2,3,5.0,C10-AA-002>C10-AA-003>C10-AA-004,5.0,C10-AA-003>C10-AA-004>C10-AA-002,C10-AA-003>C10-AA-004>C10-AA-002,target_reached,0,zero,1,1,0,0,0.0,0.0,1,0
C10-darpa-optc-sysclient0351-0925,C10-darpa-optc-sysclient0351-0925|discriminative|m060|41,discriminative,0.6,41,C10-darpa-optc-sysclient0351-0925|discriminative|m060|41|d1|C10-AA-001,1,C10-AA-001,10.0,2,3,5.0,C10-AA-002>C10-AA-003>C10-AA-004,5.0,C10-AA-003>C10-AA-004>C10-AA-002,C10-AA-004>C10-AA-004>C10-AA-002,target_reached,1,zero,1,1,0,0,0.0,0.0,1,0
C10-darpa-optc-sysclient0351-0925,C10-darpa-optc-sysclient0351-0925|discriminative|m060|41,discriminative,0.6,41,C10-darpa-optc-sysclient0351-0925|discriminative|m060|41|d1|C10-AA-002,1,C10-AA-002,9.0,3,2,3.0,C10-AA-003>C10-AA-004,3.0,C10-AA-003>C10-AA-004,C10-AA-003>C10-AA-004,target_reached,0,zero,1,1,0,0,0.0,0.0,1,1
C10-darpa-optc-sysclient0351-0925,C10-darpa-optc-sysclient0351-0925|discriminative|m060|41,discriminative,0.6,41,C10-darpa-optc-sysclient0351-0925|discriminative|m060|41|d1|C10-AA-003,1,C10-AA-003,10.0,3,2,4.0,C10-AA-002>C10-AA-004,4.0,C10-AA-004>C10-AA-002,C10-AA-004>C10-AA-002,target_reached,0,zero,1,1,0,0,0.0,0.0,1,0
C10-darpa-optc-sysclient0351-0925,C10-darpa-optc-sysclient0351-0925|discriminative|m060|41,discriminative,0.6,41,C10-darpa-optc-sysclient0351-0925|discriminative|m060|41|d1|C10-AA-004,1,C10-AA-004,9.0,3,2,3.0,C10-AA-002>C10-AA-003,3.0,C10-AA-003>C10-AA-002,C10-AA-003>C10-AA-002,target_reached,0,zero,1,1,0,0,0.0,0.0,1,0
C10-darpa-optc-sysclient0351-0925,C10-darpa-optc-sysclient0351-0925|discriminative|m060|41,discriminative,0.6,41,C10-darpa-optc-sysclient0351-0925|discriminative|m060|41|d1|C10-AA-005,1,C10-AA-005,9.0,2,3,5.0,C10-AA-002>C10-AA-003>C10-AA-004,5.0,C10-AA-003>C10-AA-004>C10-AA-002,C10-AA-003>C10-AA-004>C10-AA-002,target_reached,0,zero,1,1,0,0,0.0,0.0,1,0
C10-darpa-optc-sysclient0351-0925,C10-darpa-optc-sysclient0351-0925|discriminative|m060|41,discriminative,0.6,41,C10-darpa-optc-sysclient0351-0925|discriminative|m060|41|d2|C10-AA-001>C10-AA-002,2,C10-AA-001>C10-AA-002,8.0,3,2,3.0,C10-AA-003>C10-AA-004,3.0,C10-AA-003>C10-AA-004,C10-AA-003>C10-AA-004,target_reached,0,zero,1,1,0,0,0.0,0.0,1,1
C10-darpa-optc-sysclient0351-0925,C10-darpa-optc-sysclient0351-0925|discriminative|m060|41,discriminative,0.6,41,C10-darpa-optc-sysclient0351-0925|discriminative|m060|41|d2|C10-AA-001>C10-AA-003,2,C10-AA-001>C10-AA-003,9.0,3,2,4.0,C10-AA-002>C10-AA-004,4.0,C10-AA-004>C10-AA-002,C10-AA-004>C10-AA-002,target_reached,0,zero,1,1,0,0,0.0,0.0,1,0
C10-darpa-optc-sysclient0351-0925,C10-darpa-optc-sysclient0351-0925|discriminative|m060|41,discriminative,0.6,41,C10-darpa-optc-sysclient0351-0925|discriminative|m060|41|d2|C10-AA-001>C10-AA-004,2,C10-AA-001>C10-AA-004,8.0,3,2,3.0,C10-AA-002>C10-AA-003,3.0,C10-AA-003>C10-AA-002,C10-AA-003>C10-AA-002,target_reached,0,zero,1,1,0,0,0.0,0.0,1,0
C10-darpa-optc-sysclient0351-0925,C10-darpa-optc-sysclient0351-0925|discriminative|m060|41,discriminative,0.6,41,C10-darpa-optc-sysclient0351-0925|discriminative|m060|41|d2|C10-AA-001>C10-AA-005,2,C10-AA-001>C10-AA-005,8.0,2,3,5.0,C10-AA-002>C10-AA-003>C10-AA-004,5.0,C10-AA-003>C10-AA-004>C10-AA-002,C10-AA-004>C10-AA-004>C10-AA-002,target_reached,1,zero,1,1,0,0,0.0,0.0,1,0
C10-darpa-optc-sysclient0351-0925,C10-darpa-optc-sysclient0351-0925|discriminative|m060|41,discriminative,0.6,41,C10-darpa-optc-sysclient0351-0925|discriminative|m060|41|d2|C10-AA-002>C10-AA-003,2,C10-AA-002>C10-AA-003,8.0,4,1,2.0,C10-AA-004,2.0,C10-AA-004,C10-AA-004,target_reached,0,zero,1,1,0,0,0.0,0.0,1,1
C10-darpa-optc-sysclient0351-0925,C10-darpa-optc-sysclient0351-0925|discriminative|m060|41,discriminative,0.6,41,C10-darpa-optc-sysclient0351-0925|discriminative|m060|41|d2|C10-AA-002>C10-AA-004,2,C10-AA-002>C10-AA-004,7.0,4,1,1.0,C10-AA-003,1.0,C10-AA-003,C10-AA-003,target_reached,0,zero,1,1,0,0,0.0,0.0,1,1
C10-darpa-optc-sysclient0351-0925,C10-darpa-optc-sysclient0351-0925|discriminative|m060|41,discriminative,0.6,41,C10-darpa-optc-sysclient0351-0925|discriminative|m060|41|d2|C10-AA-002>C10-AA-005,2,C10-AA-002>C10-AA-005,7.0,3,2,3.0,C10-AA-003>C10-AA-004,3.0,C10-AA-003>C10-AA-004,C10-AA-003>C10-AA-004,target_reached,0,zero,1,1,0,0,0.0,0.0,1,1
C10-darpa-optc-sysclient0351-0925,C10-darpa-optc-sysclient0351-0925|discriminative|m060|41,discriminative,0.6,41,C10-darpa-optc-sysclient0351-0925|discriminative|m060|41|d2|C10-AA-003>C10-AA-004,2,C10-AA-003>C10-AA-004,8.0,4,1,2.0,C10-AA-002,2.0,C10-AA-002,C10-AA-002,target_reached,0,zero,1,1,0,0,0.0,0.0,1,1
C10-darpa-optc-sysclient0351-0925,C10-darpa-optc-sysclient0351-0925|discriminative|m060|41,discriminative,0.6,41,C10-darpa-optc-sysclient0351-0925|discriminative|m060|41|d2|C10-AA-003>C10-AA-005,2,C10-AA-003>C10-AA-005,8.0,3,2,4.0,C10-AA-002>C10-AA-004,4.0,C10-AA-004>C10-AA-002,C10-AA-004>C10-AA-002,target_reached,0,zero,1,1,0,0,0.0,0.0,1,0
C10-darpa-optc-sysclient0351-0925,C10-darpa-optc-sysclient0351-0925|discriminative|m060|41,discriminative,0.6,41,C10-darpa-optc-sysclient0351-0925|discriminative|m060|41|d2|C10-AA-004>C10-AA-005,2,C10-AA-004>C10-AA-005,7.0,3,2,3.0,C10-AA-002>C10-AA-003,3.0,C10-AA-003>C10-AA-002,C10-AA-003>C10-AA-002,target_reached,0,zero,1,1,0,0,0.0,0.0,1,0
C10-darpa-optc-sysclient0351-0925,C10-darpa-optc-sysclient0351-0925|discriminative|m060|53,discriminative,0.6,53,C10-darpa-optc-sysclient0351-0925|discriminative|m060|53|d0|root,0,,11.0,2,3,5.0,C10-AA-002>C10-AA-003>C10-AA-004,5.0,C10-AA-003>C10-AA-004>C10-AA-002,C10-AA-003>C10-AA-004>C10-AA-002,target_reached,0,zero,1,1,0,0,0.0,0.0,1,0
C10-darpa-optc-sysclient0351-0925,C10-darpa-optc-sysclient0351-0925|discriminative|m060|53,discriminative,0.6,53,C10-darpa-optc-sysclient0351-0925|discriminative|m060|53|d1|C10-AA-001,1,C10-AA-001,10.0,2,3,5.0,C10-AA-002>C10-AA-003>C10-AA-004,5.0,C10-AA-003>C10-AA-004>C10-AA-002,C10-AA-004>C10-AA-004>C10-AA-002,target_reached,1,zero,1,1,0,0,0.0,0.0,1,0
C10-darpa-optc-sysclient0351-0925,C10-darpa-optc-sysclient0351-0925|discriminative|m060|53,discriminative,0.6,53,C10-darpa-optc-sysclient0351-0925|discriminative|m060|53|d1|C10-AA-002,1,C10-AA-002,9.0,3,2,3.0,C10-AA-003>C10-AA-004,3.0,C10-AA-003>C10-AA-004,C10-AA-003>C10-AA-004,target_reached,0,zero,1,1,0,0,0.0,0.0,1,1
C10-darpa-optc-sysclient0351-0925,C10-darpa-optc-sysclient0351-0925|discriminative|m060|53,discriminative,0.6,53,C10-darpa-optc-sysclient0351-0925|discriminative|m060|53|d1|C10-AA-003,1,C10-AA-003,10.0,3,2,4.0,C10-AA-002>C10-AA-004,4.0,C10-AA-004>C10-AA-002,C10-AA-004>C10-AA-002,target_reached,0,zero,1,1,0,0,0.0,0.0,1,0
C10-darpa-optc-sysclient0351-0925,C10-darpa-optc-sysclient0351-0925|discriminative|m060|53,discriminative,0.6,53,C10-darpa-optc-sysclient0351-0925|discriminative|m060|53|d1|C10-AA-004,1,C10-AA-004,9.0,3,2,3.0,C10-AA-002>C10-AA-003,3.0,C10-AA-003>C10-AA-002,C10-AA-003>C10-AA-002,target_reached,0,zero,1,1,0,0,0.0,0.0,1,0
C10-darpa-optc-sysclient0351-0925,C10-darpa-optc-sysclient0351-0925|discriminative|m060|53,discriminative,0.6,53,C10-darpa-optc-sysclient0351-0925|discriminative|m060|53|d1|C10-AA-005,1,C10-AA-005,9.0,2,3,5.0,C10-AA-002>C10-AA-003>C10-AA-004,5.0,C10-AA-003>C10-AA-004>C10-AA-002,C10-AA-003>C10-AA-004>C10-AA-002,target_reached,0,zero,1,1,0,0,0.0,0.0,1,0
C10-darpa-optc-sysclient0351-0925,C10-darpa-optc-sysclient0351-0925|discriminative|m060|53,discriminative,0.6,53,C10-darpa-optc-sysclient0351-0925|discriminative|m060|53|d2|C10-AA-001>C10-AA-002,2,C10-AA-001>C10-AA-002,8.0,3,2,3.0,C10-AA-003>C10-AA-004,3.0,C10-AA-003>C10-AA-004,C10-AA-003>C10-AA-004,target_reached,0,zero,1,1,0,0,0.0,0.0,1,1
C10-darpa-optc-sysclient0351-0925,C10-darpa-optc-sysclient0351-0925|discriminative|m060|53,discriminative,0.6,53,C10-darpa-optc-sysclient0351-0925|discriminative|m060|53|d2|C10-AA-001>C10-AA-003,2,C10-AA-001>C10-AA-003,9.0,3,2,4.0,C10-AA-002>C10-AA-004,4.0,C10-AA-004>C10-AA-002,C10-AA-004>C10-AA-002,target_reached,0,zero,1,1,0,0,0.0,0.0,1,0
C10-darpa-optc-sysclient0351-0925,C10-darpa-optc-sysclient0351-0925|discriminative|m060|53,discriminative,0.6,53,C10-darpa-optc-sysclient0351-0925|discriminative|m060|53|d2|C10-AA-001>C10-AA-004,2,C10-AA-001>C10-AA-004,8.0,3,2,3.0,C10-AA-002>C10-AA-003,3.0,C10-AA-003>C10-AA-002,C10-AA-003>C10-AA-002,target_reached,0,zero,1,1,0,0,0.0,0.0,1,0
C10-darpa-optc-sysclient0351-0925,C10-darpa-optc-sysclient0351-0925|discriminative|m060|53,discriminative,0.6,53,C10-darpa-optc-sysclient0351-0925|discriminative|m060|53|d2|C10-AA-001>C10-AA-005,2,C10-AA-001>C10-AA-005,8.0,2,3,5.0,C10-AA-002>C10-AA-003>C10-AA-004,5.0,C10-AA-003>C10-AA-004>C10-AA-002,C10-AA-004>C10-AA-004>C10-AA-002,target_reached,1,zero,1,1,0,0,0.0,0.0,1,0
C10-darpa-optc-sysclient0351-0925,C10-darpa-optc-sysclient0351-0925|discriminative|m060|53,discriminative,0.6,53,C10-darpa-optc-sysclient0351-0925|discriminative|m060|53|d2|C10-AA-002>C10-AA-003,2,C10-AA-002>C10-AA-003,8.0,4,1,2.0,C10-AA-004,2.0,C10-AA-004,C10-AA-004,target_reached,0,zero,1,1,0,0,0.0,0.0,1,1
C10-darpa-optc-sysclient0351-0925,C10-darpa-optc-sysclient0351-0925|discriminative|m060|53,discriminative,0.6,53,C10-darpa-optc-sysclient0351-0925|discriminative|m060|53|d2|C10-AA-002>C10-AA-004,2,C10-AA-002>C10-AA-004,7.0,4,1,1.0,C10-AA-003,1.0,C10-AA-003,C10-AA-003,target_reached,0,zero,1,1,0,0,0.0,0.0,1,1
C10-darpa-optc-sysclient0351-0925,C10-darpa-optc-sysclient0351-0925|discriminative|m060|53,discriminative,0.6,53,C10-darpa-optc-sysclient0351-0925|discriminative|m060|53|d2|C10-AA-002>C10-AA-005,2,C10-AA-002>C10-AA-005,7.0,3,2,3.0,C10-AA-003>C10-AA-004,3.0,C10-AA-003>C10-AA-004,C10-AA-003>C10-AA-004,target_reached,0,zero,1,1,0,0,0.0,0.0,1,1
C10-darpa-optc-sysclient0351-0925,C10-darpa-optc-sysclient0351-0925|discriminative|m060|53,discriminative,0.6,53,C10-darpa-optc-sysclient0351-0925|discriminative|m060|53|d2|C10-AA-003>C10-AA-004,2,C10-AA-003>C10-AA-004,8.0,4,1,2.0,C10-AA-002,2.0,C10-AA-002,C10-AA-002,target_reached,0,zero,1,1,0,0,0.0,0.0,1,1
C10-darpa-optc-sysclient0351-0925,C10-darpa-optc-sysclient0351-0925|discriminative|m060|53,discriminative,0.6,53,C10-darpa-optc-sysclient0351-0925|discriminative|m060|53|d2|C10-AA-003>C10-AA-005,2,C10-AA-003>C10-AA-005,8.0,3,2,4.0,C10-AA-002>C10-AA-004,4.0,C10-AA-004>C10-AA-002,C10-AA-004>C10-AA-002,target_reached,0,zero,1,1,0,0,0.0,0.0,1,0
C10-darpa-optc-sysclient0351-0925,C10-darpa-optc-sysclient0351-0925|discriminative|m060|53,discriminative,0.6,53,C10-darpa-optc-sysclient0351-0925|discriminative|m060|53|d2|C10-AA-004>C10-AA-005,2,C10-AA-004>C10-AA-005,7.0,3,2,3.0,C10-AA-002>C10-AA-003,3.0,C10-AA-003>C10-AA-002,C10-AA-003>C10-AA-002,target_reached,0,zero,1,1,0,0,0.0,0.0,1,0
C11-otrf-apt29-day1-scranton-nashua,C11-otrf-apt29-day1-scranton-nashua|random|m020|23,random,0.2,23,C11-otrf-apt29-day1-scranton-nashua|random|m020|23|d0|root,0,,10.0,6,2,1.0,C11-AA-001,1.0,C11-AA-001,C11-AA-001,target_reached,0,zero,1,1,0,0,0.0,0.0,1,1
C11-otrf-apt29-day1-scranton-nashua,C11-otrf-apt29-day1-scranton-nashua|random|m020|23,random,0.2,23,C11-otrf-apt29-day1-scranton-nashua|random|m020|23|d1|C11-AA-002,1,C11-AA-002,8.0,6,2,1.0,C11-AA-001,1.0,C11-AA-001,C11-AA-001,target_reached,0,zero,1,1,0,0,0.0,0.0,1,1
C11-otrf-apt29-day1-scranton-nashua,C11-otrf-apt29-day1-scranton-nashua|random|m020|23,random,0.2,23,C11-otrf-apt29-day1-scranton-nashua|random|m020|23|d1|C11-AA-003,1,C11-AA-003,8.0,6,2,1.0,C11-AA-001,1.0,C11-AA-001,C11-AA-001,target_reached,0,zero,1,1,0,0,0.0,0.0,1,1
C11-otrf-apt29-day1-scranton-nashua,C11-otrf-apt29-day1-scranton-nashua|random|m020|23,random,0.2,23,C11-otrf-apt29-day1-scranton-nashua|random|m020|23|d1|C11-AA-005,1,C11-AA-005,8.0,6,2,1.0,C11-AA-001,1.0,C11-AA-001,C11-AA-001,target_reached,0,zero,1,1,0,0,0.0,0.0,1,1
C11-otrf-apt29-day1-scranton-nashua,C11-otrf-apt29-day1-scranton-nashua|random|m020|23,random,0.2,23,C11-otrf-apt29-day1-scranton-nashua|random|m020|23|d2|C11-AA-002>C11-AA-003,2,C11-AA-002>C11-AA-003,6.0,6,2,1.0,C11-AA-001,1.0,C11-AA-001,C11-AA-001,target_reached,0,zero,1,1,0,0,0.0,0.0,1,1
C11-otrf-apt29-day1-scranton-nashua,C11-otrf-apt29-day1-scranton-nashua|random|m020|23,random,0.2,23,C11-otrf-apt29-day1-scranton-nashua|random|m020|23|d2|C11-AA-002>C11-AA-005,2,C11-AA-002>C11-AA-005,6.0,6,2,1.0,C11-AA-001,1.0,C11-AA-001,C11-AA-001,target_reached,0,zero,1,1,0,0,0.0,0.0,1,1
C11-otrf-apt29-day1-scranton-nashua,C11-otrf-apt29-day1-scranton-nashua|random|m020|23,random,0.2,23,C11-otrf-apt29-day1-scranton-nashua|random|m020|23|d2|C11-AA-003>C11-AA-005,2,C11-AA-003>C11-AA-005,6.0,6,2,1.0,C11-AA-001,1.0,C11-AA-001,C11-AA-001,target_reached,0,zero,1,1,0,0,0.0,0.0,1,1
C11-otrf-apt29-day1-scranton-nashua,C11-otrf-apt29-day1-scranton-nashua|random|m020|37,random,0.2,37,C11-otrf-apt29-day1-scranton-nashua|random|m020|37|d0|root,0,,10.0,6,2,1.0,C11-AA-001,1.0,C11-AA-001,C11-AA-001,target_reached,0,zero,1,1,0,0,0.0,0.0,1,1
C11-otrf-apt29-day1-scranton-nashua,C11-otrf-apt29-day1-scranton-nashua|random|m020|37,random,0.2,37,C11-otrf-apt29-day1-scranton-nashua|random|m020|37|d1|C11-AA-003,1,C11-AA-003,8.0,6,2,1.0,C11-AA-001,1.0,C11-AA-001,C11-AA-001,target_reached,0,zero,1,1,0,0,0.0,0.0,1,1
C11-otrf-apt29-day1-scranton-nashua,C11-otrf-apt29-day1-scranton-nashua|random|m020|37,random,0.2,37,C11-otrf-apt29-day1-scranton-nashua|random|m020|37|d1|C11-AA-004,1,C11-AA-004,9.0,6,2,1.0,C11-AA-001,1.0,C11-AA-001,C11-AA-001,target_reached,0,zero,1,1,0,0,0.0,0.0,1,1
C11-otrf-apt29-day1-scranton-nashua,C11-otrf-apt29-day1-scranton-nashua|random|m020|37,random,0.2,37,C11-otrf-apt29-day1-scranton-nashua|random|m020|37|d1|C11-AA-005,1,C11-AA-005,8.0,6,2,1.0,C11-AA-001,1.0,C11-AA-001,C11-AA-001,target_reached,0,zero,1,1,0,0,0.0,0.0,1,1
C11-otrf-apt29-day1-scranton-nashua,C11-otrf-apt29-day1-scranton-nashua|random|m020|37,random,0.2,37,C11-otrf-apt29-day1-scranton-nashua|random|m020|37|d2|C11-AA-003>C11-AA-004,2,C11-AA-003>C11-AA-004,7.0,6,2,1.0,C11-AA-001,1.0,C11-AA-001,C11-AA-001,target_reached,0,zero,1,1,0,0,0.0,0.0,1,1
C11-otrf-apt29-day1-scranton-nashua,C11-otrf-apt29-day1-scranton-nashua|random|m020|37,random,0.2,37,C11-otrf-apt29-day1-scranton-nashua|random|m020|37|d2|C11-AA-003>C11-AA-005,2,C11-AA-003>C11-AA-005,6.0,6,2,1.0,C11-AA-001,1.0,C11-AA-001,C11-AA-001,target_reached,0,zero,1,1,0,0,0.0,0.0,1,1
C11-otrf-apt29-day1-scranton-nashua,C11-otrf-apt29-day1-scranton-nashua|random|m020|37,random,0.2,37,C11-otrf-apt29-day1-scranton-nashua|random|m020|37|d2|C11-AA-004>C11-AA-005,2,C11-AA-004>C11-AA-005,7.0,6,2,1.0,C11-AA-001,1.0,C11-AA-001,C11-AA-001,target_reached,0,zero,1,1,0,0,0.0,0.0,1,1
C11-otrf-apt29-day1-scranton-nashua,C11-otrf-apt29-day1-scranton-nashua|random|m020|41,random,0.2,41,C11-otrf-apt29-day1-scranton-nashua|random|m020|41|d0|root,0,,10.0,6,2,1.0,C11-AA-001,1.0,C11-AA-001,C11-AA-001,target_reached,0,zero,1,1,0,0,0.0,0.0,1,1
C11-otrf-apt29-day1-scranton-nashua,C11-otrf-apt29-day1-scranton-nashua|random|m020|41,random,0.2,41,C11-otrf-apt29-day1-scranton-nashua|random|m020|41|d1|C11-AA-002,1,C11-AA-002,8.0,6,2,1.0,C11-AA-001,1.0,C11-AA-001,C11-AA-001,target_reached,0,zero,1,1,0,0,0.0,0.0,1,1
C11-otrf-apt29-day1-scranton-nashua,C11-otrf-apt29-day1-scranton-nashua|random|m020|41,random,0.2,41,C11-otrf-apt29-day1-scranton-nashua|random|m020|41|d1|C11-AA-003,1,C11-AA-003,8.0,6,2,1.0,C11-AA-001,1.0,C11-AA-001,C11-AA-001,target_reached,0,zero,1,1,0,0,0.0,0.0,1,1
C11-otrf-apt29-day1-scranton-nashua,C11-otrf-apt29-day1-scranton-nashua|random|m020|41,random,0.2,41,C11-otrf-apt29-day1-scranton-nashua|random|m020|41|d1|C11-AA-005,1,C11-AA-005,8.0,6,2,1.0,C11-AA-001,1.0,C11-AA-001,C11-AA-001,target_reached,0,zero,1,1,0,0,0.0,0.0,1,1
C11-otrf-apt29-day1-scranton-nashua,C11-otrf-apt29-day1-scranton-nashua|random|m020|41,random,0.2,41,C11-otrf-apt29-day1-scranton-nashua|random|m020|41|d2|C11-AA-002>C11-AA-003,2,C11-AA-002>C11-AA-003,6.0,6,2,1.0,C11-AA-001,1.0,C11-AA-001,C11-AA-001,target_reached,0,zero,1,1,0,0,0.0,0.0,1,1
C11-otrf-apt29-day1-scranton-nashua,C11-otrf-apt29-day1-scranton-nashua|random|m020|41,random,0.2,41,C11-otrf-apt29-day1-scranton-nashua|random|m020|41|d2|C11-AA-002>C11-AA-005,2,C11-AA-002>C11-AA-005,6.0,6,2,1.0,C11-AA-001,1.0,C11-AA-001,C11-AA-001,target_reached,0,zero,1,1,0,0,0.0,0.0,1,1
C11-otrf-apt29-day1-scranton-nashua,C11-otrf-apt29-day1-scranton-nashua|random|m020|41,random,0.2,41,C11-otrf-apt29-day1-scranton-nashua|random|m020|41|d2|C11-AA-003>C11-AA-005,2,C11-AA-003>C11-AA-005,6.0,6,2,1.0,C11-AA-001,1.0,C11-AA-001,C11-AA-001,target_reached,0,zero,1,1,0,0,0.0,0.0,1,1
C11-otrf-apt29-day1-scranton-nashua,C11-otrf-apt29-day1-scranton-nashua|random|m020|53,random,0.2,53,C11-otrf-apt29-day1-scranton-nashua|random|m020|53|d0|root,0,,10.0,6,2,2.0,C11-AA-003,3.0,C11-AA-001>C11-AA-003,C11-AA-001>C11-AA-003,target_reached,0,positive,1,1,0,0,1.0,0.5,0,0
C11-otrf-apt29-day1-scranton-nashua,C11-otrf-apt29-day1-scranton-nashua|random|m020|53,random,0.2,53,C11-otrf-apt29-day1-scranton-nashua|random|m020|53|d1|C11-AA-001,1,C11-AA-001,9.0,6,2,2.0,C11-AA-003,2.0,C11-AA-003,C11-AA-003,target_reached,0,zero,1,1,0,0,0.0,0.0,1,1
C11-otrf-apt29-day1-scranton-nashua,C11-otrf-apt29-day1-scranton-nashua|random|m020|53,random,0.2,53,C11-otrf-apt29-day1-scranton-nashua|random|m020|53|d1|C11-AA-002,1,C11-AA-002,8.0,6,2,2.0,C11-AA-003,3.0,C11-AA-001>C11-AA-003,C11-AA-001>C11-AA-003,target_reached,0,positive,1,1,0,0,1.0,0.5,0,0
C11-otrf-apt29-day1-scranton-nashua,C11-otrf-apt29-day1-scranton-nashua|random|m020|53,random,0.2,53,C11-otrf-apt29-day1-scranton-nashua|random|m020|53|d1|C11-AA-004,1,C11-AA-004,9.0,6,2,2.0,C11-AA-003,3.0,C11-AA-001>C11-AA-003,C11-AA-001>C11-AA-003,target_reached,0,positive,1,1,0,0,1.0,0.5,0,0
C11-otrf-apt29-day1-scranton-nashua,C11-otrf-apt29-day1-scranton-nashua|random|m020|53,random,0.2,53,C11-otrf-apt29-day1-scranton-nashua|random|m020|53|d2|C11-AA-001>C11-AA-002,2,C11-AA-001>C11-AA-002,7.0,6,2,2.0,C11-AA-003,2.0,C11-AA-003,C11-AA-003,target_reached,0,zero,1,1,0,0,0.0,0.0,1,1
C11-otrf-apt29-day1-scranton-nashua,C11-otrf-apt29-day1-scranton-nashua|random|m020|53,random,0.2,53,C11-otrf-apt29-day1-scranton-nashua|random|m020|53|d2|C11-AA-001>C11-AA-004,2,C11-AA-001>C11-AA-004,8.0,6,2,2.0,C11-AA-003,2.0,C11-AA-003,C11-AA-003,target_reached,0,zero,1,1,0,0,0.0,0.0,1,1
C11-otrf-apt29-day1-scranton-nashua,C11-otrf-apt29-day1-scranton-nashua|random|m020|53,random,0.2,53,C11-otrf-apt29-day1-scranton-nashua|random|m020|53|d2|C11-AA-002>C11-AA-004,2,C11-AA-002>C11-AA-004,7.0,6,2,2.0,C11-AA-003,3.0,C11-AA-001>C11-AA-003,C11-AA-001>C11-AA-003,target_reached,0,positive,1,1,0,0,1.0,0.5,0,0
C11-otrf-apt29-day1-scranton-nashua,C11-otrf-apt29-day1-scranton-nashua|random|m040|11,random,0.4,11,C11-otrf-apt29-day1-scranton-nashua|random|m040|11|d0|root,0,,10.0,4,4,3.0,C11-AA-001>C11-AA-003,3.0,C11-AA-001>C11-AA-003,C11-AA-001>C11-AA-003,target_reached,0,zero,1,1,0,0,0.0,0.0,1,1
C11-otrf-apt29-day1-scranton-nashua,C11-otrf-apt29-day1-scranton-nashua|random|m040|11,random,0.4,11,C11-otrf-apt29-day1-scranton-nashua|random|m040|11|d1|C11-AA-001,1,C11-AA-001,9.0,5,3,2.0,C11-AA-003,2.0,C11-AA-003,C11-AA-003,target_reached,0,zero,1,1,0,0,0.0,0.0,1,1
C11-otrf-apt29-day1-scranton-nashua,C11-otrf-apt29-day1-scranton-nashua|random|m040|11,random,0.4,11,C11-otrf-apt29-day1-scranton-nashua|random|m040|11|d1|C11-AA-002,1,C11-AA-002,8.0,4,4,3.0,C11-AA-001>C11-AA-003,3.0,C11-AA-001>C11-AA-003,C11-AA-001>C11-AA-003,target_reached,0,zero,1,1,0,0,0.0,0.0,1,1
C11-otrf-apt29-day1-scranton-nashua,C11-otrf-apt29-day1-scranton-nashua|random|m040|11,random,0.4,11,C11-otrf-apt29-day1-scranton-nashua|random|m040|11|d1|C11-AA-003,1,C11-AA-003,8.0,5,3,1.0,C11-AA-001,1.0,C11-AA-001,C11-AA-001,target_reached,0,zero,1,1,0,0,0.0,0.0,1,1
C11-otrf-apt29-day1-scranton-nashua,C11-otrf-apt29-day1-scranton-nashua|random|m040|11,random,0.4,11,C11-otrf-apt29-day1-scranton-nashua|random|m040|11|d1|C11-AA-004,1,C11-AA-004,9.0,5,3,3.0,C11-AA-001>C11-AA-003,3.0,C11-AA-001>C11-AA-003,C11-AA-001>C11-AA-003,target_reached,0,zero,1,1,0,0,0.0,0.0,1,1
C11-otrf-apt29-day1-scranton-nashua,C11-otrf-apt29-day1-scranton-nashua|random|m040|11,random,0.4,11,C11-otrf-apt29-day1-scranton-nashua|random|m040|11|d1|C11-AA-005,1,C11-AA-005,8.0,5,3,2.0,C11-AA-001>C11-AA-004,3.0,C11-AA-001>C11-AA-003,C11-AA-001>C11-AA-003,target_reached,0,positive,1,1,0,0,1.0,0.5,0,1
C11-otrf-apt29-day1-scranton-nashua,C11-otrf-apt29-day1-scranton-nashua|random|m040|11,random,0.4,11,C11-otrf-apt29-day1-scranton-nashua|random|m040|11|d2|C11-AA-001>C11-AA-002,2,C11-AA-001>C11-AA-002,7.0,5,3,2.0,C11-AA-003,2.0,C11-AA-003,C11-AA-003,target_reached,0,zero,1,1,0,0,0.0,0.0,1,1
C11-otrf-apt29-day1-scranton-nashua,C11-otrf-apt29-day1-scranton-nashua|random|m040|11,random,0.4,11,C11-otrf-apt29-day1-scranton-nashua|random|m040|11|d2|C11-AA-001>C11-AA-004,2,C11-AA-001>C11-AA-004,8.0,6,2,2.0,C11-AA-003,2.0,C11-AA-003,C11-AA-003,target_reached,0,zero,1,1,0,0,0.0,0.0,1,1
C11-otrf-apt29-day1-scranton-nashua,C11-otrf-apt29-day1-scranton-nashua|random|m040|11,random,0.4,11,C11-otrf-apt29-day1-scranton-nashua|random|m040|11|d2|C11-AA-001>C11-AA-005,2,C11-AA-001>C11-AA-005,7.0,6,2,1.0,C11-AA-004,2.0,C11-AA-003,C11-AA-003,target_reached,0,positive,1,1,0,0,1.0,1.0,0,0
C11-otrf-apt29-day1-scranton-nashua,C11-otrf-apt29-day1-scranton-nashua|random|m040|11,random,0.4,11,C11-otrf-apt29-day1-scranton-nashua|random|m040|11|d2|C11-AA-002>C11-AA-003,2,C11-AA-002>C11-AA-003,6.0,5,3,1.0,C11-AA-001,1.0,C11-AA-001,C11-AA-001,target_reached,0,zero,1,1,0,0,0.0,0.0,1,1
C11-otrf-apt29-day1-scranton-nashua,C11-otrf-apt29-day1-scranton-nashua|random|m040|11,random,0.4,11,C11-otrf-apt29-day1-scranton-nashua|random|m040|11|d2|C11-AA-002>C11-AA-004,2,C11-AA-002>C11-AA-004,7.0,5,3,3.0,C11-AA-001>C11-AA-003,3.0,C11-AA-001>C11-AA-003,C11-AA-001>C11-AA-003,target_reached,0,zero,1,1,0,0,0.0,0.0,1,1
C11-otrf-apt29-day1-scranton-nashua,C11-otrf-apt29-day1-scranton-nashua|random|m040|11,random,0.4,11,C11-otrf-apt29-day1-scranton-nashua|random|m040|11|d2|C11-AA-002>C11-AA-005,2,C11-AA-002>C11-AA-005,6.0,5,3,2.0,C11-AA-001>C11-AA-004,3.0,C11-AA-001>C11-AA-003,C11-AA-001>C11-AA-003,target_reached,0,positive,1,1,0,0,1.0,0.5,0,1
C11-otrf-apt29-day1-scranton-nashua,C11-otrf-apt29-day1-scranton-nashua|random|m040|11,random,0.4,11,C11-otrf-apt29-day1-scranton-nashua|random|m040|11|d2|C11-AA-003>C11-AA-004,2,C11-AA-003>C11-AA-004,7.0,6,2,1.0,C11-AA-001,1.0,C11-AA-001,C11-AA-001,target_reached,0,zero,1,1,0,0,0.0,0.0,1,1
C11-otrf-apt29-day1-scranton-nashua,C11-otrf-apt29-day1-scranton-nashua|random|m040|11,random,0.4,11,C11-otrf-apt29-day1-scranton-nashua|random|m040|11|d2|C11-AA-003>C11-AA-005,2,C11-AA-003>C11-AA-005,6.0,6,2,1.0,C11-AA-001,1.0,C11-AA-001,C11-AA-001,target_reached,0,zero,1,1,0,0,0.0,0.0,1,1
C11-otrf-apt29-day1-scranton-nashua,C11-otrf-apt29-day1-scranton-nashua|random|m040|11,random,0.4,11,C11-otrf-apt29-day1-scranton-nashua|random|m040|11|d2|C11-AA-004>C11-AA-005,2,C11-AA-004>C11-AA-005,7.0,6,2,1.0,C11-AA-001,1.0,C11-AA-001,C11-AA-001,target_reached,0,zero,1,1,0,0,0.0,0.0,1,1
C11-otrf-apt29-day1-scranton-nashua,C11-otrf-apt29-day1-scranton-nashua|random|m040|23,random,0.4,23,C11-otrf-apt29-day1-scranton-nashua|random|m040|23|d0|root,0,,10.0,4,4,2.0,C11-AA-001>C11-AA-004,2.0,C11-AA-001>C11-AA-004,C11-AA-001>C11-AA-003,target_reached,1,zero,1,1,0,0,0.0,0.0,1,1
C11-otrf-apt29-day1-scranton-nashua,C11-otrf-apt29-day1-scranton-nashua|random|m040|23,random,0.4,23,C11-otrf-apt29-day1-scranton-nashua|random|m040|23|d1|C11-AA-001,1,C11-AA-001,9.0,6,2,1.0,C11-AA-004,1.0,C11-AA-004,C11-AA-003,target_reached,1,zero,1,1,0,0,0.0,0.0,1,1
C11-otrf-apt29-day1-scranton-nashua,C11-otrf-apt29-day1-scranton-nashua|random|m040|23,random,0.4,23,C11-otrf-apt29-day1-scranton-nashua|random|m040|23|d1|C11-AA-002,1,C11-AA-002,8.0,4,4,2.0,C11-AA-001>C11-AA-004,2.0,C11-AA-001>C11-AA-004,C11-AA-001>C11-AA-003,target_reached,1,zero,1,1,0,0,0.0,0.0,1,1
C11-otrf-apt29-day1-scranton-nashua,C11-otrf-apt29-day1-scranton-nashua|random|m040|23,random,0.4,23,C11-otrf-apt29-day1-scranton-nashua|random|m040|23|d1|C11-AA-003,1,C11-AA-003,8.0,5,3,1.0,C11-AA-001,1.0,C11-AA-001,C11-AA-001,target_reached,0,zero,1,1,0,0,0.0,0.0,1,1
C11-otrf-apt29-day1-scranton-nashua,C11-otrf-apt29-day1-scranton-nashua|random|m040|23,random,0.4,23,C11-otrf-apt29-day1-scranton-nashua|random|m040|23|d1|C11-AA-004,1,C11-AA-004,9.0,5,3,1.0,C11-AA-001,1.0,C11-AA-001,C11-AA-001,target_reached,0,zero,1,1,0,0,0.0,0.0,1,1
C11-otrf-apt29-day1-scranton-nashua,C11-otrf-apt29-day1-scranton-nashua|random|m040|23,random,0.4,23,C11-otrf-apt29-day1-scranton-nashua|random|m040|23|d1|C11-AA-005,1,C11-AA-005,8.0,4,4,2.0,C11-AA-001>C11-AA-004,2.0,C11-AA-001>C11-AA-004,C11-AA-001>C11-AA-003,target_reached,1,zero,1,1,0,0,0.0,0.0,1,1
C11-otrf-apt29-day1-scranton-nashua,C11-otrf-apt29-day1-scranton-nashua|random|m040|23,random,0.4,23,C11-otrf-apt29-day1-scranton-nashua|random|m040|23|d2|C11-AA-001>C11-AA-002,2,C11-AA-001>C11-AA-002,7.0,6,2,1.0,C11-AA-004,1.0,C11-AA-004,C11-AA-003,target_reached,1,zero,1,1,0,0,0.0,0.0,1,1
C11-otrf-apt29-day1-scranton-nashua,C11-otrf-apt29-day1-scranton-nashua|random|m040|23,random,0.4,23,C11-otrf-apt29-day1-scranton-nashua|random|m040|23|d2|C11-AA-001>C11-AA-005,2,C11-AA-001>C11-AA-005,7.0,6,2,1.0,C11-AA-004,1.0,C11-AA-004,C11-AA-003,target_reached,1,zero,1,1,0,0,0.0,0.0,1,1
C11-otrf-apt29-day1-scranton-nashua,C11-otrf-apt29-day1-scranton-nashua|random|m040|23,random,0.4,23,C11-otrf-apt29-day1-scranton-nashua|random|m040|23|d2|C11-AA-002>C11-AA-003,2,C11-AA-002>C11-AA-003,6.0,5,3,1.0,C11-AA-001,1.0,C11-AA-001,C11-AA-001,target_reached,0,zero,1,1,0,0,0.0,0.0,1,1
C11-otrf-apt29-day1-scranton-nashua,C11-otrf-apt29-day1-scranton-nashua|random|m040|23,random,0.4,23,C11-otrf-apt29-day1-scranton-nashua|random|m040|23|d2|C11-AA-002>C11-AA-004,2,C11-AA-002>C11-AA-004,7.0,5,3,1.0,C11-AA-001,1.0,C11-AA-001,C11-AA-001,target_reached,0,zero,1,1,0,0,0.0,0.0,1,1
C11-otrf-apt29-day1-scranton-nashua,C11-otrf-apt29-day1-scranton-nashua|random|m040|23,random,0.4,23,C11-otrf-apt29-day1-scranton-nashua|random|m040|23|d2|C11-AA-002>C11-AA-005,2,C11-AA-002>C11-AA-005,6.0,4,4,2.0,C11-AA-001>C11-AA-004,2.0,C11-AA-001>C11-AA-004,C11-AA-001>C11-AA-003,target_reached,1,zero,1,1,0,0,0.0,0.0,1,1
C11-otrf-apt29-day1-scranton-nashua,C11-otrf-apt29-day1-scranton-nashua|random|m040|23,random,0.4,23,C11-otrf-apt29-day1-scranton-nashua|random|m040|23|d2|C11-AA-003>C11-AA-004,2,C11-AA-003>C11-AA-004,7.0,6,2,1.0,C11-AA-001,1.0,C11-AA-001,C11-AA-001,target_reached,0,zero,1,1,0,0,0.0,0.0,1,1
C11-otrf-apt29-day1-scranton-nashua,C11-otrf-apt29-day1-scranton-nashua|random|m040|23,random,0.4,23,C11-otrf-apt29-day1-scranton-nashua|random|m040|23|d2|C11-AA-003>C11-AA-005,2,C11-AA-003>C11-AA-005,6.0,5,3,1.0,C11-AA-001,1.0,C11-AA-001,C11-AA-001,target_reached,0,zero,1,1,0,0,0.0,0.0,1,1
C11-otrf-apt29-day1-scranton-nashua,C11-otrf-apt29-day1-scranton-nashua|random|m040|23,random,0.4,23,C11-otrf-apt29-day1-scranton-nashua|random|m040|23|d2|C11-AA-004>C11-AA-005,2,C11-AA-004>C11-AA-005,7.0,5,3,1.0,C11-AA-001,1.0,C11-AA-001,C11-AA-001,target_reached,0,zero,1,1,0,0,0.0,0.0,1,1
C11-otrf-apt29-day1-scranton-nashua,C11-otrf-apt29-day1-scranton-nashua|random|m040|37,random,0.4,37,C11-otrf-apt29-day1-scranton-nashua|random|m040|37|d0|root,0,,10.0,4,4,3.0,C11-AA-002>C11-AA-004,4.0,C11-AA-001>C11-AA-004>C11-AA-002,C11-AA-001>C11-AA-003>C11-AA-002,target_reached,1,positive,1,1,0,0,1.0,0.3333333333333333,0,0
C11-otrf-apt29-day1-scranton-nashua,C11-otrf-apt29-day1-scranton-nashua|random|m040|37,random,0.4,37,C11-otrf-apt29-day1-scranton-nashua|random|m040|37|d1|C11-AA-001,1,C11-AA-001,9.0,5,3,3.0,C11-AA-002>C11-AA-004,3.0,C11-AA-004>C11-AA-002,C11-AA-003>C11-AA-002,target_reached,1,zero,1,1,0,0,0.0,0.0,1,0
C11-otrf-apt29-day1-scranton-nashua,C11-otrf-apt29-day1-scranton-nashua|random|m040|37,random,0.4,37,C11-otrf-apt29-day1-scranton-nashua|random|m040|37|d1|C11-AA-002,1,C11-AA-002,8.0,5,3,1.0,C11-AA-004,2.0,C11-AA-001>C11-AA-004,C11-AA-001>C11-AA-003,target_reached,1,positive,1,1,0,0,1.0,1.0,0,0
C11-otrf-apt29-day1-scranton-nashua,C11-otrf-apt29-day1-scranton-nashua|random|m040|37,random,0.4,37,C11-otrf-apt29-day1-scranton-nashua|random|m040|37|d1|C11-AA-003,1,C11-AA-003,8.0,5,3,2.0,C11-AA-001>C11-AA-004,3.0,C11-AA-001>C11-AA-002,C11-AA-001>C11-AA-002,target_reached,0,positive,1,1,0,0,1.0,0.5,0,1
C11-otrf-apt29-day1-scranton-nashua,C11-otrf-apt29-day1-scranton-nashua|random|m040|37,random,0.4,37,C11-otrf-apt29-day1-scranton-nashua|random|m040|37|d1|C11-AA-004,1,C11-AA-004,9.0,5,3,2.0,C11-AA-002,3.0,C11-AA-001>C11-AA-002,C11-AA-001>C11-AA-002,target_reached,0,positive,1,1,0,0,1.0,0.5,0,0
C11-otrf-apt29-day1-scranton-nashua,C11-otrf-apt29-day1-scranton-nashua|random|m040|37,random,0.4,37,C11-otrf-apt29-day1-scranton-nashua|random|m040|37|d1|C11-AA-005,1,C11-AA-005,8.0,4,4,3.0,C11-AA-002>C11-AA-004,4.0,C11-AA-001>C11-AA-004>C11-AA-002,C11-AA-001>C11-AA-003>C11-AA-002,target_reached,1,positive,1,1,0,0,1.0,0.3333333333333333,0,0
C11-otrf-apt29-day1-scranton-nashua,C11-otrf-apt29-day1-scranton-nashua|random|m040|37,random,0.4,37,C11-otrf-apt29-day1-scranton-nashua|random|m040|37|d2|C11-AA-001>C11-AA-002,2,C11-AA-001>C11-AA-002,7.0,6,2,1.0,C11-AA-004,1.0,C11-AA-004,C11-AA-003,target_reached,1,zero,1,1,0,0,0.0,0.0,1,1
C11-otrf-apt29-day1-scranton-nashua,C11-otrf-apt29-day1-scranton-nashua|random|m040|37,random,0.4,37,C11-otrf-apt29-day1-scranton-nashua|random|m040|37|d2|C11-AA-001>C11-AA-003,2,C11-AA-001>C11-AA-003,7.0,6,2,1.0,C11-AA-004,2.0,C11-AA-002,C11-AA-002,target_reached,0,positive,1,1,0,0,1.0,1.0,0,0
C11-otrf-apt29-day1-scranton-nashua,C11-otrf-apt29-day1-scranton-nashua|random|m040|37,random,0.4,37,C11-otrf-apt29-day1-scranton-nashua|random|m040|37|d2|C11-AA-001>C11-AA-004,2,C11-AA-001>C11-AA-004,8.0,6,2,2.0,C11-AA-002,2.0,C11-AA-002,C11-AA-002,target_reached,0,zero,1,1,0,0,0.0,0.0,1,1
C11-otrf-apt29-day1-scranton-nashua,C11-otrf-apt29-day1-scranton-nashua|random|m040|37,random,0.4,37,C11-otrf-apt29-day1-scranton-nashua|random|m040|37|d2|C11-AA-001>C11-AA-005,2,C11-AA-001>C11-AA-005,7.0,5,3,3.0,C11-AA-002>C11-AA-004,3.0,C11-AA-004>C11-AA-002,C11-AA-003>C11-AA-002,target_reached,1,zero,1,1,0,0,0.0,0.0,1,0
C11-otrf-apt29-day1-scranton-nashua,C11-otrf-apt29-day1-scranton-nashua|random|m040|37,random,0.4,37,C11-otrf-apt29-day1-scranton-nashua|random|m040|37|d2|C11-AA-002>C11-AA-003,2,C11-AA-002>C11-AA-003,6.0,6,2,1.0,C11-AA-001,1.0,C11-AA-001,C11-AA-001,target_reached,0,zero,1,1,0,0,0.0,0.0,1,1
C11-otrf-apt29-day1-scranton-nashua,C11-otrf-apt29-day1-scranton-nashua|random|m040|37,random,0.4,37,C11-otrf-apt29-day1-scranton-nashua|random|m040|37|d2|C11-AA-002>C11-AA-005,2,C11-AA-002>C11-AA-005,6.0,5,3,1.0,C11-AA-004,2.0,C11-AA-001>C11-AA-004,C11-AA-001>C11-AA-003,target_reached,1,positive,1,1,0,0,1.0,1.0,0,0
C11-otrf-apt29-day1-scranton-nashua,C11-otrf-apt29-day1-scranton-nashua|random|m040|37,random,0.4,37,C11-otrf-apt29-day1-scranton-nashua|random|m040|37|d2|C11-AA-003>C11-AA-004,2,C11-AA-003>C11-AA-004,7.0,6,2,1.0,C11-AA-001,1.0,C11-AA-001,C11-AA-001,target_reached,0,zero,1,1,0,0,0.0,0.0,1,1
C11-otrf-apt29-day1-scranton-nashua,C11-otrf-apt29-day1-scranton-nashua|random|m040|37,random,0.4,37,C11-otrf-apt29-day1-scranton-nashua|random|m040|37|d2|C11-AA-003>C11-AA-005,2,C11-AA-003>C11-AA-005,6.0,5,3,2.0,C11-AA-001>C11-AA-004,3.0,C11-AA-001>C11-AA-002,C11-AA-001>C11-AA-002,target_reached,0,positive,1,1,0,0,1.0,0.5,0,1
C11-otrf-apt29-day1-scranton-nashua,C11-otrf-apt29-day1-scranton-nashua|random|m040|37,random,0.4,37,C11-otrf-apt29-day1-scranton-nashua|random|m040|37|d2|C11-AA-004>C11-AA-005,2,C11-AA-004>C11-AA-005,7.0,5,3,2.0,C11-AA-002,3.0,C11-AA-001>C11-AA-002,C11-AA-001>C11-AA-002,target_reached,0,positive,1,1,0,0,1.0,0.5,0,0
C11-otrf-apt29-day1-scranton-nashua,C11-otrf-apt29-day1-scranton-nashua|random|m040|41,random,0.4,41,C11-otrf-apt29-day1-scranton-nashua|random|m040|41|d0|root,0,,10.0,4,4,4.0,C11-AA-001>C11-AA-002>C11-AA-004,4.0,C11-AA-001>C11-AA-004>C11-AA-002,C11-AA-001>C11-AA-003>C11-AA-002,target_reached,1,zero,1,1,0,0,0.0,0.0,1,1
C11-otrf-apt29-day1-scranton-nashua,C11-otrf-apt29-day1-scranton-nashua|random|m040|41,random,0.4,41,C11-otrf-apt29-day1-scranton-nashua|random|m040|41|d1|C11-AA-001,1,C11-AA-001,9.0,5,3,3.0,C11-AA-002>C11-AA-004,3.0,C11-AA-004>C11-AA-002,C11-AA-003>C11-AA-002,target_reached,1,zero,1,1,0,0,0.0,0.0,1,0
C11-otrf-apt29-day1-scranton-nashua,C11-otrf-apt29-day1-scranton-nashua|random|m040|41,random,0.4,41,C11-otrf-apt29-day1-scranton-nashua|random|m040|41|d1|C11-AA-002,1,C11-AA-002,8.0,5,3,2.0,C11-AA-001>C11-AA-004,2.0,C11-AA-001>C11-AA-004,C11-AA-001>C11-AA-003,target_reached,1,zero,1,1,0,0,0.0,0.0,1,1
C11-otrf-apt29-day1-scranton-nashua,C11-otrf-apt29-day1-scranton-nashua|random|m040|41,random,0.4,41,C11-otrf-apt29-day1-scranton-nashua|random|m040|41|d1|C11-AA-003,1,C11-AA-003,8.0,5,3,2.0,C11-AA-001>C11-AA-004,3.0,C11-AA-001>C11-AA-002,C11-AA-001>C11-AA-002,target_reached,0,positive,1,1,0,0,1.0,0.5,0,1
C11-otrf-apt29-day1-scranton-nashua,C11-otrf-apt29-day1-scranton-nashua|random|m040|41,random,0.4,41,C11-otrf-apt29-day1-scranton-nashua|random|m040|41|d1|C11-AA-004,1,C11-AA-004,9.0,5,3,3.0,C11-AA-001>C11-AA-002,3.0,C11-AA-001>C11-AA-002,C11-AA-001>C11-AA-002,target_reached,0,zero,1,1,0,0,0.0,0.0,1,1
C11-otrf-apt29-day1-scranton-nashua,C11-otrf-apt29-day1-scranton-nashua|random|m040|41,random,0.4,41,C11-otrf-apt29-day1-scranton-nashua|random|m040|41|d1|C11-AA-005,1,C11-AA-005,8.0,4,4,4.0,C11-AA-001>C11-AA-002>C11-AA-004,4.0,C11-AA-001>C11-AA-004>C11-AA-002,C11-AA-001>C11-AA-003>C11-AA-002,target_reached,1,zero,1,1,0,0,0.0,0.0,1,1
C11-otrf-apt29-day1-scranton-nashua,C11-otrf-apt29-day1-scranton-nashua|random|m040|41,random,0.4,41,C11-otrf-apt29-day1-scranton-nashua|random|m040|41|d2|C11-AA-001>C11-AA-002,2,C11-AA-001>C11-AA-002,7.0,6,2,1.0,C11-AA-004,1.0,C11-AA-004,C11-AA-003,target_reached,1,zero,1,1,0,0,0.0,0.0,1,1
C11-otrf-apt29-day1-scranton-nashua,C11-otrf-apt29-day1-scranton-nashua|random|m040|41,random,0.4,41,C11-otrf-apt29-day1-scranton-nashua|random|m040|41|d2|C11-AA-001>C11-AA-003,2,C11-AA-001>C11-AA-003,7.0,6,2,1.0,C11-AA-004,2.0,C11-AA-002,C11-AA-002,target_reached,0,positive,1,1,0,0,1.0,1.0,0,0
C11-otrf-apt29-day1-scranton-nashua,C11-otrf-apt29-day1-scranton-nashua|random|m040|41,random,0.4,41,C11-otrf-apt29-day1-scranton-nashua|random|m040|41|d2|C11-AA-001>C11-AA-004,2,C11-AA-001>C11-AA-004,8.0,6,2,2.0,C11-AA-002,2.0,C11-AA-002,C11-AA-002,target_reached,0,zero,1,1,0,0,0.0,0.0,1,1
C11-otrf-apt29-day1-scranton-nashua,C11-otrf-apt29-day1-scranton-nashua|random|m040|41,random,0.4,41,C11-otrf-apt29-day1-scranton-nashua|random|m040|41|d2|C11-AA-001>C11-AA-005,2,C11-AA-001>C11-AA-005,7.0,5,3,3.0,C11-AA-002>C11-AA-004,3.0,C11-AA-004>C11-AA-002,C11-AA-003>C11-AA-002,target_reached,1,zero,1,1,0,0,0.0,0.0,1,0
C11-otrf-apt29-day1-scranton-nashua,C11-otrf-apt29-day1-scranton-nashua|random|m040|41,random,0.4,41,C11-otrf-apt29-day1-scranton-nashua|random|m040|41|d2|C11-AA-002>C11-AA-003,2,C11-AA-002>C11-AA-003,6.0,6,2,1.0,C11-AA-001,1.0,C11-AA-001,C11-AA-001,target_reached,0,zero,1,1,0,0,0.0,0.0,1,1
C11-otrf-apt29-day1-scranton-nashua,C11-otrf-apt29-day1-scranton-nashua|random|m040|41,random,0.4,41,C11-otrf-apt29-day1-scranton-nashua|random|m040|41|d2|C11-AA-002>C11-AA-004,2,C11-AA-002>C11-AA-004,7.0,6,2,1.0,C11-AA-001,1.0,C11-AA-001,C11-AA-001,target_reached,0,zero,1,1,0,0,0.0,0.0,1,1
C11-otrf-apt29-day1-scranton-nashua,C11-otrf-apt29-day1-scranton-nashua|random|m040|41,random,0.4,41,C11-otrf-apt29-day1-scranton-nashua|random|m040|41|d2|C11-AA-002>C11-AA-005,2,C11-AA-002>C11-AA-005,6.0,5,3,2.0,C11-AA-001>C11-AA-004,2.0,C11-AA-001>C11-AA-004,C11-AA-001>C11-AA-003,target_reached,1,zero,1,1,0,0,0.0,0.0,1,1
C11-otrf-apt29-day1-scranton-nashua,C11-otrf-apt29-day1-scranton-nashua|random|m040|41,random,0.4,41,C11-otrf-apt29-day1-scranton-nashua|random|m040|41|d2|C11-AA-003>C11-AA-004,2,C11-AA-003>C11-AA-004,7.0,6,2,1.0,C11-AA-001,1.0,C11-AA-001,C11-AA-001,target_reached,0,zero,1,1,0,0,0.0,0.0,1,1
C11-otrf-apt29-day1-scranton-nashua,C11-otrf-apt29-day1-scranton-nashua|random|m040|41,random,0.4,41,C11-otrf-apt29-day1-scranton-nashua|random|m040|41|d2|C11-AA-003>C11-AA-005,2,C11-AA-003>C11-AA-005,6.0,5,3,2.0,C11-AA-001>C11-AA-004,3.0,C11-AA-001>C11-AA-002,C11-AA-001>C11-AA-002,target_reached,0,positive,1,1,0,0,1.0,0.5,0,1
C11-otrf-apt29-day1-scranton-nashua,C11-otrf-apt29-day1-scranton-nashua|random|m040|41,random,0.4,41,C11-otrf-apt29-day1-scranton-nashua|random|m040|41|d2|C11-AA-004>C11-AA-005,2,C11-AA-004>C11-AA-005,7.0,5,3,3.0,C11-AA-001>C11-AA-002,3.0,C11-AA-001>C11-AA-002,C11-AA-001>C11-AA-002,target_reached,0,zero,1,1,0,0,0.0,0.0,1,1
C11-otrf-apt29-day1-scranton-nashua,C11-otrf-apt29-day1-scranton-nashua|random|m040|53,random,0.4,53,C11-otrf-apt29-day1-scranton-nashua|random|m040|53|d0|root,0,,10.0,4,4,3.0,C11-AA-001>C11-AA-003,3.0,C11-AA-001>C11-AA-003,C11-AA-001>C11-AA-003,target_reached,0,zero,1,1,0,0,0.0,0.0,1,1
C11-otrf-apt29-day1-scranton-nashua,C11-otrf-apt29-day1-scranton-nashua|random|m040|53,random,0.4,53,C11-otrf-apt29-day1-scranton-nashua|random|m040|53|d1|C11-AA-001,1,C11-AA-001,9.0,5,3,2.0,C11-AA-003,2.0,C11-AA-003,C11-AA-003,target_reached,0,zero,1,1,0,0,0.0,0.0,1,1
C11-otrf-apt29-day1-scranton-nashua,C11-otrf-apt29-day1-scranton-nashua|random|m040|53,random,0.4,53,C11-otrf-apt29-day1-scranton-nashua|random|m040|53|d1|C11-AA-002,1,C11-AA-002,8.0,4,4,3.0,C11-AA-001>C11-AA-003,3.0,C11-AA-001>C11-AA-003,C11-AA-001>C11-AA-003,target_reached,0,zero,1,1,0,0,0.0,0.0,1,1
C11-otrf-apt29-day1-scranton-nashua,C11-otrf-apt29-day1-scranton-nashua|random|m040|53,random,0.4,53,C11-otrf-apt29-day1-scranton-nashua|random|m040|53|d1|C11-AA-003,1,C11-AA-003,8.0,5,3,1.0,C11-AA-001,1.0,C11-AA-001,C11-AA-001,target_reached,0,zero,1,1,0,0,0.0,0.0,1,1
C11-otrf-apt29-day1-scranton-nashua,C11-otrf-apt29-day1-scranton-nashua|random|m040|53,random,0.4,53,C11-otrf-apt29-day1-scranton-nashua|random|m040|53|d1|C11-AA-004,1,C11-AA-004,9.0,5,3,3.0,C11-AA-001>C11-AA-003,3.0,C11-AA-001>C11-AA-003,C11-AA-001>C11-AA-003,target_reached,0,zero,1,1,0,0,0.0,0.0,1,1
C11-otrf-apt29-day1-scranton-nashua,C11-otrf-apt29-day1-scranton-nashua|random|m040|53,random,0.4,53,C11-otrf-apt29-day1-scranton-nashua|random|m040|53|d1|C11-AA-005,1,C11-AA-005,8.0,5,3,2.0,C11-AA-001>C11-AA-004,3.0,C11-AA-001>C11-AA-003,C11-AA-001>C11-AA-003,target_reached,0,positive,1,1,0,0,1.0,0.5,0,1
C11-otrf-apt29-day1-scranton-nashua,C11-otrf-apt29-day1-scranton-nashua|random|m040|53,random,0.4,53,C11-otrf-apt29-day1-scranton-nashua|random|m040|53|d2|C11-AA-001>C11-AA-002,2,C11-AA-001>C11-AA-002,7.0,5,3,2.0,C11-AA-003,2.0,C11-AA-003,C11-AA-003,target_reached,0,zero,1,1,0,0,0.0,0.0,1,1
C11-otrf-apt29-day1-scranton-nashua,C11-otrf-apt29-day1-scranton-nashua|random|m040|53,random,0.4,53,C11-otrf-apt29-day1-scranton-nashua|random|m040|53|d2|C11-AA-001>C11-AA-004,2,C11-AA-001>C11-AA-004,8.0,6,2,2.0,C11-AA-003,2.0,C11-AA-003,C11-AA-003,target_reached,0,zero,1,1,0,0,0.0,0.0,1,1
C11-otrf-apt29-day1-scranton-nashua,C11-otrf-apt29-day1-scranton-nashua|random|m040|53,random,0.4,53,C11-otrf-apt29-day1-scranton-nashua|random|m040|53|d2|C11-AA-001>C11-AA-005,2,C11-AA-001>C11-AA-005,7.0,6,2,1.0,C11-AA-004,2.0,C11-AA-003,C11-AA-003,target_reached,0,positive,1,1,0,0,1.0,1.0,0,0
C11-otrf-apt29-day1-scranton-nashua,C11-otrf-apt29-day1-scranton-nashua|random|m040|53,random,0.4,53,C11-otrf-apt29-day1-scranton-nashua|random|m040|53|d2|C11-AA-002>C11-AA-003,2,C11-AA-002>C11-AA-003,6.0,5,3,1.0,C11-AA-001,1.0,C11-AA-001,C11-AA-001,target_reached,0,zero,1,1,0,0,0.0,0.0,1,1
C11-otrf-apt29-day1-scranton-nashua,C11-otrf-apt29-day1-scranton-nashua|random|m040|53,random,0.4,53,C11-otrf-apt29-day1-scranton-nashua|random|m040|53|d2|C11-AA-002>C11-AA-004,2,C11-AA-002>C11-AA-004,7.0,5,3,3.0,C11-AA-001>C11-AA-003,3.0,C11-AA-001>C11-AA-003,C11-AA-001>C11-AA-003,target_reached,0,zero,1,1,0,0,0.0,0.0,1,1
C11-otrf-apt29-day1-scranton-nashua,C11-otrf-apt29-day1-scranton-nashua|random|m040|53,random,0.4,53,C11-otrf-apt29-day1-scranton-nashua|random|m040|53|d2|C11-AA-002>C11-AA-005,2,C11-AA-002>C11-AA-005,6.0,5,3,2.0,C11-AA-001>C11-AA-004,3.0,C11-AA-001>C11-AA-003,C11-AA-001>C11-AA-003,target_reached,0,positive,1,1,0,0,1.0,0.5,0,1
C11-otrf-apt29-day1-scranton-nashua,C11-otrf-apt29-day1-scranton-nashua|random|m040|53,random,0.4,53,C11-otrf-apt29-day1-scranton-nashua|random|m040|53|d2|C11-AA-003>C11-AA-004,2,C11-AA-003>C11-AA-004,7.0,6,2,1.0,C11-AA-001,1.0,C11-AA-001,C11-AA-001,target_reached,0,zero,1,1,0,0,0.0,0.0,1,1
C11-otrf-apt29-day1-scranton-nashua,C11-otrf-apt29-day1-scranton-nashua|random|m040|53,random,0.4,53,C11-otrf-apt29-day1-scranton-nashua|random|m040|53|d2|C11-AA-003>C11-AA-005,2,C11-AA-003>C11-AA-005,6.0,6,2,1.0,C11-AA-001,1.0,C11-AA-001,C11-AA-001,target_reached,0,zero,1,1,0,0,0.0,0.0,1,1
C11-otrf-apt29-day1-scranton-nashua,C11-otrf-apt29-day1-scranton-nashua|random|m040|53,random,0.4,53,C11-otrf-apt29-day1-scranton-nashua|random|m040|53|d2|C11-AA-004>C11-AA-005,2,C11-AA-004>C11-AA-005,7.0,6,2,1.0,C11-AA-001,1.0,C11-AA-001,C11-AA-001,target_reached,0,zero,1,1,0,0,0.0,0.0,1,1
C11-otrf-apt29-day1-scranton-nashua,C11-otrf-apt29-day1-scranton-nashua|random|m060|11,random,0.6,11,C11-otrf-apt29-day1-scranton-nashua|random|m060|11|d0|root,0,,10.0,3,5,3.0,C11-AA-001>C11-AA-003,4.0,C11-AA-001>C11-AA-004>C11-AA-003,C11-AA-001>C11-AA-003>C11-AA-003,target_reached,1,positive,1,1,0,0,1.0,0.3333333333333333,0,1
C11-otrf-apt29-day1-scranton-nashua,C11-otrf-apt29-day1-scranton-nashua|random|m060|11,random,0.6,11,C11-otrf-apt29-day1-scranton-nashua|random|m060|11|d1|C11-AA-001,1,C11-AA-001,9.0,4,4,2.0,C11-AA-003,3.0,C11-AA-004>C11-AA-003,C11-AA-003>C11-AA-003,target_reached,1,positive,1,1,0,0,1.0,0.5,0,0
C11-otrf-apt29-day1-scranton-nashua,C11-otrf-apt29-day1-scranton-nashua|random|m060|11,random,0.6,11,C11-otrf-apt29-day1-scranton-nashua|random|m060|11|d1|C11-AA-002,1,C11-AA-002,8.0,3,5,3.0,C11-AA-001>C11-AA-003,4.0,C11-AA-001>C11-AA-004>C11-AA-003,C11-AA-001>C11-AA-003>C11-AA-003,target_reached,1,positive,1,1,0,0,1.0,0.3333333333333333,0,1
C11-otrf-apt29-day1-scranton-nashua,C11-otrf-apt29-day1-scranton-nashua|random|m060|11,random,0.6,11,C11-otrf-apt29-day1-scranton-nashua|random|m060|11|d1|C11-AA-003,1,C11-AA-003,8.0,5,3,1.0,C11-AA-001,1.0,C11-AA-001,C11-AA-001,target_reached,0,zero,1,1,0,0,0.0,0.0,1,1
C11-otrf-apt29-day1-scranton-nashua,C11-otrf-apt29-day1-scranton-nashua|random|m060|11,random,0.6,11,C11-otrf-apt29-day1-scranton-nashua|random|m060|11|d1|C11-AA-004,1,C11-AA-004,9.0,4,4,3.0,C11-AA-001>C11-AA-003,3.0,C11-AA-001>C11-AA-003,C11-AA-001>C11-AA-003,target_reached,0,zero,1,1,0,0,0.0,0.0,1,1
C11-otrf-apt29-day1-scranton-nashua,C11-otrf-apt29-day1-scranton-nashua|random|m060|11,random,0.6,11,C11-otrf-apt29-day1-scranton-nashua|random|m060|11|d1|C11-AA-005,1,C11-AA-005,8.0,4,4,3.0,C11-AA-001>C11-AA-003,4.0,C11-AA-001>C11-AA-004>C11-AA-003,C11-AA-001>C11-AA-003>C11-AA-003,target_reached,1,positive,1,1,0,0,1.0,0.3333333333333333,0,1
C11-otrf-apt29-day1-scranton-nashua,C11-otrf-apt29-day1-scranton-nashua|random|m060|11,random,0.6,11,C11-otrf-apt29-day1-scranton-nashua|random|m060|11|d2|C11-AA-001>C11-AA-002,2,C11-AA-001>C11-AA-002,7.0,4,4,2.0,C11-AA-003,3.0,C11-AA-004>C11-AA-003,C11-AA-003>C11-AA-003,target_reached,1,positive,1,1,0,0,1.0,0.5,0,0
C11-otrf-apt29-day1-scranton-nashua,C11-otrf-apt29-day1-scranton-nashua|random|m060|11,random,0.6,11,C11-otrf-apt29-day1-scranton-nashua|random|m060|11|d2|C11-AA-001>C11-AA-004,2,C11-AA-001>C11-AA-004,8.0,5,3,2.0,C11-AA-003,2.0,C11-AA-003,C11-AA-003,target_reached,0,zero,1,1,0,0,0.0,0.0,1,1
C11-otrf-apt29-day1-scranton-nashua,C11-otrf-apt29-day1-scranton-nashua|random|m060|11,random,0.6,11,C11-otrf-apt29-day1-scranton-nashua|random|m060|11|d2|C11-AA-001>C11-AA-005,2,C11-AA-001>C11-AA-005,7.0,5,3,2.0,C11-AA-003,3.0,C11-AA-004>C11-AA-003,C11-AA-003>C11-AA-003,target_reached,1,positive,1,1,0,0,1.0,0.5,0,0
C11-otrf-apt29-day1-scranton-nashua,C11-otrf-apt29-day1-scranton-nashua|random|m060|11,random,0.6,11,C11-otrf-apt29-day1-scranton-nashua|random|m060|11|d2|C11-AA-002>C11-AA-003,2,C11-AA-002>C11-AA-003,6.0,5,3,1.0,C11-AA-001,1.0,C11-AA-001,C11-AA-001,target_reached,0,zero,1,1,0,0,0.0,0.0,1,1
C11-otrf-apt29-day1-scranton-nashua,C11-otrf-apt29-day1-scranton-nashua|random|m060|11,random,0.6,11,C11-otrf-apt29-day1-scranton-nashua|random|m060|11|d2|C11-AA-002>C11-AA-004,2,C11-AA-002>C11-AA-004,7.0,4,4,3.0,C11-AA-001>C11-AA-003,3.0,C11-AA-001>C11-AA-003,C11-AA-001>C11-AA-003,target_reached,0,zero,1,1,0,0,0.0,0.0,1,1
C11-otrf-apt29-day1-scranton-nashua,C11-otrf-apt29-day1-scranton-nashua|random|m060|11,random,0.6,11,C11-otrf-apt29-day1-scranton-nashua|random|m060|11|d2|C11-AA-002>C11-AA-005,2,C11-AA-002>C11-AA-005,6.0,4,4,3.0,C11-AA-001>C11-AA-003,4.0,C11-AA-001>C11-AA-004>C11-AA-003,C11-AA-001>C11-AA-003>C11-AA-003,target_reached,1,positive,1,1,0,0,1.0,0.3333333333333333,0,1
C11-otrf-apt29-day1-scranton-nashua,C11-otrf-apt29-day1-scranton-nashua|random|m060|11,random,0.6,11,C11-otrf-apt29-day1-scranton-nashua|random|m060|11|d2|C11-AA-003>C11-AA-004,2,C11-AA-003>C11-AA-004,7.0,6,2,1.0,C11-AA-001,1.0,C11-AA-001,C11-AA-001,target_reached,0,zero,1,1,0,0,0.0,0.0,1,1
C11-otrf-apt29-day1-scranton-nashua,C11-otrf-apt29-day1-scranton-nashua|random|m060|11,random,0.6,11,C11-otrf-apt29-day1-scranton-nashua|random|m060|11|d2|C11-AA-003>C11-AA-005,2,C11-AA-003>C11-AA-005,6.0,6,2,1.0,C11-AA-001,1.0,C11-AA-001,C11-AA-001,target_reached,0,zero,1,1,0,0,0.0,0.0,1,1
C11-otrf-apt29-day1-scranton-nashua,C11-otrf-apt29-day1-scranton-nashua|random|m060|11,random,0.6,11,C11-otrf-apt29-day1-scranton-nashua|random|m060|11|d2|C11-AA-004>C11-AA-005,2,C11-AA-004>C11-AA-005,7.0,5,3,2.0,C11-AA-003,3.0,C11-AA-001>C11-AA-003,C11-AA-001>C11-AA-003,target_reached,0,positive,1,1,0,0,1.0,0.5,0,0
C11-otrf-apt29-day1-scranton-nashua,C11-otrf-apt29-day1-scranton-nashua|random|m060|23,random,0.6,23,C11-otrf-apt29-day1-scranton-nashua|random|m060|23|d0|root,0,,10.0,3,5,2.0,C11-AA-001>C11-AA-004,2.0,C11-AA-001>C11-AA-004,C11-AA-001>C11-AA-003,target_reached,1,zero,1,1,0,0,0.0,0.0,1,1
C11-otrf-apt29-day1-scranton-nashua,C11-otrf-apt29-day1-scranton-nashua|random|m060|23,random,0.6,23,C11-otrf-apt29-day1-scranton-nashua|random|m060|23|d1|C11-AA-001,1,C11-AA-001,9.0,6,2,1.0,C11-AA-004,1.0,C11-AA-004,C11-AA-003,target_reached,1,zero,1,1,0,0,0.0,0.0,1,1
C11-otrf-apt29-day1-scranton-nashua,C11-otrf-apt29-day1-scranton-nashua|random|m060|23,random,0.6,23,C11-otrf-apt29-day1-scranton-nashua|random|m060|23|d1|C11-AA-002,1,C11-AA-002,8.0,3,5,2.0,C11-AA-001>C11-AA-004,2.0,C11-AA-001>C11-AA-004,C11-AA-001>C11-AA-003,target_reached,1,zero,1,1,0,0,0.0,0.0,1,1
C11-otrf-apt29-day1-scranton-nashua,C11-otrf-apt29-day1-scranton-nashua|random|m060|23,random,0.6,23,C11-otrf-apt29-day1-scranton-nashua|random|m060|23|d1|C11-AA-003,1,C11-AA-003,8.0,4,4,1.0,C11-AA-001,1.0,C11-AA-001,C11-AA-001,target_reached,0,zero,1,1,0,0,0.0,0.0,1,1
C11-otrf-apt29-day1-scranton-nashua,C11-otrf-apt29-day1-scranton-nashua|random|m060|23,random,0.6,23,C11-otrf-apt29-day1-scranton-nashua|random|m060|23|d1|C11-AA-004,1,C11-AA-004,9.0,4,4,1.0,C11-AA-001,1.0,C11-AA-001,C11-AA-001,target_reached,0,zero,1,1,0,0,0.0,0.0,1,1
C11-otrf-apt29-day1-scranton-nashua,C11-otrf-apt29-day1-scranton-nashua|random|m060|23,random,0.6,23,C11-otrf-apt29-day1-scranton-nashua|random|m060|23|d1|C11-AA-005,1,C11-AA-005,8.0,3,5,2.0,C11-AA-001>C11-AA-004,2.0,C11-AA-001>C11-AA-004,C11-AA-001>C11-AA-003,target_reached,1,zero,1,1,0,0,0.0,0.0,1,1
C11-otrf-apt29-day1-scranton-nashua,C11-otrf-apt29-day1-scranton-nashua|random|m060|23,random,0.6,23,C11-otrf-apt29-day1-scranton-nashua|random|m060|23|d2|C11-AA-001>C11-AA-002,2,C11-AA-001>C11-AA-002,7.0,6,2,1.0,C11-AA-004,1.0,C11-AA-004,C11-AA-003,target_reached,1,zero,1,1,0,0,0.0,0.0,1,1
C11-otrf-apt29-day1-scranton-nashua,C11-otrf-apt29-day1-scranton-nashua|random|m060|23,random,0.6,23,C11-otrf-apt29-day1-scranton-nashua|random|m060|23|d2|C11-AA-001>C11-AA-005,2,C11-AA-001>C11-AA-005,7.0,6,2,1.0,C11-AA-004,1.0,C11-AA-004,C11-AA-003,target_reached,1,zero,1,1,0,0,0.0,0.0,1,1
C11-otrf-apt29-day1-scranton-nashua,C11-otrf-apt29-day1-scranton-nashua|random|m060|23,random,0.6,23,C11-otrf-apt29-day1-scranton-nashua|random|m060|23|d2|C11-AA-002>C11-AA-003,2,C11-AA-002>C11-AA-003,6.0,4,4,1.0,C11-AA-001,1.0,C11-AA-001,C11-AA-001,target_reached,0,zero,1,1,0,0,0.0,0.0,1,1
C11-otrf-apt29-day1-scranton-nashua,C11-otrf-apt29-day1-scranton-nashua|random|m060|23,random,0.6,23,C11-otrf-apt29-day1-scranton-nashua|random|m060|23|d2|C11-AA-002>C11-AA-004,2,C11-AA-002>C11-AA-004,7.0,4,4,1.0,C11-AA-001,1.0,C11-AA-001,C11-AA-001,target_reached,0,zero,1,1,0,0,0.0,0.0,1,1
C11-otrf-apt29-day1-scranton-nashua,C11-otrf-apt29-day1-scranton-nashua|random|m060|23,random,0.6,23,C11-otrf-apt29-day1-scranton-nashua|random|m060|23|d2|C11-AA-002>C11-AA-005,2,C11-AA-002>C11-AA-005,6.0,3,5,2.0,C11-AA-001>C11-AA-004,2.0,C11-AA-001>C11-AA-004,C11-AA-001>C11-AA-003,target_reached,1,zero,1,1,0,0,0.0,0.0,1,1
C11-otrf-apt29-day1-scranton-nashua,C11-otrf-apt29-day1-scranton-nashua|random|m060|23,random,0.6,23,C11-otrf-apt29-day1-scranton-nashua|random|m060|23|d2|C11-AA-003>C11-AA-004,2,C11-AA-003>C11-AA-004,7.0,5,3,1.0,C11-AA-001,1.0,C11-AA-001,C11-AA-001,target_reached,0,zero,1,1,0,0,0.0,0.0,1,1
C11-otrf-apt29-day1-scranton-nashua,C11-otrf-apt29-day1-scranton-nashua|random|m060|23,random,0.6,23,C11-otrf-apt29-day1-scranton-nashua|random|m060|23|d2|C11-AA-003>C11-AA-005,2,C11-AA-003>C11-AA-005,6.0,4,4,1.0,C11-AA-001,1.0,C11-AA-001,C11-AA-001,target_reached,0,zero,1,1,0,0,0.0,0.0,1,1
C11-otrf-apt29-day1-scranton-nashua,C11-otrf-apt29-day1-scranton-nashua|random|m060|23,random,0.6,23,C11-otrf-apt29-day1-scranton-nashua|random|m060|23|d2|C11-AA-004>C11-AA-005,2,C11-AA-004>C11-AA-005,7.0,4,4,1.0,C11-AA-001,1.0,C11-AA-001,C11-AA-001,target_reached,0,zero,1,1,0,0,0.0,0.0,1,1
C11-otrf-apt29-day1-scranton-nashua,C11-otrf-apt29-day1-scranton-nashua|random|m060|37,random,0.6,37,C11-otrf-apt29-day1-scranton-nashua|random|m060|37|d0|root,0,,10.0,3,5,4.0,C11-AA-001>C11-AA-002>C11-AA-004,4.0,C11-AA-001>C11-AA-004>C11-AA-002,C11-AA-001>C11-AA-003>C11-AA-002,target_reached,1,zero,1,1,0,0,0.0,0.0,1,1
C11-otrf-apt29-day1-scranton-nashua,C11-otrf-apt29-day1-scranton-nashua|random|m060|37,random,0.6,37,C11-otrf-apt29-day1-scranton-nashua|random|m060|37|d1|C11-AA-001,1,C11-AA-001,9.0,5,3,3.0,C11-AA-002>C11-AA-004,3.0,C11-AA-004>C11-AA-002,C11-AA-003>C11-AA-002,target_reached,1,zero,1,1,0,0,0.0,0.0,1,0
C11-otrf-apt29-day1-scranton-nashua,C11-otrf-apt29-day1-scranton-nashua|random|m060|37,random,0.6,37,C11-otrf-apt29-day1-scranton-nashua|random|m060|37|d1|C11-AA-002,1,C11-AA-002,8.0,4,4,2.0,C11-AA-001>C11-AA-004,2.0,C11-AA-001>C11-AA-004,C11-AA-001>C11-AA-003,target_reached,1,zero,1,1,0,0,0.0,0.0,1,1
C11-otrf-apt29-day1-scranton-nashua,C11-otrf-apt29-day1-scranton-nashua|random|m060|37,random,0.6,37,C11-otrf-apt29-day1-scranton-nashua|random|m060|37|d1|C11-AA-003,1,C11-AA-003,8.0,4,4,2.0,C11-AA-001>C11-AA-004,3.0,C11-AA-001>C11-AA-002,C11-AA-001>C11-AA-002,target_reached,0,positive,1,1,0,0,1.0,0.5,0,1
C11-otrf-apt29-day1-scranton-nashua,C11-otrf-apt29-day1-scranton-nashua|random|m060|37,random,0.6,37,C11-otrf-apt29-day1-scranton-nashua|random|m060|37|d1|C11-AA-004,1,C11-AA-004,9.0,4,4,3.0,C11-AA-001>C11-AA-002,3.0,C11-AA-001>C11-AA-002,C11-AA-001>C11-AA-002,target_reached,0,zero,1,1,0,0,0.0,0.0,1,1
C11-otrf-apt29-day1-scranton-nashua,C11-otrf-apt29-day1-scranton-nashua|random|m060|37,random,0.6,37,C11-otrf-apt29-day1-scranton-nashua|random|m060|37|d1|C11-AA-005,1,C11-AA-005,8.0,3,5,4.0,C11-AA-001>C11-AA-002>C11-AA-004,4.0,C11-AA-001>C11-AA-004>C11-AA-002,C11-AA-001>C11-AA-003>C11-AA-002,target_reached,1,zero,1,1,0,0,0.0,0.0,1,1
C11-otrf-apt29-day1-scranton-nashua,C11-otrf-apt29-day1-scranton-nashua|random|m060|37,random,0.6,37,C11-otrf-apt29-day1-scranton-nashua|random|m060|37|d2|C11-AA-001>C11-AA-002,2,C11-AA-001>C11-AA-002,7.0,6,2,1.0,C11-AA-004,1.0,C11-AA-004,C11-AA-003,target_reached,1,zero,1,1,0,0,0.0,0.0,1,1
C11-otrf-apt29-day1-scranton-nashua,C11-otrf-apt29-day1-scranton-nashua|random|m060|37,random,0.6,37,C11-otrf-apt29-day1-scranton-nashua|random|m060|37|d2|C11-AA-001>C11-AA-003,2,C11-AA-001>C11-AA-003,7.0,6,2,1.0,C11-AA-004,2.0,C11-AA-002,C11-AA-002,target_reached,0,positive,1,1,0,0,1.0,1.0,0,0
C11-otrf-apt29-day1-scranton-nashua,C11-otrf-apt29-day1-scranton-nashua|random|m060|37,random,0.6,37,C11-otrf-apt29-day1-scranton-nashua|random|m060|37|d2|C11-AA-001>C11-AA-004,2,C11-AA-001>C11-AA-004,8.0,6,2,2.0,C11-AA-002,2.0,C11-AA-002,C11-AA-002,target_reached,0,zero,1,1,0,0,0.0,0.0,1,1
C11-otrf-apt29-day1-scranton-nashua,C11-otrf-apt29-day1-scranton-nashua|random|m060|37,random,0.6,37,C11-otrf-apt29-day1-scranton-nashua|random|m060|37|d2|C11-AA-001>C11-AA-005,2,C11-AA-001>C11-AA-005,7.0,5,3,3.0,C11-AA-002>C11-AA-004,3.0,C11-AA-004>C11-AA-002,C11-AA-003>C11-AA-002,target_reached,1,zero,1,1,0,0,0.0,0.0,1,0
C11-otrf-apt29-day1-scranton-nashua,C11-otrf-apt29-day1-scranton-nashua|random|m060|37,random,0.6,37,C11-otrf-apt29-day1-scranton-nashua|random|m060|37|d2|C11-AA-002>C11-AA-003,2,C11-AA-002>C11-AA-003,6.0,5,3,1.0,C11-AA-001,1.0,C11-AA-001,C11-AA-001,target_reached,0,zero,1,1,0,0,0.0,0.0,1,1
C11-otrf-apt29-day1-scranton-nashua,C11-otrf-apt29-day1-scranton-nashua|random|m060|37,random,0.6,37,C11-otrf-apt29-day1-scranton-nashua|random|m060|37|d2|C11-AA-002>C11-AA-004,2,C11-AA-002>C11-AA-004,7.0,5,3,1.0,C11-AA-001,1.0,C11-AA-001,C11-AA-001,target_reached,0,zero,1,1,0,0,0.0,0.0,1,1
C11-otrf-apt29-day1-scranton-nashua,C11-otrf-apt29-day1-scranton-nashua|random|m060|37,random,0.6,37,C11-otrf-apt29-day1-scranton-nashua|random|m060|37|d2|C11-AA-002>C11-AA-005,2,C11-AA-002>C11-AA-005,6.0,4,4,2.0,C11-AA-001>C11-AA-004,2.0,C11-AA-001>C11-AA-004,C11-AA-001>C11-AA-003,target_reached,1,zero,1,1,0,0,0.0,0.0,1,1
C11-otrf-apt29-day1-scranton-nashua,C11-otrf-apt29-day1-scranton-nashua|random|m060|37,random,0.6,37,C11-otrf-apt29-day1-scranton-nashua|random|m060|37|d2|C11-AA-003>C11-AA-004,2,C11-AA-003>C11-AA-004,7.0,5,3,1.0,C11-AA-001,1.0,C11-AA-001,C11-AA-001,target_reached,0,zero,1,1,0,0,0.0,0.0,1,1
C11-otrf-apt29-day1-scranton-nashua,C11-otrf-apt29-day1-scranton-nashua|random|m060|37,random,0.6,37,C11-otrf-apt29-day1-scranton-nashua|random|m060|37|d2|C11-AA-003>C11-AA-005,2,C11-AA-003>C11-AA-005,6.0,4,4,2.0,C11-AA-001>C11-AA-004,3.0,C11-AA-001>C11-AA-002,C11-AA-001>C11-AA-002,target_reached,0,positive,1,1,0,0,1.0,0.5,0,1
C11-otrf-apt29-day1-scranton-nashua,C11-otrf-apt29-day1-scranton-nashua|random|m060|37,random,0.6,37,C11-otrf-apt29-day1-scranton-nashua|random|m060|37|d2|C11-AA-004>C11-AA-005,2,C11-AA-004>C11-AA-005,7.0,4,4,3.0,C11-AA-001>C11-AA-002,3.0,C11-AA-001>C11-AA-002,C11-AA-001>C11-AA-002,target_reached,0,zero,1,1,0,0,0.0,0.0,1,1
C11-otrf-apt29-day1-scranton-nashua,C11-otrf-apt29-day1-scranton-nashua|random|m060|41,random,0.6,41,C11-otrf-apt29-day1-scranton-nashua|random|m060|41|d0|root,0,,10.0,3,5,4.0,C11-AA-001>C11-AA-003>C11-AA-004,5.0,C11-AA-001>C11-AA-003>C11-AA-002,C11-AA-001>C11-AA-003>C11-AA-002,target_reached,0,positive,1,1,0,0,1.0,0.25,0,1
C11-otrf-apt29-day1-scranton-nashua,C11-otrf-apt29-day1-scranton-nashua|random|m060|41,random,0.6,41,C11-otrf-apt29-day1-scranton-nashua|random|m060|41|d1|C11-AA-001,1,C11-AA-001,9.0,4,4,3.0,C11-AA-003>C11-AA-004,4.0,C11-AA-003>C11-AA-002,C11-AA-003>C11-AA-002,target_reached,0,positive,1,1,0,0,1.0,0.3333333333333333,0,1
C11-otrf-apt29-day1-scranton-nashua,C11-otrf-apt29-day1-scranton-nashua|random|m060|41,random,0.6,41,C11-otrf-apt29-day1-scranton-nashua|random|m060|41|d1|C11-AA-002,1,C11-AA-002,8.0,4,4,3.0,C11-AA-001>C11-AA-003,4.0,C11-AA-001>C11-AA-004>C11-AA-003,C11-AA-001>C11-AA-003>C11-AA-003,target_reached,1,positive,1,1,0,0,1.0,0.3333333333333333,0,1
C11-otrf-apt29-day1-scranton-nashua,C11-otrf-apt29-day1-scranton-nashua|random|m060|41,random,0.6,41,C11-otrf-apt29-day1-scranton-nashua|random|m060|41|d1|C11-AA-003,1,C11-AA-003,8.0,5,3,2.0,C11-AA-001>C11-AA-004,3.0,C11-AA-001>C11-AA-002,C11-AA-001>C11-AA-002,target_reached,0,positive,1,1,0,0,1.0,0.5,0,1
C11-otrf-apt29-day1-scranton-nashua,C11-otrf-apt29-day1-scranton-nashua|random|m060|41,random,0.6,41,C11-otrf-apt29-day1-scranton-nashua|random|m060|41|d1|C11-AA-004,1,C11-AA-004,9.0,4,4,3.0,C11-AA-001>C11-AA-003,3.0,C11-AA-001>C11-AA-003,C11-AA-001>C11-AA-003,target_reached,0,zero,1,1,0,0,0.0,0.0,1,1
C11-otrf-apt29-day1-scranton-nashua,C11-otrf-apt29-day1-scranton-nashua|random|m060|41,random,0.6,41,C11-otrf-apt29-day1-scranton-nashua|random|m060|41|d1|C11-AA-005,1,C11-AA-005,8.0,3,5,4.0,C11-AA-001>C11-AA-003>C11-AA-004,5.0,C11-AA-001>C11-AA-003>C11-AA-002,C11-AA-001>C11-AA-003>C11-AA-002,target_reached,0,positive,1,1,0,0,1.0,0.25,0,1
C11-otrf-apt29-day1-scranton-nashua,C11-otrf-apt29-day1-scranton-nashua|random|m060|41,random,0.6,41,C11-otrf-apt29-day1-scranton-nashua|random|m060|41|d2|C11-AA-001>C11-AA-002,2,C11-AA-001>C11-AA-002,7.0,5,3,2.0,C11-AA-003,3.0,C11-AA-004>C11-AA-003,C11-AA-003>C11-AA-003,target_reached,1,positive,1,1,0,0,1.0,0.5,0,0
C11-otrf-apt29-day1-scranton-nashua,C11-otrf-apt29-day1-scranton-nashua|random|m060|41,random,0.6,41,C11-otrf-apt29-day1-scranton-nashua|random|m060|41|d2|C11-AA-001>C11-AA-003,2,C11-AA-001>C11-AA-003,7.0,6,2,1.0,C11-AA-004,2.0,C11-AA-002,C11-AA-002,target_reached,0,positive,1,1,0,0,1.0,1.0,0,0
C11-otrf-apt29-day1-scranton-nashua,C11-otrf-apt29-day1-scranton-nashua|random|m060|41,random,0.6,41,C11-otrf-apt29-day1-scranton-nashua|random|m060|41|d2|C11-AA-001>C11-AA-004,2,C11-AA-001>C11-AA-004,8.0,5,3,2.0,C11-AA-003,2.0,C11-AA-003,C11-AA-003,target_reached,0,zero,1,1,0,0,0.0,0.0,1,1
C11-otrf-apt29-day1-scranton-nashua,C11-otrf-apt29-day1-scranton-nashua|random|m060|41,random,0.6,41,C11-otrf-apt29-day1-scranton-nashua|random|m060|41|d2|C11-AA-001>C11-AA-005,2,C11-AA-001>C11-AA-005,7.0,4,4,3.0,C11-AA-003>C11-AA-004,4.0,C11-AA-003>C11-AA-002,C11-AA-003>C11-AA-002,target_reached,0,positive,1,1,0,0,1.0,0.3333333333333333,0,1
C11-otrf-apt29-day1-scranton-nashua,C11-otrf-apt29-day1-scranton-nashua|random|m060|41,random,0.6,41,C11-otrf-apt29-day1-scranton-nashua|random|m060|41|d2|C11-AA-002>C11-AA-003,2,C11-AA-002>C11-AA-003,6.0,6,2,1.0,C11-AA-001,1.0,C11-AA-001,C11-AA-001,target_reached,0,zero,1,1,0,0,0.0,0.0,1,1
C11-otrf-apt29-day1-scranton-nashua,C11-otrf-apt29-day1-scranton-nashua|random|m060|41,random,0.6,41,C11-otrf-apt29-day1-scranton-nashua|random|m060|41|d2|C11-AA-002>C11-AA-004,2,C11-AA-002>C11-AA-004,7.0,5,3,2.0,C11-AA-003,3.0,C11-AA-001>C11-AA-003,C11-AA-001>C11-AA-003,target_reached,0,positive,1,1,0,0,1.0,0.5,0,0
C11-otrf-apt29-day1-scranton-nashua,C11-otrf-apt29-day1-scranton-nashua|random|m060|41,random,0.6,41,C11-otrf-apt29-day1-scranton-nashua|random|m060|41|d2|C11-AA-002>C11-AA-005,2,C11-AA-002>C11-AA-005,6.0,4,4,3.0,C11-AA-001>C11-AA-003,4.0,C11-AA-001>C11-AA-004>C11-AA-003,C11-AA-001>C11-AA-003>C11-AA-003,target_reached,1,positive,1,1,0,0,1.0,0.3333333333333333,0,1
C11-otrf-apt29-day1-scranton-nashua,C11-otrf-apt29-day1-scranton-nashua|random|m060|41,random,0.6,41,C11-otrf-apt29-day1-scranton-nashua|random|m060|41|d2|C11-AA-003>C11-AA-004,2,C11-AA-003>C11-AA-004,7.0,6,2,1.0,C11-AA-001,1.0,C11-AA-001,C11-AA-001,target_reached,0,zero,1,1,0,0,0.0,0.0,1,1
C11-otrf-apt29-day1-scranton-nashua,C11-otrf-apt29-day1-scranton-nashua|random|m060|41,random,0.6,41,C11-otrf-apt29-day1-scranton-nashua|random|m060|41|d2|C11-AA-003>C11-AA-005,2,C11-AA-003>C11-AA-005,6.0,5,3,2.0,C11-AA-001>C11-AA-004,3.0,C11-AA-001>C11-AA-002,C11-AA-001>C11-AA-002,target_reached,0,positive,1,1,0,0,1.0,0.5,0,1
C11-otrf-apt29-day1-scranton-nashua,C11-otrf-apt29-day1-scranton-nashua|random|m060|41,random,0.6,41,C11-otrf-apt29-day1-scranton-nashua|random|m060|41|d2|C11-AA-004>C11-AA-005,2,C11-AA-004>C11-AA-005,7.0,4,4,3.0,C11-AA-001>C11-AA-003,3.0,C11-AA-001>C11-AA-003,C11-AA-001>C11-AA-003,target_reached,0,zero,1,1,0,0,0.0,0.0,1,1
C11-otrf-apt29-day1-scranton-nashua,C11-otrf-apt29-day1-scranton-nashua|random|m060|53,random,0.6,53,C11-otrf-apt29-day1-scranton-nashua|random|m060|53|d0|root,0,,10.0,3,5,3.0,C11-AA-001>C11-AA-003,3.0,C11-AA-001>C11-AA-003,C11-AA-001>C11-AA-003,target_reached,0,zero,1,1,0,0,0.0,0.0,1,1
C11-otrf-apt29-day1-scranton-nashua,C11-otrf-apt29-day1-scranton-nashua|random|m060|53,random,0.6,53,C11-otrf-apt29-day1-scranton-nashua|random|m060|53|d1|C11-AA-001,1,C11-AA-001,9.0,5,3,2.0,C11-AA-003,2.0,C11-AA-003,C11-AA-003,target_reached,0,zero,1,1,0,0,0.0,0.0,1,1
C11-otrf-apt29-day1-scranton-nashua,C11-otrf-apt29-day1-scranton-nashua|random|m060|53,random,0.6,53,C11-otrf-apt29-day1-scranton-nashua|random|m060|53|d1|C11-AA-002,1,C11-AA-002,8.0,3,5,3.0,C11-AA-001>C11-AA-003,3.0,C11-AA-001>C11-AA-003,C11-AA-001>C11-AA-003,target_reached,0,zero,1,1,0,0,0.0,0.0,1,1
C11-otrf-apt29-day1-scranton-nashua,C11-otrf-apt29-day1-scranton-nashua|random|m060|53,random,0.6,53,C11-otrf-apt29-day1-scranton-nashua|random|m060|53|d1|C11-AA-003,1,C11-AA-003,8.0,4,4,1.0,C11-AA-001,1.0,C11-AA-001,C11-AA-001,target_reached,0,zero,1,1,0,0,0.0,0.0,1,1
C11-otrf-apt29-day1-scranton-nashua,C11-otrf-apt29-day1-scranton-nashua|random|m060|53,random,0.6,53,C11-otrf-apt29-day1-scranton-nashua|random|m060|53|d1|C11-AA-004,1,C11-AA-004,9.0,4,4,3.0,C11-AA-001>C11-AA-003,3.0,C11-AA-001>C11-AA-003,C11-AA-001>C11-AA-003,target_reached,0,zero,1,1,0,0,0.0,0.0,1,1
C11-otrf-apt29-day1-scranton-nashua,C11-otrf-apt29-day1-scranton-nashua|random|m060|53,random,0.6,53,C11-otrf-apt29-day1-scranton-nashua|random|m060|53|d1|C11-AA-005,1,C11-AA-005,8.0,4,4,2.0,C11-AA-001>C11-AA-004,3.0,C11-AA-001>C11-AA-003,C11-AA-001>C11-AA-003,target_reached,0,positive,1,1,0,0,1.0,0.5,0,1
C11-otrf-apt29-day1-scranton-nashua,C11-otrf-apt29-day1-scranton-nashua|random|m060|53,random,0.6,53,C11-otrf-apt29-day1-scranton-nashua|random|m060|53|d2|C11-AA-001>C11-AA-002,2,C11-AA-001>C11-AA-002,7.0,5,3,2.0,C11-AA-003,2.0,C11-AA-003,C11-AA-003,target_reached,0,zero,1,1,0,0,0.0,0.0,1,1
C11-otrf-apt29-day1-scranton-nashua,C11-otrf-apt29-day1-scranton-nashua|random|m060|53,random,0.6,53,C11-otrf-apt29-day1-scranton-nashua|random|m060|53|d2|C11-AA-001>C11-AA-004,2,C11-AA-001>C11-AA-004,8.0,6,2,2.0,C11-AA-003,2.0,C11-AA-003,C11-AA-003,target_reached,0,zero,1,1,0,0,0.0,0.0,1,1
C11-otrf-apt29-day1-scranton-nashua,C11-otrf-apt29-day1-scranton-nashua|random|m060|53,random,0.6,53,C11-otrf-apt29-day1-scranton-nashua|random|m060|53|d2|C11-AA-001>C11-AA-005,2,C11-AA-001>C11-AA-005,7.0,6,2,1.0,C11-AA-004,2.0,C11-AA-003,C11-AA-003,target_reached,0,positive,1,1,0,0,1.0,1.0,0,0
C11-otrf-apt29-day1-scranton-nashua,C11-otrf-apt29-day1-scranton-nashua|random|m060|53,random,0.6,53,C11-otrf-apt29-day1-scranton-nashua|random|m060|53|d2|C11-AA-002>C11-AA-003,2,C11-AA-002>C11-AA-003,6.0,4,4,1.0,C11-AA-001,1.0,C11-AA-001,C11-AA-001,target_reached,0,zero,1,1,0,0,0.0,0.0,1,1
C11-otrf-apt29-day1-scranton-nashua,C11-otrf-apt29-day1-scranton-nashua|random|m060|53,random,0.6,53,C11-otrf-apt29-day1-scranton-nashua|random|m060|53|d2|C11-AA-002>C11-AA-004,2,C11-AA-002>C11-AA-004,7.0,4,4,3.0,C11-AA-001>C11-AA-003,3.0,C11-AA-001>C11-AA-003,C11-AA-001>C11-AA-003,target_reached,0,zero,1,1,0,0,0.0,0.0,1,1
C11-otrf-apt29-day1-scranton-nashua,C11-otrf-apt29-day1-scranton-nashua|random|m060|53,random,0.6,53,C11-otrf-apt29-day1-scranton-nashua|random|m060|53|d2|C11-AA-002>C11-AA-005,2,C11-AA-002>C11-AA-005,6.0,4,4,2.0,C11-AA-001>C11-AA-004,3.0,C11-AA-001>C11-AA-003,C11-AA-001>C11-AA-003,target_reached,0,positive,1,1,0,0,1.0,0.5,0,1
C11-otrf-apt29-day1-scranton-nashua,C11-otrf-apt29-day1-scranton-nashua|random|m060|53,random,0.6,53,C11-otrf-apt29-day1-scranton-nashua|random|m060|53|d2|C11-AA-003>C11-AA-004,2,C11-AA-003>C11-AA-004,7.0,5,3,1.0,C11-AA-001,1.0,C11-AA-001,C11-AA-001,target_reached,0,zero,1,1,0,0,0.0,0.0,1,1
C11-otrf-apt29-day1-scranton-nashua,C11-otrf-apt29-day1-scranton-nashua|random|m060|53,random,0.6,53,C11-otrf-apt29-day1-scranton-nashua|random|m060|53|d2|C11-AA-003>C11-AA-005,2,C11-AA-003>C11-AA-005,6.0,5,3,1.0,C11-AA-001,1.0,C11-AA-001,C11-AA-001,target_reached,0,zero,1,1,0,0,0.0,0.0,1,1
C11-otrf-apt29-day1-scranton-nashua,C11-otrf-apt29-day1-scranton-nashua|random|m060|53,random,0.6,53,C11-otrf-apt29-day1-scranton-nashua|random|m060|53|d2|C11-AA-004>C11-AA-005,2,C11-AA-004>C11-AA-005,7.0,5,3,1.0,C11-AA-001,1.0,C11-AA-001,C11-AA-001,target_reached,0,zero,1,1,0,0,0.0,0.0,1,1
C11-otrf-apt29-day1-scranton-nashua,C11-otrf-apt29-day1-scranton-nashua|stage|m040|11,stage,0.4,11,C11-otrf-apt29-day1-scranton-nashua|stage|m040|11|d0|root,0,,10.0,4,4,3.0,C11-AA-001>C11-AA-002,3.0,C11-AA-001>C11-AA-002,C11-AA-001>C11-AA-002,target_reached,0,zero,1,1,0,0,0.0,0.0,1,1
C11-otrf-apt29-day1-scranton-nashua,C11-otrf-apt29-day1-scranton-nashua|stage|m040|11,stage,0.4,11,C11-otrf-apt29-day1-scranton-nashua|stage|m040|11|d1|C11-AA-001,1,C11-AA-001,9.0,6,2,2.0,C11-AA-002,2.0,C11-AA-002,C11-AA-002,target_reached,0,zero,1,1,0,0,0.0,0.0,1,1
C11-otrf-apt29-day1-scranton-nashua,C11-otrf-apt29-day1-scranton-nashua|stage|m040|11,stage,0.4,11,C11-otrf-apt29-day1-scranton-nashua|stage|m040|11|d1|C11-AA-002,1,C11-AA-002,8.0,5,3,1.0,C11-AA-001,1.0,C11-AA-001,C11-AA-001,target_reached,0,zero,1,1,0,0,0.0,0.0,1,1
C11-otrf-apt29-day1-scranton-nashua,C11-otrf-apt29-day1-scranton-nashua|stage|m040|11,stage,0.4,11,C11-otrf-apt29-day1-scranton-nashua|stage|m040|11|d1|C11-AA-003,1,C11-AA-003,8.0,5,3,1.0,C11-AA-001,1.0,C11-AA-001,C11-AA-001,target_reached,0,zero,1,1,0,0,0.0,0.0,1,1
C11-otrf-apt29-day1-scranton-nashua,C11-otrf-apt29-day1-scranton-nashua|stage|m040|11,stage,0.4,11,C11-otrf-apt29-day1-scranton-nashua|stage|m040|11|d1|C11-AA-004,1,C11-AA-004,9.0,4,4,3.0,C11-AA-001>C11-AA-002,3.0,C11-AA-001>C11-AA-002,C11-AA-001>C11-AA-002,target_reached,0,zero,1,1,0,0,0.0,0.0,1,1
C11-otrf-apt29-day1-scranton-nashua,C11-otrf-apt29-day1-scranton-nashua|stage|m040|11,stage,0.4,11,C11-otrf-apt29-day1-scranton-nashua|stage|m040|11|d1|C11-AA-005,1,C11-AA-005,8.0,4,4,3.0,C11-AA-001>C11-AA-002,3.0,C11-AA-001>C11-AA-002,C11-AA-001>C11-AA-002,target_reached,0,zero,1,1,0,0,0.0,0.0,1,1
C11-otrf-apt29-day1-scranton-nashua,C11-otrf-apt29-day1-scranton-nashua|stage|m040|11,stage,0.4,11,C11-otrf-apt29-day1-scranton-nashua|stage|m040|11|d2|C11-AA-001>C11-AA-004,2,C11-AA-001>C11-AA-004,8.0,6,2,2.0,C11-AA-002,2.0,C11-AA-002,C11-AA-002,target_reached,0,zero,1,1,0,0,0.0,0.0,1,1
C11-otrf-apt29-day1-scranton-nashua,C11-otrf-apt29-day1-scranton-nashua|stage|m040|11,stage,0.4,11,C11-otrf-apt29-day1-scranton-nashua|stage|m040|11|d2|C11-AA-001>C11-AA-005,2,C11-AA-001>C11-AA-005,7.0,6,2,2.0,C11-AA-002,2.0,C11-AA-002,C11-AA-002,target_reached,0,zero,1,1,0,0,0.0,0.0,1,1
C11-otrf-apt29-day1-scranton-nashua,C11-otrf-apt29-day1-scranton-nashua|stage|m040|11,stage,0.4,11,C11-otrf-apt29-day1-scranton-nashua|stage|m040|11|d2|C11-AA-002>C11-AA-003,2,C11-AA-002>C11-AA-003,6.0,6,2,1.0,C11-AA-001,1.0,C11-AA-001,C11-AA-001,target_reached,0,zero,1,1,0,0,0.0,0.0,1,1
C11-otrf-apt29-day1-scranton-nashua,C11-otrf-apt29-day1-scranton-nashua|stage|m040|11,stage,0.4,11,C11-otrf-apt29-day1-scranton-nashua|stage|m040|11|d2|C11-AA-002>C11-AA-004,2,C11-AA-002>C11-AA-004,7.0,5,3,1.0,C11-AA-001,1.0,C11-AA-001,C11-AA-001,target_reached,0,zero,1,1,0,0,0.0,0.0,1,1
C11-otrf-apt29-day1-scranton-nashua,C11-otrf-apt29-day1-scranton-nashua|stage|m040|11,stage,0.4,11,C11-otrf-apt29-day1-scranton-nashua|stage|m040|11|d2|C11-AA-002>C11-AA-005,2,C11-AA-002>C11-AA-005,6.0,5,3,1.0,C11-AA-001,1.0,C11-AA-001,C11-AA-001,target_reached,0,zero,1,1,0,0,0.0,0.0,1,1
C11-otrf-apt29-day1-scranton-nashua,C11-otrf-apt29-day1-scranton-nashua|stage|m040|11,stage,0.4,11,C11-otrf-apt29-day1-scranton-nashua|stage|m040|11|d2|C11-AA-003>C11-AA-004,2,C11-AA-003>C11-AA-004,7.0,5,3,1.0,C11-AA-001,1.0,C11-AA-001,C11-AA-001,target_reached,0,zero,1,1,0,0,0.0,0.0,1,1
C11-otrf-apt29-day1-scranton-nashua,C11-otrf-apt29-day1-scranton-nashua|stage|m040|11,stage,0.4,11,C11-otrf-apt29-day1-scranton-nashua|stage|m040|11|d2|C11-AA-003>C11-AA-005,2,C11-AA-003>C11-AA-005,6.0,5,3,1.0,C11-AA-001,1.0,C11-AA-001,C11-AA-001,target_reached,0,zero,1,1,0,0,0.0,0.0,1,1
C11-otrf-apt29-day1-scranton-nashua,C11-otrf-apt29-day1-scranton-nashua|stage|m040|11,stage,0.4,11,C11-otrf-apt29-day1-scranton-nashua|stage|m040|11|d2|C11-AA-004>C11-AA-005,2,C11-AA-004>C11-AA-005,7.0,4,4,3.0,C11-AA-001>C11-AA-002,3.0,C11-AA-001>C11-AA-002,C11-AA-001>C11-AA-002,target_reached,0,zero,1,1,0,0,0.0,0.0,1,1
C11-otrf-apt29-day1-scranton-nashua,C11-otrf-apt29-day1-scranton-nashua|stage|m040|23,stage,0.4,23,C11-otrf-apt29-day1-scranton-nashua|stage|m040|23|d0|root,0,,10.0,4,4,3.0,C11-AA-001>C11-AA-002,3.0,C11-AA-001>C11-AA-002,C11-AA-001>C11-AA-002,target_reached,0,zero,1,1,0,0,0.0,0.0,1,1
C11-otrf-apt29-day1-scranton-nashua,C11-otrf-apt29-day1-scranton-nashua|stage|m040|23,stage,0.4,23,C11-otrf-apt29-day1-scranton-nashua|stage|m040|23|d1|C11-AA-001,1,C11-AA-001,9.0,6,2,2.0,C11-AA-002,2.0,C11-AA-002,C11-AA-002,target_reached,0,zero,1,1,0,0,0.0,0.0,1,1
C11-otrf-apt29-day1-scranton-nashua,C11-otrf-apt29-day1-scranton-nashua|stage|m040|23,stage,0.4,23,C11-otrf-apt29-day1-scranton-nashua|stage|m040|23|d1|C11-AA-002,1,C11-AA-002,8.0,5,3,1.0,C11-AA-001,1.0,C11-AA-001,C11-AA-001,target_reached,0,zero,1,1,0,0,0.0,0.0,1,1
C11-otrf-apt29-day1-scranton-nashua,C11-otrf-apt29-day1-scranton-nashua|stage|m040|23,stage,0.4,23,C11-otrf-apt29-day1-scranton-nashua|stage|m040|23|d1|C11-AA-003,1,C11-AA-003,8.0,5,3,1.0,C11-AA-001,1.0,C11-AA-001,C11-AA-001,target_reached,0,zero,1,1,0,0,0.0,0.0,1,1
C11-otrf-apt29-day1-scranton-nashua,C11-otrf-apt29-day1-scranton-nashua|stage|m040|23,stage,0.4,23,C11-otrf-apt29-day1-scranton-nashua|stage|m040|23|d1|C11-AA-004,1,C11-AA-004,9.0,4,4,3.0,C11-AA-001>C11-AA-002,3.0,C11-AA-001>C11-AA-002,C11-AA-001>C11-AA-002,target_reached,0,zero,1,1,0,0,0.0,0.0,1,1
C11-otrf-apt29-day1-scranton-nashua,C11-otrf-apt29-day1-scranton-nashua|stage|m040|23,stage,0.4,23,C11-otrf-apt29-day1-scranton-nashua|stage|m040|23|d1|C11-AA-005,1,C11-AA-005,8.0,4,4,3.0,C11-AA-001>C11-AA-002,3.0,C11-AA-001>C11-AA-002,C11-AA-001>C11-AA-002,target_reached,0,zero,1,1,0,0,0.0,0.0,1,1
C11-otrf-apt29-day1-scranton-nashua,C11-otrf-apt29-day1-scranton-nashua|stage|m040|23,stage,0.4,23,C11-otrf-apt29-day1-scranton-nashua|stage|m040|23|d2|C11-AA-001>C11-AA-004,2,C11-AA-001>C11-AA-004,8.0,6,2,2.0,C11-AA-002,2.0,C11-AA-002,C11-AA-002,target_reached,0,zero,1,1,0,0,0.0,0.0,1,1
C11-otrf-apt29-day1-scranton-nashua,C11-otrf-apt29-day1-scranton-nashua|stage|m040|23,stage,0.4,23,C11-otrf-apt29-day1-scranton-nashua|stage|m040|23|d2|C11-AA-001>C11-AA-005,2,C11-AA-001>C11-AA-005,7.0,6,2,2.0,C11-AA-002,2.0,C11-AA-002,C11-AA-002,target_reached,0,zero,1,1,0,0,0.0,0.0,1,1
C11-otrf-apt29-day1-scranton-nashua,C11-otrf-apt29-day1-scranton-nashua|stage|m040|23,stage,0.4,23,C11-otrf-apt29-day1-scranton-nashua|stage|m040|23|d2|C11-AA-002>C11-AA-003,2,C11-AA-002>C11-AA-003,6.0,6,2,1.0,C11-AA-001,1.0,C11-AA-001,C11-AA-001,target_reached,0,zero,1,1,0,0,0.0,0.0,1,1
C11-otrf-apt29-day1-scranton-nashua,C11-otrf-apt29-day1-scranton-nashua|stage|m040|23,stage,0.4,23,C11-otrf-apt29-day1-scranton-nashua|stage|m040|23|d2|C11-AA-002>C11-AA-004,2,C11-AA-002>C11-AA-004,7.0,5,3,1.0,C11-AA-001,1.0,C11-AA-001,C11-AA-001,target_reached,0,zero,1,1,0,0,0.0,0.0,1,1
C11-otrf-apt29-day1-scranton-nashua,C11-otrf-apt29-day1-scranton-nashua|stage|m040|23,stage,0.4,23,C11-otrf-apt29-day1-scranton-nashua|stage|m040|23|d2|C11-AA-002>C11-AA-005,2,C11-AA-002>C11-AA-005,6.0,5,3,1.0,C11-AA-001,1.0,C11-AA-001,C11-AA-001,target_reached,0,zero,1,1,0,0,0.0,0.0,1,1
C11-otrf-apt29-day1-scranton-nashua,C11-otrf-apt29-day1-scranton-nashua|stage|m040|23,stage,0.4,23,C11-otrf-apt29-day1-scranton-nashua|stage|m040|23|d2|C11-AA-003>C11-AA-004,2,C11-AA-003>C11-AA-004,7.0,5,3,1.0,C11-AA-001,1.0,C11-AA-001,C11-AA-001,target_reached,0,zero,1,1,0,0,0.0,0.0,1,1
C11-otrf-apt29-day1-scranton-nashua,C11-otrf-apt29-day1-scranton-nashua|stage|m040|23,stage,0.4,23,C11-otrf-apt29-day1-scranton-nashua|stage|m040|23|d2|C11-AA-003>C11-AA-005,2,C11-AA-003>C11-AA-005,6.0,5,3,1.0,C11-AA-001,1.0,C11-AA-001,C11-AA-001,target_reached,0,zero,1,1,0,0,0.0,0.0,1,1
C11-otrf-apt29-day1-scranton-nashua,C11-otrf-apt29-day1-scranton-nashua|stage|m040|23,stage,0.4,23,C11-otrf-apt29-day1-scranton-nashua|stage|m040|23|d2|C11-AA-004>C11-AA-005,2,C11-AA-004>C11-AA-005,7.0,4,4,3.0,C11-AA-001>C11-AA-002,3.0,C11-AA-001>C11-AA-002,C11-AA-001>C11-AA-002,target_reached,0,zero,1,1,0,0,0.0,0.0,1,1
C11-otrf-apt29-day1-scranton-nashua,C11-otrf-apt29-day1-scranton-nashua|stage|m040|37,stage,0.4,37,C11-otrf-apt29-day1-scranton-nashua|stage|m040|37|d0|root,0,,10.0,4,4,3.0,C11-AA-001>C11-AA-002,3.0,C11-AA-001>C11-AA-002,C11-AA-001>C11-AA-002,target_reached,0,zero,1,1,0,0,0.0,0.0,1,1
C11-otrf-apt29-day1-scranton-nashua,C11-otrf-apt29-day1-scranton-nashua|stage|m040|37,stage,0.4,37,C11-otrf-apt29-day1-scranton-nashua|stage|m040|37|d1|C11-AA-001,1,C11-AA-001,9.0,6,2,2.0,C11-AA-002,2.0,C11-AA-002,C11-AA-002,target_reached,0,zero,1,1,0,0,0.0,0.0,1,1
C11-otrf-apt29-day1-scranton-nashua,C11-otrf-apt29-day1-scranton-nashua|stage|m040|37,stage,0.4,37,C11-otrf-apt29-day1-scranton-nashua|stage|m040|37|d1|C11-AA-002,1,C11-AA-002,8.0,5,3,1.0,C11-AA-001,1.0,C11-AA-001,C11-AA-001,target_reached,0,zero,1,1,0,0,0.0,0.0,1,1
C11-otrf-apt29-day1-scranton-nashua,C11-otrf-apt29-day1-scranton-nashua|stage|m040|37,stage,0.4,37,C11-otrf-apt29-day1-scranton-nashua|stage|m040|37|d1|C11-AA-003,1,C11-AA-003,8.0,5,3,1.0,C11-AA-001,1.0,C11-AA-001,C11-AA-001,target_reached,0,zero,1,1,0,0,0.0,0.0,1,1
C11-otrf-apt29-day1-scranton-nashua,C11-otrf-apt29-day1-scranton-nashua|stage|m040|37,stage,0.4,37,C11-otrf-apt29-day1-scranton-nashua|stage|m040|37|d1|C11-AA-004,1,C11-AA-004,9.0,4,4,3.0,C11-AA-001>C11-AA-002,3.0,C11-AA-001>C11-AA-002,C11-AA-001>C11-AA-002,target_reached,0,zero,1,1,0,0,0.0,0.0,1,1
C11-otrf-apt29-day1-scranton-nashua,C11-otrf-apt29-day1-scranton-nashua|stage|m040|37,stage,0.4,37,C11-otrf-apt29-day1-scranton-nashua|stage|m040|37|d1|C11-AA-005,1,C11-AA-005,8.0,4,4,3.0,C11-AA-001>C11-AA-002,3.0,C11-AA-001>C11-AA-002,C11-AA-001>C11-AA-002,target_reached,0,zero,1,1,0,0,0.0,0.0,1,1
C11-otrf-apt29-day1-scranton-nashua,C11-otrf-apt29-day1-scranton-nashua|stage|m040|37,stage,0.4,37,C11-otrf-apt29-day1-scranton-nashua|stage|m040|37|d2|C11-AA-001>C11-AA-004,2,C11-AA-001>C11-AA-004,8.0,6,2,2.0,C11-AA-002,2.0,C11-AA-002,C11-AA-002,target_reached,0,zero,1,1,0,0,0.0,0.0,1,1
C11-otrf-apt29-day1-scranton-nashua,C11-otrf-apt29-day1-scranton-nashua|stage|m040|37,stage,0.4,37,C11-otrf-apt29-day1-scranton-nashua|stage|m040|37|d2|C11-AA-001>C11-AA-005,2,C11-AA-001>C11-AA-005,7.0,6,2,2.0,C11-AA-002,2.0,C11-AA-002,C11-AA-002,target_reached,0,zero,1,1,0,0,0.0,0.0,1,1
C11-otrf-apt29-day1-scranton-nashua,C11-otrf-apt29-day1-scranton-nashua|stage|m040|37,stage,0.4,37,C11-otrf-apt29-day1-scranton-nashua|stage|m040|37|d2|C11-AA-002>C11-AA-003,2,C11-AA-002>C11-AA-003,6.0,6,2,1.0,C11-AA-001,1.0,C11-AA-001,C11-AA-001,target_reached,0,zero,1,1,0,0,0.0,0.0,1,1
C11-otrf-apt29-day1-scranton-nashua,C11-otrf-apt29-day1-scranton-nashua|stage|m040|37,stage,0.4,37,C11-otrf-apt29-day1-scranton-nashua|stage|m040|37|d2|C11-AA-002>C11-AA-004,2,C11-AA-002>C11-AA-004,7.0,5,3,1.0,C11-AA-001,1.0,C11-AA-001,C11-AA-001,target_reached,0,zero,1,1,0,0,0.0,0.0,1,1
C11-otrf-apt29-day1-scranton-nashua,C11-otrf-apt29-day1-scranton-nashua|stage|m040|37,stage,0.4,37,C11-otrf-apt29-day1-scranton-nashua|stage|m040|37|d2|C11-AA-002>C11-AA-005,2,C11-AA-002>C11-AA-005,6.0,5,3,1.0,C11-AA-001,1.0,C11-AA-001,C11-AA-001,target_reached,0,zero,1,1,0,0,0.0,0.0,1,1
C11-otrf-apt29-day1-scranton-nashua,C11-otrf-apt29-day1-scranton-nashua|stage|m040|37,stage,0.4,37,C11-otrf-apt29-day1-scranton-nashua|stage|m040|37|d2|C11-AA-003>C11-AA-004,2,C11-AA-003>C11-AA-004,7.0,5,3,1.0,C11-AA-001,1.0,C11-AA-001,C11-AA-001,target_reached,0,zero,1,1,0,0,0.0,0.0,1,1
C11-otrf-apt29-day1-scranton-nashua,C11-otrf-apt29-day1-scranton-nashua|stage|m040|37,stage,0.4,37,C11-otrf-apt29-day1-scranton-nashua|stage|m040|37|d2|C11-AA-003>C11-AA-005,2,C11-AA-003>C11-AA-005,6.0,5,3,1.0,C11-AA-001,1.0,C11-AA-001,C11-AA-001,target_reached,0,zero,1,1,0,0,0.0,0.0,1,1
C11-otrf-apt29-day1-scranton-nashua,C11-otrf-apt29-day1-scranton-nashua|stage|m040|37,stage,0.4,37,C11-otrf-apt29-day1-scranton-nashua|stage|m040|37|d2|C11-AA-004>C11-AA-005,2,C11-AA-004>C11-AA-005,7.0,4,4,3.0,C11-AA-001>C11-AA-002,3.0,C11-AA-001>C11-AA-002,C11-AA-001>C11-AA-002,target_reached,0,zero,1,1,0,0,0.0,0.0,1,1
C11-otrf-apt29-day1-scranton-nashua,C11-otrf-apt29-day1-scranton-nashua|stage|m040|41,stage,0.4,41,C11-otrf-apt29-day1-scranton-nashua|stage|m040|41|d0|root,0,,10.0,4,4,3.0,C11-AA-001>C11-AA-002,3.0,C11-AA-001>C11-AA-002,C11-AA-001>C11-AA-002,target_reached,0,zero,1,1,0,0,0.0,0.0,1,1
C11-otrf-apt29-day1-scranton-nashua,C11-otrf-apt29-day1-scranton-nashua|stage|m040|41,stage,0.4,41,C11-otrf-apt29-day1-scranton-nashua|stage|m040|41|d1|C11-AA-001,1,C11-AA-001,9.0,6,2,2.0,C11-AA-002,2.0,C11-AA-002,C11-AA-002,target_reached,0,zero,1,1,0,0,0.0,0.0,1,1
C11-otrf-apt29-day1-scranton-nashua,C11-otrf-apt29-day1-scranton-nashua|stage|m040|41,stage,0.4,41,C11-otrf-apt29-day1-scranton-nashua|stage|m040|41|d1|C11-AA-002,1,C11-AA-002,8.0,5,3,1.0,C11-AA-001,1.0,C11-AA-001,C11-AA-001,target_reached,0,zero,1,1,0,0,0.0,0.0,1,1
C11-otrf-apt29-day1-scranton-nashua,C11-otrf-apt29-day1-scranton-nashua|stage|m040|41,stage,0.4,41,C11-otrf-apt29-day1-scranton-nashua|stage|m040|41|d1|C11-AA-003,1,C11-AA-003,8.0,5,3,1.0,C11-AA-001,1.0,C11-AA-001,C11-AA-001,target_reached,0,zero,1,1,0,0,0.0,0.0,1,1
C11-otrf-apt29-day1-scranton-nashua,C11-otrf-apt29-day1-scranton-nashua|stage|m040|41,stage,0.4,41,C11-otrf-apt29-day1-scranton-nashua|stage|m040|41|d1|C11-AA-004,1,C11-AA-004,9.0,4,4,3.0,C11-AA-001>C11-AA-002,3.0,C11-AA-001>C11-AA-002,C11-AA-001>C11-AA-002,target_reached,0,zero,1,1,0,0,0.0,0.0,1,1
C11-otrf-apt29-day1-scranton-nashua,C11-otrf-apt29-day1-scranton-nashua|stage|m040|41,stage,0.4,41,C11-otrf-apt29-day1-scranton-nashua|stage|m040|41|d1|C11-AA-005,1,C11-AA-005,8.0,4,4,3.0,C11-AA-001>C11-AA-002,3.0,C11-AA-001>C11-AA-002,C11-AA-001>C11-AA-002,target_reached,0,zero,1,1,0,0,0.0,0.0,1,1
C11-otrf-apt29-day1-scranton-nashua,C11-otrf-apt29-day1-scranton-nashua|stage|m040|41,stage,0.4,41,C11-otrf-apt29-day1-scranton-nashua|stage|m040|41|d2|C11-AA-001>C11-AA-004,2,C11-AA-001>C11-AA-004,8.0,6,2,2.0,C11-AA-002,2.0,C11-AA-002,C11-AA-002,target_reached,0,zero,1,1,0,0,0.0,0.0,1,1
C11-otrf-apt29-day1-scranton-nashua,C11-otrf-apt29-day1-scranton-nashua|stage|m040|41,stage,0.4,41,C11-otrf-apt29-day1-scranton-nashua|stage|m040|41|d2|C11-AA-001>C11-AA-005,2,C11-AA-001>C11-AA-005,7.0,6,2,2.0,C11-AA-002,2.0,C11-AA-002,C11-AA-002,target_reached,0,zero,1,1,0,0,0.0,0.0,1,1
C11-otrf-apt29-day1-scranton-nashua,C11-otrf-apt29-day1-scranton-nashua|stage|m040|41,stage,0.4,41,C11-otrf-apt29-day1-scranton-nashua|stage|m040|41|d2|C11-AA-002>C11-AA-003,2,C11-AA-002>C11-AA-003,6.0,6,2,1.0,C11-AA-001,1.0,C11-AA-001,C11-AA-001,target_reached,0,zero,1,1,0,0,0.0,0.0,1,1
C11-otrf-apt29-day1-scranton-nashua,C11-otrf-apt29-day1-scranton-nashua|stage|m040|41,stage,0.4,41,C11-otrf-apt29-day1-scranton-nashua|stage|m040|41|d2|C11-AA-002>C11-AA-004,2,C11-AA-002>C11-AA-004,7.0,5,3,1.0,C11-AA-001,1.0,C11-AA-001,C11-AA-001,target_reached,0,zero,1,1,0,0,0.0,0.0,1,1
C11-otrf-apt29-day1-scranton-nashua,C11-otrf-apt29-day1-scranton-nashua|stage|m040|41,stage,0.4,41,C11-otrf-apt29-day1-scranton-nashua|stage|m040|41|d2|C11-AA-002>C11-AA-005,2,C11-AA-002>C11-AA-005,6.0,5,3,1.0,C11-AA-001,1.0,C11-AA-001,C11-AA-001,target_reached,0,zero,1,1,0,0,0.0,0.0,1,1
C11-otrf-apt29-day1-scranton-nashua,C11-otrf-apt29-day1-scranton-nashua|stage|m040|41,stage,0.4,41,C11-otrf-apt29-day1-scranton-nashua|stage|m040|41|d2|C11-AA-003>C11-AA-004,2,C11-AA-003>C11-AA-004,7.0,5,3,1.0,C11-AA-001,1.0,C11-AA-001,C11-AA-001,target_reached,0,zero,1,1,0,0,0.0,0.0,1,1
C11-otrf-apt29-day1-scranton-nashua,C11-otrf-apt29-day1-scranton-nashua|stage|m040|41,stage,0.4,41,C11-otrf-apt29-day1-scranton-nashua|stage|m040|41|d2|C11-AA-003>C11-AA-005,2,C11-AA-003>C11-AA-005,6.0,5,3,1.0,C11-AA-001,1.0,C11-AA-001,C11-AA-001,target_reached,0,zero,1,1,0,0,0.0,0.0,1,1
C11-otrf-apt29-day1-scranton-nashua,C11-otrf-apt29-day1-scranton-nashua|stage|m040|41,stage,0.4,41,C11-otrf-apt29-day1-scranton-nashua|stage|m040|41|d2|C11-AA-004>C11-AA-005,2,C11-AA-004>C11-AA-005,7.0,4,4,3.0,C11-AA-001>C11-AA-002,3.0,C11-AA-001>C11-AA-002,C11-AA-001>C11-AA-002,target_reached,0,zero,1,1,0,0,0.0,0.0,1,1
C11-otrf-apt29-day1-scranton-nashua,C11-otrf-apt29-day1-scranton-nashua|stage|m040|53,stage,0.4,53,C11-otrf-apt29-day1-scranton-nashua|stage|m040|53|d0|root,0,,10.0,4,4,3.0,C11-AA-001>C11-AA-002,3.0,C11-AA-001>C11-AA-002,C11-AA-001>C11-AA-002,target_reached,0,zero,1,1,0,0,0.0,0.0,1,1
C11-otrf-apt29-day1-scranton-nashua,C11-otrf-apt29-day1-scranton-nashua|stage|m040|53,stage,0.4,53,C11-otrf-apt29-day1-scranton-nashua|stage|m040|53|d1|C11-AA-001,1,C11-AA-001,9.0,6,2,2.0,C11-AA-002,2.0,C11-AA-002,C11-AA-002,target_reached,0,zero,1,1,0,0,0.0,0.0,1,1
C11-otrf-apt29-day1-scranton-nashua,C11-otrf-apt29-day1-scranton-nashua|stage|m040|53,stage,0.4,53,C11-otrf-apt29-day1-scranton-nashua|stage|m040|53|d1|C11-AA-002,1,C11-AA-002,8.0,5,3,1.0,C11-AA-001,1.0,C11-AA-001,C11-AA-001,target_reached,0,zero,1,1,0,0,0.0,0.0,1,1
C11-otrf-apt29-day1-scranton-nashua,C11-otrf-apt29-day1-scranton-nashua|stage|m040|53,stage,0.4,53,C11-otrf-apt29-day1-scranton-nashua|stage|m040|53|d1|C11-AA-003,1,C11-AA-003,8.0,5,3,1.0,C11-AA-001,1.0,C11-AA-001,C11-AA-001,target_reached,0,zero,1,1,0,0,0.0,0.0,1,1
C11-otrf-apt29-day1-scranton-nashua,C11-otrf-apt29-day1-scranton-nashua|stage|m040|53,stage,0.4,53,C11-otrf-apt29-day1-scranton-nashua|stage|m040|53|d1|C11-AA-004,1,C11-AA-004,9.0,4,4,3.0,C11-AA-001>C11-AA-002,3.0,C11-AA-001>C11-AA-002,C11-AA-001>C11-AA-002,target_reached,0,zero,1,1,0,0,0.0,0.0,1,1
C11-otrf-apt29-day1-scranton-nashua,C11-otrf-apt29-day1-scranton-nashua|stage|m040|53,stage,0.4,53,C11-otrf-apt29-day1-scranton-nashua|stage|m040|53|d1|C11-AA-005,1,C11-AA-005,8.0,4,4,3.0,C11-AA-001>C11-AA-002,3.0,C11-AA-001>C11-AA-002,C11-AA-001>C11-AA-002,target_reached,0,zero,1,1,0,0,0.0,0.0,1,1
C11-otrf-apt29-day1-scranton-nashua,C11-otrf-apt29-day1-scranton-nashua|stage|m040|53,stage,0.4,53,C11-otrf-apt29-day1-scranton-nashua|stage|m040|53|d2|C11-AA-001>C11-AA-004,2,C11-AA-001>C11-AA-004,8.0,6,2,2.0,C11-AA-002,2.0,C11-AA-002,C11-AA-002,target_reached,0,zero,1,1,0,0,0.0,0.0,1,1
C11-otrf-apt29-day1-scranton-nashua,C11-otrf-apt29-day1-scranton-nashua|stage|m040|53,stage,0.4,53,C11-otrf-apt29-day1-scranton-nashua|stage|m040|53|d2|C11-AA-001>C11-AA-005,2,C11-AA-001>C11-AA-005,7.0,6,2,2.0,C11-AA-002,2.0,C11-AA-002,C11-AA-002,target_reached,0,zero,1,1,0,0,0.0,0.0,1,1
C11-otrf-apt29-day1-scranton-nashua,C11-otrf-apt29-day1-scranton-nashua|stage|m040|53,stage,0.4,53,C11-otrf-apt29-day1-scranton-nashua|stage|m040|53|d2|C11-AA-002>C11-AA-003,2,C11-AA-002>C11-AA-003,6.0,6,2,1.0,C11-AA-001,1.0,C11-AA-001,C11-AA-001,target_reached,0,zero,1,1,0,0,0.0,0.0,1,1
C11-otrf-apt29-day1-scranton-nashua,C11-otrf-apt29-day1-scranton-nashua|stage|m040|53,stage,0.4,53,C11-otrf-apt29-day1-scranton-nashua|stage|m040|53|d2|C11-AA-002>C11-AA-004,2,C11-AA-002>C11-AA-004,7.0,5,3,1.0,C11-AA-001,1.0,C11-AA-001,C11-AA-001,target_reached,0,zero,1,1,0,0,0.0,0.0,1,1
C11-otrf-apt29-day1-scranton-nashua,C11-otrf-apt29-day1-scranton-nashua|stage|m040|53,stage,0.4,53,C11-otrf-apt29-day1-scranton-nashua|stage|m040|53|d2|C11-AA-002>C11-AA-005,2,C11-AA-002>C11-AA-005,6.0,5,3,1.0,C11-AA-001,1.0,C11-AA-001,C11-AA-001,target_reached,0,zero,1,1,0,0,0.0,0.0,1,1
C11-otrf-apt29-day1-scranton-nashua,C11-otrf-apt29-day1-scranton-nashua|stage|m040|53,stage,0.4,53,C11-otrf-apt29-day1-scranton-nashua|stage|m040|53|d2|C11-AA-003>C11-AA-004,2,C11-AA-003>C11-AA-004,7.0,5,3,1.0,C11-AA-001,1.0,C11-AA-001,C11-AA-001,target_reached,0,zero,1,1,0,0,0.0,0.0,1,1
C11-otrf-apt29-day1-scranton-nashua,C11-otrf-apt29-day1-scranton-nashua|stage|m040|53,stage,0.4,53,C11-otrf-apt29-day1-scranton-nashua|stage|m040|53|d2|C11-AA-003>C11-AA-005,2,C11-AA-003>C11-AA-005,6.0,5,3,1.0,C11-AA-001,1.0,C11-AA-001,C11-AA-001,target_reached,0,zero,1,1,0,0,0.0,0.0,1,1
C11-otrf-apt29-day1-scranton-nashua,C11-otrf-apt29-day1-scranton-nashua|stage|m040|53,stage,0.4,53,C11-otrf-apt29-day1-scranton-nashua|stage|m040|53|d2|C11-AA-004>C11-AA-005,2,C11-AA-004>C11-AA-005,7.0,4,4,3.0,C11-AA-001>C11-AA-002,3.0,C11-AA-001>C11-AA-002,C11-AA-001>C11-AA-002,target_reached,0,zero,1,1,0,0,0.0,0.0,1,1
C11-otrf-apt29-day1-scranton-nashua,C11-otrf-apt29-day1-scranton-nashua|stage|m060|11,stage,0.6,11,C11-otrf-apt29-day1-scranton-nashua|stage|m060|11|d0|root,0,,10.0,3,5,3.0,C11-AA-001>C11-AA-002,3.0,C11-AA-001>C11-AA-002,C11-AA-001>C11-AA-002,target_reached,0,zero,1,1,0,0,0.0,0.0,1,1
C11-otrf-apt29-day1-scranton-nashua,C11-otrf-apt29-day1-scranton-nashua|stage|m060|11,stage,0.6,11,C11-otrf-apt29-day1-scranton-nashua|stage|m060|11|d1|C11-AA-001,1,C11-AA-001,9.0,6,2,2.0,C11-AA-002,2.0,C11-AA-002,C11-AA-002,target_reached,0,zero,1,1,0,0,0.0,0.0,1,1
C11-otrf-apt29-day1-scranton-nashua,C11-otrf-apt29-day1-scranton-nashua|stage|m060|11,stage,0.6,11,C11-otrf-apt29-day1-scranton-nashua|stage|m060|11|d1|C11-AA-002,1,C11-AA-002,8.0,4,4,1.0,C11-AA-001,1.0,C11-AA-001,C11-AA-001,target_reached,0,zero,1,1,0,0,0.0,0.0,1,1
C11-otrf-apt29-day1-scranton-nashua,C11-otrf-apt29-day1-scranton-nashua|stage|m060|11,stage,0.6,11,C11-otrf-apt29-day1-scranton-nashua|stage|m060|11|d1|C11-AA-003,1,C11-AA-003,8.0,4,4,1.0,C11-AA-001,1.0,C11-AA-001,C11-AA-001,target_reached,0,zero,1,1,0,0,0.0,0.0,1,1
C11-otrf-apt29-day1-scranton-nashua,C11-otrf-apt29-day1-scranton-nashua|stage|m060|11,stage,0.6,11,C11-otrf-apt29-day1-scranton-nashua|stage|m060|11|d1|C11-AA-004,1,C11-AA-004,9.0,3,5,3.0,C11-AA-001>C11-AA-002,3.0,C11-AA-001>C11-AA-002,C11-AA-001>C11-AA-002,target_reached,0,zero,1,1,0,0,0.0,0.0,1,1
C11-otrf-apt29-day1-scranton-nashua,C11-otrf-apt29-day1-scranton-nashua|stage|m060|11,stage,0.6,11,C11-otrf-apt29-day1-scranton-nashua|stage|m060|11|d1|C11-AA-005,1,C11-AA-005,8.0,3,5,3.0,C11-AA-001>C11-AA-002,3.0,C11-AA-001>C11-AA-002,C11-AA-001>C11-AA-002,target_reached,0,zero,1,1,0,0,0.0,0.0,1,1
C11-otrf-apt29-day1-scranton-nashua,C11-otrf-apt29-day1-scranton-nashua|stage|m060|11,stage,0.6,11,C11-otrf-apt29-day1-scranton-nashua|stage|m060|11|d2|C11-AA-001>C11-AA-004,2,C11-AA-001>C11-AA-004,8.0,6,2,2.0,C11-AA-002,2.0,C11-AA-002,C11-AA-002,target_reached,0,zero,1,1,0,0,0.0,0.0,1,1
C11-otrf-apt29-day1-scranton-nashua,C11-otrf-apt29-day1-scranton-nashua|stage|m060|11,stage,0.6,11,C11-otrf-apt29-day1-scranton-nashua|stage|m060|11|d2|C11-AA-001>C11-AA-005,2,C11-AA-001>C11-AA-005,7.0,6,2,2.0,C11-AA-002,2.0,C11-AA-002,C11-AA-002,target_reached,0,zero,1,1,0,0,0.0,0.0,1,1
C11-otrf-apt29-day1-scranton-nashua,C11-otrf-apt29-day1-scranton-nashua|stage|m060|11,stage,0.6,11,C11-otrf-apt29-day1-scranton-nashua|stage|m060|11|d2|C11-AA-002>C11-AA-003,2,C11-AA-002>C11-AA-003,6.0,5,3,1.0,C11-AA-001,1.0,C11-AA-001,C11-AA-001,target_reached,0,zero,1,1,0,0,0.0,0.0,1,1
C11-otrf-apt29-day1-scranton-nashua,C11-otrf-apt29-day1-scranton-nashua|stage|m060|11,stage,0.6,11,C11-otrf-apt29-day1-scranton-nashua|stage|m060|11|d2|C11-AA-002>C11-AA-004,2,C11-AA-002>C11-AA-004,7.0,4,4,1.0,C11-AA-001,1.0,C11-AA-001,C11-AA-001,target_reached,0,zero,1,1,0,0,0.0,0.0,1,1
C11-otrf-apt29-day1-scranton-nashua,C11-otrf-apt29-day1-scranton-nashua|stage|m060|11,stage,0.6,11,C11-otrf-apt29-day1-scranton-nashua|stage|m060|11|d2|C11-AA-002>C11-AA-005,2,C11-AA-002>C11-AA-005,6.0,4,4,1.0,C11-AA-001,1.0,C11-AA-001,C11-AA-001,target_reached,0,zero,1,1,0,0,0.0,0.0,1,1
C11-otrf-apt29-day1-scranton-nashua,C11-otrf-apt29-day1-scranton-nashua|stage|m060|11,stage,0.6,11,C11-otrf-apt29-day1-scranton-nashua|stage|m060|11|d2|C11-AA-003>C11-AA-004,2,C11-AA-003>C11-AA-004,7.0,4,4,1.0,C11-AA-001,1.0,C11-AA-001,C11-AA-001,target_reached,0,zero,1,1,0,0,0.0,0.0,1,1
C11-otrf-apt29-day1-scranton-nashua,C11-otrf-apt29-day1-scranton-nashua|stage|m060|11,stage,0.6,11,C11-otrf-apt29-day1-scranton-nashua|stage|m060|11|d2|C11-AA-003>C11-AA-005,2,C11-AA-003>C11-AA-005,6.0,4,4,1.0,C11-AA-001,1.0,C11-AA-001,C11-AA-001,target_reached,0,zero,1,1,0,0,0.0,0.0,1,1
C11-otrf-apt29-day1-scranton-nashua,C11-otrf-apt29-day1-scranton-nashua|stage|m060|11,stage,0.6,11,C11-otrf-apt29-day1-scranton-nashua|stage|m060|11|d2|C11-AA-004>C11-AA-005,2,C11-AA-004>C11-AA-005,7.0,3,5,3.0,C11-AA-001>C11-AA-002,3.0,C11-AA-001>C11-AA-002,C11-AA-001>C11-AA-002,target_reached,0,zero,1,1,0,0,0.0,0.0,1,1
C11-otrf-apt29-day1-scranton-nashua,C11-otrf-apt29-day1-scranton-nashua|stage|m060|23,stage,0.6,23,C11-otrf-apt29-day1-scranton-nashua|stage|m060|23|d0|root,0,,10.0,3,5,3.0,C11-AA-001>C11-AA-002,3.0,C11-AA-001>C11-AA-002,C11-AA-001>C11-AA-002,target_reached,0,zero,1,1,0,0,0.0,0.0,1,1
C11-otrf-apt29-day1-scranton-nashua,C11-otrf-apt29-day1-scranton-nashua|stage|m060|23,stage,0.6,23,C11-otrf-apt29-day1-scranton-nashua|stage|m060|23|d1|C11-AA-001,1,C11-AA-001,9.0,6,2,2.0,C11-AA-002,2.0,C11-AA-002,C11-AA-002,target_reached,0,zero,1,1,0,0,0.0,0.0,1,1
C11-otrf-apt29-day1-scranton-nashua,C11-otrf-apt29-day1-scranton-nashua|stage|m060|23,stage,0.6,23,C11-otrf-apt29-day1-scranton-nashua|stage|m060|23|d1|C11-AA-002,1,C11-AA-002,8.0,4,4,1.0,C11-AA-001,1.0,C11-AA-001,C11-AA-001,target_reached,0,zero,1,1,0,0,0.0,0.0,1,1
C11-otrf-apt29-day1-scranton-nashua,C11-otrf-apt29-day1-scranton-nashua|stage|m060|23,stage,0.6,23,C11-otrf-apt29-day1-scranton-nashua|stage|m060|23|d1|C11-AA-003,1,C11-AA-003,8.0,4,4,1.0,C11-AA-001,1.0,C11-AA-001,C11-AA-001,target_reached,0,zero,1,1,0,0,0.0,0.0,1,1
C11-otrf-apt29-day1-scranton-nashua,C11-otrf-apt29-day1-scranton-nashua|stage|m060|23,stage,0.6,23,C11-otrf-apt29-day1-scranton-nashua|stage|m060|23|d1|C11-AA-004,1,C11-AA-004,9.0,3,5,3.0,C11-AA-001>C11-AA-002,3.0,C11-AA-001>C11-AA-002,C11-AA-001>C11-AA-002,target_reached,0,zero,1,1,0,0,0.0,0.0,1,1
C11-otrf-apt29-day1-scranton-nashua,C11-otrf-apt29-day1-scranton-nashua|stage|m060|23,stage,0.6,23,C11-otrf-apt29-day1-scranton-nashua|stage|m060|23|d1|C11-AA-005,1,C11-AA-005,8.0,3,5,3.0,C11-AA-001>C11-AA-002,3.0,C11-AA-001>C11-AA-002,C11-AA-001>C11-AA-002,target_reached,0,zero,1,1,0,0,0.0,0.0,1,1
C11-otrf-apt29-day1-scranton-nashua,C11-otrf-apt29-day1-scranton-nashua|stage|m060|23,stage,0.6,23,C11-otrf-apt29-day1-scranton-nashua|stage|m060|23|d2|C11-AA-001>C11-AA-004,2,C11-AA-001>C11-AA-004,8.0,6,2,2.0,C11-AA-002,2.0,C11-AA-002,C11-AA-002,target_reached,0,zero,1,1,0,0,0.0,0.0,1,1
C11-otrf-apt29-day1-scranton-nashua,C11-otrf-apt29-day1-scranton-nashua|stage|m060|23,stage,0.6,23,C11-otrf-apt29-day1-scranton-nashua|stage|m060|23|d2|C11-AA-001>C11-AA-005,2,C11-AA-001>C11-AA-005,7.0,6,2,2.0,C11-AA-002,2.0,C11-AA-002,C11-AA-002,target_reached,0,zero,1,1,0,0,0.0,0.0,1,1
C11-otrf-apt29-day1-scranton-nashua,C11-otrf-apt29-day1-scranton-nashua|stage|m060|23,stage,0.6,23,C11-otrf-apt29-day1-scranton-nashua|stage|m060|23|d2|C11-AA-002>C11-AA-003,2,C11-AA-002>C11-AA-003,6.0,5,3,1.0,C11-AA-001,1.0,C11-AA-001,C11-AA-001,target_reached,0,zero,1,1,0,0,0.0,0.0,1,1
C11-otrf-apt29-day1-scranton-nashua,C11-otrf-apt29-day1-scranton-nashua|stage|m060|23,stage,0.6,23,C11-otrf-apt29-day1-scranton-nashua|stage|m060|23|d2|C11-AA-002>C11-AA-004,2,C11-AA-002>C11-AA-004,7.0,4,4,1.0,C11-AA-001,1.0,C11-AA-001,C11-AA-001,target_reached,0,zero,1,1,0,0,0.0,0.0,1,1
C11-otrf-apt29-day1-scranton-nashua,C11-otrf-apt29-day1-scranton-nashua|stage|m060|23,stage,0.6,23,C11-otrf-apt29-day1-scranton-nashua|stage|m060|23|d2|C11-AA-002>C11-AA-005,2,C11-AA-002>C11-AA-005,6.0,4,4,1.0,C11-AA-001,1.0,C11-AA-001,C11-AA-001,target_reached,0,zero,1,1,0,0,0.0,0.0,1,1
C11-otrf-apt29-day1-scranton-nashua,C11-otrf-apt29-day1-scranton-nashua|stage|m060|23,stage,0.6,23,C11-otrf-apt29-day1-scranton-nashua|stage|m060|23|d2|C11-AA-003>C11-AA-004,2,C11-AA-003>C11-AA-004,7.0,4,4,1.0,C11-AA-001,1.0,C11-AA-001,C11-AA-001,target_reached,0,zero,1,1,0,0,0.0,0.0,1,1
C11-otrf-apt29-day1-scranton-nashua,C11-otrf-apt29-day1-scranton-nashua|stage|m060|23,stage,0.6,23,C11-otrf-apt29-day1-scranton-nashua|stage|m060|23|d2|C11-AA-003>C11-AA-005,2,C11-AA-003>C11-AA-005,6.0,4,4,1.0,C11-AA-001,1.0,C11-AA-001,C11-AA-001,target_reached,0,zero,1,1,0,0,0.0,0.0,1,1
C11-otrf-apt29-day1-scranton-nashua,C11-otrf-apt29-day1-scranton-nashua|stage|m060|23,stage,0.6,23,C11-otrf-apt29-day1-scranton-nashua|stage|m060|23|d2|C11-AA-004>C11-AA-005,2,C11-AA-004>C11-AA-005,7.0,3,5,3.0,C11-AA-001>C11-AA-002,3.0,C11-AA-001>C11-AA-002,C11-AA-001>C11-AA-002,target_reached,0,zero,1,1,0,0,0.0,0.0,1,1
C11-otrf-apt29-day1-scranton-nashua,C11-otrf-apt29-day1-scranton-nashua|stage|m060|37,stage,0.6,37,C11-otrf-apt29-day1-scranton-nashua|stage|m060|37|d0|root,0,,10.0,3,5,3.0,C11-AA-001>C11-AA-002,3.0,C11-AA-001>C11-AA-002,C11-AA-001>C11-AA-002,target_reached,0,zero,1,1,0,0,0.0,0.0,1,1
C11-otrf-apt29-day1-scranton-nashua,C11-otrf-apt29-day1-scranton-nashua|stage|m060|37,stage,0.6,37,C11-otrf-apt29-day1-scranton-nashua|stage|m060|37|d1|C11-AA-001,1,C11-AA-001,9.0,6,2,2.0,C11-AA-002,2.0,C11-AA-002,C11-AA-002,target_reached,0,zero,1,1,0,0,0.0,0.0,1,1
C11-otrf-apt29-day1-scranton-nashua,C11-otrf-apt29-day1-scranton-nashua|stage|m060|37,stage,0.6,37,C11-otrf-apt29-day1-scranton-nashua|stage|m060|37|d1|C11-AA-002,1,C11-AA-002,8.0,4,4,1.0,C11-AA-001,1.0,C11-AA-001,C11-AA-001,target_reached,0,zero,1,1,0,0,0.0,0.0,1,1
C11-otrf-apt29-day1-scranton-nashua,C11-otrf-apt29-day1-scranton-nashua|stage|m060|37,stage,0.6,37,C11-otrf-apt29-day1-scranton-nashua|stage|m060|37|d1|C11-AA-003,1,C11-AA-003,8.0,4,4,1.0,C11-AA-001,1.0,C11-AA-001,C11-AA-001,target_reached,0,zero,1,1,0,0,0.0,0.0,1,1
C11-otrf-apt29-day1-scranton-nashua,C11-otrf-apt29-day1-scranton-nashua|stage|m060|37,stage,0.6,37,C11-otrf-apt29-day1-scranton-nashua|stage|m060|37|d1|C11-AA-004,1,C11-AA-004,9.0,3,5,3.0,C11-AA-001>C11-AA-002,3.0,C11-AA-001>C11-AA-002,C11-AA-001>C11-AA-002,target_reached,0,zero,1,1,0,0,0.0,0.0,1,1
C11-otrf-apt29-day1-scranton-nashua,C11-otrf-apt29-day1-scranton-nashua|stage|m060|37,stage,0.6,37,C11-otrf-apt29-day1-scranton-nashua|stage|m060|37|d1|C11-AA-005,1,C11-AA-005,8.0,3,5,3.0,C11-AA-001>C11-AA-002,3.0,C11-AA-001>C11-AA-002,C11-AA-001>C11-AA-002,target_reached,0,zero,1,1,0,0,0.0,0.0,1,1
C11-otrf-apt29-day1-scranton-nashua,C11-otrf-apt29-day1-scranton-nashua|stage|m060|37,stage,0.6,37,C11-otrf-apt29-day1-scranton-nashua|stage|m060|37|d2|C11-AA-001>C11-AA-004,2,C11-AA-001>C11-AA-004,8.0,6,2,2.0,C11-AA-002,2.0,C11-AA-002,C11-AA-002,target_reached,0,zero,1,1,0,0,0.0,0.0,1,1
C11-otrf-apt29-day1-scranton-nashua,C11-otrf-apt29-day1-scranton-nashua|stage|m060|37,stage,0.6,37,C11-otrf-apt29-day1-scranton-nashua|stage|m060|37|d2|C11-AA-001>C11-AA-005,2,C11-AA-001>C11-AA-005,7.0,6,2,2.0,C11-AA-002,2.0,C11-AA-002,C11-AA-002,target_reached,0,zero,1,1,0,0,0.0,0.0,1,1
C11-otrf-apt29-day1-scranton-nashua,C11-otrf-apt29-day1-scranton-nashua|stage|m060|37,stage,0.6,37,C11-otrf-apt29-day1-scranton-nashua|stage|m060|37|d2|C11-AA-002>C11-AA-003,2,C11-AA-002>C11-AA-003,6.0,5,3,1.0,C11-AA-001,1.0,C11-AA-001,C11-AA-001,target_reached,0,zero,1,1,0,0,0.0,0.0,1,1
C11-otrf-apt29-day1-scranton-nashua,C11-otrf-apt29-day1-scranton-nashua|stage|m060|37,stage,0.6,37,C11-otrf-apt29-day1-scranton-nashua|stage|m060|37|d2|C11-AA-002>C11-AA-004,2,C11-AA-002>C11-AA-004,7.0,4,4,1.0,C11-AA-001,1.0,C11-AA-001,C11-AA-001,target_reached,0,zero,1,1,0,0,0.0,0.0,1,1
C11-otrf-apt29-day1-scranton-nashua,C11-otrf-apt29-day1-scranton-nashua|stage|m060|37,stage,0.6,37,C11-otrf-apt29-day1-scranton-nashua|stage|m060|37|d2|C11-AA-002>C11-AA-005,2,C11-AA-002>C11-AA-005,6.0,4,4,1.0,C11-AA-001,1.0,C11-AA-001,C11-AA-001,target_reached,0,zero,1,1,0,0,0.0,0.0,1,1
C11-otrf-apt29-day1-scranton-nashua,C11-otrf-apt29-day1-scranton-nashua|stage|m060|37,stage,0.6,37,C11-otrf-apt29-day1-scranton-nashua|stage|m060|37|d2|C11-AA-003>C11-AA-004,2,C11-AA-003>C11-AA-004,7.0,4,4,1.0,C11-AA-001,1.0,C11-AA-001,C11-AA-001,target_reached,0,zero,1,1,0,0,0.0,0.0,1,1
C11-otrf-apt29-day1-scranton-nashua,C11-otrf-apt29-day1-scranton-nashua|stage|m060|37,stage,0.6,37,C11-otrf-apt29-day1-scranton-nashua|stage|m060|37|d2|C11-AA-003>C11-AA-005,2,C11-AA-003>C11-AA-005,6.0,4,4,1.0,C11-AA-001,1.0,C11-AA-001,C11-AA-001,target_reached,0,zero,1,1,0,0,0.0,0.0,1,1
C11-otrf-apt29-day1-scranton-nashua,C11-otrf-apt29-day1-scranton-nashua|stage|m060|37,stage,0.6,37,C11-otrf-apt29-day1-scranton-nashua|stage|m060|37|d2|C11-AA-004>C11-AA-005,2,C11-AA-004>C11-AA-005,7.0,3,5,3.0,C11-AA-001>C11-AA-002,3.0,C11-AA-001>C11-AA-002,C11-AA-001>C11-AA-002,target_reached,0,zero,1,1,0,0,0.0,0.0,1,1
C11-otrf-apt29-day1-scranton-nashua,C11-otrf-apt29-day1-scranton-nashua|stage|m060|41,stage,0.6,41,C11-otrf-apt29-day1-scranton-nashua|stage|m060|41|d0|root,0,,10.0,3,5,3.0,C11-AA-001>C11-AA-002,3.0,C11-AA-001>C11-AA-002,C11-AA-001>C11-AA-002,target_reached,0,zero,1,1,0,0,0.0,0.0,1,1
C11-otrf-apt29-day1-scranton-nashua,C11-otrf-apt29-day1-scranton-nashua|stage|m060|41,stage,0.6,41,C11-otrf-apt29-day1-scranton-nashua|stage|m060|41|d1|C11-AA-001,1,C11-AA-001,9.0,6,2,2.0,C11-AA-002,2.0,C11-AA-002,C11-AA-002,target_reached,0,zero,1,1,0,0,0.0,0.0,1,1
C11-otrf-apt29-day1-scranton-nashua,C11-otrf-apt29-day1-scranton-nashua|stage|m060|41,stage,0.6,41,C11-otrf-apt29-day1-scranton-nashua|stage|m060|41|d1|C11-AA-002,1,C11-AA-002,8.0,4,4,1.0,C11-AA-001,1.0,C11-AA-001,C11-AA-001,target_reached,0,zero,1,1,0,0,0.0,0.0,1,1
C11-otrf-apt29-day1-scranton-nashua,C11-otrf-apt29-day1-scranton-nashua|stage|m060|41,stage,0.6,41,C11-otrf-apt29-day1-scranton-nashua|stage|m060|41|d1|C11-AA-003,1,C11-AA-003,8.0,4,4,1.0,C11-AA-001,1.0,C11-AA-001,C11-AA-001,target_reached,0,zero,1,1,0,0,0.0,0.0,1,1
C11-otrf-apt29-day1-scranton-nashua,C11-otrf-apt29-day1-scranton-nashua|stage|m060|41,stage,0.6,41,C11-otrf-apt29-day1-scranton-nashua|stage|m060|41|d1|C11-AA-004,1,C11-AA-004,9.0,3,5,3.0,C11-AA-001>C11-AA-002,3.0,C11-AA-001>C11-AA-002,C11-AA-001>C11-AA-002,target_reached,0,zero,1,1,0,0,0.0,0.0,1,1
C11-otrf-apt29-day1-scranton-nashua,C11-otrf-apt29-day1-scranton-nashua|stage|m060|41,stage,0.6,41,C11-otrf-apt29-day1-scranton-nashua|stage|m060|41|d1|C11-AA-005,1,C11-AA-005,8.0,3,5,3.0,C11-AA-001>C11-AA-002,3.0,C11-AA-001>C11-AA-002,C11-AA-001>C11-AA-002,target_reached,0,zero,1,1,0,0,0.0,0.0,1,1
C11-otrf-apt29-day1-scranton-nashua,C11-otrf-apt29-day1-scranton-nashua|stage|m060|41,stage,0.6,41,C11-otrf-apt29-day1-scranton-nashua|stage|m060|41|d2|C11-AA-001>C11-AA-004,2,C11-AA-001>C11-AA-004,8.0,6,2,2.0,C11-AA-002,2.0,C11-AA-002,C11-AA-002,target_reached,0,zero,1,1,0,0,0.0,0.0,1,1
C11-otrf-apt29-day1-scranton-nashua,C11-otrf-apt29-day1-scranton-nashua|stage|m060|41,stage,0.6,41,C11-otrf-apt29-day1-scranton-nashua|stage|m060|41|d2|C11-AA-001>C11-AA-005,2,C11-AA-001>C11-AA-005,7.0,6,2,2.0,C11-AA-002,2.0,C11-AA-002,C11-AA-002,target_reached,0,zero,1,1,0,0,0.0,0.0,1,1
C11-otrf-apt29-day1-scranton-nashua,C11-otrf-apt29-day1-scranton-nashua|stage|m060|41,stage,0.6,41,C11-otrf-apt29-day1-scranton-nashua|stage|m060|41|d2|C11-AA-002>C11-AA-003,2,C11-AA-002>C11-AA-003,6.0,5,3,1.0,C11-AA-001,1.0,C11-AA-001,C11-AA-001,target_reached,0,zero,1,1,0,0,0.0,0.0,1,1
C11-otrf-apt29-day1-scranton-nashua,C11-otrf-apt29-day1-scranton-nashua|stage|m060|41,stage,0.6,41,C11-otrf-apt29-day1-scranton-nashua|stage|m060|41|d2|C11-AA-002>C11-AA-004,2,C11-AA-002>C11-AA-004,7.0,4,4,1.0,C11-AA-001,1.0,C11-AA-001,C11-AA-001,target_reached,0,zero,1,1,0,0,0.0,0.0,1,1
C11-otrf-apt29-day1-scranton-nashua,C11-otrf-apt29-day1-scranton-nashua|stage|m060|41,stage,0.6,41,C11-otrf-apt29-day1-scranton-nashua|stage|m060|41|d2|C11-AA-002>C11-AA-005,2,C11-AA-002>C11-AA-005,6.0,4,4,1.0,C11-AA-001,1.0,C11-AA-001,C11-AA-001,target_reached,0,zero,1,1,0,0,0.0,0.0,1,1
C11-otrf-apt29-day1-scranton-nashua,C11-otrf-apt29-day1-scranton-nashua|stage|m060|41,stage,0.6,41,C11-otrf-apt29-day1-scranton-nashua|stage|m060|41|d2|C11-AA-003>C11-AA-004,2,C11-AA-003>C11-AA-004,7.0,4,4,1.0,C11-AA-001,1.0,C11-AA-001,C11-AA-001,target_reached,0,zero,1,1,0,0,0.0,0.0,1,1
C11-otrf-apt29-day1-scranton-nashua,C11-otrf-apt29-day1-scranton-nashua|stage|m060|41,stage,0.6,41,C11-otrf-apt29-day1-scranton-nashua|stage|m060|41|d2|C11-AA-003>C11-AA-005,2,C11-AA-003>C11-AA-005,6.0,4,4,1.0,C11-AA-001,1.0,C11-AA-001,C11-AA-001,target_reached,0,zero,1,1,0,0,0.0,0.0,1,1
C11-otrf-apt29-day1-scranton-nashua,C11-otrf-apt29-day1-scranton-nashua|stage|m060|41,stage,0.6,41,C11-otrf-apt29-day1-scranton-nashua|stage|m060|41|d2|C11-AA-004>C11-AA-005,2,C11-AA-004>C11-AA-005,7.0,3,5,3.0,C11-AA-001>C11-AA-002,3.0,C11-AA-001>C11-AA-002,C11-AA-001>C11-AA-002,target_reached,0,zero,1,1,0,0,0.0,0.0,1,1
C11-otrf-apt29-day1-scranton-nashua,C11-otrf-apt29-day1-scranton-nashua|stage|m060|53,stage,0.6,53,C11-otrf-apt29-day1-scranton-nashua|stage|m060|53|d0|root,0,,10.0,3,5,3.0,C11-AA-001>C11-AA-002,3.0,C11-AA-001>C11-AA-002,C11-AA-001>C11-AA-002,target_reached,0,zero,1,1,0,0,0.0,0.0,1,1
C11-otrf-apt29-day1-scranton-nashua,C11-otrf-apt29-day1-scranton-nashua|stage|m060|53,stage,0.6,53,C11-otrf-apt29-day1-scranton-nashua|stage|m060|53|d1|C11-AA-001,1,C11-AA-001,9.0,6,2,2.0,C11-AA-002,2.0,C11-AA-002,C11-AA-002,target_reached,0,zero,1,1,0,0,0.0,0.0,1,1
C11-otrf-apt29-day1-scranton-nashua,C11-otrf-apt29-day1-scranton-nashua|stage|m060|53,stage,0.6,53,C11-otrf-apt29-day1-scranton-nashua|stage|m060|53|d1|C11-AA-002,1,C11-AA-002,8.0,4,4,1.0,C11-AA-001,1.0,C11-AA-001,C11-AA-001,target_reached,0,zero,1,1,0,0,0.0,0.0,1,1
C11-otrf-apt29-day1-scranton-nashua,C11-otrf-apt29-day1-scranton-nashua|stage|m060|53,stage,0.6,53,C11-otrf-apt29-day1-scranton-nashua|stage|m060|53|d1|C11-AA-003,1,C11-AA-003,8.0,4,4,1.0,C11-AA-001,1.0,C11-AA-001,C11-AA-001,target_reached,0,zero,1,1,0,0,0.0,0.0,1,1
C11-otrf-apt29-day1-scranton-nashua,C11-otrf-apt29-day1-scranton-nashua|stage|m060|53,stage,0.6,53,C11-otrf-apt29-day1-scranton-nashua|stage|m060|53|d1|C11-AA-004,1,C11-AA-004,9.0,3,5,3.0,C11-AA-001>C11-AA-002,3.0,C11-AA-001>C11-AA-002,C11-AA-001>C11-AA-002,target_reached,0,zero,1,1,0,0,0.0,0.0,1,1
C11-otrf-apt29-day1-scranton-nashua,C11-otrf-apt29-day1-scranton-nashua|stage|m060|53,stage,0.6,53,C11-otrf-apt29-day1-scranton-nashua|stage|m060|53|d1|C11-AA-005,1,C11-AA-005,8.0,3,5,3.0,C11-AA-001>C11-AA-002,3.0,C11-AA-001>C11-AA-002,C11-AA-001>C11-AA-002,target_reached,0,zero,1,1,0,0,0.0,0.0,1,1
C11-otrf-apt29-day1-scranton-nashua,C11-otrf-apt29-day1-scranton-nashua|stage|m060|53,stage,0.6,53,C11-otrf-apt29-day1-scranton-nashua|stage|m060|53|d2|C11-AA-001>C11-AA-004,2,C11-AA-001>C11-AA-004,8.0,6,2,2.0,C11-AA-002,2.0,C11-AA-002,C11-AA-002,target_reached,0,zero,1,1,0,0,0.0,0.0,1,1
C11-otrf-apt29-day1-scranton-nashua,C11-otrf-apt29-day1-scranton-nashua|stage|m060|53,stage,0.6,53,C11-otrf-apt29-day1-scranton-nashua|stage|m060|53|d2|C11-AA-001>C11-AA-005,2,C11-AA-001>C11-AA-005,7.0,6,2,2.0,C11-AA-002,2.0,C11-AA-002,C11-AA-002,target_reached,0,zero,1,1,0,0,0.0,0.0,1,1
C11-otrf-apt29-day1-scranton-nashua,C11-otrf-apt29-day1-scranton-nashua|stage|m060|53,stage,0.6,53,C11-otrf-apt29-day1-scranton-nashua|stage|m060|53|d2|C11-AA-002>C11-AA-003,2,C11-AA-002>C11-AA-003,6.0,5,3,1.0,C11-AA-001,1.0,C11-AA-001,C11-AA-001,target_reached,0,zero,1,1,0,0,0.0,0.0,1,1
C11-otrf-apt29-day1-scranton-nashua,C11-otrf-apt29-day1-scranton-nashua|stage|m060|53,stage,0.6,53,C11-otrf-apt29-day1-scranton-nashua|stage|m060|53|d2|C11-AA-002>C11-AA-004,2,C11-AA-002>C11-AA-004,7.0,4,4,1.0,C11-AA-001,1.0,C11-AA-001,C11-AA-001,target_reached,0,zero,1,1,0,0,0.0,0.0,1,1
C11-otrf-apt29-day1-scranton-nashua,C11-otrf-apt29-day1-scranton-nashua|stage|m060|53,stage,0.6,53,C11-otrf-apt29-day1-scranton-nashua|stage|m060|53|d2|C11-AA-002>C11-AA-005,2,C11-AA-002>C11-AA-005,6.0,4,4,1.0,C11-AA-001,1.0,C11-AA-001,C11-AA-001,target_reached,0,zero,1,1,0,0,0.0,0.0,1,1
C11-otrf-apt29-day1-scranton-nashua,C11-otrf-apt29-day1-scranton-nashua|stage|m060|53,stage,0.6,53,C11-otrf-apt29-day1-scranton-nashua|stage|m060|53|d2|C11-AA-003>C11-AA-004,2,C11-AA-003>C11-AA-004,7.0,4,4,1.0,C11-AA-001,1.0,C11-AA-001,C11-AA-001,target_reached,0,zero,1,1,0,0,0.0,0.0,1,1
C11-otrf-apt29-day1-scranton-nashua,C11-otrf-apt29-day1-scranton-nashua|stage|m060|53,stage,0.6,53,C11-otrf-apt29-day1-scranton-nashua|stage|m060|53|d2|C11-AA-003>C11-AA-005,2,C11-AA-003>C11-AA-005,6.0,4,4,1.0,C11-AA-001,1.0,C11-AA-001,C11-AA-001,target_reached,0,zero,1,1,0,0,0.0,0.0,1,1
C11-otrf-apt29-day1-scranton-nashua,C11-otrf-apt29-day1-scranton-nashua|stage|m060|53,stage,0.6,53,C11-otrf-apt29-day1-scranton-nashua|stage|m060|53|d2|C11-AA-004>C11-AA-005,2,C11-AA-004>C11-AA-005,7.0,3,5,3.0,C11-AA-001>C11-AA-002,3.0,C11-AA-001>C11-AA-002,C11-AA-001>C11-AA-002,target_reached,0,zero,1,1,0,0,0.0,0.0,1,1
C11-otrf-apt29-day1-scranton-nashua,C11-otrf-apt29-day1-scranton-nashua|discriminative|m040|11,discriminative,0.4,11,C11-otrf-apt29-day1-scranton-nashua|discriminative|m040|11|d0|root,0,,10.0,4,4,3.0,C11-AA-001>C11-AA-002,3.0,C11-AA-001>C11-AA-002,C11-AA-001>C11-AA-002,target_reached,0,zero,1,1,0,0,0.0,0.0,1,1
C11-otrf-apt29-day1-scranton-nashua,C11-otrf-apt29-day1-scranton-nashua|discriminative|m040|11,discriminative,0.4,11,C11-otrf-apt29-day1-scranton-nashua|discriminative|m040|11|d1|C11-AA-001,1,C11-AA-001,9.0,6,2,2.0,C11-AA-002,2.0,C11-AA-002,C11-AA-002,target_reached,0,zero,1,1,0,0,0.0,0.0,1,1
C11-otrf-apt29-day1-scranton-nashua,C11-otrf-apt29-day1-scranton-nashua|discriminative|m040|11,discriminative,0.4,11,C11-otrf-apt29-day1-scranton-nashua|discriminative|m040|11|d1|C11-AA-002,1,C11-AA-002,8.0,5,3,1.0,C11-AA-001,1.0,C11-AA-001,C11-AA-001,target_reached,0,zero,1,1,0,0,0.0,0.0,1,1
C11-otrf-apt29-day1-scranton-nashua,C11-otrf-apt29-day1-scranton-nashua|discriminative|m040|11,discriminative,0.4,11,C11-otrf-apt29-day1-scranton-nashua|discriminative|m040|11|d1|C11-AA-003,1,C11-AA-003,8.0,5,3,1.0,C11-AA-001,1.0,C11-AA-001,C11-AA-001,target_reached,0,zero,1,1,0,0,0.0,0.0,1,1
C11-otrf-apt29-day1-scranton-nashua,C11-otrf-apt29-day1-scranton-nashua|discriminative|m040|11,discriminative,0.4,11,C11-otrf-apt29-day1-scranton-nashua|discriminative|m040|11|d1|C11-AA-004,1,C11-AA-004,9.0,4,4,3.0,C11-AA-001>C11-AA-002,3.0,C11-AA-001>C11-AA-002,C11-AA-001>C11-AA-002,target_reached,0,zero,1,1,0,0,0.0,0.0,1,1
C11-otrf-apt29-day1-scranton-nashua,C11-otrf-apt29-day1-scranton-nashua|discriminative|m040|11,discriminative,0.4,11,C11-otrf-apt29-day1-scranton-nashua|discriminative|m040|11|d1|C11-AA-005,1,C11-AA-005,8.0,4,4,3.0,C11-AA-001>C11-AA-002,3.0,C11-AA-001>C11-AA-002,C11-AA-001>C11-AA-002,target_reached,0,zero,1,1,0,0,0.0,0.0,1,1
C11-otrf-apt29-day1-scranton-nashua,C11-otrf-apt29-day1-scranton-nashua|discriminative|m040|11,discriminative,0.4,11,C11-otrf-apt29-day1-scranton-nashua|discriminative|m040|11|d2|C11-AA-001>C11-AA-004,2,C11-AA-001>C11-AA-004,8.0,6,2,2.0,C11-AA-002,2.0,C11-AA-002,C11-AA-002,target_reached,0,zero,1,1,0,0,0.0,0.0,1,1
C11-otrf-apt29-day1-scranton-nashua,C11-otrf-apt29-day1-scranton-nashua|discriminative|m040|11,discriminative,0.4,11,C11-otrf-apt29-day1-scranton-nashua|discriminative|m040|11|d2|C11-AA-001>C11-AA-005,2,C11-AA-001>C11-AA-005,7.0,6,2,2.0,C11-AA-002,2.0,C11-AA-002,C11-AA-002,target_reached,0,zero,1,1,0,0,0.0,0.0,1,1
C11-otrf-apt29-day1-scranton-nashua,C11-otrf-apt29-day1-scranton-nashua|discriminative|m040|11,discriminative,0.4,11,C11-otrf-apt29-day1-scranton-nashua|discriminative|m040|11|d2|C11-AA-002>C11-AA-003,2,C11-AA-002>C11-AA-003,6.0,6,2,1.0,C11-AA-001,1.0,C11-AA-001,C11-AA-001,target_reached,0,zero,1,1,0,0,0.0,0.0,1,1
C11-otrf-apt29-day1-scranton-nashua,C11-otrf-apt29-day1-scranton-nashua|discriminative|m040|11,discriminative,0.4,11,C11-otrf-apt29-day1-scranton-nashua|discriminative|m040|11|d2|C11-AA-002>C11-AA-004,2,C11-AA-002>C11-AA-004,7.0,5,3,1.0,C11-AA-001,1.0,C11-AA-001,C11-AA-001,target_reached,0,zero,1,1,0,0,0.0,0.0,1,1
C11-otrf-apt29-day1-scranton-nashua,C11-otrf-apt29-day1-scranton-nashua|discriminative|m040|11,discriminative,0.4,11,C11-otrf-apt29-day1-scranton-nashua|discriminative|m040|11|d2|C11-AA-002>C11-AA-005,2,C11-AA-002>C11-AA-005,6.0,5,3,1.0,C11-AA-001,1.0,C11-AA-001,C11-AA-001,target_reached,0,zero,1,1,0,0,0.0,0.0,1,1
C11-otrf-apt29-day1-scranton-nashua,C11-otrf-apt29-day1-scranton-nashua|discriminative|m040|11,discriminative,0.4,11,C11-otrf-apt29-day1-scranton-nashua|discriminative|m040|11|d2|C11-AA-003>C11-AA-004,2,C11-AA-003>C11-AA-004,7.0,5,3,1.0,C11-AA-001,1.0,C11-AA-001,C11-AA-001,target_reached,0,zero,1,1,0,0,0.0,0.0,1,1
C11-otrf-apt29-day1-scranton-nashua,C11-otrf-apt29-day1-scranton-nashua|discriminative|m040|11,discriminative,0.4,11,C11-otrf-apt29-day1-scranton-nashua|discriminative|m040|11|d2|C11-AA-003>C11-AA-005,2,C11-AA-003>C11-AA-005,6.0,5,3,1.0,C11-AA-001,1.0,C11-AA-001,C11-AA-001,target_reached,0,zero,1,1,0,0,0.0,0.0,1,1
C11-otrf-apt29-day1-scranton-nashua,C11-otrf-apt29-day1-scranton-nashua|discriminative|m040|11,discriminative,0.4,11,C11-otrf-apt29-day1-scranton-nashua|discriminative|m040|11|d2|C11-AA-004>C11-AA-005,2,C11-AA-004>C11-AA-005,7.0,4,4,3.0,C11-AA-001>C11-AA-002,3.0,C11-AA-001>C11-AA-002,C11-AA-001>C11-AA-002,target_reached,0,zero,1,1,0,0,0.0,0.0,1,1
C11-otrf-apt29-day1-scranton-nashua,C11-otrf-apt29-day1-scranton-nashua|discriminative|m040|23,discriminative,0.4,23,C11-otrf-apt29-day1-scranton-nashua|discriminative|m040|23|d0|root,0,,10.0,4,4,3.0,C11-AA-001>C11-AA-002,3.0,C11-AA-001>C11-AA-002,C11-AA-001>C11-AA-002,target_reached,0,zero,1,1,0,0,0.0,0.0,1,1
C11-otrf-apt29-day1-scranton-nashua,C11-otrf-apt29-day1-scranton-nashua|discriminative|m040|23,discriminative,0.4,23,C11-otrf-apt29-day1-scranton-nashua|discriminative|m040|23|d1|C11-AA-001,1,C11-AA-001,9.0,6,2,2.0,C11-AA-002,2.0,C11-AA-002,C11-AA-002,target_reached,0,zero,1,1,0,0,0.0,0.0,1,1
C11-otrf-apt29-day1-scranton-nashua,C11-otrf-apt29-day1-scranton-nashua|discriminative|m040|23,discriminative,0.4,23,C11-otrf-apt29-day1-scranton-nashua|discriminative|m040|23|d1|C11-AA-002,1,C11-AA-002,8.0,5,3,1.0,C11-AA-001,1.0,C11-AA-001,C11-AA-001,target_reached,0,zero,1,1,0,0,0.0,0.0,1,1
C11-otrf-apt29-day1-scranton-nashua,C11-otrf-apt29-day1-scranton-nashua|discriminative|m040|23,discriminative,0.4,23,C11-otrf-apt29-day1-scranton-nashua|discriminative|m040|23|d1|C11-AA-003,1,C11-AA-003,8.0,5,3,1.0,C11-AA-001,1.0,C11-AA-001,C11-AA-001,target_reached,0,zero,1,1,0,0,0.0,0.0,1,1
C11-otrf-apt29-day1-scranton-nashua,C11-otrf-apt29-day1-scranton-nashua|discriminative|m040|23,discriminative,0.4,23,C11-otrf-apt29-day1-scranton-nashua|discriminative|m040|23|d1|C11-AA-004,1,C11-AA-004,9.0,4,4,3.0,C11-AA-001>C11-AA-002,3.0,C11-AA-001>C11-AA-002,C11-AA-001>C11-AA-002,target_reached,0,zero,1,1,0,0,0.0,0.0,1,1
C11-otrf-apt29-day1-scranton-nashua,C11-otrf-apt29-day1-scranton-nashua|discriminative|m040|23,discriminative,0.4,23,C11-otrf-apt29-day1-scranton-nashua|discriminative|m040|23|d1|C11-AA-005,1,C11-AA-005,8.0,4,4,3.0,C11-AA-001>C11-AA-002,3.0,C11-AA-001>C11-AA-002,C11-AA-001>C11-AA-002,target_reached,0,zero,1,1,0,0,0.0,0.0,1,1
C11-otrf-apt29-day1-scranton-nashua,C11-otrf-apt29-day1-scranton-nashua|discriminative|m040|23,discriminative,0.4,23,C11-otrf-apt29-day1-scranton-nashua|discriminative|m040|23|d2|C11-AA-001>C11-AA-004,2,C11-AA-001>C11-AA-004,8.0,6,2,2.0,C11-AA-002,2.0,C11-AA-002,C11-AA-002,target_reached,0,zero,1,1,0,0,0.0,0.0,1,1
C11-otrf-apt29-day1-scranton-nashua,C11-otrf-apt29-day1-scranton-nashua|discriminative|m040|23,discriminative,0.4,23,C11-otrf-apt29-day1-scranton-nashua|discriminative|m040|23|d2|C11-AA-001>C11-AA-005,2,C11-AA-001>C11-AA-005,7.0,6,2,2.0,C11-AA-002,2.0,C11-AA-002,C11-AA-002,target_reached,0,zero,1,1,0,0,0.0,0.0,1,1
C11-otrf-apt29-day1-scranton-nashua,C11-otrf-apt29-day1-scranton-nashua|discriminative|m040|23,discriminative,0.4,23,C11-otrf-apt29-day1-scranton-nashua|discriminative|m040|23|d2|C11-AA-002>C11-AA-003,2,C11-AA-002>C11-AA-003,6.0,6,2,1.0,C11-AA-001,1.0,C11-AA-001,C11-AA-001,target_reached,0,zero,1,1,0,0,0.0,0.0,1,1
C11-otrf-apt29-day1-scranton-nashua,C11-otrf-apt29-day1-scranton-nashua|discriminative|m040|23,discriminative,0.4,23,C11-otrf-apt29-day1-scranton-nashua|discriminative|m040|23|d2|C11-AA-002>C11-AA-004,2,C11-AA-002>C11-AA-004,7.0,5,3,1.0,C11-AA-001,1.0,C11-AA-001,C11-AA-001,target_reached,0,zero,1,1,0,0,0.0,0.0,1,1
C11-otrf-apt29-day1-scranton-nashua,C11-otrf-apt29-day1-scranton-nashua|discriminative|m040|23,discriminative,0.4,23,C11-otrf-apt29-day1-scranton-nashua|discriminative|m040|23|d2|C11-AA-002>C11-AA-005,2,C11-AA-002>C11-AA-005,6.0,5,3,1.0,C11-AA-001,1.0,C11-AA-001,C11-AA-001,target_reached,0,zero,1,1,0,0,0.0,0.0,1,1
C11-otrf-apt29-day1-scranton-nashua,C11-otrf-apt29-day1-scranton-nashua|discriminative|m040|23,discriminative,0.4,23,C11-otrf-apt29-day1-scranton-nashua|discriminative|m040|23|d2|C11-AA-003>C11-AA-004,2,C11-AA-003>C11-AA-004,7.0,5,3,1.0,C11-AA-001,1.0,C11-AA-001,C11-AA-001,target_reached,0,zero,1,1,0,0,0.0,0.0,1,1
C11-otrf-apt29-day1-scranton-nashua,C11-otrf-apt29-day1-scranton-nashua|discriminative|m040|23,discriminative,0.4,23,C11-otrf-apt29-day1-scranton-nashua|discriminative|m040|23|d2|C11-AA-003>C11-AA-005,2,C11-AA-003>C11-AA-005,6.0,5,3,1.0,C11-AA-001,1.0,C11-AA-001,C11-AA-001,target_reached,0,zero,1,1,0,0,0.0,0.0,1,1
C11-otrf-apt29-day1-scranton-nashua,C11-otrf-apt29-day1-scranton-nashua|discriminative|m040|23,discriminative,0.4,23,C11-otrf-apt29-day1-scranton-nashua|discriminative|m040|23|d2|C11-AA-004>C11-AA-005,2,C11-AA-004>C11-AA-005,7.0,4,4,3.0,C11-AA-001>C11-AA-002,3.0,C11-AA-001>C11-AA-002,C11-AA-001>C11-AA-002,target_reached,0,zero,1,1,0,0,0.0,0.0,1,1
C11-otrf-apt29-day1-scranton-nashua,C11-otrf-apt29-day1-scranton-nashua|discriminative|m040|37,discriminative,0.4,37,C11-otrf-apt29-day1-scranton-nashua|discriminative|m040|37|d0|root,0,,10.0,4,4,3.0,C11-AA-001>C11-AA-002,3.0,C11-AA-001>C11-AA-002,C11-AA-001>C11-AA-002,target_reached,0,zero,1,1,0,0,0.0,0.0,1,1
C11-otrf-apt29-day1-scranton-nashua,C11-otrf-apt29-day1-scranton-nashua|discriminative|m040|37,discriminative,0.4,37,C11-otrf-apt29-day1-scranton-nashua|discriminative|m040|37|d1|C11-AA-001,1,C11-AA-001,9.0,6,2,2.0,C11-AA-002,2.0,C11-AA-002,C11-AA-002,target_reached,0,zero,1,1,0,0,0.0,0.0,1,1
C11-otrf-apt29-day1-scranton-nashua,C11-otrf-apt29-day1-scranton-nashua|discriminative|m040|37,discriminative,0.4,37,C11-otrf-apt29-day1-scranton-nashua|discriminative|m040|37|d1|C11-AA-002,1,C11-AA-002,8.0,5,3,1.0,C11-AA-001,1.0,C11-AA-001,C11-AA-001,target_reached,0,zero,1,1,0,0,0.0,0.0,1,1
C11-otrf-apt29-day1-scranton-nashua,C11-otrf-apt29-day1-scranton-nashua|discriminative|m040|37,discriminative,0.4,37,C11-otrf-apt29-day1-scranton-nashua|discriminative|m040|37|d1|C11-AA-003,1,C11-AA-003,8.0,5,3,1.0,C11-AA-001,1.0,C11-AA-001,C11-AA-001,target_reached,0,zero,1,1,0,0,0.0,0.0,1,1
C11-otrf-apt29-day1-scranton-nashua,C11-otrf-apt29-day1-scranton-nashua|discriminative|m040|37,discriminative,0.4,37,C11-otrf-apt29-day1-scranton-nashua|discriminative|m040|37|d1|C11-AA-004,1,C11-AA-004,9.0,4,4,3.0,C11-AA-001>C11-AA-002,3.0,C11-AA-001>C11-AA-002,C11-AA-001>C11-AA-002,target_reached,0,zero,1,1,0,0,0.0,0.0,1,1
C11-otrf-apt29-day1-scranton-nashua,C11-otrf-apt29-day1-scranton-nashua|discriminative|m040|37,discriminative,0.4,37,C11-otrf-apt29-day1-scranton-nashua|discriminative|m040|37|d1|C11-AA-005,1,C11-AA-005,8.0,4,4,3.0,C11-AA-001>C11-AA-002,3.0,C11-AA-001>C11-AA-002,C11-AA-001>C11-AA-002,target_reached,0,zero,1,1,0,0,0.0,0.0,1,1
C11-otrf-apt29-day1-scranton-nashua,C11-otrf-apt29-day1-scranton-nashua|discriminative|m040|37,discriminative,0.4,37,C11-otrf-apt29-day1-scranton-nashua|discriminative|m040|37|d2|C11-AA-001>C11-AA-004,2,C11-AA-001>C11-AA-004,8.0,6,2,2.0,C11-AA-002,2.0,C11-AA-002,C11-AA-002,target_reached,0,zero,1,1,0,0,0.0,0.0,1,1
C11-otrf-apt29-day1-scranton-nashua,C11-otrf-apt29-day1-scranton-nashua|discriminative|m040|37,discriminative,0.4,37,C11-otrf-apt29-day1-scranton-nashua|discriminative|m040|37|d2|C11-AA-001>C11-AA-005,2,C11-AA-001>C11-AA-005,7.0,6,2,2.0,C11-AA-002,2.0,C11-AA-002,C11-AA-002,target_reached,0,zero,1,1,0,0,0.0,0.0,1,1
C11-otrf-apt29-day1-scranton-nashua,C11-otrf-apt29-day1-scranton-nashua|discriminative|m040|37,discriminative,0.4,37,C11-otrf-apt29-day1-scranton-nashua|discriminative|m040|37|d2|C11-AA-002>C11-AA-003,2,C11-AA-002>C11-AA-003,6.0,6,2,1.0,C11-AA-001,1.0,C11-AA-001,C11-AA-001,target_reached,0,zero,1,1,0,0,0.0,0.0,1,1
C11-otrf-apt29-day1-scranton-nashua,C11-otrf-apt29-day1-scranton-nashua|discriminative|m040|37,discriminative,0.4,37,C11-otrf-apt29-day1-scranton-nashua|discriminative|m040|37|d2|C11-AA-002>C11-AA-004,2,C11-AA-002>C11-AA-004,7.0,5,3,1.0,C11-AA-001,1.0,C11-AA-001,C11-AA-001,target_reached,0,zero,1,1,0,0,0.0,0.0,1,1
C11-otrf-apt29-day1-scranton-nashua,C11-otrf-apt29-day1-scranton-nashua|discriminative|m040|37,discriminative,0.4,37,C11-otrf-apt29-day1-scranton-nashua|discriminative|m040|37|d2|C11-AA-002>C11-AA-005,2,C11-AA-002>C11-AA-005,6.0,5,3,1.0,C11-AA-001,1.0,C11-AA-001,C11-AA-001,target_reached,0,zero,1,1,0,0,0.0,0.0,1,1
C11-otrf-apt29-day1-scranton-nashua,C11-otrf-apt29-day1-scranton-nashua|discriminative|m040|37,discriminative,0.4,37,C11-otrf-apt29-day1-scranton-nashua|discriminative|m040|37|d2|C11-AA-003>C11-AA-004,2,C11-AA-003>C11-AA-004,7.0,5,3,1.0,C11-AA-001,1.0,C11-AA-001,C11-AA-001,target_reached,0,zero,1,1,0,0,0.0,0.0,1,1
C11-otrf-apt29-day1-scranton-nashua,C11-otrf-apt29-day1-scranton-nashua|discriminative|m040|37,discriminative,0.4,37,C11-otrf-apt29-day1-scranton-nashua|discriminative|m040|37|d2|C11-AA-003>C11-AA-005,2,C11-AA-003>C11-AA-005,6.0,5,3,1.0,C11-AA-001,1.0,C11-AA-001,C11-AA-001,target_reached,0,zero,1,1,0,0,0.0,0.0,1,1
C11-otrf-apt29-day1-scranton-nashua,C11-otrf-apt29-day1-scranton-nashua|discriminative|m040|37,discriminative,0.4,37,C11-otrf-apt29-day1-scranton-nashua|discriminative|m040|37|d2|C11-AA-004>C11-AA-005,2,C11-AA-004>C11-AA-005,7.0,4,4,3.0,C11-AA-001>C11-AA-002,3.0,C11-AA-001>C11-AA-002,C11-AA-001>C11-AA-002,target_reached,0,zero,1,1,0,0,0.0,0.0,1,1
C11-otrf-apt29-day1-scranton-nashua,C11-otrf-apt29-day1-scranton-nashua|discriminative|m040|41,discriminative,0.4,41,C11-otrf-apt29-day1-scranton-nashua|discriminative|m040|41|d0|root,0,,10.0,4,4,3.0,C11-AA-001>C11-AA-002,3.0,C11-AA-001>C11-AA-002,C11-AA-001>C11-AA-002,target_reached,0,zero,1,1,0,0,0.0,0.0,1,1
C11-otrf-apt29-day1-scranton-nashua,C11-otrf-apt29-day1-scranton-nashua|discriminative|m040|41,discriminative,0.4,41,C11-otrf-apt29-day1-scranton-nashua|discriminative|m040|41|d1|C11-AA-001,1,C11-AA-001,9.0,6,2,2.0,C11-AA-002,2.0,C11-AA-002,C11-AA-002,target_reached,0,zero,1,1,0,0,0.0,0.0,1,1
C11-otrf-apt29-day1-scranton-nashua,C11-otrf-apt29-day1-scranton-nashua|discriminative|m040|41,discriminative,0.4,41,C11-otrf-apt29-day1-scranton-nashua|discriminative|m040|41|d1|C11-AA-002,1,C11-AA-002,8.0,5,3,1.0,C11-AA-001,1.0,C11-AA-001,C11-AA-001,target_reached,0,zero,1,1,0,0,0.0,0.0,1,1
C11-otrf-apt29-day1-scranton-nashua,C11-otrf-apt29-day1-scranton-nashua|discriminative|m040|41,discriminative,0.4,41,C11-otrf-apt29-day1-scranton-nashua|discriminative|m040|41|d1|C11-AA-003,1,C11-AA-003,8.0,5,3,1.0,C11-AA-001,1.0,C11-AA-001,C11-AA-001,target_reached,0,zero,1,1,0,0,0.0,0.0,1,1
C11-otrf-apt29-day1-scranton-nashua,C11-otrf-apt29-day1-scranton-nashua|discriminative|m040|41,discriminative,0.4,41,C11-otrf-apt29-day1-scranton-nashua|discriminative|m040|41|d1|C11-AA-004,1,C11-AA-004,9.0,4,4,3.0,C11-AA-001>C11-AA-002,3.0,C11-AA-001>C11-AA-002,C11-AA-001>C11-AA-002,target_reached,0,zero,1,1,0,0,0.0,0.0,1,1
C11-otrf-apt29-day1-scranton-nashua,C11-otrf-apt29-day1-scranton-nashua|discriminative|m040|41,discriminative,0.4,41,C11-otrf-apt29-day1-scranton-nashua|discriminative|m040|41|d1|C11-AA-005,1,C11-AA-005,8.0,4,4,3.0,C11-AA-001>C11-AA-002,3.0,C11-AA-001>C11-AA-002,C11-AA-001>C11-AA-002,target_reached,0,zero,1,1,0,0,0.0,0.0,1,1
C11-otrf-apt29-day1-scranton-nashua,C11-otrf-apt29-day1-scranton-nashua|discriminative|m040|41,discriminative,0.4,41,C11-otrf-apt29-day1-scranton-nashua|discriminative|m040|41|d2|C11-AA-001>C11-AA-004,2,C11-AA-001>C11-AA-004,8.0,6,2,2.0,C11-AA-002,2.0,C11-AA-002,C11-AA-002,target_reached,0,zero,1,1,0,0,0.0,0.0,1,1
C11-otrf-apt29-day1-scranton-nashua,C11-otrf-apt29-day1-scranton-nashua|discriminative|m040|41,discriminative,0.4,41,C11-otrf-apt29-day1-scranton-nashua|discriminative|m040|41|d2|C11-AA-001>C11-AA-005,2,C11-AA-001>C11-AA-005,7.0,6,2,2.0,C11-AA-002,2.0,C11-AA-002,C11-AA-002,target_reached,0,zero,1,1,0,0,0.0,0.0,1,1
C11-otrf-apt29-day1-scranton-nashua,C11-otrf-apt29-day1-scranton-nashua|discriminative|m040|41,discriminative,0.4,41,C11-otrf-apt29-day1-scranton-nashua|discriminative|m040|41|d2|C11-AA-002>C11-AA-003,2,C11-AA-002>C11-AA-003,6.0,6,2,1.0,C11-AA-001,1.0,C11-AA-001,C11-AA-001,target_reached,0,zero,1,1,0,0,0.0,0.0,1,1
C11-otrf-apt29-day1-scranton-nashua,C11-otrf-apt29-day1-scranton-nashua|discriminative|m040|41,discriminative,0.4,41,C11-otrf-apt29-day1-scranton-nashua|discriminative|m040|41|d2|C11-AA-002>C11-AA-004,2,C11-AA-002>C11-AA-004,7.0,5,3,1.0,C11-AA-001,1.0,C11-AA-001,C11-AA-001,target_reached,0,zero,1,1,0,0,0.0,0.0,1,1
C11-otrf-apt29-day1-scranton-nashua,C11-otrf-apt29-day1-scranton-nashua|discriminative|m040|41,discriminative,0.4,41,C11-otrf-apt29-day1-scranton-nashua|discriminative|m040|41|d2|C11-AA-002>C11-AA-005,2,C11-AA-002>C11-AA-005,6.0,5,3,1.0,C11-AA-001,1.0,C11-AA-001,C11-AA-001,target_reached,0,zero,1,1,0,0,0.0,0.0,1,1
C11-otrf-apt29-day1-scranton-nashua,C11-otrf-apt29-day1-scranton-nashua|discriminative|m040|41,discriminative,0.4,41,C11-otrf-apt29-day1-scranton-nashua|discriminative|m040|41|d2|C11-AA-003>C11-AA-004,2,C11-AA-003>C11-AA-004,7.0,5,3,1.0,C11-AA-001,1.0,C11-AA-001,C11-AA-001,target_reached,0,zero,1,1,0,0,0.0,0.0,1,1
C11-otrf-apt29-day1-scranton-nashua,C11-otrf-apt29-day1-scranton-nashua|discriminative|m040|41,discriminative,0.4,41,C11-otrf-apt29-day1-scranton-nashua|discriminative|m040|41|d2|C11-AA-003>C11-AA-005,2,C11-AA-003>C11-AA-005,6.0,5,3,1.0,C11-AA-001,1.0,C11-AA-001,C11-AA-001,target_reached,0,zero,1,1,0,0,0.0,0.0,1,1
C11-otrf-apt29-day1-scranton-nashua,C11-otrf-apt29-day1-scranton-nashua|discriminative|m040|41,discriminative,0.4,41,C11-otrf-apt29-day1-scranton-nashua|discriminative|m040|41|d2|C11-AA-004>C11-AA-005,2,C11-AA-004>C11-AA-005,7.0,4,4,3.0,C11-AA-001>C11-AA-002,3.0,C11-AA-001>C11-AA-002,C11-AA-001>C11-AA-002,target_reached,0,zero,1,1,0,0,0.0,0.0,1,1
C11-otrf-apt29-day1-scranton-nashua,C11-otrf-apt29-day1-scranton-nashua|discriminative|m040|53,discriminative,0.4,53,C11-otrf-apt29-day1-scranton-nashua|discriminative|m040|53|d0|root,0,,10.0,4,4,3.0,C11-AA-001>C11-AA-002,3.0,C11-AA-001>C11-AA-002,C11-AA-001>C11-AA-002,target_reached,0,zero,1,1,0,0,0.0,0.0,1,1
C11-otrf-apt29-day1-scranton-nashua,C11-otrf-apt29-day1-scranton-nashua|discriminative|m040|53,discriminative,0.4,53,C11-otrf-apt29-day1-scranton-nashua|discriminative|m040|53|d1|C11-AA-001,1,C11-AA-001,9.0,6,2,2.0,C11-AA-002,2.0,C11-AA-002,C11-AA-002,target_reached,0,zero,1,1,0,0,0.0,0.0,1,1
C11-otrf-apt29-day1-scranton-nashua,C11-otrf-apt29-day1-scranton-nashua|discriminative|m040|53,discriminative,0.4,53,C11-otrf-apt29-day1-scranton-nashua|discriminative|m040|53|d1|C11-AA-002,1,C11-AA-002,8.0,5,3,1.0,C11-AA-001,1.0,C11-AA-001,C11-AA-001,target_reached,0,zero,1,1,0,0,0.0,0.0,1,1
C11-otrf-apt29-day1-scranton-nashua,C11-otrf-apt29-day1-scranton-nashua|discriminative|m040|53,discriminative,0.4,53,C11-otrf-apt29-day1-scranton-nashua|discriminative|m040|53|d1|C11-AA-003,1,C11-AA-003,8.0,5,3,1.0,C11-AA-001,1.0,C11-AA-001,C11-AA-001,target_reached,0,zero,1,1,0,0,0.0,0.0,1,1
C11-otrf-apt29-day1-scranton-nashua,C11-otrf-apt29-day1-scranton-nashua|discriminative|m040|53,discriminative,0.4,53,C11-otrf-apt29-day1-scranton-nashua|discriminative|m040|53|d1|C11-AA-004,1,C11-AA-004,9.0,4,4,3.0,C11-AA-001>C11-AA-002,3.0,C11-AA-001>C11-AA-002,C11-AA-001>C11-AA-002,target_reached,0,zero,1,1,0,0,0.0,0.0,1,1
C11-otrf-apt29-day1-scranton-nashua,C11-otrf-apt29-day1-scranton-nashua|discriminative|m040|53,discriminative,0.4,53,C11-otrf-apt29-day1-scranton-nashua|discriminative|m040|53|d1|C11-AA-005,1,C11-AA-005,8.0,4,4,3.0,C11-AA-001>C11-AA-002,3.0,C11-AA-001>C11-AA-002,C11-AA-001>C11-AA-002,target_reached,0,zero,1,1,0,0,0.0,0.0,1,1
C11-otrf-apt29-day1-scranton-nashua,C11-otrf-apt29-day1-scranton-nashua|discriminative|m040|53,discriminative,0.4,53,C11-otrf-apt29-day1-scranton-nashua|discriminative|m040|53|d2|C11-AA-001>C11-AA-004,2,C11-AA-001>C11-AA-004,8.0,6,2,2.0,C11-AA-002,2.0,C11-AA-002,C11-AA-002,target_reached,0,zero,1,1,0,0,0.0,0.0,1,1
C11-otrf-apt29-day1-scranton-nashua,C11-otrf-apt29-day1-scranton-nashua|discriminative|m040|53,discriminative,0.4,53,C11-otrf-apt29-day1-scranton-nashua|discriminative|m040|53|d2|C11-AA-001>C11-AA-005,2,C11-AA-001>C11-AA-005,7.0,6,2,2.0,C11-AA-002,2.0,C11-AA-002,C11-AA-002,target_reached,0,zero,1,1,0,0,0.0,0.0,1,1
C11-otrf-apt29-day1-scranton-nashua,C11-otrf-apt29-day1-scranton-nashua|discriminative|m040|53,discriminative,0.4,53,C11-otrf-apt29-day1-scranton-nashua|discriminative|m040|53|d2|C11-AA-002>C11-AA-003,2,C11-AA-002>C11-AA-003,6.0,6,2,1.0,C11-AA-001,1.0,C11-AA-001,C11-AA-001,target_reached,0,zero,1,1,0,0,0.0,0.0,1,1
C11-otrf-apt29-day1-scranton-nashua,C11-otrf-apt29-day1-scranton-nashua|discriminative|m040|53,discriminative,0.4,53,C11-otrf-apt29-day1-scranton-nashua|discriminative|m040|53|d2|C11-AA-002>C11-AA-004,2,C11-AA-002>C11-AA-004,7.0,5,3,1.0,C11-AA-001,1.0,C11-AA-001,C11-AA-001,target_reached,0,zero,1,1,0,0,0.0,0.0,1,1
C11-otrf-apt29-day1-scranton-nashua,C11-otrf-apt29-day1-scranton-nashua|discriminative|m040|53,discriminative,0.4,53,C11-otrf-apt29-day1-scranton-nashua|discriminative|m040|53|d2|C11-AA-002>C11-AA-005,2,C11-AA-002>C11-AA-005,6.0,5,3,1.0,C11-AA-001,1.0,C11-AA-001,C11-AA-001,target_reached,0,zero,1,1,0,0,0.0,0.0,1,1
C11-otrf-apt29-day1-scranton-nashua,C11-otrf-apt29-day1-scranton-nashua|discriminative|m040|53,discriminative,0.4,53,C11-otrf-apt29-day1-scranton-nashua|discriminative|m040|53|d2|C11-AA-003>C11-AA-004,2,C11-AA-003>C11-AA-004,7.0,5,3,1.0,C11-AA-001,1.0,C11-AA-001,C11-AA-001,target_reached,0,zero,1,1,0,0,0.0,0.0,1,1
C11-otrf-apt29-day1-scranton-nashua,C11-otrf-apt29-day1-scranton-nashua|discriminative|m040|53,discriminative,0.4,53,C11-otrf-apt29-day1-scranton-nashua|discriminative|m040|53|d2|C11-AA-003>C11-AA-005,2,C11-AA-003>C11-AA-005,6.0,5,3,1.0,C11-AA-001,1.0,C11-AA-001,C11-AA-001,target_reached,0,zero,1,1,0,0,0.0,0.0,1,1
C11-otrf-apt29-day1-scranton-nashua,C11-otrf-apt29-day1-scranton-nashua|discriminative|m040|53,discriminative,0.4,53,C11-otrf-apt29-day1-scranton-nashua|discriminative|m040|53|d2|C11-AA-004>C11-AA-005,2,C11-AA-004>C11-AA-005,7.0,4,4,3.0,C11-AA-001>C11-AA-002,3.0,C11-AA-001>C11-AA-002,C11-AA-001>C11-AA-002,target_reached,0,zero,1,1,0,0,0.0,0.0,1,1
C11-otrf-apt29-day1-scranton-nashua,C11-otrf-apt29-day1-scranton-nashua|discriminative|m060|11,discriminative,0.6,11,C11-otrf-apt29-day1-scranton-nashua|discriminative|m060|11|d0|root,0,,10.0,3,5,3.0,C11-AA-001>C11-AA-002,3.0,C11-AA-001>C11-AA-002,C11-AA-001>C11-AA-002,target_reached,0,zero,1,1,0,0,0.0,0.0,1,1
C11-otrf-apt29-day1-scranton-nashua,C11-otrf-apt29-day1-scranton-nashua|discriminative|m060|11,discriminative,0.6,11,C11-otrf-apt29-day1-scranton-nashua|discriminative|m060|11|d1|C11-AA-001,1,C11-AA-001,9.0,6,2,2.0,C11-AA-002,2.0,C11-AA-002,C11-AA-002,target_reached,0,zero,1,1,0,0,0.0,0.0,1,1
C11-otrf-apt29-day1-scranton-nashua,C11-otrf-apt29-day1-scranton-nashua|discriminative|m060|11,discriminative,0.6,11,C11-otrf-apt29-day1-scranton-nashua|discriminative|m060|11|d1|C11-AA-002,1,C11-AA-002,8.0,4,4,1.0,C11-AA-001,1.0,C11-AA-001,C11-AA-001,target_reached,0,zero,1,1,0,0,0.0,0.0,1,1
C11-otrf-apt29-day1-scranton-nashua,C11-otrf-apt29-day1-scranton-nashua|discriminative|m060|11,discriminative,0.6,11,C11-otrf-apt29-day1-scranton-nashua|discriminative|m060|11|d1|C11-AA-003,1,C11-AA-003,8.0,4,4,1.0,C11-AA-001,1.0,C11-AA-001,C11-AA-001,target_reached,0,zero,1,1,0,0,0.0,0.0,1,1
C11-otrf-apt29-day1-scranton-nashua,C11-otrf-apt29-day1-scranton-nashua|discriminative|m060|11,discriminative,0.6,11,C11-otrf-apt29-day1-scranton-nashua|discriminative|m060|11|d1|C11-AA-004,1,C11-AA-004,9.0,3,5,3.0,C11-AA-001>C11-AA-002,3.0,C11-AA-001>C11-AA-002,C11-AA-001>C11-AA-002,target_reached,0,zero,1,1,0,0,0.0,0.0,1,1
C11-otrf-apt29-day1-scranton-nashua,C11-otrf-apt29-day1-scranton-nashua|discriminative|m060|11,discriminative,0.6,11,C11-otrf-apt29-day1-scranton-nashua|discriminative|m060|11|d1|C11-AA-005,1,C11-AA-005,8.0,3,5,3.0,C11-AA-001>C11-AA-002,3.0,C11-AA-001>C11-AA-002,C11-AA-001>C11-AA-002,target_reached,0,zero,1,1,0,0,0.0,0.0,1,1
C11-otrf-apt29-day1-scranton-nashua,C11-otrf-apt29-day1-scranton-nashua|discriminative|m060|11,discriminative,0.6,11,C11-otrf-apt29-day1-scranton-nashua|discriminative|m060|11|d2|C11-AA-001>C11-AA-004,2,C11-AA-001>C11-AA-004,8.0,6,2,2.0,C11-AA-002,2.0,C11-AA-002,C11-AA-002,target_reached,0,zero,1,1,0,0,0.0,0.0,1,1
C11-otrf-apt29-day1-scranton-nashua,C11-otrf-apt29-day1-scranton-nashua|discriminative|m060|11,discriminative,0.6,11,C11-otrf-apt29-day1-scranton-nashua|discriminative|m060|11|d2|C11-AA-001>C11-AA-005,2,C11-AA-001>C11-AA-005,7.0,6,2,2.0,C11-AA-002,2.0,C11-AA-002,C11-AA-002,target_reached,0,zero,1,1,0,0,0.0,0.0,1,1
C11-otrf-apt29-day1-scranton-nashua,C11-otrf-apt29-day1-scranton-nashua|discriminative|m060|11,discriminative,0.6,11,C11-otrf-apt29-day1-scranton-nashua|discriminative|m060|11|d2|C11-AA-002>C11-AA-003,2,C11-AA-002>C11-AA-003,6.0,5,3,1.0,C11-AA-001,1.0,C11-AA-001,C11-AA-001,target_reached,0,zero,1,1,0,0,0.0,0.0,1,1
C11-otrf-apt29-day1-scranton-nashua,C11-otrf-apt29-day1-scranton-nashua|discriminative|m060|11,discriminative,0.6,11,C11-otrf-apt29-day1-scranton-nashua|discriminative|m060|11|d2|C11-AA-002>C11-AA-004,2,C11-AA-002>C11-AA-004,7.0,4,4,1.0,C11-AA-001,1.0,C11-AA-001,C11-AA-001,target_reached,0,zero,1,1,0,0,0.0,0.0,1,1
C11-otrf-apt29-day1-scranton-nashua,C11-otrf-apt29-day1-scranton-nashua|discriminative|m060|11,discriminative,0.6,11,C11-otrf-apt29-day1-scranton-nashua|discriminative|m060|11|d2|C11-AA-002>C11-AA-005,2,C11-AA-002>C11-AA-005,6.0,4,4,1.0,C11-AA-001,1.0,C11-AA-001,C11-AA-001,target_reached,0,zero,1,1,0,0,0.0,0.0,1,1
C11-otrf-apt29-day1-scranton-nashua,C11-otrf-apt29-day1-scranton-nashua|discriminative|m060|11,discriminative,0.6,11,C11-otrf-apt29-day1-scranton-nashua|discriminative|m060|11|d2|C11-AA-003>C11-AA-004,2,C11-AA-003>C11-AA-004,7.0,4,4,1.0,C11-AA-001,1.0,C11-AA-001,C11-AA-001,target_reached,0,zero,1,1,0,0,0.0,0.0,1,1
C11-otrf-apt29-day1-scranton-nashua,C11-otrf-apt29-day1-scranton-nashua|discriminative|m060|11,discriminative,0.6,11,C11-otrf-apt29-day1-scranton-nashua|discriminative|m060|11|d2|C11-AA-003>C11-AA-005,2,C11-AA-003>C11-AA-005,6.0,4,4,1.0,C11-AA-001,1.0,C11-AA-001,C11-AA-001,target_reached,0,zero,1,1,0,0,0.0,0.0,1,1
C11-otrf-apt29-day1-scranton-nashua,C11-otrf-apt29-day1-scranton-nashua|discriminative|m060|11,discriminative,0.6,11,C11-otrf-apt29-day1-scranton-nashua|discriminative|m060|11|d2|C11-AA-004>C11-AA-005,2,C11-AA-004>C11-AA-005,7.0,3,5,3.0,C11-AA-001>C11-AA-002,3.0,C11-AA-001>C11-AA-002,C11-AA-001>C11-AA-002,target_reached,0,zero,1,1,0,0,0.0,0.0,1,1
C11-otrf-apt29-day1-scranton-nashua,C11-otrf-apt29-day1-scranton-nashua|discriminative|m060|23,discriminative,0.6,23,C11-otrf-apt29-day1-scranton-nashua|discriminative|m060|23|d0|root,0,,10.0,3,5,3.0,C11-AA-001>C11-AA-002,3.0,C11-AA-001>C11-AA-002,C11-AA-001>C11-AA-002,target_reached,0,zero,1,1,0,0,0.0,0.0,1,1
C11-otrf-apt29-day1-scranton-nashua,C11-otrf-apt29-day1-scranton-nashua|discriminative|m060|23,discriminative,0.6,23,C11-otrf-apt29-day1-scranton-nashua|discriminative|m060|23|d1|C11-AA-001,1,C11-AA-001,9.0,6,2,2.0,C11-AA-002,2.0,C11-AA-002,C11-AA-002,target_reached,0,zero,1,1,0,0,0.0,0.0,1,1
C11-otrf-apt29-day1-scranton-nashua,C11-otrf-apt29-day1-scranton-nashua|discriminative|m060|23,discriminative,0.6,23,C11-otrf-apt29-day1-scranton-nashua|discriminative|m060|23|d1|C11-AA-002,1,C11-AA-002,8.0,4,4,1.0,C11-AA-001,1.0,C11-AA-001,C11-AA-001,target_reached,0,zero,1,1,0,0,0.0,0.0,1,1
C11-otrf-apt29-day1-scranton-nashua,C11-otrf-apt29-day1-scranton-nashua|discriminative|m060|23,discriminative,0.6,23,C11-otrf-apt29-day1-scranton-nashua|discriminative|m060|23|d1|C11-AA-003,1,C11-AA-003,8.0,4,4,1.0,C11-AA-001,1.0,C11-AA-001,C11-AA-001,target_reached,0,zero,1,1,0,0,0.0,0.0,1,1
C11-otrf-apt29-day1-scranton-nashua,C11-otrf-apt29-day1-scranton-nashua|discriminative|m060|23,discriminative,0.6,23,C11-otrf-apt29-day1-scranton-nashua|discriminative|m060|23|d1|C11-AA-004,1,C11-AA-004,9.0,3,5,3.0,C11-AA-001>C11-AA-002,3.0,C11-AA-001>C11-AA-002,C11-AA-001>C11-AA-002,target_reached,0,zero,1,1,0,0,0.0,0.0,1,1
C11-otrf-apt29-day1-scranton-nashua,C11-otrf-apt29-day1-scranton-nashua|discriminative|m060|23,discriminative,0.6,23,C11-otrf-apt29-day1-scranton-nashua|discriminative|m060|23|d1|C11-AA-005,1,C11-AA-005,8.0,3,5,3.0,C11-AA-001>C11-AA-002,3.0,C11-AA-001>C11-AA-002,C11-AA-001>C11-AA-002,target_reached,0,zero,1,1,0,0,0.0,0.0,1,1
C11-otrf-apt29-day1-scranton-nashua,C11-otrf-apt29-day1-scranton-nashua|discriminative|m060|23,discriminative,0.6,23,C11-otrf-apt29-day1-scranton-nashua|discriminative|m060|23|d2|C11-AA-001>C11-AA-004,2,C11-AA-001>C11-AA-004,8.0,6,2,2.0,C11-AA-002,2.0,C11-AA-002,C11-AA-002,target_reached,0,zero,1,1,0,0,0.0,0.0,1,1
C11-otrf-apt29-day1-scranton-nashua,C11-otrf-apt29-day1-scranton-nashua|discriminative|m060|23,discriminative,0.6,23,C11-otrf-apt29-day1-scranton-nashua|discriminative|m060|23|d2|C11-AA-001>C11-AA-005,2,C11-AA-001>C11-AA-005,7.0,6,2,2.0,C11-AA-002,2.0,C11-AA-002,C11-AA-002,target_reached,0,zero,1,1,0,0,0.0,0.0,1,1
C11-otrf-apt29-day1-scranton-nashua,C11-otrf-apt29-day1-scranton-nashua|discriminative|m060|23,discriminative,0.6,23,C11-otrf-apt29-day1-scranton-nashua|discriminative|m060|23|d2|C11-AA-002>C11-AA-003,2,C11-AA-002>C11-AA-003,6.0,5,3,1.0,C11-AA-001,1.0,C11-AA-001,C11-AA-001,target_reached,0,zero,1,1,0,0,0.0,0.0,1,1
C11-otrf-apt29-day1-scranton-nashua,C11-otrf-apt29-day1-scranton-nashua|discriminative|m060|23,discriminative,0.6,23,C11-otrf-apt29-day1-scranton-nashua|discriminative|m060|23|d2|C11-AA-002>C11-AA-004,2,C11-AA-002>C11-AA-004,7.0,4,4,1.0,C11-AA-001,1.0,C11-AA-001,C11-AA-001,target_reached,0,zero,1,1,0,0,0.0,0.0,1,1
C11-otrf-apt29-day1-scranton-nashua,C11-otrf-apt29-day1-scranton-nashua|discriminative|m060|23,discriminative,0.6,23,C11-otrf-apt29-day1-scranton-nashua|discriminative|m060|23|d2|C11-AA-002>C11-AA-005,2,C11-AA-002>C11-AA-005,6.0,4,4,1.0,C11-AA-001,1.0,C11-AA-001,C11-AA-001,target_reached,0,zero,1,1,0,0,0.0,0.0,1,1
C11-otrf-apt29-day1-scranton-nashua,C11-otrf-apt29-day1-scranton-nashua|discriminative|m060|23,discriminative,0.6,23,C11-otrf-apt29-day1-scranton-nashua|discriminative|m060|23|d2|C11-AA-003>C11-AA-004,2,C11-AA-003>C11-AA-004,7.0,4,4,1.0,C11-AA-001,1.0,C11-AA-001,C11-AA-001,target_reached,0,zero,1,1,0,0,0.0,0.0,1,1
C11-otrf-apt29-day1-scranton-nashua,C11-otrf-apt29-day1-scranton-nashua|discriminative|m060|23,discriminative,0.6,23,C11-otrf-apt29-day1-scranton-nashua|discriminative|m060|23|d2|C11-AA-003>C11-AA-005,2,C11-AA-003>C11-AA-005,6.0,4,4,1.0,C11-AA-001,1.0,C11-AA-001,C11-AA-001,target_reached,0,zero,1,1,0,0,0.0,0.0,1,1
C11-otrf-apt29-day1-scranton-nashua,C11-otrf-apt29-day1-scranton-nashua|discriminative|m060|23,discriminative,0.6,23,C11-otrf-apt29-day1-scranton-nashua|discriminative|m060|23|d2|C11-AA-004>C11-AA-005,2,C11-AA-004>C11-AA-005,7.0,3,5,3.0,C11-AA-001>C11-AA-002,3.0,C11-AA-001>C11-AA-002,C11-AA-001>C11-AA-002,target_reached,0,zero,1,1,0,0,0.0,0.0,1,1
C11-otrf-apt29-day1-scranton-nashua,C11-otrf-apt29-day1-scranton-nashua|discriminative|m060|37,discriminative,0.6,37,C11-otrf-apt29-day1-scranton-nashua|discriminative|m060|37|d0|root,0,,10.0,3,5,3.0,C11-AA-001>C11-AA-002,3.0,C11-AA-001>C11-AA-002,C11-AA-001>C11-AA-002,target_reached,0,zero,1,1,0,0,0.0,0.0,1,1
C11-otrf-apt29-day1-scranton-nashua,C11-otrf-apt29-day1-scranton-nashua|discriminative|m060|37,discriminative,0.6,37,C11-otrf-apt29-day1-scranton-nashua|discriminative|m060|37|d1|C11-AA-001,1,C11-AA-001,9.0,6,2,2.0,C11-AA-002,2.0,C11-AA-002,C11-AA-002,target_reached,0,zero,1,1,0,0,0.0,0.0,1,1
C11-otrf-apt29-day1-scranton-nashua,C11-otrf-apt29-day1-scranton-nashua|discriminative|m060|37,discriminative,0.6,37,C11-otrf-apt29-day1-scranton-nashua|discriminative|m060|37|d1|C11-AA-002,1,C11-AA-002,8.0,4,4,1.0,C11-AA-001,1.0,C11-AA-001,C11-AA-001,target_reached,0,zero,1,1,0,0,0.0,0.0,1,1
C11-otrf-apt29-day1-scranton-nashua,C11-otrf-apt29-day1-scranton-nashua|discriminative|m060|37,discriminative,0.6,37,C11-otrf-apt29-day1-scranton-nashua|discriminative|m060|37|d1|C11-AA-003,1,C11-AA-003,8.0,4,4,1.0,C11-AA-001,1.0,C11-AA-001,C11-AA-001,target_reached,0,zero,1,1,0,0,0.0,0.0,1,1
C11-otrf-apt29-day1-scranton-nashua,C11-otrf-apt29-day1-scranton-nashua|discriminative|m060|37,discriminative,0.6,37,C11-otrf-apt29-day1-scranton-nashua|discriminative|m060|37|d1|C11-AA-004,1,C11-AA-004,9.0,3,5,3.0,C11-AA-001>C11-AA-002,3.0,C11-AA-001>C11-AA-002,C11-AA-001>C11-AA-002,target_reached,0,zero,1,1,0,0,0.0,0.0,1,1
C11-otrf-apt29-day1-scranton-nashua,C11-otrf-apt29-day1-scranton-nashua|discriminative|m060|37,discriminative,0.6,37,C11-otrf-apt29-day1-scranton-nashua|discriminative|m060|37|d1|C11-AA-005,1,C11-AA-005,8.0,3,5,3.0,C11-AA-001>C11-AA-002,3.0,C11-AA-001>C11-AA-002,C11-AA-001>C11-AA-002,target_reached,0,zero,1,1,0,0,0.0,0.0,1,1
C11-otrf-apt29-day1-scranton-nashua,C11-otrf-apt29-day1-scranton-nashua|discriminative|m060|37,discriminative,0.6,37,C11-otrf-apt29-day1-scranton-nashua|discriminative|m060|37|d2|C11-AA-001>C11-AA-004,2,C11-AA-001>C11-AA-004,8.0,6,2,2.0,C11-AA-002,2.0,C11-AA-002,C11-AA-002,target_reached,0,zero,1,1,0,0,0.0,0.0,1,1
C11-otrf-apt29-day1-scranton-nashua,C11-otrf-apt29-day1-scranton-nashua|discriminative|m060|37,discriminative,0.6,37,C11-otrf-apt29-day1-scranton-nashua|discriminative|m060|37|d2|C11-AA-001>C11-AA-005,2,C11-AA-001>C11-AA-005,7.0,6,2,2.0,C11-AA-002,2.0,C11-AA-002,C11-AA-002,target_reached,0,zero,1,1,0,0,0.0,0.0,1,1
C11-otrf-apt29-day1-scranton-nashua,C11-otrf-apt29-day1-scranton-nashua|discriminative|m060|37,discriminative,0.6,37,C11-otrf-apt29-day1-scranton-nashua|discriminative|m060|37|d2|C11-AA-002>C11-AA-003,2,C11-AA-002>C11-AA-003,6.0,5,3,1.0,C11-AA-001,1.0,C11-AA-001,C11-AA-001,target_reached,0,zero,1,1,0,0,0.0,0.0,1,1
C11-otrf-apt29-day1-scranton-nashua,C11-otrf-apt29-day1-scranton-nashua|discriminative|m060|37,discriminative,0.6,37,C11-otrf-apt29-day1-scranton-nashua|discriminative|m060|37|d2|C11-AA-002>C11-AA-004,2,C11-AA-002>C11-AA-004,7.0,4,4,1.0,C11-AA-001,1.0,C11-AA-001,C11-AA-001,target_reached,0,zero,1,1,0,0,0.0,0.0,1,1
C11-otrf-apt29-day1-scranton-nashua,C11-otrf-apt29-day1-scranton-nashua|discriminative|m060|37,discriminative,0.6,37,C11-otrf-apt29-day1-scranton-nashua|discriminative|m060|37|d2|C11-AA-002>C11-AA-005,2,C11-AA-002>C11-AA-005,6.0,4,4,1.0,C11-AA-001,1.0,C11-AA-001,C11-AA-001,target_reached,0,zero,1,1,0,0,0.0,0.0,1,1
C11-otrf-apt29-day1-scranton-nashua,C11-otrf-apt29-day1-scranton-nashua|discriminative|m060|37,discriminative,0.6,37,C11-otrf-apt29-day1-scranton-nashua|discriminative|m060|37|d2|C11-AA-003>C11-AA-004,2,C11-AA-003>C11-AA-004,7.0,4,4,1.0,C11-AA-001,1.0,C11-AA-001,C11-AA-001,target_reached,0,zero,1,1,0,0,0.0,0.0,1,1
C11-otrf-apt29-day1-scranton-nashua,C11-otrf-apt29-day1-scranton-nashua|discriminative|m060|37,discriminative,0.6,37,C11-otrf-apt29-day1-scranton-nashua|discriminative|m060|37|d2|C11-AA-003>C11-AA-005,2,C11-AA-003>C11-AA-005,6.0,4,4,1.0,C11-AA-001,1.0,C11-AA-001,C11-AA-001,target_reached,0,zero,1,1,0,0,0.0,0.0,1,1
C11-otrf-apt29-day1-scranton-nashua,C11-otrf-apt29-day1-scranton-nashua|discriminative|m060|37,discriminative,0.6,37,C11-otrf-apt29-day1-scranton-nashua|discriminative|m060|37|d2|C11-AA-004>C11-AA-005,2,C11-AA-004>C11-AA-005,7.0,3,5,3.0,C11-AA-001>C11-AA-002,3.0,C11-AA-001>C11-AA-002,C11-AA-001>C11-AA-002,target_reached,0,zero,1,1,0,0,0.0,0.0,1,1
C11-otrf-apt29-day1-scranton-nashua,C11-otrf-apt29-day1-scranton-nashua|discriminative|m060|41,discriminative,0.6,41,C11-otrf-apt29-day1-scranton-nashua|discriminative|m060|41|d0|root,0,,10.0,3,5,3.0,C11-AA-001>C11-AA-002,3.0,C11-AA-001>C11-AA-002,C11-AA-001>C11-AA-002,target_reached,0,zero,1,1,0,0,0.0,0.0,1,1
C11-otrf-apt29-day1-scranton-nashua,C11-otrf-apt29-day1-scranton-nashua|discriminative|m060|41,discriminative,0.6,41,C11-otrf-apt29-day1-scranton-nashua|discriminative|m060|41|d1|C11-AA-001,1,C11-AA-001,9.0,6,2,2.0,C11-AA-002,2.0,C11-AA-002,C11-AA-002,target_reached,0,zero,1,1,0,0,0.0,0.0,1,1
C11-otrf-apt29-day1-scranton-nashua,C11-otrf-apt29-day1-scranton-nashua|discriminative|m060|41,discriminative,0.6,41,C11-otrf-apt29-day1-scranton-nashua|discriminative|m060|41|d1|C11-AA-002,1,C11-AA-002,8.0,4,4,1.0,C11-AA-001,1.0,C11-AA-001,C11-AA-001,target_reached,0,zero,1,1,0,0,0.0,0.0,1,1
C11-otrf-apt29-day1-scranton-nashua,C11-otrf-apt29-day1-scranton-nashua|discriminative|m060|41,discriminative,0.6,41,C11-otrf-apt29-day1-scranton-nashua|discriminative|m060|41|d1|C11-AA-003,1,C11-AA-003,8.0,4,4,1.0,C11-AA-001,1.0,C11-AA-001,C11-AA-001,target_reached,0,zero,1,1,0,0,0.0,0.0,1,1
C11-otrf-apt29-day1-scranton-nashua,C11-otrf-apt29-day1-scranton-nashua|discriminative|m060|41,discriminative,0.6,41,C11-otrf-apt29-day1-scranton-nashua|discriminative|m060|41|d1|C11-AA-004,1,C11-AA-004,9.0,3,5,3.0,C11-AA-001>C11-AA-002,3.0,C11-AA-001>C11-AA-002,C11-AA-001>C11-AA-002,target_reached,0,zero,1,1,0,0,0.0,0.0,1,1
C11-otrf-apt29-day1-scranton-nashua,C11-otrf-apt29-day1-scranton-nashua|discriminative|m060|41,discriminative,0.6,41,C11-otrf-apt29-day1-scranton-nashua|discriminative|m060|41|d1|C11-AA-005,1,C11-AA-005,8.0,3,5,3.0,C11-AA-001>C11-AA-002,3.0,C11-AA-001>C11-AA-002,C11-AA-001>C11-AA-002,target_reached,0,zero,1,1,0,0,0.0,0.0,1,1
C11-otrf-apt29-day1-scranton-nashua,C11-otrf-apt29-day1-scranton-nashua|discriminative|m060|41,discriminative,0.6,41,C11-otrf-apt29-day1-scranton-nashua|discriminative|m060|41|d2|C11-AA-001>C11-AA-004,2,C11-AA-001>C11-AA-004,8.0,6,2,2.0,C11-AA-002,2.0,C11-AA-002,C11-AA-002,target_reached,0,zero,1,1,0,0,0.0,0.0,1,1
C11-otrf-apt29-day1-scranton-nashua,C11-otrf-apt29-day1-scranton-nashua|discriminative|m060|41,discriminative,0.6,41,C11-otrf-apt29-day1-scranton-nashua|discriminative|m060|41|d2|C11-AA-001>C11-AA-005,2,C11-AA-001>C11-AA-005,7.0,6,2,2.0,C11-AA-002,2.0,C11-AA-002,C11-AA-002,target_reached,0,zero,1,1,0,0,0.0,0.0,1,1
C11-otrf-apt29-day1-scranton-nashua,C11-otrf-apt29-day1-scranton-nashua|discriminative|m060|41,discriminative,0.6,41,C11-otrf-apt29-day1-scranton-nashua|discriminative|m060|41|d2|C11-AA-002>C11-AA-003,2,C11-AA-002>C11-AA-003,6.0,5,3,1.0,C11-AA-001,1.0,C11-AA-001,C11-AA-001,target_reached,0,zero,1,1,0,0,0.0,0.0,1,1
C11-otrf-apt29-day1-scranton-nashua,C11-otrf-apt29-day1-scranton-nashua|discriminative|m060|41,discriminative,0.6,41,C11-otrf-apt29-day1-scranton-nashua|discriminative|m060|41|d2|C11-AA-002>C11-AA-004,2,C11-AA-002>C11-AA-004,7.0,4,4,1.0,C11-AA-001,1.0,C11-AA-001,C11-AA-001,target_reached,0,zero,1,1,0,0,0.0,0.0,1,1
C11-otrf-apt29-day1-scranton-nashua,C11-otrf-apt29-day1-scranton-nashua|discriminative|m060|41,discriminative,0.6,41,C11-otrf-apt29-day1-scranton-nashua|discriminative|m060|41|d2|C11-AA-002>C11-AA-005,2,C11-AA-002>C11-AA-005,6.0,4,4,1.0,C11-AA-001,1.0,C11-AA-001,C11-AA-001,target_reached,0,zero,1,1,0,0,0.0,0.0,1,1
C11-otrf-apt29-day1-scranton-nashua,C11-otrf-apt29-day1-scranton-nashua|discriminative|m060|41,discriminative,0.6,41,C11-otrf-apt29-day1-scranton-nashua|discriminative|m060|41|d2|C11-AA-003>C11-AA-004,2,C11-AA-003>C11-AA-004,7.0,4,4,1.0,C11-AA-001,1.0,C11-AA-001,C11-AA-001,target_reached,0,zero,1,1,0,0,0.0,0.0,1,1
C11-otrf-apt29-day1-scranton-nashua,C11-otrf-apt29-day1-scranton-nashua|discriminative|m060|41,discriminative,0.6,41,C11-otrf-apt29-day1-scranton-nashua|discriminative|m060|41|d2|C11-AA-003>C11-AA-005,2,C11-AA-003>C11-AA-005,6.0,4,4,1.0,C11-AA-001,1.0,C11-AA-001,C11-AA-001,target_reached,0,zero,1,1,0,0,0.0,0.0,1,1
C11-otrf-apt29-day1-scranton-nashua,C11-otrf-apt29-day1-scranton-nashua|discriminative|m060|41,discriminative,0.6,41,C11-otrf-apt29-day1-scranton-nashua|discriminative|m060|41|d2|C11-AA-004>C11-AA-005,2,C11-AA-004>C11-AA-005,7.0,3,5,3.0,C11-AA-001>C11-AA-002,3.0,C11-AA-001>C11-AA-002,C11-AA-001>C11-AA-002,target_reached,0,zero,1,1,0,0,0.0,0.0,1,1
C11-otrf-apt29-day1-scranton-nashua,C11-otrf-apt29-day1-scranton-nashua|discriminative|m060|53,discriminative,0.6,53,C11-otrf-apt29-day1-scranton-nashua|discriminative|m060|53|d0|root,0,,10.0,3,5,3.0,C11-AA-001>C11-AA-002,3.0,C11-AA-001>C11-AA-002,C11-AA-001>C11-AA-002,target_reached,0,zero,1,1,0,0,0.0,0.0,1,1
C11-otrf-apt29-day1-scranton-nashua,C11-otrf-apt29-day1-scranton-nashua|discriminative|m060|53,discriminative,0.6,53,C11-otrf-apt29-day1-scranton-nashua|discriminative|m060|53|d1|C11-AA-001,1,C11-AA-001,9.0,6,2,2.0,C11-AA-002,2.0,C11-AA-002,C11-AA-002,target_reached,0,zero,1,1,0,0,0.0,0.0,1,1
C11-otrf-apt29-day1-scranton-nashua,C11-otrf-apt29-day1-scranton-nashua|discriminative|m060|53,discriminative,0.6,53,C11-otrf-apt29-day1-scranton-nashua|discriminative|m060|53|d1|C11-AA-002,1,C11-AA-002,8.0,4,4,1.0,C11-AA-001,1.0,C11-AA-001,C11-AA-001,target_reached,0,zero,1,1,0,0,0.0,0.0,1,1
C11-otrf-apt29-day1-scranton-nashua,C11-otrf-apt29-day1-scranton-nashua|discriminative|m060|53,discriminative,0.6,53,C11-otrf-apt29-day1-scranton-nashua|discriminative|m060|53|d1|C11-AA-003,1,C11-AA-003,8.0,4,4,1.0,C11-AA-001,1.0,C11-AA-001,C11-AA-001,target_reached,0,zero,1,1,0,0,0.0,0.0,1,1
C11-otrf-apt29-day1-scranton-nashua,C11-otrf-apt29-day1-scranton-nashua|discriminative|m060|53,discriminative,0.6,53,C11-otrf-apt29-day1-scranton-nashua|discriminative|m060|53|d1|C11-AA-004,1,C11-AA-004,9.0,3,5,3.0,C11-AA-001>C11-AA-002,3.0,C11-AA-001>C11-AA-002,C11-AA-001>C11-AA-002,target_reached,0,zero,1,1,0,0,0.0,0.0,1,1
C11-otrf-apt29-day1-scranton-nashua,C11-otrf-apt29-day1-scranton-nashua|discriminative|m060|53,discriminative,0.6,53,C11-otrf-apt29-day1-scranton-nashua|discriminative|m060|53|d1|C11-AA-005,1,C11-AA-005,8.0,3,5,3.0,C11-AA-001>C11-AA-002,3.0,C11-AA-001>C11-AA-002,C11-AA-001>C11-AA-002,target_reached,0,zero,1,1,0,0,0.0,0.0,1,1
C11-otrf-apt29-day1-scranton-nashua,C11-otrf-apt29-day1-scranton-nashua|discriminative|m060|53,discriminative,0.6,53,C11-otrf-apt29-day1-scranton-nashua|discriminative|m060|53|d2|C11-AA-001>C11-AA-004,2,C11-AA-001>C11-AA-004,8.0,6,2,2.0,C11-AA-002,2.0,C11-AA-002,C11-AA-002,target_reached,0,zero,1,1,0,0,0.0,0.0,1,1
C11-otrf-apt29-day1-scranton-nashua,C11-otrf-apt29-day1-scranton-nashua|discriminative|m060|53,discriminative,0.6,53,C11-otrf-apt29-day1-scranton-nashua|discriminative|m060|53|d2|C11-AA-001>C11-AA-005,2,C11-AA-001>C11-AA-005,7.0,6,2,2.0,C11-AA-002,2.0,C11-AA-002,C11-AA-002,target_reached,0,zero,1,1,0,0,0.0,0.0,1,1
C11-otrf-apt29-day1-scranton-nashua,C11-otrf-apt29-day1-scranton-nashua|discriminative|m060|53,discriminative,0.6,53,C11-otrf-apt29-day1-scranton-nashua|discriminative|m060|53|d2|C11-AA-002>C11-AA-003,2,C11-AA-002>C11-AA-003,6.0,5,3,1.0,C11-AA-001,1.0,C11-AA-001,C11-AA-001,target_reached,0,zero,1,1,0,0,0.0,0.0,1,1
C11-otrf-apt29-day1-scranton-nashua,C11-otrf-apt29-day1-scranton-nashua|discriminative|m060|53,discriminative,0.6,53,C11-otrf-apt29-day1-scranton-nashua|discriminative|m060|53|d2|C11-AA-002>C11-AA-004,2,C11-AA-002>C11-AA-004,7.0,4,4,1.0,C11-AA-001,1.0,C11-AA-001,C11-AA-001,target_reached,0,zero,1,1,0,0,0.0,0.0,1,1
C11-otrf-apt29-day1-scranton-nashua,C11-otrf-apt29-day1-scranton-nashua|discriminative|m060|53,discriminative,0.6,53,C11-otrf-apt29-day1-scranton-nashua|discriminative|m060|53|d2|C11-AA-002>C11-AA-005,2,C11-AA-002>C11-AA-005,6.0,4,4,1.0,C11-AA-001,1.0,C11-AA-001,C11-AA-001,target_reached,0,zero,1,1,0,0,0.0,0.0,1,1
C11-otrf-apt29-day1-scranton-nashua,C11-otrf-apt29-day1-scranton-nashua|discriminative|m060|53,discriminative,0.6,53,C11-otrf-apt29-day1-scranton-nashua|discriminative|m060|53|d2|C11-AA-003>C11-AA-004,2,C11-AA-003>C11-AA-004,7.0,4,4,1.0,C11-AA-001,1.0,C11-AA-001,C11-AA-001,target_reached,0,zero,1,1,0,0,0.0,0.0,1,1
C11-otrf-apt29-day1-scranton-nashua,C11-otrf-apt29-day1-scranton-nashua|discriminative|m060|53,discriminative,0.6,53,C11-otrf-apt29-day1-scranton-nashua|discriminative|m060|53|d2|C11-AA-003>C11-AA-005,2,C11-AA-003>C11-AA-005,6.0,4,4,1.0,C11-AA-001,1.0,C11-AA-001,C11-AA-001,target_reached,0,zero,1,1,0,0,0.0,0.0,1,1
C11-otrf-apt29-day1-scranton-nashua,C11-otrf-apt29-day1-scranton-nashua|discriminative|m060|53,discriminative,0.6,53,C11-otrf-apt29-day1-scranton-nashua|discriminative|m060|53|d2|C11-AA-004>C11-AA-005,2,C11-AA-004>C11-AA-005,7.0,3,5,3.0,C11-AA-001>C11-AA-002,3.0,C11-AA-001>C11-AA-002,C11-AA-001>C11-AA-002,target_reached,0,zero,1,1,0,0,0.0,0.0,1,1
C12-witfoo-precinct6-f10c7270,C12-witfoo-precinct6-f10c7270|random|m040|23,random,0.4,23,C12-witfoo-precinct6-f10c7270|random|m040|23|d0|root,0,,8.0,3,2,1.0,C12-AA-001,1.0,C12-AA-001,C12-AA-001,target_reached,0,zero,1,1,0,0,0.0,0.0,1,1
C12-witfoo-precinct6-f10c7270,C12-witfoo-precinct6-f10c7270|random|m040|23,random,0.4,23,C12-witfoo-precinct6-f10c7270|random|m040|23|d1|C12-AA-002,1,C12-AA-002,7.0,3,2,1.0,C12-AA-001,1.0,C12-AA-001,C12-AA-001,target_reached,0,zero,1,1,0,0,0.0,0.0,1,1
C12-witfoo-precinct6-f10c7270,C12-witfoo-precinct6-f10c7270|random|m060|11,random,0.6,11,C12-witfoo-precinct6-f10c7270|random|m060|11|d0|root,0,,8.0,2,3,1.0,C12-AA-002,2.0,C12-AA-001>C12-AA-002,C12-AA-001>C12-AA-002,target_reached,0,positive,1,1,0,0,1.0,1.0,0,0
C12-witfoo-precinct6-f10c7270,C12-witfoo-precinct6-f10c7270|random|m060|11,random,0.6,11,C12-witfoo-precinct6-f10c7270|random|m060|11|d1|C12-AA-001,1,C12-AA-001,7.0,2,3,1.0,C12-AA-002,1.0,C12-AA-002,C12-AA-002,target_reached,0,zero,1,1,0,0,0.0,0.0,1,1
C12-witfoo-precinct6-f10c7270,C12-witfoo-precinct6-f10c7270|random|m060|23,random,0.6,23,C12-witfoo-precinct6-f10c7270|random|m060|23|d0|root,0,,8.0,2,3,1.0,C12-AA-001,1.0,C12-AA-001,C12-AA-001,target_reached,0,zero,1,1,0,0,0.0,0.0,1,1
C12-witfoo-precinct6-f10c7270,C12-witfoo-precinct6-f10c7270|random|m060|23,random,0.6,23,C12-witfoo-precinct6-f10c7270|random|m060|23|d1|C12-AA-002,1,C12-AA-002,7.0,2,3,1.0,C12-AA-001,1.0,C12-AA-001,C12-AA-001,target_reached,0,zero,1,1,0,0,0.0,0.0,1,1
C12-witfoo-precinct6-f10c7270,C12-witfoo-precinct6-f10c7270|random|m060|37,random,0.6,37,C12-witfoo-precinct6-f10c7270|random|m060|37|d0|root,0,,8.0,2,3,1.0,C12-AA-001,1.0,C12-AA-001,C12-AA-001,target_reached,0,zero,1,1,0,0,0.0,0.0,1,1
C12-witfoo-precinct6-f10c7270,C12-witfoo-precinct6-f10c7270|random|m060|37,random,0.6,37,C12-witfoo-precinct6-f10c7270|random|m060|37|d1|C12-AA-002,1,C12-AA-002,7.0,2,3,1.0,C12-AA-001,1.0,C12-AA-001,C12-AA-001,target_reached,0,zero,1,1,0,0,0.0,0.0,1,1
C12-witfoo-precinct6-f10c7270,C12-witfoo-precinct6-f10c7270|random|m060|41,random,0.6,41,C12-witfoo-precinct6-f10c7270|random|m060|41|d0|root,0,,8.0,2,3,1.0,C12-AA-001,1.0,C12-AA-001,C12-AA-001,target_reached,0,zero,1,1,0,0,0.0,0.0,1,1
C12-witfoo-precinct6-f10c7270,C12-witfoo-precinct6-f10c7270|random|m060|41,random,0.6,41,C12-witfoo-precinct6-f10c7270|random|m060|41|d1|C12-AA-002,1,C12-AA-002,7.0,2,3,1.0,C12-AA-001,1.0,C12-AA-001,C12-AA-001,target_reached,0,zero,1,1,0,0,0.0,0.0,1,1
C12-witfoo-precinct6-f10c7270,C12-witfoo-precinct6-f10c7270|random|m060|53,random,0.6,53,C12-witfoo-precinct6-f10c7270|random|m060|53|d0|root,0,,8.0,2,3,1.0,C12-AA-002,2.0,C12-AA-001>C12-AA-002,C12-AA-001>C12-AA-002,target_reached,0,positive,1,1,0,0,1.0,1.0,0,0
C12-witfoo-precinct6-f10c7270,C12-witfoo-precinct6-f10c7270|random|m060|53,random,0.6,53,C12-witfoo-precinct6-f10c7270|random|m060|53|d1|C12-AA-001,1,C12-AA-001,7.0,2,3,1.0,C12-AA-002,1.0,C12-AA-002,C12-AA-002,target_reached,0,zero,1,1,0,0,0.0,0.0,1,1
C12-witfoo-precinct6-f10c7270,C12-witfoo-precinct6-f10c7270|stage|m060|11,stage,0.6,11,C12-witfoo-precinct6-f10c7270|stage|m060|11|d0|root,0,,8.0,2,3,2.0,C12-AA-001>C12-AA-002,2.0,C12-AA-001>C12-AA-002,C12-AA-001>C12-AA-002,target_reached,0,zero,1,1,0,0,0.0,0.0,1,1
C12-witfoo-precinct6-f10c7270,C12-witfoo-precinct6-f10c7270|stage|m060|11,stage,0.6,11,C12-witfoo-precinct6-f10c7270|stage|m060|11|d1|C12-AA-001,1,C12-AA-001,7.0,3,2,1.0,C12-AA-002,1.0,C12-AA-002,C12-AA-002,target_reached,0,zero,1,1,0,0,0.0,0.0,1,1
C12-witfoo-precinct6-f10c7270,C12-witfoo-precinct6-f10c7270|stage|m060|11,stage,0.6,11,C12-witfoo-precinct6-f10c7270|stage|m060|11|d1|C12-AA-002,1,C12-AA-002,7.0,3,2,1.0,C12-AA-001,1.0,C12-AA-001,C12-AA-001,target_reached,0,zero,1,1,0,0,0.0,0.0,1,1
C12-witfoo-precinct6-f10c7270,C12-witfoo-precinct6-f10c7270|stage|m060|23,stage,0.6,23,C12-witfoo-precinct6-f10c7270|stage|m060|23|d0|root,0,,8.0,2,3,2.0,C12-AA-001>C12-AA-002,2.0,C12-AA-001>C12-AA-002,C12-AA-001>C12-AA-002,target_reached,0,zero,1,1,0,0,0.0,0.0,1,1
C12-witfoo-precinct6-f10c7270,C12-witfoo-precinct6-f10c7270|stage|m060|23,stage,0.6,23,C12-witfoo-precinct6-f10c7270|stage|m060|23|d1|C12-AA-001,1,C12-AA-001,7.0,3,2,1.0,C12-AA-002,1.0,C12-AA-002,C12-AA-002,target_reached,0,zero,1,1,0,0,0.0,0.0,1,1
C12-witfoo-precinct6-f10c7270,C12-witfoo-precinct6-f10c7270|stage|m060|23,stage,0.6,23,C12-witfoo-precinct6-f10c7270|stage|m060|23|d1|C12-AA-002,1,C12-AA-002,7.0,3,2,1.0,C12-AA-001,1.0,C12-AA-001,C12-AA-001,target_reached,0,zero,1,1,0,0,0.0,0.0,1,1
C12-witfoo-precinct6-f10c7270,C12-witfoo-precinct6-f10c7270|stage|m060|37,stage,0.6,37,C12-witfoo-precinct6-f10c7270|stage|m060|37|d0|root,0,,8.0,2,3,2.0,C12-AA-001>C12-AA-002,2.0,C12-AA-001>C12-AA-002,C12-AA-001>C12-AA-002,target_reached,0,zero,1,1,0,0,0.0,0.0,1,1
C12-witfoo-precinct6-f10c7270,C12-witfoo-precinct6-f10c7270|stage|m060|37,stage,0.6,37,C12-witfoo-precinct6-f10c7270|stage|m060|37|d1|C12-AA-001,1,C12-AA-001,7.0,3,2,1.0,C12-AA-002,1.0,C12-AA-002,C12-AA-002,target_reached,0,zero,1,1,0,0,0.0,0.0,1,1
C12-witfoo-precinct6-f10c7270,C12-witfoo-precinct6-f10c7270|stage|m060|37,stage,0.6,37,C12-witfoo-precinct6-f10c7270|stage|m060|37|d1|C12-AA-002,1,C12-AA-002,7.0,3,2,1.0,C12-AA-001,1.0,C12-AA-001,C12-AA-001,target_reached,0,zero,1,1,0,0,0.0,0.0,1,1
C12-witfoo-precinct6-f10c7270,C12-witfoo-precinct6-f10c7270|stage|m060|41,stage,0.6,41,C12-witfoo-precinct6-f10c7270|stage|m060|41|d0|root,0,,8.0,2,3,2.0,C12-AA-001>C12-AA-002,2.0,C12-AA-001>C12-AA-002,C12-AA-001>C12-AA-002,target_reached,0,zero,1,1,0,0,0.0,0.0,1,1
C12-witfoo-precinct6-f10c7270,C12-witfoo-precinct6-f10c7270|stage|m060|41,stage,0.6,41,C12-witfoo-precinct6-f10c7270|stage|m060|41|d1|C12-AA-001,1,C12-AA-001,7.0,3,2,1.0,C12-AA-002,1.0,C12-AA-002,C12-AA-002,target_reached,0,zero,1,1,0,0,0.0,0.0,1,1
C12-witfoo-precinct6-f10c7270,C12-witfoo-precinct6-f10c7270|stage|m060|41,stage,0.6,41,C12-witfoo-precinct6-f10c7270|stage|m060|41|d1|C12-AA-002,1,C12-AA-002,7.0,3,2,1.0,C12-AA-001,1.0,C12-AA-001,C12-AA-001,target_reached,0,zero,1,1,0,0,0.0,0.0,1,1
C12-witfoo-precinct6-f10c7270,C12-witfoo-precinct6-f10c7270|stage|m060|53,stage,0.6,53,C12-witfoo-precinct6-f10c7270|stage|m060|53|d0|root,0,,8.0,2,3,2.0,C12-AA-001>C12-AA-002,2.0,C12-AA-001>C12-AA-002,C12-AA-001>C12-AA-002,target_reached,0,zero,1,1,0,0,0.0,0.0,1,1
C12-witfoo-precinct6-f10c7270,C12-witfoo-precinct6-f10c7270|stage|m060|53,stage,0.6,53,C12-witfoo-precinct6-f10c7270|stage|m060|53|d1|C12-AA-001,1,C12-AA-001,7.0,3,2,1.0,C12-AA-002,1.0,C12-AA-002,C12-AA-002,target_reached,0,zero,1,1,0,0,0.0,0.0,1,1
C12-witfoo-precinct6-f10c7270,C12-witfoo-precinct6-f10c7270|stage|m060|53,stage,0.6,53,C12-witfoo-precinct6-f10c7270|stage|m060|53|d1|C12-AA-002,1,C12-AA-002,7.0,3,2,1.0,C12-AA-001,1.0,C12-AA-001,C12-AA-001,target_reached,0,zero,1,1,0,0,0.0,0.0,1,1
C12-witfoo-precinct6-f10c7270,C12-witfoo-precinct6-f10c7270|discriminative|m060|11,discriminative,0.6,11,C12-witfoo-precinct6-f10c7270|discriminative|m060|11|d0|root,0,,8.0,2,3,2.0,C12-AA-001>C12-AA-002,2.0,C12-AA-001>C12-AA-002,C12-AA-001>C12-AA-002,target_reached,0,zero,1,1,0,0,0.0,0.0,1,1
C12-witfoo-precinct6-f10c7270,C12-witfoo-precinct6-f10c7270|discriminative|m060|11,discriminative,0.6,11,C12-witfoo-precinct6-f10c7270|discriminative|m060|11|d1|C12-AA-001,1,C12-AA-001,7.0,3,2,1.0,C12-AA-002,1.0,C12-AA-002,C12-AA-002,target_reached,0,zero,1,1,0,0,0.0,0.0,1,1
C12-witfoo-precinct6-f10c7270,C12-witfoo-precinct6-f10c7270|discriminative|m060|11,discriminative,0.6,11,C12-witfoo-precinct6-f10c7270|discriminative|m060|11|d1|C12-AA-002,1,C12-AA-002,7.0,3,2,1.0,C12-AA-001,1.0,C12-AA-001,C12-AA-001,target_reached,0,zero,1,1,0,0,0.0,0.0,1,1
C12-witfoo-precinct6-f10c7270,C12-witfoo-precinct6-f10c7270|discriminative|m060|23,discriminative,0.6,23,C12-witfoo-precinct6-f10c7270|discriminative|m060|23|d0|root,0,,8.0,2,3,2.0,C12-AA-001>C12-AA-002,2.0,C12-AA-001>C12-AA-002,C12-AA-001>C12-AA-002,target_reached,0,zero,1,1,0,0,0.0,0.0,1,1
C12-witfoo-precinct6-f10c7270,C12-witfoo-precinct6-f10c7270|discriminative|m060|23,discriminative,0.6,23,C12-witfoo-precinct6-f10c7270|discriminative|m060|23|d1|C12-AA-001,1,C12-AA-001,7.0,3,2,1.0,C12-AA-002,1.0,C12-AA-002,C12-AA-002,target_reached,0,zero,1,1,0,0,0.0,0.0,1,1
C12-witfoo-precinct6-f10c7270,C12-witfoo-precinct6-f10c7270|discriminative|m060|23,discriminative,0.6,23,C12-witfoo-precinct6-f10c7270|discriminative|m060|23|d1|C12-AA-002,1,C12-AA-002,7.0,3,2,1.0,C12-AA-001,1.0,C12-AA-001,C12-AA-001,target_reached,0,zero,1,1,0,0,0.0,0.0,1,1
C12-witfoo-precinct6-f10c7270,C12-witfoo-precinct6-f10c7270|discriminative|m060|37,discriminative,0.6,37,C12-witfoo-precinct6-f10c7270|discriminative|m060|37|d0|root,0,,8.0,2,3,2.0,C12-AA-001>C12-AA-002,2.0,C12-AA-001>C12-AA-002,C12-AA-001>C12-AA-002,target_reached,0,zero,1,1,0,0,0.0,0.0,1,1
C12-witfoo-precinct6-f10c7270,C12-witfoo-precinct6-f10c7270|discriminative|m060|37,discriminative,0.6,37,C12-witfoo-precinct6-f10c7270|discriminative|m060|37|d1|C12-AA-001,1,C12-AA-001,7.0,3,2,1.0,C12-AA-002,1.0,C12-AA-002,C12-AA-002,target_reached,0,zero,1,1,0,0,0.0,0.0,1,1
C12-witfoo-precinct6-f10c7270,C12-witfoo-precinct6-f10c7270|discriminative|m060|37,discriminative,0.6,37,C12-witfoo-precinct6-f10c7270|discriminative|m060|37|d1|C12-AA-002,1,C12-AA-002,7.0,3,2,1.0,C12-AA-001,1.0,C12-AA-001,C12-AA-001,target_reached,0,zero,1,1,0,0,0.0,0.0,1,1
C12-witfoo-precinct6-f10c7270,C12-witfoo-precinct6-f10c7270|discriminative|m060|41,discriminative,0.6,41,C12-witfoo-precinct6-f10c7270|discriminative|m060|41|d0|root,0,,8.0,2,3,2.0,C12-AA-001>C12-AA-002,2.0,C12-AA-001>C12-AA-002,C12-AA-001>C12-AA-002,target_reached,0,zero,1,1,0,0,0.0,0.0,1,1
C12-witfoo-precinct6-f10c7270,C12-witfoo-precinct6-f10c7270|discriminative|m060|41,discriminative,0.6,41,C12-witfoo-precinct6-f10c7270|discriminative|m060|41|d1|C12-AA-001,1,C12-AA-001,7.0,3,2,1.0,C12-AA-002,1.0,C12-AA-002,C12-AA-002,target_reached,0,zero,1,1,0,0,0.0,0.0,1,1
C12-witfoo-precinct6-f10c7270,C12-witfoo-precinct6-f10c7270|discriminative|m060|41,discriminative,0.6,41,C12-witfoo-precinct6-f10c7270|discriminative|m060|41|d1|C12-AA-002,1,C12-AA-002,7.0,3,2,1.0,C12-AA-001,1.0,C12-AA-001,C12-AA-001,target_reached,0,zero,1,1,0,0,0.0,0.0,1,1
C12-witfoo-precinct6-f10c7270,C12-witfoo-precinct6-f10c7270|discriminative|m060|53,discriminative,0.6,53,C12-witfoo-precinct6-f10c7270|discriminative|m060|53|d0|root,0,,8.0,2,3,2.0,C12-AA-001>C12-AA-002,2.0,C12-AA-001>C12-AA-002,C12-AA-001>C12-AA-002,target_reached,0,zero,1,1,0,0,0.0,0.0,1,1
C12-witfoo-precinct6-f10c7270,C12-witfoo-precinct6-f10c7270|discriminative|m060|53,discriminative,0.6,53,C12-witfoo-precinct6-f10c7270|discriminative|m060|53|d1|C12-AA-001,1,C12-AA-001,7.0,3,2,1.0,C12-AA-002,1.0,C12-AA-002,C12-AA-002,target_reached,0,zero,1,1,0,0,0.0,0.0,1,1
C12-witfoo-precinct6-f10c7270,C12-witfoo-precinct6-f10c7270|discriminative|m060|53,discriminative,0.6,53,C12-witfoo-precinct6-f10c7270|discriminative|m060|53|d1|C12-AA-002,1,C12-AA-002,7.0,3,2,1.0,C12-AA-001,1.0,C12-AA-001,C12-AA-001,target_reached,0,zero,1,1,0,0,0.0,0.0,1,1
