source_result_dir,case_id,mask_strategy,mask_intensity,seed,decision_index,m3star_action_id,m3star_action_cost,xgboost_action_id,logistic_action_id,experts_agree,candidate_action_id,candidate_action_cost,candidate_reachability,candidate_transition_reachability,m3star_transition_reachability,candidate_transition_noninferior,candidate_differs_from_m3star,consensus_substitution_eligible,transition_gated_substitution_eligible,xgboost_episode_success,logistic_episode_success,candidate_recovered_count,m3star_recovered_count,candidate_zero_yield_offline,m3star_zero_yield_offline
09-experiments/results/m3star_measured_replay_prefeedback_c07_c10_v0.7,C07-darpa-e5-theia-0515,random,0.2,23,0,C07-AA-004,2.0,C07-AA-003,C07-AA-003,1,C07-AA-003,1.0,0.9945759773254395,0.008957337588071823,0.8302984237670898,0,1,1,0,1,1,0,1,1,0
09-experiments/results/m3star_measured_replay_prefeedback_c07_c10_v0.7,C07-darpa-e5-theia-0515,random,0.4,23,0,C07-AA-004,2.0,C07-AA-002,C07-AA-001,0,,,,,,0,0,0,0,1,1,0,1,0,0
09-experiments/results/m3star_measured_replay_prefeedback_c07_c10_v0.7,C07-darpa-e5-theia-0515,random,0.4,23,1,C07-AA-001,1.0,C07-AA-002,C07-AA-001,0,,,,,,0,0,0,0,1,1,0,0,0,1
09-experiments/results/m3star_measured_replay_prefeedback_c07_c10_v0.7,C07-darpa-e5-theia-0515,random,0.4,23,2,C07-AA-002,2.0,C07-AA-002,C07-AA-002,1,C07-AA-002,2.0,0.998214840888977,0.9983497858047485,0.9983497858047485,1,0,0,0,1,1,1,1,0,0
09-experiments/results/m3star_measured_replay_prefeedback_c07_c10_v0.7,C07-darpa-e5-theia-0515,random,0.4,37,0,C07-AA-001,1.0,C07-AA-002,C07-AA-001,0,,,,,,0,0,0,0,1,1,0,0,0,1
09-experiments/results/m3star_measured_replay_prefeedback_c07_c10_v0.7,C07-darpa-e5-theia-0515,random,0.4,37,1,C07-AA-002,2.0,C07-AA-002,C07-AA-002,1,C07-AA-002,2.0,0.9972466230392456,0.9983189702033997,0.9983189702033997,1,0,0,0,1,1,1,1,0,0
09-experiments/results/m3star_measured_replay_prefeedback_c07_c10_v0.7,C07-darpa-e5-theia-0515,random,0.4,41,0,C07-AA-004,2.0,C07-AA-003,C07-AA-003,1,C07-AA-003,1.0,0.9945759773254395,0.008957337588071823,0.8302984237670898,0,1,1,0,1,1,0,1,1,0
09-experiments/results/m3star_measured_replay_prefeedback_c07_c10_v0.7,C07-darpa-e5-theia-0515,random,0.4,53,0,C07-AA-003,1.0,C07-AA-002,C07-AA-001,0,,,,,,0,0,0,0,1,1,0,1,0,0
09-experiments/results/m3star_measured_replay_prefeedback_c07_c10_v0.7,C07-darpa-e5-theia-0515,random,0.6,11,0,C07-AA-003,1.0,C07-AA-002,C07-AA-001,0,,,,,,0,0,0,0,1,1,0,1,0,0
09-experiments/results/m3star_measured_replay_prefeedback_c07_c10_v0.7,C07-darpa-e5-theia-0515,random,0.6,23,0,C07-AA-004,2.0,C07-AA-002,C07-AA-001,0,,,,,,0,0,0,0,1,1,0,1,0,0
09-experiments/results/m3star_measured_replay_prefeedback_c07_c10_v0.7,C07-darpa-e5-theia-0515,random,0.6,23,1,C07-AA-001,1.0,C07-AA-002,C07-AA-001,0,,,,,,0,0,0,0,1,1,0,0,0,1
09-experiments/results/m3star_measured_replay_prefeedback_c07_c10_v0.7,C07-darpa-e5-theia-0515,random,0.6,23,2,C07-AA-002,2.0,C07-AA-002,C07-AA-002,1,C07-AA-002,2.0,0.998214840888977,0.9983497858047485,0.9983497858047485,1,0,0,0,1,1,1,1,0,0
09-experiments/results/m3star_measured_replay_prefeedback_c07_c10_v0.7,C07-darpa-e5-theia-0515,random,0.6,37,0,C07-AA-004,2.0,C07-AA-002,C07-AA-001,0,,,,,,0,0,0,0,1,1,0,1,0,0
09-experiments/results/m3star_measured_replay_prefeedback_c07_c10_v0.7,C07-darpa-e5-theia-0515,random,0.6,37,1,C07-AA-001,1.0,C07-AA-002,C07-AA-001,0,,,,,,0,0,0,0,1,1,0,0,0,1
09-experiments/results/m3star_measured_replay_prefeedback_c07_c10_v0.7,C07-darpa-e5-theia-0515,random,0.6,37,2,C07-AA-002,2.0,C07-AA-002,C07-AA-002,1,C07-AA-002,2.0,0.998214840888977,0.9983497858047485,0.9983497858047485,1,0,0,0,1,1,1,1,0,0
09-experiments/results/m3star_measured_replay_prefeedback_c07_c10_v0.7,C07-darpa-e5-theia-0515,random,0.6,41,0,C07-AA-004,2.0,C07-AA-002,C07-AA-001,0,,,,,,0,0,0,0,1,1,0,1,0,0
09-experiments/results/m3star_measured_replay_prefeedback_c07_c10_v0.7,C07-darpa-e5-theia-0515,random,0.6,41,1,C07-AA-001,1.0,C07-AA-002,C07-AA-001,0,,,,,,0,0,0,0,1,1,0,1,0,0
09-experiments/results/m3star_measured_replay_prefeedback_c07_c10_v0.7,C07-darpa-e5-theia-0515,random,0.6,53,0,C07-AA-003,1.0,C07-AA-002,C07-AA-001,0,,,,,,0,0,0,0,1,1,0,1,0,0
09-experiments/results/m3star_measured_replay_prefeedback_c07_c10_v0.7,C07-darpa-e5-theia-0515,stage,0.2,11,0,C07-AA-001,1.0,C07-AA-002,C07-AA-001,0,,,,,,0,0,0,0,1,1,0,1,0,0
09-experiments/results/m3star_measured_replay_prefeedback_c07_c10_v0.7,C07-darpa-e5-theia-0515,stage,0.2,23,0,C07-AA-001,1.0,C07-AA-002,C07-AA-001,0,,,,,,0,0,0,0,1,1,0,0,0,1
09-experiments/results/m3star_measured_replay_prefeedback_c07_c10_v0.7,C07-darpa-e5-theia-0515,stage,0.2,23,1,C07-AA-002,2.0,C07-AA-002,C07-AA-002,1,C07-AA-002,2.0,0.9972466230392456,0.9983189702033997,0.9983189702033997,1,0,0,0,1,1,1,1,0,0
09-experiments/results/m3star_measured_replay_prefeedback_c07_c10_v0.7,C07-darpa-e5-theia-0515,stage,0.2,37,0,C07-AA-001,1.0,C07-AA-002,C07-AA-001,0,,,,,,0,0,0,0,1,1,0,0,0,1
09-experiments/results/m3star_measured_replay_prefeedback_c07_c10_v0.7,C07-darpa-e5-theia-0515,stage,0.2,37,1,C07-AA-002,2.0,C07-AA-002,C07-AA-002,1,C07-AA-002,2.0,0.9972466230392456,0.9983189702033997,0.9983189702033997,1,0,0,0,1,1,1,1,0,0
09-experiments/results/m3star_measured_replay_prefeedback_c07_c10_v0.7,C07-darpa-e5-theia-0515,stage,0.2,41,0,C07-AA-001,1.0,C07-AA-002,C07-AA-001,0,,,,,,0,0,0,0,1,1,0,1,0,0
09-experiments/results/m3star_measured_replay_prefeedback_c07_c10_v0.7,C07-darpa-e5-theia-0515,stage,0.2,53,0,C07-AA-001,1.0,C07-AA-002,C07-AA-001,0,,,,,,0,0,0,0,1,1,0,1,0,0
09-experiments/results/m3star_measured_replay_prefeedback_c07_c10_v0.7,C07-darpa-e5-theia-0515,stage,0.4,11,0,C07-AA-001,1.0,C07-AA-001,C07-AA-001,1,C07-AA-001,1.0,0.9284948110580444,0.20005735145724746,0.20005735145724746,1,0,0,0,1,1,1,1,0,0
09-experiments/results/m3star_measured_replay_prefeedback_c07_c10_v0.7,C07-darpa-e5-theia-0515,stage,0.4,11,1,C07-AA-003,1.0,C07-AA-002,C07-AA-003,0,,,,,,0,0,0,0,1,1,0,1,0,0
09-experiments/results/m3star_measured_replay_prefeedback_c07_c10_v0.7,C07-darpa-e5-theia-0515,stage,0.4,23,0,C07-AA-001,1.0,C07-AA-001,C07-AA-001,1,C07-AA-001,1.0,0.9284948110580444,0.20005735145724746,0.20005735145724746,1,0,0,0,1,1,0,0,1,1
09-experiments/results/m3star_measured_replay_prefeedback_c07_c10_v0.7,C07-darpa-e5-theia-0515,stage,0.4,23,1,C07-AA-002,2.0,C07-AA-002,C07-AA-002,1,C07-AA-002,2.0,0.7693626284599304,0.20367008901729378,0.20367008901729378,1,0,0,0,1,1,1,1,0,0
09-experiments/results/m3star_measured_replay_prefeedback_c07_c10_v0.7,C07-darpa-e5-theia-0515,stage,0.4,23,2,C07-AA-003,1.0,C07-AA-004,C07-AA-003,0,,,,,,0,0,0,0,1,1,0,1,0,0
09-experiments/results/m3star_measured_replay_prefeedback_c07_c10_v0.7,C07-darpa-e5-theia-0515,stage,0.4,37,0,C07-AA-001,1.0,C07-AA-001,C07-AA-001,1,C07-AA-001,1.0,0.9284948110580444,0.20005735145724746,0.20005735145724746,1,0,0,0,1,1,0,0,1,1
09-experiments/results/m3star_measured_replay_prefeedback_c07_c10_v0.7,C07-darpa-e5-theia-0515,stage,0.4,37,1,C07-AA-002,2.0,C07-AA-002,C07-AA-002,1,C07-AA-002,2.0,0.7693626284599304,0.20367008901729378,0.20367008901729378,1,0,0,0,1,1,1,1,0,0
09-experiments/results/m3star_measured_replay_prefeedback_c07_c10_v0.7,C07-darpa-e5-theia-0515,stage,0.4,37,2,C07-AA-003,1.0,C07-AA-004,C07-AA-003,0,,,,,,0,0,0,0,1,1,0,1,0,0
09-experiments/results/m3star_measured_replay_prefeedback_c07_c10_v0.7,C07-darpa-e5-theia-0515,stage,0.4,41,0,C07-AA-001,1.0,C07-AA-001,C07-AA-001,1,C07-AA-001,1.0,0.9284948110580444,0.20005735145724746,0.20005735145724746,1,0,0,0,1,1,1,1,0,0
09-experiments/results/m3star_measured_replay_prefeedback_c07_c10_v0.7,C07-darpa-e5-theia-0515,stage,0.4,41,1,C07-AA-003,1.0,C07-AA-002,C07-AA-003,0,,,,,,0,0,0,0,1,1,0,1,0,0
09-experiments/results/m3star_measured_replay_prefeedback_c07_c10_v0.7,C07-darpa-e5-theia-0515,stage,0.4,53,0,C07-AA-001,1.0,C07-AA-001,C07-AA-001,1,C07-AA-001,1.0,0.9284948110580444,0.20005735145724746,0.20005735145724746,1,0,0,0,1,1,1,1,0,0
09-experiments/results/m3star_measured_replay_prefeedback_c07_c10_v0.7,C07-darpa-e5-theia-0515,stage,0.4,53,1,C07-AA-003,1.0,C07-AA-002,C07-AA-003,0,,,,,,0,0,0,0,1,1,0,1,0,0
09-experiments/results/m3star_measured_replay_prefeedback_c07_c10_v0.7,C07-darpa-e5-theia-0515,stage,0.6,11,0,C07-AA-004,2.0,C07-AA-003,C07-AA-001,0,,,,,,0,0,0,0,1,1,0,1,0,0
09-experiments/results/m3star_measured_replay_prefeedback_c07_c10_v0.7,C07-darpa-e5-theia-0515,stage,0.6,11,1,C07-AA-002,2.0,C07-AA-001,C07-AA-001,1,C07-AA-001,1.0,0.9195268154144287,0.20005735145724746,0.21852595997097524,0,1,1,0,1,1,1,1,0,0
09-experiments/results/m3star_measured_replay_prefeedback_c07_c10_v0.7,C07-darpa-e5-theia-0515,stage,0.6,11,2,C07-AA-003,1.0,C07-AA-003,C07-AA-001,0,,,,,,0,0,0,0,1,1,0,1,0,0
09-experiments/results/m3star_measured_replay_prefeedback_c07_c10_v0.7,C07-darpa-e5-theia-0515,stage,0.6,23,0,C07-AA-004,2.0,C07-AA-003,C07-AA-001,0,,,,,,0,0,0,0,1,1,0,1,0,0
09-experiments/results/m3star_measured_replay_prefeedback_c07_c10_v0.7,C07-darpa-e5-theia-0515,stage,0.6,23,1,C07-AA-002,2.0,C07-AA-001,C07-AA-001,1,C07-AA-001,1.0,0.9195268154144287,0.20005735145724746,0.21852595997097524,0,1,1,0,1,1,0,1,1,0
09-experiments/results/m3star_measured_replay_prefeedback_c07_c10_v0.7,C07-darpa-e5-theia-0515,stage,0.6,23,2,C07-AA-003,1.0,C07-AA-003,C07-AA-001,0,,,,,,0,0,0,0,1,1,0,1,0,0
09-experiments/results/m3star_measured_replay_prefeedback_c07_c10_v0.7,C07-darpa-e5-theia-0515,stage,0.6,37,0,C07-AA-004,2.0,C07-AA-003,C07-AA-001,0,,,,,,0,0,0,0,1,1,0,1,0,0
09-experiments/results/m3star_measured_replay_prefeedback_c07_c10_v0.7,C07-darpa-e5-theia-0515,stage,0.6,37,1,C07-AA-002,2.0,C07-AA-001,C07-AA-001,1,C07-AA-001,1.0,0.9195268154144287,0.20005735145724746,0.21852595997097524,0,1,1,0,1,1,0,1,1,0
09-experiments/results/m3star_measured_replay_prefeedback_c07_c10_v0.7,C07-darpa-e5-theia-0515,stage,0.6,37,2,C07-AA-003,1.0,C07-AA-003,C07-AA-001,0,,,,,,0,0,0,0,1,1,0,1,0,0
09-experiments/results/m3star_measured_replay_prefeedback_c07_c10_v0.7,C07-darpa-e5-theia-0515,stage,0.6,41,0,C07-AA-004,2.0,C07-AA-003,C07-AA-001,0,,,,,,0,0,0,0,1,1,0,1,0,0
09-experiments/results/m3star_measured_replay_prefeedback_c07_c10_v0.7,C07-darpa-e5-theia-0515,stage,0.6,41,1,C07-AA-002,2.0,C07-AA-001,C07-AA-001,1,C07-AA-001,1.0,0.9195268154144287,0.20005735145724746,0.21852595997097524,0,1,1,0,1,1,1,1,0,0
09-experiments/results/m3star_measured_replay_prefeedback_c07_c10_v0.7,C07-darpa-e5-theia-0515,stage,0.6,41,2,C07-AA-003,1.0,C07-AA-003,C07-AA-001,0,,,,,,0,0,0,0,1,1,0,1,0,0
09-experiments/results/m3star_measured_replay_prefeedback_c07_c10_v0.7,C07-darpa-e5-theia-0515,stage,0.6,53,0,C07-AA-004,2.0,C07-AA-003,C07-AA-001,0,,,,,,0,0,0,0,1,1,0,1,0,0
09-experiments/results/m3star_measured_replay_prefeedback_c07_c10_v0.7,C07-darpa-e5-theia-0515,stage,0.6,53,1,C07-AA-002,2.0,C07-AA-001,C07-AA-001,1,C07-AA-001,1.0,0.9195268154144287,0.20005735145724746,0.21852595997097524,0,1,1,0,1,1,1,1,0,0
09-experiments/results/m3star_measured_replay_prefeedback_c07_c10_v0.7,C07-darpa-e5-theia-0515,stage,0.6,53,2,C07-AA-003,1.0,C07-AA-003,C07-AA-001,0,,,,,,0,0,0,0,1,1,0,1,0,0
09-experiments/results/m3star_measured_replay_prefeedback_c07_c10_v0.7,C07-darpa-e5-theia-0515,discriminative,0.2,11,0,C07-AA-001,1.0,C07-AA-002,C07-AA-001,0,,,,,,0,0,0,0,1,1,0,1,0,0
09-experiments/results/m3star_measured_replay_prefeedback_c07_c10_v0.7,C07-darpa-e5-theia-0515,discriminative,0.2,23,0,C07-AA-001,1.0,C07-AA-002,C07-AA-001,0,,,,,,0,0,0,0,1,1,0,0,0,1
09-experiments/results/m3star_measured_replay_prefeedback_c07_c10_v0.7,C07-darpa-e5-theia-0515,discriminative,0.2,23,1,C07-AA-002,2.0,C07-AA-002,C07-AA-002,1,C07-AA-002,2.0,0.9972466230392456,0.9983189702033997,0.9983189702033997,1,0,0,0,1,1,1,1,0,0
09-experiments/results/m3star_measured_replay_prefeedback_c07_c10_v0.7,C07-darpa-e5-theia-0515,discriminative,0.2,37,0,C07-AA-001,1.0,C07-AA-002,C07-AA-001,0,,,,,,0,0,0,0,1,1,0,0,0,1
09-experiments/results/m3star_measured_replay_prefeedback_c07_c10_v0.7,C07-darpa-e5-theia-0515,discriminative,0.2,37,1,C07-AA-002,2.0,C07-AA-002,C07-AA-002,1,C07-AA-002,2.0,0.9972466230392456,0.9983189702033997,0.9983189702033997,1,0,0,0,1,1,1,1,0,0
09-experiments/results/m3star_measured_replay_prefeedback_c07_c10_v0.7,C07-darpa-e5-theia-0515,discriminative,0.2,41,0,C07-AA-001,1.0,C07-AA-002,C07-AA-001,0,,,,,,0,0,0,0,1,1,0,1,0,0
09-experiments/results/m3star_measured_replay_prefeedback_c07_c10_v0.7,C07-darpa-e5-theia-0515,discriminative,0.2,53,0,C07-AA-001,1.0,C07-AA-002,C07-AA-001,0,,,,,,0,0,0,0,1,1,0,1,0,0
09-experiments/results/m3star_measured_replay_prefeedback_c07_c10_v0.7,C07-darpa-e5-theia-0515,discriminative,0.4,11,0,C07-AA-001,1.0,C07-AA-001,C07-AA-001,1,C07-AA-001,1.0,0.9284948110580444,0.20005735145724746,0.20005735145724746,1,0,0,0,1,1,1,1,0,0
09-experiments/results/m3star_measured_replay_prefeedback_c07_c10_v0.7,C07-darpa-e5-theia-0515,discriminative,0.4,11,1,C07-AA-003,1.0,C07-AA-002,C07-AA-003,0,,,,,,0,0,0,0,1,1,0,1,0,0
09-experiments/results/m3star_measured_replay_prefeedback_c07_c10_v0.7,C07-darpa-e5-theia-0515,discriminative,0.4,23,0,C07-AA-001,1.0,C07-AA-001,C07-AA-001,1,C07-AA-001,1.0,0.9284948110580444,0.20005735145724746,0.20005735145724746,1,0,0,0,1,1,0,0,1,1
09-experiments/results/m3star_measured_replay_prefeedback_c07_c10_v0.7,C07-darpa-e5-theia-0515,discriminative,0.4,23,1,C07-AA-002,2.0,C07-AA-002,C07-AA-002,1,C07-AA-002,2.0,0.7693626284599304,0.20367008901729378,0.20367008901729378,1,0,0,0,1,1,1,1,0,0
09-experiments/results/m3star_measured_replay_prefeedback_c07_c10_v0.7,C07-darpa-e5-theia-0515,discriminative,0.4,23,2,C07-AA-003,1.0,C07-AA-004,C07-AA-003,0,,,,,,0,0,0,0,1,1,0,1,0,0
09-experiments/results/m3star_measured_replay_prefeedback_c07_c10_v0.7,C07-darpa-e5-theia-0515,discriminative,0.4,37,0,C07-AA-001,1.0,C07-AA-001,C07-AA-001,1,C07-AA-001,1.0,0.9284948110580444,0.20005735145724746,0.20005735145724746,1,0,0,0,1,1,0,0,1,1
09-experiments/results/m3star_measured_replay_prefeedback_c07_c10_v0.7,C07-darpa-e5-theia-0515,discriminative,0.4,37,1,C07-AA-002,2.0,C07-AA-002,C07-AA-002,1,C07-AA-002,2.0,0.7693626284599304,0.20367008901729378,0.20367008901729378,1,0,0,0,1,1,1,1,0,0
09-experiments/results/m3star_measured_replay_prefeedback_c07_c10_v0.7,C07-darpa-e5-theia-0515,discriminative,0.4,37,2,C07-AA-003,1.0,C07-AA-004,C07-AA-003,0,,,,,,0,0,0,0,1,1,0,1,0,0
09-experiments/results/m3star_measured_replay_prefeedback_c07_c10_v0.7,C07-darpa-e5-theia-0515,discriminative,0.4,41,0,C07-AA-001,1.0,C07-AA-001,C07-AA-001,1,C07-AA-001,1.0,0.9284948110580444,0.20005735145724746,0.20005735145724746,1,0,0,0,1,1,1,1,0,0
09-experiments/results/m3star_measured_replay_prefeedback_c07_c10_v0.7,C07-darpa-e5-theia-0515,discriminative,0.4,41,1,C07-AA-003,1.0,C07-AA-002,C07-AA-003,0,,,,,,0,0,0,0,1,1,0,1,0,0
09-experiments/results/m3star_measured_replay_prefeedback_c07_c10_v0.7,C07-darpa-e5-theia-0515,discriminative,0.4,53,0,C07-AA-001,1.0,C07-AA-001,C07-AA-001,1,C07-AA-001,1.0,0.9284948110580444,0.20005735145724746,0.20005735145724746,1,0,0,0,1,1,1,1,0,0
09-experiments/results/m3star_measured_replay_prefeedback_c07_c10_v0.7,C07-darpa-e5-theia-0515,discriminative,0.4,53,1,C07-AA-003,1.0,C07-AA-002,C07-AA-003,0,,,,,,0,0,0,0,1,1,0,1,0,0
09-experiments/results/m3star_measured_replay_prefeedback_c07_c10_v0.7,C07-darpa-e5-theia-0515,discriminative,0.6,11,0,C07-AA-004,2.0,C07-AA-003,C07-AA-001,0,,,,,,0,0,0,0,1,1,0,1,0,0
09-experiments/results/m3star_measured_replay_prefeedback_c07_c10_v0.7,C07-darpa-e5-theia-0515,discriminative,0.6,11,1,C07-AA-002,2.0,C07-AA-001,C07-AA-001,1,C07-AA-001,1.0,0.9195268154144287,0.20005735145724746,0.21852595997097524,0,1,1,0,1,1,1,1,0,0
09-experiments/results/m3star_measured_replay_prefeedback_c07_c10_v0.7,C07-darpa-e5-theia-0515,discriminative,0.6,11,2,C07-AA-003,1.0,C07-AA-003,C07-AA-001,0,,,,,,0,0,0,0,1,1,0,1,0,0
09-experiments/results/m3star_measured_replay_prefeedback_c07_c10_v0.7,C07-darpa-e5-theia-0515,discriminative,0.6,23,0,C07-AA-004,2.0,C07-AA-003,C07-AA-001,0,,,,,,0,0,0,0,1,1,0,1,0,0
09-experiments/results/m3star_measured_replay_prefeedback_c07_c10_v0.7,C07-darpa-e5-theia-0515,discriminative,0.6,23,1,C07-AA-002,2.0,C07-AA-001,C07-AA-001,1,C07-AA-001,1.0,0.9195268154144287,0.20005735145724746,0.21852595997097524,0,1,1,0,1,1,0,1,1,0
09-experiments/results/m3star_measured_replay_prefeedback_c07_c10_v0.7,C07-darpa-e5-theia-0515,discriminative,0.6,23,2,C07-AA-003,1.0,C07-AA-003,C07-AA-001,0,,,,,,0,0,0,0,1,1,0,1,0,0
09-experiments/results/m3star_measured_replay_prefeedback_c07_c10_v0.7,C07-darpa-e5-theia-0515,discriminative,0.6,37,0,C07-AA-004,2.0,C07-AA-003,C07-AA-001,0,,,,,,0,0,0,0,1,1,0,1,0,0
09-experiments/results/m3star_measured_replay_prefeedback_c07_c10_v0.7,C07-darpa-e5-theia-0515,discriminative,0.6,37,1,C07-AA-002,2.0,C07-AA-001,C07-AA-001,1,C07-AA-001,1.0,0.9195268154144287,0.20005735145724746,0.21852595997097524,0,1,1,0,1,1,0,1,1,0
09-experiments/results/m3star_measured_replay_prefeedback_c07_c10_v0.7,C07-darpa-e5-theia-0515,discriminative,0.6,37,2,C07-AA-003,1.0,C07-AA-003,C07-AA-001,0,,,,,,0,0,0,0,1,1,0,1,0,0
09-experiments/results/m3star_measured_replay_prefeedback_c07_c10_v0.7,C07-darpa-e5-theia-0515,discriminative,0.6,41,0,C07-AA-004,2.0,C07-AA-003,C07-AA-001,0,,,,,,0,0,0,0,1,1,0,1,0,0
09-experiments/results/m3star_measured_replay_prefeedback_c07_c10_v0.7,C07-darpa-e5-theia-0515,discriminative,0.6,41,1,C07-AA-002,2.0,C07-AA-001,C07-AA-001,1,C07-AA-001,1.0,0.9195268154144287,0.20005735145724746,0.21852595997097524,0,1,1,0,1,1,1,1,0,0
09-experiments/results/m3star_measured_replay_prefeedback_c07_c10_v0.7,C07-darpa-e5-theia-0515,discriminative,0.6,41,2,C07-AA-003,1.0,C07-AA-003,C07-AA-001,0,,,,,,0,0,0,0,1,1,0,1,0,0
09-experiments/results/m3star_measured_replay_prefeedback_c07_c10_v0.7,C07-darpa-e5-theia-0515,discriminative,0.6,53,0,C07-AA-004,2.0,C07-AA-003,C07-AA-001,0,,,,,,0,0,0,0,1,1,0,1,0,0
09-experiments/results/m3star_measured_replay_prefeedback_c07_c10_v0.7,C07-darpa-e5-theia-0515,discriminative,0.6,53,1,C07-AA-002,2.0,C07-AA-001,C07-AA-001,1,C07-AA-001,1.0,0.9195268154144287,0.20005735145724746,0.21852595997097524,0,1,1,0,1,1,1,1,0,0
09-experiments/results/m3star_measured_replay_prefeedback_c07_c10_v0.7,C07-darpa-e5-theia-0515,discriminative,0.6,53,2,C07-AA-003,1.0,C07-AA-003,C07-AA-001,0,,,,,,0,0,0,0,1,1,0,1,0,0
09-experiments/results/m3star_measured_replay_prefeedback_c07_c10_v0.7,C08-darpa-e5-clearscope-0515,random,0.2,23,0,C08-AA-004,2.0,C08-AA-003,C08-AA-003,1,C08-AA-003,1.0,0.9945759773254395,0.008957337588071823,0.8302984237670898,0,1,1,0,1,1,0,1,1,0
09-experiments/results/m3star_measured_replay_prefeedback_c07_c10_v0.7,C08-darpa-e5-clearscope-0515,random,0.2,37,0,C08-AA-001,1.0,C08-AA-002,C08-AA-001,0,,,,,,0,0,0,0,1,1,0,0,0,1
09-experiments/results/m3star_measured_replay_prefeedback_c07_c10_v0.7,C08-darpa-e5-clearscope-0515,random,0.2,37,1,C08-AA-002,2.0,C08-AA-002,C08-AA-002,1,C08-AA-002,2.0,0.9972466230392456,0.9990405440330505,0.9990405440330505,1,0,0,0,1,1,1,1,0,0
09-experiments/results/m3star_measured_replay_prefeedback_c07_c10_v0.7,C08-darpa-e5-clearscope-0515,random,0.2,53,0,C08-AA-003,1.0,C08-AA-002,C08-AA-001,0,,,,,,0,0,0,0,1,1,0,1,0,0
09-experiments/results/m3star_measured_replay_prefeedback_c07_c10_v0.7,C08-darpa-e5-clearscope-0515,random,0.4,11,0,C08-AA-004,2.0,C08-AA-003,C08-AA-003,1,C08-AA-003,1.0,0.9945759773254395,0.008957337588071823,0.8302984237670898,0,1,1,0,1,1,0,1,1,0
09-experiments/results/m3star_measured_replay_prefeedback_c07_c10_v0.7,C08-darpa-e5-clearscope-0515,random,0.4,23,0,C08-AA-004,2.0,C08-AA-004,C08-AA-004,1,C08-AA-004,2.0,0.9797562956809998,0.8400348132967927,0.8400348132967927,1,0,0,0,1,1,1,1,0,0
09-experiments/results/m3star_measured_replay_prefeedback_c07_c10_v0.7,C08-darpa-e5-clearscope-0515,random,0.4,23,1,C08-AA-001,1.0,C08-AA-002,C08-AA-001,0,,,,,,0,0,0,0,1,1,0,1,0,0
09-experiments/results/m3star_measured_replay_prefeedback_c07_c10_v0.7,C08-darpa-e5-clearscope-0515,random,0.4,37,0,C08-AA-004,2.0,C08-AA-004,C08-AA-004,1,C08-AA-004,2.0,0.9797562956809998,0.8400348132967927,0.8400348132967927,1,0,0,0,1,1,1,1,0,0
09-experiments/results/m3star_measured_replay_prefeedback_c07_c10_v0.7,C08-darpa-e5-clearscope-0515,random,0.4,37,1,C08-AA-001,1.0,C08-AA-002,C08-AA-001,0,,,,,,0,0,0,0,1,1,0,0,0,1
09-experiments/results/m3star_measured_replay_prefeedback_c07_c10_v0.7,C08-darpa-e5-clearscope-0515,random,0.4,37,2,C08-AA-002,2.0,C08-AA-002,C08-AA-002,1,C08-AA-002,2.0,0.998214840888977,0.999058187007904,0.999058187007904,1,0,0,0,1,1,1,1,0,0
09-experiments/results/m3star_measured_replay_prefeedback_c07_c10_v0.7,C08-darpa-e5-clearscope-0515,random,0.4,41,0,C08-AA-003,1.0,C08-AA-002,C08-AA-001,0,,,,,,0,0,0,0,1,1,0,1,0,0
09-experiments/results/m3star_measured_replay_prefeedback_c07_c10_v0.7,C08-darpa-e5-clearscope-0515,random,0.4,53,0,C08-AA-003,1.0,C08-AA-002,C08-AA-001,0,,,,,,0,0,0,0,1,1,0,1,0,0
09-experiments/results/m3star_measured_replay_prefeedback_c07_c10_v0.7,C08-darpa-e5-clearscope-0515,random,0.6,11,0,C08-AA-003,1.0,C08-AA-003,C08-AA-003,1,C08-AA-003,1.0,0.9930210709571838,0.015700259544281447,0.015700259544281447,1,0,0,0,1,1,1,1,0,0
09-experiments/results/m3star_measured_replay_prefeedback_c07_c10_v0.7,C08-darpa-e5-clearscope-0515,random,0.6,11,1,C08-AA-004,2.0,C08-AA-004,C08-AA-004,1,C08-AA-004,2.0,0.9707292318344116,0.9419236183166504,0.9419236183166504,1,0,0,0,1,1,1,1,0,0
09-experiments/results/m3star_measured_replay_prefeedback_c07_c10_v0.7,C08-darpa-e5-clearscope-0515,random,0.6,23,0,C08-AA-004,2.0,C08-AA-004,C08-AA-004,1,C08-AA-004,2.0,0.9797562956809998,0.8400348132967927,0.8400348132967927,1,0,0,0,1,1,1,1,0,0
09-experiments/results/m3star_measured_replay_prefeedback_c07_c10_v0.7,C08-darpa-e5-clearscope-0515,random,0.6,23,1,C08-AA-001,1.0,C08-AA-002,C08-AA-001,0,,,,,,0,0,0,0,1,1,0,1,0,0
09-experiments/results/m3star_measured_replay_prefeedback_c07_c10_v0.7,C08-darpa-e5-clearscope-0515,random,0.6,37,0,C08-AA-004,2.0,C08-AA-004,C08-AA-004,1,C08-AA-004,2.0,0.9797562956809998,0.8400348132967927,0.8400348132967927,1,0,0,0,1,1,1,1,0,0
09-experiments/results/m3star_measured_replay_prefeedback_c07_c10_v0.7,C08-darpa-e5-clearscope-0515,random,0.6,37,1,C08-AA-001,1.0,C08-AA-002,C08-AA-001,0,,,,,,0,0,0,0,1,1,0,0,0,1
09-experiments/results/m3star_measured_replay_prefeedback_c07_c10_v0.7,C08-darpa-e5-clearscope-0515,random,0.6,37,2,C08-AA-002,2.0,C08-AA-002,C08-AA-002,1,C08-AA-002,2.0,0.998214840888977,0.999058187007904,0.999058187007904,1,0,0,0,1,1,1,1,0,0
09-experiments/results/m3star_measured_replay_prefeedback_c07_c10_v0.7,C08-darpa-e5-clearscope-0515,random,0.6,41,0,C08-AA-001,1.0,C08-AA-001,C08-AA-001,1,C08-AA-001,1.0,0.994536817073822,0.13599782796704218,0.13599782796704218,1,0,0,0,1,1,1,1,0,0
09-experiments/results/m3star_measured_replay_prefeedback_c07_c10_v0.7,C08-darpa-e5-clearscope-0515,random,0.6,41,1,C08-AA-003,1.0,C08-AA-002,C08-AA-003,0,,,,,,0,0,0,0,1,1,0,1,0,0
09-experiments/results/m3star_measured_replay_prefeedback_c07_c10_v0.7,C08-darpa-e5-clearscope-0515,random,0.6,53,0,C08-AA-003,1.0,C08-AA-003,C08-AA-003,1,C08-AA-003,1.0,0.9930210709571838,0.015700259544281447,0.015700259544281447,1,0,0,0,1,1,1,1,0,0
09-experiments/results/m3star_measured_replay_prefeedback_c07_c10_v0.7,C08-darpa-e5-clearscope-0515,random,0.6,53,1,C08-AA-004,2.0,C08-AA-004,C08-AA-004,1,C08-AA-004,2.0,0.9707292318344116,0.9419236183166504,0.9419236183166504,1,0,0,0,1,1,1,1,0,0
09-experiments/results/m3star_measured_replay_prefeedback_c07_c10_v0.7,C08-darpa-e5-clearscope-0515,stage,0.2,11,0,C08-AA-001,1.0,C08-AA-002,C08-AA-001,0,,,,,,0,0,0,0,1,1,0,1,0,0
09-experiments/results/m3star_measured_replay_prefeedback_c07_c10_v0.7,C08-darpa-e5-clearscope-0515,stage,0.2,23,0,C08-AA-001,1.0,C08-AA-002,C08-AA-001,0,,,,,,0,0,0,0,1,1,0,1,0,0
09-experiments/results/m3star_measured_replay_prefeedback_c07_c10_v0.7,C08-darpa-e5-clearscope-0515,stage,0.2,37,0,C08-AA-001,1.0,C08-AA-002,C08-AA-001,0,,,,,,0,0,0,0,1,1,0,0,0,1
09-experiments/results/m3star_measured_replay_prefeedback_c07_c10_v0.7,C08-darpa-e5-clearscope-0515,stage,0.2,37,1,C08-AA-002,2.0,C08-AA-002,C08-AA-002,1,C08-AA-002,2.0,0.9972466230392456,0.9990405440330505,0.9990405440330505,1,0,0,0,1,1,1,1,0,0
09-experiments/results/m3star_measured_replay_prefeedback_c07_c10_v0.7,C08-darpa-e5-clearscope-0515,stage,0.2,41,0,C08-AA-001,1.0,C08-AA-002,C08-AA-001,0,,,,,,0,0,0,0,1,1,0,1,0,0
09-experiments/results/m3star_measured_replay_prefeedback_c07_c10_v0.7,C08-darpa-e5-clearscope-0515,stage,0.2,53,0,C08-AA-001,1.0,C08-AA-002,C08-AA-001,0,,,,,,0,0,0,0,1,1,0,0,0,1
09-experiments/results/m3star_measured_replay_prefeedback_c07_c10_v0.7,C08-darpa-e5-clearscope-0515,stage,0.2,53,1,C08-AA-002,2.0,C08-AA-002,C08-AA-002,1,C08-AA-002,2.0,0.9972466230392456,0.9990405440330505,0.9990405440330505,1,0,0,0,1,1,1,1,0,0
09-experiments/results/m3star_measured_replay_prefeedback_c07_c10_v0.7,C08-darpa-e5-clearscope-0515,stage,0.4,11,0,C08-AA-001,1.0,C08-AA-001,C08-AA-001,1,C08-AA-001,1.0,0.994536817073822,0.13599782796704218,0.13599782796704218,1,0,0,0,1,1,1,1,0,0
09-experiments/results/m3star_measured_replay_prefeedback_c07_c10_v0.7,C08-darpa-e5-clearscope-0515,stage,0.4,11,1,C08-AA-003,1.0,C08-AA-002,C08-AA-003,0,,,,,,0,0,0,0,1,1,0,1,0,0
09-experiments/results/m3star_measured_replay_prefeedback_c07_c10_v0.7,C08-darpa-e5-clearscope-0515,stage,0.4,23,0,C08-AA-001,1.0,C08-AA-001,C08-AA-001,1,C08-AA-001,1.0,0.994536817073822,0.13599782796704218,0.13599782796704218,1,0,0,0,1,1,1,1,0,0
09-experiments/results/m3star_measured_replay_prefeedback_c07_c10_v0.7,C08-darpa-e5-clearscope-0515,stage,0.4,23,1,C08-AA-003,1.0,C08-AA-002,C08-AA-003,0,,,,,,0,0,0,0,1,1,0,1,0,0
09-experiments/results/m3star_measured_replay_prefeedback_c07_c10_v0.7,C08-darpa-e5-clearscope-0515,stage,0.4,37,0,C08-AA-001,1.0,C08-AA-001,C08-AA-001,1,C08-AA-001,1.0,0.994536817073822,0.13599782796704218,0.13599782796704218,1,0,0,0,1,1,0,0,1,1
09-experiments/results/m3star_measured_replay_prefeedback_c07_c10_v0.7,C08-darpa-e5-clearscope-0515,stage,0.4,37,1,C08-AA-002,2.0,C08-AA-002,C08-AA-002,1,C08-AA-002,2.0,0.9817372560501099,0.2518334295834226,0.2518334295834226,1,0,0,0,1,1,1,1,0,0
09-experiments/results/m3star_measured_replay_prefeedback_c07_c10_v0.7,C08-darpa-e5-clearscope-0515,stage,0.4,37,2,C08-AA-003,1.0,C08-AA-003,C08-AA-003,1,C08-AA-003,1.0,0.9951953291893005,0.817927896976471,0.817927896976471,1,0,0,0,1,1,1,1,0,0
09-experiments/results/m3star_measured_replay_prefeedback_c07_c10_v0.7,C08-darpa-e5-clearscope-0515,stage,0.4,41,0,C08-AA-001,1.0,C08-AA-001,C08-AA-001,1,C08-AA-001,1.0,0.994536817073822,0.13599782796704218,0.13599782796704218,1,0,0,0,1,1,1,1,0,0
09-experiments/results/m3star_measured_replay_prefeedback_c07_c10_v0.7,C08-darpa-e5-clearscope-0515,stage,0.4,41,1,C08-AA-003,1.0,C08-AA-002,C08-AA-003,0,,,,,,0,0,0,0,1,1,0,1,0,0
09-experiments/results/m3star_measured_replay_prefeedback_c07_c10_v0.7,C08-darpa-e5-clearscope-0515,stage,0.4,53,0,C08-AA-001,1.0,C08-AA-001,C08-AA-001,1,C08-AA-001,1.0,0.994536817073822,0.13599782796704218,0.13599782796704218,1,0,0,0,1,1,0,0,1,1
09-experiments/results/m3star_measured_replay_prefeedback_c07_c10_v0.7,C08-darpa-e5-clearscope-0515,stage,0.4,53,1,C08-AA-002,2.0,C08-AA-002,C08-AA-002,1,C08-AA-002,2.0,0.9817372560501099,0.2518334295834226,0.2518334295834226,1,0,0,0,1,1,1,1,0,0
09-experiments/results/m3star_measured_replay_prefeedback_c07_c10_v0.7,C08-darpa-e5-clearscope-0515,stage,0.4,53,2,C08-AA-003,1.0,C08-AA-003,C08-AA-003,1,C08-AA-003,1.0,0.9951953291893005,0.817927896976471,0.817927896976471,1,0,0,0,1,1,1,1,0,0
09-experiments/results/m3star_measured_replay_prefeedback_c07_c10_v0.7,C08-darpa-e5-clearscope-0515,stage,0.6,11,0,C08-AA-004,2.0,C08-AA-003,C08-AA-001,0,,,,,,0,0,0,0,1,1,0,1,0,0
09-experiments/results/m3star_measured_replay_prefeedback_c07_c10_v0.7,C08-darpa-e5-clearscope-0515,stage,0.6,11,1,C08-AA-002,2.0,C08-AA-001,C08-AA-001,1,C08-AA-001,1.0,0.9943369030952454,0.24736429593822074,0.26901443575411577,0,1,1,0,1,1,1,1,0,0
09-experiments/results/m3star_measured_replay_prefeedback_c07_c10_v0.7,C08-darpa-e5-clearscope-0515,stage,0.6,11,2,C08-AA-003,1.0,C08-AA-003,C08-AA-001,0,,,,,,0,0,0,0,1,1,0,1,0,0
09-experiments/results/m3star_measured_replay_prefeedback_c07_c10_v0.7,C08-darpa-e5-clearscope-0515,stage,0.6,23,0,C08-AA-004,2.0,C08-AA-003,C08-AA-001,0,,,,,,0,0,0,0,1,1,0,1,0,0
09-experiments/results/m3star_measured_replay_prefeedback_c07_c10_v0.7,C08-darpa-e5-clearscope-0515,stage,0.6,23,1,C08-AA-002,2.0,C08-AA-001,C08-AA-001,1,C08-AA-001,1.0,0.9943369030952454,0.24736429593822074,0.26901443575411577,0,1,1,0,1,1,1,1,0,0
09-experiments/results/m3star_measured_replay_prefeedback_c07_c10_v0.7,C08-darpa-e5-clearscope-0515,stage,0.6,23,2,C08-AA-003,1.0,C08-AA-003,C08-AA-001,0,,,,,,0,0,0,0,1,1,0,1,0,0
09-experiments/results/m3star_measured_replay_prefeedback_c07_c10_v0.7,C08-darpa-e5-clearscope-0515,stage,0.6,37,0,C08-AA-004,2.0,C08-AA-003,C08-AA-001,0,,,,,,0,0,0,0,1,1,0,1,0,0
09-experiments/results/m3star_measured_replay_prefeedback_c07_c10_v0.7,C08-darpa-e5-clearscope-0515,stage,0.6,37,1,C08-AA-002,2.0,C08-AA-001,C08-AA-001,1,C08-AA-001,1.0,0.9943369030952454,0.24736429593822074,0.26901443575411577,0,1,1,0,1,1,0,1,1,0
09-experiments/results/m3star_measured_replay_prefeedback_c07_c10_v0.7,C08-darpa-e5-clearscope-0515,stage,0.6,37,2,C08-AA-003,1.0,C08-AA-003,C08-AA-001,0,,,,,,0,0,0,0,1,1,0,1,0,0
09-experiments/results/m3star_measured_replay_prefeedback_c07_c10_v0.7,C08-darpa-e5-clearscope-0515,stage,0.6,41,0,C08-AA-004,2.0,C08-AA-003,C08-AA-001,0,,,,,,0,0,0,0,1,1,0,1,0,0
09-experiments/results/m3star_measured_replay_prefeedback_c07_c10_v0.7,C08-darpa-e5-clearscope-0515,stage,0.6,41,1,C08-AA-002,2.0,C08-AA-001,C08-AA-001,1,C08-AA-001,1.0,0.9943369030952454,0.24736429593822074,0.26901443575411577,0,1,1,0,1,1,1,1,0,0
09-experiments/results/m3star_measured_replay_prefeedback_c07_c10_v0.7,C08-darpa-e5-clearscope-0515,stage,0.6,41,2,C08-AA-003,1.0,C08-AA-003,C08-AA-001,0,,,,,,0,0,0,0,1,1,0,1,0,0
09-experiments/results/m3star_measured_replay_prefeedback_c07_c10_v0.7,C08-darpa-e5-clearscope-0515,stage,0.6,53,0,C08-AA-004,2.0,C08-AA-003,C08-AA-001,0,,,,,,0,0,0,0,1,1,0,1,0,0
09-experiments/results/m3star_measured_replay_prefeedback_c07_c10_v0.7,C08-darpa-e5-clearscope-0515,stage,0.6,53,1,C08-AA-002,2.0,C08-AA-001,C08-AA-001,1,C08-AA-001,1.0,0.9943369030952454,0.24736429593822074,0.26901443575411577,0,1,1,0,1,1,0,1,1,0
09-experiments/results/m3star_measured_replay_prefeedback_c07_c10_v0.7,C08-darpa-e5-clearscope-0515,stage,0.6,53,2,C08-AA-003,1.0,C08-AA-003,C08-AA-001,0,,,,,,0,0,0,0,1,1,0,1,0,0
09-experiments/results/m3star_measured_replay_prefeedback_c07_c10_v0.7,C08-darpa-e5-clearscope-0515,discriminative,0.2,11,0,C08-AA-001,1.0,C08-AA-002,C08-AA-001,0,,,,,,0,0,0,0,1,1,0,1,0,0
09-experiments/results/m3star_measured_replay_prefeedback_c07_c10_v0.7,C08-darpa-e5-clearscope-0515,discriminative,0.2,23,0,C08-AA-001,1.0,C08-AA-002,C08-AA-001,0,,,,,,0,0,0,0,1,1,0,1,0,0
09-experiments/results/m3star_measured_replay_prefeedback_c07_c10_v0.7,C08-darpa-e5-clearscope-0515,discriminative,0.2,37,0,C08-AA-001,1.0,C08-AA-002,C08-AA-001,0,,,,,,0,0,0,0,1,1,0,0,0,1
09-experiments/results/m3star_measured_replay_prefeedback_c07_c10_v0.7,C08-darpa-e5-clearscope-0515,discriminative,0.2,37,1,C08-AA-002,2.0,C08-AA-002,C08-AA-002,1,C08-AA-002,2.0,0.9972466230392456,0.9990405440330505,0.9990405440330505,1,0,0,0,1,1,1,1,0,0
09-experiments/results/m3star_measured_replay_prefeedback_c07_c10_v0.7,C08-darpa-e5-clearscope-0515,discriminative,0.2,41,0,C08-AA-001,1.0,C08-AA-002,C08-AA-001,0,,,,,,0,0,0,0,1,1,0,1,0,0
09-experiments/results/m3star_measured_replay_prefeedback_c07_c10_v0.7,C08-darpa-e5-clearscope-0515,discriminative,0.2,53,0,C08-AA-001,1.0,C08-AA-002,C08-AA-001,0,,,,,,0,0,0,0,1,1,0,0,0,1
09-experiments/results/m3star_measured_replay_prefeedback_c07_c10_v0.7,C08-darpa-e5-clearscope-0515,discriminative,0.2,53,1,C08-AA-002,2.0,C08-AA-002,C08-AA-002,1,C08-AA-002,2.0,0.9972466230392456,0.9990405440330505,0.9990405440330505,1,0,0,0,1,1,1,1,0,0
09-experiments/results/m3star_measured_replay_prefeedback_c07_c10_v0.7,C08-darpa-e5-clearscope-0515,discriminative,0.4,11,0,C08-AA-001,1.0,C08-AA-001,C08-AA-001,1,C08-AA-001,1.0,0.994536817073822,0.13599782796704218,0.13599782796704218,1,0,0,0,1,1,1,1,0,0
09-experiments/results/m3star_measured_replay_prefeedback_c07_c10_v0.7,C08-darpa-e5-clearscope-0515,discriminative,0.4,11,1,C08-AA-003,1.0,C08-AA-002,C08-AA-003,0,,,,,,0,0,0,0,1,1,0,1,0,0
09-experiments/results/m3star_measured_replay_prefeedback_c07_c10_v0.7,C08-darpa-e5-clearscope-0515,discriminative,0.4,23,0,C08-AA-001,1.0,C08-AA-001,C08-AA-001,1,C08-AA-001,1.0,0.994536817073822,0.13599782796704218,0.13599782796704218,1,0,0,0,1,1,1,1,0,0
09-experiments/results/m3star_measured_replay_prefeedback_c07_c10_v0.7,C08-darpa-e5-clearscope-0515,discriminative,0.4,23,1,C08-AA-003,1.0,C08-AA-002,C08-AA-003,0,,,,,,0,0,0,0,1,1,0,1,0,0
09-experiments/results/m3star_measured_replay_prefeedback_c07_c10_v0.7,C08-darpa-e5-clearscope-0515,discriminative,0.4,37,0,C08-AA-001,1.0,C08-AA-001,C08-AA-001,1,C08-AA-001,1.0,0.994536817073822,0.13599782796704218,0.13599782796704218,1,0,0,0,1,1,0,0,1,1
09-experiments/results/m3star_measured_replay_prefeedback_c07_c10_v0.7,C08-darpa-e5-clearscope-0515,discriminative,0.4,37,1,C08-AA-002,2.0,C08-AA-002,C08-AA-002,1,C08-AA-002,2.0,0.9817372560501099,0.2518334295834226,0.2518334295834226,1,0,0,0,1,1,1,1,0,0
09-experiments/results/m3star_measured_replay_prefeedback_c07_c10_v0.7,C08-darpa-e5-clearscope-0515,discriminative,0.4,37,2,C08-AA-003,1.0,C08-AA-003,C08-AA-003,1,C08-AA-003,1.0,0.9951953291893005,0.817927896976471,0.817927896976471,1,0,0,0,1,1,1,1,0,0
09-experiments/results/m3star_measured_replay_prefeedback_c07_c10_v0.7,C08-darpa-e5-clearscope-0515,discriminative,0.4,41,0,C08-AA-001,1.0,C08-AA-001,C08-AA-001,1,C08-AA-001,1.0,0.994536817073822,0.13599782796704218,0.13599782796704218,1,0,0,0,1,1,1,1,0,0
09-experiments/results/m3star_measured_replay_prefeedback_c07_c10_v0.7,C08-darpa-e5-clearscope-0515,discriminative,0.4,41,1,C08-AA-003,1.0,C08-AA-002,C08-AA-003,0,,,,,,0,0,0,0,1,1,0,1,0,0
09-experiments/results/m3star_measured_replay_prefeedback_c07_c10_v0.7,C08-darpa-e5-clearscope-0515,discriminative,0.4,53,0,C08-AA-001,1.0,C08-AA-001,C08-AA-001,1,C08-AA-001,1.0,0.994536817073822,0.13599782796704218,0.13599782796704218,1,0,0,0,1,1,0,0,1,1
09-experiments/results/m3star_measured_replay_prefeedback_c07_c10_v0.7,C08-darpa-e5-clearscope-0515,discriminative,0.4,53,1,C08-AA-002,2.0,C08-AA-002,C08-AA-002,1,C08-AA-002,2.0,0.9817372560501099,0.2518334295834226,0.2518334295834226,1,0,0,0,1,1,1,1,0,0
09-experiments/results/m3star_measured_replay_prefeedback_c07_c10_v0.7,C08-darpa-e5-clearscope-0515,discriminative,0.4,53,2,C08-AA-003,1.0,C08-AA-003,C08-AA-003,1,C08-AA-003,1.0,0.9951953291893005,0.817927896976471,0.817927896976471,1,0,0,0,1,1,1,1,0,0
09-experiments/results/m3star_measured_replay_prefeedback_c07_c10_v0.7,C08-darpa-e5-clearscope-0515,discriminative,0.6,11,0,C08-AA-004,2.0,C08-AA-003,C08-AA-001,0,,,,,,0,0,0,0,1,1,0,1,0,0
09-experiments/results/m3star_measured_replay_prefeedback_c07_c10_v0.7,C08-darpa-e5-clearscope-0515,discriminative,0.6,11,1,C08-AA-002,2.0,C08-AA-001,C08-AA-001,1,C08-AA-001,1.0,0.9943369030952454,0.24736429593822074,0.26901443575411577,0,1,1,0,1,1,1,1,0,0
09-experiments/results/m3star_measured_replay_prefeedback_c07_c10_v0.7,C08-darpa-e5-clearscope-0515,discriminative,0.6,11,2,C08-AA-003,1.0,C08-AA-003,C08-AA-001,0,,,,,,0,0,0,0,1,1,0,1,0,0
09-experiments/results/m3star_measured_replay_prefeedback_c07_c10_v0.7,C08-darpa-e5-clearscope-0515,discriminative,0.6,23,0,C08-AA-004,2.0,C08-AA-003,C08-AA-001,0,,,,,,0,0,0,0,1,1,0,1,0,0
09-experiments/results/m3star_measured_replay_prefeedback_c07_c10_v0.7,C08-darpa-e5-clearscope-0515,discriminative,0.6,23,1,C08-AA-002,2.0,C08-AA-001,C08-AA-001,1,C08-AA-001,1.0,0.9943369030952454,0.24736429593822074,0.26901443575411577,0,1,1,0,1,1,1,1,0,0
09-experiments/results/m3star_measured_replay_prefeedback_c07_c10_v0.7,C08-darpa-e5-clearscope-0515,discriminative,0.6,23,2,C08-AA-003,1.0,C08-AA-003,C08-AA-001,0,,,,,,0,0,0,0,1,1,0,1,0,0
09-experiments/results/m3star_measured_replay_prefeedback_c07_c10_v0.7,C08-darpa-e5-clearscope-0515,discriminative,0.6,37,0,C08-AA-004,2.0,C08-AA-003,C08-AA-001,0,,,,,,0,0,0,0,1,1,0,1,0,0
09-experiments/results/m3star_measured_replay_prefeedback_c07_c10_v0.7,C08-darpa-e5-clearscope-0515,discriminative,0.6,37,1,C08-AA-002,2.0,C08-AA-001,C08-AA-001,1,C08-AA-001,1.0,0.9943369030952454,0.24736429593822074,0.26901443575411577,0,1,1,0,1,1,0,1,1,0
09-experiments/results/m3star_measured_replay_prefeedback_c07_c10_v0.7,C08-darpa-e5-clearscope-0515,discriminative,0.6,37,2,C08-AA-003,1.0,C08-AA-003,C08-AA-001,0,,,,,,0,0,0,0,1,1,0,1,0,0
09-experiments/results/m3star_measured_replay_prefeedback_c07_c10_v0.7,C08-darpa-e5-clearscope-0515,discriminative,0.6,41,0,C08-AA-004,2.0,C08-AA-003,C08-AA-001,0,,,,,,0,0,0,0,1,1,0,1,0,0
09-experiments/results/m3star_measured_replay_prefeedback_c07_c10_v0.7,C08-darpa-e5-clearscope-0515,discriminative,0.6,41,1,C08-AA-002,2.0,C08-AA-001,C08-AA-001,1,C08-AA-001,1.0,0.9943369030952454,0.24736429593822074,0.26901443575411577,0,1,1,0,1,1,1,1,0,0
09-experiments/results/m3star_measured_replay_prefeedback_c07_c10_v0.7,C08-darpa-e5-clearscope-0515,discriminative,0.6,41,2,C08-AA-003,1.0,C08-AA-003,C08-AA-001,0,,,,,,0,0,0,0,1,1,0,1,0,0
09-experiments/results/m3star_measured_replay_prefeedback_c07_c10_v0.7,C08-darpa-e5-clearscope-0515,discriminative,0.6,53,0,C08-AA-004,2.0,C08-AA-003,C08-AA-001,0,,,,,,0,0,0,0,1,1,0,1,0,0
09-experiments/results/m3star_measured_replay_prefeedback_c07_c10_v0.7,C08-darpa-e5-clearscope-0515,discriminative,0.6,53,1,C08-AA-002,2.0,C08-AA-001,C08-AA-001,1,C08-AA-001,1.0,0.9943369030952454,0.24736429593822074,0.26901443575411577,0,1,1,0,1,1,0,1,1,0
09-experiments/results/m3star_measured_replay_prefeedback_c07_c10_v0.7,C08-darpa-e5-clearscope-0515,discriminative,0.6,53,2,C08-AA-003,1.0,C08-AA-003,C08-AA-001,0,,,,,,0,0,0,0,1,1,0,1,0,0
09-experiments/results/m3star_measured_replay_prefeedback_c07_c10_v0.7,C09-darpa-optc-sysclient0201-0923,random,0.2,11,0,C09-AA-005,2.0,C09-AA-005,STOP,0,,,,,,0,0,0,0,1,0,0,1,0,0
09-experiments/results/m3star_measured_replay_prefeedback_c07_c10_v0.7,C09-darpa-optc-sysclient0201-0923,random,0.2,23,0,C09-AA-004,2.0,C09-AA-003,C09-AA-003,1,C09-AA-003,1.0,0.9945759773254395,0.008957337588071823,0.817927896976471,0,1,1,0,1,1,0,1,1,0
09-experiments/results/m3star_measured_replay_prefeedback_c07_c10_v0.7,C09-darpa-optc-sysclient0201-0923,random,0.2,41,0,C09-AA-005,2.0,C09-AA-005,STOP,0,,,,,,0,0,0,0,1,0,0,1,0,0
09-experiments/results/m3star_measured_replay_prefeedback_c07_c10_v0.7,C09-darpa-optc-sysclient0201-0923,random,0.4,11,0,C09-AA-005,2.0,C09-AA-005,STOP,0,,,,,,0,0,0,0,1,0,0,1,0,0
09-experiments/results/m3star_measured_replay_prefeedback_c07_c10_v0.7,C09-darpa-optc-sysclient0201-0923,random,0.4,23,0,C09-AA-004,2.0,C09-AA-004,C09-AA-004,1,C09-AA-004,2.0,0.9941011071205139,0.5285042764930203,0.5285042764930203,1,0,0,0,1,1,1,1,0,0
09-experiments/results/m3star_measured_replay_prefeedback_c07_c10_v0.7,C09-darpa-optc-sysclient0201-0923,random,0.4,23,1,C09-AA-001,1.0,C09-AA-001,C09-AA-001,1,C09-AA-001,1.0,0.9967711567878723,0.9937224984169006,0.9937224984169006,1,0,0,0,1,1,0,0,1,1
09-experiments/results/m3star_measured_replay_prefeedback_c07_c10_v0.7,C09-darpa-optc-sysclient0201-0923,random,0.4,23,2,C09-AA-002,2.0,C09-AA-002,C09-AA-002,1,C09-AA-002,2.0,0.997812032699585,0.9983189702033997,0.9983189702033997,1,0,0,0,1,1,1,1,0,0
09-experiments/results/m3star_measured_replay_prefeedback_c07_c10_v0.7,C09-darpa-optc-sysclient0201-0923,random,0.4,37,0,C09-AA-001,1.0,C09-AA-001,C09-AA-001,1,C09-AA-001,1.0,0.998137354850769,0.9937224984169006,0.9937224984169006,1,0,0,0,1,1,1,1,0,0
09-experiments/results/m3star_measured_replay_prefeedback_c07_c10_v0.7,C09-darpa-optc-sysclient0201-0923,random,0.4,41,0,C09-AA-005,2.0,C09-AA-005,C09-AA-005,1,C09-AA-005,2.0,0.9776467680931091,0.013235125364651212,0.013235125364651212,1,0,0,0,1,1,1,1,0,0
09-experiments/results/m3star_measured_replay_prefeedback_c07_c10_v0.7,C09-darpa-optc-sysclient0201-0923,random,0.4,41,1,C09-AA-004,2.0,C09-AA-003,C09-AA-003,1,C09-AA-003,1.0,0.9912046790122986,0.008957337588071823,0.8302984237670898,0,1,1,0,1,1,0,1,1,0
09-experiments/results/m3star_measured_replay_prefeedback_c07_c10_v0.7,C09-darpa-optc-sysclient0201-0923,random,0.4,53,0,C09-AA-003,1.0,C09-AA-002,STOP,0,,,,,,0,0,0,0,1,0,0,1,0,0
09-experiments/results/m3star_measured_replay_prefeedback_c07_c10_v0.7,C09-darpa-optc-sysclient0201-0923,random,0.6,11,0,C09-AA-003,1.0,C09-AA-002,STOP,0,,,,,,0,0,0,0,1,0,0,1,0,0
09-experiments/results/m3star_measured_replay_prefeedback_c07_c10_v0.7,C09-darpa-optc-sysclient0201-0923,random,0.6,11,1,C09-AA-005,2.0,C09-AA-005,C09-AA-005,1,C09-AA-005,2.0,0.9699591994285583,0.8302984237670898,0.8302984237670898,1,0,0,0,1,0,1,1,0,0
09-experiments/results/m3star_measured_replay_prefeedback_c07_c10_v0.7,C09-darpa-optc-sysclient0201-0923,random,0.6,23,0,C09-AA-004,2.0,C09-AA-005,C09-AA-005,1,C09-AA-005,2.0,0.9915716648101807,8.127315426342986e-05,0.0003533574913401332,0,1,1,0,1,1,1,1,0,0
09-experiments/results/m3star_measured_replay_prefeedback_c07_c10_v0.7,C09-darpa-optc-sysclient0201-0923,random,0.6,23,1,C09-AA-005,2.0,C09-AA-002,C09-AA-001,0,,,,,,0,0,0,0,1,1,0,1,0,0
09-experiments/results/m3star_measured_replay_prefeedback_c07_c10_v0.7,C09-darpa-optc-sysclient0201-0923,random,0.6,23,2,C09-AA-001,1.0,C09-AA-001,C09-AA-001,1,C09-AA-001,1.0,0.9981829524040222,0.9937224984169006,0.9937224984169006,1,0,0,0,1,1,0,0,1,1
09-experiments/results/m3star_measured_replay_prefeedback_c07_c10_v0.7,C09-darpa-optc-sysclient0201-0923,random,0.6,23,3,C09-AA-002,2.0,C09-AA-002,C09-AA-002,1,C09-AA-002,2.0,0.9978957176208496,0.9983497858047485,0.9983497858047485,1,0,0,0,1,1,1,1,0,0
09-experiments/results/m3star_measured_replay_prefeedback_c07_c10_v0.7,C09-darpa-optc-sysclient0201-0923,random,0.6,37,0,C09-AA-004,2.0,C09-AA-004,C09-AA-004,1,C09-AA-004,2.0,0.9941011071205139,0.5285042764930203,0.5285042764930203,1,0,0,0,1,1,1,1,0,0
09-experiments/results/m3star_measured_replay_prefeedback_c07_c10_v0.7,C09-darpa-optc-sysclient0201-0923,random,0.6,37,1,C09-AA-001,1.0,C09-AA-001,C09-AA-001,1,C09-AA-001,1.0,0.9967711567878723,0.9937224984169006,0.9937224984169006,1,0,0,0,1,1,1,1,0,0
09-experiments/results/m3star_measured_replay_prefeedback_c07_c10_v0.7,C09-darpa-optc-sysclient0201-0923,random,0.6,41,0,C09-AA-004,2.0,C09-AA-005,C09-AA-005,1,C09-AA-005,2.0,0.9915716648101807,8.127315426342986e-05,0.0003533574913401332,0,1,1,0,1,1,1,1,0,0
09-experiments/results/m3star_measured_replay_prefeedback_c07_c10_v0.7,C09-darpa-optc-sysclient0201-0923,random,0.6,41,1,C09-AA-005,2.0,C09-AA-002,C09-AA-001,0,,,,,,0,0,0,0,1,1,0,1,0,0
09-experiments/results/m3star_measured_replay_prefeedback_c07_c10_v0.7,C09-darpa-optc-sysclient0201-0923,random,0.6,41,2,C09-AA-001,1.0,C09-AA-001,C09-AA-001,1,C09-AA-001,1.0,0.9981829524040222,0.9937224984169006,0.9937224984169006,1,0,0,0,1,1,1,1,0,0
09-experiments/results/m3star_measured_replay_prefeedback_c07_c10_v0.7,C09-darpa-optc-sysclient0201-0923,random,0.6,53,0,C09-AA-003,1.0,C09-AA-002,STOP,0,,,,,,0,0,0,0,1,0,0,1,0,0
09-experiments/results/m3star_measured_replay_prefeedback_c07_c10_v0.7,C09-darpa-optc-sysclient0201-0923,random,0.6,53,1,C09-AA-005,2.0,C09-AA-005,C09-AA-005,1,C09-AA-005,2.0,0.9699591994285583,0.8302984237670898,0.8302984237670898,1,0,0,0,1,0,1,1,0,0
09-experiments/results/m3star_measured_replay_prefeedback_c07_c10_v0.7,C09-darpa-optc-sysclient0201-0923,stage,0.2,11,0,C09-AA-001,1.0,C09-AA-001,C09-AA-001,1,C09-AA-001,1.0,0.998137354850769,0.9937224984169006,0.9937224984169006,1,0,0,0,1,1,0,0,1,1
09-experiments/results/m3star_measured_replay_prefeedback_c07_c10_v0.7,C09-darpa-optc-sysclient0201-0923,stage,0.2,11,1,C09-AA-002,2.0,C09-AA-002,C09-AA-002,1,C09-AA-002,2.0,0.9971721768379211,0.9932405948638916,0.9932405948638916,1,0,0,0,1,1,1,1,0,0
09-experiments/results/m3star_measured_replay_prefeedback_c07_c10_v0.7,C09-darpa-optc-sysclient0201-0923,stage,0.2,23,0,C09-AA-001,1.0,C09-AA-001,C09-AA-001,1,C09-AA-001,1.0,0.998137354850769,0.9937224984169006,0.9937224984169006,1,0,0,0,1,1,0,0,1,1
09-experiments/results/m3star_measured_replay_prefeedback_c07_c10_v0.7,C09-darpa-optc-sysclient0201-0923,stage,0.2,23,1,C09-AA-002,2.0,C09-AA-002,C09-AA-002,1,C09-AA-002,2.0,0.9971721768379211,0.9932405948638916,0.9932405948638916,1,0,0,0,1,1,1,1,0,0
09-experiments/results/m3star_measured_replay_prefeedback_c07_c10_v0.7,C09-darpa-optc-sysclient0201-0923,stage,0.2,37,0,C09-AA-001,1.0,C09-AA-001,C09-AA-001,1,C09-AA-001,1.0,0.998137354850769,0.9937224984169006,0.9937224984169006,1,0,0,0,1,1,1,1,0,0
09-experiments/results/m3star_measured_replay_prefeedback_c07_c10_v0.7,C09-darpa-optc-sysclient0201-0923,stage,0.2,41,0,C09-AA-001,1.0,C09-AA-001,C09-AA-001,1,C09-AA-001,1.0,0.998137354850769,0.9937224984169006,0.9937224984169006,1,0,0,0,1,1,1,1,0,0
09-experiments/results/m3star_measured_replay_prefeedback_c07_c10_v0.7,C09-darpa-optc-sysclient0201-0923,stage,0.2,53,0,C09-AA-001,1.0,C09-AA-001,C09-AA-001,1,C09-AA-001,1.0,0.998137354850769,0.9937224984169006,0.9937224984169006,1,0,0,0,1,1,1,1,0,0
09-experiments/results/m3star_measured_replay_prefeedback_c07_c10_v0.7,C09-darpa-optc-sysclient0201-0923,stage,0.4,11,0,C09-AA-001,1.0,C09-AA-001,C09-AA-001,1,C09-AA-001,1.0,0.9981868863105774,0.20005735145724746,0.20005735145724746,1,0,0,0,1,1,0,0,1,1
09-experiments/results/m3star_measured_replay_prefeedback_c07_c10_v0.7,C09-darpa-optc-sysclient0201-0923,stage,0.4,11,1,C09-AA-002,2.0,C09-AA-002,C09-AA-002,1,C09-AA-002,2.0,0.9970595240592957,0.07794003875968514,0.07794003875968514,1,0,0,0,1,1,1,1,0,0
09-experiments/results/m3star_measured_replay_prefeedback_c07_c10_v0.7,C09-darpa-optc-sysclient0201-0923,stage,0.4,11,2,C09-AA-003,1.0,C09-AA-003,C09-AA-003,1,C09-AA-003,1.0,0.8957077860832214,0.7675365209579468,0.7675365209579468,1,0,0,0,1,1,1,1,0,0
09-experiments/results/m3star_measured_replay_prefeedback_c07_c10_v0.7,C09-darpa-optc-sysclient0201-0923,stage,0.4,23,0,C09-AA-001,1.0,C09-AA-001,C09-AA-001,1,C09-AA-001,1.0,0.9981868863105774,0.20005735145724746,0.20005735145724746,1,0,0,0,1,1,0,0,1,1
09-experiments/results/m3star_measured_replay_prefeedback_c07_c10_v0.7,C09-darpa-optc-sysclient0201-0923,stage,0.4,23,1,C09-AA-002,2.0,C09-AA-002,C09-AA-002,1,C09-AA-002,2.0,0.9970595240592957,0.07794003875968514,0.07794003875968514,1,0,0,0,1,1,1,1,0,0
09-experiments/results/m3star_measured_replay_prefeedback_c07_c10_v0.7,C09-darpa-optc-sysclient0201-0923,stage,0.4,23,2,C09-AA-003,1.0,C09-AA-003,C09-AA-003,1,C09-AA-003,1.0,0.8957077860832214,0.7675365209579468,0.7675365209579468,1,0,0,0,1,1,1,1,0,0
09-experiments/results/m3star_measured_replay_prefeedback_c07_c10_v0.7,C09-darpa-optc-sysclient0201-0923,stage,0.4,37,0,C09-AA-001,1.0,C09-AA-001,C09-AA-001,1,C09-AA-001,1.0,0.9981868863105774,0.20005735145724746,0.20005735145724746,1,0,0,0,1,1,1,1,0,0
09-experiments/results/m3star_measured_replay_prefeedback_c07_c10_v0.7,C09-darpa-optc-sysclient0201-0923,stage,0.4,37,1,C09-AA-003,1.0,C09-AA-002,C09-AA-003,0,,,,,,0,0,0,0,1,1,0,1,0,0
09-experiments/results/m3star_measured_replay_prefeedback_c07_c10_v0.7,C09-darpa-optc-sysclient0201-0923,stage,0.4,41,0,C09-AA-001,1.0,C09-AA-001,C09-AA-001,1,C09-AA-001,1.0,0.9981868863105774,0.20005735145724746,0.20005735145724746,1,0,0,0,1,1,1,1,0,0
09-experiments/results/m3star_measured_replay_prefeedback_c07_c10_v0.7,C09-darpa-optc-sysclient0201-0923,stage,0.4,41,1,C09-AA-003,1.0,C09-AA-002,C09-AA-003,0,,,,,,0,0,0,0,1,1,0,1,0,0
09-experiments/results/m3star_measured_replay_prefeedback_c07_c10_v0.7,C09-darpa-optc-sysclient0201-0923,stage,0.4,53,0,C09-AA-001,1.0,C09-AA-001,C09-AA-001,1,C09-AA-001,1.0,0.9981868863105774,0.20005735145724746,0.20005735145724746,1,0,0,0,1,1,1,1,0,0
09-experiments/results/m3star_measured_replay_prefeedback_c07_c10_v0.7,C09-darpa-optc-sysclient0201-0923,stage,0.4,53,1,C09-AA-003,1.0,C09-AA-002,C09-AA-003,0,,,,,,0,0,0,0,1,1,0,1,0,0
09-experiments/results/m3star_measured_replay_prefeedback_c07_c10_v0.7,C09-darpa-optc-sysclient0201-0923,stage,0.6,11,0,C09-AA-004,2.0,C09-AA-003,C09-AA-003,1,C09-AA-003,1.0,0.9993372559547424,0.00030282171999728986,0.0024553457640824248,0,1,1,0,1,1,1,1,0,0
09-experiments/results/m3star_measured_replay_prefeedback_c07_c10_v0.7,C09-darpa-optc-sysclient0201-0923,stage,0.6,11,1,C09-AA-001,1.0,C09-AA-001,C09-AA-001,1,C09-AA-001,1.0,0.9967711567878723,0.20005735145724746,0.20005735145724746,1,0,0,0,1,1,0,0,1,1
09-experiments/results/m3star_measured_replay_prefeedback_c07_c10_v0.7,C09-darpa-optc-sysclient0201-0923,stage,0.6,11,2,C09-AA-002,2.0,C09-AA-002,C09-AA-002,1,C09-AA-002,2.0,0.9977249503135681,0.20367008901729378,0.20367008901729378,1,0,0,0,1,1,1,1,0,0
09-experiments/results/m3star_measured_replay_prefeedback_c07_c10_v0.7,C09-darpa-optc-sysclient0201-0923,stage,0.6,11,3,C09-AA-003,1.0,C09-AA-003,C09-AA-003,1,C09-AA-003,1.0,0.9221086502075195,0.76337069272995,0.76337069272995,1,0,0,0,1,1,1,1,0,0
09-experiments/results/m3star_measured_replay_prefeedback_c07_c10_v0.7,C09-darpa-optc-sysclient0201-0923,stage,0.6,23,0,C09-AA-004,2.0,C09-AA-003,C09-AA-003,1,C09-AA-003,1.0,0.9993372559547424,0.00030282171999728986,0.0024553457640824248,0,1,1,0,1,1,1,1,0,0
09-experiments/results/m3star_measured_replay_prefeedback_c07_c10_v0.7,C09-darpa-optc-sysclient0201-0923,stage,0.6,23,1,C09-AA-001,1.0,C09-AA-001,C09-AA-001,1,C09-AA-001,1.0,0.9967711567878723,0.20005735145724746,0.20005735145724746,1,0,0,0,1,1,0,0,1,1
09-experiments/results/m3star_measured_replay_prefeedback_c07_c10_v0.7,C09-darpa-optc-sysclient0201-0923,stage,0.6,23,2,C09-AA-002,2.0,C09-AA-002,C09-AA-002,1,C09-AA-002,2.0,0.9977249503135681,0.20367008901729378,0.20367008901729378,1,0,0,0,1,1,1,1,0,0
09-experiments/results/m3star_measured_replay_prefeedback_c07_c10_v0.7,C09-darpa-optc-sysclient0201-0923,stage,0.6,23,3,C09-AA-003,1.0,C09-AA-003,C09-AA-003,1,C09-AA-003,1.0,0.9221086502075195,0.76337069272995,0.76337069272995,1,0,0,0,1,1,1,1,0,0
09-experiments/results/m3star_measured_replay_prefeedback_c07_c10_v0.7,C09-darpa-optc-sysclient0201-0923,stage,0.6,37,0,C09-AA-004,2.0,C09-AA-003,C09-AA-003,1,C09-AA-003,1.0,0.9993372559547424,0.00030282171999728986,0.0024553457640824248,0,1,1,0,1,1,1,1,0,0
09-experiments/results/m3star_measured_replay_prefeedback_c07_c10_v0.7,C09-darpa-optc-sysclient0201-0923,stage,0.6,37,1,C09-AA-001,1.0,C09-AA-001,C09-AA-001,1,C09-AA-001,1.0,0.9967711567878723,0.20005735145724746,0.20005735145724746,1,0,0,0,1,1,1,1,0,0
09-experiments/results/m3star_measured_replay_prefeedback_c07_c10_v0.7,C09-darpa-optc-sysclient0201-0923,stage,0.6,37,2,C09-AA-003,1.0,C09-AA-002,C09-AA-003,0,,,,,,0,0,0,0,1,1,0,1,0,0
09-experiments/results/m3star_measured_replay_prefeedback_c07_c10_v0.7,C09-darpa-optc-sysclient0201-0923,stage,0.6,41,0,C09-AA-004,2.0,C09-AA-003,C09-AA-003,1,C09-AA-003,1.0,0.9993372559547424,0.00030282171999728986,0.0024553457640824248,0,1,1,0,1,1,1,1,0,0
09-experiments/results/m3star_measured_replay_prefeedback_c07_c10_v0.7,C09-darpa-optc-sysclient0201-0923,stage,0.6,41,1,C09-AA-001,1.0,C09-AA-001,C09-AA-001,1,C09-AA-001,1.0,0.9967711567878723,0.20005735145724746,0.20005735145724746,1,0,0,0,1,1,1,1,0,0
09-experiments/results/m3star_measured_replay_prefeedback_c07_c10_v0.7,C09-darpa-optc-sysclient0201-0923,stage,0.6,41,2,C09-AA-003,1.0,C09-AA-002,C09-AA-003,0,,,,,,0,0,0,0,1,1,0,1,0,0
09-experiments/results/m3star_measured_replay_prefeedback_c07_c10_v0.7,C09-darpa-optc-sysclient0201-0923,stage,0.6,53,0,C09-AA-004,2.0,C09-AA-003,C09-AA-003,1,C09-AA-003,1.0,0.9993372559547424,0.00030282171999728986,0.0024553457640824248,0,1,1,0,1,1,1,1,0,0
09-experiments/results/m3star_measured_replay_prefeedback_c07_c10_v0.7,C09-darpa-optc-sysclient0201-0923,stage,0.6,53,1,C09-AA-001,1.0,C09-AA-001,C09-AA-001,1,C09-AA-001,1.0,0.9967711567878723,0.20005735145724746,0.20005735145724746,1,0,0,0,1,1,1,1,0,0
09-experiments/results/m3star_measured_replay_prefeedback_c07_c10_v0.7,C09-darpa-optc-sysclient0201-0923,stage,0.6,53,2,C09-AA-003,1.0,C09-AA-002,C09-AA-003,0,,,,,,0,0,0,0,1,1,0,1,0,0
09-experiments/results/m3star_measured_replay_prefeedback_c07_c10_v0.7,C09-darpa-optc-sysclient0201-0923,discriminative,0.2,11,0,C09-AA-001,1.0,C09-AA-001,C09-AA-001,1,C09-AA-001,1.0,0.998137354850769,0.9937224984169006,0.9937224984169006,1,0,0,0,1,1,0,0,1,1
09-experiments/results/m3star_measured_replay_prefeedback_c07_c10_v0.7,C09-darpa-optc-sysclient0201-0923,discriminative,0.2,11,1,C09-AA-002,2.0,C09-AA-002,C09-AA-002,1,C09-AA-002,2.0,0.9971721768379211,0.9932405948638916,0.9932405948638916,1,0,0,0,1,1,1,1,0,0
09-experiments/results/m3star_measured_replay_prefeedback_c07_c10_v0.7,C09-darpa-optc-sysclient0201-0923,discriminative,0.2,23,0,C09-AA-001,1.0,C09-AA-001,C09-AA-001,1,C09-AA-001,1.0,0.998137354850769,0.9937224984169006,0.9937224984169006,1,0,0,0,1,1,0,0,1,1
09-experiments/results/m3star_measured_replay_prefeedback_c07_c10_v0.7,C09-darpa-optc-sysclient0201-0923,discriminative,0.2,23,1,C09-AA-002,2.0,C09-AA-002,C09-AA-002,1,C09-AA-002,2.0,0.9971721768379211,0.9932405948638916,0.9932405948638916,1,0,0,0,1,1,1,1,0,0
09-experiments/results/m3star_measured_replay_prefeedback_c07_c10_v0.7,C09-darpa-optc-sysclient0201-0923,discriminative,0.2,37,0,C09-AA-001,1.0,C09-AA-001,C09-AA-001,1,C09-AA-001,1.0,0.998137354850769,0.9937224984169006,0.9937224984169006,1,0,0,0,1,1,1,1,0,0
09-experiments/results/m3star_measured_replay_prefeedback_c07_c10_v0.7,C09-darpa-optc-sysclient0201-0923,discriminative,0.2,41,0,C09-AA-001,1.0,C09-AA-001,C09-AA-001,1,C09-AA-001,1.0,0.998137354850769,0.9937224984169006,0.9937224984169006,1,0,0,0,1,1,1,1,0,0
09-experiments/results/m3star_measured_replay_prefeedback_c07_c10_v0.7,C09-darpa-optc-sysclient0201-0923,discriminative,0.2,53,0,C09-AA-001,1.0,C09-AA-001,C09-AA-001,1,C09-AA-001,1.0,0.998137354850769,0.9937224984169006,0.9937224984169006,1,0,0,0,1,1,1,1,0,0
09-experiments/results/m3star_measured_replay_prefeedback_c07_c10_v0.7,C09-darpa-optc-sysclient0201-0923,discriminative,0.4,11,0,C09-AA-001,1.0,C09-AA-001,C09-AA-001,1,C09-AA-001,1.0,0.9981868863105774,0.20005735145724746,0.20005735145724746,1,0,0,0,1,1,0,0,1,1
09-experiments/results/m3star_measured_replay_prefeedback_c07_c10_v0.7,C09-darpa-optc-sysclient0201-0923,discriminative,0.4,11,1,C09-AA-002,2.0,C09-AA-002,C09-AA-002,1,C09-AA-002,2.0,0.9970595240592957,0.07794003875968514,0.07794003875968514,1,0,0,0,1,1,1,1,0,0
09-experiments/results/m3star_measured_replay_prefeedback_c07_c10_v0.7,C09-darpa-optc-sysclient0201-0923,discriminative,0.4,11,2,C09-AA-003,1.0,C09-AA-003,C09-AA-003,1,C09-AA-003,1.0,0.8957077860832214,0.7675365209579468,0.7675365209579468,1,0,0,0,1,1,1,1,0,0
09-experiments/results/m3star_measured_replay_prefeedback_c07_c10_v0.7,C09-darpa-optc-sysclient0201-0923,discriminative,0.4,23,0,C09-AA-001,1.0,C09-AA-001,C09-AA-001,1,C09-AA-001,1.0,0.9981868863105774,0.20005735145724746,0.20005735145724746,1,0,0,0,1,1,0,0,1,1
09-experiments/results/m3star_measured_replay_prefeedback_c07_c10_v0.7,C09-darpa-optc-sysclient0201-0923,discriminative,0.4,23,1,C09-AA-002,2.0,C09-AA-002,C09-AA-002,1,C09-AA-002,2.0,0.9970595240592957,0.07794003875968514,0.07794003875968514,1,0,0,0,1,1,1,1,0,0
09-experiments/results/m3star_measured_replay_prefeedback_c07_c10_v0.7,C09-darpa-optc-sysclient0201-0923,discriminative,0.4,23,2,C09-AA-003,1.0,C09-AA-003,C09-AA-003,1,C09-AA-003,1.0,0.8957077860832214,0.7675365209579468,0.7675365209579468,1,0,0,0,1,1,1,1,0,0
09-experiments/results/m3star_measured_replay_prefeedback_c07_c10_v0.7,C09-darpa-optc-sysclient0201-0923,discriminative,0.4,37,0,C09-AA-001,1.0,C09-AA-001,C09-AA-001,1,C09-AA-001,1.0,0.9981868863105774,0.20005735145724746,0.20005735145724746,1,0,0,0,1,1,1,1,0,0
09-experiments/results/m3star_measured_replay_prefeedback_c07_c10_v0.7,C09-darpa-optc-sysclient0201-0923,discriminative,0.4,37,1,C09-AA-003,1.0,C09-AA-002,C09-AA-003,0,,,,,,0,0,0,0,1,1,0,1,0,0
09-experiments/results/m3star_measured_replay_prefeedback_c07_c10_v0.7,C09-darpa-optc-sysclient0201-0923,discriminative,0.4,41,0,C09-AA-001,1.0,C09-AA-001,C09-AA-001,1,C09-AA-001,1.0,0.9981868863105774,0.20005735145724746,0.20005735145724746,1,0,0,0,1,1,1,1,0,0
09-experiments/results/m3star_measured_replay_prefeedback_c07_c10_v0.7,C09-darpa-optc-sysclient0201-0923,discriminative,0.4,41,1,C09-AA-003,1.0,C09-AA-002,C09-AA-003,0,,,,,,0,0,0,0,1,1,0,1,0,0
09-experiments/results/m3star_measured_replay_prefeedback_c07_c10_v0.7,C09-darpa-optc-sysclient0201-0923,discriminative,0.4,53,0,C09-AA-001,1.0,C09-AA-001,C09-AA-001,1,C09-AA-001,1.0,0.9981868863105774,0.20005735145724746,0.20005735145724746,1,0,0,0,1,1,1,1,0,0
09-experiments/results/m3star_measured_replay_prefeedback_c07_c10_v0.7,C09-darpa-optc-sysclient0201-0923,discriminative,0.4,53,1,C09-AA-003,1.0,C09-AA-002,C09-AA-003,0,,,,,,0,0,0,0,1,1,0,1,0,0
09-experiments/results/m3star_measured_replay_prefeedback_c07_c10_v0.7,C09-darpa-optc-sysclient0201-0923,discriminative,0.6,11,0,C09-AA-004,2.0,C09-AA-003,C09-AA-003,1,C09-AA-003,1.0,0.9993372559547424,0.00030282171999728986,0.0024553457640824248,0,1,1,0,1,1,1,1,0,0
09-experiments/results/m3star_measured_replay_prefeedback_c07_c10_v0.7,C09-darpa-optc-sysclient0201-0923,discriminative,0.6,11,1,C09-AA-001,1.0,C09-AA-001,C09-AA-001,1,C09-AA-001,1.0,0.9967711567878723,0.20005735145724746,0.20005735145724746,1,0,0,0,1,1,0,0,1,1
09-experiments/results/m3star_measured_replay_prefeedback_c07_c10_v0.7,C09-darpa-optc-sysclient0201-0923,discriminative,0.6,11,2,C09-AA-002,2.0,C09-AA-002,C09-AA-002,1,C09-AA-002,2.0,0.9977249503135681,0.20367008901729378,0.20367008901729378,1,0,0,0,1,1,1,1,0,0
09-experiments/results/m3star_measured_replay_prefeedback_c07_c10_v0.7,C09-darpa-optc-sysclient0201-0923,discriminative,0.6,11,3,C09-AA-003,1.0,C09-AA-003,C09-AA-003,1,C09-AA-003,1.0,0.9221086502075195,0.76337069272995,0.76337069272995,1,0,0,0,1,1,1,1,0,0
09-experiments/results/m3star_measured_replay_prefeedback_c07_c10_v0.7,C09-darpa-optc-sysclient0201-0923,discriminative,0.6,23,0,C09-AA-004,2.0,C09-AA-003,C09-AA-003,1,C09-AA-003,1.0,0.9993372559547424,0.00030282171999728986,0.0024553457640824248,0,1,1,0,1,1,1,1,0,0
09-experiments/results/m3star_measured_replay_prefeedback_c07_c10_v0.7,C09-darpa-optc-sysclient0201-0923,discriminative,0.6,23,1,C09-AA-001,1.0,C09-AA-001,C09-AA-001,1,C09-AA-001,1.0,0.9967711567878723,0.20005735145724746,0.20005735145724746,1,0,0,0,1,1,0,0,1,1
09-experiments/results/m3star_measured_replay_prefeedback_c07_c10_v0.7,C09-darpa-optc-sysclient0201-0923,discriminative,0.6,23,2,C09-AA-002,2.0,C09-AA-002,C09-AA-002,1,C09-AA-002,2.0,0.9977249503135681,0.20367008901729378,0.20367008901729378,1,0,0,0,1,1,1,1,0,0
09-experiments/results/m3star_measured_replay_prefeedback_c07_c10_v0.7,C09-darpa-optc-sysclient0201-0923,discriminative,0.6,23,3,C09-AA-003,1.0,C09-AA-003,C09-AA-003,1,C09-AA-003,1.0,0.9221086502075195,0.76337069272995,0.76337069272995,1,0,0,0,1,1,1,1,0,0
09-experiments/results/m3star_measured_replay_prefeedback_c07_c10_v0.7,C09-darpa-optc-sysclient0201-0923,discriminative,0.6,37,0,C09-AA-004,2.0,C09-AA-003,C09-AA-003,1,C09-AA-003,1.0,0.9993372559547424,0.00030282171999728986,0.0024553457640824248,0,1,1,0,1,1,1,1,0,0
09-experiments/results/m3star_measured_replay_prefeedback_c07_c10_v0.7,C09-darpa-optc-sysclient0201-0923,discriminative,0.6,37,1,C09-AA-001,1.0,C09-AA-001,C09-AA-001,1,C09-AA-001,1.0,0.9967711567878723,0.20005735145724746,0.20005735145724746,1,0,0,0,1,1,1,1,0,0
09-experiments/results/m3star_measured_replay_prefeedback_c07_c10_v0.7,C09-darpa-optc-sysclient0201-0923,discriminative,0.6,37,2,C09-AA-003,1.0,C09-AA-002,C09-AA-003,0,,,,,,0,0,0,0,1,1,0,1,0,0
09-experiments/results/m3star_measured_replay_prefeedback_c07_c10_v0.7,C09-darpa-optc-sysclient0201-0923,discriminative,0.6,41,0,C09-AA-004,2.0,C09-AA-003,C09-AA-003,1,C09-AA-003,1.0,0.9993372559547424,0.00030282171999728986,0.0024553457640824248,0,1,1,0,1,1,1,1,0,0
09-experiments/results/m3star_measured_replay_prefeedback_c07_c10_v0.7,C09-darpa-optc-sysclient0201-0923,discriminative,0.6,41,1,C09-AA-001,1.0,C09-AA-001,C09-AA-001,1,C09-AA-001,1.0,0.9967711567878723,0.20005735145724746,0.20005735145724746,1,0,0,0,1,1,1,1,0,0
09-experiments/results/m3star_measured_replay_prefeedback_c07_c10_v0.7,C09-darpa-optc-sysclient0201-0923,discriminative,0.6,41,2,C09-AA-003,1.0,C09-AA-002,C09-AA-003,0,,,,,,0,0,0,0,1,1,0,1,0,0
09-experiments/results/m3star_measured_replay_prefeedback_c07_c10_v0.7,C09-darpa-optc-sysclient0201-0923,discriminative,0.6,53,0,C09-AA-004,2.0,C09-AA-003,C09-AA-003,1,C09-AA-003,1.0,0.9993372559547424,0.00030282171999728986,0.0024553457640824248,0,1,1,0,1,1,1,1,0,0
09-experiments/results/m3star_measured_replay_prefeedback_c07_c10_v0.7,C09-darpa-optc-sysclient0201-0923,discriminative,0.6,53,1,C09-AA-001,1.0,C09-AA-001,C09-AA-001,1,C09-AA-001,1.0,0.9967711567878723,0.20005735145724746,0.20005735145724746,1,0,0,0,1,1,1,1,0,0
09-experiments/results/m3star_measured_replay_prefeedback_c07_c10_v0.7,C09-darpa-optc-sysclient0201-0923,discriminative,0.6,53,2,C09-AA-003,1.0,C09-AA-002,C09-AA-003,0,,,,,,0,0,0,0,1,1,0,1,0,0
09-experiments/results/m3star_measured_replay_prefeedback_c07_c10_v0.7,C10-darpa-optc-sysclient0351-0925,random,0.2,11,0,C10-AA-005,2.0,C10-AA-001,C10-AA-001,1,C10-AA-001,1.0,0.9945759773254395,0.008957337588071823,0.8355612754821777,0,1,1,0,1,1,0,1,1,0
09-experiments/results/m3star_measured_replay_prefeedback_c07_c10_v0.7,C10-darpa-optc-sysclient0351-0925,random,0.2,23,0,C10-AA-001,1.0,C10-AA-005,C10-AA-001,0,,,,,,0,0,0,0,1,1,0,0,0,1
09-experiments/results/m3star_measured_replay_prefeedback_c07_c10_v0.7,C10-darpa-optc-sysclient0351-0925,random,0.2,23,1,C10-AA-002,2.0,C10-AA-005,C10-AA-005,1,C10-AA-005,2.0,0.8021928668022156,0.0051264981739223,0.8160403370857239,0,1,0,0,1,1,0,1,1,0
09-experiments/results/m3star_measured_replay_prefeedback_c07_c10_v0.7,C10-darpa-optc-sysclient0351-0925,random,0.2,41,0,C10-AA-005,2.0,C10-AA-001,C10-AA-001,1,C10-AA-001,1.0,0.9945759773254395,0.008957337588071823,0.8355612754821777,0,1,1,0,1,1,0,1,1,0
09-experiments/results/m3star_measured_replay_prefeedback_c07_c10_v0.7,C10-darpa-optc-sysclient0351-0925,random,0.4,11,0,C10-AA-005,2.0,C10-AA-001,C10-AA-001,1,C10-AA-001,1.0,0.9945759773254395,0.008957337588071823,0.8355612754821777,0,1,1,0,1,1,0,1,1,0
09-experiments/results/m3star_measured_replay_prefeedback_c07_c10_v0.7,C10-darpa-optc-sysclient0351-0925,random,0.4,23,0,C10-AA-003,1.0,C10-AA-005,STOP,0,,,,,,0,0,0,0,1,0,0,1,0,0
09-experiments/results/m3star_measured_replay_prefeedback_c07_c10_v0.7,C10-darpa-optc-sysclient0351-0925,random,0.4,23,1,C10-AA-001,1.0,C10-AA-005,C10-AA-001,0,,,,,,0,0,0,0,1,0,0,0,0,1
09-experiments/results/m3star_measured_replay_prefeedback_c07_c10_v0.7,C10-darpa-optc-sysclient0351-0925,random,0.4,23,2,C10-AA-002,2.0,C10-AA-005,C10-AA-005,1,C10-AA-005,2.0,0.8174066543579102,0.0051264981739223,0.8160403370857239,0,1,0,0,1,0,0,1,1,0
09-experiments/results/m3star_measured_replay_prefeedback_c07_c10_v0.7,C10-darpa-optc-sysclient0351-0925,random,0.4,37,0,C10-AA-003,1.0,C10-AA-003,C10-AA-003,1,C10-AA-003,1.0,0.998137354850769,0.9937224984169006,0.9937224984169006,1,0,0,0,1,1,1,1,0,0
09-experiments/results/m3star_measured_replay_prefeedback_c07_c10_v0.7,C10-darpa-optc-sysclient0351-0925,random,0.4,41,0,C10-AA-001,1.0,C10-AA-001,C10-AA-001,1,C10-AA-001,1.0,0.993913471698761,0.027620884270075585,0.027620884270075585,1,0,0,0,1,1,0,0,1,1
09-experiments/results/m3star_measured_replay_prefeedback_c07_c10_v0.7,C10-darpa-optc-sysclient0351-0925,random,0.4,41,1,C10-AA-002,2.0,C10-AA-002,C10-AA-005,0,,,,,,0,0,0,0,1,1,0,1,0,0
09-experiments/results/m3star_measured_replay_prefeedback_c07_c10_v0.7,C10-darpa-optc-sysclient0351-0925,random,0.4,41,2,C10-AA-005,2.0,C10-AA-005,C10-AA-005,1,C10-AA-005,2.0,0.9880000948905945,0.94830721616745,0.94830721616745,1,0,0,0,1,1,1,1,0,0
09-experiments/results/m3star_measured_replay_prefeedback_c07_c10_v0.7,C10-darpa-optc-sysclient0351-0925,random,0.4,53,0,C10-AA-004,2.0,C10-AA-004,STOP,0,,,,,,0,0,0,0,1,0,0,1,0,0
09-experiments/results/m3star_measured_replay_prefeedback_c07_c10_v0.7,C10-darpa-optc-sysclient0351-0925,random,0.6,11,0,C10-AA-004,2.0,C10-AA-005,STOP,0,,,,,,0,0,0,0,1,0,0,1,0,0
09-experiments/results/m3star_measured_replay_prefeedback_c07_c10_v0.7,C10-darpa-optc-sysclient0351-0925,random,0.6,11,1,C10-AA-005,2.0,C10-AA-001,C10-AA-001,1,C10-AA-001,1.0,0.9912046790122986,0.008957337588071823,0.8469578623771667,0,1,1,0,1,0,0,1,1,0
09-experiments/results/m3star_measured_replay_prefeedback_c07_c10_v0.7,C10-darpa-optc-sysclient0351-0925,random,0.6,23,0,C10-AA-001,1.0,C10-AA-001,C10-AA-001,1,C10-AA-001,1.0,0.9974684715270996,0.000152620041703924,0.000152620041703924,1,0,0,0,1,1,0,0,1,1
09-experiments/results/m3star_measured_replay_prefeedback_c07_c10_v0.7,C10-darpa-optc-sysclient0351-0925,random,0.6,23,1,C10-AA-002,2.0,C10-AA-005,C10-AA-005,1,C10-AA-005,2.0,0.99397212266922,9.559787276314857e-06,3.7208252098788324e-05,0,1,1,0,1,1,1,1,0,0
09-experiments/results/m3star_measured_replay_prefeedback_c07_c10_v0.7,C10-darpa-optc-sysclient0351-0925,random,0.6,23,2,C10-AA-005,2.0,C10-AA-005,C10-AA-003,0,,,,,,0,0,0,0,1,1,0,1,0,0
09-experiments/results/m3star_measured_replay_prefeedback_c07_c10_v0.7,C10-darpa-optc-sysclient0351-0925,random,0.6,23,3,C10-AA-003,1.0,C10-AA-003,C10-AA-003,1,C10-AA-003,1.0,0.9979137778282166,0.9940547347068787,0.9940547347068787,1,0,0,0,1,1,1,1,0,0
09-experiments/results/m3star_measured_replay_prefeedback_c07_c10_v0.7,C10-darpa-optc-sysclient0351-0925,random,0.6,37,0,C10-AA-003,1.0,C10-AA-005,STOP,0,,,,,,0,0,0,0,1,0,0,1,0,0
09-experiments/results/m3star_measured_replay_prefeedback_c07_c10_v0.7,C10-darpa-optc-sysclient0351-0925,random,0.6,37,1,C10-AA-001,1.0,C10-AA-005,C10-AA-001,0,,,,,,0,0,0,0,1,0,0,1,0,0
09-experiments/results/m3star_measured_replay_prefeedback_c07_c10_v0.7,C10-darpa-optc-sysclient0351-0925,random,0.6,41,0,C10-AA-001,1.0,C10-AA-001,C10-AA-001,1,C10-AA-001,1.0,0.9974684715270996,0.000152620041703924,0.000152620041703924,1,0,0,0,1,1,0,0,1,1
09-experiments/results/m3star_measured_replay_prefeedback_c07_c10_v0.7,C10-darpa-optc-sysclient0351-0925,random,0.6,41,1,C10-AA-002,2.0,C10-AA-005,C10-AA-005,1,C10-AA-005,2.0,0.99397212266922,9.559787276314857e-06,3.7208252098788324e-05,0,1,1,0,1,1,1,1,0,0
09-experiments/results/m3star_measured_replay_prefeedback_c07_c10_v0.7,C10-darpa-optc-sysclient0351-0925,random,0.6,41,2,C10-AA-005,2.0,C10-AA-005,C10-AA-003,0,,,,,,0,0,0,0,1,1,0,1,0,0
09-experiments/results/m3star_measured_replay_prefeedback_c07_c10_v0.7,C10-darpa-optc-sysclient0351-0925,random,0.6,41,3,C10-AA-003,1.0,C10-AA-003,C10-AA-003,1,C10-AA-003,1.0,0.9979137778282166,0.9940547347068787,0.9940547347068787,1,0,0,0,1,1,1,1,0,0
09-experiments/results/m3star_measured_replay_prefeedback_c07_c10_v0.7,C10-darpa-optc-sysclient0351-0925,random,0.6,53,0,C10-AA-004,2.0,C10-AA-005,STOP,0,,,,,,0,0,0,0,1,0,0,1,0,0
09-experiments/results/m3star_measured_replay_prefeedback_c07_c10_v0.7,C10-darpa-optc-sysclient0351-0925,random,0.6,53,1,C10-AA-005,2.0,C10-AA-001,C10-AA-001,1,C10-AA-001,1.0,0.9912046790122986,0.008957337588071823,0.8469578623771667,0,1,1,0,1,0,0,1,1,0
09-experiments/results/m3star_measured_replay_prefeedback_c07_c10_v0.7,C10-darpa-optc-sysclient0351-0925,stage,0.2,11,0,C10-AA-003,1.0,C10-AA-003,C10-AA-003,1,C10-AA-003,1.0,0.998137354850769,0.9937224984169006,0.9937224984169006,1,0,0,0,1,1,1,1,0,0
09-experiments/results/m3star_measured_replay_prefeedback_c07_c10_v0.7,C10-darpa-optc-sysclient0351-0925,stage,0.2,23,0,C10-AA-003,1.0,C10-AA-003,C10-AA-003,1,C10-AA-003,1.0,0.998137354850769,0.9937224984169006,0.9937224984169006,1,0,0,0,1,1,1,1,0,0
09-experiments/results/m3star_measured_replay_prefeedback_c07_c10_v0.7,C10-darpa-optc-sysclient0351-0925,stage,0.2,37,0,C10-AA-003,1.0,C10-AA-003,C10-AA-003,1,C10-AA-003,1.0,0.998137354850769,0.9937224984169006,0.9937224984169006,1,0,0,0,1,1,1,1,0,0
09-experiments/results/m3star_measured_replay_prefeedback_c07_c10_v0.7,C10-darpa-optc-sysclient0351-0925,stage,0.2,41,0,C10-AA-003,1.0,C10-AA-003,C10-AA-003,1,C10-AA-003,1.0,0.998137354850769,0.9937224984169006,0.9937224984169006,1,0,0,0,1,1,1,1,0,0
09-experiments/results/m3star_measured_replay_prefeedback_c07_c10_v0.7,C10-darpa-optc-sysclient0351-0925,stage,0.2,53,0,C10-AA-003,1.0,C10-AA-003,C10-AA-003,1,C10-AA-003,1.0,0.998137354850769,0.9937224984169006,0.9937224984169006,1,0,0,0,1,1,1,1,0,0
09-experiments/results/m3star_measured_replay_prefeedback_c07_c10_v0.7,C10-darpa-optc-sysclient0351-0925,stage,0.4,11,0,C10-AA-003,1.0,C10-AA-003,C10-AA-003,1,C10-AA-003,1.0,0.9984266757965088,0.060452623064055855,0.060452623064055855,1,0,0,0,1,0,1,1,0,0
09-experiments/results/m3star_measured_replay_prefeedback_c07_c10_v0.7,C10-darpa-optc-sysclient0351-0925,stage,0.4,11,1,C10-AA-004,2.0,C10-AA-004,STOP,0,,,,,,0,0,0,0,1,0,0,1,0,0
09-experiments/results/m3star_measured_replay_prefeedback_c07_c10_v0.7,C10-darpa-optc-sysclient0351-0925,stage,0.4,23,0,C10-AA-003,1.0,C10-AA-003,C10-AA-003,1,C10-AA-003,1.0,0.9984266757965088,0.060452623064055855,0.060452623064055855,1,0,0,0,1,0,1,1,0,0
09-experiments/results/m3star_measured_replay_prefeedback_c07_c10_v0.7,C10-darpa-optc-sysclient0351-0925,stage,0.4,23,1,C10-AA-004,2.0,C10-AA-004,STOP,0,,,,,,0,0,0,0,1,0,0,1,0,0
09-experiments/results/m3star_measured_replay_prefeedback_c07_c10_v0.7,C10-darpa-optc-sysclient0351-0925,stage,0.4,37,0,C10-AA-003,1.0,C10-AA-003,C10-AA-003,1,C10-AA-003,1.0,0.9984266757965088,0.060452623064055855,0.060452623064055855,1,0,0,0,1,0,1,1,0,0
09-experiments/results/m3star_measured_replay_prefeedback_c07_c10_v0.7,C10-darpa-optc-sysclient0351-0925,stage,0.4,37,1,C10-AA-004,2.0,C10-AA-004,STOP,0,,,,,,0,0,0,0,1,0,0,1,0,0
09-experiments/results/m3star_measured_replay_prefeedback_c07_c10_v0.7,C10-darpa-optc-sysclient0351-0925,stage,0.4,41,0,C10-AA-003,1.0,C10-AA-003,C10-AA-003,1,C10-AA-003,1.0,0.9984266757965088,0.060452623064055855,0.060452623064055855,1,0,0,0,1,0,1,1,0,0
09-experiments/results/m3star_measured_replay_prefeedback_c07_c10_v0.7,C10-darpa-optc-sysclient0351-0925,stage,0.4,41,1,C10-AA-004,2.0,C10-AA-004,STOP,0,,,,,,0,0,0,0,1,0,0,1,0,0
09-experiments/results/m3star_measured_replay_prefeedback_c07_c10_v0.7,C10-darpa-optc-sysclient0351-0925,stage,0.4,53,0,C10-AA-003,1.0,C10-AA-003,C10-AA-003,1,C10-AA-003,1.0,0.9984266757965088,0.060452623064055855,0.060452623064055855,1,0,0,0,1,0,1,1,0,0
09-experiments/results/m3star_measured_replay_prefeedback_c07_c10_v0.7,C10-darpa-optc-sysclient0351-0925,stage,0.4,53,1,C10-AA-004,2.0,C10-AA-004,STOP,0,,,,,,0,0,0,0,1,0,0,1,0,0
09-experiments/results/m3star_measured_replay_prefeedback_c07_c10_v0.7,C10-darpa-optc-sysclient0351-0925,stage,0.6,11,0,C10-AA-003,1.0,C10-AA-003,C10-AA-003,1,C10-AA-003,1.0,0.9985024929046631,0.000504728130692617,0.000504728130692617,1,0,0,0,1,1,1,1,0,0
09-experiments/results/m3star_measured_replay_prefeedback_c07_c10_v0.7,C10-darpa-optc-sysclient0351-0925,stage,0.6,11,1,C10-AA-004,2.0,C10-AA-004,C10-AA-004,1,C10-AA-004,2.0,0.6229555606842041,0.1933833747498266,0.1933833747498266,1,0,0,0,1,1,1,1,0,0
09-experiments/results/m3star_measured_replay_prefeedback_c07_c10_v0.7,C10-darpa-optc-sysclient0351-0925,stage,0.6,11,2,C10-AA-002,2.0,C10-AA-005,C10-AA-001,0,,,,,,0,0,0,0,1,1,0,1,0,0
09-experiments/results/m3star_measured_replay_prefeedback_c07_c10_v0.7,C10-darpa-optc-sysclient0351-0925,stage,0.6,23,0,C10-AA-003,1.0,C10-AA-003,C10-AA-003,1,C10-AA-003,1.0,0.9985024929046631,0.000504728130692617,0.000504728130692617,1,0,0,0,1,1,1,1,0,0
09-experiments/results/m3star_measured_replay_prefeedback_c07_c10_v0.7,C10-darpa-optc-sysclient0351-0925,stage,0.6,23,1,C10-AA-004,2.0,C10-AA-004,C10-AA-004,1,C10-AA-004,2.0,0.6229555606842041,0.1933833747498266,0.1933833747498266,1,0,0,0,1,1,1,1,0,0
09-experiments/results/m3star_measured_replay_prefeedback_c07_c10_v0.7,C10-darpa-optc-sysclient0351-0925,stage,0.6,23,2,C10-AA-002,2.0,C10-AA-005,C10-AA-001,0,,,,,,0,0,0,0,1,1,0,1,0,0
09-experiments/results/m3star_measured_replay_prefeedback_c07_c10_v0.7,C10-darpa-optc-sysclient0351-0925,stage,0.6,37,0,C10-AA-003,1.0,C10-AA-003,C10-AA-003,1,C10-AA-003,1.0,0.9985024929046631,0.000504728130692617,0.000504728130692617,1,0,0,0,1,1,1,1,0,0
09-experiments/results/m3star_measured_replay_prefeedback_c07_c10_v0.7,C10-darpa-optc-sysclient0351-0925,stage,0.6,37,1,C10-AA-004,2.0,C10-AA-004,C10-AA-004,1,C10-AA-004,2.0,0.6229555606842041,0.1933833747498266,0.1933833747498266,1,0,0,0,1,1,1,1,0,0
09-experiments/results/m3star_measured_replay_prefeedback_c07_c10_v0.7,C10-darpa-optc-sysclient0351-0925,stage,0.6,37,2,C10-AA-002,2.0,C10-AA-005,C10-AA-001,0,,,,,,0,0,0,0,1,1,0,1,0,0
09-experiments/results/m3star_measured_replay_prefeedback_c07_c10_v0.7,C10-darpa-optc-sysclient0351-0925,stage,0.6,41,0,C10-AA-003,1.0,C10-AA-003,C10-AA-003,1,C10-AA-003,1.0,0.9985024929046631,0.000504728130692617,0.000504728130692617,1,0,0,0,1,1,1,1,0,0
09-experiments/results/m3star_measured_replay_prefeedback_c07_c10_v0.7,C10-darpa-optc-sysclient0351-0925,stage,0.6,41,1,C10-AA-004,2.0,C10-AA-004,C10-AA-004,1,C10-AA-004,2.0,0.6229555606842041,0.1933833747498266,0.1933833747498266,1,0,0,0,1,1,1,1,0,0
09-experiments/results/m3star_measured_replay_prefeedback_c07_c10_v0.7,C10-darpa-optc-sysclient0351-0925,stage,0.6,41,2,C10-AA-002,2.0,C10-AA-005,C10-AA-001,0,,,,,,0,0,0,0,1,1,0,1,0,0
09-experiments/results/m3star_measured_replay_prefeedback_c07_c10_v0.7,C10-darpa-optc-sysclient0351-0925,stage,0.6,53,0,C10-AA-003,1.0,C10-AA-003,C10-AA-003,1,C10-AA-003,1.0,0.9985024929046631,0.000504728130692617,0.000504728130692617,1,0,0,0,1,1,1,1,0,0
09-experiments/results/m3star_measured_replay_prefeedback_c07_c10_v0.7,C10-darpa-optc-sysclient0351-0925,stage,0.6,53,1,C10-AA-004,2.0,C10-AA-004,C10-AA-004,1,C10-AA-004,2.0,0.6229555606842041,0.1933833747498266,0.1933833747498266,1,0,0,0,1,1,1,1,0,0
09-experiments/results/m3star_measured_replay_prefeedback_c07_c10_v0.7,C10-darpa-optc-sysclient0351-0925,stage,0.6,53,2,C10-AA-002,2.0,C10-AA-005,C10-AA-001,0,,,,,,0,0,0,0,1,1,0,1,0,0
09-experiments/results/m3star_measured_replay_prefeedback_c07_c10_v0.7,C10-darpa-optc-sysclient0351-0925,discriminative,0.2,11,0,C10-AA-003,1.0,C10-AA-003,C10-AA-003,1,C10-AA-003,1.0,0.998137354850769,0.9937224984169006,0.9937224984169006,1,0,0,0,1,1,1,1,0,0
09-experiments/results/m3star_measured_replay_prefeedback_c07_c10_v0.7,C10-darpa-optc-sysclient0351-0925,discriminative,0.2,23,0,C10-AA-003,1.0,C10-AA-003,C10-AA-003,1,C10-AA-003,1.0,0.998137354850769,0.9937224984169006,0.9937224984169006,1,0,0,0,1,1,1,1,0,0
09-experiments/results/m3star_measured_replay_prefeedback_c07_c10_v0.7,C10-darpa-optc-sysclient0351-0925,discriminative,0.2,37,0,C10-AA-003,1.0,C10-AA-003,C10-AA-003,1,C10-AA-003,1.0,0.998137354850769,0.9937224984169006,0.9937224984169006,1,0,0,0,1,1,1,1,0,0
09-experiments/results/m3star_measured_replay_prefeedback_c07_c10_v0.7,C10-darpa-optc-sysclient0351-0925,discriminative,0.2,41,0,C10-AA-003,1.0,C10-AA-003,C10-AA-003,1,C10-AA-003,1.0,0.998137354850769,0.9937224984169006,0.9937224984169006,1,0,0,0,1,1,1,1,0,0
09-experiments/results/m3star_measured_replay_prefeedback_c07_c10_v0.7,C10-darpa-optc-sysclient0351-0925,discriminative,0.2,53,0,C10-AA-003,1.0,C10-AA-003,C10-AA-003,1,C10-AA-003,1.0,0.998137354850769,0.9937224984169006,0.9937224984169006,1,0,0,0,1,1,1,1,0,0
09-experiments/results/m3star_measured_replay_prefeedback_c07_c10_v0.7,C10-darpa-optc-sysclient0351-0925,discriminative,0.4,11,0,C10-AA-003,1.0,C10-AA-003,C10-AA-003,1,C10-AA-003,1.0,0.9984266757965088,0.060452623064055855,0.060452623064055855,1,0,0,0,1,0,1,1,0,0
09-experiments/results/m3star_measured_replay_prefeedback_c07_c10_v0.7,C10-darpa-optc-sysclient0351-0925,discriminative,0.4,11,1,C10-AA-004,2.0,C10-AA-004,STOP,0,,,,,,0,0,0,0,1,0,0,1,0,0
09-experiments/results/m3star_measured_replay_prefeedback_c07_c10_v0.7,C10-darpa-optc-sysclient0351-0925,discriminative,0.4,23,0,C10-AA-003,1.0,C10-AA-003,C10-AA-003,1,C10-AA-003,1.0,0.9984266757965088,0.060452623064055855,0.060452623064055855,1,0,0,0,1,0,1,1,0,0
09-experiments/results/m3star_measured_replay_prefeedback_c07_c10_v0.7,C10-darpa-optc-sysclient0351-0925,discriminative,0.4,23,1,C10-AA-004,2.0,C10-AA-004,STOP,0,,,,,,0,0,0,0,1,0,0,1,0,0
09-experiments/results/m3star_measured_replay_prefeedback_c07_c10_v0.7,C10-darpa-optc-sysclient0351-0925,discriminative,0.4,37,0,C10-AA-003,1.0,C10-AA-003,C10-AA-003,1,C10-AA-003,1.0,0.9984266757965088,0.060452623064055855,0.060452623064055855,1,0,0,0,1,0,1,1,0,0
09-experiments/results/m3star_measured_replay_prefeedback_c07_c10_v0.7,C10-darpa-optc-sysclient0351-0925,discriminative,0.4,37,1,C10-AA-004,2.0,C10-AA-004,STOP,0,,,,,,0,0,0,0,1,0,0,1,0,0
09-experiments/results/m3star_measured_replay_prefeedback_c07_c10_v0.7,C10-darpa-optc-sysclient0351-0925,discriminative,0.4,41,0,C10-AA-003,1.0,C10-AA-003,C10-AA-003,1,C10-AA-003,1.0,0.9984266757965088,0.060452623064055855,0.060452623064055855,1,0,0,0,1,0,1,1,0,0
09-experiments/results/m3star_measured_replay_prefeedback_c07_c10_v0.7,C10-darpa-optc-sysclient0351-0925,discriminative,0.4,41,1,C10-AA-004,2.0,C10-AA-004,STOP,0,,,,,,0,0,0,0,1,0,0,1,0,0
09-experiments/results/m3star_measured_replay_prefeedback_c07_c10_v0.7,C10-darpa-optc-sysclient0351-0925,discriminative,0.4,53,0,C10-AA-003,1.0,C10-AA-003,C10-AA-003,1,C10-AA-003,1.0,0.9984266757965088,0.060452623064055855,0.060452623064055855,1,0,0,0,1,0,1,1,0,0
09-experiments/results/m3star_measured_replay_prefeedback_c07_c10_v0.7,C10-darpa-optc-sysclient0351-0925,discriminative,0.4,53,1,C10-AA-004,2.0,C10-AA-004,STOP,0,,,,,,0,0,0,0,1,0,0,1,0,0
09-experiments/results/m3star_measured_replay_prefeedback_c07_c10_v0.7,C10-darpa-optc-sysclient0351-0925,discriminative,0.6,11,0,C10-AA-003,1.0,C10-AA-003,C10-AA-003,1,C10-AA-003,1.0,0.9985024929046631,0.000504728130692617,0.000504728130692617,1,0,0,0,1,1,1,1,0,0
09-experiments/results/m3star_measured_replay_prefeedback_c07_c10_v0.7,C10-darpa-optc-sysclient0351-0925,discriminative,0.6,11,1,C10-AA-004,2.0,C10-AA-004,C10-AA-004,1,C10-AA-004,2.0,0.6229555606842041,0.1933833747498266,0.1933833747498266,1,0,0,0,1,1,1,1,0,0
09-experiments/results/m3star_measured_replay_prefeedback_c07_c10_v0.7,C10-darpa-optc-sysclient0351-0925,discriminative,0.6,11,2,C10-AA-002,2.0,C10-AA-005,C10-AA-001,0,,,,,,0,0,0,0,1,1,0,1,0,0
09-experiments/results/m3star_measured_replay_prefeedback_c07_c10_v0.7,C10-darpa-optc-sysclient0351-0925,discriminative,0.6,23,0,C10-AA-003,1.0,C10-AA-003,C10-AA-003,1,C10-AA-003,1.0,0.9985024929046631,0.000504728130692617,0.000504728130692617,1,0,0,0,1,1,1,1,0,0
09-experiments/results/m3star_measured_replay_prefeedback_c07_c10_v0.7,C10-darpa-optc-sysclient0351-0925,discriminative,0.6,23,1,C10-AA-004,2.0,C10-AA-004,C10-AA-004,1,C10-AA-004,2.0,0.6229555606842041,0.1933833747498266,0.1933833747498266,1,0,0,0,1,1,1,1,0,0
09-experiments/results/m3star_measured_replay_prefeedback_c07_c10_v0.7,C10-darpa-optc-sysclient0351-0925,discriminative,0.6,23,2,C10-AA-002,2.0,C10-AA-005,C10-AA-001,0,,,,,,0,0,0,0,1,1,0,1,0,0
09-experiments/results/m3star_measured_replay_prefeedback_c07_c10_v0.7,C10-darpa-optc-sysclient0351-0925,discriminative,0.6,37,0,C10-AA-003,1.0,C10-AA-003,C10-AA-003,1,C10-AA-003,1.0,0.9985024929046631,0.000504728130692617,0.000504728130692617,1,0,0,0,1,1,1,1,0,0
09-experiments/results/m3star_measured_replay_prefeedback_c07_c10_v0.7,C10-darpa-optc-sysclient0351-0925,discriminative,0.6,37,1,C10-AA-004,2.0,C10-AA-004,C10-AA-004,1,C10-AA-004,2.0,0.6229555606842041,0.1933833747498266,0.1933833747498266,1,0,0,0,1,1,1,1,0,0
09-experiments/results/m3star_measured_replay_prefeedback_c07_c10_v0.7,C10-darpa-optc-sysclient0351-0925,discriminative,0.6,37,2,C10-AA-002,2.0,C10-AA-005,C10-AA-001,0,,,,,,0,0,0,0,1,1,0,1,0,0
09-experiments/results/m3star_measured_replay_prefeedback_c07_c10_v0.7,C10-darpa-optc-sysclient0351-0925,discriminative,0.6,41,0,C10-AA-003,1.0,C10-AA-003,C10-AA-003,1,C10-AA-003,1.0,0.9985024929046631,0.000504728130692617,0.000504728130692617,1,0,0,0,1,1,1,1,0,0
09-experiments/results/m3star_measured_replay_prefeedback_c07_c10_v0.7,C10-darpa-optc-sysclient0351-0925,discriminative,0.6,41,1,C10-AA-004,2.0,C10-AA-004,C10-AA-004,1,C10-AA-004,2.0,0.6229555606842041,0.1933833747498266,0.1933833747498266,1,0,0,0,1,1,1,1,0,0
09-experiments/results/m3star_measured_replay_prefeedback_c07_c10_v0.7,C10-darpa-optc-sysclient0351-0925,discriminative,0.6,41,2,C10-AA-002,2.0,C10-AA-005,C10-AA-001,0,,,,,,0,0,0,0,1,1,0,1,0,0
09-experiments/results/m3star_measured_replay_prefeedback_c07_c10_v0.7,C10-darpa-optc-sysclient0351-0925,discriminative,0.6,53,0,C10-AA-003,1.0,C10-AA-003,C10-AA-003,1,C10-AA-003,1.0,0.9985024929046631,0.000504728130692617,0.000504728130692617,1,0,0,0,1,1,1,1,0,0
09-experiments/results/m3star_measured_replay_prefeedback_c07_c10_v0.7,C10-darpa-optc-sysclient0351-0925,discriminative,0.6,53,1,C10-AA-004,2.0,C10-AA-004,C10-AA-004,1,C10-AA-004,2.0,0.6229555606842041,0.1933833747498266,0.1933833747498266,1,0,0,0,1,1,1,1,0,0
09-experiments/results/m3star_measured_replay_prefeedback_c07_c10_v0.7,C10-darpa-optc-sysclient0351-0925,discriminative,0.6,53,2,C10-AA-002,2.0,C10-AA-005,C10-AA-001,0,,,,,,0,0,0,0,1,1,0,1,0,0
09-experiments/results/m3star_measured_replay_prefeedback_c11_c12_v0.6,C11-otrf-apt29-day1-scranton-nashua,random,0.2,23,0,C11-AA-001,1.0,C11-AA-001,C11-AA-004,0,,,,,,0,0,0,0,1,1,0,1,0,0
09-experiments/results/m3star_measured_replay_prefeedback_c11_c12_v0.6,C11-otrf-apt29-day1-scranton-nashua,random,0.2,37,0,C11-AA-001,1.0,C11-AA-001,C11-AA-001,1,C11-AA-001,1.0,0.9976525902748108,0.9997523352184821,0.9997523352184821,1,0,0,0,1,1,1,1,0,0
09-experiments/results/m3star_measured_replay_prefeedback_c11_c12_v0.6,C11-otrf-apt29-day1-scranton-nashua,random,0.2,41,0,C11-AA-001,1.0,C11-AA-001,C11-AA-001,1,C11-AA-001,1.0,0.9963894486427307,0.9982546655350922,0.9982546655350922,1,0,0,0,1,1,1,1,0,0
09-experiments/results/m3star_measured_replay_prefeedback_c11_c12_v0.6,C11-otrf-apt29-day1-scranton-nashua,random,0.2,53,0,C11-AA-001,1.0,C11-AA-001,C11-AA-001,1,C11-AA-001,1.0,0.9963894486427307,0.9982546655350922,0.9982546655350922,1,0,0,0,1,1,0,0,1,1
09-experiments/results/m3star_measured_replay_prefeedback_c11_c12_v0.6,C11-otrf-apt29-day1-scranton-nashua,random,0.2,53,1,C11-AA-003,2.0,C11-AA-003,C11-AA-003,1,C11-AA-003,2.0,0.9840457439422607,0.9385170020327851,0.9385170020327851,1,0,0,0,1,1,1,1,0,0
09-experiments/results/m3star_measured_replay_prefeedback_c11_c12_v0.6,C11-otrf-apt29-day1-scranton-nashua,random,0.4,11,0,C11-AA-001,1.0,C11-AA-001,C11-AA-001,1,C11-AA-001,1.0,0.9988320469856262,0.9514982326983182,0.9514982326983182,1,0,0,0,1,1,1,1,0,0
09-experiments/results/m3star_measured_replay_prefeedback_c11_c12_v0.6,C11-otrf-apt29-day1-scranton-nashua,random,0.4,11,1,C11-AA-003,2.0,C11-AA-003,C11-AA-003,1,C11-AA-003,2.0,0.9840457439422607,0.9385170020327851,0.9385170020327851,1,0,0,0,1,1,1,1,0,0
09-experiments/results/m3star_measured_replay_prefeedback_c11_c12_v0.6,C11-otrf-apt29-day1-scranton-nashua,random,0.4,23,0,C11-AA-001,1.0,C11-AA-001,C11-AA-001,1,C11-AA-001,1.0,0.998986542224884,0.9428451135341104,0.9428451135341104,1,0,0,0,1,1,2,2,0,0
09-experiments/results/m3star_measured_replay_prefeedback_c11_c12_v0.6,C11-otrf-apt29-day1-scranton-nashua,random,0.4,23,1,C11-AA-003,2.0,C11-AA-004,C11-AA-004,1,C11-AA-004,1.0,0.9961269497871399,0.1560441161818441,0.9787735168787735,0,1,1,0,1,1,1,1,0,0
09-experiments/results/m3star_measured_replay_prefeedback_c11_c12_v0.6,C11-otrf-apt29-day1-scranton-nashua,random,0.4,37,0,C11-AA-001,1.0,C11-AA-001,C11-AA-001,1,C11-AA-001,1.0,0.998986542224884,0.9428451135341104,0.9428451135341104,1,0,0,0,1,1,1,1,0,0
09-experiments/results/m3star_measured_replay_prefeedback_c11_c12_v0.6,C11-otrf-apt29-day1-scranton-nashua,random,0.4,37,1,C11-AA-003,2.0,C11-AA-004,C11-AA-004,1,C11-AA-004,1.0,0.9989126920700073,0.005490978480310142,0.6596650557947973,0,1,1,0,1,1,1,1,0,0
09-experiments/results/m3star_measured_replay_prefeedback_c11_c12_v0.6,C11-otrf-apt29-day1-scranton-nashua,random,0.4,37,2,C11-AA-002,2.0,C11-AA-002,C11-AA-002,1,C11-AA-002,2.0,0.9957646131515503,0.9992762635444519,0.9992762635444519,1,0,0,0,1,1,1,1,0,0
09-experiments/results/m3star_measured_replay_prefeedback_c11_c12_v0.6,C11-otrf-apt29-day1-scranton-nashua,random,0.4,41,0,C11-AA-001,1.0,C11-AA-001,C11-AA-001,1,C11-AA-001,1.0,0.998986542224884,0.9404783521756114,0.9404783521756114,1,0,0,0,1,1,1,1,0,0
09-experiments/results/m3star_measured_replay_prefeedback_c11_c12_v0.6,C11-otrf-apt29-day1-scranton-nashua,random,0.4,41,1,C11-AA-003,2.0,C11-AA-004,C11-AA-004,1,C11-AA-004,1.0,0.9989126920700073,0.005490978480310142,0.6596650557947973,0,1,1,0,1,1,1,1,0,0
09-experiments/results/m3star_measured_replay_prefeedback_c11_c12_v0.6,C11-otrf-apt29-day1-scranton-nashua,random,0.4,41,2,C11-AA-002,2.0,C11-AA-002,C11-AA-002,1,C11-AA-002,2.0,0.9957646131515503,0.9992762635444519,0.9992762635444519,1,0,0,0,1,1,1,1,0,0
09-experiments/results/m3star_measured_replay_prefeedback_c11_c12_v0.6,C11-otrf-apt29-day1-scranton-nashua,random,0.4,53,0,C11-AA-001,1.0,C11-AA-001,C11-AA-001,1,C11-AA-001,1.0,0.9988320469856262,0.9514982326983182,0.9514982326983182,1,0,0,0,1,1,1,1,0,0
09-experiments/results/m3star_measured_replay_prefeedback_c11_c12_v0.6,C11-otrf-apt29-day1-scranton-nashua,random,0.4,53,1,C11-AA-003,2.0,C11-AA-003,C11-AA-003,1,C11-AA-003,2.0,0.9840457439422607,0.9385170020327851,0.9385170020327851,1,0,0,0,1,1,1,1,0,0
09-experiments/results/m3star_measured_replay_prefeedback_c11_c12_v0.6,C11-otrf-apt29-day1-scranton-nashua,random,0.6,11,0,C11-AA-001,1.0,C11-AA-001,C11-AA-001,1,C11-AA-001,1.0,0.9988320469856262,0.9514982326983182,0.9514982326983182,1,0,0,0,1,1,1,1,0,0
09-experiments/results/m3star_measured_replay_prefeedback_c11_c12_v0.6,C11-otrf-apt29-day1-scranton-nashua,random,0.6,11,1,C11-AA-003,2.0,C11-AA-004,C11-AA-004,1,C11-AA-004,1.0,0.9987467527389526,0.01294585860689499,0.9434966061867343,0,1,1,0,1,1,1,2,0,0
09-experiments/results/m3star_measured_replay_prefeedback_c11_c12_v0.6,C11-otrf-apt29-day1-scranton-nashua,random,0.6,23,0,C11-AA-001,1.0,C11-AA-001,C11-AA-001,1,C11-AA-001,1.0,0.998986542224884,0.9404783521756114,0.9404783521756114,1,0,0,0,1,1,3,3,0,0
09-experiments/results/m3star_measured_replay_prefeedback_c11_c12_v0.6,C11-otrf-apt29-day1-scranton-nashua,random,0.6,23,1,C11-AA-003,2.0,C11-AA-004,C11-AA-004,1,C11-AA-004,1.0,0.9961269497871399,0.1560441161818441,0.9787735168787735,0,1,1,0,1,1,1,1,0,0
09-experiments/results/m3star_measured_replay_prefeedback_c11_c12_v0.6,C11-otrf-apt29-day1-scranton-nashua,random,0.6,37,0,C11-AA-001,1.0,C11-AA-001,C11-AA-001,1,C11-AA-001,1.0,0.998986542224884,0.9428451135341104,0.9428451135341104,1,0,0,0,1,1,2,2,0,0
09-experiments/results/m3star_measured_replay_prefeedback_c11_c12_v0.6,C11-otrf-apt29-day1-scranton-nashua,random,0.6,37,1,C11-AA-003,2.0,C11-AA-004,C11-AA-004,1,C11-AA-004,1.0,0.9989126920700073,0.005490978480310142,0.6596650557947973,0,1,1,0,1,1,1,1,0,0
09-experiments/results/m3star_measured_replay_prefeedback_c11_c12_v0.6,C11-otrf-apt29-day1-scranton-nashua,random,0.6,37,2,C11-AA-002,2.0,C11-AA-002,C11-AA-002,1,C11-AA-002,2.0,0.9957646131515503,0.9992762635444519,0.9992762635444519,1,0,0,0,1,1,1,1,0,0
09-experiments/results/m3star_measured_replay_prefeedback_c11_c12_v0.6,C11-otrf-apt29-day1-scranton-nashua,random,0.6,41,0,C11-AA-001,1.0,C11-AA-001,C11-AA-001,1,C11-AA-001,1.0,0.998986542224884,0.9404783521756114,0.9404783521756114,1,0,0,0,1,1,1,1,0,0
09-experiments/results/m3star_measured_replay_prefeedback_c11_c12_v0.6,C11-otrf-apt29-day1-scranton-nashua,random,0.6,41,1,C11-AA-003,2.0,C11-AA-003,C11-AA-004,0,,,,,,0,0,0,0,1,1,0,2,0,0
09-experiments/results/m3star_measured_replay_prefeedback_c11_c12_v0.6,C11-otrf-apt29-day1-scranton-nashua,random,0.6,41,2,C11-AA-002,2.0,C11-AA-002,C11-AA-002,1,C11-AA-002,2.0,0.9957646131515503,0.9992762635444519,0.9992762635444519,1,0,0,0,1,1,1,1,0,0
09-experiments/results/m3star_measured_replay_prefeedback_c11_c12_v0.6,C11-otrf-apt29-day1-scranton-nashua,random,0.6,53,0,C11-AA-001,1.0,C11-AA-001,C11-AA-001,1,C11-AA-001,1.0,0.9988320469856262,0.9514982326983182,0.9514982326983182,1,0,0,0,1,1,2,2,0,0
09-experiments/results/m3star_measured_replay_prefeedback_c11_c12_v0.6,C11-otrf-apt29-day1-scranton-nashua,random,0.6,53,1,C11-AA-003,2.0,C11-AA-003,C11-AA-003,1,C11-AA-003,2.0,0.9840457439422607,0.9385170020327851,0.9385170020327851,1,0,0,0,1,1,1,1,0,0
09-experiments/results/m3star_measured_replay_prefeedback_c11_c12_v0.6,C11-otrf-apt29-day1-scranton-nashua,stage,0.4,11,0,C11-AA-001,1.0,C11-AA-001,C11-AA-001,1,C11-AA-001,1.0,0.9979629516601562,0.9999148794393258,0.9999148794393258,1,0,0,0,1,1,2,2,0,0
09-experiments/results/m3star_measured_replay_prefeedback_c11_c12_v0.6,C11-otrf-apt29-day1-scranton-nashua,stage,0.4,11,1,C11-AA-002,2.0,C11-AA-002,C11-AA-002,1,C11-AA-002,2.0,0.9958399534225464,0.9942918772195205,0.9942918772195205,1,0,0,0,1,1,1,1,0,0
09-experiments/results/m3star_measured_replay_prefeedback_c11_c12_v0.6,C11-otrf-apt29-day1-scranton-nashua,stage,0.4,23,0,C11-AA-001,1.0,C11-AA-001,C11-AA-001,1,C11-AA-001,1.0,0.9979629516601562,0.9999148794393258,0.9999148794393258,1,0,0,0,1,1,2,2,0,0
09-experiments/results/m3star_measured_replay_prefeedback_c11_c12_v0.6,C11-otrf-apt29-day1-scranton-nashua,stage,0.4,23,1,C11-AA-002,2.0,C11-AA-002,C11-AA-002,1,C11-AA-002,2.0,0.9958399534225464,0.9942918772195205,0.9942918772195205,1,0,0,0,1,1,1,1,0,0
09-experiments/results/m3star_measured_replay_prefeedback_c11_c12_v0.6,C11-otrf-apt29-day1-scranton-nashua,stage,0.4,37,0,C11-AA-001,1.0,C11-AA-001,C11-AA-001,1,C11-AA-001,1.0,0.9979629516601562,0.9999148794393258,0.9999148794393258,1,0,0,0,1,1,2,2,0,0
09-experiments/results/m3star_measured_replay_prefeedback_c11_c12_v0.6,C11-otrf-apt29-day1-scranton-nashua,stage,0.4,37,1,C11-AA-002,2.0,C11-AA-002,C11-AA-002,1,C11-AA-002,2.0,0.9958399534225464,0.9942918772195205,0.9942918772195205,1,0,0,0,1,1,1,1,0,0
09-experiments/results/m3star_measured_replay_prefeedback_c11_c12_v0.6,C11-otrf-apt29-day1-scranton-nashua,stage,0.4,41,0,C11-AA-001,1.0,C11-AA-001,C11-AA-001,1,C11-AA-001,1.0,0.9979629516601562,0.9999148794393258,0.9999148794393258,1,0,0,0,1,1,2,2,0,0
09-experiments/results/m3star_measured_replay_prefeedback_c11_c12_v0.6,C11-otrf-apt29-day1-scranton-nashua,stage,0.4,41,1,C11-AA-002,2.0,C11-AA-002,C11-AA-002,1,C11-AA-002,2.0,0.9958399534225464,0.9942918772195205,0.9942918772195205,1,0,0,0,1,1,1,1,0,0
09-experiments/results/m3star_measured_replay_prefeedback_c11_c12_v0.6,C11-otrf-apt29-day1-scranton-nashua,stage,0.4,53,0,C11-AA-001,1.0,C11-AA-001,C11-AA-001,1,C11-AA-001,1.0,0.9979629516601562,0.9999148794393258,0.9999148794393258,1,0,0,0,1,1,2,2,0,0
09-experiments/results/m3star_measured_replay_prefeedback_c11_c12_v0.6,C11-otrf-apt29-day1-scranton-nashua,stage,0.4,53,1,C11-AA-002,2.0,C11-AA-002,C11-AA-002,1,C11-AA-002,2.0,0.9958399534225464,0.9942918772195205,0.9942918772195205,1,0,0,0,1,1,1,1,0,0
09-experiments/results/m3star_measured_replay_prefeedback_c11_c12_v0.6,C11-otrf-apt29-day1-scranton-nashua,stage,0.6,11,0,C11-AA-001,1.0,C11-AA-001,C11-AA-001,1,C11-AA-001,1.0,0.9990981817245483,0.9959657022276038,0.9959657022276038,1,0,0,0,1,1,3,3,0,0
09-experiments/results/m3star_measured_replay_prefeedback_c11_c12_v0.6,C11-otrf-apt29-day1-scranton-nashua,stage,0.6,11,1,C11-AA-002,2.0,C11-AA-002,C11-AA-002,1,C11-AA-002,2.0,0.9958399534225464,0.9942918772195205,0.9942918772195205,1,0,0,0,1,1,1,1,0,0
09-experiments/results/m3star_measured_replay_prefeedback_c11_c12_v0.6,C11-otrf-apt29-day1-scranton-nashua,stage,0.6,23,0,C11-AA-001,1.0,C11-AA-001,C11-AA-001,1,C11-AA-001,1.0,0.9990981817245483,0.9959657022276038,0.9959657022276038,1,0,0,0,1,1,3,3,0,0
09-experiments/results/m3star_measured_replay_prefeedback_c11_c12_v0.6,C11-otrf-apt29-day1-scranton-nashua,stage,0.6,23,1,C11-AA-002,2.0,C11-AA-002,C11-AA-002,1,C11-AA-002,2.0,0.9958399534225464,0.9942918772195205,0.9942918772195205,1,0,0,0,1,1,1,1,0,0
09-experiments/results/m3star_measured_replay_prefeedback_c11_c12_v0.6,C11-otrf-apt29-day1-scranton-nashua,stage,0.6,37,0,C11-AA-001,1.0,C11-AA-001,C11-AA-001,1,C11-AA-001,1.0,0.9990981817245483,0.9959657022276038,0.9959657022276038,1,0,0,0,1,1,3,3,0,0
09-experiments/results/m3star_measured_replay_prefeedback_c11_c12_v0.6,C11-otrf-apt29-day1-scranton-nashua,stage,0.6,37,1,C11-AA-002,2.0,C11-AA-002,C11-AA-002,1,C11-AA-002,2.0,0.9958399534225464,0.9942918772195205,0.9942918772195205,1,0,0,0,1,1,1,1,0,0
09-experiments/results/m3star_measured_replay_prefeedback_c11_c12_v0.6,C11-otrf-apt29-day1-scranton-nashua,stage,0.6,41,0,C11-AA-001,1.0,C11-AA-001,C11-AA-001,1,C11-AA-001,1.0,0.9990981817245483,0.9959657022276038,0.9959657022276038,1,0,0,0,1,1,3,3,0,0
09-experiments/results/m3star_measured_replay_prefeedback_c11_c12_v0.6,C11-otrf-apt29-day1-scranton-nashua,stage,0.6,41,1,C11-AA-002,2.0,C11-AA-002,C11-AA-002,1,C11-AA-002,2.0,0.9958399534225464,0.9942918772195205,0.9942918772195205,1,0,0,0,1,1,1,1,0,0
09-experiments/results/m3star_measured_replay_prefeedback_c11_c12_v0.6,C11-otrf-apt29-day1-scranton-nashua,stage,0.6,53,0,C11-AA-001,1.0,C11-AA-001,C11-AA-001,1,C11-AA-001,1.0,0.9990981817245483,0.9959657022276038,0.9959657022276038,1,0,0,0,1,1,3,3,0,0
09-experiments/results/m3star_measured_replay_prefeedback_c11_c12_v0.6,C11-otrf-apt29-day1-scranton-nashua,stage,0.6,53,1,C11-AA-002,2.0,C11-AA-002,C11-AA-002,1,C11-AA-002,2.0,0.9958399534225464,0.9942918772195205,0.9942918772195205,1,0,0,0,1,1,1,1,0,0
09-experiments/results/m3star_measured_replay_prefeedback_c11_c12_v0.6,C11-otrf-apt29-day1-scranton-nashua,discriminative,0.4,11,0,C11-AA-001,1.0,C11-AA-001,C11-AA-001,1,C11-AA-001,1.0,0.9979629516601562,0.9999148794393258,0.9999148794393258,1,0,0,0,1,1,2,2,0,0
09-experiments/results/m3star_measured_replay_prefeedback_c11_c12_v0.6,C11-otrf-apt29-day1-scranton-nashua,discriminative,0.4,11,1,C11-AA-002,2.0,C11-AA-002,C11-AA-002,1,C11-AA-002,2.0,0.9958399534225464,0.9942918772195205,0.9942918772195205,1,0,0,0,1,1,1,1,0,0
09-experiments/results/m3star_measured_replay_prefeedback_c11_c12_v0.6,C11-otrf-apt29-day1-scranton-nashua,discriminative,0.4,23,0,C11-AA-001,1.0,C11-AA-001,C11-AA-001,1,C11-AA-001,1.0,0.9979629516601562,0.9999148794393258,0.9999148794393258,1,0,0,0,1,1,2,2,0,0
09-experiments/results/m3star_measured_replay_prefeedback_c11_c12_v0.6,C11-otrf-apt29-day1-scranton-nashua,discriminative,0.4,23,1,C11-AA-002,2.0,C11-AA-002,C11-AA-002,1,C11-AA-002,2.0,0.9958399534225464,0.9942918772195205,0.9942918772195205,1,0,0,0,1,1,1,1,0,0
09-experiments/results/m3star_measured_replay_prefeedback_c11_c12_v0.6,C11-otrf-apt29-day1-scranton-nashua,discriminative,0.4,37,0,C11-AA-001,1.0,C11-AA-001,C11-AA-001,1,C11-AA-001,1.0,0.9979629516601562,0.9999148794393258,0.9999148794393258,1,0,0,0,1,1,2,2,0,0
09-experiments/results/m3star_measured_replay_prefeedback_c11_c12_v0.6,C11-otrf-apt29-day1-scranton-nashua,discriminative,0.4,37,1,C11-AA-002,2.0,C11-AA-002,C11-AA-002,1,C11-AA-002,2.0,0.9958399534225464,0.9942918772195205,0.9942918772195205,1,0,0,0,1,1,1,1,0,0
09-experiments/results/m3star_measured_replay_prefeedback_c11_c12_v0.6,C11-otrf-apt29-day1-scranton-nashua,discriminative,0.4,41,0,C11-AA-001,1.0,C11-AA-001,C11-AA-001,1,C11-AA-001,1.0,0.9979629516601562,0.9999148794393258,0.9999148794393258,1,0,0,0,1,1,2,2,0,0
09-experiments/results/m3star_measured_replay_prefeedback_c11_c12_v0.6,C11-otrf-apt29-day1-scranton-nashua,discriminative,0.4,41,1,C11-AA-002,2.0,C11-AA-002,C11-AA-002,1,C11-AA-002,2.0,0.9958399534225464,0.9942918772195205,0.9942918772195205,1,0,0,0,1,1,1,1,0,0
09-experiments/results/m3star_measured_replay_prefeedback_c11_c12_v0.6,C11-otrf-apt29-day1-scranton-nashua,discriminative,0.4,53,0,C11-AA-001,1.0,C11-AA-001,C11-AA-001,1,C11-AA-001,1.0,0.9979629516601562,0.9999148794393258,0.9999148794393258,1,0,0,0,1,1,2,2,0,0
09-experiments/results/m3star_measured_replay_prefeedback_c11_c12_v0.6,C11-otrf-apt29-day1-scranton-nashua,discriminative,0.4,53,1,C11-AA-002,2.0,C11-AA-002,C11-AA-002,1,C11-AA-002,2.0,0.9958399534225464,0.9942918772195205,0.9942918772195205,1,0,0,0,1,1,1,1,0,0
09-experiments/results/m3star_measured_replay_prefeedback_c11_c12_v0.6,C11-otrf-apt29-day1-scranton-nashua,discriminative,0.6,11,0,C11-AA-001,1.0,C11-AA-001,C11-AA-001,1,C11-AA-001,1.0,0.9990981817245483,0.9959657022276038,0.9959657022276038,1,0,0,0,1,1,3,3,0,0
09-experiments/results/m3star_measured_replay_prefeedback_c11_c12_v0.6,C11-otrf-apt29-day1-scranton-nashua,discriminative,0.6,11,1,C11-AA-002,2.0,C11-AA-002,C11-AA-002,1,C11-AA-002,2.0,0.9958399534225464,0.9942918772195205,0.9942918772195205,1,0,0,0,1,1,1,1,0,0
09-experiments/results/m3star_measured_replay_prefeedback_c11_c12_v0.6,C11-otrf-apt29-day1-scranton-nashua,discriminative,0.6,23,0,C11-AA-001,1.0,C11-AA-001,C11-AA-001,1,C11-AA-001,1.0,0.9990981817245483,0.9959657022276038,0.9959657022276038,1,0,0,0,1,1,3,3,0,0
09-experiments/results/m3star_measured_replay_prefeedback_c11_c12_v0.6,C11-otrf-apt29-day1-scranton-nashua,discriminative,0.6,23,1,C11-AA-002,2.0,C11-AA-002,C11-AA-002,1,C11-AA-002,2.0,0.9958399534225464,0.9942918772195205,0.9942918772195205,1,0,0,0,1,1,1,1,0,0
09-experiments/results/m3star_measured_replay_prefeedback_c11_c12_v0.6,C11-otrf-apt29-day1-scranton-nashua,discriminative,0.6,37,0,C11-AA-001,1.0,C11-AA-001,C11-AA-001,1,C11-AA-001,1.0,0.9990981817245483,0.9959657022276038,0.9959657022276038,1,0,0,0,1,1,3,3,0,0
09-experiments/results/m3star_measured_replay_prefeedback_c11_c12_v0.6,C11-otrf-apt29-day1-scranton-nashua,discriminative,0.6,37,1,C11-AA-002,2.0,C11-AA-002,C11-AA-002,1,C11-AA-002,2.0,0.9958399534225464,0.9942918772195205,0.9942918772195205,1,0,0,0,1,1,1,1,0,0
09-experiments/results/m3star_measured_replay_prefeedback_c11_c12_v0.6,C11-otrf-apt29-day1-scranton-nashua,discriminative,0.6,41,0,C11-AA-001,1.0,C11-AA-001,C11-AA-001,1,C11-AA-001,1.0,0.9990981817245483,0.9959657022276038,0.9959657022276038,1,0,0,0,1,1,3,3,0,0
09-experiments/results/m3star_measured_replay_prefeedback_c11_c12_v0.6,C11-otrf-apt29-day1-scranton-nashua,discriminative,0.6,41,1,C11-AA-002,2.0,C11-AA-002,C11-AA-002,1,C11-AA-002,2.0,0.9958399534225464,0.9942918772195205,0.9942918772195205,1,0,0,0,1,1,1,1,0,0
09-experiments/results/m3star_measured_replay_prefeedback_c11_c12_v0.6,C11-otrf-apt29-day1-scranton-nashua,discriminative,0.6,53,0,C11-AA-001,1.0,C11-AA-001,C11-AA-001,1,C11-AA-001,1.0,0.9990981817245483,0.9959657022276038,0.9959657022276038,1,0,0,0,1,1,3,3,0,0
09-experiments/results/m3star_measured_replay_prefeedback_c11_c12_v0.6,C11-otrf-apt29-day1-scranton-nashua,discriminative,0.6,53,1,C11-AA-002,2.0,C11-AA-002,C11-AA-002,1,C11-AA-002,2.0,0.9958399534225464,0.9942918772195205,0.9942918772195205,1,0,0,0,1,1,1,1,0,0
09-experiments/results/m3star_measured_replay_prefeedback_c11_c12_v0.6,C12-witfoo-precinct6-f10c7270,random,0.4,23,0,C12-AA-001,1.0,C12-AA-001,C12-AA-001,1,C12-AA-001,1.0,0.9943885207176208,0.9995359150090691,0.9995359150090691,1,0,0,0,1,1,1,1,0,0
09-experiments/results/m3star_measured_replay_prefeedback_c11_c12_v0.6,C12-witfoo-precinct6-f10c7270,random,0.6,11,0,C12-AA-001,1.0,C12-AA-001,C12-AA-001,1,C12-AA-001,1.0,0.9943885207176208,0.9995359150090691,0.9995359150090691,1,0,0,0,1,1,0,0,1,1
09-experiments/results/m3star_measured_replay_prefeedback_c11_c12_v0.6,C12-witfoo-precinct6-f10c7270,random,0.6,11,1,C12-AA-002,1.0,C12-AA-003,C12-AA-002,0,,,,,,0,0,0,0,1,1,0,1,0,0
09-experiments/results/m3star_measured_replay_prefeedback_c11_c12_v0.6,C12-witfoo-precinct6-f10c7270,random,0.6,23,0,C12-AA-001,1.0,C12-AA-001,C12-AA-001,1,C12-AA-001,1.0,0.9943885207176208,0.9995359150090691,0.9995359150090691,1,0,0,0,1,1,1,1,0,0
09-experiments/results/m3star_measured_replay_prefeedback_c11_c12_v0.6,C12-witfoo-precinct6-f10c7270,random,0.6,37,0,C12-AA-001,1.0,C12-AA-001,C12-AA-001,1,C12-AA-001,1.0,0.9943885207176208,0.9995359150090691,0.9995359150090691,1,0,0,0,1,1,1,1,0,0
09-experiments/results/m3star_measured_replay_prefeedback_c11_c12_v0.6,C12-witfoo-precinct6-f10c7270,random,0.6,41,0,C12-AA-001,1.0,C12-AA-001,C12-AA-001,1,C12-AA-001,1.0,0.9943885207176208,0.9995359150090691,0.9995359150090691,1,0,0,0,1,1,1,1,0,0
09-experiments/results/m3star_measured_replay_prefeedback_c11_c12_v0.6,C12-witfoo-precinct6-f10c7270,random,0.6,53,0,C12-AA-001,1.0,C12-AA-001,C12-AA-001,1,C12-AA-001,1.0,0.9943885207176208,0.9995359150090691,0.9995359150090691,1,0,0,0,1,1,0,0,1,1
09-experiments/results/m3star_measured_replay_prefeedback_c11_c12_v0.6,C12-witfoo-precinct6-f10c7270,random,0.6,53,1,C12-AA-002,1.0,C12-AA-003,C12-AA-002,0,,,,,,0,0,0,0,1,1,0,1,0,0
09-experiments/results/m3star_measured_replay_prefeedback_c11_c12_v0.6,C12-witfoo-precinct6-f10c7270,stage,0.6,11,0,C12-AA-001,1.0,C12-AA-001,C12-AA-001,1,C12-AA-001,1.0,0.9943885207176208,0.9995359150090691,0.9995359150090691,1,0,0,0,1,1,1,1,0,0
09-experiments/results/m3star_measured_replay_prefeedback_c11_c12_v0.6,C12-witfoo-precinct6-f10c7270,stage,0.6,11,1,C12-AA-002,1.0,C12-AA-003,C12-AA-002,0,,,,,,0,0,0,0,1,1,0,1,0,0
09-experiments/results/m3star_measured_replay_prefeedback_c11_c12_v0.6,C12-witfoo-precinct6-f10c7270,stage,0.6,23,0,C12-AA-001,1.0,C12-AA-001,C12-AA-001,1,C12-AA-001,1.0,0.9943885207176208,0.9995359150090691,0.9995359150090691,1,0,0,0,1,1,1,1,0,0
09-experiments/results/m3star_measured_replay_prefeedback_c11_c12_v0.6,C12-witfoo-precinct6-f10c7270,stage,0.6,23,1,C12-AA-002,1.0,C12-AA-003,C12-AA-002,0,,,,,,0,0,0,0,1,1,0,1,0,0
09-experiments/results/m3star_measured_replay_prefeedback_c11_c12_v0.6,C12-witfoo-precinct6-f10c7270,stage,0.6,37,0,C12-AA-001,1.0,C12-AA-001,C12-AA-001,1,C12-AA-001,1.0,0.9943885207176208,0.9995359150090691,0.9995359150090691,1,0,0,0,1,1,1,1,0,0
09-experiments/results/m3star_measured_replay_prefeedback_c11_c12_v0.6,C12-witfoo-precinct6-f10c7270,stage,0.6,37,1,C12-AA-002,1.0,C12-AA-003,C12-AA-002,0,,,,,,0,0,0,0,1,1,0,1,0,0
09-experiments/results/m3star_measured_replay_prefeedback_c11_c12_v0.6,C12-witfoo-precinct6-f10c7270,stage,0.6,41,0,C12-AA-001,1.0,C12-AA-001,C12-AA-001,1,C12-AA-001,1.0,0.9943885207176208,0.9995359150090691,0.9995359150090691,1,0,0,0,1,1,1,1,0,0
09-experiments/results/m3star_measured_replay_prefeedback_c11_c12_v0.6,C12-witfoo-precinct6-f10c7270,stage,0.6,41,1,C12-AA-002,1.0,C12-AA-003,C12-AA-002,0,,,,,,0,0,0,0,1,1,0,1,0,0
09-experiments/results/m3star_measured_replay_prefeedback_c11_c12_v0.6,C12-witfoo-precinct6-f10c7270,stage,0.6,53,0,C12-AA-001,1.0,C12-AA-001,C12-AA-001,1,C12-AA-001,1.0,0.9943885207176208,0.9995359150090691,0.9995359150090691,1,0,0,0,1,1,1,1,0,0
09-experiments/results/m3star_measured_replay_prefeedback_c11_c12_v0.6,C12-witfoo-precinct6-f10c7270,stage,0.6,53,1,C12-AA-002,1.0,C12-AA-003,C12-AA-002,0,,,,,,0,0,0,0,1,1,0,1,0,0
09-experiments/results/m3star_measured_replay_prefeedback_c11_c12_v0.6,C12-witfoo-precinct6-f10c7270,discriminative,0.6,11,0,C12-AA-001,1.0,C12-AA-001,C12-AA-001,1,C12-AA-001,1.0,0.9943885207176208,0.9995359150090691,0.9995359150090691,1,0,0,0,1,1,1,1,0,0
09-experiments/results/m3star_measured_replay_prefeedback_c11_c12_v0.6,C12-witfoo-precinct6-f10c7270,discriminative,0.6,11,1,C12-AA-002,1.0,C12-AA-003,C12-AA-002,0,,,,,,0,0,0,0,1,1,0,1,0,0
09-experiments/results/m3star_measured_replay_prefeedback_c11_c12_v0.6,C12-witfoo-precinct6-f10c7270,discriminative,0.6,23,0,C12-AA-001,1.0,C12-AA-001,C12-AA-001,1,C12-AA-001,1.0,0.9943885207176208,0.9995359150090691,0.9995359150090691,1,0,0,0,1,1,1,1,0,0
09-experiments/results/m3star_measured_replay_prefeedback_c11_c12_v0.6,C12-witfoo-precinct6-f10c7270,discriminative,0.6,23,1,C12-AA-002,1.0,C12-AA-003,C12-AA-002,0,,,,,,0,0,0,0,1,1,0,1,0,0
09-experiments/results/m3star_measured_replay_prefeedback_c11_c12_v0.6,C12-witfoo-precinct6-f10c7270,discriminative,0.6,37,0,C12-AA-001,1.0,C12-AA-001,C12-AA-001,1,C12-AA-001,1.0,0.9943885207176208,0.9995359150090691,0.9995359150090691,1,0,0,0,1,1,1,1,0,0
09-experiments/results/m3star_measured_replay_prefeedback_c11_c12_v0.6,C12-witfoo-precinct6-f10c7270,discriminative,0.6,37,1,C12-AA-002,1.0,C12-AA-003,C12-AA-002,0,,,,,,0,0,0,0,1,1,0,1,0,0
09-experiments/results/m3star_measured_replay_prefeedback_c11_c12_v0.6,C12-witfoo-precinct6-f10c7270,discriminative,0.6,41,0,C12-AA-001,1.0,C12-AA-001,C12-AA-001,1,C12-AA-001,1.0,0.9943885207176208,0.9995359150090691,0.9995359150090691,1,0,0,0,1,1,1,1,0,0
09-experiments/results/m3star_measured_replay_prefeedback_c11_c12_v0.6,C12-witfoo-precinct6-f10c7270,discriminative,0.6,41,1,C12-AA-002,1.0,C12-AA-003,C12-AA-002,0,,,,,,0,0,0,0,1,1,0,1,0,0
09-experiments/results/m3star_measured_replay_prefeedback_c11_c12_v0.6,C12-witfoo-precinct6-f10c7270,discriminative,0.6,53,0,C12-AA-001,1.0,C12-AA-001,C12-AA-001,1,C12-AA-001,1.0,0.9943885207176208,0.9995359150090691,0.9995359150090691,1,0,0,0,1,1,1,1,0,0
09-experiments/results/m3star_measured_replay_prefeedback_c11_c12_v0.6,C12-witfoo-precinct6-f10c7270,discriminative,0.6,53,1,C12-AA-002,1.0,C12-AA-003,C12-AA-002,0,,,,,,0,0,0,0,1,1,0,1,0,0
