case_id,mask_strategy,mask_intensity,seed,planner,reached_target,cost_to_target,steps_to_target,actions_taken,budget_used,cost_regret_vs_oracle,oracle_top1_action_hit,premature_stop,ceiling_violation,action_cost_model_family,action_reachability_model_family,action_value_model_family,budget_total,correct_degrade_stop,correct_stop,correct_target_stop,dominance_substitution_count,evaluation_partition,expert_consensus_substitution_count,explicit_stop,final_critical_gap_count,final_edge_coverage,final_granularity,final_node_coverage,head_pareto_filter_count,initial_direct_over_attribution,initial_granularity,initial_hidden_claims,justified_degrade_stop,m3star_myopic_safety_shield,m3star_requested_horizon,m3star_stochastic_dominance_shield,m3star_uses_action_value,m3star_uses_policy_expert_consensus,max_explicit_outcomes,max_outcome_nodes,myopic_safety_shield,oracle_cost_to_target,oracle_top1_action_id,overlap_waste_cost,policy_expert_consensus_enabled,recovered_claims,runtime_contract_id,runtime_contract_sha256,runtime_contract_version,steps_taken,stochastic_dominance_shield,support_ceiling,target_granularity,transition_model_family,zero_yield_actions
C07-darpa-e5-theia-0515,random,0.2,11,project05_m3star_h3_dual,1,0.0,0,,0.0,0.0,0,0,0,m3star_graph_action_value_xgboost_v0.3,m3star_graph_action_reachability_xgboost_v0.1,m3star_graph_action_value_xgboost_v0.3,9.0,0,1,1,0,development,0,0,0,1.0,G3_campaign,1.0,0,0,G3_campaign,1,0,1,3,1,1,1,,8,1,0.0,,0.0,1,0,project05-m3star-runtime-contract-v0.8,e1d6d08bf93f3ff400361ad947d95002dcf97cc68957c58c831e6a4fdb5c2953,0.8.0,0,1,G3_campaign,G3_campaign,m3star_graph_transition_xgboost_v0.1,0
C07-darpa-e5-theia-0515,random,0.2,11,project05_m3star_h3_no_dominance_dual,1,0.0,0,,0.0,0.0,0,0,0,m3star_graph_action_value_xgboost_v0.3,m3star_graph_action_reachability_xgboost_v0.1,m3star_graph_action_value_xgboost_v0.3,9.0,0,1,1,0,development,0,0,0,1.0,G3_campaign,1.0,0,0,G3_campaign,1,0,1,3,0,1,0,,8,1,0.0,,0.0,0,0,project05-m3star-runtime-contract-v0.8,e1d6d08bf93f3ff400361ad947d95002dcf97cc68957c58c831e6a4fdb5c2953,0.8.0,0,0,G3_campaign,G3_campaign,m3star_graph_transition_xgboost_v0.1,0
C07-darpa-e5-theia-0515,random,0.2,11,project05_m3star_h3_unshielded_dual,1,0.0,0,,0.0,0.0,0,0,0,m3star_graph_action_value_xgboost_v0.3,m3star_graph_action_reachability_xgboost_v0.1,m3star_graph_action_value_xgboost_v0.3,9.0,0,1,1,0,development,0,0,0,1.0,G3_campaign,1.0,0,0,G3_campaign,1,0,0,3,1,1,0,,8,0,0.0,,0.0,0,0,project05-m3star-runtime-contract-v0.8,e1d6d08bf93f3ff400361ad947d95002dcf97cc68957c58c831e6a4fdb5c2953,0.8.0,0,1,G3_campaign,G3_campaign,m3star_graph_transition_xgboost_v0.1,0
C07-darpa-e5-theia-0515,random,0.2,11,project05_m3star_h3_transition_only,1,0.0,0,,0.0,0.0,0,0,0,none,none,none,9.0,0,1,1,0,development,0,0,0,1.0,G3_campaign,1.0,0,0,G3_campaign,1,0,1,3,1,0,0,,8,1,0.0,,0.0,0,0,project05-m3star-runtime-contract-v0.8,e1d6d08bf93f3ff400361ad947d95002dcf97cc68957c58c831e6a4fdb5c2953,0.8.0,0,1,G3_campaign,G3_campaign,m3star_graph_transition_xgboost_v0.1,0
C07-darpa-e5-theia-0515,random,0.2,11,project05_m3star_h1_dual,1,0.0,0,,0.0,0.0,0,0,0,m3star_graph_action_value_xgboost_v0.3,m3star_graph_action_reachability_xgboost_v0.1,m3star_graph_action_value_xgboost_v0.3,9.0,0,1,1,0,development,0,0,0,1.0,G3_campaign,1.0,0,0,G3_campaign,1,0,1,1,1,1,0,,8,1,0.0,,0.0,0,0,project05-m3star-runtime-contract-v0.8,e1d6d08bf93f3ff400361ad947d95002dcf97cc68957c58c831e6a4fdb5c2953,0.8.0,0,1,G3_campaign,G3_campaign,m3star_graph_transition_xgboost_v0.1,0
C07-darpa-e5-theia-0515,random,0.2,11,project05_xgboost_policy,1,0.0,0,,0.0,0.0,0,0,0,,,,9.0,0,1,1,,development,,0,0,1.0,G3_campaign,1.0,,0,G3_campaign,1,0,,,,,,,,,0.0,,0.0,,0,,,,0,,G3_campaign,G3_campaign,,0
C07-darpa-e5-theia-0515,random,0.2,11,project05_m3b_policy,1,0.0,0,,0.0,0.0,0,0,0,,,,9.0,0,1,1,,development,,0,0,1.0,G3_campaign,1.0,,0,G3_campaign,1,0,,,,,,,,,0.0,,0.0,,0,,,,0,,G3_campaign,G3_campaign,,0
C07-darpa-e5-theia-0515,random,0.2,11,project05_m2,1,0.0,0,,0.0,0.0,0,0,0,,,,9.0,0,1,1,,development,,0,0,1.0,G3_campaign,1.0,,0,G3_campaign,1,0,,,,,,,,,0.0,,0.0,,0,,,,0,,G3_campaign,G3_campaign,,0
C07-darpa-e5-theia-0515,random,0.2,11,oracle_optimal,1,0.0,0,,0.0,0.0,0,0,0,,,,9.0,0,1,1,,development,,0,0,1.0,G3_campaign,1.0,,0,G3_campaign,1,0,,,,,,,,,0.0,,0.0,,0,,,,0,,G3_campaign,G3_campaign,,0
C07-darpa-e5-theia-0515,random,0.2,23,project05_m3star_h3_dual,1,2.0,1,C07-AA-004,2.0,0.0,1,0,0,m3star_graph_action_value_xgboost_v0.3,m3star_graph_action_reachability_xgboost_v0.1,m3star_graph_action_value_xgboost_v0.3,9.0,0,1,1,0,development,0,0,0,1.0,G3_campaign,1.0,2,1,G2_tactic_intent,1,0,1,3,1,1,1,,8,1,2.0,C07-AA-004,0.0,1,1,project05-m3star-runtime-contract-v0.8,e1d6d08bf93f3ff400361ad947d95002dcf97cc68957c58c831e6a4fdb5c2953,0.8.0,1,1,G3_campaign,G3_campaign,m3star_graph_transition_xgboost_v0.1,0
C07-darpa-e5-theia-0515,random,0.2,23,project05_m3star_h3_no_dominance_dual,1,2.0,1,C07-AA-004,2.0,0.0,1,0,0,m3star_graph_action_value_xgboost_v0.3,m3star_graph_action_reachability_xgboost_v0.1,m3star_graph_action_value_xgboost_v0.3,9.0,0,1,1,0,development,0,0,0,1.0,G3_campaign,1.0,2,1,G2_tactic_intent,1,0,1,3,0,1,0,,8,1,2.0,C07-AA-004,0.0,0,1,project05-m3star-runtime-contract-v0.8,e1d6d08bf93f3ff400361ad947d95002dcf97cc68957c58c831e6a4fdb5c2953,0.8.0,1,0,G3_campaign,G3_campaign,m3star_graph_transition_xgboost_v0.1,0
C07-darpa-e5-theia-0515,random,0.2,23,project05_m3star_h3_unshielded_dual,1,3.0,2,C07-AA-003|C07-AA-004,3.0,1.0,0,0,0,m3star_graph_action_value_xgboost_v0.3,m3star_graph_action_reachability_xgboost_v0.1,m3star_graph_action_value_xgboost_v0.3,9.0,0,1,1,0,development,0,0,0,1.0,G3_campaign,1.0,1,1,G2_tactic_intent,1,0,0,3,1,1,0,,8,0,2.0,C07-AA-004,0.2222,0,1,project05-m3star-runtime-contract-v0.8,e1d6d08bf93f3ff400361ad947d95002dcf97cc68957c58c831e6a4fdb5c2953,0.8.0,2,1,G3_campaign,G3_campaign,m3star_graph_transition_xgboost_v0.1,1
C07-darpa-e5-theia-0515,random,0.2,23,project05_m3star_h3_transition_only,1,2.0,1,C07-AA-004,2.0,0.0,1,0,0,none,none,none,9.0,0,1,1,0,development,0,0,0,1.0,G3_campaign,1.0,0,1,G2_tactic_intent,1,0,1,3,1,0,0,,8,1,2.0,C07-AA-004,0.0,0,1,project05-m3star-runtime-contract-v0.8,e1d6d08bf93f3ff400361ad947d95002dcf97cc68957c58c831e6a4fdb5c2953,0.8.0,1,1,G3_campaign,G3_campaign,m3star_graph_transition_xgboost_v0.1,0
C07-darpa-e5-theia-0515,random,0.2,23,project05_m3star_h1_dual,1,2.0,1,C07-AA-004,2.0,0.0,1,0,0,m3star_graph_action_value_xgboost_v0.3,m3star_graph_action_reachability_xgboost_v0.1,m3star_graph_action_value_xgboost_v0.3,9.0,0,1,1,0,development,0,0,0,1.0,G3_campaign,1.0,2,1,G2_tactic_intent,1,0,1,1,1,1,0,,8,1,2.0,C07-AA-004,0.0,0,1,project05-m3star-runtime-contract-v0.8,e1d6d08bf93f3ff400361ad947d95002dcf97cc68957c58c831e6a4fdb5c2953,0.8.0,1,1,G3_campaign,G3_campaign,m3star_graph_transition_xgboost_v0.1,0
C07-darpa-e5-theia-0515,random,0.2,23,project05_xgboost_policy,1,3.0,2,C07-AA-003|C07-AA-004,3.0,1.0,0,0,0,,,,9.0,0,1,1,,development,,0,0,1.0,G3_campaign,1.0,,1,G2_tactic_intent,1,0,,,,,,,,,2.0,C07-AA-004,0.2222,,1,,,,2,,G3_campaign,G3_campaign,,1
C07-darpa-e5-theia-0515,random,0.2,23,project05_m3b_policy,1,3.0,2,C07-AA-003|C07-AA-004,3.0,1.0,0,0,0,,,,9.0,0,1,1,,development,,0,0,1.0,G3_campaign,1.0,,1,G2_tactic_intent,1,0,,,,,,,,,2.0,C07-AA-004,0.2222,,1,,,,2,,G3_campaign,G3_campaign,,1
C07-darpa-e5-theia-0515,random,0.2,23,project05_m2,1,2.0,1,C07-AA-004,2.0,0.0,1,0,0,,,,9.0,0,1,1,,development,,0,0,1.0,G3_campaign,1.0,,1,G2_tactic_intent,1,0,,,,,,,,,2.0,C07-AA-004,0.0,,1,,,,1,,G3_campaign,G3_campaign,,0
C07-darpa-e5-theia-0515,random,0.2,23,oracle_optimal,1,2.0,1,C07-AA-004,2.0,0.0,1,0,0,,,,9.0,0,1,1,,development,,0,0,1.0,G3_campaign,1.0,,1,G2_tactic_intent,1,0,,,,,,,,,2.0,C07-AA-004,0.0,,1,,,,1,,G3_campaign,G3_campaign,,0
C07-darpa-e5-theia-0515,random,0.2,37,project05_m3star_h3_dual,1,0.0,0,,0.0,0.0,0,0,0,m3star_graph_action_value_xgboost_v0.3,m3star_graph_action_reachability_xgboost_v0.1,m3star_graph_action_value_xgboost_v0.3,9.0,0,1,1,0,development,0,0,0,1.0,G3_campaign,1.0,0,0,G3_campaign,1,0,1,3,1,1,1,,8,1,0.0,,0.0,1,0,project05-m3star-runtime-contract-v0.8,e1d6d08bf93f3ff400361ad947d95002dcf97cc68957c58c831e6a4fdb5c2953,0.8.0,0,1,G3_campaign,G3_campaign,m3star_graph_transition_xgboost_v0.1,0
C07-darpa-e5-theia-0515,random,0.2,37,project05_m3star_h3_no_dominance_dual,1,0.0,0,,0.0,0.0,0,0,0,m3star_graph_action_value_xgboost_v0.3,m3star_graph_action_reachability_xgboost_v0.1,m3star_graph_action_value_xgboost_v0.3,9.0,0,1,1,0,development,0,0,0,1.0,G3_campaign,1.0,0,0,G3_campaign,1,0,1,3,0,1,0,,8,1,0.0,,0.0,0,0,project05-m3star-runtime-contract-v0.8,e1d6d08bf93f3ff400361ad947d95002dcf97cc68957c58c831e6a4fdb5c2953,0.8.0,0,0,G3_campaign,G3_campaign,m3star_graph_transition_xgboost_v0.1,0
C07-darpa-e5-theia-0515,random,0.2,37,project05_m3star_h3_unshielded_dual,1,0.0,0,,0.0,0.0,0,0,0,m3star_graph_action_value_xgboost_v0.3,m3star_graph_action_reachability_xgboost_v0.1,m3star_graph_action_value_xgboost_v0.3,9.0,0,1,1,0,development,0,0,0,1.0,G3_campaign,1.0,0,0,G3_campaign,1,0,0,3,1,1,0,,8,0,0.0,,0.0,0,0,project05-m3star-runtime-contract-v0.8,e1d6d08bf93f3ff400361ad947d95002dcf97cc68957c58c831e6a4fdb5c2953,0.8.0,0,1,G3_campaign,G3_campaign,m3star_graph_transition_xgboost_v0.1,0
C07-darpa-e5-theia-0515,random,0.2,37,project05_m3star_h3_transition_only,1,0.0,0,,0.0,0.0,0,0,0,none,none,none,9.0,0,1,1,0,development,0,0,0,1.0,G3_campaign,1.0,0,0,G3_campaign,1,0,1,3,1,0,0,,8,1,0.0,,0.0,0,0,project05-m3star-runtime-contract-v0.8,e1d6d08bf93f3ff400361ad947d95002dcf97cc68957c58c831e6a4fdb5c2953,0.8.0,0,1,G3_campaign,G3_campaign,m3star_graph_transition_xgboost_v0.1,0
C07-darpa-e5-theia-0515,random,0.2,37,project05_m3star_h1_dual,1,0.0,0,,0.0,0.0,0,0,0,m3star_graph_action_value_xgboost_v0.3,m3star_graph_action_reachability_xgboost_v0.1,m3star_graph_action_value_xgboost_v0.3,9.0,0,1,1,0,development,0,0,0,1.0,G3_campaign,1.0,0,0,G3_campaign,1,0,1,1,1,1,0,,8,1,0.0,,0.0,0,0,project05-m3star-runtime-contract-v0.8,e1d6d08bf93f3ff400361ad947d95002dcf97cc68957c58c831e6a4fdb5c2953,0.8.0,0,1,G3_campaign,G3_campaign,m3star_graph_transition_xgboost_v0.1,0
C07-darpa-e5-theia-0515,random,0.2,37,project05_xgboost_policy,1,0.0,0,,0.0,0.0,0,0,0,,,,9.0,0,1,1,,development,,0,0,1.0,G3_campaign,1.0,,0,G3_campaign,1,0,,,,,,,,,0.0,,0.0,,0,,,,0,,G3_campaign,G3_campaign,,0
C07-darpa-e5-theia-0515,random,0.2,37,project05_m3b_policy,1,0.0,0,,0.0,0.0,0,0,0,,,,9.0,0,1,1,,development,,0,0,1.0,G3_campaign,1.0,,0,G3_campaign,1,0,,,,,,,,,0.0,,0.0,,0,,,,0,,G3_campaign,G3_campaign,,0
C07-darpa-e5-theia-0515,random,0.2,37,project05_m2,1,0.0,0,,0.0,0.0,0,0,0,,,,9.0,0,1,1,,development,,0,0,1.0,G3_campaign,1.0,,0,G3_campaign,1,0,,,,,,,,,0.0,,0.0,,0,,,,0,,G3_campaign,G3_campaign,,0
C07-darpa-e5-theia-0515,random,0.2,37,oracle_optimal,1,0.0,0,,0.0,0.0,0,0,0,,,,9.0,0,1,1,,development,,0,0,1.0,G3_campaign,1.0,,0,G3_campaign,1,0,,,,,,,,,0.0,,0.0,,0,,,,0,,G3_campaign,G3_campaign,,0
C07-darpa-e5-theia-0515,random,0.2,41,project05_m3star_h3_dual,1,0.0,0,,0.0,0.0,0,0,0,m3star_graph_action_value_xgboost_v0.3,m3star_graph_action_reachability_xgboost_v0.1,m3star_graph_action_value_xgboost_v0.3,9.0,0,1,1,0,development,0,0,0,1.0,G3_campaign,1.0,0,0,G3_campaign,1,0,1,3,1,1,1,,8,1,0.0,,0.0,1,0,project05-m3star-runtime-contract-v0.8,e1d6d08bf93f3ff400361ad947d95002dcf97cc68957c58c831e6a4fdb5c2953,0.8.0,0,1,G3_campaign,G3_campaign,m3star_graph_transition_xgboost_v0.1,0
C07-darpa-e5-theia-0515,random,0.2,41,project05_m3star_h3_no_dominance_dual,1,0.0,0,,0.0,0.0,0,0,0,m3star_graph_action_value_xgboost_v0.3,m3star_graph_action_reachability_xgboost_v0.1,m3star_graph_action_value_xgboost_v0.3,9.0,0,1,1,0,development,0,0,0,1.0,G3_campaign,1.0,0,0,G3_campaign,1,0,1,3,0,1,0,,8,1,0.0,,0.0,0,0,project05-m3star-runtime-contract-v0.8,e1d6d08bf93f3ff400361ad947d95002dcf97cc68957c58c831e6a4fdb5c2953,0.8.0,0,0,G3_campaign,G3_campaign,m3star_graph_transition_xgboost_v0.1,0
C07-darpa-e5-theia-0515,random,0.2,41,project05_m3star_h3_unshielded_dual,1,0.0,0,,0.0,0.0,0,0,0,m3star_graph_action_value_xgboost_v0.3,m3star_graph_action_reachability_xgboost_v0.1,m3star_graph_action_value_xgboost_v0.3,9.0,0,1,1,0,development,0,0,0,1.0,G3_campaign,1.0,0,0,G3_campaign,1,0,0,3,1,1,0,,8,0,0.0,,0.0,0,0,project05-m3star-runtime-contract-v0.8,e1d6d08bf93f3ff400361ad947d95002dcf97cc68957c58c831e6a4fdb5c2953,0.8.0,0,1,G3_campaign,G3_campaign,m3star_graph_transition_xgboost_v0.1,0
C07-darpa-e5-theia-0515,random,0.2,41,project05_m3star_h3_transition_only,1,0.0,0,,0.0,0.0,0,0,0,none,none,none,9.0,0,1,1,0,development,0,0,0,1.0,G3_campaign,1.0,0,0,G3_campaign,1,0,1,3,1,0,0,,8,1,0.0,,0.0,0,0,project05-m3star-runtime-contract-v0.8,e1d6d08bf93f3ff400361ad947d95002dcf97cc68957c58c831e6a4fdb5c2953,0.8.0,0,1,G3_campaign,G3_campaign,m3star_graph_transition_xgboost_v0.1,0
C07-darpa-e5-theia-0515,random,0.2,41,project05_m3star_h1_dual,1,0.0,0,,0.0,0.0,0,0,0,m3star_graph_action_value_xgboost_v0.3,m3star_graph_action_reachability_xgboost_v0.1,m3star_graph_action_value_xgboost_v0.3,9.0,0,1,1,0,development,0,0,0,1.0,G3_campaign,1.0,0,0,G3_campaign,1,0,1,1,1,1,0,,8,1,0.0,,0.0,0,0,project05-m3star-runtime-contract-v0.8,e1d6d08bf93f3ff400361ad947d95002dcf97cc68957c58c831e6a4fdb5c2953,0.8.0,0,1,G3_campaign,G3_campaign,m3star_graph_transition_xgboost_v0.1,0
C07-darpa-e5-theia-0515,random,0.2,41,project05_xgboost_policy,1,0.0,0,,0.0,0.0,0,0,0,,,,9.0,0,1,1,,development,,0,0,1.0,G3_campaign,1.0,,0,G3_campaign,1,0,,,,,,,,,0.0,,0.0,,0,,,,0,,G3_campaign,G3_campaign,,0
C07-darpa-e5-theia-0515,random,0.2,41,project05_m3b_policy,1,0.0,0,,0.0,0.0,0,0,0,,,,9.0,0,1,1,,development,,0,0,1.0,G3_campaign,1.0,,0,G3_campaign,1,0,,,,,,,,,0.0,,0.0,,0,,,,0,,G3_campaign,G3_campaign,,0
C07-darpa-e5-theia-0515,random,0.2,41,project05_m2,1,0.0,0,,0.0,0.0,0,0,0,,,,9.0,0,1,1,,development,,0,0,1.0,G3_campaign,1.0,,0,G3_campaign,1,0,,,,,,,,,0.0,,0.0,,0,,,,0,,G3_campaign,G3_campaign,,0
C07-darpa-e5-theia-0515,random,0.2,41,oracle_optimal,1,0.0,0,,0.0,0.0,0,0,0,,,,9.0,0,1,1,,development,,0,0,1.0,G3_campaign,1.0,,0,G3_campaign,1,0,,,,,,,,,0.0,,0.0,,0,,,,0,,G3_campaign,G3_campaign,,0
C07-darpa-e5-theia-0515,random,0.2,53,project05_m3star_h3_dual,1,0.0,0,,0.0,0.0,0,0,0,m3star_graph_action_value_xgboost_v0.3,m3star_graph_action_reachability_xgboost_v0.1,m3star_graph_action_value_xgboost_v0.3,9.0,0,1,1,0,development,0,0,0,1.0,G3_campaign,1.0,0,0,G3_campaign,1,0,1,3,1,1,1,,8,1,0.0,,0.0,1,0,project05-m3star-runtime-contract-v0.8,e1d6d08bf93f3ff400361ad947d95002dcf97cc68957c58c831e6a4fdb5c2953,0.8.0,0,1,G3_campaign,G3_campaign,m3star_graph_transition_xgboost_v0.1,0
C07-darpa-e5-theia-0515,random,0.2,53,project05_m3star_h3_no_dominance_dual,1,0.0,0,,0.0,0.0,0,0,0,m3star_graph_action_value_xgboost_v0.3,m3star_graph_action_reachability_xgboost_v0.1,m3star_graph_action_value_xgboost_v0.3,9.0,0,1,1,0,development,0,0,0,1.0,G3_campaign,1.0,0,0,G3_campaign,1,0,1,3,0,1,0,,8,1,0.0,,0.0,0,0,project05-m3star-runtime-contract-v0.8,e1d6d08bf93f3ff400361ad947d95002dcf97cc68957c58c831e6a4fdb5c2953,0.8.0,0,0,G3_campaign,G3_campaign,m3star_graph_transition_xgboost_v0.1,0
C07-darpa-e5-theia-0515,random,0.2,53,project05_m3star_h3_unshielded_dual,1,0.0,0,,0.0,0.0,0,0,0,m3star_graph_action_value_xgboost_v0.3,m3star_graph_action_reachability_xgboost_v0.1,m3star_graph_action_value_xgboost_v0.3,9.0,0,1,1,0,development,0,0,0,1.0,G3_campaign,1.0,0,0,G3_campaign,1,0,0,3,1,1,0,,8,0,0.0,,0.0,0,0,project05-m3star-runtime-contract-v0.8,e1d6d08bf93f3ff400361ad947d95002dcf97cc68957c58c831e6a4fdb5c2953,0.8.0,0,1,G3_campaign,G3_campaign,m3star_graph_transition_xgboost_v0.1,0
C07-darpa-e5-theia-0515,random,0.2,53,project05_m3star_h3_transition_only,1,0.0,0,,0.0,0.0,0,0,0,none,none,none,9.0,0,1,1,0,development,0,0,0,1.0,G3_campaign,1.0,0,0,G3_campaign,1,0,1,3,1,0,0,,8,1,0.0,,0.0,0,0,project05-m3star-runtime-contract-v0.8,e1d6d08bf93f3ff400361ad947d95002dcf97cc68957c58c831e6a4fdb5c2953,0.8.0,0,1,G3_campaign,G3_campaign,m3star_graph_transition_xgboost_v0.1,0
C07-darpa-e5-theia-0515,random,0.2,53,project05_m3star_h1_dual,1,0.0,0,,0.0,0.0,0,0,0,m3star_graph_action_value_xgboost_v0.3,m3star_graph_action_reachability_xgboost_v0.1,m3star_graph_action_value_xgboost_v0.3,9.0,0,1,1,0,development,0,0,0,1.0,G3_campaign,1.0,0,0,G3_campaign,1,0,1,1,1,1,0,,8,1,0.0,,0.0,0,0,project05-m3star-runtime-contract-v0.8,e1d6d08bf93f3ff400361ad947d95002dcf97cc68957c58c831e6a4fdb5c2953,0.8.0,0,1,G3_campaign,G3_campaign,m3star_graph_transition_xgboost_v0.1,0
C07-darpa-e5-theia-0515,random,0.2,53,project05_xgboost_policy,1,0.0,0,,0.0,0.0,0,0,0,,,,9.0,0,1,1,,development,,0,0,1.0,G3_campaign,1.0,,0,G3_campaign,1,0,,,,,,,,,0.0,,0.0,,0,,,,0,,G3_campaign,G3_campaign,,0
C07-darpa-e5-theia-0515,random,0.2,53,project05_m3b_policy,1,0.0,0,,0.0,0.0,0,0,0,,,,9.0,0,1,1,,development,,0,0,1.0,G3_campaign,1.0,,0,G3_campaign,1,0,,,,,,,,,0.0,,0.0,,0,,,,0,,G3_campaign,G3_campaign,,0
C07-darpa-e5-theia-0515,random,0.2,53,project05_m2,1,0.0,0,,0.0,0.0,0,0,0,,,,9.0,0,1,1,,development,,0,0,1.0,G3_campaign,1.0,,0,G3_campaign,1,0,,,,,,,,,0.0,,0.0,,0,,,,0,,G3_campaign,G3_campaign,,0
C07-darpa-e5-theia-0515,random,0.2,53,oracle_optimal,1,0.0,0,,0.0,0.0,0,0,0,,,,9.0,0,1,1,,development,,0,0,1.0,G3_campaign,1.0,,0,G3_campaign,1,0,,,,,,,,,0.0,,0.0,,0,,,,0,,G3_campaign,G3_campaign,,0
C07-darpa-e5-theia-0515,random,0.4,11,project05_m3star_h3_dual,1,0.0,0,,0.0,0.0,0,0,0,m3star_graph_action_value_xgboost_v0.3,m3star_graph_action_reachability_xgboost_v0.1,m3star_graph_action_value_xgboost_v0.3,9.0,0,1,1,0,development,0,0,0,1.0,G3_campaign,1.0,0,0,G3_campaign,2,0,1,3,1,1,1,,8,1,0.0,,0.0,1,0,project05-m3star-runtime-contract-v0.8,e1d6d08bf93f3ff400361ad947d95002dcf97cc68957c58c831e6a4fdb5c2953,0.8.0,0,1,G3_campaign,G3_campaign,m3star_graph_transition_xgboost_v0.1,0
C07-darpa-e5-theia-0515,random,0.4,11,project05_m3star_h3_no_dominance_dual,1,0.0,0,,0.0,0.0,0,0,0,m3star_graph_action_value_xgboost_v0.3,m3star_graph_action_reachability_xgboost_v0.1,m3star_graph_action_value_xgboost_v0.3,9.0,0,1,1,0,development,0,0,0,1.0,G3_campaign,1.0,0,0,G3_campaign,2,0,1,3,0,1,0,,8,1,0.0,,0.0,0,0,project05-m3star-runtime-contract-v0.8,e1d6d08bf93f3ff400361ad947d95002dcf97cc68957c58c831e6a4fdb5c2953,0.8.0,0,0,G3_campaign,G3_campaign,m3star_graph_transition_xgboost_v0.1,0
C07-darpa-e5-theia-0515,random,0.4,11,project05_m3star_h3_unshielded_dual,1,0.0,0,,0.0,0.0,0,0,0,m3star_graph_action_value_xgboost_v0.3,m3star_graph_action_reachability_xgboost_v0.1,m3star_graph_action_value_xgboost_v0.3,9.0,0,1,1,0,development,0,0,0,1.0,G3_campaign,1.0,0,0,G3_campaign,2,0,0,3,1,1,0,,8,0,0.0,,0.0,0,0,project05-m3star-runtime-contract-v0.8,e1d6d08bf93f3ff400361ad947d95002dcf97cc68957c58c831e6a4fdb5c2953,0.8.0,0,1,G3_campaign,G3_campaign,m3star_graph_transition_xgboost_v0.1,0
C07-darpa-e5-theia-0515,random,0.4,11,project05_m3star_h3_transition_only,1,0.0,0,,0.0,0.0,0,0,0,none,none,none,9.0,0,1,1,0,development,0,0,0,1.0,G3_campaign,1.0,0,0,G3_campaign,2,0,1,3,1,0,0,,8,1,0.0,,0.0,0,0,project05-m3star-runtime-contract-v0.8,e1d6d08bf93f3ff400361ad947d95002dcf97cc68957c58c831e6a4fdb5c2953,0.8.0,0,1,G3_campaign,G3_campaign,m3star_graph_transition_xgboost_v0.1,0
C07-darpa-e5-theia-0515,random,0.4,11,project05_m3star_h1_dual,1,0.0,0,,0.0,0.0,0,0,0,m3star_graph_action_value_xgboost_v0.3,m3star_graph_action_reachability_xgboost_v0.1,m3star_graph_action_value_xgboost_v0.3,9.0,0,1,1,0,development,0,0,0,1.0,G3_campaign,1.0,0,0,G3_campaign,2,0,1,1,1,1,0,,8,1,0.0,,0.0,0,0,project05-m3star-runtime-contract-v0.8,e1d6d08bf93f3ff400361ad947d95002dcf97cc68957c58c831e6a4fdb5c2953,0.8.0,0,1,G3_campaign,G3_campaign,m3star_graph_transition_xgboost_v0.1,0
C07-darpa-e5-theia-0515,random,0.4,11,project05_xgboost_policy,1,0.0,0,,0.0,0.0,0,0,0,,,,9.0,0,1,1,,development,,0,0,1.0,G3_campaign,1.0,,0,G3_campaign,2,0,,,,,,,,,0.0,,0.0,,0,,,,0,,G3_campaign,G3_campaign,,0
C07-darpa-e5-theia-0515,random,0.4,11,project05_m3b_policy,1,0.0,0,,0.0,0.0,0,0,0,,,,9.0,0,1,1,,development,,0,0,1.0,G3_campaign,1.0,,0,G3_campaign,2,0,,,,,,,,,0.0,,0.0,,0,,,,0,,G3_campaign,G3_campaign,,0
C07-darpa-e5-theia-0515,random,0.4,11,project05_m2,1,0.0,0,,0.0,0.0,0,0,0,,,,9.0,0,1,1,,development,,0,0,1.0,G3_campaign,1.0,,0,G3_campaign,2,0,,,,,,,,,0.0,,0.0,,0,,,,0,,G3_campaign,G3_campaign,,0
C07-darpa-e5-theia-0515,random,0.4,11,oracle_optimal,1,0.0,0,,0.0,0.0,0,0,0,,,,9.0,0,1,1,,development,,0,0,1.0,G3_campaign,1.0,,0,G3_campaign,2,0,,,,,,,,,0.0,,0.0,,0,,,,0,,G3_campaign,G3_campaign,,0
C07-darpa-e5-theia-0515,random,0.4,23,project05_m3star_h3_dual,1,5.0,3,C07-AA-004|C07-AA-001|C07-AA-002,5.0,1.0,0,0,0,m3star_graph_action_value_xgboost_v0.3,m3star_graph_action_reachability_xgboost_v0.1,m3star_graph_action_value_xgboost_v0.3,9.0,0,1,1,0,development,0,0,0,1.0,G3_campaign,1.0,1,1,G1_technique,2,0,1,3,1,1,1,,8,1,4.0,C07-AA-002,0.4444,1,2,project05-m3star-runtime-contract-v0.8,e1d6d08bf93f3ff400361ad947d95002dcf97cc68957c58c831e6a4fdb5c2953,0.8.0,3,1,G3_campaign,G3_campaign,m3star_graph_transition_xgboost_v0.1,1
C07-darpa-e5-theia-0515,random,0.4,23,project05_m3star_h3_no_dominance_dual,1,5.0,3,C07-AA-004|C07-AA-001|C07-AA-002,5.0,1.0,0,0,0,m3star_graph_action_value_xgboost_v0.3,m3star_graph_action_reachability_xgboost_v0.1,m3star_graph_action_value_xgboost_v0.3,9.0,0,1,1,0,development,0,0,0,1.0,G3_campaign,1.0,1,1,G1_technique,2,0,1,3,0,1,0,,8,1,4.0,C07-AA-002,0.4444,0,2,project05-m3star-runtime-contract-v0.8,e1d6d08bf93f3ff400361ad947d95002dcf97cc68957c58c831e6a4fdb5c2953,0.8.0,3,0,G3_campaign,G3_campaign,m3star_graph_transition_xgboost_v0.1,1
C07-darpa-e5-theia-0515,random,0.4,23,project05_m3star_h3_unshielded_dual,1,6.0,4,C07-AA-001|C07-AA-003|C07-AA-004|C07-AA-002,6.0,2.0,0,0,0,m3star_graph_action_value_xgboost_v0.3,m3star_graph_action_reachability_xgboost_v0.1,m3star_graph_action_value_xgboost_v0.3,9.0,0,1,1,0,development,0,0,0,1.0,G3_campaign,1.0,1,1,G1_technique,2,0,0,3,1,1,0,,8,0,4.0,C07-AA-002,0.6667,0,2,project05-m3star-runtime-contract-v0.8,e1d6d08bf93f3ff400361ad947d95002dcf97cc68957c58c831e6a4fdb5c2953,0.8.0,4,1,G3_campaign,G3_campaign,m3star_graph_transition_xgboost_v0.1,2
C07-darpa-e5-theia-0515,random,0.4,23,project05_m3star_h3_transition_only,1,5.0,3,C07-AA-001|C07-AA-004|C07-AA-002,5.0,1.0,0,0,0,none,none,none,9.0,0,1,1,0,development,0,0,0,1.0,G3_campaign,1.0,0,1,G1_technique,2,0,1,3,1,0,0,,8,1,4.0,C07-AA-002,0.4444,0,2,project05-m3star-runtime-contract-v0.8,e1d6d08bf93f3ff400361ad947d95002dcf97cc68957c58c831e6a4fdb5c2953,0.8.0,3,1,G3_campaign,G3_campaign,m3star_graph_transition_xgboost_v0.1,1
C07-darpa-e5-theia-0515,random,0.4,23,project05_m3star_h1_dual,1,5.0,3,C07-AA-004|C07-AA-001|C07-AA-002,5.0,1.0,0,0,0,m3star_graph_action_value_xgboost_v0.3,m3star_graph_action_reachability_xgboost_v0.1,m3star_graph_action_value_xgboost_v0.3,9.0,0,1,1,0,development,0,0,0,1.0,G3_campaign,1.0,1,1,G1_technique,2,0,1,1,1,1,0,,8,1,4.0,C07-AA-002,0.4444,0,2,project05-m3star-runtime-contract-v0.8,e1d6d08bf93f3ff400361ad947d95002dcf97cc68957c58c831e6a4fdb5c2953,0.8.0,3,1,G3_campaign,G3_campaign,m3star_graph_transition_xgboost_v0.1,1
C07-darpa-e5-theia-0515,random,0.4,23,project05_xgboost_policy,1,5.0,3,C07-AA-002|C07-AA-003|C07-AA-004,5.0,1.0,1,0,0,,,,9.0,0,1,1,,development,,0,0,1.0,G3_campaign,1.0,,1,G1_technique,2,0,,,,,,,,,4.0,C07-AA-002,0.5444,,2,,,,3,,G3_campaign,G3_campaign,,1
C07-darpa-e5-theia-0515,random,0.4,23,project05_m3b_policy,1,6.0,4,C07-AA-001|C07-AA-003|C07-AA-002|C07-AA-004,6.0,2.0,0,0,0,,,,9.0,0,1,1,,development,,0,0,1.0,G3_campaign,1.0,,1,G1_technique,2,0,,,,,,,,,4.0,C07-AA-002,0.8889,,2,,,,4,,G3_campaign,G3_campaign,,2
C07-darpa-e5-theia-0515,random,0.4,23,project05_m2,1,5.0,3,C07-AA-001|C07-AA-002|C07-AA-004,5.0,1.0,0,0,0,,,,9.0,0,1,1,,development,,0,0,1.0,G3_campaign,1.0,,1,G1_technique,2,0,,,,,,,,,4.0,C07-AA-002,0.8889,,2,,,,3,,G3_campaign,G3_campaign,,1
C07-darpa-e5-theia-0515,random,0.4,23,oracle_optimal,1,4.0,2,C07-AA-002|C07-AA-004,4.0,0.0,1,0,0,,,,9.0,0,1,1,,development,,0,0,1.0,G3_campaign,1.0,,1,G1_technique,2,0,,,,,,,,,4.0,C07-AA-002,0.4444,,2,,,,2,,G3_campaign,G3_campaign,,0
C07-darpa-e5-theia-0515,random,0.4,37,project05_m3star_h3_dual,1,3.0,2,C07-AA-001|C07-AA-002,3.0,1.0,0,0,0,m3star_graph_action_value_xgboost_v0.3,m3star_graph_action_reachability_xgboost_v0.1,m3star_graph_action_value_xgboost_v0.3,9.0,0,1,1,0,development,0,0,0,1.0,G3_campaign,1.0,1,1,G2_tactic_intent,2,0,1,3,1,1,1,,8,1,2.0,C07-AA-002,0.4444,1,1,project05-m3star-runtime-contract-v0.8,e1d6d08bf93f3ff400361ad947d95002dcf97cc68957c58c831e6a4fdb5c2953,0.8.0,2,1,G3_campaign,G3_campaign,m3star_graph_transition_xgboost_v0.1,1
C07-darpa-e5-theia-0515,random,0.4,37,project05_m3star_h3_no_dominance_dual,1,3.0,2,C07-AA-001|C07-AA-002,3.0,1.0,0,0,0,m3star_graph_action_value_xgboost_v0.3,m3star_graph_action_reachability_xgboost_v0.1,m3star_graph_action_value_xgboost_v0.3,9.0,0,1,1,0,development,0,0,0,1.0,G3_campaign,1.0,1,1,G2_tactic_intent,2,0,1,3,0,1,0,,8,1,2.0,C07-AA-002,0.4444,0,1,project05-m3star-runtime-contract-v0.8,e1d6d08bf93f3ff400361ad947d95002dcf97cc68957c58c831e6a4fdb5c2953,0.8.0,2,0,G3_campaign,G3_campaign,m3star_graph_transition_xgboost_v0.1,1
C07-darpa-e5-theia-0515,random,0.4,37,project05_m3star_h3_unshielded_dual,1,3.0,2,C07-AA-001|C07-AA-002,3.0,1.0,0,0,0,m3star_graph_action_value_xgboost_v0.3,m3star_graph_action_reachability_xgboost_v0.1,m3star_graph_action_value_xgboost_v0.3,9.0,0,1,1,0,development,0,0,0,1.0,G3_campaign,1.0,1,1,G2_tactic_intent,2,0,0,3,1,1,0,,8,0,2.0,C07-AA-002,0.4444,0,1,project05-m3star-runtime-contract-v0.8,e1d6d08bf93f3ff400361ad947d95002dcf97cc68957c58c831e6a4fdb5c2953,0.8.0,2,1,G3_campaign,G3_campaign,m3star_graph_transition_xgboost_v0.1,1
C07-darpa-e5-theia-0515,random,0.4,37,project05_m3star_h3_transition_only,1,3.0,2,C07-AA-001|C07-AA-002,3.0,1.0,0,0,0,none,none,none,9.0,0,1,1,0,development,0,0,0,1.0,G3_campaign,1.0,0,1,G2_tactic_intent,2,0,1,3,1,0,0,,8,1,2.0,C07-AA-002,0.4444,0,1,project05-m3star-runtime-contract-v0.8,e1d6d08bf93f3ff400361ad947d95002dcf97cc68957c58c831e6a4fdb5c2953,0.8.0,2,1,G3_campaign,G3_campaign,m3star_graph_transition_xgboost_v0.1,1
C07-darpa-e5-theia-0515,random,0.4,37,project05_m3star_h1_dual,1,3.0,2,C07-AA-001|C07-AA-002,3.0,1.0,0,0,0,m3star_graph_action_value_xgboost_v0.3,m3star_graph_action_reachability_xgboost_v0.1,m3star_graph_action_value_xgboost_v0.3,9.0,0,1,1,0,development,0,0,0,1.0,G3_campaign,1.0,1,1,G2_tactic_intent,2,0,1,1,1,1,0,,8,1,2.0,C07-AA-002,0.4444,0,1,project05-m3star-runtime-contract-v0.8,e1d6d08bf93f3ff400361ad947d95002dcf97cc68957c58c831e6a4fdb5c2953,0.8.0,2,1,G3_campaign,G3_campaign,m3star_graph_transition_xgboost_v0.1,1
C07-darpa-e5-theia-0515,random,0.4,37,project05_xgboost_policy,1,2.0,1,C07-AA-002,2.0,0.0,1,0,0,,,,9.0,0,1,1,,development,,0,0,1.0,G3_campaign,1.0,,1,G2_tactic_intent,2,0,,,,,,,,,2.0,C07-AA-002,0.0,,1,,,,1,,G3_campaign,G3_campaign,,0
C07-darpa-e5-theia-0515,random,0.4,37,project05_m3b_policy,1,3.0,2,C07-AA-001|C07-AA-002,3.0,1.0,0,0,0,,,,9.0,0,1,1,,development,,0,0,1.0,G3_campaign,1.0,,1,G2_tactic_intent,2,0,,,,,,,,,2.0,C07-AA-002,0.4444,,1,,,,2,,G3_campaign,G3_campaign,,1
C07-darpa-e5-theia-0515,random,0.4,37,project05_m2,1,3.0,2,C07-AA-001|C07-AA-002,3.0,1.0,0,0,0,,,,9.0,0,1,1,,development,,0,0,1.0,G3_campaign,1.0,,1,G2_tactic_intent,2,0,,,,,,,,,2.0,C07-AA-002,0.4444,,1,,,,2,,G3_campaign,G3_campaign,,1
C07-darpa-e5-theia-0515,random,0.4,37,oracle_optimal,1,2.0,1,C07-AA-002,2.0,0.0,1,0,0,,,,9.0,0,1,1,,development,,0,0,1.0,G3_campaign,1.0,,1,G2_tactic_intent,2,0,,,,,,,,,2.0,C07-AA-002,0.0,,1,,,,1,,G3_campaign,G3_campaign,,0
C07-darpa-e5-theia-0515,random,0.4,41,project05_m3star_h3_dual,1,2.0,1,C07-AA-004,2.0,0.0,1,0,0,m3star_graph_action_value_xgboost_v0.3,m3star_graph_action_reachability_xgboost_v0.1,m3star_graph_action_value_xgboost_v0.3,9.0,0,1,1,0,development,0,0,0,1.0,G3_campaign,1.0,2,1,G2_tactic_intent,2,0,1,3,1,1,1,,8,1,2.0,C07-AA-004,0.0,1,1,project05-m3star-runtime-contract-v0.8,e1d6d08bf93f3ff400361ad947d95002dcf97cc68957c58c831e6a4fdb5c2953,0.8.0,1,1,G3_campaign,G3_campaign,m3star_graph_transition_xgboost_v0.1,0
C07-darpa-e5-theia-0515,random,0.4,41,project05_m3star_h3_no_dominance_dual,1,2.0,1,C07-AA-004,2.0,0.0,1,0,0,m3star_graph_action_value_xgboost_v0.3,m3star_graph_action_reachability_xgboost_v0.1,m3star_graph_action_value_xgboost_v0.3,9.0,0,1,1,0,development,0,0,0,1.0,G3_campaign,1.0,2,1,G2_tactic_intent,2,0,1,3,0,1,0,,8,1,2.0,C07-AA-004,0.0,0,1,project05-m3star-runtime-contract-v0.8,e1d6d08bf93f3ff400361ad947d95002dcf97cc68957c58c831e6a4fdb5c2953,0.8.0,1,0,G3_campaign,G3_campaign,m3star_graph_transition_xgboost_v0.1,0
C07-darpa-e5-theia-0515,random,0.4,41,project05_m3star_h3_unshielded_dual,1,3.0,2,C07-AA-003|C07-AA-004,3.0,1.0,0,0,0,m3star_graph_action_value_xgboost_v0.3,m3star_graph_action_reachability_xgboost_v0.1,m3star_graph_action_value_xgboost_v0.3,9.0,0,1,1,0,development,0,0,0,1.0,G3_campaign,1.0,1,1,G2_tactic_intent,2,0,0,3,1,1,0,,8,0,2.0,C07-AA-004,0.2222,0,1,project05-m3star-runtime-contract-v0.8,e1d6d08bf93f3ff400361ad947d95002dcf97cc68957c58c831e6a4fdb5c2953,0.8.0,2,1,G3_campaign,G3_campaign,m3star_graph_transition_xgboost_v0.1,1
C07-darpa-e5-theia-0515,random,0.4,41,project05_m3star_h3_transition_only,1,2.0,1,C07-AA-004,2.0,0.0,1,0,0,none,none,none,9.0,0,1,1,0,development,0,0,0,1.0,G3_campaign,1.0,0,1,G2_tactic_intent,2,0,1,3,1,0,0,,8,1,2.0,C07-AA-004,0.0,0,1,project05-m3star-runtime-contract-v0.8,e1d6d08bf93f3ff400361ad947d95002dcf97cc68957c58c831e6a4fdb5c2953,0.8.0,1,1,G3_campaign,G3_campaign,m3star_graph_transition_xgboost_v0.1,0
C07-darpa-e5-theia-0515,random,0.4,41,project05_m3star_h1_dual,1,2.0,1,C07-AA-004,2.0,0.0,1,0,0,m3star_graph_action_value_xgboost_v0.3,m3star_graph_action_reachability_xgboost_v0.1,m3star_graph_action_value_xgboost_v0.3,9.0,0,1,1,0,development,0,0,0,1.0,G3_campaign,1.0,2,1,G2_tactic_intent,2,0,1,1,1,1,0,,8,1,2.0,C07-AA-004,0.0,0,1,project05-m3star-runtime-contract-v0.8,e1d6d08bf93f3ff400361ad947d95002dcf97cc68957c58c831e6a4fdb5c2953,0.8.0,1,1,G3_campaign,G3_campaign,m3star_graph_transition_xgboost_v0.1,0
C07-darpa-e5-theia-0515,random,0.4,41,project05_xgboost_policy,1,3.0,2,C07-AA-003|C07-AA-004,3.0,1.0,0,0,0,,,,9.0,0,1,1,,development,,0,0,1.0,G3_campaign,1.0,,1,G2_tactic_intent,2,0,,,,,,,,,2.0,C07-AA-004,0.2222,,1,,,,2,,G3_campaign,G3_campaign,,1
C07-darpa-e5-theia-0515,random,0.4,41,project05_m3b_policy,1,3.0,2,C07-AA-003|C07-AA-004,3.0,1.0,0,0,0,,,,9.0,0,1,1,,development,,0,0,1.0,G3_campaign,1.0,,1,G2_tactic_intent,2,0,,,,,,,,,2.0,C07-AA-004,0.2222,,1,,,,2,,G3_campaign,G3_campaign,,1
C07-darpa-e5-theia-0515,random,0.4,41,project05_m2,1,2.0,1,C07-AA-004,2.0,0.0,1,0,0,,,,9.0,0,1,1,,development,,0,0,1.0,G3_campaign,1.0,,1,G2_tactic_intent,2,0,,,,,,,,,2.0,C07-AA-004,0.0,,1,,,,1,,G3_campaign,G3_campaign,,0
C07-darpa-e5-theia-0515,random,0.4,41,oracle_optimal,1,2.0,1,C07-AA-004,2.0,0.0,1,0,0,,,,9.0,0,1,1,,development,,0,0,1.0,G3_campaign,1.0,,1,G2_tactic_intent,2,0,,,,,,,,,2.0,C07-AA-004,0.0,,1,,,,1,,G3_campaign,G3_campaign,,0
C07-darpa-e5-theia-0515,random,0.4,53,project05_m3star_h3_dual,1,1.0,1,C07-AA-003,1.0,0.0,1,0,0,m3star_graph_action_value_xgboost_v0.3,m3star_graph_action_reachability_xgboost_v0.1,m3star_graph_action_value_xgboost_v0.3,9.0,0,1,1,0,development,0,0,0,1.0,G3_campaign,1.0,2,1,G2_tactic_intent,2,0,1,3,1,1,1,,8,1,1.0,C07-AA-003,0.0,1,1,project05-m3star-runtime-contract-v0.8,e1d6d08bf93f3ff400361ad947d95002dcf97cc68957c58c831e6a4fdb5c2953,0.8.0,1,1,G3_campaign,G3_campaign,m3star_graph_transition_xgboost_v0.1,0
C07-darpa-e5-theia-0515,random,0.4,53,project05_m3star_h3_no_dominance_dual,1,1.0,1,C07-AA-003,1.0,0.0,1,0,0,m3star_graph_action_value_xgboost_v0.3,m3star_graph_action_reachability_xgboost_v0.1,m3star_graph_action_value_xgboost_v0.3,9.0,0,1,1,0,development,0,0,0,1.0,G3_campaign,1.0,2,1,G2_tactic_intent,2,0,1,3,0,1,0,,8,1,1.0,C07-AA-003,0.0,0,1,project05-m3star-runtime-contract-v0.8,e1d6d08bf93f3ff400361ad947d95002dcf97cc68957c58c831e6a4fdb5c2953,0.8.0,1,0,G3_campaign,G3_campaign,m3star_graph_transition_xgboost_v0.1,0
C07-darpa-e5-theia-0515,random,0.4,53,project05_m3star_h3_unshielded_dual,1,6.0,4,C07-AA-002|C07-AA-001|C07-AA-004|C07-AA-003,6.0,5.0,0,0,0,m3star_graph_action_value_xgboost_v0.3,m3star_graph_action_reachability_xgboost_v0.1,m3star_graph_action_value_xgboost_v0.3,9.0,0,1,1,0,development,0,0,0,1.0,G3_campaign,1.0,0,1,G2_tactic_intent,2,0,0,3,1,1,0,,8,0,1.0,C07-AA-003,0.7778,0,1,project05-m3star-runtime-contract-v0.8,e1d6d08bf93f3ff400361ad947d95002dcf97cc68957c58c831e6a4fdb5c2953,0.8.0,4,1,G3_campaign,G3_campaign,m3star_graph_transition_xgboost_v0.1,3
C07-darpa-e5-theia-0515,random,0.4,53,project05_m3star_h3_transition_only,1,1.0,1,C07-AA-003,1.0,0.0,1,0,0,none,none,none,9.0,0,1,1,0,development,0,0,0,1.0,G3_campaign,1.0,0,1,G2_tactic_intent,2,0,1,3,1,0,0,,8,1,1.0,C07-AA-003,0.0,0,1,project05-m3star-runtime-contract-v0.8,e1d6d08bf93f3ff400361ad947d95002dcf97cc68957c58c831e6a4fdb5c2953,0.8.0,1,1,G3_campaign,G3_campaign,m3star_graph_transition_xgboost_v0.1,0
C07-darpa-e5-theia-0515,random,0.4,53,project05_m3star_h1_dual,1,1.0,1,C07-AA-003,1.0,0.0,1,0,0,m3star_graph_action_value_xgboost_v0.3,m3star_graph_action_reachability_xgboost_v0.1,m3star_graph_action_value_xgboost_v0.3,9.0,0,1,1,0,development,0,0,0,1.0,G3_campaign,1.0,2,1,G2_tactic_intent,2,0,1,1,1,1,0,,8,1,1.0,C07-AA-003,0.0,0,1,project05-m3star-runtime-contract-v0.8,e1d6d08bf93f3ff400361ad947d95002dcf97cc68957c58c831e6a4fdb5c2953,0.8.0,1,1,G3_campaign,G3_campaign,m3star_graph_transition_xgboost_v0.1,0
C07-darpa-e5-theia-0515,random,0.4,53,project05_xgboost_policy,1,5.0,3,C07-AA-002|C07-AA-004|C07-AA-003,5.0,4.0,0,0,0,,,,9.0,0,1,1,,development,,0,0,1.0,G3_campaign,1.0,,1,G2_tactic_intent,2,0,,,,,,,,,1.0,C07-AA-003,0.5556,,1,,,,3,,G3_campaign,G3_campaign,,2
C07-darpa-e5-theia-0515,random,0.4,53,project05_m3b_policy,1,2.0,2,C07-AA-001|C07-AA-003,2.0,1.0,0,0,0,,,,9.0,0,1,1,,development,,0,0,1.0,G3_campaign,1.0,,1,G2_tactic_intent,2,0,,,,,,,,,1.0,C07-AA-003,0.0,,1,,,,2,,G3_campaign,G3_campaign,,1
C07-darpa-e5-theia-0515,random,0.4,53,project05_m2,1,1.0,1,C07-AA-003,1.0,0.0,1,0,0,,,,9.0,0,1,1,,development,,0,0,1.0,G3_campaign,1.0,,1,G2_tactic_intent,2,0,,,,,,,,,1.0,C07-AA-003,0.0,,1,,,,1,,G3_campaign,G3_campaign,,0
C07-darpa-e5-theia-0515,random,0.4,53,oracle_optimal,1,1.0,1,C07-AA-003,1.0,0.0,1,0,0,,,,9.0,0,1,1,,development,,0,0,1.0,G3_campaign,1.0,,1,G2_tactic_intent,2,0,,,,,,,,,1.0,C07-AA-003,0.0,,1,,,,1,,G3_campaign,G3_campaign,,0
C07-darpa-e5-theia-0515,random,0.6,11,project05_m3star_h3_dual,1,1.0,1,C07-AA-003,1.0,0.0,1,0,0,m3star_graph_action_value_xgboost_v0.3,m3star_graph_action_reachability_xgboost_v0.1,m3star_graph_action_value_xgboost_v0.3,9.0,0,1,1,0,development,0,0,0,1.0,G3_campaign,1.0,2,1,G2_tactic_intent,3,0,1,3,1,1,1,,8,1,1.0,C07-AA-003,0.0,1,1,project05-m3star-runtime-contract-v0.8,e1d6d08bf93f3ff400361ad947d95002dcf97cc68957c58c831e6a4fdb5c2953,0.8.0,1,1,G3_campaign,G3_campaign,m3star_graph_transition_xgboost_v0.1,0
C07-darpa-e5-theia-0515,random,0.6,11,project05_m3star_h3_no_dominance_dual,1,1.0,1,C07-AA-003,1.0,0.0,1,0,0,m3star_graph_action_value_xgboost_v0.3,m3star_graph_action_reachability_xgboost_v0.1,m3star_graph_action_value_xgboost_v0.3,9.0,0,1,1,0,development,0,0,0,1.0,G3_campaign,1.0,2,1,G2_tactic_intent,3,0,1,3,0,1,0,,8,1,1.0,C07-AA-003,0.0,0,1,project05-m3star-runtime-contract-v0.8,e1d6d08bf93f3ff400361ad947d95002dcf97cc68957c58c831e6a4fdb5c2953,0.8.0,1,0,G3_campaign,G3_campaign,m3star_graph_transition_xgboost_v0.1,0
C07-darpa-e5-theia-0515,random,0.6,11,project05_m3star_h3_unshielded_dual,1,6.0,4,C07-AA-002|C07-AA-001|C07-AA-004|C07-AA-003,6.0,5.0,0,0,0,m3star_graph_action_value_xgboost_v0.3,m3star_graph_action_reachability_xgboost_v0.1,m3star_graph_action_value_xgboost_v0.3,9.0,0,1,1,0,development,0,0,0,1.0,G3_campaign,1.0,0,1,G2_tactic_intent,3,0,0,3,1,1,0,,8,0,1.0,C07-AA-003,0.7778,0,1,project05-m3star-runtime-contract-v0.8,e1d6d08bf93f3ff400361ad947d95002dcf97cc68957c58c831e6a4fdb5c2953,0.8.0,4,1,G3_campaign,G3_campaign,m3star_graph_transition_xgboost_v0.1,3
C07-darpa-e5-theia-0515,random,0.6,11,project05_m3star_h3_transition_only,1,1.0,1,C07-AA-003,1.0,0.0,1,0,0,none,none,none,9.0,0,1,1,0,development,0,0,0,1.0,G3_campaign,1.0,0,1,G2_tactic_intent,3,0,1,3,1,0,0,,8,1,1.0,C07-AA-003,0.0,0,1,project05-m3star-runtime-contract-v0.8,e1d6d08bf93f3ff400361ad947d95002dcf97cc68957c58c831e6a4fdb5c2953,0.8.0,1,1,G3_campaign,G3_campaign,m3star_graph_transition_xgboost_v0.1,0
C07-darpa-e5-theia-0515,random,0.6,11,project05_m3star_h1_dual,1,1.0,1,C07-AA-003,1.0,0.0,1,0,0,m3star_graph_action_value_xgboost_v0.3,m3star_graph_action_reachability_xgboost_v0.1,m3star_graph_action_value_xgboost_v0.3,9.0,0,1,1,0,development,0,0,0,1.0,G3_campaign,1.0,2,1,G2_tactic_intent,3,0,1,1,1,1,0,,8,1,1.0,C07-AA-003,0.0,0,1,project05-m3star-runtime-contract-v0.8,e1d6d08bf93f3ff400361ad947d95002dcf97cc68957c58c831e6a4fdb5c2953,0.8.0,1,1,G3_campaign,G3_campaign,m3star_graph_transition_xgboost_v0.1,0
C07-darpa-e5-theia-0515,random,0.6,11,project05_xgboost_policy,1,5.0,3,C07-AA-002|C07-AA-004|C07-AA-003,5.0,4.0,0,0,0,,,,9.0,0,1,1,,development,,0,0,1.0,G3_campaign,1.0,,1,G2_tactic_intent,3,0,,,,,,,,,1.0,C07-AA-003,0.5556,,1,,,,3,,G3_campaign,G3_campaign,,2
C07-darpa-e5-theia-0515,random,0.6,11,project05_m3b_policy,1,2.0,2,C07-AA-001|C07-AA-003,2.0,1.0,0,0,0,,,,9.0,0,1,1,,development,,0,0,1.0,G3_campaign,1.0,,1,G2_tactic_intent,3,0,,,,,,,,,1.0,C07-AA-003,0.0,,1,,,,2,,G3_campaign,G3_campaign,,1
C07-darpa-e5-theia-0515,random,0.6,11,project05_m2,1,1.0,1,C07-AA-003,1.0,0.0,1,0,0,,,,9.0,0,1,1,,development,,0,0,1.0,G3_campaign,1.0,,1,G2_tactic_intent,3,0,,,,,,,,,1.0,C07-AA-003,0.0,,1,,,,1,,G3_campaign,G3_campaign,,0
C07-darpa-e5-theia-0515,random,0.6,11,oracle_optimal,1,1.0,1,C07-AA-003,1.0,0.0,1,0,0,,,,9.0,0,1,1,,development,,0,0,1.0,G3_campaign,1.0,,1,G2_tactic_intent,3,0,,,,,,,,,1.0,C07-AA-003,0.0,,1,,,,1,,G3_campaign,G3_campaign,,0
C07-darpa-e5-theia-0515,random,0.6,23,project05_m3star_h3_dual,1,5.0,3,C07-AA-004|C07-AA-001|C07-AA-002,5.0,1.0,0,0,0,m3star_graph_action_value_xgboost_v0.3,m3star_graph_action_reachability_xgboost_v0.1,m3star_graph_action_value_xgboost_v0.3,9.0,0,1,1,0,development,0,0,0,1.0,G3_campaign,1.0,1,1,G1_technique,3,0,1,3,1,1,1,,8,1,4.0,C07-AA-002,0.4444,1,2,project05-m3star-runtime-contract-v0.8,e1d6d08bf93f3ff400361ad947d95002dcf97cc68957c58c831e6a4fdb5c2953,0.8.0,3,1,G3_campaign,G3_campaign,m3star_graph_transition_xgboost_v0.1,1
C07-darpa-e5-theia-0515,random,0.6,23,project05_m3star_h3_no_dominance_dual,1,5.0,3,C07-AA-004|C07-AA-001|C07-AA-002,5.0,1.0,0,0,0,m3star_graph_action_value_xgboost_v0.3,m3star_graph_action_reachability_xgboost_v0.1,m3star_graph_action_value_xgboost_v0.3,9.0,0,1,1,0,development,0,0,0,1.0,G3_campaign,1.0,1,1,G1_technique,3,0,1,3,0,1,0,,8,1,4.0,C07-AA-002,0.4444,0,2,project05-m3star-runtime-contract-v0.8,e1d6d08bf93f3ff400361ad947d95002dcf97cc68957c58c831e6a4fdb5c2953,0.8.0,3,0,G3_campaign,G3_campaign,m3star_graph_transition_xgboost_v0.1,1
C07-darpa-e5-theia-0515,random,0.6,23,project05_m3star_h3_unshielded_dual,1,6.0,4,C07-AA-001|C07-AA-003|C07-AA-004|C07-AA-002,6.0,2.0,0,0,0,m3star_graph_action_value_xgboost_v0.3,m3star_graph_action_reachability_xgboost_v0.1,m3star_graph_action_value_xgboost_v0.3,9.0,0,1,1,0,development,0,0,0,1.0,G3_campaign,1.0,1,1,G1_technique,3,0,0,3,1,1,0,,8,0,4.0,C07-AA-002,0.6667,0,2,project05-m3star-runtime-contract-v0.8,e1d6d08bf93f3ff400361ad947d95002dcf97cc68957c58c831e6a4fdb5c2953,0.8.0,4,1,G3_campaign,G3_campaign,m3star_graph_transition_xgboost_v0.1,2
C07-darpa-e5-theia-0515,random,0.6,23,project05_m3star_h3_transition_only,1,5.0,3,C07-AA-001|C07-AA-004|C07-AA-002,5.0,1.0,0,0,0,none,none,none,9.0,0,1,1,0,development,0,0,0,1.0,G3_campaign,1.0,0,1,G1_technique,3,0,1,3,1,0,0,,8,1,4.0,C07-AA-002,0.4444,0,2,project05-m3star-runtime-contract-v0.8,e1d6d08bf93f3ff400361ad947d95002dcf97cc68957c58c831e6a4fdb5c2953,0.8.0,3,1,G3_campaign,G3_campaign,m3star_graph_transition_xgboost_v0.1,1
C07-darpa-e5-theia-0515,random,0.6,23,project05_m3star_h1_dual,1,5.0,3,C07-AA-004|C07-AA-001|C07-AA-002,5.0,1.0,0,0,0,m3star_graph_action_value_xgboost_v0.3,m3star_graph_action_reachability_xgboost_v0.1,m3star_graph_action_value_xgboost_v0.3,9.0,0,1,1,0,development,0,0,0,1.0,G3_campaign,1.0,1,1,G1_technique,3,0,1,1,1,1,0,,8,1,4.0,C07-AA-002,0.4444,0,2,project05-m3star-runtime-contract-v0.8,e1d6d08bf93f3ff400361ad947d95002dcf97cc68957c58c831e6a4fdb5c2953,0.8.0,3,1,G3_campaign,G3_campaign,m3star_graph_transition_xgboost_v0.1,1
C07-darpa-e5-theia-0515,random,0.6,23,project05_xgboost_policy,1,5.0,3,C07-AA-002|C07-AA-003|C07-AA-004,5.0,1.0,1,0,0,,,,9.0,0,1,1,,development,,0,0,1.0,G3_campaign,1.0,,1,G1_technique,3,0,,,,,,,,,4.0,C07-AA-002,0.5444,,2,,,,3,,G3_campaign,G3_campaign,,1
C07-darpa-e5-theia-0515,random,0.6,23,project05_m3b_policy,1,6.0,4,C07-AA-001|C07-AA-003|C07-AA-002|C07-AA-004,6.0,2.0,0,0,0,,,,9.0,0,1,1,,development,,0,0,1.0,G3_campaign,1.0,,1,G1_technique,3,0,,,,,,,,,4.0,C07-AA-002,0.8889,,2,,,,4,,G3_campaign,G3_campaign,,2
C07-darpa-e5-theia-0515,random,0.6,23,project05_m2,1,5.0,3,C07-AA-001|C07-AA-002|C07-AA-004,5.0,1.0,0,0,0,,,,9.0,0,1,1,,development,,0,0,1.0,G3_campaign,1.0,,1,G1_technique,3,0,,,,,,,,,4.0,C07-AA-002,0.8889,,2,,,,3,,G3_campaign,G3_campaign,,1
C07-darpa-e5-theia-0515,random,0.6,23,oracle_optimal,1,4.0,2,C07-AA-002|C07-AA-004,4.0,0.0,1,0,0,,,,9.0,0,1,1,,development,,0,0,1.0,G3_campaign,1.0,,1,G1_technique,3,0,,,,,,,,,4.0,C07-AA-002,0.4444,,2,,,,2,,G3_campaign,G3_campaign,,0
C07-darpa-e5-theia-0515,random,0.6,37,project05_m3star_h3_dual,1,5.0,3,C07-AA-004|C07-AA-001|C07-AA-002,5.0,1.0,0,0,0,m3star_graph_action_value_xgboost_v0.3,m3star_graph_action_reachability_xgboost_v0.1,m3star_graph_action_value_xgboost_v0.3,9.0,0,1,1,0,development,0,0,0,1.0,G3_campaign,1.0,1,1,G1_technique,3,0,1,3,1,1,1,,8,1,4.0,C07-AA-002,0.4444,1,2,project05-m3star-runtime-contract-v0.8,e1d6d08bf93f3ff400361ad947d95002dcf97cc68957c58c831e6a4fdb5c2953,0.8.0,3,1,G3_campaign,G3_campaign,m3star_graph_transition_xgboost_v0.1,1
C07-darpa-e5-theia-0515,random,0.6,37,project05_m3star_h3_no_dominance_dual,1,5.0,3,C07-AA-004|C07-AA-001|C07-AA-002,5.0,1.0,0,0,0,m3star_graph_action_value_xgboost_v0.3,m3star_graph_action_reachability_xgboost_v0.1,m3star_graph_action_value_xgboost_v0.3,9.0,0,1,1,0,development,0,0,0,1.0,G3_campaign,1.0,1,1,G1_technique,3,0,1,3,0,1,0,,8,1,4.0,C07-AA-002,0.4444,0,2,project05-m3star-runtime-contract-v0.8,e1d6d08bf93f3ff400361ad947d95002dcf97cc68957c58c831e6a4fdb5c2953,0.8.0,3,0,G3_campaign,G3_campaign,m3star_graph_transition_xgboost_v0.1,1
C07-darpa-e5-theia-0515,random,0.6,37,project05_m3star_h3_unshielded_dual,1,6.0,4,C07-AA-001|C07-AA-003|C07-AA-004|C07-AA-002,6.0,2.0,0,0,0,m3star_graph_action_value_xgboost_v0.3,m3star_graph_action_reachability_xgboost_v0.1,m3star_graph_action_value_xgboost_v0.3,9.0,0,1,1,0,development,0,0,0,1.0,G3_campaign,1.0,1,1,G1_technique,3,0,0,3,1,1,0,,8,0,4.0,C07-AA-002,0.6667,0,2,project05-m3star-runtime-contract-v0.8,e1d6d08bf93f3ff400361ad947d95002dcf97cc68957c58c831e6a4fdb5c2953,0.8.0,4,1,G3_campaign,G3_campaign,m3star_graph_transition_xgboost_v0.1,2
C07-darpa-e5-theia-0515,random,0.6,37,project05_m3star_h3_transition_only,1,5.0,3,C07-AA-001|C07-AA-004|C07-AA-002,5.0,1.0,0,0,0,none,none,none,9.0,0,1,1,0,development,0,0,0,1.0,G3_campaign,1.0,0,1,G1_technique,3,0,1,3,1,0,0,,8,1,4.0,C07-AA-002,0.4444,0,2,project05-m3star-runtime-contract-v0.8,e1d6d08bf93f3ff400361ad947d95002dcf97cc68957c58c831e6a4fdb5c2953,0.8.0,3,1,G3_campaign,G3_campaign,m3star_graph_transition_xgboost_v0.1,1
C07-darpa-e5-theia-0515,random,0.6,37,project05_m3star_h1_dual,1,5.0,3,C07-AA-004|C07-AA-001|C07-AA-002,5.0,1.0,0,0,0,m3star_graph_action_value_xgboost_v0.3,m3star_graph_action_reachability_xgboost_v0.1,m3star_graph_action_value_xgboost_v0.3,9.0,0,1,1,0,development,0,0,0,1.0,G3_campaign,1.0,1,1,G1_technique,3,0,1,1,1,1,0,,8,1,4.0,C07-AA-002,0.4444,0,2,project05-m3star-runtime-contract-v0.8,e1d6d08bf93f3ff400361ad947d95002dcf97cc68957c58c831e6a4fdb5c2953,0.8.0,3,1,G3_campaign,G3_campaign,m3star_graph_transition_xgboost_v0.1,1
C07-darpa-e5-theia-0515,random,0.6,37,project05_xgboost_policy,1,5.0,3,C07-AA-002|C07-AA-003|C07-AA-004,5.0,1.0,1,0,0,,,,9.0,0,1,1,,development,,0,0,1.0,G3_campaign,1.0,,1,G1_technique,3,0,,,,,,,,,4.0,C07-AA-002,0.5444,,2,,,,3,,G3_campaign,G3_campaign,,1
C07-darpa-e5-theia-0515,random,0.6,37,project05_m3b_policy,1,6.0,4,C07-AA-001|C07-AA-003|C07-AA-002|C07-AA-004,6.0,2.0,0,0,0,,,,9.0,0,1,1,,development,,0,0,1.0,G3_campaign,1.0,,1,G1_technique,3,0,,,,,,,,,4.0,C07-AA-002,0.8889,,2,,,,4,,G3_campaign,G3_campaign,,2
C07-darpa-e5-theia-0515,random,0.6,37,project05_m2,1,5.0,3,C07-AA-001|C07-AA-002|C07-AA-004,5.0,1.0,0,0,0,,,,9.0,0,1,1,,development,,0,0,1.0,G3_campaign,1.0,,1,G1_technique,3,0,,,,,,,,,4.0,C07-AA-002,0.8889,,2,,,,3,,G3_campaign,G3_campaign,,1
C07-darpa-e5-theia-0515,random,0.6,37,oracle_optimal,1,4.0,2,C07-AA-002|C07-AA-004,4.0,0.0,1,0,0,,,,9.0,0,1,1,,development,,0,0,1.0,G3_campaign,1.0,,1,G1_technique,3,0,,,,,,,,,4.0,C07-AA-002,0.4444,,2,,,,2,,G3_campaign,G3_campaign,,0
C07-darpa-e5-theia-0515,random,0.6,41,project05_m3star_h3_dual,1,3.0,2,C07-AA-004|C07-AA-001,3.0,0.0,0,0,0,m3star_graph_action_value_xgboost_v0.3,m3star_graph_action_reachability_xgboost_v0.1,m3star_graph_action_value_xgboost_v0.3,9.0,0,1,1,0,development,0,0,0,1.0,G3_campaign,1.0,1,1,G1_technique,3,0,1,3,1,1,1,,8,1,3.0,C07-AA-001,0.0,1,2,project05-m3star-runtime-contract-v0.8,e1d6d08bf93f3ff400361ad947d95002dcf97cc68957c58c831e6a4fdb5c2953,0.8.0,2,1,G3_campaign,G3_campaign,m3star_graph_transition_xgboost_v0.1,0
C07-darpa-e5-theia-0515,random,0.6,41,project05_m3star_h3_no_dominance_dual,1,3.0,2,C07-AA-004|C07-AA-001,3.0,0.0,0,0,0,m3star_graph_action_value_xgboost_v0.3,m3star_graph_action_reachability_xgboost_v0.1,m3star_graph_action_value_xgboost_v0.3,9.0,0,1,1,0,development,0,0,0,1.0,G3_campaign,1.0,1,1,G1_technique,3,0,1,3,0,1,0,,8,1,3.0,C07-AA-001,0.0,0,2,project05-m3star-runtime-contract-v0.8,e1d6d08bf93f3ff400361ad947d95002dcf97cc68957c58c831e6a4fdb5c2953,0.8.0,2,0,G3_campaign,G3_campaign,m3star_graph_transition_xgboost_v0.1,0
C07-darpa-e5-theia-0515,random,0.6,41,project05_m3star_h3_unshielded_dual,1,3.0,2,C07-AA-001|C07-AA-004,3.0,0.0,1,0,0,m3star_graph_action_value_xgboost_v0.3,m3star_graph_action_reachability_xgboost_v0.1,m3star_graph_action_value_xgboost_v0.3,9.0,0,1,1,0,development,0,0,0,1.0,G3_campaign,1.0,1,1,G1_technique,3,0,0,3,1,1,0,,8,0,3.0,C07-AA-001,0.0,0,2,project05-m3star-runtime-contract-v0.8,e1d6d08bf93f3ff400361ad947d95002dcf97cc68957c58c831e6a4fdb5c2953,0.8.0,2,1,G3_campaign,G3_campaign,m3star_graph_transition_xgboost_v0.1,0
C07-darpa-e5-theia-0515,random,0.6,41,project05_m3star_h3_transition_only,1,3.0,2,C07-AA-001|C07-AA-004,3.0,0.0,1,0,0,none,none,none,9.0,0,1,1,0,development,0,0,0,1.0,G3_campaign,1.0,0,1,G1_technique,3,0,1,3,1,0,0,,8,1,3.0,C07-AA-001,0.0,0,2,project05-m3star-runtime-contract-v0.8,e1d6d08bf93f3ff400361ad947d95002dcf97cc68957c58c831e6a4fdb5c2953,0.8.0,2,1,G3_campaign,G3_campaign,m3star_graph_transition_xgboost_v0.1,0
C07-darpa-e5-theia-0515,random,0.6,41,project05_m3star_h1_dual,1,3.0,2,C07-AA-004|C07-AA-001,3.0,0.0,0,0,0,m3star_graph_action_value_xgboost_v0.3,m3star_graph_action_reachability_xgboost_v0.1,m3star_graph_action_value_xgboost_v0.3,9.0,0,1,1,0,development,0,0,0,1.0,G3_campaign,1.0,1,1,G1_technique,3,0,1,1,1,1,0,,8,1,3.0,C07-AA-001,0.0,0,2,project05-m3star-runtime-contract-v0.8,e1d6d08bf93f3ff400361ad947d95002dcf97cc68957c58c831e6a4fdb5c2953,0.8.0,2,1,G3_campaign,G3_campaign,m3star_graph_transition_xgboost_v0.1,0
C07-darpa-e5-theia-0515,random,0.6,41,project05_xgboost_policy,1,5.0,3,C07-AA-002|C07-AA-003|C07-AA-004,5.0,2.0,0,0,0,,,,9.0,0,1,1,,development,,0,0,1.0,G3_campaign,1.0,,1,G1_technique,3,0,,,,,,,,,3.0,C07-AA-001,0.5444,,2,,,,3,,G3_campaign,G3_campaign,,1
C07-darpa-e5-theia-0515,random,0.6,41,project05_m3b_policy,1,4.0,3,C07-AA-001|C07-AA-003|C07-AA-004,4.0,1.0,1,0,0,,,,9.0,0,1,1,,development,,0,0,1.0,G3_campaign,1.0,,1,G1_technique,3,0,,,,,,,,,3.0,C07-AA-001,0.2222,,2,,,,3,,G3_campaign,G3_campaign,,1
C07-darpa-e5-theia-0515,random,0.6,41,project05_m2,1,3.0,2,C07-AA-001|C07-AA-004,3.0,0.0,1,0,0,,,,9.0,0,1,1,,development,,0,0,1.0,G3_campaign,1.0,,1,G1_technique,3,0,,,,,,,,,3.0,C07-AA-001,0.0,,2,,,,2,,G3_campaign,G3_campaign,,0
C07-darpa-e5-theia-0515,random,0.6,41,oracle_optimal,1,3.0,2,C07-AA-001|C07-AA-004,3.0,0.0,1,0,0,,,,9.0,0,1,1,,development,,0,0,1.0,G3_campaign,1.0,,1,G1_technique,3,0,,,,,,,,,3.0,C07-AA-001,0.0,,2,,,,2,,G3_campaign,G3_campaign,,0
C07-darpa-e5-theia-0515,random,0.6,53,project05_m3star_h3_dual,1,1.0,1,C07-AA-003,1.0,0.0,1,0,0,m3star_graph_action_value_xgboost_v0.3,m3star_graph_action_reachability_xgboost_v0.1,m3star_graph_action_value_xgboost_v0.3,9.0,0,1,1,0,development,0,0,0,1.0,G3_campaign,1.0,2,1,G2_tactic_intent,3,0,1,3,1,1,1,,8,1,1.0,C07-AA-003,0.0,1,1,project05-m3star-runtime-contract-v0.8,e1d6d08bf93f3ff400361ad947d95002dcf97cc68957c58c831e6a4fdb5c2953,0.8.0,1,1,G3_campaign,G3_campaign,m3star_graph_transition_xgboost_v0.1,0
C07-darpa-e5-theia-0515,random,0.6,53,project05_m3star_h3_no_dominance_dual,1,1.0,1,C07-AA-003,1.0,0.0,1,0,0,m3star_graph_action_value_xgboost_v0.3,m3star_graph_action_reachability_xgboost_v0.1,m3star_graph_action_value_xgboost_v0.3,9.0,0,1,1,0,development,0,0,0,1.0,G3_campaign,1.0,2,1,G2_tactic_intent,3,0,1,3,0,1,0,,8,1,1.0,C07-AA-003,0.0,0,1,project05-m3star-runtime-contract-v0.8,e1d6d08bf93f3ff400361ad947d95002dcf97cc68957c58c831e6a4fdb5c2953,0.8.0,1,0,G3_campaign,G3_campaign,m3star_graph_transition_xgboost_v0.1,0
C07-darpa-e5-theia-0515,random,0.6,53,project05_m3star_h3_unshielded_dual,1,6.0,4,C07-AA-002|C07-AA-001|C07-AA-004|C07-AA-003,6.0,5.0,0,0,0,m3star_graph_action_value_xgboost_v0.3,m3star_graph_action_reachability_xgboost_v0.1,m3star_graph_action_value_xgboost_v0.3,9.0,0,1,1,0,development,0,0,0,1.0,G3_campaign,1.0,0,1,G2_tactic_intent,3,0,0,3,1,1,0,,8,0,1.0,C07-AA-003,0.7778,0,1,project05-m3star-runtime-contract-v0.8,e1d6d08bf93f3ff400361ad947d95002dcf97cc68957c58c831e6a4fdb5c2953,0.8.0,4,1,G3_campaign,G3_campaign,m3star_graph_transition_xgboost_v0.1,3
C07-darpa-e5-theia-0515,random,0.6,53,project05_m3star_h3_transition_only,1,1.0,1,C07-AA-003,1.0,0.0,1,0,0,none,none,none,9.0,0,1,1,0,development,0,0,0,1.0,G3_campaign,1.0,0,1,G2_tactic_intent,3,0,1,3,1,0,0,,8,1,1.0,C07-AA-003,0.0,0,1,project05-m3star-runtime-contract-v0.8,e1d6d08bf93f3ff400361ad947d95002dcf97cc68957c58c831e6a4fdb5c2953,0.8.0,1,1,G3_campaign,G3_campaign,m3star_graph_transition_xgboost_v0.1,0
C07-darpa-e5-theia-0515,random,0.6,53,project05_m3star_h1_dual,1,1.0,1,C07-AA-003,1.0,0.0,1,0,0,m3star_graph_action_value_xgboost_v0.3,m3star_graph_action_reachability_xgboost_v0.1,m3star_graph_action_value_xgboost_v0.3,9.0,0,1,1,0,development,0,0,0,1.0,G3_campaign,1.0,2,1,G2_tactic_intent,3,0,1,1,1,1,0,,8,1,1.0,C07-AA-003,0.0,0,1,project05-m3star-runtime-contract-v0.8,e1d6d08bf93f3ff400361ad947d95002dcf97cc68957c58c831e6a4fdb5c2953,0.8.0,1,1,G3_campaign,G3_campaign,m3star_graph_transition_xgboost_v0.1,0
C07-darpa-e5-theia-0515,random,0.6,53,project05_xgboost_policy,1,5.0,3,C07-AA-002|C07-AA-004|C07-AA-003,5.0,4.0,0,0,0,,,,9.0,0,1,1,,development,,0,0,1.0,G3_campaign,1.0,,1,G2_tactic_intent,3,0,,,,,,,,,1.0,C07-AA-003,0.5556,,1,,,,3,,G3_campaign,G3_campaign,,2
C07-darpa-e5-theia-0515,random,0.6,53,project05_m3b_policy,1,2.0,2,C07-AA-001|C07-AA-003,2.0,1.0,0,0,0,,,,9.0,0,1,1,,development,,0,0,1.0,G3_campaign,1.0,,1,G2_tactic_intent,3,0,,,,,,,,,1.0,C07-AA-003,0.0,,1,,,,2,,G3_campaign,G3_campaign,,1
C07-darpa-e5-theia-0515,random,0.6,53,project05_m2,1,1.0,1,C07-AA-003,1.0,0.0,1,0,0,,,,9.0,0,1,1,,development,,0,0,1.0,G3_campaign,1.0,,1,G2_tactic_intent,3,0,,,,,,,,,1.0,C07-AA-003,0.0,,1,,,,1,,G3_campaign,G3_campaign,,0
C07-darpa-e5-theia-0515,random,0.6,53,oracle_optimal,1,1.0,1,C07-AA-003,1.0,0.0,1,0,0,,,,9.0,0,1,1,,development,,0,0,1.0,G3_campaign,1.0,,1,G2_tactic_intent,3,0,,,,,,,,,1.0,C07-AA-003,0.0,,1,,,,1,,G3_campaign,G3_campaign,,0
C07-darpa-e5-theia-0515,stage,0.2,11,project05_m3star_h3_dual,1,1.0,1,C07-AA-001,1.0,0.0,1,0,0,m3star_graph_action_value_xgboost_v0.3,m3star_graph_action_reachability_xgboost_v0.1,m3star_graph_action_value_xgboost_v0.3,9.0,0,1,1,0,development,0,0,0,1.0,G3_campaign,1.0,1,1,G2_tactic_intent,1,0,1,3,1,1,1,,8,1,1.0,C07-AA-001,0.0,1,1,project05-m3star-runtime-contract-v0.8,e1d6d08bf93f3ff400361ad947d95002dcf97cc68957c58c831e6a4fdb5c2953,0.8.0,1,1,G3_campaign,G3_campaign,m3star_graph_transition_xgboost_v0.1,0
C07-darpa-e5-theia-0515,stage,0.2,11,project05_m3star_h3_no_dominance_dual,1,1.0,1,C07-AA-001,1.0,0.0,1,0,0,m3star_graph_action_value_xgboost_v0.3,m3star_graph_action_reachability_xgboost_v0.1,m3star_graph_action_value_xgboost_v0.3,9.0,0,1,1,0,development,0,0,0,1.0,G3_campaign,1.0,1,1,G2_tactic_intent,1,0,1,3,0,1,0,,8,1,1.0,C07-AA-001,0.0,0,1,project05-m3star-runtime-contract-v0.8,e1d6d08bf93f3ff400361ad947d95002dcf97cc68957c58c831e6a4fdb5c2953,0.8.0,1,0,G3_campaign,G3_campaign,m3star_graph_transition_xgboost_v0.1,0
C07-darpa-e5-theia-0515,stage,0.2,11,project05_m3star_h3_unshielded_dual,1,1.0,1,C07-AA-001,1.0,0.0,1,0,0,m3star_graph_action_value_xgboost_v0.3,m3star_graph_action_reachability_xgboost_v0.1,m3star_graph_action_value_xgboost_v0.3,9.0,0,1,1,0,development,0,0,0,1.0,G3_campaign,1.0,1,1,G2_tactic_intent,1,0,0,3,1,1,0,,8,0,1.0,C07-AA-001,0.0,0,1,project05-m3star-runtime-contract-v0.8,e1d6d08bf93f3ff400361ad947d95002dcf97cc68957c58c831e6a4fdb5c2953,0.8.0,1,1,G3_campaign,G3_campaign,m3star_graph_transition_xgboost_v0.1,0
C07-darpa-e5-theia-0515,stage,0.2,11,project05_m3star_h3_transition_only,1,1.0,1,C07-AA-001,1.0,0.0,1,0,0,none,none,none,9.0,0,1,1,0,development,0,0,0,1.0,G3_campaign,1.0,0,1,G2_tactic_intent,1,0,1,3,1,0,0,,8,1,1.0,C07-AA-001,0.0,0,1,project05-m3star-runtime-contract-v0.8,e1d6d08bf93f3ff400361ad947d95002dcf97cc68957c58c831e6a4fdb5c2953,0.8.0,1,1,G3_campaign,G3_campaign,m3star_graph_transition_xgboost_v0.1,0
C07-darpa-e5-theia-0515,stage,0.2,11,project05_m3star_h1_dual,1,1.0,1,C07-AA-001,1.0,0.0,1,0,0,m3star_graph_action_value_xgboost_v0.3,m3star_graph_action_reachability_xgboost_v0.1,m3star_graph_action_value_xgboost_v0.3,9.0,0,1,1,0,development,0,0,0,1.0,G3_campaign,1.0,1,1,G2_tactic_intent,1,0,1,1,1,1,0,,8,1,1.0,C07-AA-001,0.0,0,1,project05-m3star-runtime-contract-v0.8,e1d6d08bf93f3ff400361ad947d95002dcf97cc68957c58c831e6a4fdb5c2953,0.8.0,1,1,G3_campaign,G3_campaign,m3star_graph_transition_xgboost_v0.1,0
C07-darpa-e5-theia-0515,stage,0.2,11,project05_xgboost_policy,1,2.0,1,C07-AA-002,2.0,1.0,0,0,0,,,,9.0,0,1,1,,development,,0,0,1.0,G3_campaign,1.0,,1,G2_tactic_intent,1,0,,,,,,,,,1.0,C07-AA-001,0.0,,1,,,,1,,G3_campaign,G3_campaign,,0
C07-darpa-e5-theia-0515,stage,0.2,11,project05_m3b_policy,1,1.0,1,C07-AA-001,1.0,0.0,1,0,0,,,,9.0,0,1,1,,development,,0,0,1.0,G3_campaign,1.0,,1,G2_tactic_intent,1,0,,,,,,,,,1.0,C07-AA-001,0.0,,1,,,,1,,G3_campaign,G3_campaign,,0
C07-darpa-e5-theia-0515,stage,0.2,11,project05_m2,1,1.0,1,C07-AA-001,1.0,0.0,1,0,0,,,,9.0,0,1,1,,development,,0,0,1.0,G3_campaign,1.0,,1,G2_tactic_intent,1,0,,,,,,,,,1.0,C07-AA-001,0.0,,1,,,,1,,G3_campaign,G3_campaign,,0
C07-darpa-e5-theia-0515,stage,0.2,11,oracle_optimal,1,1.0,1,C07-AA-001,1.0,0.0,1,0,0,,,,9.0,0,1,1,,development,,0,0,1.0,G3_campaign,1.0,,1,G2_tactic_intent,1,0,,,,,,,,,1.0,C07-AA-001,0.0,,1,,,,1,,G3_campaign,G3_campaign,,0
C07-darpa-e5-theia-0515,stage,0.2,23,project05_m3star_h3_dual,1,3.0,2,C07-AA-001|C07-AA-002,3.0,1.0,0,0,0,m3star_graph_action_value_xgboost_v0.3,m3star_graph_action_reachability_xgboost_v0.1,m3star_graph_action_value_xgboost_v0.3,9.0,0,1,1,0,development,0,0,0,1.0,G3_campaign,1.0,1,1,G2_tactic_intent,1,0,1,3,1,1,1,,8,1,2.0,C07-AA-002,0.4444,1,1,project05-m3star-runtime-contract-v0.8,e1d6d08bf93f3ff400361ad947d95002dcf97cc68957c58c831e6a4fdb5c2953,0.8.0,2,1,G3_campaign,G3_campaign,m3star_graph_transition_xgboost_v0.1,1
C07-darpa-e5-theia-0515,stage,0.2,23,project05_m3star_h3_no_dominance_dual,1,3.0,2,C07-AA-001|C07-AA-002,3.0,1.0,0,0,0,m3star_graph_action_value_xgboost_v0.3,m3star_graph_action_reachability_xgboost_v0.1,m3star_graph_action_value_xgboost_v0.3,9.0,0,1,1,0,development,0,0,0,1.0,G3_campaign,1.0,1,1,G2_tactic_intent,1,0,1,3,0,1,0,,8,1,2.0,C07-AA-002,0.4444,0,1,project05-m3star-runtime-contract-v0.8,e1d6d08bf93f3ff400361ad947d95002dcf97cc68957c58c831e6a4fdb5c2953,0.8.0,2,0,G3_campaign,G3_campaign,m3star_graph_transition_xgboost_v0.1,1
C07-darpa-e5-theia-0515,stage,0.2,23,project05_m3star_h3_unshielded_dual,1,3.0,2,C07-AA-001|C07-AA-002,3.0,1.0,0,0,0,m3star_graph_action_value_xgboost_v0.3,m3star_graph_action_reachability_xgboost_v0.1,m3star_graph_action_value_xgboost_v0.3,9.0,0,1,1,0,development,0,0,0,1.0,G3_campaign,1.0,1,1,G2_tactic_intent,1,0,0,3,1,1,0,,8,0,2.0,C07-AA-002,0.4444,0,1,project05-m3star-runtime-contract-v0.8,e1d6d08bf93f3ff400361ad947d95002dcf97cc68957c58c831e6a4fdb5c2953,0.8.0,2,1,G3_campaign,G3_campaign,m3star_graph_transition_xgboost_v0.1,1
C07-darpa-e5-theia-0515,stage,0.2,23,project05_m3star_h3_transition_only,1,3.0,2,C07-AA-001|C07-AA-002,3.0,1.0,0,0,0,none,none,none,9.0,0,1,1,0,development,0,0,0,1.0,G3_campaign,1.0,0,1,G2_tactic_intent,1,0,1,3,1,0,0,,8,1,2.0,C07-AA-002,0.4444,0,1,project05-m3star-runtime-contract-v0.8,e1d6d08bf93f3ff400361ad947d95002dcf97cc68957c58c831e6a4fdb5c2953,0.8.0,2,1,G3_campaign,G3_campaign,m3star_graph_transition_xgboost_v0.1,1
C07-darpa-e5-theia-0515,stage,0.2,23,project05_m3star_h1_dual,1,3.0,2,C07-AA-001|C07-AA-002,3.0,1.0,0,0,0,m3star_graph_action_value_xgboost_v0.3,m3star_graph_action_reachability_xgboost_v0.1,m3star_graph_action_value_xgboost_v0.3,9.0,0,1,1,0,development,0,0,0,1.0,G3_campaign,1.0,1,1,G2_tactic_intent,1,0,1,1,1,1,0,,8,1,2.0,C07-AA-002,0.4444,0,1,project05-m3star-runtime-contract-v0.8,e1d6d08bf93f3ff400361ad947d95002dcf97cc68957c58c831e6a4fdb5c2953,0.8.0,2,1,G3_campaign,G3_campaign,m3star_graph_transition_xgboost_v0.1,1
C07-darpa-e5-theia-0515,stage,0.2,23,project05_xgboost_policy,1,2.0,1,C07-AA-002,2.0,0.0,1,0,0,,,,9.0,0,1,1,,development,,0,0,1.0,G3_campaign,1.0,,1,G2_tactic_intent,1,0,,,,,,,,,2.0,C07-AA-002,0.0,,1,,,,1,,G3_campaign,G3_campaign,,0
C07-darpa-e5-theia-0515,stage,0.2,23,project05_m3b_policy,1,3.0,2,C07-AA-001|C07-AA-002,3.0,1.0,0,0,0,,,,9.0,0,1,1,,development,,0,0,1.0,G3_campaign,1.0,,1,G2_tactic_intent,1,0,,,,,,,,,2.0,C07-AA-002,0.4444,,1,,,,2,,G3_campaign,G3_campaign,,1
C07-darpa-e5-theia-0515,stage,0.2,23,project05_m2,1,3.0,2,C07-AA-001|C07-AA-002,3.0,1.0,0,0,0,,,,9.0,0,1,1,,development,,0,0,1.0,G3_campaign,1.0,,1,G2_tactic_intent,1,0,,,,,,,,,2.0,C07-AA-002,0.4444,,1,,,,2,,G3_campaign,G3_campaign,,1
C07-darpa-e5-theia-0515,stage,0.2,23,oracle_optimal,1,2.0,1,C07-AA-002,2.0,0.0,1,0,0,,,,9.0,0,1,1,,development,,0,0,1.0,G3_campaign,1.0,,1,G2_tactic_intent,1,0,,,,,,,,,2.0,C07-AA-002,0.0,,1,,,,1,,G3_campaign,G3_campaign,,0
C07-darpa-e5-theia-0515,stage,0.2,37,project05_m3star_h3_dual,1,3.0,2,C07-AA-001|C07-AA-002,3.0,1.0,0,0,0,m3star_graph_action_value_xgboost_v0.3,m3star_graph_action_reachability_xgboost_v0.1,m3star_graph_action_value_xgboost_v0.3,9.0,0,1,1,0,development,0,0,0,1.0,G3_campaign,1.0,1,1,G2_tactic_intent,1,0,1,3,1,1,1,,8,1,2.0,C07-AA-002,0.4444,1,1,project05-m3star-runtime-contract-v0.8,e1d6d08bf93f3ff400361ad947d95002dcf97cc68957c58c831e6a4fdb5c2953,0.8.0,2,1,G3_campaign,G3_campaign,m3star_graph_transition_xgboost_v0.1,1
C07-darpa-e5-theia-0515,stage,0.2,37,project05_m3star_h3_no_dominance_dual,1,3.0,2,C07-AA-001|C07-AA-002,3.0,1.0,0,0,0,m3star_graph_action_value_xgboost_v0.3,m3star_graph_action_reachability_xgboost_v0.1,m3star_graph_action_value_xgboost_v0.3,9.0,0,1,1,0,development,0,0,0,1.0,G3_campaign,1.0,1,1,G2_tactic_intent,1,0,1,3,0,1,0,,8,1,2.0,C07-AA-002,0.4444,0,1,project05-m3star-runtime-contract-v0.8,e1d6d08bf93f3ff400361ad947d95002dcf97cc68957c58c831e6a4fdb5c2953,0.8.0,2,0,G3_campaign,G3_campaign,m3star_graph_transition_xgboost_v0.1,1
C07-darpa-e5-theia-0515,stage,0.2,37,project05_m3star_h3_unshielded_dual,1,3.0,2,C07-AA-001|C07-AA-002,3.0,1.0,0,0,0,m3star_graph_action_value_xgboost_v0.3,m3star_graph_action_reachability_xgboost_v0.1,m3star_graph_action_value_xgboost_v0.3,9.0,0,1,1,0,development,0,0,0,1.0,G3_campaign,1.0,1,1,G2_tactic_intent,1,0,0,3,1,1,0,,8,0,2.0,C07-AA-002,0.4444,0,1,project05-m3star-runtime-contract-v0.8,e1d6d08bf93f3ff400361ad947d95002dcf97cc68957c58c831e6a4fdb5c2953,0.8.0,2,1,G3_campaign,G3_campaign,m3star_graph_transition_xgboost_v0.1,1
C07-darpa-e5-theia-0515,stage,0.2,37,project05_m3star_h3_transition_only,1,3.0,2,C07-AA-001|C07-AA-002,3.0,1.0,0,0,0,none,none,none,9.0,0,1,1,0,development,0,0,0,1.0,G3_campaign,1.0,0,1,G2_tactic_intent,1,0,1,3,1,0,0,,8,1,2.0,C07-AA-002,0.4444,0,1,project05-m3star-runtime-contract-v0.8,e1d6d08bf93f3ff400361ad947d95002dcf97cc68957c58c831e6a4fdb5c2953,0.8.0,2,1,G3_campaign,G3_campaign,m3star_graph_transition_xgboost_v0.1,1
C07-darpa-e5-theia-0515,stage,0.2,37,project05_m3star_h1_dual,1,3.0,2,C07-AA-001|C07-AA-002,3.0,1.0,0,0,0,m3star_graph_action_value_xgboost_v0.3,m3star_graph_action_reachability_xgboost_v0.1,m3star_graph_action_value_xgboost_v0.3,9.0,0,1,1,0,development,0,0,0,1.0,G3_campaign,1.0,1,1,G2_tactic_intent,1,0,1,1,1,1,0,,8,1,2.0,C07-AA-002,0.4444,0,1,project05-m3star-runtime-contract-v0.8,e1d6d08bf93f3ff400361ad947d95002dcf97cc68957c58c831e6a4fdb5c2953,0.8.0,2,1,G3_campaign,G3_campaign,m3star_graph_transition_xgboost_v0.1,1
C07-darpa-e5-theia-0515,stage,0.2,37,project05_xgboost_policy,1,2.0,1,C07-AA-002,2.0,0.0,1,0,0,,,,9.0,0,1,1,,development,,0,0,1.0,G3_campaign,1.0,,1,G2_tactic_intent,1,0,,,,,,,,,2.0,C07-AA-002,0.0,,1,,,,1,,G3_campaign,G3_campaign,,0
C07-darpa-e5-theia-0515,stage,0.2,37,project05_m3b_policy,1,3.0,2,C07-AA-001|C07-AA-002,3.0,1.0,0,0,0,,,,9.0,0,1,1,,development,,0,0,1.0,G3_campaign,1.0,,1,G2_tactic_intent,1,0,,,,,,,,,2.0,C07-AA-002,0.4444,,1,,,,2,,G3_campaign,G3_campaign,,1
C07-darpa-e5-theia-0515,stage,0.2,37,project05_m2,1,3.0,2,C07-AA-001|C07-AA-002,3.0,1.0,0,0,0,,,,9.0,0,1,1,,development,,0,0,1.0,G3_campaign,1.0,,1,G2_tactic_intent,1,0,,,,,,,,,2.0,C07-AA-002,0.4444,,1,,,,2,,G3_campaign,G3_campaign,,1
C07-darpa-e5-theia-0515,stage,0.2,37,oracle_optimal,1,2.0,1,C07-AA-002,2.0,0.0,1,0,0,,,,9.0,0,1,1,,development,,0,0,1.0,G3_campaign,1.0,,1,G2_tactic_intent,1,0,,,,,,,,,2.0,C07-AA-002,0.0,,1,,,,1,,G3_campaign,G3_campaign,,0
C07-darpa-e5-theia-0515,stage,0.2,41,project05_m3star_h3_dual,1,1.0,1,C07-AA-001,1.0,0.0,1,0,0,m3star_graph_action_value_xgboost_v0.3,m3star_graph_action_reachability_xgboost_v0.1,m3star_graph_action_value_xgboost_v0.3,9.0,0,1,1,0,development,0,0,0,1.0,G3_campaign,1.0,1,1,G2_tactic_intent,1,0,1,3,1,1,1,,8,1,1.0,C07-AA-001,0.0,1,1,project05-m3star-runtime-contract-v0.8,e1d6d08bf93f3ff400361ad947d95002dcf97cc68957c58c831e6a4fdb5c2953,0.8.0,1,1,G3_campaign,G3_campaign,m3star_graph_transition_xgboost_v0.1,0
C07-darpa-e5-theia-0515,stage,0.2,41,project05_m3star_h3_no_dominance_dual,1,1.0,1,C07-AA-001,1.0,0.0,1,0,0,m3star_graph_action_value_xgboost_v0.3,m3star_graph_action_reachability_xgboost_v0.1,m3star_graph_action_value_xgboost_v0.3,9.0,0,1,1,0,development,0,0,0,1.0,G3_campaign,1.0,1,1,G2_tactic_intent,1,0,1,3,0,1,0,,8,1,1.0,C07-AA-001,0.0,0,1,project05-m3star-runtime-contract-v0.8,e1d6d08bf93f3ff400361ad947d95002dcf97cc68957c58c831e6a4fdb5c2953,0.8.0,1,0,G3_campaign,G3_campaign,m3star_graph_transition_xgboost_v0.1,0
C07-darpa-e5-theia-0515,stage,0.2,41,project05_m3star_h3_unshielded_dual,1,1.0,1,C07-AA-001,1.0,0.0,1,0,0,m3star_graph_action_value_xgboost_v0.3,m3star_graph_action_reachability_xgboost_v0.1,m3star_graph_action_value_xgboost_v0.3,9.0,0,1,1,0,development,0,0,0,1.0,G3_campaign,1.0,1,1,G2_tactic_intent,1,0,0,3,1,1,0,,8,0,1.0,C07-AA-001,0.0,0,1,project05-m3star-runtime-contract-v0.8,e1d6d08bf93f3ff400361ad947d95002dcf97cc68957c58c831e6a4fdb5c2953,0.8.0,1,1,G3_campaign,G3_campaign,m3star_graph_transition_xgboost_v0.1,0
C07-darpa-e5-theia-0515,stage,0.2,41,project05_m3star_h3_transition_only,1,1.0,1,C07-AA-001,1.0,0.0,1,0,0,none,none,none,9.0,0,1,1,0,development,0,0,0,1.0,G3_campaign,1.0,0,1,G2_tactic_intent,1,0,1,3,1,0,0,,8,1,1.0,C07-AA-001,0.0,0,1,project05-m3star-runtime-contract-v0.8,e1d6d08bf93f3ff400361ad947d95002dcf97cc68957c58c831e6a4fdb5c2953,0.8.0,1,1,G3_campaign,G3_campaign,m3star_graph_transition_xgboost_v0.1,0
C07-darpa-e5-theia-0515,stage,0.2,41,project05_m3star_h1_dual,1,1.0,1,C07-AA-001,1.0,0.0,1,0,0,m3star_graph_action_value_xgboost_v0.3,m3star_graph_action_reachability_xgboost_v0.1,m3star_graph_action_value_xgboost_v0.3,9.0,0,1,1,0,development,0,0,0,1.0,G3_campaign,1.0,1,1,G2_tactic_intent,1,0,1,1,1,1,0,,8,1,1.0,C07-AA-001,0.0,0,1,project05-m3star-runtime-contract-v0.8,e1d6d08bf93f3ff400361ad947d95002dcf97cc68957c58c831e6a4fdb5c2953,0.8.0,1,1,G3_campaign,G3_campaign,m3star_graph_transition_xgboost_v0.1,0
C07-darpa-e5-theia-0515,stage,0.2,41,project05_xgboost_policy,1,2.0,1,C07-AA-002,2.0,1.0,0,0,0,,,,9.0,0,1,1,,development,,0,0,1.0,G3_campaign,1.0,,1,G2_tactic_intent,1,0,,,,,,,,,1.0,C07-AA-001,0.0,,1,,,,1,,G3_campaign,G3_campaign,,0
C07-darpa-e5-theia-0515,stage,0.2,41,project05_m3b_policy,1,1.0,1,C07-AA-001,1.0,0.0,1,0,0,,,,9.0,0,1,1,,development,,0,0,1.0,G3_campaign,1.0,,1,G2_tactic_intent,1,0,,,,,,,,,1.0,C07-AA-001,0.0,,1,,,,1,,G3_campaign,G3_campaign,,0
C07-darpa-e5-theia-0515,stage,0.2,41,project05_m2,1,1.0,1,C07-AA-001,1.0,0.0,1,0,0,,,,9.0,0,1,1,,development,,0,0,1.0,G3_campaign,1.0,,1,G2_tactic_intent,1,0,,,,,,,,,1.0,C07-AA-001,0.0,,1,,,,1,,G3_campaign,G3_campaign,,0
C07-darpa-e5-theia-0515,stage,0.2,41,oracle_optimal,1,1.0,1,C07-AA-001,1.0,0.0,1,0,0,,,,9.0,0,1,1,,development,,0,0,1.0,G3_campaign,1.0,,1,G2_tactic_intent,1,0,,,,,,,,,1.0,C07-AA-001,0.0,,1,,,,1,,G3_campaign,G3_campaign,,0
C07-darpa-e5-theia-0515,stage,0.2,53,project05_m3star_h3_dual,1,1.0,1,C07-AA-001,1.0,0.0,1,0,0,m3star_graph_action_value_xgboost_v0.3,m3star_graph_action_reachability_xgboost_v0.1,m3star_graph_action_value_xgboost_v0.3,9.0,0,1,1,0,development,0,0,0,1.0,G3_campaign,1.0,1,1,G2_tactic_intent,1,0,1,3,1,1,1,,8,1,1.0,C07-AA-001,0.0,1,1,project05-m3star-runtime-contract-v0.8,e1d6d08bf93f3ff400361ad947d95002dcf97cc68957c58c831e6a4fdb5c2953,0.8.0,1,1,G3_campaign,G3_campaign,m3star_graph_transition_xgboost_v0.1,0
C07-darpa-e5-theia-0515,stage,0.2,53,project05_m3star_h3_no_dominance_dual,1,1.0,1,C07-AA-001,1.0,0.0,1,0,0,m3star_graph_action_value_xgboost_v0.3,m3star_graph_action_reachability_xgboost_v0.1,m3star_graph_action_value_xgboost_v0.3,9.0,0,1,1,0,development,0,0,0,1.0,G3_campaign,1.0,1,1,G2_tactic_intent,1,0,1,3,0,1,0,,8,1,1.0,C07-AA-001,0.0,0,1,project05-m3star-runtime-contract-v0.8,e1d6d08bf93f3ff400361ad947d95002dcf97cc68957c58c831e6a4fdb5c2953,0.8.0,1,0,G3_campaign,G3_campaign,m3star_graph_transition_xgboost_v0.1,0
C07-darpa-e5-theia-0515,stage,0.2,53,project05_m3star_h3_unshielded_dual,1,1.0,1,C07-AA-001,1.0,0.0,1,0,0,m3star_graph_action_value_xgboost_v0.3,m3star_graph_action_reachability_xgboost_v0.1,m3star_graph_action_value_xgboost_v0.3,9.0,0,1,1,0,development,0,0,0,1.0,G3_campaign,1.0,1,1,G2_tactic_intent,1,0,0,3,1,1,0,,8,0,1.0,C07-AA-001,0.0,0,1,project05-m3star-runtime-contract-v0.8,e1d6d08bf93f3ff400361ad947d95002dcf97cc68957c58c831e6a4fdb5c2953,0.8.0,1,1,G3_campaign,G3_campaign,m3star_graph_transition_xgboost_v0.1,0
C07-darpa-e5-theia-0515,stage,0.2,53,project05_m3star_h3_transition_only,1,1.0,1,C07-AA-001,1.0,0.0,1,0,0,none,none,none,9.0,0,1,1,0,development,0,0,0,1.0,G3_campaign,1.0,0,1,G2_tactic_intent,1,0,1,3,1,0,0,,8,1,1.0,C07-AA-001,0.0,0,1,project05-m3star-runtime-contract-v0.8,e1d6d08bf93f3ff400361ad947d95002dcf97cc68957c58c831e6a4fdb5c2953,0.8.0,1,1,G3_campaign,G3_campaign,m3star_graph_transition_xgboost_v0.1,0
C07-darpa-e5-theia-0515,stage,0.2,53,project05_m3star_h1_dual,1,1.0,1,C07-AA-001,1.0,0.0,1,0,0,m3star_graph_action_value_xgboost_v0.3,m3star_graph_action_reachability_xgboost_v0.1,m3star_graph_action_value_xgboost_v0.3,9.0,0,1,1,0,development,0,0,0,1.0,G3_campaign,1.0,1,1,G2_tactic_intent,1,0,1,1,1,1,0,,8,1,1.0,C07-AA-001,0.0,0,1,project05-m3star-runtime-contract-v0.8,e1d6d08bf93f3ff400361ad947d95002dcf97cc68957c58c831e6a4fdb5c2953,0.8.0,1,1,G3_campaign,G3_campaign,m3star_graph_transition_xgboost_v0.1,0
C07-darpa-e5-theia-0515,stage,0.2,53,project05_xgboost_policy,1,2.0,1,C07-AA-002,2.0,1.0,0,0,0,,,,9.0,0,1,1,,development,,0,0,1.0,G3_campaign,1.0,,1,G2_tactic_intent,1,0,,,,,,,,,1.0,C07-AA-001,0.0,,1,,,,1,,G3_campaign,G3_campaign,,0
C07-darpa-e5-theia-0515,stage,0.2,53,project05_m3b_policy,1,1.0,1,C07-AA-001,1.0,0.0,1,0,0,,,,9.0,0,1,1,,development,,0,0,1.0,G3_campaign,1.0,,1,G2_tactic_intent,1,0,,,,,,,,,1.0,C07-AA-001,0.0,,1,,,,1,,G3_campaign,G3_campaign,,0
C07-darpa-e5-theia-0515,stage,0.2,53,project05_m2,1,1.0,1,C07-AA-001,1.0,0.0,1,0,0,,,,9.0,0,1,1,,development,,0,0,1.0,G3_campaign,1.0,,1,G2_tactic_intent,1,0,,,,,,,,,1.0,C07-AA-001,0.0,,1,,,,1,,G3_campaign,G3_campaign,,0
C07-darpa-e5-theia-0515,stage,0.2,53,oracle_optimal,1,1.0,1,C07-AA-001,1.0,0.0,1,0,0,,,,9.0,0,1,1,,development,,0,0,1.0,G3_campaign,1.0,,1,G2_tactic_intent,1,0,,,,,,,,,1.0,C07-AA-001,0.0,,1,,,,1,,G3_campaign,G3_campaign,,0
C07-darpa-e5-theia-0515,stage,0.4,11,project05_m3star_h3_dual,1,2.0,2,C07-AA-001|C07-AA-003,2.0,0.0,1,0,0,m3star_graph_action_value_xgboost_v0.3,m3star_graph_action_reachability_xgboost_v0.1,m3star_graph_action_value_xgboost_v0.3,9.0,0,1,1,0,development,0,0,0,1.0,G3_campaign,1.0,2,1,G1_technique,2,0,1,3,1,1,1,,8,1,2.0,C07-AA-001,0.0,1,2,project05-m3star-runtime-contract-v0.8,e1d6d08bf93f3ff400361ad947d95002dcf97cc68957c58c831e6a4fdb5c2953,0.8.0,2,1,G3_campaign,G3_campaign,m3star_graph_transition_xgboost_v0.1,0
C07-darpa-e5-theia-0515,stage,0.4,11,project05_m3star_h3_no_dominance_dual,1,2.0,2,C07-AA-001|C07-AA-003,2.0,0.0,1,0,0,m3star_graph_action_value_xgboost_v0.3,m3star_graph_action_reachability_xgboost_v0.1,m3star_graph_action_value_xgboost_v0.3,9.0,0,1,1,0,development,0,0,0,1.0,G3_campaign,1.0,2,1,G1_technique,2,0,1,3,0,1,0,,8,1,2.0,C07-AA-001,0.0,0,2,project05-m3star-runtime-contract-v0.8,e1d6d08bf93f3ff400361ad947d95002dcf97cc68957c58c831e6a4fdb5c2953,0.8.0,2,0,G3_campaign,G3_campaign,m3star_graph_transition_xgboost_v0.1,0
C07-darpa-e5-theia-0515,stage,0.4,11,project05_m3star_h3_unshielded_dual,1,2.0,2,C07-AA-003|C07-AA-001,2.0,0.0,0,0,0,m3star_graph_action_value_xgboost_v0.3,m3star_graph_action_reachability_xgboost_v0.1,m3star_graph_action_value_xgboost_v0.3,9.0,0,1,1,0,development,0,0,0,1.0,G3_campaign,1.0,2,1,G1_technique,2,0,0,3,1,1,0,,8,0,2.0,C07-AA-001,0.0,0,2,project05-m3star-runtime-contract-v0.8,e1d6d08bf93f3ff400361ad947d95002dcf97cc68957c58c831e6a4fdb5c2953,0.8.0,2,1,G3_campaign,G3_campaign,m3star_graph_transition_xgboost_v0.1,0
C07-darpa-e5-theia-0515,stage,0.4,11,project05_m3star_h3_transition_only,1,2.0,2,C07-AA-001|C07-AA-003,2.0,0.0,1,0,0,none,none,none,9.0,0,1,1,0,development,0,0,0,1.0,G3_campaign,1.0,0,1,G1_technique,2,0,1,3,1,0,0,,8,1,2.0,C07-AA-001,0.0,0,2,project05-m3star-runtime-contract-v0.8,e1d6d08bf93f3ff400361ad947d95002dcf97cc68957c58c831e6a4fdb5c2953,0.8.0,2,1,G3_campaign,G3_campaign,m3star_graph_transition_xgboost_v0.1,0
C07-darpa-e5-theia-0515,stage,0.4,11,project05_m3star_h1_dual,1,2.0,2,C07-AA-001|C07-AA-003,2.0,0.0,1,0,0,m3star_graph_action_value_xgboost_v0.3,m3star_graph_action_reachability_xgboost_v0.1,m3star_graph_action_value_xgboost_v0.3,9.0,0,1,1,0,development,0,0,0,1.0,G3_campaign,1.0,2,1,G1_technique,2,0,1,1,1,1,0,,8,1,2.0,C07-AA-001,0.0,0,2,project05-m3star-runtime-contract-v0.8,e1d6d08bf93f3ff400361ad947d95002dcf97cc68957c58c831e6a4fdb5c2953,0.8.0,2,1,G3_campaign,G3_campaign,m3star_graph_transition_xgboost_v0.1,0
C07-darpa-e5-theia-0515,stage,0.4,11,project05_xgboost_policy,1,6.0,4,C07-AA-001|C07-AA-002|C07-AA-004|C07-AA-003,6.0,4.0,1,0,0,,,,9.0,0,1,1,,development,,0,0,1.0,G3_campaign,1.0,,1,G1_technique,2,0,,,,,,,,,2.0,C07-AA-001,1.0,,2,,,,4,,G3_campaign,G3_campaign,,2
C07-darpa-e5-theia-0515,stage,0.4,11,project05_m3b_policy,1,2.0,2,C07-AA-001|C07-AA-003,2.0,0.0,1,0,0,,,,9.0,0,1,1,,development,,0,0,1.0,G3_campaign,1.0,,1,G1_technique,2,0,,,,,,,,,2.0,C07-AA-001,0.0,,2,,,,2,,G3_campaign,G3_campaign,,0
C07-darpa-e5-theia-0515,stage,0.4,11,project05_m2,1,2.0,2,C07-AA-001|C07-AA-003,2.0,0.0,1,0,0,,,,9.0,0,1,1,,development,,0,0,1.0,G3_campaign,1.0,,1,G1_technique,2,0,,,,,,,,,2.0,C07-AA-001,0.0,,2,,,,2,,G3_campaign,G3_campaign,,0
C07-darpa-e5-theia-0515,stage,0.4,11,oracle_optimal,1,2.0,2,C07-AA-001|C07-AA-003,2.0,0.0,1,0,0,,,,9.0,0,1,1,,development,,0,0,1.0,G3_campaign,1.0,,1,G1_technique,2,0,,,,,,,,,2.0,C07-AA-001,0.0,,2,,,,2,,G3_campaign,G3_campaign,,0
C07-darpa-e5-theia-0515,stage,0.4,23,project05_m3star_h3_dual,1,4.0,3,C07-AA-001|C07-AA-002|C07-AA-003,4.0,1.0,0,0,0,m3star_graph_action_value_xgboost_v0.3,m3star_graph_action_reachability_xgboost_v0.1,m3star_graph_action_value_xgboost_v0.3,9.0,0,1,1,0,development,0,0,0,1.0,G3_campaign,1.0,2,1,G1_technique,2,0,1,3,1,1,1,,8,1,3.0,C07-AA-002,0.5444,1,2,project05-m3star-runtime-contract-v0.8,e1d6d08bf93f3ff400361ad947d95002dcf97cc68957c58c831e6a4fdb5c2953,0.8.0,3,1,G3_campaign,G3_campaign,m3star_graph_transition_xgboost_v0.1,1
C07-darpa-e5-theia-0515,stage,0.4,23,project05_m3star_h3_no_dominance_dual,1,4.0,3,C07-AA-001|C07-AA-002|C07-AA-003,4.0,1.0,0,0,0,m3star_graph_action_value_xgboost_v0.3,m3star_graph_action_reachability_xgboost_v0.1,m3star_graph_action_value_xgboost_v0.3,9.0,0,1,1,0,development,0,0,0,1.0,G3_campaign,1.0,2,1,G1_technique,2,0,1,3,0,1,0,,8,1,3.0,C07-AA-002,0.5444,0,2,project05-m3star-runtime-contract-v0.8,e1d6d08bf93f3ff400361ad947d95002dcf97cc68957c58c831e6a4fdb5c2953,0.8.0,3,0,G3_campaign,G3_campaign,m3star_graph_transition_xgboost_v0.1,1
C07-darpa-e5-theia-0515,stage,0.4,23,project05_m3star_h3_unshielded_dual,1,4.0,3,C07-AA-003|C07-AA-001|C07-AA-002,4.0,1.0,0,0,0,m3star_graph_action_value_xgboost_v0.3,m3star_graph_action_reachability_xgboost_v0.1,m3star_graph_action_value_xgboost_v0.3,9.0,0,1,1,0,development,0,0,0,1.0,G3_campaign,1.0,2,1,G1_technique,2,0,0,3,1,1,0,,8,0,3.0,C07-AA-002,0.4444,0,2,project05-m3star-runtime-contract-v0.8,e1d6d08bf93f3ff400361ad947d95002dcf97cc68957c58c831e6a4fdb5c2953,0.8.0,3,1,G3_campaign,G3_campaign,m3star_graph_transition_xgboost_v0.1,1
C07-darpa-e5-theia-0515,stage,0.4,23,project05_m3star_h3_transition_only,1,4.0,3,C07-AA-001|C07-AA-002|C07-AA-003,4.0,1.0,0,0,0,none,none,none,9.0,0,1,1,0,development,0,0,0,1.0,G3_campaign,1.0,0,1,G1_technique,2,0,1,3,1,0,0,,8,1,3.0,C07-AA-002,0.5444,0,2,project05-m3star-runtime-contract-v0.8,e1d6d08bf93f3ff400361ad947d95002dcf97cc68957c58c831e6a4fdb5c2953,0.8.0,3,1,G3_campaign,G3_campaign,m3star_graph_transition_xgboost_v0.1,1
C07-darpa-e5-theia-0515,stage,0.4,23,project05_m3star_h1_dual,1,4.0,3,C07-AA-001|C07-AA-002|C07-AA-003,4.0,1.0,0,0,0,m3star_graph_action_value_xgboost_v0.3,m3star_graph_action_reachability_xgboost_v0.1,m3star_graph_action_value_xgboost_v0.3,9.0,0,1,1,0,development,0,0,0,1.0,G3_campaign,1.0,2,1,G1_technique,2,0,1,1,1,1,0,,8,1,3.0,C07-AA-002,0.5444,0,2,project05-m3star-runtime-contract-v0.8,e1d6d08bf93f3ff400361ad947d95002dcf97cc68957c58c831e6a4fdb5c2953,0.8.0,3,1,G3_campaign,G3_campaign,m3star_graph_transition_xgboost_v0.1,1
C07-darpa-e5-theia-0515,stage,0.4,23,project05_xgboost_policy,1,6.0,4,C07-AA-001|C07-AA-002|C07-AA-004|C07-AA-003,6.0,3.0,0,0,0,,,,9.0,0,1,1,,development,,0,0,1.0,G3_campaign,1.0,,1,G1_technique,2,0,,,,,,,,,3.0,C07-AA-002,1.0,,2,,,,4,,G3_campaign,G3_campaign,,2
C07-darpa-e5-theia-0515,stage,0.4,23,project05_m3b_policy,1,4.0,3,C07-AA-001|C07-AA-002|C07-AA-003,4.0,1.0,0,0,0,,,,9.0,0,1,1,,development,,0,0,1.0,G3_campaign,1.0,,1,G1_technique,2,0,,,,,,,,,3.0,C07-AA-002,0.5444,,2,,,,3,,G3_campaign,G3_campaign,,1
C07-darpa-e5-theia-0515,stage,0.4,23,project05_m2,1,4.0,3,C07-AA-001|C07-AA-003|C07-AA-002,4.0,1.0,0,0,0,,,,9.0,0,1,1,,development,,0,0,1.0,G3_campaign,1.0,,1,G1_technique,2,0,,,,,,,,,3.0,C07-AA-002,0.4444,,2,,,,3,,G3_campaign,G3_campaign,,1
C07-darpa-e5-theia-0515,stage,0.4,23,oracle_optimal,1,3.0,2,C07-AA-002|C07-AA-003,3.0,0.0,1,0,0,,,,9.0,0,1,1,,development,,0,0,1.0,G3_campaign,1.0,,1,G1_technique,2,0,,,,,,,,,3.0,C07-AA-002,0.1,,2,,,,2,,G3_campaign,G3_campaign,,0
C07-darpa-e5-theia-0515,stage,0.4,37,project05_m3star_h3_dual,1,4.0,3,C07-AA-001|C07-AA-002|C07-AA-003,4.0,1.0,0,0,0,m3star_graph_action_value_xgboost_v0.3,m3star_graph_action_reachability_xgboost_v0.1,m3star_graph_action_value_xgboost_v0.3,9.0,0,1,1,0,development,0,0,0,1.0,G3_campaign,1.0,2,1,G1_technique,2,0,1,3,1,1,1,,8,1,3.0,C07-AA-002,0.5444,1,2,project05-m3star-runtime-contract-v0.8,e1d6d08bf93f3ff400361ad947d95002dcf97cc68957c58c831e6a4fdb5c2953,0.8.0,3,1,G3_campaign,G3_campaign,m3star_graph_transition_xgboost_v0.1,1
C07-darpa-e5-theia-0515,stage,0.4,37,project05_m3star_h3_no_dominance_dual,1,4.0,3,C07-AA-001|C07-AA-002|C07-AA-003,4.0,1.0,0,0,0,m3star_graph_action_value_xgboost_v0.3,m3star_graph_action_reachability_xgboost_v0.1,m3star_graph_action_value_xgboost_v0.3,9.0,0,1,1,0,development,0,0,0,1.0,G3_campaign,1.0,2,1,G1_technique,2,0,1,3,0,1,0,,8,1,3.0,C07-AA-002,0.5444,0,2,project05-m3star-runtime-contract-v0.8,e1d6d08bf93f3ff400361ad947d95002dcf97cc68957c58c831e6a4fdb5c2953,0.8.0,3,0,G3_campaign,G3_campaign,m3star_graph_transition_xgboost_v0.1,1
C07-darpa-e5-theia-0515,stage,0.4,37,project05_m3star_h3_unshielded_dual,1,4.0,3,C07-AA-003|C07-AA-001|C07-AA-002,4.0,1.0,0,0,0,m3star_graph_action_value_xgboost_v0.3,m3star_graph_action_reachability_xgboost_v0.1,m3star_graph_action_value_xgboost_v0.3,9.0,0,1,1,0,development,0,0,0,1.0,G3_campaign,1.0,2,1,G1_technique,2,0,0,3,1,1,0,,8,0,3.0,C07-AA-002,0.4444,0,2,project05-m3star-runtime-contract-v0.8,e1d6d08bf93f3ff400361ad947d95002dcf97cc68957c58c831e6a4fdb5c2953,0.8.0,3,1,G3_campaign,G3_campaign,m3star_graph_transition_xgboost_v0.1,1
C07-darpa-e5-theia-0515,stage,0.4,37,project05_m3star_h3_transition_only,1,4.0,3,C07-AA-001|C07-AA-002|C07-AA-003,4.0,1.0,0,0,0,none,none,none,9.0,0,1,1,0,development,0,0,0,1.0,G3_campaign,1.0,0,1,G1_technique,2,0,1,3,1,0,0,,8,1,3.0,C07-AA-002,0.5444,0,2,project05-m3star-runtime-contract-v0.8,e1d6d08bf93f3ff400361ad947d95002dcf97cc68957c58c831e6a4fdb5c2953,0.8.0,3,1,G3_campaign,G3_campaign,m3star_graph_transition_xgboost_v0.1,1
C07-darpa-e5-theia-0515,stage,0.4,37,project05_m3star_h1_dual,1,4.0,3,C07-AA-001|C07-AA-002|C07-AA-003,4.0,1.0,0,0,0,m3star_graph_action_value_xgboost_v0.3,m3star_graph_action_reachability_xgboost_v0.1,m3star_graph_action_value_xgboost_v0.3,9.0,0,1,1,0,development,0,0,0,1.0,G3_campaign,1.0,2,1,G1_technique,2,0,1,1,1,1,0,,8,1,3.0,C07-AA-002,0.5444,0,2,project05-m3star-runtime-contract-v0.8,e1d6d08bf93f3ff400361ad947d95002dcf97cc68957c58c831e6a4fdb5c2953,0.8.0,3,1,G3_campaign,G3_campaign,m3star_graph_transition_xgboost_v0.1,1
C07-darpa-e5-theia-0515,stage,0.4,37,project05_xgboost_policy,1,6.0,4,C07-AA-001|C07-AA-002|C07-AA-004|C07-AA-003,6.0,3.0,0,0,0,,,,9.0,0,1,1,,development,,0,0,1.0,G3_campaign,1.0,,1,G1_technique,2,0,,,,,,,,,3.0,C07-AA-002,1.0,,2,,,,4,,G3_campaign,G3_campaign,,2
C07-darpa-e5-theia-0515,stage,0.4,37,project05_m3b_policy,1,4.0,3,C07-AA-001|C07-AA-002|C07-AA-003,4.0,1.0,0,0,0,,,,9.0,0,1,1,,development,,0,0,1.0,G3_campaign,1.0,,1,G1_technique,2,0,,,,,,,,,3.0,C07-AA-002,0.5444,,2,,,,3,,G3_campaign,G3_campaign,,1
C07-darpa-e5-theia-0515,stage,0.4,37,project05_m2,1,4.0,3,C07-AA-001|C07-AA-003|C07-AA-002,4.0,1.0,0,0,0,,,,9.0,0,1,1,,development,,0,0,1.0,G3_campaign,1.0,,1,G1_technique,2,0,,,,,,,,,3.0,C07-AA-002,0.4444,,2,,,,3,,G3_campaign,G3_campaign,,1
C07-darpa-e5-theia-0515,stage,0.4,37,oracle_optimal,1,3.0,2,C07-AA-002|C07-AA-003,3.0,0.0,1,0,0,,,,9.0,0,1,1,,development,,0,0,1.0,G3_campaign,1.0,,1,G1_technique,2,0,,,,,,,,,3.0,C07-AA-002,0.1,,2,,,,2,,G3_campaign,G3_campaign,,0
C07-darpa-e5-theia-0515,stage,0.4,41,project05_m3star_h3_dual,1,2.0,2,C07-AA-001|C07-AA-003,2.0,0.0,1,0,0,m3star_graph_action_value_xgboost_v0.3,m3star_graph_action_reachability_xgboost_v0.1,m3star_graph_action_value_xgboost_v0.3,9.0,0,1,1,0,development,0,0,0,1.0,G3_campaign,1.0,2,1,G1_technique,2,0,1,3,1,1,1,,8,1,2.0,C07-AA-001,0.0,1,2,project05-m3star-runtime-contract-v0.8,e1d6d08bf93f3ff400361ad947d95002dcf97cc68957c58c831e6a4fdb5c2953,0.8.0,2,1,G3_campaign,G3_campaign,m3star_graph_transition_xgboost_v0.1,0
C07-darpa-e5-theia-0515,stage,0.4,41,project05_m3star_h3_no_dominance_dual,1,2.0,2,C07-AA-001|C07-AA-003,2.0,0.0,1,0,0,m3star_graph_action_value_xgboost_v0.3,m3star_graph_action_reachability_xgboost_v0.1,m3star_graph_action_value_xgboost_v0.3,9.0,0,1,1,0,development,0,0,0,1.0,G3_campaign,1.0,2,1,G1_technique,2,0,1,3,0,1,0,,8,1,2.0,C07-AA-001,0.0,0,2,project05-m3star-runtime-contract-v0.8,e1d6d08bf93f3ff400361ad947d95002dcf97cc68957c58c831e6a4fdb5c2953,0.8.0,2,0,G3_campaign,G3_campaign,m3star_graph_transition_xgboost_v0.1,0
C07-darpa-e5-theia-0515,stage,0.4,41,project05_m3star_h3_unshielded_dual,1,2.0,2,C07-AA-003|C07-AA-001,2.0,0.0,0,0,0,m3star_graph_action_value_xgboost_v0.3,m3star_graph_action_reachability_xgboost_v0.1,m3star_graph_action_value_xgboost_v0.3,9.0,0,1,1,0,development,0,0,0,1.0,G3_campaign,1.0,2,1,G1_technique,2,0,0,3,1,1,0,,8,0,2.0,C07-AA-001,0.0,0,2,project05-m3star-runtime-contract-v0.8,e1d6d08bf93f3ff400361ad947d95002dcf97cc68957c58c831e6a4fdb5c2953,0.8.0,2,1,G3_campaign,G3_campaign,m3star_graph_transition_xgboost_v0.1,0
C07-darpa-e5-theia-0515,stage,0.4,41,project05_m3star_h3_transition_only,1,2.0,2,C07-AA-001|C07-AA-003,2.0,0.0,1,0,0,none,none,none,9.0,0,1,1,0,development,0,0,0,1.0,G3_campaign,1.0,0,1,G1_technique,2,0,1,3,1,0,0,,8,1,2.0,C07-AA-001,0.0,0,2,project05-m3star-runtime-contract-v0.8,e1d6d08bf93f3ff400361ad947d95002dcf97cc68957c58c831e6a4fdb5c2953,0.8.0,2,1,G3_campaign,G3_campaign,m3star_graph_transition_xgboost_v0.1,0
C07-darpa-e5-theia-0515,stage,0.4,41,project05_m3star_h1_dual,1,2.0,2,C07-AA-001|C07-AA-003,2.0,0.0,1,0,0,m3star_graph_action_value_xgboost_v0.3,m3star_graph_action_reachability_xgboost_v0.1,m3star_graph_action_value_xgboost_v0.3,9.0,0,1,1,0,development,0,0,0,1.0,G3_campaign,1.0,2,1,G1_technique,2,0,1,1,1,1,0,,8,1,2.0,C07-AA-001,0.0,0,2,project05-m3star-runtime-contract-v0.8,e1d6d08bf93f3ff400361ad947d95002dcf97cc68957c58c831e6a4fdb5c2953,0.8.0,2,1,G3_campaign,G3_campaign,m3star_graph_transition_xgboost_v0.1,0
C07-darpa-e5-theia-0515,stage,0.4,41,project05_xgboost_policy,1,6.0,4,C07-AA-001|C07-AA-002|C07-AA-004|C07-AA-003,6.0,4.0,1,0,0,,,,9.0,0,1,1,,development,,0,0,1.0,G3_campaign,1.0,,1,G1_technique,2,0,,,,,,,,,2.0,C07-AA-001,1.0,,2,,,,4,,G3_campaign,G3_campaign,,2
C07-darpa-e5-theia-0515,stage,0.4,41,project05_m3b_policy,1,2.0,2,C07-AA-001|C07-AA-003,2.0,0.0,1,0,0,,,,9.0,0,1,1,,development,,0,0,1.0,G3_campaign,1.0,,1,G1_technique,2,0,,,,,,,,,2.0,C07-AA-001,0.0,,2,,,,2,,G3_campaign,G3_campaign,,0
C07-darpa-e5-theia-0515,stage,0.4,41,project05_m2,1,2.0,2,C07-AA-001|C07-AA-003,2.0,0.0,1,0,0,,,,9.0,0,1,1,,development,,0,0,1.0,G3_campaign,1.0,,1,G1_technique,2,0,,,,,,,,,2.0,C07-AA-001,0.0,,2,,,,2,,G3_campaign,G3_campaign,,0
C07-darpa-e5-theia-0515,stage,0.4,41,oracle_optimal,1,2.0,2,C07-AA-001|C07-AA-003,2.0,0.0,1,0,0,,,,9.0,0,1,1,,development,,0,0,1.0,G3_campaign,1.0,,1,G1_technique,2,0,,,,,,,,,2.0,C07-AA-001,0.0,,2,,,,2,,G3_campaign,G3_campaign,,0
C07-darpa-e5-theia-0515,stage,0.4,53,project05_m3star_h3_dual,1,2.0,2,C07-AA-001|C07-AA-003,2.0,0.0,1,0,0,m3star_graph_action_value_xgboost_v0.3,m3star_graph_action_reachability_xgboost_v0.1,m3star_graph_action_value_xgboost_v0.3,9.0,0,1,1,0,development,0,0,0,1.0,G3_campaign,1.0,2,1,G1_technique,2,0,1,3,1,1,1,,8,1,2.0,C07-AA-001,0.0,1,2,project05-m3star-runtime-contract-v0.8,e1d6d08bf93f3ff400361ad947d95002dcf97cc68957c58c831e6a4fdb5c2953,0.8.0,2,1,G3_campaign,G3_campaign,m3star_graph_transition_xgboost_v0.1,0
C07-darpa-e5-theia-0515,stage,0.4,53,project05_m3star_h3_no_dominance_dual,1,2.0,2,C07-AA-001|C07-AA-003,2.0,0.0,1,0,0,m3star_graph_action_value_xgboost_v0.3,m3star_graph_action_reachability_xgboost_v0.1,m3star_graph_action_value_xgboost_v0.3,9.0,0,1,1,0,development,0,0,0,1.0,G3_campaign,1.0,2,1,G1_technique,2,0,1,3,0,1,0,,8,1,2.0,C07-AA-001,0.0,0,2,project05-m3star-runtime-contract-v0.8,e1d6d08bf93f3ff400361ad947d95002dcf97cc68957c58c831e6a4fdb5c2953,0.8.0,2,0,G3_campaign,G3_campaign,m3star_graph_transition_xgboost_v0.1,0
C07-darpa-e5-theia-0515,stage,0.4,53,project05_m3star_h3_unshielded_dual,1,2.0,2,C07-AA-003|C07-AA-001,2.0,0.0,0,0,0,m3star_graph_action_value_xgboost_v0.3,m3star_graph_action_reachability_xgboost_v0.1,m3star_graph_action_value_xgboost_v0.3,9.0,0,1,1,0,development,0,0,0,1.0,G3_campaign,1.0,2,1,G1_technique,2,0,0,3,1,1,0,,8,0,2.0,C07-AA-001,0.0,0,2,project05-m3star-runtime-contract-v0.8,e1d6d08bf93f3ff400361ad947d95002dcf97cc68957c58c831e6a4fdb5c2953,0.8.0,2,1,G3_campaign,G3_campaign,m3star_graph_transition_xgboost_v0.1,0
C07-darpa-e5-theia-0515,stage,0.4,53,project05_m3star_h3_transition_only,1,2.0,2,C07-AA-001|C07-AA-003,2.0,0.0,1,0,0,none,none,none,9.0,0,1,1,0,development,0,0,0,1.0,G3_campaign,1.0,0,1,G1_technique,2,0,1,3,1,0,0,,8,1,2.0,C07-AA-001,0.0,0,2,project05-m3star-runtime-contract-v0.8,e1d6d08bf93f3ff400361ad947d95002dcf97cc68957c58c831e6a4fdb5c2953,0.8.0,2,1,G3_campaign,G3_campaign,m3star_graph_transition_xgboost_v0.1,0
C07-darpa-e5-theia-0515,stage,0.4,53,project05_m3star_h1_dual,1,2.0,2,C07-AA-001|C07-AA-003,2.0,0.0,1,0,0,m3star_graph_action_value_xgboost_v0.3,m3star_graph_action_reachability_xgboost_v0.1,m3star_graph_action_value_xgboost_v0.3,9.0,0,1,1,0,development,0,0,0,1.0,G3_campaign,1.0,2,1,G1_technique,2,0,1,1,1,1,0,,8,1,2.0,C07-AA-001,0.0,0,2,project05-m3star-runtime-contract-v0.8,e1d6d08bf93f3ff400361ad947d95002dcf97cc68957c58c831e6a4fdb5c2953,0.8.0,2,1,G3_campaign,G3_campaign,m3star_graph_transition_xgboost_v0.1,0
C07-darpa-e5-theia-0515,stage,0.4,53,project05_xgboost_policy,1,6.0,4,C07-AA-001|C07-AA-002|C07-AA-004|C07-AA-003,6.0,4.0,1,0,0,,,,9.0,0,1,1,,development,,0,0,1.0,G3_campaign,1.0,,1,G1_technique,2,0,,,,,,,,,2.0,C07-AA-001,1.0,,2,,,,4,,G3_campaign,G3_campaign,,2
C07-darpa-e5-theia-0515,stage,0.4,53,project05_m3b_policy,1,2.0,2,C07-AA-001|C07-AA-003,2.0,0.0,1,0,0,,,,9.0,0,1,1,,development,,0,0,1.0,G3_campaign,1.0,,1,G1_technique,2,0,,,,,,,,,2.0,C07-AA-001,0.0,,2,,,,2,,G3_campaign,G3_campaign,,0
C07-darpa-e5-theia-0515,stage,0.4,53,project05_m2,1,2.0,2,C07-AA-001|C07-AA-003,2.0,0.0,1,0,0,,,,9.0,0,1,1,,development,,0,0,1.0,G3_campaign,1.0,,1,G1_technique,2,0,,,,,,,,,2.0,C07-AA-001,0.0,,2,,,,2,,G3_campaign,G3_campaign,,0
C07-darpa-e5-theia-0515,stage,0.4,53,oracle_optimal,1,2.0,2,C07-AA-001|C07-AA-003,2.0,0.0,1,0,0,,,,9.0,0,1,1,,development,,0,0,1.0,G3_campaign,1.0,,1,G1_technique,2,0,,,,,,,,,2.0,C07-AA-001,0.0,,2,,,,2,,G3_campaign,G3_campaign,,0
C07-darpa-e5-theia-0515,stage,0.6,11,project05_m3star_h3_dual,1,4.0,3,C07-AA-004|C07-AA-001|C07-AA-003,4.0,0.0,0,0,0,m3star_graph_action_value_xgboost_v0.3,m3star_graph_action_reachability_xgboost_v0.1,m3star_graph_action_value_xgboost_v0.3,9.0,0,1,1,0,development,1,0,0,1.0,G3_campaign,1.0,0,1,G0_unknown,3,0,1,3,1,1,1,,8,1,4.0,C07-AA-001,0.1111,1,3,project05-m3star-runtime-contract-v0.8,e1d6d08bf93f3ff400361ad947d95002dcf97cc68957c58c831e6a4fdb5c2953,0.8.0,3,1,G3_campaign,G3_campaign,m3star_graph_transition_xgboost_v0.1,0
C07-darpa-e5-theia-0515,stage,0.6,11,project05_m3star_h3_no_dominance_dual,1,5.0,3,C07-AA-004|C07-AA-002|C07-AA-003,5.0,1.0,0,0,0,m3star_graph_action_value_xgboost_v0.3,m3star_graph_action_reachability_xgboost_v0.1,m3star_graph_action_value_xgboost_v0.3,9.0,0,1,1,0,development,0,0,0,1.0,G3_campaign,1.0,0,1,G0_unknown,3,0,1,3,0,1,0,,8,1,4.0,C07-AA-001,0.5556,0,3,project05-m3star-runtime-contract-v0.8,e1d6d08bf93f3ff400361ad947d95002dcf97cc68957c58c831e6a4fdb5c2953,0.8.0,3,0,G3_campaign,G3_campaign,m3star_graph_transition_xgboost_v0.1,0
C07-darpa-e5-theia-0515,stage,0.6,11,project05_m3star_h3_unshielded_dual,1,4.0,3,C07-AA-003|C07-AA-001|C07-AA-004,4.0,0.0,0,0,0,m3star_graph_action_value_xgboost_v0.3,m3star_graph_action_reachability_xgboost_v0.1,m3star_graph_action_value_xgboost_v0.3,9.0,0,1,1,0,development,0,0,0,1.0,G3_campaign,1.0,1,1,G0_unknown,3,0,0,3,1,1,0,,8,0,4.0,C07-AA-001,0.2222,0,3,project05-m3star-runtime-contract-v0.8,e1d6d08bf93f3ff400361ad947d95002dcf97cc68957c58c831e6a4fdb5c2953,0.8.0,3,1,G3_campaign,G3_campaign,m3star_graph_transition_xgboost_v0.1,0
C07-darpa-e5-theia-0515,stage,0.6,11,project05_m3star_h3_transition_only,1,5.0,3,C07-AA-004|C07-AA-002|C07-AA-003,5.0,1.0,0,0,0,none,none,none,9.0,0,1,1,0,development,0,0,0,1.0,G3_campaign,1.0,0,1,G0_unknown,3,0,1,3,1,0,0,,8,1,4.0,C07-AA-001,0.5556,0,3,project05-m3star-runtime-contract-v0.8,e1d6d08bf93f3ff400361ad947d95002dcf97cc68957c58c831e6a4fdb5c2953,0.8.0,3,1,G3_campaign,G3_campaign,m3star_graph_transition_xgboost_v0.1,0
C07-darpa-e5-theia-0515,stage,0.6,11,project05_m3star_h1_dual,1,5.0,3,C07-AA-004|C07-AA-002|C07-AA-003,5.0,1.0,0,0,0,m3star_graph_action_value_xgboost_v0.3,m3star_graph_action_reachability_xgboost_v0.1,m3star_graph_action_value_xgboost_v0.3,9.0,0,1,1,0,development,0,0,0,1.0,G3_campaign,1.0,0,1,G0_unknown,3,0,1,1,1,1,0,,8,1,4.0,C07-AA-001,0.5556,0,3,project05-m3star-runtime-contract-v0.8,e1d6d08bf93f3ff400361ad947d95002dcf97cc68957c58c831e6a4fdb5c2953,0.8.0,3,1,G3_campaign,G3_campaign,m3star_graph_transition_xgboost_v0.1,0
C07-darpa-e5-theia-0515,stage,0.6,11,project05_xgboost_policy,1,5.0,3,C07-AA-003|C07-AA-002|C07-AA-004,5.0,1.0,0,0,0,,,,9.0,0,1,1,,development,,0,0,1.0,G3_campaign,1.0,,1,G0_unknown,3,0,,,,,,,,,4.0,C07-AA-001,0.6444,,3,,,,3,,G3_campaign,G3_campaign,,0
C07-darpa-e5-theia-0515,stage,0.6,11,project05_m3b_policy,1,4.0,3,C07-AA-001|C07-AA-003|C07-AA-004,4.0,0.0,1,0,0,,,,9.0,0,1,1,,development,,0,0,1.0,G3_campaign,1.0,,1,G0_unknown,3,0,,,,,,,,,4.0,C07-AA-001,0.2222,,3,,,,3,,G3_campaign,G3_campaign,,0
C07-darpa-e5-theia-0515,stage,0.6,11,project05_m2,1,5.0,3,C07-AA-002|C07-AA-003|C07-AA-004,5.0,1.0,0,0,0,,,,9.0,0,1,1,,development,,0,0,1.0,G3_campaign,1.0,,1,G0_unknown,3,0,,,,,,,,,4.0,C07-AA-001,0.5444,,3,,,,3,,G3_campaign,G3_campaign,,0
C07-darpa-e5-theia-0515,stage,0.6,11,oracle_optimal,1,4.0,3,C07-AA-001|C07-AA-003|C07-AA-004,4.0,0.0,1,0,0,,,,9.0,0,1,1,,development,,0,0,1.0,G3_campaign,1.0,,1,G0_unknown,3,0,,,,,,,,,4.0,C07-AA-001,0.2222,,3,,,,3,,G3_campaign,G3_campaign,,0
C07-darpa-e5-theia-0515,stage,0.6,23,project05_m3star_h3_dual,1,6.0,4,C07-AA-004|C07-AA-001|C07-AA-002|C07-AA-003,6.0,1.0,0,0,0,m3star_graph_action_value_xgboost_v0.3,m3star_graph_action_reachability_xgboost_v0.1,m3star_graph_action_value_xgboost_v0.3,9.0,0,1,1,0,development,1,0,0,1.0,G3_campaign,1.0,0,1,G0_unknown,3,0,1,3,1,1,1,,8,1,5.0,C07-AA-002,0.5556,1,3,project05-m3star-runtime-contract-v0.8,e1d6d08bf93f3ff400361ad947d95002dcf97cc68957c58c831e6a4fdb5c2953,0.8.0,4,1,G3_campaign,G3_campaign,m3star_graph_transition_xgboost_v0.1,1
C07-darpa-e5-theia-0515,stage,0.6,23,project05_m3star_h3_no_dominance_dual,1,5.0,3,C07-AA-004|C07-AA-002|C07-AA-003,5.0,0.0,0,0,0,m3star_graph_action_value_xgboost_v0.3,m3star_graph_action_reachability_xgboost_v0.1,m3star_graph_action_value_xgboost_v0.3,9.0,0,1,1,0,development,0,0,0,1.0,G3_campaign,1.0,0,1,G0_unknown,3,0,1,3,0,1,0,,8,1,5.0,C07-AA-002,0.5556,0,3,project05-m3star-runtime-contract-v0.8,e1d6d08bf93f3ff400361ad947d95002dcf97cc68957c58c831e6a4fdb5c2953,0.8.0,3,0,G3_campaign,G3_campaign,m3star_graph_transition_xgboost_v0.1,0
C07-darpa-e5-theia-0515,stage,0.6,23,project05_m3star_h3_unshielded_dual,1,6.0,4,C07-AA-003|C07-AA-001|C07-AA-004|C07-AA-002,6.0,1.0,0,0,0,m3star_graph_action_value_xgboost_v0.3,m3star_graph_action_reachability_xgboost_v0.1,m3star_graph_action_value_xgboost_v0.3,9.0,0,1,1,0,development,0,0,0,1.0,G3_campaign,1.0,1,1,G0_unknown,3,0,0,3,1,1,0,,8,0,5.0,C07-AA-002,0.6667,0,3,project05-m3star-runtime-contract-v0.8,e1d6d08bf93f3ff400361ad947d95002dcf97cc68957c58c831e6a4fdb5c2953,0.8.0,4,1,G3_campaign,G3_campaign,m3star_graph_transition_xgboost_v0.1,1
C07-darpa-e5-theia-0515,stage,0.6,23,project05_m3star_h3_transition_only,1,5.0,3,C07-AA-004|C07-AA-002|C07-AA-003,5.0,0.0,0,0,0,none,none,none,9.0,0,1,1,0,development,0,0,0,1.0,G3_campaign,1.0,0,1,G0_unknown,3,0,1,3,1,0,0,,8,1,5.0,C07-AA-002,0.5556,0,3,project05-m3star-runtime-contract-v0.8,e1d6d08bf93f3ff400361ad947d95002dcf97cc68957c58c831e6a4fdb5c2953,0.8.0,3,1,G3_campaign,G3_campaign,m3star_graph_transition_xgboost_v0.1,0
C07-darpa-e5-theia-0515,stage,0.6,23,project05_m3star_h1_dual,1,5.0,3,C07-AA-004|C07-AA-002|C07-AA-003,5.0,0.0,0,0,0,m3star_graph_action_value_xgboost_v0.3,m3star_graph_action_reachability_xgboost_v0.1,m3star_graph_action_value_xgboost_v0.3,9.0,0,1,1,0,development,0,0,0,1.0,G3_campaign,1.0,0,1,G0_unknown,3,0,1,1,1,1,0,,8,1,5.0,C07-AA-002,0.5556,0,3,project05-m3star-runtime-contract-v0.8,e1d6d08bf93f3ff400361ad947d95002dcf97cc68957c58c831e6a4fdb5c2953,0.8.0,3,1,G3_campaign,G3_campaign,m3star_graph_transition_xgboost_v0.1,0
C07-darpa-e5-theia-0515,stage,0.6,23,project05_xgboost_policy,1,5.0,3,C07-AA-003|C07-AA-002|C07-AA-004,5.0,0.0,0,0,0,,,,9.0,0,1,1,,development,,0,0,1.0,G3_campaign,1.0,,1,G0_unknown,3,0,,,,,,,,,5.0,C07-AA-002,0.6444,,3,,,,3,,G3_campaign,G3_campaign,,0
C07-darpa-e5-theia-0515,stage,0.6,23,project05_m3b_policy,1,6.0,4,C07-AA-001|C07-AA-003|C07-AA-002|C07-AA-004,6.0,1.0,0,0,0,,,,9.0,0,1,1,,development,,0,0,1.0,G3_campaign,1.0,,1,G0_unknown,3,0,,,,,,,,,5.0,C07-AA-002,0.8889,,3,,,,4,,G3_campaign,G3_campaign,,1
C07-darpa-e5-theia-0515,stage,0.6,23,project05_m2,1,5.0,3,C07-AA-002|C07-AA-003|C07-AA-004,5.0,0.0,1,0,0,,,,9.0,0,1,1,,development,,0,0,1.0,G3_campaign,1.0,,1,G0_unknown,3,0,,,,,,,,,5.0,C07-AA-002,0.5444,,3,,,,3,,G3_campaign,G3_campaign,,0
C07-darpa-e5-theia-0515,stage,0.6,23,oracle_optimal,1,5.0,3,C07-AA-002|C07-AA-003|C07-AA-004,5.0,0.0,1,0,0,,,,9.0,0,1,1,,development,,0,0,1.0,G3_campaign,1.0,,1,G0_unknown,3,0,,,,,,,,,5.0,C07-AA-002,0.5444,,3,,,,3,,G3_campaign,G3_campaign,,0
C07-darpa-e5-theia-0515,stage,0.6,37,project05_m3star_h3_dual,1,6.0,4,C07-AA-004|C07-AA-001|C07-AA-002|C07-AA-003,6.0,1.0,0,0,0,m3star_graph_action_value_xgboost_v0.3,m3star_graph_action_reachability_xgboost_v0.1,m3star_graph_action_value_xgboost_v0.3,9.0,0,1,1,0,development,1,0,0,1.0,G3_campaign,1.0,0,1,G0_unknown,3,0,1,3,1,1,1,,8,1,5.0,C07-AA-002,0.5556,1,3,project05-m3star-runtime-contract-v0.8,e1d6d08bf93f3ff400361ad947d95002dcf97cc68957c58c831e6a4fdb5c2953,0.8.0,4,1,G3_campaign,G3_campaign,m3star_graph_transition_xgboost_v0.1,1
C07-darpa-e5-theia-0515,stage,0.6,37,project05_m3star_h3_no_dominance_dual,1,5.0,3,C07-AA-004|C07-AA-002|C07-AA-003,5.0,0.0,0,0,0,m3star_graph_action_value_xgboost_v0.3,m3star_graph_action_reachability_xgboost_v0.1,m3star_graph_action_value_xgboost_v0.3,9.0,0,1,1,0,development,0,0,0,1.0,G3_campaign,1.0,0,1,G0_unknown,3,0,1,3,0,1,0,,8,1,5.0,C07-AA-002,0.5556,0,3,project05-m3star-runtime-contract-v0.8,e1d6d08bf93f3ff400361ad947d95002dcf97cc68957c58c831e6a4fdb5c2953,0.8.0,3,0,G3_campaign,G3_campaign,m3star_graph_transition_xgboost_v0.1,0
C07-darpa-e5-theia-0515,stage,0.6,37,project05_m3star_h3_unshielded_dual,1,6.0,4,C07-AA-003|C07-AA-001|C07-AA-004|C07-AA-002,6.0,1.0,0,0,0,m3star_graph_action_value_xgboost_v0.3,m3star_graph_action_reachability_xgboost_v0.1,m3star_graph_action_value_xgboost_v0.3,9.0,0,1,1,0,development,0,0,0,1.0,G3_campaign,1.0,1,1,G0_unknown,3,0,0,3,1,1,0,,8,0,5.0,C07-AA-002,0.6667,0,3,project05-m3star-runtime-contract-v0.8,e1d6d08bf93f3ff400361ad947d95002dcf97cc68957c58c831e6a4fdb5c2953,0.8.0,4,1,G3_campaign,G3_campaign,m3star_graph_transition_xgboost_v0.1,1
C07-darpa-e5-theia-0515,stage,0.6,37,project05_m3star_h3_transition_only,1,5.0,3,C07-AA-004|C07-AA-002|C07-AA-003,5.0,0.0,0,0,0,none,none,none,9.0,0,1,1,0,development,0,0,0,1.0,G3_campaign,1.0,0,1,G0_unknown,3,0,1,3,1,0,0,,8,1,5.0,C07-AA-002,0.5556,0,3,project05-m3star-runtime-contract-v0.8,e1d6d08bf93f3ff400361ad947d95002dcf97cc68957c58c831e6a4fdb5c2953,0.8.0,3,1,G3_campaign,G3_campaign,m3star_graph_transition_xgboost_v0.1,0
C07-darpa-e5-theia-0515,stage,0.6,37,project05_m3star_h1_dual,1,5.0,3,C07-AA-004|C07-AA-002|C07-AA-003,5.0,0.0,0,0,0,m3star_graph_action_value_xgboost_v0.3,m3star_graph_action_reachability_xgboost_v0.1,m3star_graph_action_value_xgboost_v0.3,9.0,0,1,1,0,development,0,0,0,1.0,G3_campaign,1.0,0,1,G0_unknown,3,0,1,1,1,1,0,,8,1,5.0,C07-AA-002,0.5556,0,3,project05-m3star-runtime-contract-v0.8,e1d6d08bf93f3ff400361ad947d95002dcf97cc68957c58c831e6a4fdb5c2953,0.8.0,3,1,G3_campaign,G3_campaign,m3star_graph_transition_xgboost_v0.1,0
C07-darpa-e5-theia-0515,stage,0.6,37,project05_xgboost_policy,1,5.0,3,C07-AA-003|C07-AA-002|C07-AA-004,5.0,0.0,0,0,0,,,,9.0,0,1,1,,development,,0,0,1.0,G3_campaign,1.0,,1,G0_unknown,3,0,,,,,,,,,5.0,C07-AA-002,0.6444,,3,,,,3,,G3_campaign,G3_campaign,,0
C07-darpa-e5-theia-0515,stage,0.6,37,project05_m3b_policy,1,6.0,4,C07-AA-001|C07-AA-003|C07-AA-002|C07-AA-004,6.0,1.0,0,0,0,,,,9.0,0,1,1,,development,,0,0,1.0,G3_campaign,1.0,,1,G0_unknown,3,0,,,,,,,,,5.0,C07-AA-002,0.8889,,3,,,,4,,G3_campaign,G3_campaign,,1
C07-darpa-e5-theia-0515,stage,0.6,37,project05_m2,1,5.0,3,C07-AA-002|C07-AA-003|C07-AA-004,5.0,0.0,1,0,0,,,,9.0,0,1,1,,development,,0,0,1.0,G3_campaign,1.0,,1,G0_unknown,3,0,,,,,,,,,5.0,C07-AA-002,0.5444,,3,,,,3,,G3_campaign,G3_campaign,,0
C07-darpa-e5-theia-0515,stage,0.6,37,oracle_optimal,1,5.0,3,C07-AA-002|C07-AA-003|C07-AA-004,5.0,0.0,1,0,0,,,,9.0,0,1,1,,development,,0,0,1.0,G3_campaign,1.0,,1,G0_unknown,3,0,,,,,,,,,5.0,C07-AA-002,0.5444,,3,,,,3,,G3_campaign,G3_campaign,,0
C07-darpa-e5-theia-0515,stage,0.6,41,project05_m3star_h3_dual,1,4.0,3,C07-AA-004|C07-AA-001|C07-AA-003,4.0,0.0,0,0,0,m3star_graph_action_value_xgboost_v0.3,m3star_graph_action_reachability_xgboost_v0.1,m3star_graph_action_value_xgboost_v0.3,9.0,0,1,1,0,development,1,0,0,1.0,G3_campaign,1.0,0,1,G0_unknown,3,0,1,3,1,1,1,,8,1,4.0,C07-AA-001,0.1111,1,3,project05-m3star-runtime-contract-v0.8,e1d6d08bf93f3ff400361ad947d95002dcf97cc68957c58c831e6a4fdb5c2953,0.8.0,3,1,G3_campaign,G3_campaign,m3star_graph_transition_xgboost_v0.1,0
C07-darpa-e5-theia-0515,stage,0.6,41,project05_m3star_h3_no_dominance_dual,1,5.0,3,C07-AA-004|C07-AA-002|C07-AA-003,5.0,1.0,0,0,0,m3star_graph_action_value_xgboost_v0.3,m3star_graph_action_reachability_xgboost_v0.1,m3star_graph_action_value_xgboost_v0.3,9.0,0,1,1,0,development,0,0,0,1.0,G3_campaign,1.0,0,1,G0_unknown,3,0,1,3,0,1,0,,8,1,4.0,C07-AA-001,0.5556,0,3,project05-m3star-runtime-contract-v0.8,e1d6d08bf93f3ff400361ad947d95002dcf97cc68957c58c831e6a4fdb5c2953,0.8.0,3,0,G3_campaign,G3_campaign,m3star_graph_transition_xgboost_v0.1,0
C07-darpa-e5-theia-0515,stage,0.6,41,project05_m3star_h3_unshielded_dual,1,4.0,3,C07-AA-003|C07-AA-001|C07-AA-004,4.0,0.0,0,0,0,m3star_graph_action_value_xgboost_v0.3,m3star_graph_action_reachability_xgboost_v0.1,m3star_graph_action_value_xgboost_v0.3,9.0,0,1,1,0,development,0,0,0,1.0,G3_campaign,1.0,1,1,G0_unknown,3,0,0,3,1,1,0,,8,0,4.0,C07-AA-001,0.2222,0,3,project05-m3star-runtime-contract-v0.8,e1d6d08bf93f3ff400361ad947d95002dcf97cc68957c58c831e6a4fdb5c2953,0.8.0,3,1,G3_campaign,G3_campaign,m3star_graph_transition_xgboost_v0.1,0
C07-darpa-e5-theia-0515,stage,0.6,41,project05_m3star_h3_transition_only,1,5.0,3,C07-AA-004|C07-AA-002|C07-AA-003,5.0,1.0,0,0,0,none,none,none,9.0,0,1,1,0,development,0,0,0,1.0,G3_campaign,1.0,0,1,G0_unknown,3,0,1,3,1,0,0,,8,1,4.0,C07-AA-001,0.5556,0,3,project05-m3star-runtime-contract-v0.8,e1d6d08bf93f3ff400361ad947d95002dcf97cc68957c58c831e6a4fdb5c2953,0.8.0,3,1,G3_campaign,G3_campaign,m3star_graph_transition_xgboost_v0.1,0
C07-darpa-e5-theia-0515,stage,0.6,41,project05_m3star_h1_dual,1,5.0,3,C07-AA-004|C07-AA-002|C07-AA-003,5.0,1.0,0,0,0,m3star_graph_action_value_xgboost_v0.3,m3star_graph_action_reachability_xgboost_v0.1,m3star_graph_action_value_xgboost_v0.3,9.0,0,1,1,0,development,0,0,0,1.0,G3_campaign,1.0,0,1,G0_unknown,3,0,1,1,1,1,0,,8,1,4.0,C07-AA-001,0.5556,0,3,project05-m3star-runtime-contract-v0.8,e1d6d08bf93f3ff400361ad947d95002dcf97cc68957c58c831e6a4fdb5c2953,0.8.0,3,1,G3_campaign,G3_campaign,m3star_graph_transition_xgboost_v0.1,0
C07-darpa-e5-theia-0515,stage,0.6,41,project05_xgboost_policy,1,5.0,3,C07-AA-003|C07-AA-002|C07-AA-004,5.0,1.0,0,0,0,,,,9.0,0,1,1,,development,,0,0,1.0,G3_campaign,1.0,,1,G0_unknown,3,0,,,,,,,,,4.0,C07-AA-001,0.6444,,3,,,,3,,G3_campaign,G3_campaign,,0
C07-darpa-e5-theia-0515,stage,0.6,41,project05_m3b_policy,1,4.0,3,C07-AA-001|C07-AA-003|C07-AA-004,4.0,0.0,1,0,0,,,,9.0,0,1,1,,development,,0,0,1.0,G3_campaign,1.0,,1,G0_unknown,3,0,,,,,,,,,4.0,C07-AA-001,0.2222,,3,,,,3,,G3_campaign,G3_campaign,,0
C07-darpa-e5-theia-0515,stage,0.6,41,project05_m2,1,5.0,3,C07-AA-002|C07-AA-003|C07-AA-004,5.0,1.0,0,0,0,,,,9.0,0,1,1,,development,,0,0,1.0,G3_campaign,1.0,,1,G0_unknown,3,0,,,,,,,,,4.0,C07-AA-001,0.5444,,3,,,,3,,G3_campaign,G3_campaign,,0
C07-darpa-e5-theia-0515,stage,0.6,41,oracle_optimal,1,4.0,3,C07-AA-001|C07-AA-003|C07-AA-004,4.0,0.0,1,0,0,,,,9.0,0,1,1,,development,,0,0,1.0,G3_campaign,1.0,,1,G0_unknown,3,0,,,,,,,,,4.0,C07-AA-001,0.2222,,3,,,,3,,G3_campaign,G3_campaign,,0
C07-darpa-e5-theia-0515,stage,0.6,53,project05_m3star_h3_dual,1,4.0,3,C07-AA-004|C07-AA-001|C07-AA-003,4.0,0.0,0,0,0,m3star_graph_action_value_xgboost_v0.3,m3star_graph_action_reachability_xgboost_v0.1,m3star_graph_action_value_xgboost_v0.3,9.0,0,1,1,0,development,1,0,0,1.0,G3_campaign,1.0,0,1,G0_unknown,3,0,1,3,1,1,1,,8,1,4.0,C07-AA-001,0.1111,1,3,project05-m3star-runtime-contract-v0.8,e1d6d08bf93f3ff400361ad947d95002dcf97cc68957c58c831e6a4fdb5c2953,0.8.0,3,1,G3_campaign,G3_campaign,m3star_graph_transition_xgboost_v0.1,0
C07-darpa-e5-theia-0515,stage,0.6,53,project05_m3star_h3_no_dominance_dual,1,5.0,3,C07-AA-004|C07-AA-002|C07-AA-003,5.0,1.0,0,0,0,m3star_graph_action_value_xgboost_v0.3,m3star_graph_action_reachability_xgboost_v0.1,m3star_graph_action_value_xgboost_v0.3,9.0,0,1,1,0,development,0,0,0,1.0,G3_campaign,1.0,0,1,G0_unknown,3,0,1,3,0,1,0,,8,1,4.0,C07-AA-001,0.5556,0,3,project05-m3star-runtime-contract-v0.8,e1d6d08bf93f3ff400361ad947d95002dcf97cc68957c58c831e6a4fdb5c2953,0.8.0,3,0,G3_campaign,G3_campaign,m3star_graph_transition_xgboost_v0.1,0
C07-darpa-e5-theia-0515,stage,0.6,53,project05_m3star_h3_unshielded_dual,1,4.0,3,C07-AA-003|C07-AA-001|C07-AA-004,4.0,0.0,0,0,0,m3star_graph_action_value_xgboost_v0.3,m3star_graph_action_reachability_xgboost_v0.1,m3star_graph_action_value_xgboost_v0.3,9.0,0,1,1,0,development,0,0,0,1.0,G3_campaign,1.0,1,1,G0_unknown,3,0,0,3,1,1,0,,8,0,4.0,C07-AA-001,0.2222,0,3,project05-m3star-runtime-contract-v0.8,e1d6d08bf93f3ff400361ad947d95002dcf97cc68957c58c831e6a4fdb5c2953,0.8.0,3,1,G3_campaign,G3_campaign,m3star_graph_transition_xgboost_v0.1,0
C07-darpa-e5-theia-0515,stage,0.6,53,project05_m3star_h3_transition_only,1,5.0,3,C07-AA-004|C07-AA-002|C07-AA-003,5.0,1.0,0,0,0,none,none,none,9.0,0,1,1,0,development,0,0,0,1.0,G3_campaign,1.0,0,1,G0_unknown,3,0,1,3,1,0,0,,8,1,4.0,C07-AA-001,0.5556,0,3,project05-m3star-runtime-contract-v0.8,e1d6d08bf93f3ff400361ad947d95002dcf97cc68957c58c831e6a4fdb5c2953,0.8.0,3,1,G3_campaign,G3_campaign,m3star_graph_transition_xgboost_v0.1,0
C07-darpa-e5-theia-0515,stage,0.6,53,project05_m3star_h1_dual,1,5.0,3,C07-AA-004|C07-AA-002|C07-AA-003,5.0,1.0,0,0,0,m3star_graph_action_value_xgboost_v0.3,m3star_graph_action_reachability_xgboost_v0.1,m3star_graph_action_value_xgboost_v0.3,9.0,0,1,1,0,development,0,0,0,1.0,G3_campaign,1.0,0,1,G0_unknown,3,0,1,1,1,1,0,,8,1,4.0,C07-AA-001,0.5556,0,3,project05-m3star-runtime-contract-v0.8,e1d6d08bf93f3ff400361ad947d95002dcf97cc68957c58c831e6a4fdb5c2953,0.8.0,3,1,G3_campaign,G3_campaign,m3star_graph_transition_xgboost_v0.1,0
C07-darpa-e5-theia-0515,stage,0.6,53,project05_xgboost_policy,1,5.0,3,C07-AA-003|C07-AA-002|C07-AA-004,5.0,1.0,0,0,0,,,,9.0,0,1,1,,development,,0,0,1.0,G3_campaign,1.0,,1,G0_unknown,3,0,,,,,,,,,4.0,C07-AA-001,0.6444,,3,,,,3,,G3_campaign,G3_campaign,,0
C07-darpa-e5-theia-0515,stage,0.6,53,project05_m3b_policy,1,4.0,3,C07-AA-001|C07-AA-003|C07-AA-004,4.0,0.0,1,0,0,,,,9.0,0,1,1,,development,,0,0,1.0,G3_campaign,1.0,,1,G0_unknown,3,0,,,,,,,,,4.0,C07-AA-001,0.2222,,3,,,,3,,G3_campaign,G3_campaign,,0
C07-darpa-e5-theia-0515,stage,0.6,53,project05_m2,1,5.0,3,C07-AA-002|C07-AA-003|C07-AA-004,5.0,1.0,0,0,0,,,,9.0,0,1,1,,development,,0,0,1.0,G3_campaign,1.0,,1,G0_unknown,3,0,,,,,,,,,4.0,C07-AA-001,0.5444,,3,,,,3,,G3_campaign,G3_campaign,,0
C07-darpa-e5-theia-0515,stage,0.6,53,oracle_optimal,1,4.0,3,C07-AA-001|C07-AA-003|C07-AA-004,4.0,0.0,1,0,0,,,,9.0,0,1,1,,development,,0,0,1.0,G3_campaign,1.0,,1,G0_unknown,3,0,,,,,,,,,4.0,C07-AA-001,0.2222,,3,,,,3,,G3_campaign,G3_campaign,,0
C07-darpa-e5-theia-0515,discriminative,0.2,11,project05_m3star_h3_dual,1,1.0,1,C07-AA-001,1.0,0.0,1,0,0,m3star_graph_action_value_xgboost_v0.3,m3star_graph_action_reachability_xgboost_v0.1,m3star_graph_action_value_xgboost_v0.3,9.0,0,1,1,0,development,0,0,0,1.0,G3_campaign,1.0,1,1,G2_tactic_intent,1,0,1,3,1,1,1,,8,1,1.0,C07-AA-001,0.0,1,1,project05-m3star-runtime-contract-v0.8,e1d6d08bf93f3ff400361ad947d95002dcf97cc68957c58c831e6a4fdb5c2953,0.8.0,1,1,G3_campaign,G3_campaign,m3star_graph_transition_xgboost_v0.1,0
C07-darpa-e5-theia-0515,discriminative,0.2,11,project05_m3star_h3_no_dominance_dual,1,1.0,1,C07-AA-001,1.0,0.0,1,0,0,m3star_graph_action_value_xgboost_v0.3,m3star_graph_action_reachability_xgboost_v0.1,m3star_graph_action_value_xgboost_v0.3,9.0,0,1,1,0,development,0,0,0,1.0,G3_campaign,1.0,1,1,G2_tactic_intent,1,0,1,3,0,1,0,,8,1,1.0,C07-AA-001,0.0,0,1,project05-m3star-runtime-contract-v0.8,e1d6d08bf93f3ff400361ad947d95002dcf97cc68957c58c831e6a4fdb5c2953,0.8.0,1,0,G3_campaign,G3_campaign,m3star_graph_transition_xgboost_v0.1,0
C07-darpa-e5-theia-0515,discriminative,0.2,11,project05_m3star_h3_unshielded_dual,1,1.0,1,C07-AA-001,1.0,0.0,1,0,0,m3star_graph_action_value_xgboost_v0.3,m3star_graph_action_reachability_xgboost_v0.1,m3star_graph_action_value_xgboost_v0.3,9.0,0,1,1,0,development,0,0,0,1.0,G3_campaign,1.0,1,1,G2_tactic_intent,1,0,0,3,1,1,0,,8,0,1.0,C07-AA-001,0.0,0,1,project05-m3star-runtime-contract-v0.8,e1d6d08bf93f3ff400361ad947d95002dcf97cc68957c58c831e6a4fdb5c2953,0.8.0,1,1,G3_campaign,G3_campaign,m3star_graph_transition_xgboost_v0.1,0
C07-darpa-e5-theia-0515,discriminative,0.2,11,project05_m3star_h3_transition_only,1,1.0,1,C07-AA-001,1.0,0.0,1,0,0,none,none,none,9.0,0,1,1,0,development,0,0,0,1.0,G3_campaign,1.0,0,1,G2_tactic_intent,1,0,1,3,1,0,0,,8,1,1.0,C07-AA-001,0.0,0,1,project05-m3star-runtime-contract-v0.8,e1d6d08bf93f3ff400361ad947d95002dcf97cc68957c58c831e6a4fdb5c2953,0.8.0,1,1,G3_campaign,G3_campaign,m3star_graph_transition_xgboost_v0.1,0
C07-darpa-e5-theia-0515,discriminative,0.2,11,project05_m3star_h1_dual,1,1.0,1,C07-AA-001,1.0,0.0,1,0,0,m3star_graph_action_value_xgboost_v0.3,m3star_graph_action_reachability_xgboost_v0.1,m3star_graph_action_value_xgboost_v0.3,9.0,0,1,1,0,development,0,0,0,1.0,G3_campaign,1.0,1,1,G2_tactic_intent,1,0,1,1,1,1,0,,8,1,1.0,C07-AA-001,0.0,0,1,project05-m3star-runtime-contract-v0.8,e1d6d08bf93f3ff400361ad947d95002dcf97cc68957c58c831e6a4fdb5c2953,0.8.0,1,1,G3_campaign,G3_campaign,m3star_graph_transition_xgboost_v0.1,0
C07-darpa-e5-theia-0515,discriminative,0.2,11,project05_xgboost_policy,1,2.0,1,C07-AA-002,2.0,1.0,0,0,0,,,,9.0,0,1,1,,development,,0,0,1.0,G3_campaign,1.0,,1,G2_tactic_intent,1,0,,,,,,,,,1.0,C07-AA-001,0.0,,1,,,,1,,G3_campaign,G3_campaign,,0
C07-darpa-e5-theia-0515,discriminative,0.2,11,project05_m3b_policy,1,1.0,1,C07-AA-001,1.0,0.0,1,0,0,,,,9.0,0,1,1,,development,,0,0,1.0,G3_campaign,1.0,,1,G2_tactic_intent,1,0,,,,,,,,,1.0,C07-AA-001,0.0,,1,,,,1,,G3_campaign,G3_campaign,,0
C07-darpa-e5-theia-0515,discriminative,0.2,11,project05_m2,1,1.0,1,C07-AA-001,1.0,0.0,1,0,0,,,,9.0,0,1,1,,development,,0,0,1.0,G3_campaign,1.0,,1,G2_tactic_intent,1,0,,,,,,,,,1.0,C07-AA-001,0.0,,1,,,,1,,G3_campaign,G3_campaign,,0
C07-darpa-e5-theia-0515,discriminative,0.2,11,oracle_optimal,1,1.0,1,C07-AA-001,1.0,0.0,1,0,0,,,,9.0,0,1,1,,development,,0,0,1.0,G3_campaign,1.0,,1,G2_tactic_intent,1,0,,,,,,,,,1.0,C07-AA-001,0.0,,1,,,,1,,G3_campaign,G3_campaign,,0
C07-darpa-e5-theia-0515,discriminative,0.2,23,project05_m3star_h3_dual,1,3.0,2,C07-AA-001|C07-AA-002,3.0,1.0,0,0,0,m3star_graph_action_value_xgboost_v0.3,m3star_graph_action_reachability_xgboost_v0.1,m3star_graph_action_value_xgboost_v0.3,9.0,0,1,1,0,development,0,0,0,1.0,G3_campaign,1.0,1,1,G2_tactic_intent,1,0,1,3,1,1,1,,8,1,2.0,C07-AA-002,0.4444,1,1,project05-m3star-runtime-contract-v0.8,e1d6d08bf93f3ff400361ad947d95002dcf97cc68957c58c831e6a4fdb5c2953,0.8.0,2,1,G3_campaign,G3_campaign,m3star_graph_transition_xgboost_v0.1,1
C07-darpa-e5-theia-0515,discriminative,0.2,23,project05_m3star_h3_no_dominance_dual,1,3.0,2,C07-AA-001|C07-AA-002,3.0,1.0,0,0,0,m3star_graph_action_value_xgboost_v0.3,m3star_graph_action_reachability_xgboost_v0.1,m3star_graph_action_value_xgboost_v0.3,9.0,0,1,1,0,development,0,0,0,1.0,G3_campaign,1.0,1,1,G2_tactic_intent,1,0,1,3,0,1,0,,8,1,2.0,C07-AA-002,0.4444,0,1,project05-m3star-runtime-contract-v0.8,e1d6d08bf93f3ff400361ad947d95002dcf97cc68957c58c831e6a4fdb5c2953,0.8.0,2,0,G3_campaign,G3_campaign,m3star_graph_transition_xgboost_v0.1,1
C07-darpa-e5-theia-0515,discriminative,0.2,23,project05_m3star_h3_unshielded_dual,1,3.0,2,C07-AA-001|C07-AA-002,3.0,1.0,0,0,0,m3star_graph_action_value_xgboost_v0.3,m3star_graph_action_reachability_xgboost_v0.1,m3star_graph_action_value_xgboost_v0.3,9.0,0,1,1,0,development,0,0,0,1.0,G3_campaign,1.0,1,1,G2_tactic_intent,1,0,0,3,1,1,0,,8,0,2.0,C07-AA-002,0.4444,0,1,project05-m3star-runtime-contract-v0.8,e1d6d08bf93f3ff400361ad947d95002dcf97cc68957c58c831e6a4fdb5c2953,0.8.0,2,1,G3_campaign,G3_campaign,m3star_graph_transition_xgboost_v0.1,1
C07-darpa-e5-theia-0515,discriminative,0.2,23,project05_m3star_h3_transition_only,1,3.0,2,C07-AA-001|C07-AA-002,3.0,1.0,0,0,0,none,none,none,9.0,0,1,1,0,development,0,0,0,1.0,G3_campaign,1.0,0,1,G2_tactic_intent,1,0,1,3,1,0,0,,8,1,2.0,C07-AA-002,0.4444,0,1,project05-m3star-runtime-contract-v0.8,e1d6d08bf93f3ff400361ad947d95002dcf97cc68957c58c831e6a4fdb5c2953,0.8.0,2,1,G3_campaign,G3_campaign,m3star_graph_transition_xgboost_v0.1,1
C07-darpa-e5-theia-0515,discriminative,0.2,23,project05_m3star_h1_dual,1,3.0,2,C07-AA-001|C07-AA-002,3.0,1.0,0,0,0,m3star_graph_action_value_xgboost_v0.3,m3star_graph_action_reachability_xgboost_v0.1,m3star_graph_action_value_xgboost_v0.3,9.0,0,1,1,0,development,0,0,0,1.0,G3_campaign,1.0,1,1,G2_tactic_intent,1,0,1,1,1,1,0,,8,1,2.0,C07-AA-002,0.4444,0,1,project05-m3star-runtime-contract-v0.8,e1d6d08bf93f3ff400361ad947d95002dcf97cc68957c58c831e6a4fdb5c2953,0.8.0,2,1,G3_campaign,G3_campaign,m3star_graph_transition_xgboost_v0.1,1
C07-darpa-e5-theia-0515,discriminative,0.2,23,project05_xgboost_policy,1,2.0,1,C07-AA-002,2.0,0.0,1,0,0,,,,9.0,0,1,1,,development,,0,0,1.0,G3_campaign,1.0,,1,G2_tactic_intent,1,0,,,,,,,,,2.0,C07-AA-002,0.0,,1,,,,1,,G3_campaign,G3_campaign,,0
C07-darpa-e5-theia-0515,discriminative,0.2,23,project05_m3b_policy,1,3.0,2,C07-AA-001|C07-AA-002,3.0,1.0,0,0,0,,,,9.0,0,1,1,,development,,0,0,1.0,G3_campaign,1.0,,1,G2_tactic_intent,1,0,,,,,,,,,2.0,C07-AA-002,0.4444,,1,,,,2,,G3_campaign,G3_campaign,,1
C07-darpa-e5-theia-0515,discriminative,0.2,23,project05_m2,1,3.0,2,C07-AA-001|C07-AA-002,3.0,1.0,0,0,0,,,,9.0,0,1,1,,development,,0,0,1.0,G3_campaign,1.0,,1,G2_tactic_intent,1,0,,,,,,,,,2.0,C07-AA-002,0.4444,,1,,,,2,,G3_campaign,G3_campaign,,1
C07-darpa-e5-theia-0515,discriminative,0.2,23,oracle_optimal,1,2.0,1,C07-AA-002,2.0,0.0,1,0,0,,,,9.0,0,1,1,,development,,0,0,1.0,G3_campaign,1.0,,1,G2_tactic_intent,1,0,,,,,,,,,2.0,C07-AA-002,0.0,,1,,,,1,,G3_campaign,G3_campaign,,0
C07-darpa-e5-theia-0515,discriminative,0.2,37,project05_m3star_h3_dual,1,3.0,2,C07-AA-001|C07-AA-002,3.0,1.0,0,0,0,m3star_graph_action_value_xgboost_v0.3,m3star_graph_action_reachability_xgboost_v0.1,m3star_graph_action_value_xgboost_v0.3,9.0,0,1,1,0,development,0,0,0,1.0,G3_campaign,1.0,1,1,G2_tactic_intent,1,0,1,3,1,1,1,,8,1,2.0,C07-AA-002,0.4444,1,1,project05-m3star-runtime-contract-v0.8,e1d6d08bf93f3ff400361ad947d95002dcf97cc68957c58c831e6a4fdb5c2953,0.8.0,2,1,G3_campaign,G3_campaign,m3star_graph_transition_xgboost_v0.1,1
C07-darpa-e5-theia-0515,discriminative,0.2,37,project05_m3star_h3_no_dominance_dual,1,3.0,2,C07-AA-001|C07-AA-002,3.0,1.0,0,0,0,m3star_graph_action_value_xgboost_v0.3,m3star_graph_action_reachability_xgboost_v0.1,m3star_graph_action_value_xgboost_v0.3,9.0,0,1,1,0,development,0,0,0,1.0,G3_campaign,1.0,1,1,G2_tactic_intent,1,0,1,3,0,1,0,,8,1,2.0,C07-AA-002,0.4444,0,1,project05-m3star-runtime-contract-v0.8,e1d6d08bf93f3ff400361ad947d95002dcf97cc68957c58c831e6a4fdb5c2953,0.8.0,2,0,G3_campaign,G3_campaign,m3star_graph_transition_xgboost_v0.1,1
C07-darpa-e5-theia-0515,discriminative,0.2,37,project05_m3star_h3_unshielded_dual,1,3.0,2,C07-AA-001|C07-AA-002,3.0,1.0,0,0,0,m3star_graph_action_value_xgboost_v0.3,m3star_graph_action_reachability_xgboost_v0.1,m3star_graph_action_value_xgboost_v0.3,9.0,0,1,1,0,development,0,0,0,1.0,G3_campaign,1.0,1,1,G2_tactic_intent,1,0,0,3,1,1,0,,8,0,2.0,C07-AA-002,0.4444,0,1,project05-m3star-runtime-contract-v0.8,e1d6d08bf93f3ff400361ad947d95002dcf97cc68957c58c831e6a4fdb5c2953,0.8.0,2,1,G3_campaign,G3_campaign,m3star_graph_transition_xgboost_v0.1,1
C07-darpa-e5-theia-0515,discriminative,0.2,37,project05_m3star_h3_transition_only,1,3.0,2,C07-AA-001|C07-AA-002,3.0,1.0,0,0,0,none,none,none,9.0,0,1,1,0,development,0,0,0,1.0,G3_campaign,1.0,0,1,G2_tactic_intent,1,0,1,3,1,0,0,,8,1,2.0,C07-AA-002,0.4444,0,1,project05-m3star-runtime-contract-v0.8,e1d6d08bf93f3ff400361ad947d95002dcf97cc68957c58c831e6a4fdb5c2953,0.8.0,2,1,G3_campaign,G3_campaign,m3star_graph_transition_xgboost_v0.1,1
C07-darpa-e5-theia-0515,discriminative,0.2,37,project05_m3star_h1_dual,1,3.0,2,C07-AA-001|C07-AA-002,3.0,1.0,0,0,0,m3star_graph_action_value_xgboost_v0.3,m3star_graph_action_reachability_xgboost_v0.1,m3star_graph_action_value_xgboost_v0.3,9.0,0,1,1,0,development,0,0,0,1.0,G3_campaign,1.0,1,1,G2_tactic_intent,1,0,1,1,1,1,0,,8,1,2.0,C07-AA-002,0.4444,0,1,project05-m3star-runtime-contract-v0.8,e1d6d08bf93f3ff400361ad947d95002dcf97cc68957c58c831e6a4fdb5c2953,0.8.0,2,1,G3_campaign,G3_campaign,m3star_graph_transition_xgboost_v0.1,1
C07-darpa-e5-theia-0515,discriminative,0.2,37,project05_xgboost_policy,1,2.0,1,C07-AA-002,2.0,0.0,1,0,0,,,,9.0,0,1,1,,development,,0,0,1.0,G3_campaign,1.0,,1,G2_tactic_intent,1,0,,,,,,,,,2.0,C07-AA-002,0.0,,1,,,,1,,G3_campaign,G3_campaign,,0
C07-darpa-e5-theia-0515,discriminative,0.2,37,project05_m3b_policy,1,3.0,2,C07-AA-001|C07-AA-002,3.0,1.0,0,0,0,,,,9.0,0,1,1,,development,,0,0,1.0,G3_campaign,1.0,,1,G2_tactic_intent,1,0,,,,,,,,,2.0,C07-AA-002,0.4444,,1,,,,2,,G3_campaign,G3_campaign,,1
C07-darpa-e5-theia-0515,discriminative,0.2,37,project05_m2,1,3.0,2,C07-AA-001|C07-AA-002,3.0,1.0,0,0,0,,,,9.0,0,1,1,,development,,0,0,1.0,G3_campaign,1.0,,1,G2_tactic_intent,1,0,,,,,,,,,2.0,C07-AA-002,0.4444,,1,,,,2,,G3_campaign,G3_campaign,,1
C07-darpa-e5-theia-0515,discriminative,0.2,37,oracle_optimal,1,2.0,1,C07-AA-002,2.0,0.0,1,0,0,,,,9.0,0,1,1,,development,,0,0,1.0,G3_campaign,1.0,,1,G2_tactic_intent,1,0,,,,,,,,,2.0,C07-AA-002,0.0,,1,,,,1,,G3_campaign,G3_campaign,,0
C07-darpa-e5-theia-0515,discriminative,0.2,41,project05_m3star_h3_dual,1,1.0,1,C07-AA-001,1.0,0.0,1,0,0,m3star_graph_action_value_xgboost_v0.3,m3star_graph_action_reachability_xgboost_v0.1,m3star_graph_action_value_xgboost_v0.3,9.0,0,1,1,0,development,0,0,0,1.0,G3_campaign,1.0,1,1,G2_tactic_intent,1,0,1,3,1,1,1,,8,1,1.0,C07-AA-001,0.0,1,1,project05-m3star-runtime-contract-v0.8,e1d6d08bf93f3ff400361ad947d95002dcf97cc68957c58c831e6a4fdb5c2953,0.8.0,1,1,G3_campaign,G3_campaign,m3star_graph_transition_xgboost_v0.1,0
C07-darpa-e5-theia-0515,discriminative,0.2,41,project05_m3star_h3_no_dominance_dual,1,1.0,1,C07-AA-001,1.0,0.0,1,0,0,m3star_graph_action_value_xgboost_v0.3,m3star_graph_action_reachability_xgboost_v0.1,m3star_graph_action_value_xgboost_v0.3,9.0,0,1,1,0,development,0,0,0,1.0,G3_campaign,1.0,1,1,G2_tactic_intent,1,0,1,3,0,1,0,,8,1,1.0,C07-AA-001,0.0,0,1,project05-m3star-runtime-contract-v0.8,e1d6d08bf93f3ff400361ad947d95002dcf97cc68957c58c831e6a4fdb5c2953,0.8.0,1,0,G3_campaign,G3_campaign,m3star_graph_transition_xgboost_v0.1,0
C07-darpa-e5-theia-0515,discriminative,0.2,41,project05_m3star_h3_unshielded_dual,1,1.0,1,C07-AA-001,1.0,0.0,1,0,0,m3star_graph_action_value_xgboost_v0.3,m3star_graph_action_reachability_xgboost_v0.1,m3star_graph_action_value_xgboost_v0.3,9.0,0,1,1,0,development,0,0,0,1.0,G3_campaign,1.0,1,1,G2_tactic_intent,1,0,0,3,1,1,0,,8,0,1.0,C07-AA-001,0.0,0,1,project05-m3star-runtime-contract-v0.8,e1d6d08bf93f3ff400361ad947d95002dcf97cc68957c58c831e6a4fdb5c2953,0.8.0,1,1,G3_campaign,G3_campaign,m3star_graph_transition_xgboost_v0.1,0
C07-darpa-e5-theia-0515,discriminative,0.2,41,project05_m3star_h3_transition_only,1,1.0,1,C07-AA-001,1.0,0.0,1,0,0,none,none,none,9.0,0,1,1,0,development,0,0,0,1.0,G3_campaign,1.0,0,1,G2_tactic_intent,1,0,1,3,1,0,0,,8,1,1.0,C07-AA-001,0.0,0,1,project05-m3star-runtime-contract-v0.8,e1d6d08bf93f3ff400361ad947d95002dcf97cc68957c58c831e6a4fdb5c2953,0.8.0,1,1,G3_campaign,G3_campaign,m3star_graph_transition_xgboost_v0.1,0
C07-darpa-e5-theia-0515,discriminative,0.2,41,project05_m3star_h1_dual,1,1.0,1,C07-AA-001,1.0,0.0,1,0,0,m3star_graph_action_value_xgboost_v0.3,m3star_graph_action_reachability_xgboost_v0.1,m3star_graph_action_value_xgboost_v0.3,9.0,0,1,1,0,development,0,0,0,1.0,G3_campaign,1.0,1,1,G2_tactic_intent,1,0,1,1,1,1,0,,8,1,1.0,C07-AA-001,0.0,0,1,project05-m3star-runtime-contract-v0.8,e1d6d08bf93f3ff400361ad947d95002dcf97cc68957c58c831e6a4fdb5c2953,0.8.0,1,1,G3_campaign,G3_campaign,m3star_graph_transition_xgboost_v0.1,0
C07-darpa-e5-theia-0515,discriminative,0.2,41,project05_xgboost_policy,1,2.0,1,C07-AA-002,2.0,1.0,0,0,0,,,,9.0,0,1,1,,development,,0,0,1.0,G3_campaign,1.0,,1,G2_tactic_intent,1,0,,,,,,,,,1.0,C07-AA-001,0.0,,1,,,,1,,G3_campaign,G3_campaign,,0
C07-darpa-e5-theia-0515,discriminative,0.2,41,project05_m3b_policy,1,1.0,1,C07-AA-001,1.0,0.0,1,0,0,,,,9.0,0,1,1,,development,,0,0,1.0,G3_campaign,1.0,,1,G2_tactic_intent,1,0,,,,,,,,,1.0,C07-AA-001,0.0,,1,,,,1,,G3_campaign,G3_campaign,,0
C07-darpa-e5-theia-0515,discriminative,0.2,41,project05_m2,1,1.0,1,C07-AA-001,1.0,0.0,1,0,0,,,,9.0,0,1,1,,development,,0,0,1.0,G3_campaign,1.0,,1,G2_tactic_intent,1,0,,,,,,,,,1.0,C07-AA-001,0.0,,1,,,,1,,G3_campaign,G3_campaign,,0
C07-darpa-e5-theia-0515,discriminative,0.2,41,oracle_optimal,1,1.0,1,C07-AA-001,1.0,0.0,1,0,0,,,,9.0,0,1,1,,development,,0,0,1.0,G3_campaign,1.0,,1,G2_tactic_intent,1,0,,,,,,,,,1.0,C07-AA-001,0.0,,1,,,,1,,G3_campaign,G3_campaign,,0
C07-darpa-e5-theia-0515,discriminative,0.2,53,project05_m3star_h3_dual,1,1.0,1,C07-AA-001,1.0,0.0,1,0,0,m3star_graph_action_value_xgboost_v0.3,m3star_graph_action_reachability_xgboost_v0.1,m3star_graph_action_value_xgboost_v0.3,9.0,0,1,1,0,development,0,0,0,1.0,G3_campaign,1.0,1,1,G2_tactic_intent,1,0,1,3,1,1,1,,8,1,1.0,C07-AA-001,0.0,1,1,project05-m3star-runtime-contract-v0.8,e1d6d08bf93f3ff400361ad947d95002dcf97cc68957c58c831e6a4fdb5c2953,0.8.0,1,1,G3_campaign,G3_campaign,m3star_graph_transition_xgboost_v0.1,0
C07-darpa-e5-theia-0515,discriminative,0.2,53,project05_m3star_h3_no_dominance_dual,1,1.0,1,C07-AA-001,1.0,0.0,1,0,0,m3star_graph_action_value_xgboost_v0.3,m3star_graph_action_reachability_xgboost_v0.1,m3star_graph_action_value_xgboost_v0.3,9.0,0,1,1,0,development,0,0,0,1.0,G3_campaign,1.0,1,1,G2_tactic_intent,1,0,1,3,0,1,0,,8,1,1.0,C07-AA-001,0.0,0,1,project05-m3star-runtime-contract-v0.8,e1d6d08bf93f3ff400361ad947d95002dcf97cc68957c58c831e6a4fdb5c2953,0.8.0,1,0,G3_campaign,G3_campaign,m3star_graph_transition_xgboost_v0.1,0
C07-darpa-e5-theia-0515,discriminative,0.2,53,project05_m3star_h3_unshielded_dual,1,1.0,1,C07-AA-001,1.0,0.0,1,0,0,m3star_graph_action_value_xgboost_v0.3,m3star_graph_action_reachability_xgboost_v0.1,m3star_graph_action_value_xgboost_v0.3,9.0,0,1,1,0,development,0,0,0,1.0,G3_campaign,1.0,1,1,G2_tactic_intent,1,0,0,3,1,1,0,,8,0,1.0,C07-AA-001,0.0,0,1,project05-m3star-runtime-contract-v0.8,e1d6d08bf93f3ff400361ad947d95002dcf97cc68957c58c831e6a4fdb5c2953,0.8.0,1,1,G3_campaign,G3_campaign,m3star_graph_transition_xgboost_v0.1,0
C07-darpa-e5-theia-0515,discriminative,0.2,53,project05_m3star_h3_transition_only,1,1.0,1,C07-AA-001,1.0,0.0,1,0,0,none,none,none,9.0,0,1,1,0,development,0,0,0,1.0,G3_campaign,1.0,0,1,G2_tactic_intent,1,0,1,3,1,0,0,,8,1,1.0,C07-AA-001,0.0,0,1,project05-m3star-runtime-contract-v0.8,e1d6d08bf93f3ff400361ad947d95002dcf97cc68957c58c831e6a4fdb5c2953,0.8.0,1,1,G3_campaign,G3_campaign,m3star_graph_transition_xgboost_v0.1,0
C07-darpa-e5-theia-0515,discriminative,0.2,53,project05_m3star_h1_dual,1,1.0,1,C07-AA-001,1.0,0.0,1,0,0,m3star_graph_action_value_xgboost_v0.3,m3star_graph_action_reachability_xgboost_v0.1,m3star_graph_action_value_xgboost_v0.3,9.0,0,1,1,0,development,0,0,0,1.0,G3_campaign,1.0,1,1,G2_tactic_intent,1,0,1,1,1,1,0,,8,1,1.0,C07-AA-001,0.0,0,1,project05-m3star-runtime-contract-v0.8,e1d6d08bf93f3ff400361ad947d95002dcf97cc68957c58c831e6a4fdb5c2953,0.8.0,1,1,G3_campaign,G3_campaign,m3star_graph_transition_xgboost_v0.1,0
C07-darpa-e5-theia-0515,discriminative,0.2,53,project05_xgboost_policy,1,2.0,1,C07-AA-002,2.0,1.0,0,0,0,,,,9.0,0,1,1,,development,,0,0,1.0,G3_campaign,1.0,,1,G2_tactic_intent,1,0,,,,,,,,,1.0,C07-AA-001,0.0,,1,,,,1,,G3_campaign,G3_campaign,,0
C07-darpa-e5-theia-0515,discriminative,0.2,53,project05_m3b_policy,1,1.0,1,C07-AA-001,1.0,0.0,1,0,0,,,,9.0,0,1,1,,development,,0,0,1.0,G3_campaign,1.0,,1,G2_tactic_intent,1,0,,,,,,,,,1.0,C07-AA-001,0.0,,1,,,,1,,G3_campaign,G3_campaign,,0
C07-darpa-e5-theia-0515,discriminative,0.2,53,project05_m2,1,1.0,1,C07-AA-001,1.0,0.0,1,0,0,,,,9.0,0,1,1,,development,,0,0,1.0,G3_campaign,1.0,,1,G2_tactic_intent,1,0,,,,,,,,,1.0,C07-AA-001,0.0,,1,,,,1,,G3_campaign,G3_campaign,,0
C07-darpa-e5-theia-0515,discriminative,0.2,53,oracle_optimal,1,1.0,1,C07-AA-001,1.0,0.0,1,0,0,,,,9.0,0,1,1,,development,,0,0,1.0,G3_campaign,1.0,,1,G2_tactic_intent,1,0,,,,,,,,,1.0,C07-AA-001,0.0,,1,,,,1,,G3_campaign,G3_campaign,,0
C07-darpa-e5-theia-0515,discriminative,0.4,11,project05_m3star_h3_dual,1,2.0,2,C07-AA-001|C07-AA-003,2.0,0.0,1,0,0,m3star_graph_action_value_xgboost_v0.3,m3star_graph_action_reachability_xgboost_v0.1,m3star_graph_action_value_xgboost_v0.3,9.0,0,1,1,0,development,0,0,0,1.0,G3_campaign,1.0,2,1,G1_technique,2,0,1,3,1,1,1,,8,1,2.0,C07-AA-001,0.0,1,2,project05-m3star-runtime-contract-v0.8,e1d6d08bf93f3ff400361ad947d95002dcf97cc68957c58c831e6a4fdb5c2953,0.8.0,2,1,G3_campaign,G3_campaign,m3star_graph_transition_xgboost_v0.1,0
C07-darpa-e5-theia-0515,discriminative,0.4,11,project05_m3star_h3_no_dominance_dual,1,2.0,2,C07-AA-001|C07-AA-003,2.0,0.0,1,0,0,m3star_graph_action_value_xgboost_v0.3,m3star_graph_action_reachability_xgboost_v0.1,m3star_graph_action_value_xgboost_v0.3,9.0,0,1,1,0,development,0,0,0,1.0,G3_campaign,1.0,2,1,G1_technique,2,0,1,3,0,1,0,,8,1,2.0,C07-AA-001,0.0,0,2,project05-m3star-runtime-contract-v0.8,e1d6d08bf93f3ff400361ad947d95002dcf97cc68957c58c831e6a4fdb5c2953,0.8.0,2,0,G3_campaign,G3_campaign,m3star_graph_transition_xgboost_v0.1,0
C07-darpa-e5-theia-0515,discriminative,0.4,11,project05_m3star_h3_unshielded_dual,1,2.0,2,C07-AA-003|C07-AA-001,2.0,0.0,0,0,0,m3star_graph_action_value_xgboost_v0.3,m3star_graph_action_reachability_xgboost_v0.1,m3star_graph_action_value_xgboost_v0.3,9.0,0,1,1,0,development,0,0,0,1.0,G3_campaign,1.0,2,1,G1_technique,2,0,0,3,1,1,0,,8,0,2.0,C07-AA-001,0.0,0,2,project05-m3star-runtime-contract-v0.8,e1d6d08bf93f3ff400361ad947d95002dcf97cc68957c58c831e6a4fdb5c2953,0.8.0,2,1,G3_campaign,G3_campaign,m3star_graph_transition_xgboost_v0.1,0
C07-darpa-e5-theia-0515,discriminative,0.4,11,project05_m3star_h3_transition_only,1,2.0,2,C07-AA-001|C07-AA-003,2.0,0.0,1,0,0,none,none,none,9.0,0,1,1,0,development,0,0,0,1.0,G3_campaign,1.0,0,1,G1_technique,2,0,1,3,1,0,0,,8,1,2.0,C07-AA-001,0.0,0,2,project05-m3star-runtime-contract-v0.8,e1d6d08bf93f3ff400361ad947d95002dcf97cc68957c58c831e6a4fdb5c2953,0.8.0,2,1,G3_campaign,G3_campaign,m3star_graph_transition_xgboost_v0.1,0
C07-darpa-e5-theia-0515,discriminative,0.4,11,project05_m3star_h1_dual,1,2.0,2,C07-AA-001|C07-AA-003,2.0,0.0,1,0,0,m3star_graph_action_value_xgboost_v0.3,m3star_graph_action_reachability_xgboost_v0.1,m3star_graph_action_value_xgboost_v0.3,9.0,0,1,1,0,development,0,0,0,1.0,G3_campaign,1.0,2,1,G1_technique,2,0,1,1,1,1,0,,8,1,2.0,C07-AA-001,0.0,0,2,project05-m3star-runtime-contract-v0.8,e1d6d08bf93f3ff400361ad947d95002dcf97cc68957c58c831e6a4fdb5c2953,0.8.0,2,1,G3_campaign,G3_campaign,m3star_graph_transition_xgboost_v0.1,0
C07-darpa-e5-theia-0515,discriminative,0.4,11,project05_xgboost_policy,1,6.0,4,C07-AA-001|C07-AA-002|C07-AA-004|C07-AA-003,6.0,4.0,1,0,0,,,,9.0,0,1,1,,development,,0,0,1.0,G3_campaign,1.0,,1,G1_technique,2,0,,,,,,,,,2.0,C07-AA-001,1.0,,2,,,,4,,G3_campaign,G3_campaign,,2
C07-darpa-e5-theia-0515,discriminative,0.4,11,project05_m3b_policy,1,2.0,2,C07-AA-001|C07-AA-003,2.0,0.0,1,0,0,,,,9.0,0,1,1,,development,,0,0,1.0,G3_campaign,1.0,,1,G1_technique,2,0,,,,,,,,,2.0,C07-AA-001,0.0,,2,,,,2,,G3_campaign,G3_campaign,,0
C07-darpa-e5-theia-0515,discriminative,0.4,11,project05_m2,1,2.0,2,C07-AA-001|C07-AA-003,2.0,0.0,1,0,0,,,,9.0,0,1,1,,development,,0,0,1.0,G3_campaign,1.0,,1,G1_technique,2,0,,,,,,,,,2.0,C07-AA-001,0.0,,2,,,,2,,G3_campaign,G3_campaign,,0
C07-darpa-e5-theia-0515,discriminative,0.4,11,oracle_optimal,1,2.0,2,C07-AA-001|C07-AA-003,2.0,0.0,1,0,0,,,,9.0,0,1,1,,development,,0,0,1.0,G3_campaign,1.0,,1,G1_technique,2,0,,,,,,,,,2.0,C07-AA-001,0.0,,2,,,,2,,G3_campaign,G3_campaign,,0
C07-darpa-e5-theia-0515,discriminative,0.4,23,project05_m3star_h3_dual,1,4.0,3,C07-AA-001|C07-AA-002|C07-AA-003,4.0,1.0,0,0,0,m3star_graph_action_value_xgboost_v0.3,m3star_graph_action_reachability_xgboost_v0.1,m3star_graph_action_value_xgboost_v0.3,9.0,0,1,1,0,development,0,0,0,1.0,G3_campaign,1.0,2,1,G1_technique,2,0,1,3,1,1,1,,8,1,3.0,C07-AA-002,0.5444,1,2,project05-m3star-runtime-contract-v0.8,e1d6d08bf93f3ff400361ad947d95002dcf97cc68957c58c831e6a4fdb5c2953,0.8.0,3,1,G3_campaign,G3_campaign,m3star_graph_transition_xgboost_v0.1,1
C07-darpa-e5-theia-0515,discriminative,0.4,23,project05_m3star_h3_no_dominance_dual,1,4.0,3,C07-AA-001|C07-AA-002|C07-AA-003,4.0,1.0,0,0,0,m3star_graph_action_value_xgboost_v0.3,m3star_graph_action_reachability_xgboost_v0.1,m3star_graph_action_value_xgboost_v0.3,9.0,0,1,1,0,development,0,0,0,1.0,G3_campaign,1.0,2,1,G1_technique,2,0,1,3,0,1,0,,8,1,3.0,C07-AA-002,0.5444,0,2,project05-m3star-runtime-contract-v0.8,e1d6d08bf93f3ff400361ad947d95002dcf97cc68957c58c831e6a4fdb5c2953,0.8.0,3,0,G3_campaign,G3_campaign,m3star_graph_transition_xgboost_v0.1,1
C07-darpa-e5-theia-0515,discriminative,0.4,23,project05_m3star_h3_unshielded_dual,1,4.0,3,C07-AA-003|C07-AA-001|C07-AA-002,4.0,1.0,0,0,0,m3star_graph_action_value_xgboost_v0.3,m3star_graph_action_reachability_xgboost_v0.1,m3star_graph_action_value_xgboost_v0.3,9.0,0,1,1,0,development,0,0,0,1.0,G3_campaign,1.0,2,1,G1_technique,2,0,0,3,1,1,0,,8,0,3.0,C07-AA-002,0.4444,0,2,project05-m3star-runtime-contract-v0.8,e1d6d08bf93f3ff400361ad947d95002dcf97cc68957c58c831e6a4fdb5c2953,0.8.0,3,1,G3_campaign,G3_campaign,m3star_graph_transition_xgboost_v0.1,1
C07-darpa-e5-theia-0515,discriminative,0.4,23,project05_m3star_h3_transition_only,1,4.0,3,C07-AA-001|C07-AA-002|C07-AA-003,4.0,1.0,0,0,0,none,none,none,9.0,0,1,1,0,development,0,0,0,1.0,G3_campaign,1.0,0,1,G1_technique,2,0,1,3,1,0,0,,8,1,3.0,C07-AA-002,0.5444,0,2,project05-m3star-runtime-contract-v0.8,e1d6d08bf93f3ff400361ad947d95002dcf97cc68957c58c831e6a4fdb5c2953,0.8.0,3,1,G3_campaign,G3_campaign,m3star_graph_transition_xgboost_v0.1,1
C07-darpa-e5-theia-0515,discriminative,0.4,23,project05_m3star_h1_dual,1,4.0,3,C07-AA-001|C07-AA-002|C07-AA-003,4.0,1.0,0,0,0,m3star_graph_action_value_xgboost_v0.3,m3star_graph_action_reachability_xgboost_v0.1,m3star_graph_action_value_xgboost_v0.3,9.0,0,1,1,0,development,0,0,0,1.0,G3_campaign,1.0,2,1,G1_technique,2,0,1,1,1,1,0,,8,1,3.0,C07-AA-002,0.5444,0,2,project05-m3star-runtime-contract-v0.8,e1d6d08bf93f3ff400361ad947d95002dcf97cc68957c58c831e6a4fdb5c2953,0.8.0,3,1,G3_campaign,G3_campaign,m3star_graph_transition_xgboost_v0.1,1
C07-darpa-e5-theia-0515,discriminative,0.4,23,project05_xgboost_policy,1,6.0,4,C07-AA-001|C07-AA-002|C07-AA-004|C07-AA-003,6.0,3.0,0,0,0,,,,9.0,0,1,1,,development,,0,0,1.0,G3_campaign,1.0,,1,G1_technique,2,0,,,,,,,,,3.0,C07-AA-002,1.0,,2,,,,4,,G3_campaign,G3_campaign,,2
C07-darpa-e5-theia-0515,discriminative,0.4,23,project05_m3b_policy,1,4.0,3,C07-AA-001|C07-AA-002|C07-AA-003,4.0,1.0,0,0,0,,,,9.0,0,1,1,,development,,0,0,1.0,G3_campaign,1.0,,1,G1_technique,2,0,,,,,,,,,3.0,C07-AA-002,0.5444,,2,,,,3,,G3_campaign,G3_campaign,,1
C07-darpa-e5-theia-0515,discriminative,0.4,23,project05_m2,1,4.0,3,C07-AA-001|C07-AA-003|C07-AA-002,4.0,1.0,0,0,0,,,,9.0,0,1,1,,development,,0,0,1.0,G3_campaign,1.0,,1,G1_technique,2,0,,,,,,,,,3.0,C07-AA-002,0.4444,,2,,,,3,,G3_campaign,G3_campaign,,1
C07-darpa-e5-theia-0515,discriminative,0.4,23,oracle_optimal,1,3.0,2,C07-AA-002|C07-AA-003,3.0,0.0,1,0,0,,,,9.0,0,1,1,,development,,0,0,1.0,G3_campaign,1.0,,1,G1_technique,2,0,,,,,,,,,3.0,C07-AA-002,0.1,,2,,,,2,,G3_campaign,G3_campaign,,0
C07-darpa-e5-theia-0515,discriminative,0.4,37,project05_m3star_h3_dual,1,4.0,3,C07-AA-001|C07-AA-002|C07-AA-003,4.0,1.0,0,0,0,m3star_graph_action_value_xgboost_v0.3,m3star_graph_action_reachability_xgboost_v0.1,m3star_graph_action_value_xgboost_v0.3,9.0,0,1,1,0,development,0,0,0,1.0,G3_campaign,1.0,2,1,G1_technique,2,0,1,3,1,1,1,,8,1,3.0,C07-AA-002,0.5444,1,2,project05-m3star-runtime-contract-v0.8,e1d6d08bf93f3ff400361ad947d95002dcf97cc68957c58c831e6a4fdb5c2953,0.8.0,3,1,G3_campaign,G3_campaign,m3star_graph_transition_xgboost_v0.1,1
C07-darpa-e5-theia-0515,discriminative,0.4,37,project05_m3star_h3_no_dominance_dual,1,4.0,3,C07-AA-001|C07-AA-002|C07-AA-003,4.0,1.0,0,0,0,m3star_graph_action_value_xgboost_v0.3,m3star_graph_action_reachability_xgboost_v0.1,m3star_graph_action_value_xgboost_v0.3,9.0,0,1,1,0,development,0,0,0,1.0,G3_campaign,1.0,2,1,G1_technique,2,0,1,3,0,1,0,,8,1,3.0,C07-AA-002,0.5444,0,2,project05-m3star-runtime-contract-v0.8,e1d6d08bf93f3ff400361ad947d95002dcf97cc68957c58c831e6a4fdb5c2953,0.8.0,3,0,G3_campaign,G3_campaign,m3star_graph_transition_xgboost_v0.1,1
C07-darpa-e5-theia-0515,discriminative,0.4,37,project05_m3star_h3_unshielded_dual,1,4.0,3,C07-AA-003|C07-AA-001|C07-AA-002,4.0,1.0,0,0,0,m3star_graph_action_value_xgboost_v0.3,m3star_graph_action_reachability_xgboost_v0.1,m3star_graph_action_value_xgboost_v0.3,9.0,0,1,1,0,development,0,0,0,1.0,G3_campaign,1.0,2,1,G1_technique,2,0,0,3,1,1,0,,8,0,3.0,C07-AA-002,0.4444,0,2,project05-m3star-runtime-contract-v0.8,e1d6d08bf93f3ff400361ad947d95002dcf97cc68957c58c831e6a4fdb5c2953,0.8.0,3,1,G3_campaign,G3_campaign,m3star_graph_transition_xgboost_v0.1,1
C07-darpa-e5-theia-0515,discriminative,0.4,37,project05_m3star_h3_transition_only,1,4.0,3,C07-AA-001|C07-AA-002|C07-AA-003,4.0,1.0,0,0,0,none,none,none,9.0,0,1,1,0,development,0,0,0,1.0,G3_campaign,1.0,0,1,G1_technique,2,0,1,3,1,0,0,,8,1,3.0,C07-AA-002,0.5444,0,2,project05-m3star-runtime-contract-v0.8,e1d6d08bf93f3ff400361ad947d95002dcf97cc68957c58c831e6a4fdb5c2953,0.8.0,3,1,G3_campaign,G3_campaign,m3star_graph_transition_xgboost_v0.1,1
C07-darpa-e5-theia-0515,discriminative,0.4,37,project05_m3star_h1_dual,1,4.0,3,C07-AA-001|C07-AA-002|C07-AA-003,4.0,1.0,0,0,0,m3star_graph_action_value_xgboost_v0.3,m3star_graph_action_reachability_xgboost_v0.1,m3star_graph_action_value_xgboost_v0.3,9.0,0,1,1,0,development,0,0,0,1.0,G3_campaign,1.0,2,1,G1_technique,2,0,1,1,1,1,0,,8,1,3.0,C07-AA-002,0.5444,0,2,project05-m3star-runtime-contract-v0.8,e1d6d08bf93f3ff400361ad947d95002dcf97cc68957c58c831e6a4fdb5c2953,0.8.0,3,1,G3_campaign,G3_campaign,m3star_graph_transition_xgboost_v0.1,1
C07-darpa-e5-theia-0515,discriminative,0.4,37,project05_xgboost_policy,1,6.0,4,C07-AA-001|C07-AA-002|C07-AA-004|C07-AA-003,6.0,3.0,0,0,0,,,,9.0,0,1,1,,development,,0,0,1.0,G3_campaign,1.0,,1,G1_technique,2,0,,,,,,,,,3.0,C07-AA-002,1.0,,2,,,,4,,G3_campaign,G3_campaign,,2
C07-darpa-e5-theia-0515,discriminative,0.4,37,project05_m3b_policy,1,4.0,3,C07-AA-001|C07-AA-002|C07-AA-003,4.0,1.0,0,0,0,,,,9.0,0,1,1,,development,,0,0,1.0,G3_campaign,1.0,,1,G1_technique,2,0,,,,,,,,,3.0,C07-AA-002,0.5444,,2,,,,3,,G3_campaign,G3_campaign,,1
C07-darpa-e5-theia-0515,discriminative,0.4,37,project05_m2,1,4.0,3,C07-AA-001|C07-AA-003|C07-AA-002,4.0,1.0,0,0,0,,,,9.0,0,1,1,,development,,0,0,1.0,G3_campaign,1.0,,1,G1_technique,2,0,,,,,,,,,3.0,C07-AA-002,0.4444,,2,,,,3,,G3_campaign,G3_campaign,,1
C07-darpa-e5-theia-0515,discriminative,0.4,37,oracle_optimal,1,3.0,2,C07-AA-002|C07-AA-003,3.0,0.0,1,0,0,,,,9.0,0,1,1,,development,,0,0,1.0,G3_campaign,1.0,,1,G1_technique,2,0,,,,,,,,,3.0,C07-AA-002,0.1,,2,,,,2,,G3_campaign,G3_campaign,,0
C07-darpa-e5-theia-0515,discriminative,0.4,41,project05_m3star_h3_dual,1,2.0,2,C07-AA-001|C07-AA-003,2.0,0.0,1,0,0,m3star_graph_action_value_xgboost_v0.3,m3star_graph_action_reachability_xgboost_v0.1,m3star_graph_action_value_xgboost_v0.3,9.0,0,1,1,0,development,0,0,0,1.0,G3_campaign,1.0,2,1,G1_technique,2,0,1,3,1,1,1,,8,1,2.0,C07-AA-001,0.0,1,2,project05-m3star-runtime-contract-v0.8,e1d6d08bf93f3ff400361ad947d95002dcf97cc68957c58c831e6a4fdb5c2953,0.8.0,2,1,G3_campaign,G3_campaign,m3star_graph_transition_xgboost_v0.1,0
C07-darpa-e5-theia-0515,discriminative,0.4,41,project05_m3star_h3_no_dominance_dual,1,2.0,2,C07-AA-001|C07-AA-003,2.0,0.0,1,0,0,m3star_graph_action_value_xgboost_v0.3,m3star_graph_action_reachability_xgboost_v0.1,m3star_graph_action_value_xgboost_v0.3,9.0,0,1,1,0,development,0,0,0,1.0,G3_campaign,1.0,2,1,G1_technique,2,0,1,3,0,1,0,,8,1,2.0,C07-AA-001,0.0,0,2,project05-m3star-runtime-contract-v0.8,e1d6d08bf93f3ff400361ad947d95002dcf97cc68957c58c831e6a4fdb5c2953,0.8.0,2,0,G3_campaign,G3_campaign,m3star_graph_transition_xgboost_v0.1,0
C07-darpa-e5-theia-0515,discriminative,0.4,41,project05_m3star_h3_unshielded_dual,1,2.0,2,C07-AA-003|C07-AA-001,2.0,0.0,0,0,0,m3star_graph_action_value_xgboost_v0.3,m3star_graph_action_reachability_xgboost_v0.1,m3star_graph_action_value_xgboost_v0.3,9.0,0,1,1,0,development,0,0,0,1.0,G3_campaign,1.0,2,1,G1_technique,2,0,0,3,1,1,0,,8,0,2.0,C07-AA-001,0.0,0,2,project05-m3star-runtime-contract-v0.8,e1d6d08bf93f3ff400361ad947d95002dcf97cc68957c58c831e6a4fdb5c2953,0.8.0,2,1,G3_campaign,G3_campaign,m3star_graph_transition_xgboost_v0.1,0
C07-darpa-e5-theia-0515,discriminative,0.4,41,project05_m3star_h3_transition_only,1,2.0,2,C07-AA-001|C07-AA-003,2.0,0.0,1,0,0,none,none,none,9.0,0,1,1,0,development,0,0,0,1.0,G3_campaign,1.0,0,1,G1_technique,2,0,1,3,1,0,0,,8,1,2.0,C07-AA-001,0.0,0,2,project05-m3star-runtime-contract-v0.8,e1d6d08bf93f3ff400361ad947d95002dcf97cc68957c58c831e6a4fdb5c2953,0.8.0,2,1,G3_campaign,G3_campaign,m3star_graph_transition_xgboost_v0.1,0
C07-darpa-e5-theia-0515,discriminative,0.4,41,project05_m3star_h1_dual,1,2.0,2,C07-AA-001|C07-AA-003,2.0,0.0,1,0,0,m3star_graph_action_value_xgboost_v0.3,m3star_graph_action_reachability_xgboost_v0.1,m3star_graph_action_value_xgboost_v0.3,9.0,0,1,1,0,development,0,0,0,1.0,G3_campaign,1.0,2,1,G1_technique,2,0,1,1,1,1,0,,8,1,2.0,C07-AA-001,0.0,0,2,project05-m3star-runtime-contract-v0.8,e1d6d08bf93f3ff400361ad947d95002dcf97cc68957c58c831e6a4fdb5c2953,0.8.0,2,1,G3_campaign,G3_campaign,m3star_graph_transition_xgboost_v0.1,0
C07-darpa-e5-theia-0515,discriminative,0.4,41,project05_xgboost_policy,1,6.0,4,C07-AA-001|C07-AA-002|C07-AA-004|C07-AA-003,6.0,4.0,1,0,0,,,,9.0,0,1,1,,development,,0,0,1.0,G3_campaign,1.0,,1,G1_technique,2,0,,,,,,,,,2.0,C07-AA-001,1.0,,2,,,,4,,G3_campaign,G3_campaign,,2
C07-darpa-e5-theia-0515,discriminative,0.4,41,project05_m3b_policy,1,2.0,2,C07-AA-001|C07-AA-003,2.0,0.0,1,0,0,,,,9.0,0,1,1,,development,,0,0,1.0,G3_campaign,1.0,,1,G1_technique,2,0,,,,,,,,,2.0,C07-AA-001,0.0,,2,,,,2,,G3_campaign,G3_campaign,,0
C07-darpa-e5-theia-0515,discriminative,0.4,41,project05_m2,1,2.0,2,C07-AA-001|C07-AA-003,2.0,0.0,1,0,0,,,,9.0,0,1,1,,development,,0,0,1.0,G3_campaign,1.0,,1,G1_technique,2,0,,,,,,,,,2.0,C07-AA-001,0.0,,2,,,,2,,G3_campaign,G3_campaign,,0
C07-darpa-e5-theia-0515,discriminative,0.4,41,oracle_optimal,1,2.0,2,C07-AA-001|C07-AA-003,2.0,0.0,1,0,0,,,,9.0,0,1,1,,development,,0,0,1.0,G3_campaign,1.0,,1,G1_technique,2,0,,,,,,,,,2.0,C07-AA-001,0.0,,2,,,,2,,G3_campaign,G3_campaign,,0
C07-darpa-e5-theia-0515,discriminative,0.4,53,project05_m3star_h3_dual,1,2.0,2,C07-AA-001|C07-AA-003,2.0,0.0,1,0,0,m3star_graph_action_value_xgboost_v0.3,m3star_graph_action_reachability_xgboost_v0.1,m3star_graph_action_value_xgboost_v0.3,9.0,0,1,1,0,development,0,0,0,1.0,G3_campaign,1.0,2,1,G1_technique,2,0,1,3,1,1,1,,8,1,2.0,C07-AA-001,0.0,1,2,project05-m3star-runtime-contract-v0.8,e1d6d08bf93f3ff400361ad947d95002dcf97cc68957c58c831e6a4fdb5c2953,0.8.0,2,1,G3_campaign,G3_campaign,m3star_graph_transition_xgboost_v0.1,0
C07-darpa-e5-theia-0515,discriminative,0.4,53,project05_m3star_h3_no_dominance_dual,1,2.0,2,C07-AA-001|C07-AA-003,2.0,0.0,1,0,0,m3star_graph_action_value_xgboost_v0.3,m3star_graph_action_reachability_xgboost_v0.1,m3star_graph_action_value_xgboost_v0.3,9.0,0,1,1,0,development,0,0,0,1.0,G3_campaign,1.0,2,1,G1_technique,2,0,1,3,0,1,0,,8,1,2.0,C07-AA-001,0.0,0,2,project05-m3star-runtime-contract-v0.8,e1d6d08bf93f3ff400361ad947d95002dcf97cc68957c58c831e6a4fdb5c2953,0.8.0,2,0,G3_campaign,G3_campaign,m3star_graph_transition_xgboost_v0.1,0
C07-darpa-e5-theia-0515,discriminative,0.4,53,project05_m3star_h3_unshielded_dual,1,2.0,2,C07-AA-003|C07-AA-001,2.0,0.0,0,0,0,m3star_graph_action_value_xgboost_v0.3,m3star_graph_action_reachability_xgboost_v0.1,m3star_graph_action_value_xgboost_v0.3,9.0,0,1,1,0,development,0,0,0,1.0,G3_campaign,1.0,2,1,G1_technique,2,0,0,3,1,1,0,,8,0,2.0,C07-AA-001,0.0,0,2,project05-m3star-runtime-contract-v0.8,e1d6d08bf93f3ff400361ad947d95002dcf97cc68957c58c831e6a4fdb5c2953,0.8.0,2,1,G3_campaign,G3_campaign,m3star_graph_transition_xgboost_v0.1,0
C07-darpa-e5-theia-0515,discriminative,0.4,53,project05_m3star_h3_transition_only,1,2.0,2,C07-AA-001|C07-AA-003,2.0,0.0,1,0,0,none,none,none,9.0,0,1,1,0,development,0,0,0,1.0,G3_campaign,1.0,0,1,G1_technique,2,0,1,3,1,0,0,,8,1,2.0,C07-AA-001,0.0,0,2,project05-m3star-runtime-contract-v0.8,e1d6d08bf93f3ff400361ad947d95002dcf97cc68957c58c831e6a4fdb5c2953,0.8.0,2,1,G3_campaign,G3_campaign,m3star_graph_transition_xgboost_v0.1,0
C07-darpa-e5-theia-0515,discriminative,0.4,53,project05_m3star_h1_dual,1,2.0,2,C07-AA-001|C07-AA-003,2.0,0.0,1,0,0,m3star_graph_action_value_xgboost_v0.3,m3star_graph_action_reachability_xgboost_v0.1,m3star_graph_action_value_xgboost_v0.3,9.0,0,1,1,0,development,0,0,0,1.0,G3_campaign,1.0,2,1,G1_technique,2,0,1,1,1,1,0,,8,1,2.0,C07-AA-001,0.0,0,2,project05-m3star-runtime-contract-v0.8,e1d6d08bf93f3ff400361ad947d95002dcf97cc68957c58c831e6a4fdb5c2953,0.8.0,2,1,G3_campaign,G3_campaign,m3star_graph_transition_xgboost_v0.1,0
C07-darpa-e5-theia-0515,discriminative,0.4,53,project05_xgboost_policy,1,6.0,4,C07-AA-001|C07-AA-002|C07-AA-004|C07-AA-003,6.0,4.0,1,0,0,,,,9.0,0,1,1,,development,,0,0,1.0,G3_campaign,1.0,,1,G1_technique,2,0,,,,,,,,,2.0,C07-AA-001,1.0,,2,,,,4,,G3_campaign,G3_campaign,,2
C07-darpa-e5-theia-0515,discriminative,0.4,53,project05_m3b_policy,1,2.0,2,C07-AA-001|C07-AA-003,2.0,0.0,1,0,0,,,,9.0,0,1,1,,development,,0,0,1.0,G3_campaign,1.0,,1,G1_technique,2,0,,,,,,,,,2.0,C07-AA-001,0.0,,2,,,,2,,G3_campaign,G3_campaign,,0
C07-darpa-e5-theia-0515,discriminative,0.4,53,project05_m2,1,2.0,2,C07-AA-001|C07-AA-003,2.0,0.0,1,0,0,,,,9.0,0,1,1,,development,,0,0,1.0,G3_campaign,1.0,,1,G1_technique,2,0,,,,,,,,,2.0,C07-AA-001,0.0,,2,,,,2,,G3_campaign,G3_campaign,,0
C07-darpa-e5-theia-0515,discriminative,0.4,53,oracle_optimal,1,2.0,2,C07-AA-001|C07-AA-003,2.0,0.0,1,0,0,,,,9.0,0,1,1,,development,,0,0,1.0,G3_campaign,1.0,,1,G1_technique,2,0,,,,,,,,,2.0,C07-AA-001,0.0,,2,,,,2,,G3_campaign,G3_campaign,,0
C07-darpa-e5-theia-0515,discriminative,0.6,11,project05_m3star_h3_dual,1,4.0,3,C07-AA-004|C07-AA-001|C07-AA-003,4.0,0.0,0,0,0,m3star_graph_action_value_xgboost_v0.3,m3star_graph_action_reachability_xgboost_v0.1,m3star_graph_action_value_xgboost_v0.3,9.0,0,1,1,0,development,1,0,0,1.0,G3_campaign,1.0,0,1,G0_unknown,3,0,1,3,1,1,1,,8,1,4.0,C07-AA-001,0.1111,1,3,project05-m3star-runtime-contract-v0.8,e1d6d08bf93f3ff400361ad947d95002dcf97cc68957c58c831e6a4fdb5c2953,0.8.0,3,1,G3_campaign,G3_campaign,m3star_graph_transition_xgboost_v0.1,0
C07-darpa-e5-theia-0515,discriminative,0.6,11,project05_m3star_h3_no_dominance_dual,1,5.0,3,C07-AA-004|C07-AA-002|C07-AA-003,5.0,1.0,0,0,0,m3star_graph_action_value_xgboost_v0.3,m3star_graph_action_reachability_xgboost_v0.1,m3star_graph_action_value_xgboost_v0.3,9.0,0,1,1,0,development,0,0,0,1.0,G3_campaign,1.0,0,1,G0_unknown,3,0,1,3,0,1,0,,8,1,4.0,C07-AA-001,0.5556,0,3,project05-m3star-runtime-contract-v0.8,e1d6d08bf93f3ff400361ad947d95002dcf97cc68957c58c831e6a4fdb5c2953,0.8.0,3,0,G3_campaign,G3_campaign,m3star_graph_transition_xgboost_v0.1,0
C07-darpa-e5-theia-0515,discriminative,0.6,11,project05_m3star_h3_unshielded_dual,1,4.0,3,C07-AA-003|C07-AA-001|C07-AA-004,4.0,0.0,0,0,0,m3star_graph_action_value_xgboost_v0.3,m3star_graph_action_reachability_xgboost_v0.1,m3star_graph_action_value_xgboost_v0.3,9.0,0,1,1,0,development,0,0,0,1.0,G3_campaign,1.0,1,1,G0_unknown,3,0,0,3,1,1,0,,8,0,4.0,C07-AA-001,0.2222,0,3,project05-m3star-runtime-contract-v0.8,e1d6d08bf93f3ff400361ad947d95002dcf97cc68957c58c831e6a4fdb5c2953,0.8.0,3,1,G3_campaign,G3_campaign,m3star_graph_transition_xgboost_v0.1,0
C07-darpa-e5-theia-0515,discriminative,0.6,11,project05_m3star_h3_transition_only,1,5.0,3,C07-AA-004|C07-AA-002|C07-AA-003,5.0,1.0,0,0,0,none,none,none,9.0,0,1,1,0,development,0,0,0,1.0,G3_campaign,1.0,0,1,G0_unknown,3,0,1,3,1,0,0,,8,1,4.0,C07-AA-001,0.5556,0,3,project05-m3star-runtime-contract-v0.8,e1d6d08bf93f3ff400361ad947d95002dcf97cc68957c58c831e6a4fdb5c2953,0.8.0,3,1,G3_campaign,G3_campaign,m3star_graph_transition_xgboost_v0.1,0
C07-darpa-e5-theia-0515,discriminative,0.6,11,project05_m3star_h1_dual,1,5.0,3,C07-AA-004|C07-AA-002|C07-AA-003,5.0,1.0,0,0,0,m3star_graph_action_value_xgboost_v0.3,m3star_graph_action_reachability_xgboost_v0.1,m3star_graph_action_value_xgboost_v0.3,9.0,0,1,1,0,development,0,0,0,1.0,G3_campaign,1.0,0,1,G0_unknown,3,0,1,1,1,1,0,,8,1,4.0,C07-AA-001,0.5556,0,3,project05-m3star-runtime-contract-v0.8,e1d6d08bf93f3ff400361ad947d95002dcf97cc68957c58c831e6a4fdb5c2953,0.8.0,3,1,G3_campaign,G3_campaign,m3star_graph_transition_xgboost_v0.1,0
C07-darpa-e5-theia-0515,discriminative,0.6,11,project05_xgboost_policy,1,5.0,3,C07-AA-003|C07-AA-002|C07-AA-004,5.0,1.0,0,0,0,,,,9.0,0,1,1,,development,,0,0,1.0,G3_campaign,1.0,,1,G0_unknown,3,0,,,,,,,,,4.0,C07-AA-001,0.6444,,3,,,,3,,G3_campaign,G3_campaign,,0
C07-darpa-e5-theia-0515,discriminative,0.6,11,project05_m3b_policy,1,4.0,3,C07-AA-001|C07-AA-003|C07-AA-004,4.0,0.0,1,0,0,,,,9.0,0,1,1,,development,,0,0,1.0,G3_campaign,1.0,,1,G0_unknown,3,0,,,,,,,,,4.0,C07-AA-001,0.2222,,3,,,,3,,G3_campaign,G3_campaign,,0
C07-darpa-e5-theia-0515,discriminative,0.6,11,project05_m2,1,5.0,3,C07-AA-002|C07-AA-003|C07-AA-004,5.0,1.0,0,0,0,,,,9.0,0,1,1,,development,,0,0,1.0,G3_campaign,1.0,,1,G0_unknown,3,0,,,,,,,,,4.0,C07-AA-001,0.5444,,3,,,,3,,G3_campaign,G3_campaign,,0
C07-darpa-e5-theia-0515,discriminative,0.6,11,oracle_optimal,1,4.0,3,C07-AA-001|C07-AA-003|C07-AA-004,4.0,0.0,1,0,0,,,,9.0,0,1,1,,development,,0,0,1.0,G3_campaign,1.0,,1,G0_unknown,3,0,,,,,,,,,4.0,C07-AA-001,0.2222,,3,,,,3,,G3_campaign,G3_campaign,,0
C07-darpa-e5-theia-0515,discriminative,0.6,23,project05_m3star_h3_dual,1,6.0,4,C07-AA-004|C07-AA-001|C07-AA-002|C07-AA-003,6.0,1.0,0,0,0,m3star_graph_action_value_xgboost_v0.3,m3star_graph_action_reachability_xgboost_v0.1,m3star_graph_action_value_xgboost_v0.3,9.0,0,1,1,0,development,1,0,0,1.0,G3_campaign,1.0,0,1,G0_unknown,3,0,1,3,1,1,1,,8,1,5.0,C07-AA-002,0.5556,1,3,project05-m3star-runtime-contract-v0.8,e1d6d08bf93f3ff400361ad947d95002dcf97cc68957c58c831e6a4fdb5c2953,0.8.0,4,1,G3_campaign,G3_campaign,m3star_graph_transition_xgboost_v0.1,1
C07-darpa-e5-theia-0515,discriminative,0.6,23,project05_m3star_h3_no_dominance_dual,1,5.0,3,C07-AA-004|C07-AA-002|C07-AA-003,5.0,0.0,0,0,0,m3star_graph_action_value_xgboost_v0.3,m3star_graph_action_reachability_xgboost_v0.1,m3star_graph_action_value_xgboost_v0.3,9.0,0,1,1,0,development,0,0,0,1.0,G3_campaign,1.0,0,1,G0_unknown,3,0,1,3,0,1,0,,8,1,5.0,C07-AA-002,0.5556,0,3,project05-m3star-runtime-contract-v0.8,e1d6d08bf93f3ff400361ad947d95002dcf97cc68957c58c831e6a4fdb5c2953,0.8.0,3,0,G3_campaign,G3_campaign,m3star_graph_transition_xgboost_v0.1,0
C07-darpa-e5-theia-0515,discriminative,0.6,23,project05_m3star_h3_unshielded_dual,1,6.0,4,C07-AA-003|C07-AA-001|C07-AA-004|C07-AA-002,6.0,1.0,0,0,0,m3star_graph_action_value_xgboost_v0.3,m3star_graph_action_reachability_xgboost_v0.1,m3star_graph_action_value_xgboost_v0.3,9.0,0,1,1,0,development,0,0,0,1.0,G3_campaign,1.0,1,1,G0_unknown,3,0,0,3,1,1,0,,8,0,5.0,C07-AA-002,0.6667,0,3,project05-m3star-runtime-contract-v0.8,e1d6d08bf93f3ff400361ad947d95002dcf97cc68957c58c831e6a4fdb5c2953,0.8.0,4,1,G3_campaign,G3_campaign,m3star_graph_transition_xgboost_v0.1,1
C07-darpa-e5-theia-0515,discriminative,0.6,23,project05_m3star_h3_transition_only,1,5.0,3,C07-AA-004|C07-AA-002|C07-AA-003,5.0,0.0,0,0,0,none,none,none,9.0,0,1,1,0,development,0,0,0,1.0,G3_campaign,1.0,0,1,G0_unknown,3,0,1,3,1,0,0,,8,1,5.0,C07-AA-002,0.5556,0,3,project05-m3star-runtime-contract-v0.8,e1d6d08bf93f3ff400361ad947d95002dcf97cc68957c58c831e6a4fdb5c2953,0.8.0,3,1,G3_campaign,G3_campaign,m3star_graph_transition_xgboost_v0.1,0
C07-darpa-e5-theia-0515,discriminative,0.6,23,project05_m3star_h1_dual,1,5.0,3,C07-AA-004|C07-AA-002|C07-AA-003,5.0,0.0,0,0,0,m3star_graph_action_value_xgboost_v0.3,m3star_graph_action_reachability_xgboost_v0.1,m3star_graph_action_value_xgboost_v0.3,9.0,0,1,1,0,development,0,0,0,1.0,G3_campaign,1.0,0,1,G0_unknown,3,0,1,1,1,1,0,,8,1,5.0,C07-AA-002,0.5556,0,3,project05-m3star-runtime-contract-v0.8,e1d6d08bf93f3ff400361ad947d95002dcf97cc68957c58c831e6a4fdb5c2953,0.8.0,3,1,G3_campaign,G3_campaign,m3star_graph_transition_xgboost_v0.1,0
C07-darpa-e5-theia-0515,discriminative,0.6,23,project05_xgboost_policy,1,5.0,3,C07-AA-003|C07-AA-002|C07-AA-004,5.0,0.0,0,0,0,,,,9.0,0,1,1,,development,,0,0,1.0,G3_campaign,1.0,,1,G0_unknown,3,0,,,,,,,,,5.0,C07-AA-002,0.6444,,3,,,,3,,G3_campaign,G3_campaign,,0
C07-darpa-e5-theia-0515,discriminative,0.6,23,project05_m3b_policy,1,6.0,4,C07-AA-001|C07-AA-003|C07-AA-002|C07-AA-004,6.0,1.0,0,0,0,,,,9.0,0,1,1,,development,,0,0,1.0,G3_campaign,1.0,,1,G0_unknown,3,0,,,,,,,,,5.0,C07-AA-002,0.8889,,3,,,,4,,G3_campaign,G3_campaign,,1
C07-darpa-e5-theia-0515,discriminative,0.6,23,project05_m2,1,5.0,3,C07-AA-002|C07-AA-003|C07-AA-004,5.0,0.0,1,0,0,,,,9.0,0,1,1,,development,,0,0,1.0,G3_campaign,1.0,,1,G0_unknown,3,0,,,,,,,,,5.0,C07-AA-002,0.5444,,3,,,,3,,G3_campaign,G3_campaign,,0
C07-darpa-e5-theia-0515,discriminative,0.6,23,oracle_optimal,1,5.0,3,C07-AA-002|C07-AA-003|C07-AA-004,5.0,0.0,1,0,0,,,,9.0,0,1,1,,development,,0,0,1.0,G3_campaign,1.0,,1,G0_unknown,3,0,,,,,,,,,5.0,C07-AA-002,0.5444,,3,,,,3,,G3_campaign,G3_campaign,,0
C07-darpa-e5-theia-0515,discriminative,0.6,37,project05_m3star_h3_dual,1,6.0,4,C07-AA-004|C07-AA-001|C07-AA-002|C07-AA-003,6.0,1.0,0,0,0,m3star_graph_action_value_xgboost_v0.3,m3star_graph_action_reachability_xgboost_v0.1,m3star_graph_action_value_xgboost_v0.3,9.0,0,1,1,0,development,1,0,0,1.0,G3_campaign,1.0,0,1,G0_unknown,3,0,1,3,1,1,1,,8,1,5.0,C07-AA-002,0.5556,1,3,project05-m3star-runtime-contract-v0.8,e1d6d08bf93f3ff400361ad947d95002dcf97cc68957c58c831e6a4fdb5c2953,0.8.0,4,1,G3_campaign,G3_campaign,m3star_graph_transition_xgboost_v0.1,1
C07-darpa-e5-theia-0515,discriminative,0.6,37,project05_m3star_h3_no_dominance_dual,1,5.0,3,C07-AA-004|C07-AA-002|C07-AA-003,5.0,0.0,0,0,0,m3star_graph_action_value_xgboost_v0.3,m3star_graph_action_reachability_xgboost_v0.1,m3star_graph_action_value_xgboost_v0.3,9.0,0,1,1,0,development,0,0,0,1.0,G3_campaign,1.0,0,1,G0_unknown,3,0,1,3,0,1,0,,8,1,5.0,C07-AA-002,0.5556,0,3,project05-m3star-runtime-contract-v0.8,e1d6d08bf93f3ff400361ad947d95002dcf97cc68957c58c831e6a4fdb5c2953,0.8.0,3,0,G3_campaign,G3_campaign,m3star_graph_transition_xgboost_v0.1,0
C07-darpa-e5-theia-0515,discriminative,0.6,37,project05_m3star_h3_unshielded_dual,1,6.0,4,C07-AA-003|C07-AA-001|C07-AA-004|C07-AA-002,6.0,1.0,0,0,0,m3star_graph_action_value_xgboost_v0.3,m3star_graph_action_reachability_xgboost_v0.1,m3star_graph_action_value_xgboost_v0.3,9.0,0,1,1,0,development,0,0,0,1.0,G3_campaign,1.0,1,1,G0_unknown,3,0,0,3,1,1,0,,8,0,5.0,C07-AA-002,0.6667,0,3,project05-m3star-runtime-contract-v0.8,e1d6d08bf93f3ff400361ad947d95002dcf97cc68957c58c831e6a4fdb5c2953,0.8.0,4,1,G3_campaign,G3_campaign,m3star_graph_transition_xgboost_v0.1,1
C07-darpa-e5-theia-0515,discriminative,0.6,37,project05_m3star_h3_transition_only,1,5.0,3,C07-AA-004|C07-AA-002|C07-AA-003,5.0,0.0,0,0,0,none,none,none,9.0,0,1,1,0,development,0,0,0,1.0,G3_campaign,1.0,0,1,G0_unknown,3,0,1,3,1,0,0,,8,1,5.0,C07-AA-002,0.5556,0,3,project05-m3star-runtime-contract-v0.8,e1d6d08bf93f3ff400361ad947d95002dcf97cc68957c58c831e6a4fdb5c2953,0.8.0,3,1,G3_campaign,G3_campaign,m3star_graph_transition_xgboost_v0.1,0
C07-darpa-e5-theia-0515,discriminative,0.6,37,project05_m3star_h1_dual,1,5.0,3,C07-AA-004|C07-AA-002|C07-AA-003,5.0,0.0,0,0,0,m3star_graph_action_value_xgboost_v0.3,m3star_graph_action_reachability_xgboost_v0.1,m3star_graph_action_value_xgboost_v0.3,9.0,0,1,1,0,development,0,0,0,1.0,G3_campaign,1.0,0,1,G0_unknown,3,0,1,1,1,1,0,,8,1,5.0,C07-AA-002,0.5556,0,3,project05-m3star-runtime-contract-v0.8,e1d6d08bf93f3ff400361ad947d95002dcf97cc68957c58c831e6a4fdb5c2953,0.8.0,3,1,G3_campaign,G3_campaign,m3star_graph_transition_xgboost_v0.1,0
C07-darpa-e5-theia-0515,discriminative,0.6,37,project05_xgboost_policy,1,5.0,3,C07-AA-003|C07-AA-002|C07-AA-004,5.0,0.0,0,0,0,,,,9.0,0,1,1,,development,,0,0,1.0,G3_campaign,1.0,,1,G0_unknown,3,0,,,,,,,,,5.0,C07-AA-002,0.6444,,3,,,,3,,G3_campaign,G3_campaign,,0
C07-darpa-e5-theia-0515,discriminative,0.6,37,project05_m3b_policy,1,6.0,4,C07-AA-001|C07-AA-003|C07-AA-002|C07-AA-004,6.0,1.0,0,0,0,,,,9.0,0,1,1,,development,,0,0,1.0,G3_campaign,1.0,,1,G0_unknown,3,0,,,,,,,,,5.0,C07-AA-002,0.8889,,3,,,,4,,G3_campaign,G3_campaign,,1
C07-darpa-e5-theia-0515,discriminative,0.6,37,project05_m2,1,5.0,3,C07-AA-002|C07-AA-003|C07-AA-004,5.0,0.0,1,0,0,,,,9.0,0,1,1,,development,,0,0,1.0,G3_campaign,1.0,,1,G0_unknown,3,0,,,,,,,,,5.0,C07-AA-002,0.5444,,3,,,,3,,G3_campaign,G3_campaign,,0
C07-darpa-e5-theia-0515,discriminative,0.6,37,oracle_optimal,1,5.0,3,C07-AA-002|C07-AA-003|C07-AA-004,5.0,0.0,1,0,0,,,,9.0,0,1,1,,development,,0,0,1.0,G3_campaign,1.0,,1,G0_unknown,3,0,,,,,,,,,5.0,C07-AA-002,0.5444,,3,,,,3,,G3_campaign,G3_campaign,,0
C07-darpa-e5-theia-0515,discriminative,0.6,41,project05_m3star_h3_dual,1,4.0,3,C07-AA-004|C07-AA-001|C07-AA-003,4.0,0.0,0,0,0,m3star_graph_action_value_xgboost_v0.3,m3star_graph_action_reachability_xgboost_v0.1,m3star_graph_action_value_xgboost_v0.3,9.0,0,1,1,0,development,1,0,0,1.0,G3_campaign,1.0,0,1,G0_unknown,3,0,1,3,1,1,1,,8,1,4.0,C07-AA-001,0.1111,1,3,project05-m3star-runtime-contract-v0.8,e1d6d08bf93f3ff400361ad947d95002dcf97cc68957c58c831e6a4fdb5c2953,0.8.0,3,1,G3_campaign,G3_campaign,m3star_graph_transition_xgboost_v0.1,0
C07-darpa-e5-theia-0515,discriminative,0.6,41,project05_m3star_h3_no_dominance_dual,1,5.0,3,C07-AA-004|C07-AA-002|C07-AA-003,5.0,1.0,0,0,0,m3star_graph_action_value_xgboost_v0.3,m3star_graph_action_reachability_xgboost_v0.1,m3star_graph_action_value_xgboost_v0.3,9.0,0,1,1,0,development,0,0,0,1.0,G3_campaign,1.0,0,1,G0_unknown,3,0,1,3,0,1,0,,8,1,4.0,C07-AA-001,0.5556,0,3,project05-m3star-runtime-contract-v0.8,e1d6d08bf93f3ff400361ad947d95002dcf97cc68957c58c831e6a4fdb5c2953,0.8.0,3,0,G3_campaign,G3_campaign,m3star_graph_transition_xgboost_v0.1,0
C07-darpa-e5-theia-0515,discriminative,0.6,41,project05_m3star_h3_unshielded_dual,1,4.0,3,C07-AA-003|C07-AA-001|C07-AA-004,4.0,0.0,0,0,0,m3star_graph_action_value_xgboost_v0.3,m3star_graph_action_reachability_xgboost_v0.1,m3star_graph_action_value_xgboost_v0.3,9.0,0,1,1,0,development,0,0,0,1.0,G3_campaign,1.0,1,1,G0_unknown,3,0,0,3,1,1,0,,8,0,4.0,C07-AA-001,0.2222,0,3,project05-m3star-runtime-contract-v0.8,e1d6d08bf93f3ff400361ad947d95002dcf97cc68957c58c831e6a4fdb5c2953,0.8.0,3,1,G3_campaign,G3_campaign,m3star_graph_transition_xgboost_v0.1,0
C07-darpa-e5-theia-0515,discriminative,0.6,41,project05_m3star_h3_transition_only,1,5.0,3,C07-AA-004|C07-AA-002|C07-AA-003,5.0,1.0,0,0,0,none,none,none,9.0,0,1,1,0,development,0,0,0,1.0,G3_campaign,1.0,0,1,G0_unknown,3,0,1,3,1,0,0,,8,1,4.0,C07-AA-001,0.5556,0,3,project05-m3star-runtime-contract-v0.8,e1d6d08bf93f3ff400361ad947d95002dcf97cc68957c58c831e6a4fdb5c2953,0.8.0,3,1,G3_campaign,G3_campaign,m3star_graph_transition_xgboost_v0.1,0
C07-darpa-e5-theia-0515,discriminative,0.6,41,project05_m3star_h1_dual,1,5.0,3,C07-AA-004|C07-AA-002|C07-AA-003,5.0,1.0,0,0,0,m3star_graph_action_value_xgboost_v0.3,m3star_graph_action_reachability_xgboost_v0.1,m3star_graph_action_value_xgboost_v0.3,9.0,0,1,1,0,development,0,0,0,1.0,G3_campaign,1.0,0,1,G0_unknown,3,0,1,1,1,1,0,,8,1,4.0,C07-AA-001,0.5556,0,3,project05-m3star-runtime-contract-v0.8,e1d6d08bf93f3ff400361ad947d95002dcf97cc68957c58c831e6a4fdb5c2953,0.8.0,3,1,G3_campaign,G3_campaign,m3star_graph_transition_xgboost_v0.1,0
C07-darpa-e5-theia-0515,discriminative,0.6,41,project05_xgboost_policy,1,5.0,3,C07-AA-003|C07-AA-002|C07-AA-004,5.0,1.0,0,0,0,,,,9.0,0,1,1,,development,,0,0,1.0,G3_campaign,1.0,,1,G0_unknown,3,0,,,,,,,,,4.0,C07-AA-001,0.6444,,3,,,,3,,G3_campaign,G3_campaign,,0
C07-darpa-e5-theia-0515,discriminative,0.6,41,project05_m3b_policy,1,4.0,3,C07-AA-001|C07-AA-003|C07-AA-004,4.0,0.0,1,0,0,,,,9.0,0,1,1,,development,,0,0,1.0,G3_campaign,1.0,,1,G0_unknown,3,0,,,,,,,,,4.0,C07-AA-001,0.2222,,3,,,,3,,G3_campaign,G3_campaign,,0
C07-darpa-e5-theia-0515,discriminative,0.6,41,project05_m2,1,5.0,3,C07-AA-002|C07-AA-003|C07-AA-004,5.0,1.0,0,0,0,,,,9.0,0,1,1,,development,,0,0,1.0,G3_campaign,1.0,,1,G0_unknown,3,0,,,,,,,,,4.0,C07-AA-001,0.5444,,3,,,,3,,G3_campaign,G3_campaign,,0
C07-darpa-e5-theia-0515,discriminative,0.6,41,oracle_optimal,1,4.0,3,C07-AA-001|C07-AA-003|C07-AA-004,4.0,0.0,1,0,0,,,,9.0,0,1,1,,development,,0,0,1.0,G3_campaign,1.0,,1,G0_unknown,3,0,,,,,,,,,4.0,C07-AA-001,0.2222,,3,,,,3,,G3_campaign,G3_campaign,,0
C07-darpa-e5-theia-0515,discriminative,0.6,53,project05_m3star_h3_dual,1,4.0,3,C07-AA-004|C07-AA-001|C07-AA-003,4.0,0.0,0,0,0,m3star_graph_action_value_xgboost_v0.3,m3star_graph_action_reachability_xgboost_v0.1,m3star_graph_action_value_xgboost_v0.3,9.0,0,1,1,0,development,1,0,0,1.0,G3_campaign,1.0,0,1,G0_unknown,3,0,1,3,1,1,1,,8,1,4.0,C07-AA-001,0.1111,1,3,project05-m3star-runtime-contract-v0.8,e1d6d08bf93f3ff400361ad947d95002dcf97cc68957c58c831e6a4fdb5c2953,0.8.0,3,1,G3_campaign,G3_campaign,m3star_graph_transition_xgboost_v0.1,0
C07-darpa-e5-theia-0515,discriminative,0.6,53,project05_m3star_h3_no_dominance_dual,1,5.0,3,C07-AA-004|C07-AA-002|C07-AA-003,5.0,1.0,0,0,0,m3star_graph_action_value_xgboost_v0.3,m3star_graph_action_reachability_xgboost_v0.1,m3star_graph_action_value_xgboost_v0.3,9.0,0,1,1,0,development,0,0,0,1.0,G3_campaign,1.0,0,1,G0_unknown,3,0,1,3,0,1,0,,8,1,4.0,C07-AA-001,0.5556,0,3,project05-m3star-runtime-contract-v0.8,e1d6d08bf93f3ff400361ad947d95002dcf97cc68957c58c831e6a4fdb5c2953,0.8.0,3,0,G3_campaign,G3_campaign,m3star_graph_transition_xgboost_v0.1,0
C07-darpa-e5-theia-0515,discriminative,0.6,53,project05_m3star_h3_unshielded_dual,1,4.0,3,C07-AA-003|C07-AA-001|C07-AA-004,4.0,0.0,0,0,0,m3star_graph_action_value_xgboost_v0.3,m3star_graph_action_reachability_xgboost_v0.1,m3star_graph_action_value_xgboost_v0.3,9.0,0,1,1,0,development,0,0,0,1.0,G3_campaign,1.0,1,1,G0_unknown,3,0,0,3,1,1,0,,8,0,4.0,C07-AA-001,0.2222,0,3,project05-m3star-runtime-contract-v0.8,e1d6d08bf93f3ff400361ad947d95002dcf97cc68957c58c831e6a4fdb5c2953,0.8.0,3,1,G3_campaign,G3_campaign,m3star_graph_transition_xgboost_v0.1,0
C07-darpa-e5-theia-0515,discriminative,0.6,53,project05_m3star_h3_transition_only,1,5.0,3,C07-AA-004|C07-AA-002|C07-AA-003,5.0,1.0,0,0,0,none,none,none,9.0,0,1,1,0,development,0,0,0,1.0,G3_campaign,1.0,0,1,G0_unknown,3,0,1,3,1,0,0,,8,1,4.0,C07-AA-001,0.5556,0,3,project05-m3star-runtime-contract-v0.8,e1d6d08bf93f3ff400361ad947d95002dcf97cc68957c58c831e6a4fdb5c2953,0.8.0,3,1,G3_campaign,G3_campaign,m3star_graph_transition_xgboost_v0.1,0
C07-darpa-e5-theia-0515,discriminative,0.6,53,project05_m3star_h1_dual,1,5.0,3,C07-AA-004|C07-AA-002|C07-AA-003,5.0,1.0,0,0,0,m3star_graph_action_value_xgboost_v0.3,m3star_graph_action_reachability_xgboost_v0.1,m3star_graph_action_value_xgboost_v0.3,9.0,0,1,1,0,development,0,0,0,1.0,G3_campaign,1.0,0,1,G0_unknown,3,0,1,1,1,1,0,,8,1,4.0,C07-AA-001,0.5556,0,3,project05-m3star-runtime-contract-v0.8,e1d6d08bf93f3ff400361ad947d95002dcf97cc68957c58c831e6a4fdb5c2953,0.8.0,3,1,G3_campaign,G3_campaign,m3star_graph_transition_xgboost_v0.1,0
C07-darpa-e5-theia-0515,discriminative,0.6,53,project05_xgboost_policy,1,5.0,3,C07-AA-003|C07-AA-002|C07-AA-004,5.0,1.0,0,0,0,,,,9.0,0,1,1,,development,,0,0,1.0,G3_campaign,1.0,,1,G0_unknown,3,0,,,,,,,,,4.0,C07-AA-001,0.6444,,3,,,,3,,G3_campaign,G3_campaign,,0
C07-darpa-e5-theia-0515,discriminative,0.6,53,project05_m3b_policy,1,4.0,3,C07-AA-001|C07-AA-003|C07-AA-004,4.0,0.0,1,0,0,,,,9.0,0,1,1,,development,,0,0,1.0,G3_campaign,1.0,,1,G0_unknown,3,0,,,,,,,,,4.0,C07-AA-001,0.2222,,3,,,,3,,G3_campaign,G3_campaign,,0
C07-darpa-e5-theia-0515,discriminative,0.6,53,project05_m2,1,5.0,3,C07-AA-002|C07-AA-003|C07-AA-004,5.0,1.0,0,0,0,,,,9.0,0,1,1,,development,,0,0,1.0,G3_campaign,1.0,,1,G0_unknown,3,0,,,,,,,,,4.0,C07-AA-001,0.5444,,3,,,,3,,G3_campaign,G3_campaign,,0
C07-darpa-e5-theia-0515,discriminative,0.6,53,oracle_optimal,1,4.0,3,C07-AA-001|C07-AA-003|C07-AA-004,4.0,0.0,1,0,0,,,,9.0,0,1,1,,development,,0,0,1.0,G3_campaign,1.0,,1,G0_unknown,3,0,,,,,,,,,4.0,C07-AA-001,0.2222,,3,,,,3,,G3_campaign,G3_campaign,,0
C08-darpa-e5-clearscope-0515,random,0.2,11,project05_m3star_h3_dual,1,0.0,0,,0.0,0.0,0,0,0,m3star_graph_action_value_xgboost_v0.3,m3star_graph_action_reachability_xgboost_v0.1,m3star_graph_action_value_xgboost_v0.3,9.0,0,1,1,0,development,0,0,0,1.0,G3_campaign,1.0,0,0,G3_campaign,1,0,1,3,1,1,1,,8,1,0.0,,0.0,1,0,project05-m3star-runtime-contract-v0.8,e1d6d08bf93f3ff400361ad947d95002dcf97cc68957c58c831e6a4fdb5c2953,0.8.0,0,1,G3_campaign,G3_campaign,m3star_graph_transition_xgboost_v0.1,0
C08-darpa-e5-clearscope-0515,random,0.2,11,project05_m3star_h3_no_dominance_dual,1,0.0,0,,0.0,0.0,0,0,0,m3star_graph_action_value_xgboost_v0.3,m3star_graph_action_reachability_xgboost_v0.1,m3star_graph_action_value_xgboost_v0.3,9.0,0,1,1,0,development,0,0,0,1.0,G3_campaign,1.0,0,0,G3_campaign,1,0,1,3,0,1,0,,8,1,0.0,,0.0,0,0,project05-m3star-runtime-contract-v0.8,e1d6d08bf93f3ff400361ad947d95002dcf97cc68957c58c831e6a4fdb5c2953,0.8.0,0,0,G3_campaign,G3_campaign,m3star_graph_transition_xgboost_v0.1,0
C08-darpa-e5-clearscope-0515,random,0.2,11,project05_m3star_h3_unshielded_dual,1,0.0,0,,0.0,0.0,0,0,0,m3star_graph_action_value_xgboost_v0.3,m3star_graph_action_reachability_xgboost_v0.1,m3star_graph_action_value_xgboost_v0.3,9.0,0,1,1,0,development,0,0,0,1.0,G3_campaign,1.0,0,0,G3_campaign,1,0,0,3,1,1,0,,8,0,0.0,,0.0,0,0,project05-m3star-runtime-contract-v0.8,e1d6d08bf93f3ff400361ad947d95002dcf97cc68957c58c831e6a4fdb5c2953,0.8.0,0,1,G3_campaign,G3_campaign,m3star_graph_transition_xgboost_v0.1,0
C08-darpa-e5-clearscope-0515,random,0.2,11,project05_m3star_h3_transition_only,1,0.0,0,,0.0,0.0,0,0,0,none,none,none,9.0,0,1,1,0,development,0,0,0,1.0,G3_campaign,1.0,0,0,G3_campaign,1,0,1,3,1,0,0,,8,1,0.0,,0.0,0,0,project05-m3star-runtime-contract-v0.8,e1d6d08bf93f3ff400361ad947d95002dcf97cc68957c58c831e6a4fdb5c2953,0.8.0,0,1,G3_campaign,G3_campaign,m3star_graph_transition_xgboost_v0.1,0
C08-darpa-e5-clearscope-0515,random,0.2,11,project05_m3star_h1_dual,1,0.0,0,,0.0,0.0,0,0,0,m3star_graph_action_value_xgboost_v0.3,m3star_graph_action_reachability_xgboost_v0.1,m3star_graph_action_value_xgboost_v0.3,9.0,0,1,1,0,development,0,0,0,1.0,G3_campaign,1.0,0,0,G3_campaign,1,0,1,1,1,1,0,,8,1,0.0,,0.0,0,0,project05-m3star-runtime-contract-v0.8,e1d6d08bf93f3ff400361ad947d95002dcf97cc68957c58c831e6a4fdb5c2953,0.8.0,0,1,G3_campaign,G3_campaign,m3star_graph_transition_xgboost_v0.1,0
C08-darpa-e5-clearscope-0515,random,0.2,11,project05_xgboost_policy,1,0.0,0,,0.0,0.0,0,0,0,,,,9.0,0,1,1,,development,,0,0,1.0,G3_campaign,1.0,,0,G3_campaign,1,0,,,,,,,,,0.0,,0.0,,0,,,,0,,G3_campaign,G3_campaign,,0
C08-darpa-e5-clearscope-0515,random,0.2,11,project05_m3b_policy,1,0.0,0,,0.0,0.0,0,0,0,,,,9.0,0,1,1,,development,,0,0,1.0,G3_campaign,1.0,,0,G3_campaign,1,0,,,,,,,,,0.0,,0.0,,0,,,,0,,G3_campaign,G3_campaign,,0
C08-darpa-e5-clearscope-0515,random,0.2,11,project05_m2,1,0.0,0,,0.0,0.0,0,0,0,,,,9.0,0,1,1,,development,,0,0,1.0,G3_campaign,1.0,,0,G3_campaign,1,0,,,,,,,,,0.0,,0.0,,0,,,,0,,G3_campaign,G3_campaign,,0
C08-darpa-e5-clearscope-0515,random,0.2,11,oracle_optimal,1,0.0,0,,0.0,0.0,0,0,0,,,,9.0,0,1,1,,development,,0,0,1.0,G3_campaign,1.0,,0,G3_campaign,1,0,,,,,,,,,0.0,,0.0,,0,,,,0,,G3_campaign,G3_campaign,,0
C08-darpa-e5-clearscope-0515,random,0.2,23,project05_m3star_h3_dual,1,2.0,1,C08-AA-004,2.0,0.0,1,0,0,m3star_graph_action_value_xgboost_v0.3,m3star_graph_action_reachability_xgboost_v0.1,m3star_graph_action_value_xgboost_v0.3,9.0,0,1,1,0,development,0,0,0,1.0,G3_campaign,1.0,2,1,G2_tactic_intent,1,0,1,3,1,1,1,,8,1,2.0,C08-AA-004,0.0,1,1,project05-m3star-runtime-contract-v0.8,e1d6d08bf93f3ff400361ad947d95002dcf97cc68957c58c831e6a4fdb5c2953,0.8.0,1,1,G3_campaign,G3_campaign,m3star_graph_transition_xgboost_v0.1,0
C08-darpa-e5-clearscope-0515,random,0.2,23,project05_m3star_h3_no_dominance_dual,1,2.0,1,C08-AA-004,2.0,0.0,1,0,0,m3star_graph_action_value_xgboost_v0.3,m3star_graph_action_reachability_xgboost_v0.1,m3star_graph_action_value_xgboost_v0.3,9.0,0,1,1,0,development,0,0,0,1.0,G3_campaign,1.0,2,1,G2_tactic_intent,1,0,1,3,0,1,0,,8,1,2.0,C08-AA-004,0.0,0,1,project05-m3star-runtime-contract-v0.8,e1d6d08bf93f3ff400361ad947d95002dcf97cc68957c58c831e6a4fdb5c2953,0.8.0,1,0,G3_campaign,G3_campaign,m3star_graph_transition_xgboost_v0.1,0
C08-darpa-e5-clearscope-0515,random,0.2,23,project05_m3star_h3_unshielded_dual,1,3.0,2,C08-AA-003|C08-AA-004,3.0,1.0,0,0,0,m3star_graph_action_value_xgboost_v0.3,m3star_graph_action_reachability_xgboost_v0.1,m3star_graph_action_value_xgboost_v0.3,9.0,0,1,1,0,development,0,0,0,1.0,G3_campaign,1.0,1,1,G2_tactic_intent,1,0,0,3,1,1,0,,8,0,2.0,C08-AA-004,0.5,0,1,project05-m3star-runtime-contract-v0.8,e1d6d08bf93f3ff400361ad947d95002dcf97cc68957c58c831e6a4fdb5c2953,0.8.0,2,1,G3_campaign,G3_campaign,m3star_graph_transition_xgboost_v0.1,1
C08-darpa-e5-clearscope-0515,random,0.2,23,project05_m3star_h3_transition_only,1,2.0,1,C08-AA-004,2.0,0.0,1,0,0,none,none,none,9.0,0,1,1,0,development,0,0,0,1.0,G3_campaign,1.0,0,1,G2_tactic_intent,1,0,1,3,1,0,0,,8,1,2.0,C08-AA-004,0.0,0,1,project05-m3star-runtime-contract-v0.8,e1d6d08bf93f3ff400361ad947d95002dcf97cc68957c58c831e6a4fdb5c2953,0.8.0,1,1,G3_campaign,G3_campaign,m3star_graph_transition_xgboost_v0.1,0
C08-darpa-e5-clearscope-0515,random,0.2,23,project05_m3star_h1_dual,1,2.0,1,C08-AA-004,2.0,0.0,1,0,0,m3star_graph_action_value_xgboost_v0.3,m3star_graph_action_reachability_xgboost_v0.1,m3star_graph_action_value_xgboost_v0.3,9.0,0,1,1,0,development,0,0,0,1.0,G3_campaign,1.0,2,1,G2_tactic_intent,1,0,1,1,1,1,0,,8,1,2.0,C08-AA-004,0.0,0,1,project05-m3star-runtime-contract-v0.8,e1d6d08bf93f3ff400361ad947d95002dcf97cc68957c58c831e6a4fdb5c2953,0.8.0,1,1,G3_campaign,G3_campaign,m3star_graph_transition_xgboost_v0.1,0
C08-darpa-e5-clearscope-0515,random,0.2,23,project05_xgboost_policy,1,3.0,2,C08-AA-003|C08-AA-004,3.0,1.0,0,0,0,,,,9.0,0,1,1,,development,,0,0,1.0,G3_campaign,1.0,,1,G2_tactic_intent,1,0,,,,,,,,,2.0,C08-AA-004,0.5,,1,,,,2,,G3_campaign,G3_campaign,,1
C08-darpa-e5-clearscope-0515,random,0.2,23,project05_m3b_policy,1,3.0,2,C08-AA-003|C08-AA-004,3.0,1.0,0,0,0,,,,9.0,0,1,1,,development,,0,0,1.0,G3_campaign,1.0,,1,G2_tactic_intent,1,0,,,,,,,,,2.0,C08-AA-004,0.5,,1,,,,2,,G3_campaign,G3_campaign,,1
C08-darpa-e5-clearscope-0515,random,0.2,23,project05_m2,1,2.0,1,C08-AA-004,2.0,0.0,1,0,0,,,,9.0,0,1,1,,development,,0,0,1.0,G3_campaign,1.0,,1,G2_tactic_intent,1,0,,,,,,,,,2.0,C08-AA-004,0.0,,1,,,,1,,G3_campaign,G3_campaign,,0
C08-darpa-e5-clearscope-0515,random,0.2,23,oracle_optimal,1,2.0,1,C08-AA-004,2.0,0.0,1,0,0,,,,9.0,0,1,1,,development,,0,0,1.0,G3_campaign,1.0,,1,G2_tactic_intent,1,0,,,,,,,,,2.0,C08-AA-004,0.0,,1,,,,1,,G3_campaign,G3_campaign,,0
C08-darpa-e5-clearscope-0515,random,0.2,37,project05_m3star_h3_dual,1,3.0,2,C08-AA-001|C08-AA-002,3.0,1.0,0,0,0,m3star_graph_action_value_xgboost_v0.3,m3star_graph_action_reachability_xgboost_v0.1,m3star_graph_action_value_xgboost_v0.3,9.0,0,1,1,0,development,0,0,0,1.0,G3_campaign,1.0,1,1,G2_tactic_intent,1,0,1,3,1,1,1,,8,1,2.0,C08-AA-002,0.4444,1,1,project05-m3star-runtime-contract-v0.8,e1d6d08bf93f3ff400361ad947d95002dcf97cc68957c58c831e6a4fdb5c2953,0.8.0,2,1,G3_campaign,G3_campaign,m3star_graph_transition_xgboost_v0.1,1
C08-darpa-e5-clearscope-0515,random,0.2,37,project05_m3star_h3_no_dominance_dual,1,3.0,2,C08-AA-001|C08-AA-002,3.0,1.0,0,0,0,m3star_graph_action_value_xgboost_v0.3,m3star_graph_action_reachability_xgboost_v0.1,m3star_graph_action_value_xgboost_v0.3,9.0,0,1,1,0,development,0,0,0,1.0,G3_campaign,1.0,1,1,G2_tactic_intent,1,0,1,3,0,1,0,,8,1,2.0,C08-AA-002,0.4444,0,1,project05-m3star-runtime-contract-v0.8,e1d6d08bf93f3ff400361ad947d95002dcf97cc68957c58c831e6a4fdb5c2953,0.8.0,2,0,G3_campaign,G3_campaign,m3star_graph_transition_xgboost_v0.1,1
C08-darpa-e5-clearscope-0515,random,0.2,37,project05_m3star_h3_unshielded_dual,1,3.0,2,C08-AA-001|C08-AA-002,3.0,1.0,0,0,0,m3star_graph_action_value_xgboost_v0.3,m3star_graph_action_reachability_xgboost_v0.1,m3star_graph_action_value_xgboost_v0.3,9.0,0,1,1,0,development,0,0,0,1.0,G3_campaign,1.0,1,1,G2_tactic_intent,1,0,0,3,1,1,0,,8,0,2.0,C08-AA-002,0.4444,0,1,project05-m3star-runtime-contract-v0.8,e1d6d08bf93f3ff400361ad947d95002dcf97cc68957c58c831e6a4fdb5c2953,0.8.0,2,1,G3_campaign,G3_campaign,m3star_graph_transition_xgboost_v0.1,1
C08-darpa-e5-clearscope-0515,random,0.2,37,project05_m3star_h3_transition_only,1,3.0,2,C08-AA-001|C08-AA-002,3.0,1.0,0,0,0,none,none,none,9.0,0,1,1,0,development,0,0,0,1.0,G3_campaign,1.0,0,1,G2_tactic_intent,1,0,1,3,1,0,0,,8,1,2.0,C08-AA-002,0.4444,0,1,project05-m3star-runtime-contract-v0.8,e1d6d08bf93f3ff400361ad947d95002dcf97cc68957c58c831e6a4fdb5c2953,0.8.0,2,1,G3_campaign,G3_campaign,m3star_graph_transition_xgboost_v0.1,1
C08-darpa-e5-clearscope-0515,random,0.2,37,project05_m3star_h1_dual,1,3.0,2,C08-AA-001|C08-AA-002,3.0,1.0,0,0,0,m3star_graph_action_value_xgboost_v0.3,m3star_graph_action_reachability_xgboost_v0.1,m3star_graph_action_value_xgboost_v0.3,9.0,0,1,1,0,development,0,0,0,1.0,G3_campaign,1.0,1,1,G2_tactic_intent,1,0,1,1,1,1,0,,8,1,2.0,C08-AA-002,0.4444,0,1,project05-m3star-runtime-contract-v0.8,e1d6d08bf93f3ff400361ad947d95002dcf97cc68957c58c831e6a4fdb5c2953,0.8.0,2,1,G3_campaign,G3_campaign,m3star_graph_transition_xgboost_v0.1,1
C08-darpa-e5-clearscope-0515,random,0.2,37,project05_xgboost_policy,1,2.0,1,C08-AA-002,2.0,0.0,1,0,0,,,,9.0,0,1,1,,development,,0,0,1.0,G3_campaign,1.0,,1,G2_tactic_intent,1,0,,,,,,,,,2.0,C08-AA-002,0.0,,1,,,,1,,G3_campaign,G3_campaign,,0
C08-darpa-e5-clearscope-0515,random,0.2,37,project05_m3b_policy,1,3.0,2,C08-AA-001|C08-AA-002,3.0,1.0,0,0,0,,,,9.0,0,1,1,,development,,0,0,1.0,G3_campaign,1.0,,1,G2_tactic_intent,1,0,,,,,,,,,2.0,C08-AA-002,0.4444,,1,,,,2,,G3_campaign,G3_campaign,,1
C08-darpa-e5-clearscope-0515,random,0.2,37,project05_m2,1,3.0,2,C08-AA-001|C08-AA-002,3.0,1.0,0,0,0,,,,9.0,0,1,1,,development,,0,0,1.0,G3_campaign,1.0,,1,G2_tactic_intent,1,0,,,,,,,,,2.0,C08-AA-002,0.4444,,1,,,,2,,G3_campaign,G3_campaign,,1
C08-darpa-e5-clearscope-0515,random,0.2,37,oracle_optimal,1,2.0,1,C08-AA-002,2.0,0.0,1,0,0,,,,9.0,0,1,1,,development,,0,0,1.0,G3_campaign,1.0,,1,G2_tactic_intent,1,0,,,,,,,,,2.0,C08-AA-002,0.0,,1,,,,1,,G3_campaign,G3_campaign,,0
C08-darpa-e5-clearscope-0515,random,0.2,41,project05_m3star_h3_dual,1,0.0,0,,0.0,0.0,0,0,0,m3star_graph_action_value_xgboost_v0.3,m3star_graph_action_reachability_xgboost_v0.1,m3star_graph_action_value_xgboost_v0.3,9.0,0,1,1,0,development,0,0,0,1.0,G3_campaign,1.0,0,0,G3_campaign,1,0,1,3,1,1,1,,8,1,0.0,,0.0,1,0,project05-m3star-runtime-contract-v0.8,e1d6d08bf93f3ff400361ad947d95002dcf97cc68957c58c831e6a4fdb5c2953,0.8.0,0,1,G3_campaign,G3_campaign,m3star_graph_transition_xgboost_v0.1,0
C08-darpa-e5-clearscope-0515,random,0.2,41,project05_m3star_h3_no_dominance_dual,1,0.0,0,,0.0,0.0,0,0,0,m3star_graph_action_value_xgboost_v0.3,m3star_graph_action_reachability_xgboost_v0.1,m3star_graph_action_value_xgboost_v0.3,9.0,0,1,1,0,development,0,0,0,1.0,G3_campaign,1.0,0,0,G3_campaign,1,0,1,3,0,1,0,,8,1,0.0,,0.0,0,0,project05-m3star-runtime-contract-v0.8,e1d6d08bf93f3ff400361ad947d95002dcf97cc68957c58c831e6a4fdb5c2953,0.8.0,0,0,G3_campaign,G3_campaign,m3star_graph_transition_xgboost_v0.1,0
C08-darpa-e5-clearscope-0515,random,0.2,41,project05_m3star_h3_unshielded_dual,1,0.0,0,,0.0,0.0,0,0,0,m3star_graph_action_value_xgboost_v0.3,m3star_graph_action_reachability_xgboost_v0.1,m3star_graph_action_value_xgboost_v0.3,9.0,0,1,1,0,development,0,0,0,1.0,G3_campaign,1.0,0,0,G3_campaign,1,0,0,3,1,1,0,,8,0,0.0,,0.0,0,0,project05-m3star-runtime-contract-v0.8,e1d6d08bf93f3ff400361ad947d95002dcf97cc68957c58c831e6a4fdb5c2953,0.8.0,0,1,G3_campaign,G3_campaign,m3star_graph_transition_xgboost_v0.1,0
C08-darpa-e5-clearscope-0515,random,0.2,41,project05_m3star_h3_transition_only,1,0.0,0,,0.0,0.0,0,0,0,none,none,none,9.0,0,1,1,0,development,0,0,0,1.0,G3_campaign,1.0,0,0,G3_campaign,1,0,1,3,1,0,0,,8,1,0.0,,0.0,0,0,project05-m3star-runtime-contract-v0.8,e1d6d08bf93f3ff400361ad947d95002dcf97cc68957c58c831e6a4fdb5c2953,0.8.0,0,1,G3_campaign,G3_campaign,m3star_graph_transition_xgboost_v0.1,0
C08-darpa-e5-clearscope-0515,random,0.2,41,project05_m3star_h1_dual,1,0.0,0,,0.0,0.0,0,0,0,m3star_graph_action_value_xgboost_v0.3,m3star_graph_action_reachability_xgboost_v0.1,m3star_graph_action_value_xgboost_v0.3,9.0,0,1,1,0,development,0,0,0,1.0,G3_campaign,1.0,0,0,G3_campaign,1,0,1,1,1,1,0,,8,1,0.0,,0.0,0,0,project05-m3star-runtime-contract-v0.8,e1d6d08bf93f3ff400361ad947d95002dcf97cc68957c58c831e6a4fdb5c2953,0.8.0,0,1,G3_campaign,G3_campaign,m3star_graph_transition_xgboost_v0.1,0
C08-darpa-e5-clearscope-0515,random,0.2,41,project05_xgboost_policy,1,0.0,0,,0.0,0.0,0,0,0,,,,9.0,0,1,1,,development,,0,0,1.0,G3_campaign,1.0,,0,G3_campaign,1,0,,,,,,,,,0.0,,0.0,,0,,,,0,,G3_campaign,G3_campaign,,0
C08-darpa-e5-clearscope-0515,random,0.2,41,project05_m3b_policy,1,0.0,0,,0.0,0.0,0,0,0,,,,9.0,0,1,1,,development,,0,0,1.0,G3_campaign,1.0,,0,G3_campaign,1,0,,,,,,,,,0.0,,0.0,,0,,,,0,,G3_campaign,G3_campaign,,0
C08-darpa-e5-clearscope-0515,random,0.2,41,project05_m2,1,0.0,0,,0.0,0.0,0,0,0,,,,9.0,0,1,1,,development,,0,0,1.0,G3_campaign,1.0,,0,G3_campaign,1,0,,,,,,,,,0.0,,0.0,,0,,,,0,,G3_campaign,G3_campaign,,0
C08-darpa-e5-clearscope-0515,random,0.2,41,oracle_optimal,1,0.0,0,,0.0,0.0,0,0,0,,,,9.0,0,1,1,,development,,0,0,1.0,G3_campaign,1.0,,0,G3_campaign,1,0,,,,,,,,,0.0,,0.0,,0,,,,0,,G3_campaign,G3_campaign,,0
C08-darpa-e5-clearscope-0515,random,0.2,53,project05_m3star_h3_dual,1,1.0,1,C08-AA-003,1.0,0.0,1,0,0,m3star_graph_action_value_xgboost_v0.3,m3star_graph_action_reachability_xgboost_v0.1,m3star_graph_action_value_xgboost_v0.3,9.0,0,1,1,0,development,0,0,0,1.0,G3_campaign,1.0,2,1,G2_tactic_intent,1,0,1,3,1,1,1,,8,1,1.0,C08-AA-003,0.0,1,1,project05-m3star-runtime-contract-v0.8,e1d6d08bf93f3ff400361ad947d95002dcf97cc68957c58c831e6a4fdb5c2953,0.8.0,1,1,G3_campaign,G3_campaign,m3star_graph_transition_xgboost_v0.1,0
C08-darpa-e5-clearscope-0515,random,0.2,53,project05_m3star_h3_no_dominance_dual,1,1.0,1,C08-AA-003,1.0,0.0,1,0,0,m3star_graph_action_value_xgboost_v0.3,m3star_graph_action_reachability_xgboost_v0.1,m3star_graph_action_value_xgboost_v0.3,9.0,0,1,1,0,development,0,0,0,1.0,G3_campaign,1.0,2,1,G2_tactic_intent,1,0,1,3,0,1,0,,8,1,1.0,C08-AA-003,0.0,0,1,project05-m3star-runtime-contract-v0.8,e1d6d08bf93f3ff400361ad947d95002dcf97cc68957c58c831e6a4fdb5c2953,0.8.0,1,0,G3_campaign,G3_campaign,m3star_graph_transition_xgboost_v0.1,0
C08-darpa-e5-clearscope-0515,random,0.2,53,project05_m3star_h3_unshielded_dual,1,6.0,4,C08-AA-004|C08-AA-001|C08-AA-002|C08-AA-003,6.0,5.0,0,0,0,m3star_graph_action_value_xgboost_v0.3,m3star_graph_action_reachability_xgboost_v0.1,m3star_graph_action_value_xgboost_v0.3,9.0,0,1,1,0,development,0,0,0,1.0,G3_campaign,1.0,0,1,G2_tactic_intent,1,0,0,3,1,1,0,,8,0,1.0,C08-AA-003,0.6944,0,1,project05-m3star-runtime-contract-v0.8,e1d6d08bf93f3ff400361ad947d95002dcf97cc68957c58c831e6a4fdb5c2953,0.8.0,4,1,G3_campaign,G3_campaign,m3star_graph_transition_xgboost_v0.1,3
C08-darpa-e5-clearscope-0515,random,0.2,53,project05_m3star_h3_transition_only,1,1.0,1,C08-AA-003,1.0,0.0,1,0,0,none,none,none,9.0,0,1,1,0,development,0,0,0,1.0,G3_campaign,1.0,0,1,G2_tactic_intent,1,0,1,3,1,0,0,,8,1,1.0,C08-AA-003,0.0,0,1,project05-m3star-runtime-contract-v0.8,e1d6d08bf93f3ff400361ad947d95002dcf97cc68957c58c831e6a4fdb5c2953,0.8.0,1,1,G3_campaign,G3_campaign,m3star_graph_transition_xgboost_v0.1,0
C08-darpa-e5-clearscope-0515,random,0.2,53,project05_m3star_h1_dual,1,1.0,1,C08-AA-003,1.0,0.0,1,0,0,m3star_graph_action_value_xgboost_v0.3,m3star_graph_action_reachability_xgboost_v0.1,m3star_graph_action_value_xgboost_v0.3,9.0,0,1,1,0,development,0,0,0,1.0,G3_campaign,1.0,2,1,G2_tactic_intent,1,0,1,1,1,1,0,,8,1,1.0,C08-AA-003,0.0,0,1,project05-m3star-runtime-contract-v0.8,e1d6d08bf93f3ff400361ad947d95002dcf97cc68957c58c831e6a4fdb5c2953,0.8.0,1,1,G3_campaign,G3_campaign,m3star_graph_transition_xgboost_v0.1,0
C08-darpa-e5-clearscope-0515,random,0.2,53,project05_xgboost_policy,1,3.0,2,C08-AA-002|C08-AA-003,3.0,2.0,0,0,0,,,,9.0,0,1,1,,development,,0,0,1.0,G3_campaign,1.0,,1,G2_tactic_intent,1,0,,,,,,,,,1.0,C08-AA-003,0.1,,1,,,,2,,G3_campaign,G3_campaign,,1
C08-darpa-e5-clearscope-0515,random,0.2,53,project05_m3b_policy,1,2.0,2,C08-AA-001|C08-AA-003,2.0,1.0,0,0,0,,,,9.0,0,1,1,,development,,0,0,1.0,G3_campaign,1.0,,1,G2_tactic_intent,1,0,,,,,,,,,1.0,C08-AA-003,0.0,,1,,,,2,,G3_campaign,G3_campaign,,1
C08-darpa-e5-clearscope-0515,random,0.2,53,project05_m2,1,1.0,1,C08-AA-003,1.0,0.0,1,0,0,,,,9.0,0,1,1,,development,,0,0,1.0,G3_campaign,1.0,,1,G2_tactic_intent,1,0,,,,,,,,,1.0,C08-AA-003,0.0,,1,,,,1,,G3_campaign,G3_campaign,,0
C08-darpa-e5-clearscope-0515,random,0.2,53,oracle_optimal,1,1.0,1,C08-AA-003,1.0,0.0,1,0,0,,,,9.0,0,1,1,,development,,0,0,1.0,G3_campaign,1.0,,1,G2_tactic_intent,1,0,,,,,,,,,1.0,C08-AA-003,0.0,,1,,,,1,,G3_campaign,G3_campaign,,0
C08-darpa-e5-clearscope-0515,random,0.4,11,project05_m3star_h3_dual,1,2.0,1,C08-AA-004,2.0,0.0,1,0,0,m3star_graph_action_value_xgboost_v0.3,m3star_graph_action_reachability_xgboost_v0.1,m3star_graph_action_value_xgboost_v0.3,9.0,0,1,1,0,development,0,0,0,1.0,G3_campaign,1.0,2,1,G2_tactic_intent,2,0,1,3,1,1,1,,8,1,2.0,C08-AA-004,0.0,1,1,project05-m3star-runtime-contract-v0.8,e1d6d08bf93f3ff400361ad947d95002dcf97cc68957c58c831e6a4fdb5c2953,0.8.0,1,1,G3_campaign,G3_campaign,m3star_graph_transition_xgboost_v0.1,0
C08-darpa-e5-clearscope-0515,random,0.4,11,project05_m3star_h3_no_dominance_dual,1,2.0,1,C08-AA-004,2.0,0.0,1,0,0,m3star_graph_action_value_xgboost_v0.3,m3star_graph_action_reachability_xgboost_v0.1,m3star_graph_action_value_xgboost_v0.3,9.0,0,1,1,0,development,0,0,0,1.0,G3_campaign,1.0,2,1,G2_tactic_intent,2,0,1,3,0,1,0,,8,1,2.0,C08-AA-004,0.0,0,1,project05-m3star-runtime-contract-v0.8,e1d6d08bf93f3ff400361ad947d95002dcf97cc68957c58c831e6a4fdb5c2953,0.8.0,1,0,G3_campaign,G3_campaign,m3star_graph_transition_xgboost_v0.1,0
C08-darpa-e5-clearscope-0515,random,0.4,11,project05_m3star_h3_unshielded_dual,1,3.0,2,C08-AA-003|C08-AA-004,3.0,1.0,0,0,0,m3star_graph_action_value_xgboost_v0.3,m3star_graph_action_reachability_xgboost_v0.1,m3star_graph_action_value_xgboost_v0.3,9.0,0,1,1,0,development,0,0,0,1.0,G3_campaign,1.0,1,1,G2_tactic_intent,2,0,0,3,1,1,0,,8,0,2.0,C08-AA-004,0.5,0,1,project05-m3star-runtime-contract-v0.8,e1d6d08bf93f3ff400361ad947d95002dcf97cc68957c58c831e6a4fdb5c2953,0.8.0,2,1,G3_campaign,G3_campaign,m3star_graph_transition_xgboost_v0.1,1
C08-darpa-e5-clearscope-0515,random,0.4,11,project05_m3star_h3_transition_only,1,2.0,1,C08-AA-004,2.0,0.0,1,0,0,none,none,none,9.0,0,1,1,0,development,0,0,0,1.0,G3_campaign,1.0,0,1,G2_tactic_intent,2,0,1,3,1,0,0,,8,1,2.0,C08-AA-004,0.0,0,1,project05-m3star-runtime-contract-v0.8,e1d6d08bf93f3ff400361ad947d95002dcf97cc68957c58c831e6a4fdb5c2953,0.8.0,1,1,G3_campaign,G3_campaign,m3star_graph_transition_xgboost_v0.1,0
C08-darpa-e5-clearscope-0515,random,0.4,11,project05_m3star_h1_dual,1,2.0,1,C08-AA-004,2.0,0.0,1,0,0,m3star_graph_action_value_xgboost_v0.3,m3star_graph_action_reachability_xgboost_v0.1,m3star_graph_action_value_xgboost_v0.3,9.0,0,1,1,0,development,0,0,0,1.0,G3_campaign,1.0,2,1,G2_tactic_intent,2,0,1,1,1,1,0,,8,1,2.0,C08-AA-004,0.0,0,1,project05-m3star-runtime-contract-v0.8,e1d6d08bf93f3ff400361ad947d95002dcf97cc68957c58c831e6a4fdb5c2953,0.8.0,1,1,G3_campaign,G3_campaign,m3star_graph_transition_xgboost_v0.1,0
C08-darpa-e5-clearscope-0515,random,0.4,11,project05_xgboost_policy,1,3.0,2,C08-AA-003|C08-AA-004,3.0,1.0,0,0,0,,,,9.0,0,1,1,,development,,0,0,1.0,G3_campaign,1.0,,1,G2_tactic_intent,2,0,,,,,,,,,2.0,C08-AA-004,0.5,,1,,,,2,,G3_campaign,G3_campaign,,1
C08-darpa-e5-clearscope-0515,random,0.4,11,project05_m3b_policy,1,3.0,2,C08-AA-003|C08-AA-004,3.0,1.0,0,0,0,,,,9.0,0,1,1,,development,,0,0,1.0,G3_campaign,1.0,,1,G2_tactic_intent,2,0,,,,,,,,,2.0,C08-AA-004,0.5,,1,,,,2,,G3_campaign,G3_campaign,,1
C08-darpa-e5-clearscope-0515,random,0.4,11,project05_m2,1,2.0,1,C08-AA-004,2.0,0.0,1,0,0,,,,9.0,0,1,1,,development,,0,0,1.0,G3_campaign,1.0,,1,G2_tactic_intent,2,0,,,,,,,,,2.0,C08-AA-004,0.0,,1,,,,1,,G3_campaign,G3_campaign,,0
C08-darpa-e5-clearscope-0515,random,0.4,11,oracle_optimal,1,2.0,1,C08-AA-004,2.0,0.0,1,0,0,,,,9.0,0,1,1,,development,,0,0,1.0,G3_campaign,1.0,,1,G2_tactic_intent,2,0,,,,,,,,,2.0,C08-AA-004,0.0,,1,,,,1,,G3_campaign,G3_campaign,,0
C08-darpa-e5-clearscope-0515,random,0.4,23,project05_m3star_h3_dual,1,3.0,2,C08-AA-004|C08-AA-001,3.0,0.0,0,0,0,m3star_graph_action_value_xgboost_v0.3,m3star_graph_action_reachability_xgboost_v0.1,m3star_graph_action_value_xgboost_v0.3,9.0,0,1,1,0,development,0,0,0,1.0,G3_campaign,1.0,1,1,G1_technique,2,0,1,3,1,1,1,,8,1,3.0,C08-AA-001,0.0,1,2,project05-m3star-runtime-contract-v0.8,e1d6d08bf93f3ff400361ad947d95002dcf97cc68957c58c831e6a4fdb5c2953,0.8.0,2,1,G3_campaign,G3_campaign,m3star_graph_transition_xgboost_v0.1,0
C08-darpa-e5-clearscope-0515,random,0.4,23,project05_m3star_h3_no_dominance_dual,1,3.0,2,C08-AA-004|C08-AA-001,3.0,0.0,0,0,0,m3star_graph_action_value_xgboost_v0.3,m3star_graph_action_reachability_xgboost_v0.1,m3star_graph_action_value_xgboost_v0.3,9.0,0,1,1,0,development,0,0,0,1.0,G3_campaign,1.0,1,1,G1_technique,2,0,1,3,0,1,0,,8,1,3.0,C08-AA-001,0.0,0,2,project05-m3star-runtime-contract-v0.8,e1d6d08bf93f3ff400361ad947d95002dcf97cc68957c58c831e6a4fdb5c2953,0.8.0,2,0,G3_campaign,G3_campaign,m3star_graph_transition_xgboost_v0.1,0
C08-darpa-e5-clearscope-0515,random,0.4,23,project05_m3star_h3_unshielded_dual,1,3.0,2,C08-AA-001|C08-AA-004,3.0,0.0,1,0,0,m3star_graph_action_value_xgboost_v0.3,m3star_graph_action_reachability_xgboost_v0.1,m3star_graph_action_value_xgboost_v0.3,9.0,0,1,1,0,development,0,0,0,1.0,G3_campaign,1.0,1,1,G1_technique,2,0,0,3,1,1,0,,8,0,3.0,C08-AA-001,0.0,0,2,project05-m3star-runtime-contract-v0.8,e1d6d08bf93f3ff400361ad947d95002dcf97cc68957c58c831e6a4fdb5c2953,0.8.0,2,1,G3_campaign,G3_campaign,m3star_graph_transition_xgboost_v0.1,0
C08-darpa-e5-clearscope-0515,random,0.4,23,project05_m3star_h3_transition_only,1,3.0,2,C08-AA-004|C08-AA-001,3.0,0.0,0,0,0,none,none,none,9.0,0,1,1,0,development,0,0,0,1.0,G3_campaign,1.0,0,1,G1_technique,2,0,1,3,1,0,0,,8,1,3.0,C08-AA-001,0.0,0,2,project05-m3star-runtime-contract-v0.8,e1d6d08bf93f3ff400361ad947d95002dcf97cc68957c58c831e6a4fdb5c2953,0.8.0,2,1,G3_campaign,G3_campaign,m3star_graph_transition_xgboost_v0.1,0
C08-darpa-e5-clearscope-0515,random,0.4,23,project05_m3star_h1_dual,1,3.0,2,C08-AA-004|C08-AA-001,3.0,0.0,0,0,0,m3star_graph_action_value_xgboost_v0.3,m3star_graph_action_reachability_xgboost_v0.1,m3star_graph_action_value_xgboost_v0.3,9.0,0,1,1,0,development,0,0,0,1.0,G3_campaign,1.0,1,1,G1_technique,2,0,1,1,1,1,0,,8,1,3.0,C08-AA-001,0.0,0,2,project05-m3star-runtime-contract-v0.8,e1d6d08bf93f3ff400361ad947d95002dcf97cc68957c58c831e6a4fdb5c2953,0.8.0,2,1,G3_campaign,G3_campaign,m3star_graph_transition_xgboost_v0.1,0
C08-darpa-e5-clearscope-0515,random,0.4,23,project05_xgboost_policy,1,4.0,2,C08-AA-004|C08-AA-002,4.0,1.0,0,0,0,,,,9.0,0,1,1,,development,,0,0,1.0,G3_campaign,1.0,,1,G1_technique,2,0,,,,,,,,,3.0,C08-AA-001,0.4444,,2,,,,2,,G3_campaign,G3_campaign,,0
C08-darpa-e5-clearscope-0515,random,0.4,23,project05_m3b_policy,1,3.0,2,C08-AA-004|C08-AA-001,3.0,0.0,0,0,0,,,,9.0,0,1,1,,development,,0,0,1.0,G3_campaign,1.0,,1,G1_technique,2,0,,,,,,,,,3.0,C08-AA-001,0.0,,2,,,,2,,G3_campaign,G3_campaign,,0
C08-darpa-e5-clearscope-0515,random,0.4,23,project05_m2,1,3.0,2,C08-AA-001|C08-AA-004,3.0,0.0,1,0,0,,,,9.0,0,1,1,,development,,0,0,1.0,G3_campaign,1.0,,1,G1_technique,2,0,,,,,,,,,3.0,C08-AA-001,0.0,,2,,,,2,,G3_campaign,G3_campaign,,0
C08-darpa-e5-clearscope-0515,random,0.4,23,oracle_optimal,1,3.0,2,C08-AA-001|C08-AA-004,3.0,0.0,1,0,0,,,,9.0,0,1,1,,development,,0,0,1.0,G3_campaign,1.0,,1,G1_technique,2,0,,,,,,,,,3.0,C08-AA-001,0.0,,2,,,,2,,G3_campaign,G3_campaign,,0
C08-darpa-e5-clearscope-0515,random,0.4,37,project05_m3star_h3_dual,1,5.0,3,C08-AA-004|C08-AA-001|C08-AA-002,5.0,1.0,0,0,0,m3star_graph_action_value_xgboost_v0.3,m3star_graph_action_reachability_xgboost_v0.1,m3star_graph_action_value_xgboost_v0.3,9.0,0,1,1,0,development,0,0,0,1.0,G3_campaign,1.0,1,1,G1_technique,2,0,1,3,1,1,1,,8,1,4.0,C08-AA-002,0.4444,1,2,project05-m3star-runtime-contract-v0.8,e1d6d08bf93f3ff400361ad947d95002dcf97cc68957c58c831e6a4fdb5c2953,0.8.0,3,1,G3_campaign,G3_campaign,m3star_graph_transition_xgboost_v0.1,1
C08-darpa-e5-clearscope-0515,random,0.4,37,project05_m3star_h3_no_dominance_dual,1,5.0,3,C08-AA-004|C08-AA-001|C08-AA-002,5.0,1.0,0,0,0,m3star_graph_action_value_xgboost_v0.3,m3star_graph_action_reachability_xgboost_v0.1,m3star_graph_action_value_xgboost_v0.3,9.0,0,1,1,0,development,0,0,0,1.0,G3_campaign,1.0,1,1,G1_technique,2,0,1,3,0,1,0,,8,1,4.0,C08-AA-002,0.4444,0,2,project05-m3star-runtime-contract-v0.8,e1d6d08bf93f3ff400361ad947d95002dcf97cc68957c58c831e6a4fdb5c2953,0.8.0,3,0,G3_campaign,G3_campaign,m3star_graph_transition_xgboost_v0.1,1
C08-darpa-e5-clearscope-0515,random,0.4,37,project05_m3star_h3_unshielded_dual,1,5.0,3,C08-AA-001|C08-AA-004|C08-AA-002,5.0,1.0,0,0,0,m3star_graph_action_value_xgboost_v0.3,m3star_graph_action_reachability_xgboost_v0.1,m3star_graph_action_value_xgboost_v0.3,9.0,0,1,1,0,development,0,0,0,1.0,G3_campaign,1.0,1,1,G1_technique,2,0,0,3,1,1,0,,8,0,4.0,C08-AA-002,0.4444,0,2,project05-m3star-runtime-contract-v0.8,e1d6d08bf93f3ff400361ad947d95002dcf97cc68957c58c831e6a4fdb5c2953,0.8.0,3,1,G3_campaign,G3_campaign,m3star_graph_transition_xgboost_v0.1,1
C08-darpa-e5-clearscope-0515,random,0.4,37,project05_m3star_h3_transition_only,1,5.0,3,C08-AA-004|C08-AA-001|C08-AA-002,5.0,1.0,0,0,0,none,none,none,9.0,0,1,1,0,development,0,0,0,1.0,G3_campaign,1.0,0,1,G1_technique,2,0,1,3,1,0,0,,8,1,4.0,C08-AA-002,0.4444,0,2,project05-m3star-runtime-contract-v0.8,e1d6d08bf93f3ff400361ad947d95002dcf97cc68957c58c831e6a4fdb5c2953,0.8.0,3,1,G3_campaign,G3_campaign,m3star_graph_transition_xgboost_v0.1,1
C08-darpa-e5-clearscope-0515,random,0.4,37,project05_m3star_h1_dual,1,5.0,3,C08-AA-004|C08-AA-001|C08-AA-002,5.0,1.0,0,0,0,m3star_graph_action_value_xgboost_v0.3,m3star_graph_action_reachability_xgboost_v0.1,m3star_graph_action_value_xgboost_v0.3,9.0,0,1,1,0,development,0,0,0,1.0,G3_campaign,1.0,1,1,G1_technique,2,0,1,1,1,1,0,,8,1,4.0,C08-AA-002,0.4444,0,2,project05-m3star-runtime-contract-v0.8,e1d6d08bf93f3ff400361ad947d95002dcf97cc68957c58c831e6a4fdb5c2953,0.8.0,3,1,G3_campaign,G3_campaign,m3star_graph_transition_xgboost_v0.1,1
C08-darpa-e5-clearscope-0515,random,0.4,37,project05_xgboost_policy,1,4.0,2,C08-AA-004|C08-AA-002,4.0,0.0,0,0,0,,,,9.0,0,1,1,,development,,0,0,1.0,G3_campaign,1.0,,1,G1_technique,2,0,,,,,,,,,4.0,C08-AA-002,0.4444,,2,,,,2,,G3_campaign,G3_campaign,,0
C08-darpa-e5-clearscope-0515,random,0.4,37,project05_m3b_policy,1,5.0,3,C08-AA-004|C08-AA-001|C08-AA-002,5.0,1.0,0,0,0,,,,9.0,0,1,1,,development,,0,0,1.0,G3_campaign,1.0,,1,G1_technique,2,0,,,,,,,,,4.0,C08-AA-002,0.4444,,2,,,,3,,G3_campaign,G3_campaign,,1
C08-darpa-e5-clearscope-0515,random,0.4,37,project05_m2,1,5.0,3,C08-AA-001|C08-AA-002|C08-AA-004,5.0,1.0,0,0,0,,,,9.0,0,1,1,,development,,0,0,1.0,G3_campaign,1.0,,1,G1_technique,2,0,,,,,,,,,4.0,C08-AA-002,0.8889,,2,,,,3,,G3_campaign,G3_campaign,,1
C08-darpa-e5-clearscope-0515,random,0.4,37,oracle_optimal,1,4.0,2,C08-AA-002|C08-AA-004,4.0,0.0,1,0,0,,,,9.0,0,1,1,,development,,0,0,1.0,G3_campaign,1.0,,1,G1_technique,2,0,,,,,,,,,4.0,C08-AA-002,0.4444,,2,,,,2,,G3_campaign,G3_campaign,,0
C08-darpa-e5-clearscope-0515,random,0.4,41,project05_m3star_h3_dual,1,1.0,1,C08-AA-003,1.0,0.0,1,0,0,m3star_graph_action_value_xgboost_v0.3,m3star_graph_action_reachability_xgboost_v0.1,m3star_graph_action_value_xgboost_v0.3,9.0,0,1,1,0,development,0,0,0,1.0,G3_campaign,1.0,2,1,G2_tactic_intent,2,0,1,3,1,1,1,,8,1,1.0,C08-AA-003,0.0,1,1,project05-m3star-runtime-contract-v0.8,e1d6d08bf93f3ff400361ad947d95002dcf97cc68957c58c831e6a4fdb5c2953,0.8.0,1,1,G3_campaign,G3_campaign,m3star_graph_transition_xgboost_v0.1,0
C08-darpa-e5-clearscope-0515,random,0.4,41,project05_m3star_h3_no_dominance_dual,1,1.0,1,C08-AA-003,1.0,0.0,1,0,0,m3star_graph_action_value_xgboost_v0.3,m3star_graph_action_reachability_xgboost_v0.1,m3star_graph_action_value_xgboost_v0.3,9.0,0,1,1,0,development,0,0,0,1.0,G3_campaign,1.0,2,1,G2_tactic_intent,2,0,1,3,0,1,0,,8,1,1.0,C08-AA-003,0.0,0,1,project05-m3star-runtime-contract-v0.8,e1d6d08bf93f3ff400361ad947d95002dcf97cc68957c58c831e6a4fdb5c2953,0.8.0,1,0,G3_campaign,G3_campaign,m3star_graph_transition_xgboost_v0.1,0
C08-darpa-e5-clearscope-0515,random,0.4,41,project05_m3star_h3_unshielded_dual,1,6.0,4,C08-AA-004|C08-AA-001|C08-AA-002|C08-AA-003,6.0,5.0,0,0,0,m3star_graph_action_value_xgboost_v0.3,m3star_graph_action_reachability_xgboost_v0.1,m3star_graph_action_value_xgboost_v0.3,9.0,0,1,1,0,development,0,0,0,1.0,G3_campaign,1.0,0,1,G2_tactic_intent,2,0,0,3,1,1,0,,8,0,1.0,C08-AA-003,0.6944,0,1,project05-m3star-runtime-contract-v0.8,e1d6d08bf93f3ff400361ad947d95002dcf97cc68957c58c831e6a4fdb5c2953,0.8.0,4,1,G3_campaign,G3_campaign,m3star_graph_transition_xgboost_v0.1,3
C08-darpa-e5-clearscope-0515,random,0.4,41,project05_m3star_h3_transition_only,1,1.0,1,C08-AA-003,1.0,0.0,1,0,0,none,none,none,9.0,0,1,1,0,development,0,0,0,1.0,G3_campaign,1.0,0,1,G2_tactic_intent,2,0,1,3,1,0,0,,8,1,1.0,C08-AA-003,0.0,0,1,project05-m3star-runtime-contract-v0.8,e1d6d08bf93f3ff400361ad947d95002dcf97cc68957c58c831e6a4fdb5c2953,0.8.0,1,1,G3_campaign,G3_campaign,m3star_graph_transition_xgboost_v0.1,0
C08-darpa-e5-clearscope-0515,random,0.4,41,project05_m3star_h1_dual,1,1.0,1,C08-AA-003,1.0,0.0,1,0,0,m3star_graph_action_value_xgboost_v0.3,m3star_graph_action_reachability_xgboost_v0.1,m3star_graph_action_value_xgboost_v0.3,9.0,0,1,1,0,development,0,0,0,1.0,G3_campaign,1.0,2,1,G2_tactic_intent,2,0,1,1,1,1,0,,8,1,1.0,C08-AA-003,0.0,0,1,project05-m3star-runtime-contract-v0.8,e1d6d08bf93f3ff400361ad947d95002dcf97cc68957c58c831e6a4fdb5c2953,0.8.0,1,1,G3_campaign,G3_campaign,m3star_graph_transition_xgboost_v0.1,0
C08-darpa-e5-clearscope-0515,random,0.4,41,project05_xgboost_policy,1,3.0,2,C08-AA-002|C08-AA-003,3.0,2.0,0,0,0,,,,9.0,0,1,1,,development,,0,0,1.0,G3_campaign,1.0,,1,G2_tactic_intent,2,0,,,,,,,,,1.0,C08-AA-003,0.1,,1,,,,2,,G3_campaign,G3_campaign,,1
C08-darpa-e5-clearscope-0515,random,0.4,41,project05_m3b_policy,1,2.0,2,C08-AA-001|C08-AA-003,2.0,1.0,0,0,0,,,,9.0,0,1,1,,development,,0,0,1.0,G3_campaign,1.0,,1,G2_tactic_intent,2,0,,,,,,,,,1.0,C08-AA-003,0.0,,1,,,,2,,G3_campaign,G3_campaign,,1
C08-darpa-e5-clearscope-0515,random,0.4,41,project05_m2,1,1.0,1,C08-AA-003,1.0,0.0,1,0,0,,,,9.0,0,1,1,,development,,0,0,1.0,G3_campaign,1.0,,1,G2_tactic_intent,2,0,,,,,,,,,1.0,C08-AA-003,0.0,,1,,,,1,,G3_campaign,G3_campaign,,0
C08-darpa-e5-clearscope-0515,random,0.4,41,oracle_optimal,1,1.0,1,C08-AA-003,1.0,0.0,1,0,0,,,,9.0,0,1,1,,development,,0,0,1.0,G3_campaign,1.0,,1,G2_tactic_intent,2,0,,,,,,,,,1.0,C08-AA-003,0.0,,1,,,,1,,G3_campaign,G3_campaign,,0
C08-darpa-e5-clearscope-0515,random,0.4,53,project05_m3star_h3_dual,1,1.0,1,C08-AA-003,1.0,0.0,1,0,0,m3star_graph_action_value_xgboost_v0.3,m3star_graph_action_reachability_xgboost_v0.1,m3star_graph_action_value_xgboost_v0.3,9.0,0,1,1,0,development,0,0,0,1.0,G3_campaign,1.0,2,1,G2_tactic_intent,2,0,1,3,1,1,1,,8,1,1.0,C08-AA-003,0.0,1,1,project05-m3star-runtime-contract-v0.8,e1d6d08bf93f3ff400361ad947d95002dcf97cc68957c58c831e6a4fdb5c2953,0.8.0,1,1,G3_campaign,G3_campaign,m3star_graph_transition_xgboost_v0.1,0
C08-darpa-e5-clearscope-0515,random,0.4,53,project05_m3star_h3_no_dominance_dual,1,1.0,1,C08-AA-003,1.0,0.0,1,0,0,m3star_graph_action_value_xgboost_v0.3,m3star_graph_action_reachability_xgboost_v0.1,m3star_graph_action_value_xgboost_v0.3,9.0,0,1,1,0,development,0,0,0,1.0,G3_campaign,1.0,2,1,G2_tactic_intent,2,0,1,3,0,1,0,,8,1,1.0,C08-AA-003,0.0,0,1,project05-m3star-runtime-contract-v0.8,e1d6d08bf93f3ff400361ad947d95002dcf97cc68957c58c831e6a4fdb5c2953,0.8.0,1,0,G3_campaign,G3_campaign,m3star_graph_transition_xgboost_v0.1,0
C08-darpa-e5-clearscope-0515,random,0.4,53,project05_m3star_h3_unshielded_dual,1,6.0,4,C08-AA-004|C08-AA-001|C08-AA-002|C08-AA-003,6.0,5.0,0,0,0,m3star_graph_action_value_xgboost_v0.3,m3star_graph_action_reachability_xgboost_v0.1,m3star_graph_action_value_xgboost_v0.3,9.0,0,1,1,0,development,0,0,0,1.0,G3_campaign,1.0,0,1,G2_tactic_intent,2,0,0,3,1,1,0,,8,0,1.0,C08-AA-003,0.6944,0,1,project05-m3star-runtime-contract-v0.8,e1d6d08bf93f3ff400361ad947d95002dcf97cc68957c58c831e6a4fdb5c2953,0.8.0,4,1,G3_campaign,G3_campaign,m3star_graph_transition_xgboost_v0.1,3
C08-darpa-e5-clearscope-0515,random,0.4,53,project05_m3star_h3_transition_only,1,1.0,1,C08-AA-003,1.0,0.0,1,0,0,none,none,none,9.0,0,1,1,0,development,0,0,0,1.0,G3_campaign,1.0,0,1,G2_tactic_intent,2,0,1,3,1,0,0,,8,1,1.0,C08-AA-003,0.0,0,1,project05-m3star-runtime-contract-v0.8,e1d6d08bf93f3ff400361ad947d95002dcf97cc68957c58c831e6a4fdb5c2953,0.8.0,1,1,G3_campaign,G3_campaign,m3star_graph_transition_xgboost_v0.1,0
C08-darpa-e5-clearscope-0515,random,0.4,53,project05_m3star_h1_dual,1,1.0,1,C08-AA-003,1.0,0.0,1,0,0,m3star_graph_action_value_xgboost_v0.3,m3star_graph_action_reachability_xgboost_v0.1,m3star_graph_action_value_xgboost_v0.3,9.0,0,1,1,0,development,0,0,0,1.0,G3_campaign,1.0,2,1,G2_tactic_intent,2,0,1,1,1,1,0,,8,1,1.0,C08-AA-003,0.0,0,1,project05-m3star-runtime-contract-v0.8,e1d6d08bf93f3ff400361ad947d95002dcf97cc68957c58c831e6a4fdb5c2953,0.8.0,1,1,G3_campaign,G3_campaign,m3star_graph_transition_xgboost_v0.1,0
C08-darpa-e5-clearscope-0515,random,0.4,53,project05_xgboost_policy,1,3.0,2,C08-AA-002|C08-AA-003,3.0,2.0,0,0,0,,,,9.0,0,1,1,,development,,0,0,1.0,G3_campaign,1.0,,1,G2_tactic_intent,2,0,,,,,,,,,1.0,C08-AA-003,0.1,,1,,,,2,,G3_campaign,G3_campaign,,1
C08-darpa-e5-clearscope-0515,random,0.4,53,project05_m3b_policy,1,2.0,2,C08-AA-001|C08-AA-003,2.0,1.0,0,0,0,,,,9.0,0,1,1,,development,,0,0,1.0,G3_campaign,1.0,,1,G2_tactic_intent,2,0,,,,,,,,,1.0,C08-AA-003,0.0,,1,,,,2,,G3_campaign,G3_campaign,,1
C08-darpa-e5-clearscope-0515,random,0.4,53,project05_m2,1,1.0,1,C08-AA-003,1.0,0.0,1,0,0,,,,9.0,0,1,1,,development,,0,0,1.0,G3_campaign,1.0,,1,G2_tactic_intent,2,0,,,,,,,,,1.0,C08-AA-003,0.0,,1,,,,1,,G3_campaign,G3_campaign,,0
C08-darpa-e5-clearscope-0515,random,0.4,53,oracle_optimal,1,1.0,1,C08-AA-003,1.0,0.0,1,0,0,,,,9.0,0,1,1,,development,,0,0,1.0,G3_campaign,1.0,,1,G2_tactic_intent,2,0,,,,,,,,,1.0,C08-AA-003,0.0,,1,,,,1,,G3_campaign,G3_campaign,,0
C08-darpa-e5-clearscope-0515,random,0.6,11,project05_m3star_h3_dual,1,3.0,2,C08-AA-003|C08-AA-004,3.0,0.0,1,0,0,m3star_graph_action_value_xgboost_v0.3,m3star_graph_action_reachability_xgboost_v0.1,m3star_graph_action_value_xgboost_v0.3,9.0,0,1,1,0,development,0,0,0,1.0,G3_campaign,1.0,2,1,G1_technique,3,0,1,3,1,1,1,,8,1,3.0,C08-AA-003,0.5,1,2,project05-m3star-runtime-contract-v0.8,e1d6d08bf93f3ff400361ad947d95002dcf97cc68957c58c831e6a4fdb5c2953,0.8.0,2,1,G3_campaign,G3_campaign,m3star_graph_transition_xgboost_v0.1,0
C08-darpa-e5-clearscope-0515,random,0.6,11,project05_m3star_h3_no_dominance_dual,1,3.0,2,C08-AA-003|C08-AA-004,3.0,0.0,1,0,0,m3star_graph_action_value_xgboost_v0.3,m3star_graph_action_reachability_xgboost_v0.1,m3star_graph_action_value_xgboost_v0.3,9.0,0,1,1,0,development,0,0,0,1.0,G3_campaign,1.0,2,1,G1_technique,3,0,1,3,0,1,0,,8,1,3.0,C08-AA-003,0.5,0,2,project05-m3star-runtime-contract-v0.8,e1d6d08bf93f3ff400361ad947d95002dcf97cc68957c58c831e6a4fdb5c2953,0.8.0,2,0,G3_campaign,G3_campaign,m3star_graph_transition_xgboost_v0.1,0
C08-darpa-e5-clearscope-0515,random,0.6,11,project05_m3star_h3_unshielded_dual,1,6.0,4,C08-AA-002|C08-AA-001|C08-AA-004|C08-AA-003,6.0,3.0,0,0,0,m3star_graph_action_value_xgboost_v0.3,m3star_graph_action_reachability_xgboost_v0.1,m3star_graph_action_value_xgboost_v0.3,9.0,0,1,1,0,development,0,0,0,1.0,G3_campaign,1.0,0,1,G1_technique,3,0,0,3,1,1,0,,8,0,3.0,C08-AA-003,0.9167,0,2,project05-m3star-runtime-contract-v0.8,e1d6d08bf93f3ff400361ad947d95002dcf97cc68957c58c831e6a4fdb5c2953,0.8.0,4,1,G3_campaign,G3_campaign,m3star_graph_transition_xgboost_v0.1,2
C08-darpa-e5-clearscope-0515,random,0.6,11,project05_m3star_h3_transition_only,1,3.0,2,C08-AA-003|C08-AA-004,3.0,0.0,1,0,0,none,none,none,9.0,0,1,1,0,development,0,0,0,1.0,G3_campaign,1.0,0,1,G1_technique,3,0,1,3,1,0,0,,8,1,3.0,C08-AA-003,0.5,0,2,project05-m3star-runtime-contract-v0.8,e1d6d08bf93f3ff400361ad947d95002dcf97cc68957c58c831e6a4fdb5c2953,0.8.0,2,1,G3_campaign,G3_campaign,m3star_graph_transition_xgboost_v0.1,0
C08-darpa-e5-clearscope-0515,random,0.6,11,project05_m3star_h1_dual,1,3.0,2,C08-AA-003|C08-AA-004,3.0,0.0,1,0,0,m3star_graph_action_value_xgboost_v0.3,m3star_graph_action_reachability_xgboost_v0.1,m3star_graph_action_value_xgboost_v0.3,9.0,0,1,1,0,development,0,0,0,1.0,G3_campaign,1.0,2,1,G1_technique,3,0,1,1,1,1,0,,8,1,3.0,C08-AA-003,0.5,0,2,project05-m3star-runtime-contract-v0.8,e1d6d08bf93f3ff400361ad947d95002dcf97cc68957c58c831e6a4fdb5c2953,0.8.0,2,1,G3_campaign,G3_campaign,m3star_graph_transition_xgboost_v0.1,0
C08-darpa-e5-clearscope-0515,random,0.6,11,project05_xgboost_policy,1,3.0,2,C08-AA-003|C08-AA-004,3.0,0.0,1,0,0,,,,9.0,0,1,1,,development,,0,0,1.0,G3_campaign,1.0,,1,G1_technique,3,0,,,,,,,,,3.0,C08-AA-003,0.5,,2,,,,2,,G3_campaign,G3_campaign,,0
C08-darpa-e5-clearscope-0515,random,0.6,11,project05_m3b_policy,1,3.0,2,C08-AA-003|C08-AA-004,3.0,0.0,1,0,0,,,,9.0,0,1,1,,development,,0,0,1.0,G3_campaign,1.0,,1,G1_technique,3,0,,,,,,,,,3.0,C08-AA-003,0.5,,2,,,,2,,G3_campaign,G3_campaign,,0
C08-darpa-e5-clearscope-0515,random,0.6,11,project05_m2,1,3.0,2,C08-AA-003|C08-AA-004,3.0,0.0,1,0,0,,,,9.0,0,1,1,,development,,0,0,1.0,G3_campaign,1.0,,1,G1_technique,3,0,,,,,,,,,3.0,C08-AA-003,0.5,,2,,,,2,,G3_campaign,G3_campaign,,0
C08-darpa-e5-clearscope-0515,random,0.6,11,oracle_optimal,1,3.0,2,C08-AA-003|C08-AA-004,3.0,0.0,1,0,0,,,,9.0,0,1,1,,development,,0,0,1.0,G3_campaign,1.0,,1,G1_technique,3,0,,,,,,,,,3.0,C08-AA-003,0.5,,2,,,,2,,G3_campaign,G3_campaign,,0
C08-darpa-e5-clearscope-0515,random,0.6,23,project05_m3star_h3_dual,1,3.0,2,C08-AA-004|C08-AA-001,3.0,0.0,0,0,0,m3star_graph_action_value_xgboost_v0.3,m3star_graph_action_reachability_xgboost_v0.1,m3star_graph_action_value_xgboost_v0.3,9.0,0,1,1,0,development,0,0,0,1.0,G3_campaign,1.0,1,1,G1_technique,3,0,1,3,1,1,1,,8,1,3.0,C08-AA-001,0.0,1,2,project05-m3star-runtime-contract-v0.8,e1d6d08bf93f3ff400361ad947d95002dcf97cc68957c58c831e6a4fdb5c2953,0.8.0,2,1,G3_campaign,G3_campaign,m3star_graph_transition_xgboost_v0.1,0
C08-darpa-e5-clearscope-0515,random,0.6,23,project05_m3star_h3_no_dominance_dual,1,3.0,2,C08-AA-004|C08-AA-001,3.0,0.0,0,0,0,m3star_graph_action_value_xgboost_v0.3,m3star_graph_action_reachability_xgboost_v0.1,m3star_graph_action_value_xgboost_v0.3,9.0,0,1,1,0,development,0,0,0,1.0,G3_campaign,1.0,1,1,G1_technique,3,0,1,3,0,1,0,,8,1,3.0,C08-AA-001,0.0,0,2,project05-m3star-runtime-contract-v0.8,e1d6d08bf93f3ff400361ad947d95002dcf97cc68957c58c831e6a4fdb5c2953,0.8.0,2,0,G3_campaign,G3_campaign,m3star_graph_transition_xgboost_v0.1,0
C08-darpa-e5-clearscope-0515,random,0.6,23,project05_m3star_h3_unshielded_dual,1,3.0,2,C08-AA-001|C08-AA-004,3.0,0.0,1,0,0,m3star_graph_action_value_xgboost_v0.3,m3star_graph_action_reachability_xgboost_v0.1,m3star_graph_action_value_xgboost_v0.3,9.0,0,1,1,0,development,0,0,0,1.0,G3_campaign,1.0,1,1,G1_technique,3,0,0,3,1,1,0,,8,0,3.0,C08-AA-001,0.0,0,2,project05-m3star-runtime-contract-v0.8,e1d6d08bf93f3ff400361ad947d95002dcf97cc68957c58c831e6a4fdb5c2953,0.8.0,2,1,G3_campaign,G3_campaign,m3star_graph_transition_xgboost_v0.1,0
C08-darpa-e5-clearscope-0515,random,0.6,23,project05_m3star_h3_transition_only,1,3.0,2,C08-AA-004|C08-AA-001,3.0,0.0,0,0,0,none,none,none,9.0,0,1,1,0,development,0,0,0,1.0,G3_campaign,1.0,0,1,G1_technique,3,0,1,3,1,0,0,,8,1,3.0,C08-AA-001,0.0,0,2,project05-m3star-runtime-contract-v0.8,e1d6d08bf93f3ff400361ad947d95002dcf97cc68957c58c831e6a4fdb5c2953,0.8.0,2,1,G3_campaign,G3_campaign,m3star_graph_transition_xgboost_v0.1,0
C08-darpa-e5-clearscope-0515,random,0.6,23,project05_m3star_h1_dual,1,3.0,2,C08-AA-004|C08-AA-001,3.0,0.0,0,0,0,m3star_graph_action_value_xgboost_v0.3,m3star_graph_action_reachability_xgboost_v0.1,m3star_graph_action_value_xgboost_v0.3,9.0,0,1,1,0,development,0,0,0,1.0,G3_campaign,1.0,1,1,G1_technique,3,0,1,1,1,1,0,,8,1,3.0,C08-AA-001,0.0,0,2,project05-m3star-runtime-contract-v0.8,e1d6d08bf93f3ff400361ad947d95002dcf97cc68957c58c831e6a4fdb5c2953,0.8.0,2,1,G3_campaign,G3_campaign,m3star_graph_transition_xgboost_v0.1,0
C08-darpa-e5-clearscope-0515,random,0.6,23,project05_xgboost_policy,1,4.0,2,C08-AA-004|C08-AA-002,4.0,1.0,0,0,0,,,,9.0,0,1,1,,development,,0,0,1.0,G3_campaign,1.0,,1,G1_technique,3,0,,,,,,,,,3.0,C08-AA-001,0.4444,,2,,,,2,,G3_campaign,G3_campaign,,0
C08-darpa-e5-clearscope-0515,random,0.6,23,project05_m3b_policy,1,3.0,2,C08-AA-004|C08-AA-001,3.0,0.0,0,0,0,,,,9.0,0,1,1,,development,,0,0,1.0,G3_campaign,1.0,,1,G1_technique,3,0,,,,,,,,,3.0,C08-AA-001,0.0,,2,,,,2,,G3_campaign,G3_campaign,,0
C08-darpa-e5-clearscope-0515,random,0.6,23,project05_m2,1,3.0,2,C08-AA-001|C08-AA-004,3.0,0.0,1,0,0,,,,9.0,0,1,1,,development,,0,0,1.0,G3_campaign,1.0,,1,G1_technique,3,0,,,,,,,,,3.0,C08-AA-001,0.0,,2,,,,2,,G3_campaign,G3_campaign,,0
C08-darpa-e5-clearscope-0515,random,0.6,23,oracle_optimal,1,3.0,2,C08-AA-001|C08-AA-004,3.0,0.0,1,0,0,,,,9.0,0,1,1,,development,,0,0,1.0,G3_campaign,1.0,,1,G1_technique,3,0,,,,,,,,,3.0,C08-AA-001,0.0,,2,,,,2,,G3_campaign,G3_campaign,,0
C08-darpa-e5-clearscope-0515,random,0.6,37,project05_m3star_h3_dual,1,5.0,3,C08-AA-004|C08-AA-001|C08-AA-002,5.0,1.0,0,0,0,m3star_graph_action_value_xgboost_v0.3,m3star_graph_action_reachability_xgboost_v0.1,m3star_graph_action_value_xgboost_v0.3,9.0,0,1,1,0,development,0,0,0,1.0,G3_campaign,1.0,1,1,G1_technique,3,0,1,3,1,1,1,,8,1,4.0,C08-AA-002,0.4444,1,2,project05-m3star-runtime-contract-v0.8,e1d6d08bf93f3ff400361ad947d95002dcf97cc68957c58c831e6a4fdb5c2953,0.8.0,3,1,G3_campaign,G3_campaign,m3star_graph_transition_xgboost_v0.1,1
C08-darpa-e5-clearscope-0515,random,0.6,37,project05_m3star_h3_no_dominance_dual,1,5.0,3,C08-AA-004|C08-AA-001|C08-AA-002,5.0,1.0,0,0,0,m3star_graph_action_value_xgboost_v0.3,m3star_graph_action_reachability_xgboost_v0.1,m3star_graph_action_value_xgboost_v0.3,9.0,0,1,1,0,development,0,0,0,1.0,G3_campaign,1.0,1,1,G1_technique,3,0,1,3,0,1,0,,8,1,4.0,C08-AA-002,0.4444,0,2,project05-m3star-runtime-contract-v0.8,e1d6d08bf93f3ff400361ad947d95002dcf97cc68957c58c831e6a4fdb5c2953,0.8.0,3,0,G3_campaign,G3_campaign,m3star_graph_transition_xgboost_v0.1,1
C08-darpa-e5-clearscope-0515,random,0.6,37,project05_m3star_h3_unshielded_dual,1,5.0,3,C08-AA-001|C08-AA-004|C08-AA-002,5.0,1.0,0,0,0,m3star_graph_action_value_xgboost_v0.3,m3star_graph_action_reachability_xgboost_v0.1,m3star_graph_action_value_xgboost_v0.3,9.0,0,1,1,0,development,0,0,0,1.0,G3_campaign,1.0,1,1,G1_technique,3,0,0,3,1,1,0,,8,0,4.0,C08-AA-002,0.4444,0,2,project05-m3star-runtime-contract-v0.8,e1d6d08bf93f3ff400361ad947d95002dcf97cc68957c58c831e6a4fdb5c2953,0.8.0,3,1,G3_campaign,G3_campaign,m3star_graph_transition_xgboost_v0.1,1
C08-darpa-e5-clearscope-0515,random,0.6,37,project05_m3star_h3_transition_only,1,5.0,3,C08-AA-004|C08-AA-001|C08-AA-002,5.0,1.0,0,0,0,none,none,none,9.0,0,1,1,0,development,0,0,0,1.0,G3_campaign,1.0,0,1,G1_technique,3,0,1,3,1,0,0,,8,1,4.0,C08-AA-002,0.4444,0,2,project05-m3star-runtime-contract-v0.8,e1d6d08bf93f3ff400361ad947d95002dcf97cc68957c58c831e6a4fdb5c2953,0.8.0,3,1,G3_campaign,G3_campaign,m3star_graph_transition_xgboost_v0.1,1
C08-darpa-e5-clearscope-0515,random,0.6,37,project05_m3star_h1_dual,1,5.0,3,C08-AA-004|C08-AA-001|C08-AA-002,5.0,1.0,0,0,0,m3star_graph_action_value_xgboost_v0.3,m3star_graph_action_reachability_xgboost_v0.1,m3star_graph_action_value_xgboost_v0.3,9.0,0,1,1,0,development,0,0,0,1.0,G3_campaign,1.0,1,1,G1_technique,3,0,1,1,1,1,0,,8,1,4.0,C08-AA-002,0.4444,0,2,project05-m3star-runtime-contract-v0.8,e1d6d08bf93f3ff400361ad947d95002dcf97cc68957c58c831e6a4fdb5c2953,0.8.0,3,1,G3_campaign,G3_campaign,m3star_graph_transition_xgboost_v0.1,1
C08-darpa-e5-clearscope-0515,random,0.6,37,project05_xgboost_policy,1,4.0,2,C08-AA-004|C08-AA-002,4.0,0.0,0,0,0,,,,9.0,0,1,1,,development,,0,0,1.0,G3_campaign,1.0,,1,G1_technique,3,0,,,,,,,,,4.0,C08-AA-002,0.4444,,2,,,,2,,G3_campaign,G3_campaign,,0
C08-darpa-e5-clearscope-0515,random,0.6,37,project05_m3b_policy,1,5.0,3,C08-AA-004|C08-AA-001|C08-AA-002,5.0,1.0,0,0,0,,,,9.0,0,1,1,,development,,0,0,1.0,G3_campaign,1.0,,1,G1_technique,3,0,,,,,,,,,4.0,C08-AA-002,0.4444,,2,,,,3,,G3_campaign,G3_campaign,,1
C08-darpa-e5-clearscope-0515,random,0.6,37,project05_m2,1,5.0,3,C08-AA-001|C08-AA-002|C08-AA-004,5.0,1.0,0,0,0,,,,9.0,0,1,1,,development,,0,0,1.0,G3_campaign,1.0,,1,G1_technique,3,0,,,,,,,,,4.0,C08-AA-002,0.8889,,2,,,,3,,G3_campaign,G3_campaign,,1
C08-darpa-e5-clearscope-0515,random,0.6,37,oracle_optimal,1,4.0,2,C08-AA-002|C08-AA-004,4.0,0.0,1,0,0,,,,9.0,0,1,1,,development,,0,0,1.0,G3_campaign,1.0,,1,G1_technique,3,0,,,,,,,,,4.0,C08-AA-002,0.4444,,2,,,,2,,G3_campaign,G3_campaign,,0
C08-darpa-e5-clearscope-0515,random,0.6,41,project05_m3star_h3_dual,1,2.0,2,C08-AA-001|C08-AA-003,2.0,0.0,1,0,0,m3star_graph_action_value_xgboost_v0.3,m3star_graph_action_reachability_xgboost_v0.1,m3star_graph_action_value_xgboost_v0.3,9.0,0,1,1,0,development,0,0,0,1.0,G3_campaign,1.0,2,1,G1_technique,3,0,1,3,1,1,1,,8,1,2.0,C08-AA-001,0.0,1,2,project05-m3star-runtime-contract-v0.8,e1d6d08bf93f3ff400361ad947d95002dcf97cc68957c58c831e6a4fdb5c2953,0.8.0,2,1,G3_campaign,G3_campaign,m3star_graph_transition_xgboost_v0.1,0
C08-darpa-e5-clearscope-0515,random,0.6,41,project05_m3star_h3_no_dominance_dual,1,2.0,2,C08-AA-001|C08-AA-003,2.0,0.0,1,0,0,m3star_graph_action_value_xgboost_v0.3,m3star_graph_action_reachability_xgboost_v0.1,m3star_graph_action_value_xgboost_v0.3,9.0,0,1,1,0,development,0,0,0,1.0,G3_campaign,1.0,2,1,G1_technique,3,0,1,3,0,1,0,,8,1,2.0,C08-AA-001,0.0,0,2,project05-m3star-runtime-contract-v0.8,e1d6d08bf93f3ff400361ad947d95002dcf97cc68957c58c831e6a4fdb5c2953,0.8.0,2,0,G3_campaign,G3_campaign,m3star_graph_transition_xgboost_v0.1,0
C08-darpa-e5-clearscope-0515,random,0.6,41,project05_m3star_h3_unshielded_dual,1,6.0,4,C08-AA-002|C08-AA-001|C08-AA-004|C08-AA-003,6.0,4.0,0,0,0,m3star_graph_action_value_xgboost_v0.3,m3star_graph_action_reachability_xgboost_v0.1,m3star_graph_action_value_xgboost_v0.3,9.0,0,1,1,0,development,0,0,0,1.0,G3_campaign,1.0,1,1,G1_technique,3,0,0,3,1,1,0,,8,0,2.0,C08-AA-001,0.9167,0,2,project05-m3star-runtime-contract-v0.8,e1d6d08bf93f3ff400361ad947d95002dcf97cc68957c58c831e6a4fdb5c2953,0.8.0,4,1,G3_campaign,G3_campaign,m3star_graph_transition_xgboost_v0.1,2
C08-darpa-e5-clearscope-0515,random,0.6,41,project05_m3star_h3_transition_only,1,2.0,2,C08-AA-001|C08-AA-003,2.0,0.0,1,0,0,none,none,none,9.0,0,1,1,0,development,0,0,0,1.0,G3_campaign,1.0,0,1,G1_technique,3,0,1,3,1,0,0,,8,1,2.0,C08-AA-001,0.0,0,2,project05-m3star-runtime-contract-v0.8,e1d6d08bf93f3ff400361ad947d95002dcf97cc68957c58c831e6a4fdb5c2953,0.8.0,2,1,G3_campaign,G3_campaign,m3star_graph_transition_xgboost_v0.1,0
C08-darpa-e5-clearscope-0515,random,0.6,41,project05_m3star_h1_dual,1,2.0,2,C08-AA-001|C08-AA-003,2.0,0.0,1,0,0,m3star_graph_action_value_xgboost_v0.3,m3star_graph_action_reachability_xgboost_v0.1,m3star_graph_action_value_xgboost_v0.3,9.0,0,1,1,0,development,0,0,0,1.0,G3_campaign,1.0,2,1,G1_technique,3,0,1,1,1,1,0,,8,1,2.0,C08-AA-001,0.0,0,2,project05-m3star-runtime-contract-v0.8,e1d6d08bf93f3ff400361ad947d95002dcf97cc68957c58c831e6a4fdb5c2953,0.8.0,2,1,G3_campaign,G3_campaign,m3star_graph_transition_xgboost_v0.1,0
C08-darpa-e5-clearscope-0515,random,0.6,41,project05_xgboost_policy,1,4.0,3,C08-AA-001|C08-AA-002|C08-AA-003,4.0,2.0,1,0,0,,,,9.0,0,1,1,,development,,0,0,1.0,G3_campaign,1.0,,1,G1_technique,3,0,,,,,,,,,2.0,C08-AA-001,0.5444,,2,,,,3,,G3_campaign,G3_campaign,,1
C08-darpa-e5-clearscope-0515,random,0.6,41,project05_m3b_policy,1,2.0,2,C08-AA-001|C08-AA-003,2.0,0.0,1,0,0,,,,9.0,0,1,1,,development,,0,0,1.0,G3_campaign,1.0,,1,G1_technique,3,0,,,,,,,,,2.0,C08-AA-001,0.0,,2,,,,2,,G3_campaign,G3_campaign,,0
C08-darpa-e5-clearscope-0515,random,0.6,41,project05_m2,1,2.0,2,C08-AA-001|C08-AA-003,2.0,0.0,1,0,0,,,,9.0,0,1,1,,development,,0,0,1.0,G3_campaign,1.0,,1,G1_technique,3,0,,,,,,,,,2.0,C08-AA-001,0.0,,2,,,,2,,G3_campaign,G3_campaign,,0
C08-darpa-e5-clearscope-0515,random,0.6,41,oracle_optimal,1,2.0,2,C08-AA-001|C08-AA-003,2.0,0.0,1,0,0,,,,9.0,0,1,1,,development,,0,0,1.0,G3_campaign,1.0,,1,G1_technique,3,0,,,,,,,,,2.0,C08-AA-001,0.0,,2,,,,2,,G3_campaign,G3_campaign,,0
C08-darpa-e5-clearscope-0515,random,0.6,53,project05_m3star_h3_dual,1,3.0,2,C08-AA-003|C08-AA-004,3.0,0.0,1,0,0,m3star_graph_action_value_xgboost_v0.3,m3star_graph_action_reachability_xgboost_v0.1,m3star_graph_action_value_xgboost_v0.3,9.0,0,1,1,0,development,0,0,0,1.0,G3_campaign,1.0,2,1,G1_technique,3,0,1,3,1,1,1,,8,1,3.0,C08-AA-003,0.5,1,2,project05-m3star-runtime-contract-v0.8,e1d6d08bf93f3ff400361ad947d95002dcf97cc68957c58c831e6a4fdb5c2953,0.8.0,2,1,G3_campaign,G3_campaign,m3star_graph_transition_xgboost_v0.1,0
C08-darpa-e5-clearscope-0515,random,0.6,53,project05_m3star_h3_no_dominance_dual,1,3.0,2,C08-AA-003|C08-AA-004,3.0,0.0,1,0,0,m3star_graph_action_value_xgboost_v0.3,m3star_graph_action_reachability_xgboost_v0.1,m3star_graph_action_value_xgboost_v0.3,9.0,0,1,1,0,development,0,0,0,1.0,G3_campaign,1.0,2,1,G1_technique,3,0,1,3,0,1,0,,8,1,3.0,C08-AA-003,0.5,0,2,project05-m3star-runtime-contract-v0.8,e1d6d08bf93f3ff400361ad947d95002dcf97cc68957c58c831e6a4fdb5c2953,0.8.0,2,0,G3_campaign,G3_campaign,m3star_graph_transition_xgboost_v0.1,0
C08-darpa-e5-clearscope-0515,random,0.6,53,project05_m3star_h3_unshielded_dual,1,6.0,4,C08-AA-002|C08-AA-001|C08-AA-004|C08-AA-003,6.0,3.0,0,0,0,m3star_graph_action_value_xgboost_v0.3,m3star_graph_action_reachability_xgboost_v0.1,m3star_graph_action_value_xgboost_v0.3,9.0,0,1,1,0,development,0,0,0,1.0,G3_campaign,1.0,0,1,G1_technique,3,0,0,3,1,1,0,,8,0,3.0,C08-AA-003,0.9167,0,2,project05-m3star-runtime-contract-v0.8,e1d6d08bf93f3ff400361ad947d95002dcf97cc68957c58c831e6a4fdb5c2953,0.8.0,4,1,G3_campaign,G3_campaign,m3star_graph_transition_xgboost_v0.1,2
C08-darpa-e5-clearscope-0515,random,0.6,53,project05_m3star_h3_transition_only,1,3.0,2,C08-AA-003|C08-AA-004,3.0,0.0,1,0,0,none,none,none,9.0,0,1,1,0,development,0,0,0,1.0,G3_campaign,1.0,0,1,G1_technique,3,0,1,3,1,0,0,,8,1,3.0,C08-AA-003,0.5,0,2,project05-m3star-runtime-contract-v0.8,e1d6d08bf93f3ff400361ad947d95002dcf97cc68957c58c831e6a4fdb5c2953,0.8.0,2,1,G3_campaign,G3_campaign,m3star_graph_transition_xgboost_v0.1,0
C08-darpa-e5-clearscope-0515,random,0.6,53,project05_m3star_h1_dual,1,3.0,2,C08-AA-003|C08-AA-004,3.0,0.0,1,0,0,m3star_graph_action_value_xgboost_v0.3,m3star_graph_action_reachability_xgboost_v0.1,m3star_graph_action_value_xgboost_v0.3,9.0,0,1,1,0,development,0,0,0,1.0,G3_campaign,1.0,2,1,G1_technique,3,0,1,1,1,1,0,,8,1,3.0,C08-AA-003,0.5,0,2,project05-m3star-runtime-contract-v0.8,e1d6d08bf93f3ff400361ad947d95002dcf97cc68957c58c831e6a4fdb5c2953,0.8.0,2,1,G3_campaign,G3_campaign,m3star_graph_transition_xgboost_v0.1,0
C08-darpa-e5-clearscope-0515,random,0.6,53,project05_xgboost_policy,1,3.0,2,C08-AA-003|C08-AA-004,3.0,0.0,1,0,0,,,,9.0,0,1,1,,development,,0,0,1.0,G3_campaign,1.0,,1,G1_technique,3,0,,,,,,,,,3.0,C08-AA-003,0.5,,2,,,,2,,G3_campaign,G3_campaign,,0
C08-darpa-e5-clearscope-0515,random,0.6,53,project05_m3b_policy,1,3.0,2,C08-AA-003|C08-AA-004,3.0,0.0,1,0,0,,,,9.0,0,1,1,,development,,0,0,1.0,G3_campaign,1.0,,1,G1_technique,3,0,,,,,,,,,3.0,C08-AA-003,0.5,,2,,,,2,,G3_campaign,G3_campaign,,0
C08-darpa-e5-clearscope-0515,random,0.6,53,project05_m2,1,3.0,2,C08-AA-003|C08-AA-004,3.0,0.0,1,0,0,,,,9.0,0,1,1,,development,,0,0,1.0,G3_campaign,1.0,,1,G1_technique,3,0,,,,,,,,,3.0,C08-AA-003,0.5,,2,,,,2,,G3_campaign,G3_campaign,,0
C08-darpa-e5-clearscope-0515,random,0.6,53,oracle_optimal,1,3.0,2,C08-AA-003|C08-AA-004,3.0,0.0,1,0,0,,,,9.0,0,1,1,,development,,0,0,1.0,G3_campaign,1.0,,1,G1_technique,3,0,,,,,,,,,3.0,C08-AA-003,0.5,,2,,,,2,,G3_campaign,G3_campaign,,0
C08-darpa-e5-clearscope-0515,stage,0.2,11,project05_m3star_h3_dual,1,1.0,1,C08-AA-001,1.0,0.0,1,0,0,m3star_graph_action_value_xgboost_v0.3,m3star_graph_action_reachability_xgboost_v0.1,m3star_graph_action_value_xgboost_v0.3,9.0,0,1,1,0,development,0,0,0,1.0,G3_campaign,1.0,1,1,G2_tactic_intent,1,0,1,3,1,1,1,,8,1,1.0,C08-AA-001,0.0,1,1,project05-m3star-runtime-contract-v0.8,e1d6d08bf93f3ff400361ad947d95002dcf97cc68957c58c831e6a4fdb5c2953,0.8.0,1,1,G3_campaign,G3_campaign,m3star_graph_transition_xgboost_v0.1,0
C08-darpa-e5-clearscope-0515,stage,0.2,11,project05_m3star_h3_no_dominance_dual,1,1.0,1,C08-AA-001,1.0,0.0,1,0,0,m3star_graph_action_value_xgboost_v0.3,m3star_graph_action_reachability_xgboost_v0.1,m3star_graph_action_value_xgboost_v0.3,9.0,0,1,1,0,development,0,0,0,1.0,G3_campaign,1.0,1,1,G2_tactic_intent,1,0,1,3,0,1,0,,8,1,1.0,C08-AA-001,0.0,0,1,project05-m3star-runtime-contract-v0.8,e1d6d08bf93f3ff400361ad947d95002dcf97cc68957c58c831e6a4fdb5c2953,0.8.0,1,0,G3_campaign,G3_campaign,m3star_graph_transition_xgboost_v0.1,0
C08-darpa-e5-clearscope-0515,stage,0.2,11,project05_m3star_h3_unshielded_dual,1,1.0,1,C08-AA-001,1.0,0.0,1,0,0,m3star_graph_action_value_xgboost_v0.3,m3star_graph_action_reachability_xgboost_v0.1,m3star_graph_action_value_xgboost_v0.3,9.0,0,1,1,0,development,0,0,0,1.0,G3_campaign,1.0,1,1,G2_tactic_intent,1,0,0,3,1,1,0,,8,0,1.0,C08-AA-001,0.0,0,1,project05-m3star-runtime-contract-v0.8,e1d6d08bf93f3ff400361ad947d95002dcf97cc68957c58c831e6a4fdb5c2953,0.8.0,1,1,G3_campaign,G3_campaign,m3star_graph_transition_xgboost_v0.1,0
C08-darpa-e5-clearscope-0515,stage,0.2,11,project05_m3star_h3_transition_only,1,1.0,1,C08-AA-001,1.0,0.0,1,0,0,none,none,none,9.0,0,1,1,0,development,0,0,0,1.0,G3_campaign,1.0,0,1,G2_tactic_intent,1,0,1,3,1,0,0,,8,1,1.0,C08-AA-001,0.0,0,1,project05-m3star-runtime-contract-v0.8,e1d6d08bf93f3ff400361ad947d95002dcf97cc68957c58c831e6a4fdb5c2953,0.8.0,1,1,G3_campaign,G3_campaign,m3star_graph_transition_xgboost_v0.1,0
C08-darpa-e5-clearscope-0515,stage,0.2,11,project05_m3star_h1_dual,1,1.0,1,C08-AA-001,1.0,0.0,1,0,0,m3star_graph_action_value_xgboost_v0.3,m3star_graph_action_reachability_xgboost_v0.1,m3star_graph_action_value_xgboost_v0.3,9.0,0,1,1,0,development,0,0,0,1.0,G3_campaign,1.0,1,1,G2_tactic_intent,1,0,1,1,1,1,0,,8,1,1.0,C08-AA-001,0.0,0,1,project05-m3star-runtime-contract-v0.8,e1d6d08bf93f3ff400361ad947d95002dcf97cc68957c58c831e6a4fdb5c2953,0.8.0,1,1,G3_campaign,G3_campaign,m3star_graph_transition_xgboost_v0.1,0
C08-darpa-e5-clearscope-0515,stage,0.2,11,project05_xgboost_policy,1,2.0,1,C08-AA-002,2.0,1.0,0,0,0,,,,9.0,0,1,1,,development,,0,0,1.0,G3_campaign,1.0,,1,G2_tactic_intent,1,0,,,,,,,,,1.0,C08-AA-001,0.0,,1,,,,1,,G3_campaign,G3_campaign,,0
C08-darpa-e5-clearscope-0515,stage,0.2,11,project05_m3b_policy,1,1.0,1,C08-AA-001,1.0,0.0,1,0,0,,,,9.0,0,1,1,,development,,0,0,1.0,G3_campaign,1.0,,1,G2_tactic_intent,1,0,,,,,,,,,1.0,C08-AA-001,0.0,,1,,,,1,,G3_campaign,G3_campaign,,0
C08-darpa-e5-clearscope-0515,stage,0.2,11,project05_m2,1,1.0,1,C08-AA-001,1.0,0.0,1,0,0,,,,9.0,0,1,1,,development,,0,0,1.0,G3_campaign,1.0,,1,G2_tactic_intent,1,0,,,,,,,,,1.0,C08-AA-001,0.0,,1,,,,1,,G3_campaign,G3_campaign,,0
C08-darpa-e5-clearscope-0515,stage,0.2,11,oracle_optimal,1,1.0,1,C08-AA-001,1.0,0.0,1,0,0,,,,9.0,0,1,1,,development,,0,0,1.0,G3_campaign,1.0,,1,G2_tactic_intent,1,0,,,,,,,,,1.0,C08-AA-001,0.0,,1,,,,1,,G3_campaign,G3_campaign,,0
C08-darpa-e5-clearscope-0515,stage,0.2,23,project05_m3star_h3_dual,1,1.0,1,C08-AA-001,1.0,0.0,1,0,0,m3star_graph_action_value_xgboost_v0.3,m3star_graph_action_reachability_xgboost_v0.1,m3star_graph_action_value_xgboost_v0.3,9.0,0,1,1,0,development,0,0,0,1.0,G3_campaign,1.0,1,1,G2_tactic_intent,1,0,1,3,1,1,1,,8,1,1.0,C08-AA-001,0.0,1,1,project05-m3star-runtime-contract-v0.8,e1d6d08bf93f3ff400361ad947d95002dcf97cc68957c58c831e6a4fdb5c2953,0.8.0,1,1,G3_campaign,G3_campaign,m3star_graph_transition_xgboost_v0.1,0
C08-darpa-e5-clearscope-0515,stage,0.2,23,project05_m3star_h3_no_dominance_dual,1,1.0,1,C08-AA-001,1.0,0.0,1,0,0,m3star_graph_action_value_xgboost_v0.3,m3star_graph_action_reachability_xgboost_v0.1,m3star_graph_action_value_xgboost_v0.3,9.0,0,1,1,0,development,0,0,0,1.0,G3_campaign,1.0,1,1,G2_tactic_intent,1,0,1,3,0,1,0,,8,1,1.0,C08-AA-001,0.0,0,1,project05-m3star-runtime-contract-v0.8,e1d6d08bf93f3ff400361ad947d95002dcf97cc68957c58c831e6a4fdb5c2953,0.8.0,1,0,G3_campaign,G3_campaign,m3star_graph_transition_xgboost_v0.1,0
C08-darpa-e5-clearscope-0515,stage,0.2,23,project05_m3star_h3_unshielded_dual,1,1.0,1,C08-AA-001,1.0,0.0,1,0,0,m3star_graph_action_value_xgboost_v0.3,m3star_graph_action_reachability_xgboost_v0.1,m3star_graph_action_value_xgboost_v0.3,9.0,0,1,1,0,development,0,0,0,1.0,G3_campaign,1.0,1,1,G2_tactic_intent,1,0,0,3,1,1,0,,8,0,1.0,C08-AA-001,0.0,0,1,project05-m3star-runtime-contract-v0.8,e1d6d08bf93f3ff400361ad947d95002dcf97cc68957c58c831e6a4fdb5c2953,0.8.0,1,1,G3_campaign,G3_campaign,m3star_graph_transition_xgboost_v0.1,0
C08-darpa-e5-clearscope-0515,stage,0.2,23,project05_m3star_h3_transition_only,1,1.0,1,C08-AA-001,1.0,0.0,1,0,0,none,none,none,9.0,0,1,1,0,development,0,0,0,1.0,G3_campaign,1.0,0,1,G2_tactic_intent,1,0,1,3,1,0,0,,8,1,1.0,C08-AA-001,0.0,0,1,project05-m3star-runtime-contract-v0.8,e1d6d08bf93f3ff400361ad947d95002dcf97cc68957c58c831e6a4fdb5c2953,0.8.0,1,1,G3_campaign,G3_campaign,m3star_graph_transition_xgboost_v0.1,0
C08-darpa-e5-clearscope-0515,stage,0.2,23,project05_m3star_h1_dual,1,1.0,1,C08-AA-001,1.0,0.0,1,0,0,m3star_graph_action_value_xgboost_v0.3,m3star_graph_action_reachability_xgboost_v0.1,m3star_graph_action_value_xgboost_v0.3,9.0,0,1,1,0,development,0,0,0,1.0,G3_campaign,1.0,1,1,G2_tactic_intent,1,0,1,1,1,1,0,,8,1,1.0,C08-AA-001,0.0,0,1,project05-m3star-runtime-contract-v0.8,e1d6d08bf93f3ff400361ad947d95002dcf97cc68957c58c831e6a4fdb5c2953,0.8.0,1,1,G3_campaign,G3_campaign,m3star_graph_transition_xgboost_v0.1,0
C08-darpa-e5-clearscope-0515,stage,0.2,23,project05_xgboost_policy,1,2.0,1,C08-AA-002,2.0,1.0,0,0,0,,,,9.0,0,1,1,,development,,0,0,1.0,G3_campaign,1.0,,1,G2_tactic_intent,1,0,,,,,,,,,1.0,C08-AA-001,0.0,,1,,,,1,,G3_campaign,G3_campaign,,0
C08-darpa-e5-clearscope-0515,stage,0.2,23,project05_m3b_policy,1,1.0,1,C08-AA-001,1.0,0.0,1,0,0,,,,9.0,0,1,1,,development,,0,0,1.0,G3_campaign,1.0,,1,G2_tactic_intent,1,0,,,,,,,,,1.0,C08-AA-001,0.0,,1,,,,1,,G3_campaign,G3_campaign,,0
C08-darpa-e5-clearscope-0515,stage,0.2,23,project05_m2,1,1.0,1,C08-AA-001,1.0,0.0,1,0,0,,,,9.0,0,1,1,,development,,0,0,1.0,G3_campaign,1.0,,1,G2_tactic_intent,1,0,,,,,,,,,1.0,C08-AA-001,0.0,,1,,,,1,,G3_campaign,G3_campaign,,0
C08-darpa-e5-clearscope-0515,stage,0.2,23,oracle_optimal,1,1.0,1,C08-AA-001,1.0,0.0,1,0,0,,,,9.0,0,1,1,,development,,0,0,1.0,G3_campaign,1.0,,1,G2_tactic_intent,1,0,,,,,,,,,1.0,C08-AA-001,0.0,,1,,,,1,,G3_campaign,G3_campaign,,0
C08-darpa-e5-clearscope-0515,stage,0.2,37,project05_m3star_h3_dual,1,3.0,2,C08-AA-001|C08-AA-002,3.0,1.0,0,0,0,m3star_graph_action_value_xgboost_v0.3,m3star_graph_action_reachability_xgboost_v0.1,m3star_graph_action_value_xgboost_v0.3,9.0,0,1,1,0,development,0,0,0,1.0,G3_campaign,1.0,1,1,G2_tactic_intent,1,0,1,3,1,1,1,,8,1,2.0,C08-AA-002,0.4444,1,1,project05-m3star-runtime-contract-v0.8,e1d6d08bf93f3ff400361ad947d95002dcf97cc68957c58c831e6a4fdb5c2953,0.8.0,2,1,G3_campaign,G3_campaign,m3star_graph_transition_xgboost_v0.1,1
C08-darpa-e5-clearscope-0515,stage,0.2,37,project05_m3star_h3_no_dominance_dual,1,3.0,2,C08-AA-001|C08-AA-002,3.0,1.0,0,0,0,m3star_graph_action_value_xgboost_v0.3,m3star_graph_action_reachability_xgboost_v0.1,m3star_graph_action_value_xgboost_v0.3,9.0,0,1,1,0,development,0,0,0,1.0,G3_campaign,1.0,1,1,G2_tactic_intent,1,0,1,3,0,1,0,,8,1,2.0,C08-AA-002,0.4444,0,1,project05-m3star-runtime-contract-v0.8,e1d6d08bf93f3ff400361ad947d95002dcf97cc68957c58c831e6a4fdb5c2953,0.8.0,2,0,G3_campaign,G3_campaign,m3star_graph_transition_xgboost_v0.1,1
C08-darpa-e5-clearscope-0515,stage,0.2,37,project05_m3star_h3_unshielded_dual,1,3.0,2,C08-AA-001|C08-AA-002,3.0,1.0,0,0,0,m3star_graph_action_value_xgboost_v0.3,m3star_graph_action_reachability_xgboost_v0.1,m3star_graph_action_value_xgboost_v0.3,9.0,0,1,1,0,development,0,0,0,1.0,G3_campaign,1.0,1,1,G2_tactic_intent,1,0,0,3,1,1,0,,8,0,2.0,C08-AA-002,0.4444,0,1,project05-m3star-runtime-contract-v0.8,e1d6d08bf93f3ff400361ad947d95002dcf97cc68957c58c831e6a4fdb5c2953,0.8.0,2,1,G3_campaign,G3_campaign,m3star_graph_transition_xgboost_v0.1,1
C08-darpa-e5-clearscope-0515,stage,0.2,37,project05_m3star_h3_transition_only,1,3.0,2,C08-AA-001|C08-AA-002,3.0,1.0,0,0,0,none,none,none,9.0,0,1,1,0,development,0,0,0,1.0,G3_campaign,1.0,0,1,G2_tactic_intent,1,0,1,3,1,0,0,,8,1,2.0,C08-AA-002,0.4444,0,1,project05-m3star-runtime-contract-v0.8,e1d6d08bf93f3ff400361ad947d95002dcf97cc68957c58c831e6a4fdb5c2953,0.8.0,2,1,G3_campaign,G3_campaign,m3star_graph_transition_xgboost_v0.1,1
C08-darpa-e5-clearscope-0515,stage,0.2,37,project05_m3star_h1_dual,1,3.0,2,C08-AA-001|C08-AA-002,3.0,1.0,0,0,0,m3star_graph_action_value_xgboost_v0.3,m3star_graph_action_reachability_xgboost_v0.1,m3star_graph_action_value_xgboost_v0.3,9.0,0,1,1,0,development,0,0,0,1.0,G3_campaign,1.0,1,1,G2_tactic_intent,1,0,1,1,1,1,0,,8,1,2.0,C08-AA-002,0.4444,0,1,project05-m3star-runtime-contract-v0.8,e1d6d08bf93f3ff400361ad947d95002dcf97cc68957c58c831e6a4fdb5c2953,0.8.0,2,1,G3_campaign,G3_campaign,m3star_graph_transition_xgboost_v0.1,1
C08-darpa-e5-clearscope-0515,stage,0.2,37,project05_xgboost_policy,1,2.0,1,C08-AA-002,2.0,0.0,1,0,0,,,,9.0,0,1,1,,development,,0,0,1.0,G3_campaign,1.0,,1,G2_tactic_intent,1,0,,,,,,,,,2.0,C08-AA-002,0.0,,1,,,,1,,G3_campaign,G3_campaign,,0
C08-darpa-e5-clearscope-0515,stage,0.2,37,project05_m3b_policy,1,3.0,2,C08-AA-001|C08-AA-002,3.0,1.0,0,0,0,,,,9.0,0,1,1,,development,,0,0,1.0,G3_campaign,1.0,,1,G2_tactic_intent,1,0,,,,,,,,,2.0,C08-AA-002,0.4444,,1,,,,2,,G3_campaign,G3_campaign,,1
C08-darpa-e5-clearscope-0515,stage,0.2,37,project05_m2,1,3.0,2,C08-AA-001|C08-AA-002,3.0,1.0,0,0,0,,,,9.0,0,1,1,,development,,0,0,1.0,G3_campaign,1.0,,1,G2_tactic_intent,1,0,,,,,,,,,2.0,C08-AA-002,0.4444,,1,,,,2,,G3_campaign,G3_campaign,,1
C08-darpa-e5-clearscope-0515,stage,0.2,37,oracle_optimal,1,2.0,1,C08-AA-002,2.0,0.0,1,0,0,,,,9.0,0,1,1,,development,,0,0,1.0,G3_campaign,1.0,,1,G2_tactic_intent,1,0,,,,,,,,,2.0,C08-AA-002,0.0,,1,,,,1,,G3_campaign,G3_campaign,,0
C08-darpa-e5-clearscope-0515,stage,0.2,41,project05_m3star_h3_dual,1,1.0,1,C08-AA-001,1.0,0.0,1,0,0,m3star_graph_action_value_xgboost_v0.3,m3star_graph_action_reachability_xgboost_v0.1,m3star_graph_action_value_xgboost_v0.3,9.0,0,1,1,0,development,0,0,0,1.0,G3_campaign,1.0,1,1,G2_tactic_intent,1,0,1,3,1,1,1,,8,1,1.0,C08-AA-001,0.0,1,1,project05-m3star-runtime-contract-v0.8,e1d6d08bf93f3ff400361ad947d95002dcf97cc68957c58c831e6a4fdb5c2953,0.8.0,1,1,G3_campaign,G3_campaign,m3star_graph_transition_xgboost_v0.1,0
C08-darpa-e5-clearscope-0515,stage,0.2,41,project05_m3star_h3_no_dominance_dual,1,1.0,1,C08-AA-001,1.0,0.0,1,0,0,m3star_graph_action_value_xgboost_v0.3,m3star_graph_action_reachability_xgboost_v0.1,m3star_graph_action_value_xgboost_v0.3,9.0,0,1,1,0,development,0,0,0,1.0,G3_campaign,1.0,1,1,G2_tactic_intent,1,0,1,3,0,1,0,,8,1,1.0,C08-AA-001,0.0,0,1,project05-m3star-runtime-contract-v0.8,e1d6d08bf93f3ff400361ad947d95002dcf97cc68957c58c831e6a4fdb5c2953,0.8.0,1,0,G3_campaign,G3_campaign,m3star_graph_transition_xgboost_v0.1,0
C08-darpa-e5-clearscope-0515,stage,0.2,41,project05_m3star_h3_unshielded_dual,1,1.0,1,C08-AA-001,1.0,0.0,1,0,0,m3star_graph_action_value_xgboost_v0.3,m3star_graph_action_reachability_xgboost_v0.1,m3star_graph_action_value_xgboost_v0.3,9.0,0,1,1,0,development,0,0,0,1.0,G3_campaign,1.0,1,1,G2_tactic_intent,1,0,0,3,1,1,0,,8,0,1.0,C08-AA-001,0.0,0,1,project05-m3star-runtime-contract-v0.8,e1d6d08bf93f3ff400361ad947d95002dcf97cc68957c58c831e6a4fdb5c2953,0.8.0,1,1,G3_campaign,G3_campaign,m3star_graph_transition_xgboost_v0.1,0
C08-darpa-e5-clearscope-0515,stage,0.2,41,project05_m3star_h3_transition_only,1,1.0,1,C08-AA-001,1.0,0.0,1,0,0,none,none,none,9.0,0,1,1,0,development,0,0,0,1.0,G3_campaign,1.0,0,1,G2_tactic_intent,1,0,1,3,1,0,0,,8,1,1.0,C08-AA-001,0.0,0,1,project05-m3star-runtime-contract-v0.8,e1d6d08bf93f3ff400361ad947d95002dcf97cc68957c58c831e6a4fdb5c2953,0.8.0,1,1,G3_campaign,G3_campaign,m3star_graph_transition_xgboost_v0.1,0
C08-darpa-e5-clearscope-0515,stage,0.2,41,project05_m3star_h1_dual,1,1.0,1,C08-AA-001,1.0,0.0,1,0,0,m3star_graph_action_value_xgboost_v0.3,m3star_graph_action_reachability_xgboost_v0.1,m3star_graph_action_value_xgboost_v0.3,9.0,0,1,1,0,development,0,0,0,1.0,G3_campaign,1.0,1,1,G2_tactic_intent,1,0,1,1,1,1,0,,8,1,1.0,C08-AA-001,0.0,0,1,project05-m3star-runtime-contract-v0.8,e1d6d08bf93f3ff400361ad947d95002dcf97cc68957c58c831e6a4fdb5c2953,0.8.0,1,1,G3_campaign,G3_campaign,m3star_graph_transition_xgboost_v0.1,0
C08-darpa-e5-clearscope-0515,stage,0.2,41,project05_xgboost_policy,1,2.0,1,C08-AA-002,2.0,1.0,0,0,0,,,,9.0,0,1,1,,development,,0,0,1.0,G3_campaign,1.0,,1,G2_tactic_intent,1,0,,,,,,,,,1.0,C08-AA-001,0.0,,1,,,,1,,G3_campaign,G3_campaign,,0
C08-darpa-e5-clearscope-0515,stage,0.2,41,project05_m3b_policy,1,1.0,1,C08-AA-001,1.0,0.0,1,0,0,,,,9.0,0,1,1,,development,,0,0,1.0,G3_campaign,1.0,,1,G2_tactic_intent,1,0,,,,,,,,,1.0,C08-AA-001,0.0,,1,,,,1,,G3_campaign,G3_campaign,,0
C08-darpa-e5-clearscope-0515,stage,0.2,41,project05_m2,1,1.0,1,C08-AA-001,1.0,0.0,1,0,0,,,,9.0,0,1,1,,development,,0,0,1.0,G3_campaign,1.0,,1,G2_tactic_intent,1,0,,,,,,,,,1.0,C08-AA-001,0.0,,1,,,,1,,G3_campaign,G3_campaign,,0
C08-darpa-e5-clearscope-0515,stage,0.2,41,oracle_optimal,1,1.0,1,C08-AA-001,1.0,0.0,1,0,0,,,,9.0,0,1,1,,development,,0,0,1.0,G3_campaign,1.0,,1,G2_tactic_intent,1,0,,,,,,,,,1.0,C08-AA-001,0.0,,1,,,,1,,G3_campaign,G3_campaign,,0
C08-darpa-e5-clearscope-0515,stage,0.2,53,project05_m3star_h3_dual,1,3.0,2,C08-AA-001|C08-AA-002,3.0,1.0,0,0,0,m3star_graph_action_value_xgboost_v0.3,m3star_graph_action_reachability_xgboost_v0.1,m3star_graph_action_value_xgboost_v0.3,9.0,0,1,1,0,development,0,0,0,1.0,G3_campaign,1.0,1,1,G2_tactic_intent,1,0,1,3,1,1,1,,8,1,2.0,C08-AA-002,0.4444,1,1,project05-m3star-runtime-contract-v0.8,e1d6d08bf93f3ff400361ad947d95002dcf97cc68957c58c831e6a4fdb5c2953,0.8.0,2,1,G3_campaign,G3_campaign,m3star_graph_transition_xgboost_v0.1,1
C08-darpa-e5-clearscope-0515,stage,0.2,53,project05_m3star_h3_no_dominance_dual,1,3.0,2,C08-AA-001|C08-AA-002,3.0,1.0,0,0,0,m3star_graph_action_value_xgboost_v0.3,m3star_graph_action_reachability_xgboost_v0.1,m3star_graph_action_value_xgboost_v0.3,9.0,0,1,1,0,development,0,0,0,1.0,G3_campaign,1.0,1,1,G2_tactic_intent,1,0,1,3,0,1,0,,8,1,2.0,C08-AA-002,0.4444,0,1,project05-m3star-runtime-contract-v0.8,e1d6d08bf93f3ff400361ad947d95002dcf97cc68957c58c831e6a4fdb5c2953,0.8.0,2,0,G3_campaign,G3_campaign,m3star_graph_transition_xgboost_v0.1,1
C08-darpa-e5-clearscope-0515,stage,0.2,53,project05_m3star_h3_unshielded_dual,1,3.0,2,C08-AA-001|C08-AA-002,3.0,1.0,0,0,0,m3star_graph_action_value_xgboost_v0.3,m3star_graph_action_reachability_xgboost_v0.1,m3star_graph_action_value_xgboost_v0.3,9.0,0,1,1,0,development,0,0,0,1.0,G3_campaign,1.0,1,1,G2_tactic_intent,1,0,0,3,1,1,0,,8,0,2.0,C08-AA-002,0.4444,0,1,project05-m3star-runtime-contract-v0.8,e1d6d08bf93f3ff400361ad947d95002dcf97cc68957c58c831e6a4fdb5c2953,0.8.0,2,1,G3_campaign,G3_campaign,m3star_graph_transition_xgboost_v0.1,1
C08-darpa-e5-clearscope-0515,stage,0.2,53,project05_m3star_h3_transition_only,1,3.0,2,C08-AA-001|C08-AA-002,3.0,1.0,0,0,0,none,none,none,9.0,0,1,1,0,development,0,0,0,1.0,G3_campaign,1.0,0,1,G2_tactic_intent,1,0,1,3,1,0,0,,8,1,2.0,C08-AA-002,0.4444,0,1,project05-m3star-runtime-contract-v0.8,e1d6d08bf93f3ff400361ad947d95002dcf97cc68957c58c831e6a4fdb5c2953,0.8.0,2,1,G3_campaign,G3_campaign,m3star_graph_transition_xgboost_v0.1,1
C08-darpa-e5-clearscope-0515,stage,0.2,53,project05_m3star_h1_dual,1,3.0,2,C08-AA-001|C08-AA-002,3.0,1.0,0,0,0,m3star_graph_action_value_xgboost_v0.3,m3star_graph_action_reachability_xgboost_v0.1,m3star_graph_action_value_xgboost_v0.3,9.0,0,1,1,0,development,0,0,0,1.0,G3_campaign,1.0,1,1,G2_tactic_intent,1,0,1,1,1,1,0,,8,1,2.0,C08-AA-002,0.4444,0,1,project05-m3star-runtime-contract-v0.8,e1d6d08bf93f3ff400361ad947d95002dcf97cc68957c58c831e6a4fdb5c2953,0.8.0,2,1,G3_campaign,G3_campaign,m3star_graph_transition_xgboost_v0.1,1
C08-darpa-e5-clearscope-0515,stage,0.2,53,project05_xgboost_policy,1,2.0,1,C08-AA-002,2.0,0.0,1,0,0,,,,9.0,0,1,1,,development,,0,0,1.0,G3_campaign,1.0,,1,G2_tactic_intent,1,0,,,,,,,,,2.0,C08-AA-002,0.0,,1,,,,1,,G3_campaign,G3_campaign,,0
C08-darpa-e5-clearscope-0515,stage,0.2,53,project05_m3b_policy,1,3.0,2,C08-AA-001|C08-AA-002,3.0,1.0,0,0,0,,,,9.0,0,1,1,,development,,0,0,1.0,G3_campaign,1.0,,1,G2_tactic_intent,1,0,,,,,,,,,2.0,C08-AA-002,0.4444,,1,,,,2,,G3_campaign,G3_campaign,,1
C08-darpa-e5-clearscope-0515,stage,0.2,53,project05_m2,1,3.0,2,C08-AA-001|C08-AA-002,3.0,1.0,0,0,0,,,,9.0,0,1,1,,development,,0,0,1.0,G3_campaign,1.0,,1,G2_tactic_intent,1,0,,,,,,,,,2.0,C08-AA-002,0.4444,,1,,,,2,,G3_campaign,G3_campaign,,1
C08-darpa-e5-clearscope-0515,stage,0.2,53,oracle_optimal,1,2.0,1,C08-AA-002,2.0,0.0,1,0,0,,,,9.0,0,1,1,,development,,0,0,1.0,G3_campaign,1.0,,1,G2_tactic_intent,1,0,,,,,,,,,2.0,C08-AA-002,0.0,,1,,,,1,,G3_campaign,G3_campaign,,0
C08-darpa-e5-clearscope-0515,stage,0.4,11,project05_m3star_h3_dual,1,2.0,2,C08-AA-001|C08-AA-003,2.0,0.0,1,0,0,m3star_graph_action_value_xgboost_v0.3,m3star_graph_action_reachability_xgboost_v0.1,m3star_graph_action_value_xgboost_v0.3,9.0,0,1,1,0,development,0,0,0,1.0,G3_campaign,1.0,2,1,G1_technique,2,0,1,3,1,1,1,,8,1,2.0,C08-AA-001,0.0,1,2,project05-m3star-runtime-contract-v0.8,e1d6d08bf93f3ff400361ad947d95002dcf97cc68957c58c831e6a4fdb5c2953,0.8.0,2,1,G3_campaign,G3_campaign,m3star_graph_transition_xgboost_v0.1,0
C08-darpa-e5-clearscope-0515,stage,0.4,11,project05_m3star_h3_no_dominance_dual,1,2.0,2,C08-AA-001|C08-AA-003,2.0,0.0,1,0,0,m3star_graph_action_value_xgboost_v0.3,m3star_graph_action_reachability_xgboost_v0.1,m3star_graph_action_value_xgboost_v0.3,9.0,0,1,1,0,development,0,0,0,1.0,G3_campaign,1.0,2,1,G1_technique,2,0,1,3,0,1,0,,8,1,2.0,C08-AA-001,0.0,0,2,project05-m3star-runtime-contract-v0.8,e1d6d08bf93f3ff400361ad947d95002dcf97cc68957c58c831e6a4fdb5c2953,0.8.0,2,0,G3_campaign,G3_campaign,m3star_graph_transition_xgboost_v0.1,0
C08-darpa-e5-clearscope-0515,stage,0.4,11,project05_m3star_h3_unshielded_dual,1,6.0,4,C08-AA-002|C08-AA-001|C08-AA-004|C08-AA-003,6.0,4.0,0,0,0,m3star_graph_action_value_xgboost_v0.3,m3star_graph_action_reachability_xgboost_v0.1,m3star_graph_action_value_xgboost_v0.3,9.0,0,1,1,0,development,0,0,0,1.0,G3_campaign,1.0,1,1,G1_technique,2,0,0,3,1,1,0,,8,0,2.0,C08-AA-001,0.9167,0,2,project05-m3star-runtime-contract-v0.8,e1d6d08bf93f3ff400361ad947d95002dcf97cc68957c58c831e6a4fdb5c2953,0.8.0,4,1,G3_campaign,G3_campaign,m3star_graph_transition_xgboost_v0.1,2
C08-darpa-e5-clearscope-0515,stage,0.4,11,project05_m3star_h3_transition_only,1,2.0,2,C08-AA-001|C08-AA-003,2.0,0.0,1,0,0,none,none,none,9.0,0,1,1,0,development,0,0,0,1.0,G3_campaign,1.0,0,1,G1_technique,2,0,1,3,1,0,0,,8,1,2.0,C08-AA-001,0.0,0,2,project05-m3star-runtime-contract-v0.8,e1d6d08bf93f3ff400361ad947d95002dcf97cc68957c58c831e6a4fdb5c2953,0.8.0,2,1,G3_campaign,G3_campaign,m3star_graph_transition_xgboost_v0.1,0
C08-darpa-e5-clearscope-0515,stage,0.4,11,project05_m3star_h1_dual,1,2.0,2,C08-AA-001|C08-AA-003,2.0,0.0,1,0,0,m3star_graph_action_value_xgboost_v0.3,m3star_graph_action_reachability_xgboost_v0.1,m3star_graph_action_value_xgboost_v0.3,9.0,0,1,1,0,development,0,0,0,1.0,G3_campaign,1.0,2,1,G1_technique,2,0,1,1,1,1,0,,8,1,2.0,C08-AA-001,0.0,0,2,project05-m3star-runtime-contract-v0.8,e1d6d08bf93f3ff400361ad947d95002dcf97cc68957c58c831e6a4fdb5c2953,0.8.0,2,1,G3_campaign,G3_campaign,m3star_graph_transition_xgboost_v0.1,0
C08-darpa-e5-clearscope-0515,stage,0.4,11,project05_xgboost_policy,1,4.0,3,C08-AA-001|C08-AA-002|C08-AA-003,4.0,2.0,1,0,0,,,,9.0,0,1,1,,development,,0,0,1.0,G3_campaign,1.0,,1,G1_technique,2,0,,,,,,,,,2.0,C08-AA-001,0.5444,,2,,,,3,,G3_campaign,G3_campaign,,1
C08-darpa-e5-clearscope-0515,stage,0.4,11,project05_m3b_policy,1,2.0,2,C08-AA-001|C08-AA-003,2.0,0.0,1,0,0,,,,9.0,0,1,1,,development,,0,0,1.0,G3_campaign,1.0,,1,G1_technique,2,0,,,,,,,,,2.0,C08-AA-001,0.0,,2,,,,2,,G3_campaign,G3_campaign,,0
C08-darpa-e5-clearscope-0515,stage,0.4,11,project05_m2,1,2.0,2,C08-AA-001|C08-AA-003,2.0,0.0,1,0,0,,,,9.0,0,1,1,,development,,0,0,1.0,G3_campaign,1.0,,1,G1_technique,2,0,,,,,,,,,2.0,C08-AA-001,0.0,,2,,,,2,,G3_campaign,G3_campaign,,0
C08-darpa-e5-clearscope-0515,stage,0.4,11,oracle_optimal,1,2.0,2,C08-AA-001|C08-AA-003,2.0,0.0,1,0,0,,,,9.0,0,1,1,,development,,0,0,1.0,G3_campaign,1.0,,1,G1_technique,2,0,,,,,,,,,2.0,C08-AA-001,0.0,,2,,,,2,,G3_campaign,G3_campaign,,0
C08-darpa-e5-clearscope-0515,stage,0.4,23,project05_m3star_h3_dual,1,2.0,2,C08-AA-001|C08-AA-003,2.0,0.0,1,0,0,m3star_graph_action_value_xgboost_v0.3,m3star_graph_action_reachability_xgboost_v0.1,m3star_graph_action_value_xgboost_v0.3,9.0,0,1,1,0,development,0,0,0,1.0,G3_campaign,1.0,2,1,G1_technique,2,0,1,3,1,1,1,,8,1,2.0,C08-AA-001,0.0,1,2,project05-m3star-runtime-contract-v0.8,e1d6d08bf93f3ff400361ad947d95002dcf97cc68957c58c831e6a4fdb5c2953,0.8.0,2,1,G3_campaign,G3_campaign,m3star_graph_transition_xgboost_v0.1,0
C08-darpa-e5-clearscope-0515,stage,0.4,23,project05_m3star_h3_no_dominance_dual,1,2.0,2,C08-AA-001|C08-AA-003,2.0,0.0,1,0,0,m3star_graph_action_value_xgboost_v0.3,m3star_graph_action_reachability_xgboost_v0.1,m3star_graph_action_value_xgboost_v0.3,9.0,0,1,1,0,development,0,0,0,1.0,G3_campaign,1.0,2,1,G1_technique,2,0,1,3,0,1,0,,8,1,2.0,C08-AA-001,0.0,0,2,project05-m3star-runtime-contract-v0.8,e1d6d08bf93f3ff400361ad947d95002dcf97cc68957c58c831e6a4fdb5c2953,0.8.0,2,0,G3_campaign,G3_campaign,m3star_graph_transition_xgboost_v0.1,0
C08-darpa-e5-clearscope-0515,stage,0.4,23,project05_m3star_h3_unshielded_dual,1,6.0,4,C08-AA-002|C08-AA-001|C08-AA-004|C08-AA-003,6.0,4.0,0,0,0,m3star_graph_action_value_xgboost_v0.3,m3star_graph_action_reachability_xgboost_v0.1,m3star_graph_action_value_xgboost_v0.3,9.0,0,1,1,0,development,0,0,0,1.0,G3_campaign,1.0,1,1,G1_technique,2,0,0,3,1,1,0,,8,0,2.0,C08-AA-001,0.9167,0,2,project05-m3star-runtime-contract-v0.8,e1d6d08bf93f3ff400361ad947d95002dcf97cc68957c58c831e6a4fdb5c2953,0.8.0,4,1,G3_campaign,G3_campaign,m3star_graph_transition_xgboost_v0.1,2
C08-darpa-e5-clearscope-0515,stage,0.4,23,project05_m3star_h3_transition_only,1,2.0,2,C08-AA-001|C08-AA-003,2.0,0.0,1,0,0,none,none,none,9.0,0,1,1,0,development,0,0,0,1.0,G3_campaign,1.0,0,1,G1_technique,2,0,1,3,1,0,0,,8,1,2.0,C08-AA-001,0.0,0,2,project05-m3star-runtime-contract-v0.8,e1d6d08bf93f3ff400361ad947d95002dcf97cc68957c58c831e6a4fdb5c2953,0.8.0,2,1,G3_campaign,G3_campaign,m3star_graph_transition_xgboost_v0.1,0
C08-darpa-e5-clearscope-0515,stage,0.4,23,project05_m3star_h1_dual,1,2.0,2,C08-AA-001|C08-AA-003,2.0,0.0,1,0,0,m3star_graph_action_value_xgboost_v0.3,m3star_graph_action_reachability_xgboost_v0.1,m3star_graph_action_value_xgboost_v0.3,9.0,0,1,1,0,development,0,0,0,1.0,G3_campaign,1.0,2,1,G1_technique,2,0,1,1,1,1,0,,8,1,2.0,C08-AA-001,0.0,0,2,project05-m3star-runtime-contract-v0.8,e1d6d08bf93f3ff400361ad947d95002dcf97cc68957c58c831e6a4fdb5c2953,0.8.0,2,1,G3_campaign,G3_campaign,m3star_graph_transition_xgboost_v0.1,0
C08-darpa-e5-clearscope-0515,stage,0.4,23,project05_xgboost_policy,1,4.0,3,C08-AA-001|C08-AA-002|C08-AA-003,4.0,2.0,1,0,0,,,,9.0,0,1,1,,development,,0,0,1.0,G3_campaign,1.0,,1,G1_technique,2,0,,,,,,,,,2.0,C08-AA-001,0.5444,,2,,,,3,,G3_campaign,G3_campaign,,1
C08-darpa-e5-clearscope-0515,stage,0.4,23,project05_m3b_policy,1,2.0,2,C08-AA-001|C08-AA-003,2.0,0.0,1,0,0,,,,9.0,0,1,1,,development,,0,0,1.0,G3_campaign,1.0,,1,G1_technique,2,0,,,,,,,,,2.0,C08-AA-001,0.0,,2,,,,2,,G3_campaign,G3_campaign,,0
C08-darpa-e5-clearscope-0515,stage,0.4,23,project05_m2,1,2.0,2,C08-AA-001|C08-AA-003,2.0,0.0,1,0,0,,,,9.0,0,1,1,,development,,0,0,1.0,G3_campaign,1.0,,1,G1_technique,2,0,,,,,,,,,2.0,C08-AA-001,0.0,,2,,,,2,,G3_campaign,G3_campaign,,0
C08-darpa-e5-clearscope-0515,stage,0.4,23,oracle_optimal,1,2.0,2,C08-AA-001|C08-AA-003,2.0,0.0,1,0,0,,,,9.0,0,1,1,,development,,0,0,1.0,G3_campaign,1.0,,1,G1_technique,2,0,,,,,,,,,2.0,C08-AA-001,0.0,,2,,,,2,,G3_campaign,G3_campaign,,0
C08-darpa-e5-clearscope-0515,stage,0.4,37,project05_m3star_h3_dual,1,4.0,3,C08-AA-001|C08-AA-002|C08-AA-003,4.0,1.0,0,0,0,m3star_graph_action_value_xgboost_v0.3,m3star_graph_action_reachability_xgboost_v0.1,m3star_graph_action_value_xgboost_v0.3,9.0,0,1,1,0,development,0,0,0,1.0,G3_campaign,1.0,2,1,G1_technique,2,0,1,3,1,1,1,,8,1,3.0,C08-AA-002,0.5444,1,2,project05-m3star-runtime-contract-v0.8,e1d6d08bf93f3ff400361ad947d95002dcf97cc68957c58c831e6a4fdb5c2953,0.8.0,3,1,G3_campaign,G3_campaign,m3star_graph_transition_xgboost_v0.1,1
C08-darpa-e5-clearscope-0515,stage,0.4,37,project05_m3star_h3_no_dominance_dual,1,4.0,3,C08-AA-001|C08-AA-002|C08-AA-003,4.0,1.0,0,0,0,m3star_graph_action_value_xgboost_v0.3,m3star_graph_action_reachability_xgboost_v0.1,m3star_graph_action_value_xgboost_v0.3,9.0,0,1,1,0,development,0,0,0,1.0,G3_campaign,1.0,2,1,G1_technique,2,0,1,3,0,1,0,,8,1,3.0,C08-AA-002,0.5444,0,2,project05-m3star-runtime-contract-v0.8,e1d6d08bf93f3ff400361ad947d95002dcf97cc68957c58c831e6a4fdb5c2953,0.8.0,3,0,G3_campaign,G3_campaign,m3star_graph_transition_xgboost_v0.1,1
C08-darpa-e5-clearscope-0515,stage,0.4,37,project05_m3star_h3_unshielded_dual,1,6.0,4,C08-AA-002|C08-AA-001|C08-AA-004|C08-AA-003,6.0,3.0,1,0,0,m3star_graph_action_value_xgboost_v0.3,m3star_graph_action_reachability_xgboost_v0.1,m3star_graph_action_value_xgboost_v0.3,9.0,0,1,1,0,development,0,0,0,1.0,G3_campaign,1.0,1,1,G1_technique,2,0,0,3,1,1,0,,8,0,3.0,C08-AA-002,0.9167,0,2,project05-m3star-runtime-contract-v0.8,e1d6d08bf93f3ff400361ad947d95002dcf97cc68957c58c831e6a4fdb5c2953,0.8.0,4,1,G3_campaign,G3_campaign,m3star_graph_transition_xgboost_v0.1,2
C08-darpa-e5-clearscope-0515,stage,0.4,37,project05_m3star_h3_transition_only,1,4.0,3,C08-AA-001|C08-AA-002|C08-AA-003,4.0,1.0,0,0,0,none,none,none,9.0,0,1,1,0,development,0,0,0,1.0,G3_campaign,1.0,0,1,G1_technique,2,0,1,3,1,0,0,,8,1,3.0,C08-AA-002,0.5444,0,2,project05-m3star-runtime-contract-v0.8,e1d6d08bf93f3ff400361ad947d95002dcf97cc68957c58c831e6a4fdb5c2953,0.8.0,3,1,G3_campaign,G3_campaign,m3star_graph_transition_xgboost_v0.1,1
C08-darpa-e5-clearscope-0515,stage,0.4,37,project05_m3star_h1_dual,1,4.0,3,C08-AA-001|C08-AA-002|C08-AA-003,4.0,1.0,0,0,0,m3star_graph_action_value_xgboost_v0.3,m3star_graph_action_reachability_xgboost_v0.1,m3star_graph_action_value_xgboost_v0.3,9.0,0,1,1,0,development,0,0,0,1.0,G3_campaign,1.0,2,1,G1_technique,2,0,1,1,1,1,0,,8,1,3.0,C08-AA-002,0.5444,0,2,project05-m3star-runtime-contract-v0.8,e1d6d08bf93f3ff400361ad947d95002dcf97cc68957c58c831e6a4fdb5c2953,0.8.0,3,1,G3_campaign,G3_campaign,m3star_graph_transition_xgboost_v0.1,1
C08-darpa-e5-clearscope-0515,stage,0.4,37,project05_xgboost_policy,1,4.0,3,C08-AA-001|C08-AA-002|C08-AA-003,4.0,1.0,0,0,0,,,,9.0,0,1,1,,development,,0,0,1.0,G3_campaign,1.0,,1,G1_technique,2,0,,,,,,,,,3.0,C08-AA-002,0.5444,,2,,,,3,,G3_campaign,G3_campaign,,1
C08-darpa-e5-clearscope-0515,stage,0.4,37,project05_m3b_policy,1,4.0,3,C08-AA-001|C08-AA-002|C08-AA-003,4.0,1.0,0,0,0,,,,9.0,0,1,1,,development,,0,0,1.0,G3_campaign,1.0,,1,G1_technique,2,0,,,,,,,,,3.0,C08-AA-002,0.5444,,2,,,,3,,G3_campaign,G3_campaign,,1
C08-darpa-e5-clearscope-0515,stage,0.4,37,project05_m2,1,4.0,3,C08-AA-001|C08-AA-003|C08-AA-002,4.0,1.0,0,0,0,,,,9.0,0,1,1,,development,,0,0,1.0,G3_campaign,1.0,,1,G1_technique,2,0,,,,,,,,,3.0,C08-AA-002,0.4444,,2,,,,3,,G3_campaign,G3_campaign,,1
C08-darpa-e5-clearscope-0515,stage,0.4,37,oracle_optimal,1,3.0,2,C08-AA-002|C08-AA-003,3.0,0.0,1,0,0,,,,9.0,0,1,1,,development,,0,0,1.0,G3_campaign,1.0,,1,G1_technique,2,0,,,,,,,,,3.0,C08-AA-002,0.1,,2,,,,2,,G3_campaign,G3_campaign,,0
C08-darpa-e5-clearscope-0515,stage,0.4,41,project05_m3star_h3_dual,1,2.0,2,C08-AA-001|C08-AA-003,2.0,0.0,1,0,0,m3star_graph_action_value_xgboost_v0.3,m3star_graph_action_reachability_xgboost_v0.1,m3star_graph_action_value_xgboost_v0.3,9.0,0,1,1,0,development,0,0,0,1.0,G3_campaign,1.0,2,1,G1_technique,2,0,1,3,1,1,1,,8,1,2.0,C08-AA-001,0.0,1,2,project05-m3star-runtime-contract-v0.8,e1d6d08bf93f3ff400361ad947d95002dcf97cc68957c58c831e6a4fdb5c2953,0.8.0,2,1,G3_campaign,G3_campaign,m3star_graph_transition_xgboost_v0.1,0
C08-darpa-e5-clearscope-0515,stage,0.4,41,project05_m3star_h3_no_dominance_dual,1,2.0,2,C08-AA-001|C08-AA-003,2.0,0.0,1,0,0,m3star_graph_action_value_xgboost_v0.3,m3star_graph_action_reachability_xgboost_v0.1,m3star_graph_action_value_xgboost_v0.3,9.0,0,1,1,0,development,0,0,0,1.0,G3_campaign,1.0,2,1,G1_technique,2,0,1,3,0,1,0,,8,1,2.0,C08-AA-001,0.0,0,2,project05-m3star-runtime-contract-v0.8,e1d6d08bf93f3ff400361ad947d95002dcf97cc68957c58c831e6a4fdb5c2953,0.8.0,2,0,G3_campaign,G3_campaign,m3star_graph_transition_xgboost_v0.1,0
C08-darpa-e5-clearscope-0515,stage,0.4,41,project05_m3star_h3_unshielded_dual,1,6.0,4,C08-AA-002|C08-AA-001|C08-AA-004|C08-AA-003,6.0,4.0,0,0,0,m3star_graph_action_value_xgboost_v0.3,m3star_graph_action_reachability_xgboost_v0.1,m3star_graph_action_value_xgboost_v0.3,9.0,0,1,1,0,development,0,0,0,1.0,G3_campaign,1.0,1,1,G1_technique,2,0,0,3,1,1,0,,8,0,2.0,C08-AA-001,0.9167,0,2,project05-m3star-runtime-contract-v0.8,e1d6d08bf93f3ff400361ad947d95002dcf97cc68957c58c831e6a4fdb5c2953,0.8.0,4,1,G3_campaign,G3_campaign,m3star_graph_transition_xgboost_v0.1,2
C08-darpa-e5-clearscope-0515,stage,0.4,41,project05_m3star_h3_transition_only,1,2.0,2,C08-AA-001|C08-AA-003,2.0,0.0,1,0,0,none,none,none,9.0,0,1,1,0,development,0,0,0,1.0,G3_campaign,1.0,0,1,G1_technique,2,0,1,3,1,0,0,,8,1,2.0,C08-AA-001,0.0,0,2,project05-m3star-runtime-contract-v0.8,e1d6d08bf93f3ff400361ad947d95002dcf97cc68957c58c831e6a4fdb5c2953,0.8.0,2,1,G3_campaign,G3_campaign,m3star_graph_transition_xgboost_v0.1,0
C08-darpa-e5-clearscope-0515,stage,0.4,41,project05_m3star_h1_dual,1,2.0,2,C08-AA-001|C08-AA-003,2.0,0.0,1,0,0,m3star_graph_action_value_xgboost_v0.3,m3star_graph_action_reachability_xgboost_v0.1,m3star_graph_action_value_xgboost_v0.3,9.0,0,1,1,0,development,0,0,0,1.0,G3_campaign,1.0,2,1,G1_technique,2,0,1,1,1,1,0,,8,1,2.0,C08-AA-001,0.0,0,2,project05-m3star-runtime-contract-v0.8,e1d6d08bf93f3ff400361ad947d95002dcf97cc68957c58c831e6a4fdb5c2953,0.8.0,2,1,G3_campaign,G3_campaign,m3star_graph_transition_xgboost_v0.1,0
C08-darpa-e5-clearscope-0515,stage,0.4,41,project05_xgboost_policy,1,4.0,3,C08-AA-001|C08-AA-002|C08-AA-003,4.0,2.0,1,0,0,,,,9.0,0,1,1,,development,,0,0,1.0,G3_campaign,1.0,,1,G1_technique,2,0,,,,,,,,,2.0,C08-AA-001,0.5444,,2,,,,3,,G3_campaign,G3_campaign,,1
C08-darpa-e5-clearscope-0515,stage,0.4,41,project05_m3b_policy,1,2.0,2,C08-AA-001|C08-AA-003,2.0,0.0,1,0,0,,,,9.0,0,1,1,,development,,0,0,1.0,G3_campaign,1.0,,1,G1_technique,2,0,,,,,,,,,2.0,C08-AA-001,0.0,,2,,,,2,,G3_campaign,G3_campaign,,0
C08-darpa-e5-clearscope-0515,stage,0.4,41,project05_m2,1,2.0,2,C08-AA-001|C08-AA-003,2.0,0.0,1,0,0,,,,9.0,0,1,1,,development,,0,0,1.0,G3_campaign,1.0,,1,G1_technique,2,0,,,,,,,,,2.0,C08-AA-001,0.0,,2,,,,2,,G3_campaign,G3_campaign,,0
C08-darpa-e5-clearscope-0515,stage,0.4,41,oracle_optimal,1,2.0,2,C08-AA-001|C08-AA-003,2.0,0.0,1,0,0,,,,9.0,0,1,1,,development,,0,0,1.0,G3_campaign,1.0,,1,G1_technique,2,0,,,,,,,,,2.0,C08-AA-001,0.0,,2,,,,2,,G3_campaign,G3_campaign,,0
C08-darpa-e5-clearscope-0515,stage,0.4,53,project05_m3star_h3_dual,1,4.0,3,C08-AA-001|C08-AA-002|C08-AA-003,4.0,1.0,0,0,0,m3star_graph_action_value_xgboost_v0.3,m3star_graph_action_reachability_xgboost_v0.1,m3star_graph_action_value_xgboost_v0.3,9.0,0,1,1,0,development,0,0,0,1.0,G3_campaign,1.0,2,1,G1_technique,2,0,1,3,1,1,1,,8,1,3.0,C08-AA-002,0.5444,1,2,project05-m3star-runtime-contract-v0.8,e1d6d08bf93f3ff400361ad947d95002dcf97cc68957c58c831e6a4fdb5c2953,0.8.0,3,1,G3_campaign,G3_campaign,m3star_graph_transition_xgboost_v0.1,1
C08-darpa-e5-clearscope-0515,stage,0.4,53,project05_m3star_h3_no_dominance_dual,1,4.0,3,C08-AA-001|C08-AA-002|C08-AA-003,4.0,1.0,0,0,0,m3star_graph_action_value_xgboost_v0.3,m3star_graph_action_reachability_xgboost_v0.1,m3star_graph_action_value_xgboost_v0.3,9.0,0,1,1,0,development,0,0,0,1.0,G3_campaign,1.0,2,1,G1_technique,2,0,1,3,0,1,0,,8,1,3.0,C08-AA-002,0.5444,0,2,project05-m3star-runtime-contract-v0.8,e1d6d08bf93f3ff400361ad947d95002dcf97cc68957c58c831e6a4fdb5c2953,0.8.0,3,0,G3_campaign,G3_campaign,m3star_graph_transition_xgboost_v0.1,1
C08-darpa-e5-clearscope-0515,stage,0.4,53,project05_m3star_h3_unshielded_dual,1,6.0,4,C08-AA-002|C08-AA-001|C08-AA-004|C08-AA-003,6.0,3.0,1,0,0,m3star_graph_action_value_xgboost_v0.3,m3star_graph_action_reachability_xgboost_v0.1,m3star_graph_action_value_xgboost_v0.3,9.0,0,1,1,0,development,0,0,0,1.0,G3_campaign,1.0,1,1,G1_technique,2,0,0,3,1,1,0,,8,0,3.0,C08-AA-002,0.9167,0,2,project05-m3star-runtime-contract-v0.8,e1d6d08bf93f3ff400361ad947d95002dcf97cc68957c58c831e6a4fdb5c2953,0.8.0,4,1,G3_campaign,G3_campaign,m3star_graph_transition_xgboost_v0.1,2
C08-darpa-e5-clearscope-0515,stage,0.4,53,project05_m3star_h3_transition_only,1,4.0,3,C08-AA-001|C08-AA-002|C08-AA-003,4.0,1.0,0,0,0,none,none,none,9.0,0,1,1,0,development,0,0,0,1.0,G3_campaign,1.0,0,1,G1_technique,2,0,1,3,1,0,0,,8,1,3.0,C08-AA-002,0.5444,0,2,project05-m3star-runtime-contract-v0.8,e1d6d08bf93f3ff400361ad947d95002dcf97cc68957c58c831e6a4fdb5c2953,0.8.0,3,1,G3_campaign,G3_campaign,m3star_graph_transition_xgboost_v0.1,1
C08-darpa-e5-clearscope-0515,stage,0.4,53,project05_m3star_h1_dual,1,4.0,3,C08-AA-001|C08-AA-002|C08-AA-003,4.0,1.0,0,0,0,m3star_graph_action_value_xgboost_v0.3,m3star_graph_action_reachability_xgboost_v0.1,m3star_graph_action_value_xgboost_v0.3,9.0,0,1,1,0,development,0,0,0,1.0,G3_campaign,1.0,2,1,G1_technique,2,0,1,1,1,1,0,,8,1,3.0,C08-AA-002,0.5444,0,2,project05-m3star-runtime-contract-v0.8,e1d6d08bf93f3ff400361ad947d95002dcf97cc68957c58c831e6a4fdb5c2953,0.8.0,3,1,G3_campaign,G3_campaign,m3star_graph_transition_xgboost_v0.1,1
C08-darpa-e5-clearscope-0515,stage,0.4,53,project05_xgboost_policy,1,4.0,3,C08-AA-001|C08-AA-002|C08-AA-003,4.0,1.0,0,0,0,,,,9.0,0,1,1,,development,,0,0,1.0,G3_campaign,1.0,,1,G1_technique,2,0,,,,,,,,,3.0,C08-AA-002,0.5444,,2,,,,3,,G3_campaign,G3_campaign,,1
C08-darpa-e5-clearscope-0515,stage,0.4,53,project05_m3b_policy,1,4.0,3,C08-AA-001|C08-AA-002|C08-AA-003,4.0,1.0,0,0,0,,,,9.0,0,1,1,,development,,0,0,1.0,G3_campaign,1.0,,1,G1_technique,2,0,,,,,,,,,3.0,C08-AA-002,0.5444,,2,,,,3,,G3_campaign,G3_campaign,,1
C08-darpa-e5-clearscope-0515,stage,0.4,53,project05_m2,1,4.0,3,C08-AA-001|C08-AA-003|C08-AA-002,4.0,1.0,0,0,0,,,,9.0,0,1,1,,development,,0,0,1.0,G3_campaign,1.0,,1,G1_technique,2,0,,,,,,,,,3.0,C08-AA-002,0.4444,,2,,,,3,,G3_campaign,G3_campaign,,1
C08-darpa-e5-clearscope-0515,stage,0.4,53,oracle_optimal,1,3.0,2,C08-AA-002|C08-AA-003,3.0,0.0,1,0,0,,,,9.0,0,1,1,,development,,0,0,1.0,G3_campaign,1.0,,1,G1_technique,2,0,,,,,,,,,3.0,C08-AA-002,0.1,,2,,,,2,,G3_campaign,G3_campaign,,0
C08-darpa-e5-clearscope-0515,stage,0.6,11,project05_m3star_h3_dual,1,4.0,3,C08-AA-004|C08-AA-001|C08-AA-003,4.0,0.0,0,0,0,m3star_graph_action_value_xgboost_v0.3,m3star_graph_action_reachability_xgboost_v0.1,m3star_graph_action_value_xgboost_v0.3,9.0,0,1,1,0,development,1,0,0,1.0,G3_campaign,1.0,0,1,G0_unknown,3,0,1,3,1,1,1,,8,1,4.0,C08-AA-001,0.25,1,3,project05-m3star-runtime-contract-v0.8,e1d6d08bf93f3ff400361ad947d95002dcf97cc68957c58c831e6a4fdb5c2953,0.8.0,3,1,G3_campaign,G3_campaign,m3star_graph_transition_xgboost_v0.1,0
C08-darpa-e5-clearscope-0515,stage,0.6,11,project05_m3star_h3_no_dominance_dual,1,5.0,3,C08-AA-004|C08-AA-002|C08-AA-003,5.0,1.0,0,0,0,m3star_graph_action_value_xgboost_v0.3,m3star_graph_action_reachability_xgboost_v0.1,m3star_graph_action_value_xgboost_v0.3,9.0,0,1,1,0,development,0,0,0,1.0,G3_campaign,1.0,0,1,G0_unknown,3,0,1,3,0,1,0,,8,1,4.0,C08-AA-001,0.6944,0,3,project05-m3star-runtime-contract-v0.8,e1d6d08bf93f3ff400361ad947d95002dcf97cc68957c58c831e6a4fdb5c2953,0.8.0,3,0,G3_campaign,G3_campaign,m3star_graph_transition_xgboost_v0.1,0
C08-darpa-e5-clearscope-0515,stage,0.6,11,project05_m3star_h3_unshielded_dual,1,6.0,4,C08-AA-002|C08-AA-001|C08-AA-004|C08-AA-003,6.0,2.0,0,0,0,m3star_graph_action_value_xgboost_v0.3,m3star_graph_action_reachability_xgboost_v0.1,m3star_graph_action_value_xgboost_v0.3,9.0,0,1,1,0,development,0,0,0,1.0,G3_campaign,1.0,1,1,G0_unknown,3,0,0,3,1,1,0,,8,0,4.0,C08-AA-001,0.9167,0,3,project05-m3star-runtime-contract-v0.8,e1d6d08bf93f3ff400361ad947d95002dcf97cc68957c58c831e6a4fdb5c2953,0.8.0,4,1,G3_campaign,G3_campaign,m3star_graph_transition_xgboost_v0.1,1
C08-darpa-e5-clearscope-0515,stage,0.6,11,project05_m3star_h3_transition_only,1,4.0,3,C08-AA-003|C08-AA-004|C08-AA-001,4.0,0.0,0,0,0,none,none,none,9.0,0,1,1,0,development,0,0,0,1.0,G3_campaign,1.0,0,1,G0_unknown,3,0,1,3,1,0,0,,8,1,4.0,C08-AA-001,0.5,0,3,project05-m3star-runtime-contract-v0.8,e1d6d08bf93f3ff400361ad947d95002dcf97cc68957c58c831e6a4fdb5c2953,0.8.0,3,1,G3_campaign,G3_campaign,m3star_graph_transition_xgboost_v0.1,0
C08-darpa-e5-clearscope-0515,stage,0.6,11,project05_m3star_h1_dual,1,5.0,3,C08-AA-004|C08-AA-002|C08-AA-003,5.0,1.0,0,0,0,m3star_graph_action_value_xgboost_v0.3,m3star_graph_action_reachability_xgboost_v0.1,m3star_graph_action_value_xgboost_v0.3,9.0,0,1,1,0,development,0,0,0,1.0,G3_campaign,1.0,0,1,G0_unknown,3,0,1,1,1,1,0,,8,1,4.0,C08-AA-001,0.6944,0,3,project05-m3star-runtime-contract-v0.8,e1d6d08bf93f3ff400361ad947d95002dcf97cc68957c58c831e6a4fdb5c2953,0.8.0,3,1,G3_campaign,G3_campaign,m3star_graph_transition_xgboost_v0.1,0
C08-darpa-e5-clearscope-0515,stage,0.6,11,project05_xgboost_policy,1,5.0,3,C08-AA-003|C08-AA-004|C08-AA-002,5.0,1.0,0,0,0,,,,9.0,0,1,1,,development,,0,0,1.0,G3_campaign,1.0,,1,G0_unknown,3,0,,,,,,,,,4.0,C08-AA-001,0.9444,,3,,,,3,,G3_campaign,G3_campaign,,0
C08-darpa-e5-clearscope-0515,stage,0.6,11,project05_m3b_policy,1,4.0,3,C08-AA-001|C08-AA-003|C08-AA-004,4.0,0.0,1,0,0,,,,9.0,0,1,1,,development,,0,0,1.0,G3_campaign,1.0,,1,G0_unknown,3,0,,,,,,,,,4.0,C08-AA-001,0.5,,3,,,,3,,G3_campaign,G3_campaign,,0
C08-darpa-e5-clearscope-0515,stage,0.6,11,project05_m2,1,5.0,3,C08-AA-002|C08-AA-003|C08-AA-004,5.0,1.0,0,0,0,,,,9.0,0,1,1,,development,,0,0,1.0,G3_campaign,1.0,,1,G0_unknown,3,0,,,,,,,,,4.0,C08-AA-001,0.6,,3,,,,3,,G3_campaign,G3_campaign,,0
C08-darpa-e5-clearscope-0515,stage,0.6,11,oracle_optimal,1,4.0,3,C08-AA-001|C08-AA-003|C08-AA-004,4.0,0.0,1,0,0,,,,9.0,0,1,1,,development,,0,0,1.0,G3_campaign,1.0,,1,G0_unknown,3,0,,,,,,,,,4.0,C08-AA-001,0.5,,3,,,,3,,G3_campaign,G3_campaign,,0
C08-darpa-e5-clearscope-0515,stage,0.6,23,project05_m3star_h3_dual,1,4.0,3,C08-AA-004|C08-AA-001|C08-AA-003,4.0,0.0,0,0,0,m3star_graph_action_value_xgboost_v0.3,m3star_graph_action_reachability_xgboost_v0.1,m3star_graph_action_value_xgboost_v0.3,9.0,0,1,1,0,development,1,0,0,1.0,G3_campaign,1.0,0,1,G0_unknown,3,0,1,3,1,1,1,,8,1,4.0,C08-AA-001,0.25,1,3,project05-m3star-runtime-contract-v0.8,e1d6d08bf93f3ff400361ad947d95002dcf97cc68957c58c831e6a4fdb5c2953,0.8.0,3,1,G3_campaign,G3_campaign,m3star_graph_transition_xgboost_v0.1,0
C08-darpa-e5-clearscope-0515,stage,0.6,23,project05_m3star_h3_no_dominance_dual,1,5.0,3,C08-AA-004|C08-AA-002|C08-AA-003,5.0,1.0,0,0,0,m3star_graph_action_value_xgboost_v0.3,m3star_graph_action_reachability_xgboost_v0.1,m3star_graph_action_value_xgboost_v0.3,9.0,0,1,1,0,development,0,0,0,1.0,G3_campaign,1.0,0,1,G0_unknown,3,0,1,3,0,1,0,,8,1,4.0,C08-AA-001,0.6944,0,3,project05-m3star-runtime-contract-v0.8,e1d6d08bf93f3ff400361ad947d95002dcf97cc68957c58c831e6a4fdb5c2953,0.8.0,3,0,G3_campaign,G3_campaign,m3star_graph_transition_xgboost_v0.1,0
C08-darpa-e5-clearscope-0515,stage,0.6,23,project05_m3star_h3_unshielded_dual,1,6.0,4,C08-AA-002|C08-AA-001|C08-AA-004|C08-AA-003,6.0,2.0,0,0,0,m3star_graph_action_value_xgboost_v0.3,m3star_graph_action_reachability_xgboost_v0.1,m3star_graph_action_value_xgboost_v0.3,9.0,0,1,1,0,development,0,0,0,1.0,G3_campaign,1.0,1,1,G0_unknown,3,0,0,3,1,1,0,,8,0,4.0,C08-AA-001,0.9167,0,3,project05-m3star-runtime-contract-v0.8,e1d6d08bf93f3ff400361ad947d95002dcf97cc68957c58c831e6a4fdb5c2953,0.8.0,4,1,G3_campaign,G3_campaign,m3star_graph_transition_xgboost_v0.1,1
C08-darpa-e5-clearscope-0515,stage,0.6,23,project05_m3star_h3_transition_only,1,4.0,3,C08-AA-003|C08-AA-004|C08-AA-001,4.0,0.0,0,0,0,none,none,none,9.0,0,1,1,0,development,0,0,0,1.0,G3_campaign,1.0,0,1,G0_unknown,3,0,1,3,1,0,0,,8,1,4.0,C08-AA-001,0.5,0,3,project05-m3star-runtime-contract-v0.8,e1d6d08bf93f3ff400361ad947d95002dcf97cc68957c58c831e6a4fdb5c2953,0.8.0,3,1,G3_campaign,G3_campaign,m3star_graph_transition_xgboost_v0.1,0
C08-darpa-e5-clearscope-0515,stage,0.6,23,project05_m3star_h1_dual,1,5.0,3,C08-AA-004|C08-AA-002|C08-AA-003,5.0,1.0,0,0,0,m3star_graph_action_value_xgboost_v0.3,m3star_graph_action_reachability_xgboost_v0.1,m3star_graph_action_value_xgboost_v0.3,9.0,0,1,1,0,development,0,0,0,1.0,G3_campaign,1.0,0,1,G0_unknown,3,0,1,1,1,1,0,,8,1,4.0,C08-AA-001,0.6944,0,3,project05-m3star-runtime-contract-v0.8,e1d6d08bf93f3ff400361ad947d95002dcf97cc68957c58c831e6a4fdb5c2953,0.8.0,3,1,G3_campaign,G3_campaign,m3star_graph_transition_xgboost_v0.1,0
C08-darpa-e5-clearscope-0515,stage,0.6,23,project05_xgboost_policy,1,5.0,3,C08-AA-003|C08-AA-004|C08-AA-002,5.0,1.0,0,0,0,,,,9.0,0,1,1,,development,,0,0,1.0,G3_campaign,1.0,,1,G0_unknown,3,0,,,,,,,,,4.0,C08-AA-001,0.9444,,3,,,,3,,G3_campaign,G3_campaign,,0
C08-darpa-e5-clearscope-0515,stage,0.6,23,project05_m3b_policy,1,4.0,3,C08-AA-001|C08-AA-003|C08-AA-004,4.0,0.0,1,0,0,,,,9.0,0,1,1,,development,,0,0,1.0,G3_campaign,1.0,,1,G0_unknown,3,0,,,,,,,,,4.0,C08-AA-001,0.5,,3,,,,3,,G3_campaign,G3_campaign,,0
C08-darpa-e5-clearscope-0515,stage,0.6,23,project05_m2,1,5.0,3,C08-AA-002|C08-AA-003|C08-AA-004,5.0,1.0,0,0,0,,,,9.0,0,1,1,,development,,0,0,1.0,G3_campaign,1.0,,1,G0_unknown,3,0,,,,,,,,,4.0,C08-AA-001,0.6,,3,,,,3,,G3_campaign,G3_campaign,,0
C08-darpa-e5-clearscope-0515,stage,0.6,23,oracle_optimal,1,4.0,3,C08-AA-001|C08-AA-003|C08-AA-004,4.0,0.0,1,0,0,,,,9.0,0,1,1,,development,,0,0,1.0,G3_campaign,1.0,,1,G0_unknown,3,0,,,,,,,,,4.0,C08-AA-001,0.5,,3,,,,3,,G3_campaign,G3_campaign,,0
C08-darpa-e5-clearscope-0515,stage,0.6,37,project05_m3star_h3_dual,1,6.0,4,C08-AA-004|C08-AA-001|C08-AA-002|C08-AA-003,6.0,1.0,0,0,0,m3star_graph_action_value_xgboost_v0.3,m3star_graph_action_reachability_xgboost_v0.1,m3star_graph_action_value_xgboost_v0.3,9.0,0,1,1,0,development,1,0,0,1.0,G3_campaign,1.0,0,1,G0_unknown,3,0,1,3,1,1,1,,8,1,5.0,C08-AA-002,0.6944,1,3,project05-m3star-runtime-contract-v0.8,e1d6d08bf93f3ff400361ad947d95002dcf97cc68957c58c831e6a4fdb5c2953,0.8.0,4,1,G3_campaign,G3_campaign,m3star_graph_transition_xgboost_v0.1,1
C08-darpa-e5-clearscope-0515,stage,0.6,37,project05_m3star_h3_no_dominance_dual,1,5.0,3,C08-AA-004|C08-AA-002|C08-AA-003,5.0,0.0,0,0,0,m3star_graph_action_value_xgboost_v0.3,m3star_graph_action_reachability_xgboost_v0.1,m3star_graph_action_value_xgboost_v0.3,9.0,0,1,1,0,development,0,0,0,1.0,G3_campaign,1.0,0,1,G0_unknown,3,0,1,3,0,1,0,,8,1,5.0,C08-AA-002,0.6944,0,3,project05-m3star-runtime-contract-v0.8,e1d6d08bf93f3ff400361ad947d95002dcf97cc68957c58c831e6a4fdb5c2953,0.8.0,3,0,G3_campaign,G3_campaign,m3star_graph_transition_xgboost_v0.1,0
C08-darpa-e5-clearscope-0515,stage,0.6,37,project05_m3star_h3_unshielded_dual,1,6.0,4,C08-AA-002|C08-AA-001|C08-AA-004|C08-AA-003,6.0,1.0,1,0,0,m3star_graph_action_value_xgboost_v0.3,m3star_graph_action_reachability_xgboost_v0.1,m3star_graph_action_value_xgboost_v0.3,9.0,0,1,1,0,development,0,0,0,1.0,G3_campaign,1.0,1,1,G0_unknown,3,0,0,3,1,1,0,,8,0,5.0,C08-AA-002,0.9167,0,3,project05-m3star-runtime-contract-v0.8,e1d6d08bf93f3ff400361ad947d95002dcf97cc68957c58c831e6a4fdb5c2953,0.8.0,4,1,G3_campaign,G3_campaign,m3star_graph_transition_xgboost_v0.1,1
C08-darpa-e5-clearscope-0515,stage,0.6,37,project05_m3star_h3_transition_only,1,6.0,4,C08-AA-003|C08-AA-004|C08-AA-001|C08-AA-002,6.0,1.0,0,0,0,none,none,none,9.0,0,1,1,0,development,0,0,0,1.0,G3_campaign,1.0,0,1,G0_unknown,3,0,1,3,1,0,0,,8,1,5.0,C08-AA-002,0.9444,0,3,project05-m3star-runtime-contract-v0.8,e1d6d08bf93f3ff400361ad947d95002dcf97cc68957c58c831e6a4fdb5c2953,0.8.0,4,1,G3_campaign,G3_campaign,m3star_graph_transition_xgboost_v0.1,1
C08-darpa-e5-clearscope-0515,stage,0.6,37,project05_m3star_h1_dual,1,5.0,3,C08-AA-004|C08-AA-002|C08-AA-003,5.0,0.0,0,0,0,m3star_graph_action_value_xgboost_v0.3,m3star_graph_action_reachability_xgboost_v0.1,m3star_graph_action_value_xgboost_v0.3,9.0,0,1,1,0,development,0,0,0,1.0,G3_campaign,1.0,0,1,G0_unknown,3,0,1,1,1,1,0,,8,1,5.0,C08-AA-002,0.6944,0,3,project05-m3star-runtime-contract-v0.8,e1d6d08bf93f3ff400361ad947d95002dcf97cc68957c58c831e6a4fdb5c2953,0.8.0,3,1,G3_campaign,G3_campaign,m3star_graph_transition_xgboost_v0.1,0
C08-darpa-e5-clearscope-0515,stage,0.6,37,project05_xgboost_policy,1,5.0,3,C08-AA-003|C08-AA-004|C08-AA-002,5.0,0.0,0,0,0,,,,9.0,0,1,1,,development,,0,0,1.0,G3_campaign,1.0,,1,G0_unknown,3,0,,,,,,,,,5.0,C08-AA-002,0.9444,,3,,,,3,,G3_campaign,G3_campaign,,0
C08-darpa-e5-clearscope-0515,stage,0.6,37,project05_m3b_policy,1,6.0,4,C08-AA-001|C08-AA-003|C08-AA-004|C08-AA-002,6.0,1.0,0,0,0,,,,9.0,0,1,1,,development,,0,0,1.0,G3_campaign,1.0,,1,G0_unknown,3,0,,,,,,,,,5.0,C08-AA-002,0.9444,,3,,,,4,,G3_campaign,G3_campaign,,1
C08-darpa-e5-clearscope-0515,stage,0.6,37,project05_m2,1,5.0,3,C08-AA-002|C08-AA-003|C08-AA-004,5.0,0.0,1,0,0,,,,9.0,0,1,1,,development,,0,0,1.0,G3_campaign,1.0,,1,G0_unknown,3,0,,,,,,,,,5.0,C08-AA-002,0.6,,3,,,,3,,G3_campaign,G3_campaign,,0
C08-darpa-e5-clearscope-0515,stage,0.6,37,oracle_optimal,1,5.0,3,C08-AA-002|C08-AA-003|C08-AA-004,5.0,0.0,1,0,0,,,,9.0,0,1,1,,development,,0,0,1.0,G3_campaign,1.0,,1,G0_unknown,3,0,,,,,,,,,5.0,C08-AA-002,0.6,,3,,,,3,,G3_campaign,G3_campaign,,0
C08-darpa-e5-clearscope-0515,stage,0.6,41,project05_m3star_h3_dual,1,4.0,3,C08-AA-004|C08-AA-001|C08-AA-003,4.0,0.0,0,0,0,m3star_graph_action_value_xgboost_v0.3,m3star_graph_action_reachability_xgboost_v0.1,m3star_graph_action_value_xgboost_v0.3,9.0,0,1,1,0,development,1,0,0,1.0,G3_campaign,1.0,0,1,G0_unknown,3,0,1,3,1,1,1,,8,1,4.0,C08-AA-001,0.25,1,3,project05-m3star-runtime-contract-v0.8,e1d6d08bf93f3ff400361ad947d95002dcf97cc68957c58c831e6a4fdb5c2953,0.8.0,3,1,G3_campaign,G3_campaign,m3star_graph_transition_xgboost_v0.1,0
C08-darpa-e5-clearscope-0515,stage,0.6,41,project05_m3star_h3_no_dominance_dual,1,5.0,3,C08-AA-004|C08-AA-002|C08-AA-003,5.0,1.0,0,0,0,m3star_graph_action_value_xgboost_v0.3,m3star_graph_action_reachability_xgboost_v0.1,m3star_graph_action_value_xgboost_v0.3,9.0,0,1,1,0,development,0,0,0,1.0,G3_campaign,1.0,0,1,G0_unknown,3,0,1,3,0,1,0,,8,1,4.0,C08-AA-001,0.6944,0,3,project05-m3star-runtime-contract-v0.8,e1d6d08bf93f3ff400361ad947d95002dcf97cc68957c58c831e6a4fdb5c2953,0.8.0,3,0,G3_campaign,G3_campaign,m3star_graph_transition_xgboost_v0.1,0
C08-darpa-e5-clearscope-0515,stage,0.6,41,project05_m3star_h3_unshielded_dual,1,6.0,4,C08-AA-002|C08-AA-001|C08-AA-004|C08-AA-003,6.0,2.0,0,0,0,m3star_graph_action_value_xgboost_v0.3,m3star_graph_action_reachability_xgboost_v0.1,m3star_graph_action_value_xgboost_v0.3,9.0,0,1,1,0,development,0,0,0,1.0,G3_campaign,1.0,1,1,G0_unknown,3,0,0,3,1,1,0,,8,0,4.0,C08-AA-001,0.9167,0,3,project05-m3star-runtime-contract-v0.8,e1d6d08bf93f3ff400361ad947d95002dcf97cc68957c58c831e6a4fdb5c2953,0.8.0,4,1,G3_campaign,G3_campaign,m3star_graph_transition_xgboost_v0.1,1
C08-darpa-e5-clearscope-0515,stage,0.6,41,project05_m3star_h3_transition_only,1,4.0,3,C08-AA-003|C08-AA-004|C08-AA-001,4.0,0.0,0,0,0,none,none,none,9.0,0,1,1,0,development,0,0,0,1.0,G3_campaign,1.0,0,1,G0_unknown,3,0,1,3,1,0,0,,8,1,4.0,C08-AA-001,0.5,0,3,project05-m3star-runtime-contract-v0.8,e1d6d08bf93f3ff400361ad947d95002dcf97cc68957c58c831e6a4fdb5c2953,0.8.0,3,1,G3_campaign,G3_campaign,m3star_graph_transition_xgboost_v0.1,0
C08-darpa-e5-clearscope-0515,stage,0.6,41,project05_m3star_h1_dual,1,5.0,3,C08-AA-004|C08-AA-002|C08-AA-003,5.0,1.0,0,0,0,m3star_graph_action_value_xgboost_v0.3,m3star_graph_action_reachability_xgboost_v0.1,m3star_graph_action_value_xgboost_v0.3,9.0,0,1,1,0,development,0,0,0,1.0,G3_campaign,1.0,0,1,G0_unknown,3,0,1,1,1,1,0,,8,1,4.0,C08-AA-001,0.6944,0,3,project05-m3star-runtime-contract-v0.8,e1d6d08bf93f3ff400361ad947d95002dcf97cc68957c58c831e6a4fdb5c2953,0.8.0,3,1,G3_campaign,G3_campaign,m3star_graph_transition_xgboost_v0.1,0
C08-darpa-e5-clearscope-0515,stage,0.6,41,project05_xgboost_policy,1,5.0,3,C08-AA-003|C08-AA-004|C08-AA-002,5.0,1.0,0,0,0,,,,9.0,0,1,1,,development,,0,0,1.0,G3_campaign,1.0,,1,G0_unknown,3,0,,,,,,,,,4.0,C08-AA-001,0.9444,,3,,,,3,,G3_campaign,G3_campaign,,0
C08-darpa-e5-clearscope-0515,stage,0.6,41,project05_m3b_policy,1,4.0,3,C08-AA-001|C08-AA-003|C08-AA-004,4.0,0.0,1,0,0,,,,9.0,0,1,1,,development,,0,0,1.0,G3_campaign,1.0,,1,G0_unknown,3,0,,,,,,,,,4.0,C08-AA-001,0.5,,3,,,,3,,G3_campaign,G3_campaign,,0
C08-darpa-e5-clearscope-0515,stage,0.6,41,project05_m2,1,5.0,3,C08-AA-002|C08-AA-003|C08-AA-004,5.0,1.0,0,0,0,,,,9.0,0,1,1,,development,,0,0,1.0,G3_campaign,1.0,,1,G0_unknown,3,0,,,,,,,,,4.0,C08-AA-001,0.6,,3,,,,3,,G3_campaign,G3_campaign,,0
C08-darpa-e5-clearscope-0515,stage,0.6,41,oracle_optimal,1,4.0,3,C08-AA-001|C08-AA-003|C08-AA-004,4.0,0.0,1,0,0,,,,9.0,0,1,1,,development,,0,0,1.0,G3_campaign,1.0,,1,G0_unknown,3,0,,,,,,,,,4.0,C08-AA-001,0.5,,3,,,,3,,G3_campaign,G3_campaign,,0
C08-darpa-e5-clearscope-0515,stage,0.6,53,project05_m3star_h3_dual,1,6.0,4,C08-AA-004|C08-AA-001|C08-AA-002|C08-AA-003,6.0,1.0,0,0,0,m3star_graph_action_value_xgboost_v0.3,m3star_graph_action_reachability_xgboost_v0.1,m3star_graph_action_value_xgboost_v0.3,9.0,0,1,1,0,development,1,0,0,1.0,G3_campaign,1.0,0,1,G0_unknown,3,0,1,3,1,1,1,,8,1,5.0,C08-AA-002,0.6944,1,3,project05-m3star-runtime-contract-v0.8,e1d6d08bf93f3ff400361ad947d95002dcf97cc68957c58c831e6a4fdb5c2953,0.8.0,4,1,G3_campaign,G3_campaign,m3star_graph_transition_xgboost_v0.1,1
C08-darpa-e5-clearscope-0515,stage,0.6,53,project05_m3star_h3_no_dominance_dual,1,5.0,3,C08-AA-004|C08-AA-002|C08-AA-003,5.0,0.0,0,0,0,m3star_graph_action_value_xgboost_v0.3,m3star_graph_action_reachability_xgboost_v0.1,m3star_graph_action_value_xgboost_v0.3,9.0,0,1,1,0,development,0,0,0,1.0,G3_campaign,1.0,0,1,G0_unknown,3,0,1,3,0,1,0,,8,1,5.0,C08-AA-002,0.6944,0,3,project05-m3star-runtime-contract-v0.8,e1d6d08bf93f3ff400361ad947d95002dcf97cc68957c58c831e6a4fdb5c2953,0.8.0,3,0,G3_campaign,G3_campaign,m3star_graph_transition_xgboost_v0.1,0
C08-darpa-e5-clearscope-0515,stage,0.6,53,project05_m3star_h3_unshielded_dual,1,6.0,4,C08-AA-002|C08-AA-001|C08-AA-004|C08-AA-003,6.0,1.0,1,0,0,m3star_graph_action_value_xgboost_v0.3,m3star_graph_action_reachability_xgboost_v0.1,m3star_graph_action_value_xgboost_v0.3,9.0,0,1,1,0,development,0,0,0,1.0,G3_campaign,1.0,1,1,G0_unknown,3,0,0,3,1,1,0,,8,0,5.0,C08-AA-002,0.9167,0,3,project05-m3star-runtime-contract-v0.8,e1d6d08bf93f3ff400361ad947d95002dcf97cc68957c58c831e6a4fdb5c2953,0.8.0,4,1,G3_campaign,G3_campaign,m3star_graph_transition_xgboost_v0.1,1
C08-darpa-e5-clearscope-0515,stage,0.6,53,project05_m3star_h3_transition_only,1,6.0,4,C08-AA-003|C08-AA-004|C08-AA-001|C08-AA-002,6.0,1.0,0,0,0,none,none,none,9.0,0,1,1,0,development,0,0,0,1.0,G3_campaign,1.0,0,1,G0_unknown,3,0,1,3,1,0,0,,8,1,5.0,C08-AA-002,0.9444,0,3,project05-m3star-runtime-contract-v0.8,e1d6d08bf93f3ff400361ad947d95002dcf97cc68957c58c831e6a4fdb5c2953,0.8.0,4,1,G3_campaign,G3_campaign,m3star_graph_transition_xgboost_v0.1,1
C08-darpa-e5-clearscope-0515,stage,0.6,53,project05_m3star_h1_dual,1,5.0,3,C08-AA-004|C08-AA-002|C08-AA-003,5.0,0.0,0,0,0,m3star_graph_action_value_xgboost_v0.3,m3star_graph_action_reachability_xgboost_v0.1,m3star_graph_action_value_xgboost_v0.3,9.0,0,1,1,0,development,0,0,0,1.0,G3_campaign,1.0,0,1,G0_unknown,3,0,1,1,1,1,0,,8,1,5.0,C08-AA-002,0.6944,0,3,project05-m3star-runtime-contract-v0.8,e1d6d08bf93f3ff400361ad947d95002dcf97cc68957c58c831e6a4fdb5c2953,0.8.0,3,1,G3_campaign,G3_campaign,m3star_graph_transition_xgboost_v0.1,0
C08-darpa-e5-clearscope-0515,stage,0.6,53,project05_xgboost_policy,1,5.0,3,C08-AA-003|C08-AA-004|C08-AA-002,5.0,0.0,0,0,0,,,,9.0,0,1,1,,development,,0,0,1.0,G3_campaign,1.0,,1,G0_unknown,3,0,,,,,,,,,5.0,C08-AA-002,0.9444,,3,,,,3,,G3_campaign,G3_campaign,,0
C08-darpa-e5-clearscope-0515,stage,0.6,53,project05_m3b_policy,1,6.0,4,C08-AA-001|C08-AA-003|C08-AA-004|C08-AA-002,6.0,1.0,0,0,0,,,,9.0,0,1,1,,development,,0,0,1.0,G3_campaign,1.0,,1,G0_unknown,3,0,,,,,,,,,5.0,C08-AA-002,0.9444,,3,,,,4,,G3_campaign,G3_campaign,,1
C08-darpa-e5-clearscope-0515,stage,0.6,53,project05_m2,1,5.0,3,C08-AA-002|C08-AA-003|C08-AA-004,5.0,0.0,1,0,0,,,,9.0,0,1,1,,development,,0,0,1.0,G3_campaign,1.0,,1,G0_unknown,3,0,,,,,,,,,5.0,C08-AA-002,0.6,,3,,,,3,,G3_campaign,G3_campaign,,0
C08-darpa-e5-clearscope-0515,stage,0.6,53,oracle_optimal,1,5.0,3,C08-AA-002|C08-AA-003|C08-AA-004,5.0,0.0,1,0,0,,,,9.0,0,1,1,,development,,0,0,1.0,G3_campaign,1.0,,1,G0_unknown,3,0,,,,,,,,,5.0,C08-AA-002,0.6,,3,,,,3,,G3_campaign,G3_campaign,,0
C08-darpa-e5-clearscope-0515,discriminative,0.2,11,project05_m3star_h3_dual,1,1.0,1,C08-AA-001,1.0,0.0,1,0,0,m3star_graph_action_value_xgboost_v0.3,m3star_graph_action_reachability_xgboost_v0.1,m3star_graph_action_value_xgboost_v0.3,9.0,0,1,1,0,development,0,0,0,1.0,G3_campaign,1.0,1,1,G2_tactic_intent,1,0,1,3,1,1,1,,8,1,1.0,C08-AA-001,0.0,1,1,project05-m3star-runtime-contract-v0.8,e1d6d08bf93f3ff400361ad947d95002dcf97cc68957c58c831e6a4fdb5c2953,0.8.0,1,1,G3_campaign,G3_campaign,m3star_graph_transition_xgboost_v0.1,0
C08-darpa-e5-clearscope-0515,discriminative,0.2,11,project05_m3star_h3_no_dominance_dual,1,1.0,1,C08-AA-001,1.0,0.0,1,0,0,m3star_graph_action_value_xgboost_v0.3,m3star_graph_action_reachability_xgboost_v0.1,m3star_graph_action_value_xgboost_v0.3,9.0,0,1,1,0,development,0,0,0,1.0,G3_campaign,1.0,1,1,G2_tactic_intent,1,0,1,3,0,1,0,,8,1,1.0,C08-AA-001,0.0,0,1,project05-m3star-runtime-contract-v0.8,e1d6d08bf93f3ff400361ad947d95002dcf97cc68957c58c831e6a4fdb5c2953,0.8.0,1,0,G3_campaign,G3_campaign,m3star_graph_transition_xgboost_v0.1,0
C08-darpa-e5-clearscope-0515,discriminative,0.2,11,project05_m3star_h3_unshielded_dual,1,1.0,1,C08-AA-001,1.0,0.0,1,0,0,m3star_graph_action_value_xgboost_v0.3,m3star_graph_action_reachability_xgboost_v0.1,m3star_graph_action_value_xgboost_v0.3,9.0,0,1,1,0,development,0,0,0,1.0,G3_campaign,1.0,1,1,G2_tactic_intent,1,0,0,3,1,1,0,,8,0,1.0,C08-AA-001,0.0,0,1,project05-m3star-runtime-contract-v0.8,e1d6d08bf93f3ff400361ad947d95002dcf97cc68957c58c831e6a4fdb5c2953,0.8.0,1,1,G3_campaign,G3_campaign,m3star_graph_transition_xgboost_v0.1,0
C08-darpa-e5-clearscope-0515,discriminative,0.2,11,project05_m3star_h3_transition_only,1,1.0,1,C08-AA-001,1.0,0.0,1,0,0,none,none,none,9.0,0,1,1,0,development,0,0,0,1.0,G3_campaign,1.0,0,1,G2_tactic_intent,1,0,1,3,1,0,0,,8,1,1.0,C08-AA-001,0.0,0,1,project05-m3star-runtime-contract-v0.8,e1d6d08bf93f3ff400361ad947d95002dcf97cc68957c58c831e6a4fdb5c2953,0.8.0,1,1,G3_campaign,G3_campaign,m3star_graph_transition_xgboost_v0.1,0
C08-darpa-e5-clearscope-0515,discriminative,0.2,11,project05_m3star_h1_dual,1,1.0,1,C08-AA-001,1.0,0.0,1,0,0,m3star_graph_action_value_xgboost_v0.3,m3star_graph_action_reachability_xgboost_v0.1,m3star_graph_action_value_xgboost_v0.3,9.0,0,1,1,0,development,0,0,0,1.0,G3_campaign,1.0,1,1,G2_tactic_intent,1,0,1,1,1,1,0,,8,1,1.0,C08-AA-001,0.0,0,1,project05-m3star-runtime-contract-v0.8,e1d6d08bf93f3ff400361ad947d95002dcf97cc68957c58c831e6a4fdb5c2953,0.8.0,1,1,G3_campaign,G3_campaign,m3star_graph_transition_xgboost_v0.1,0
C08-darpa-e5-clearscope-0515,discriminative,0.2,11,project05_xgboost_policy,1,2.0,1,C08-AA-002,2.0,1.0,0,0,0,,,,9.0,0,1,1,,development,,0,0,1.0,G3_campaign,1.0,,1,G2_tactic_intent,1,0,,,,,,,,,1.0,C08-AA-001,0.0,,1,,,,1,,G3_campaign,G3_campaign,,0
C08-darpa-e5-clearscope-0515,discriminative,0.2,11,project05_m3b_policy,1,1.0,1,C08-AA-001,1.0,0.0,1,0,0,,,,9.0,0,1,1,,development,,0,0,1.0,G3_campaign,1.0,,1,G2_tactic_intent,1,0,,,,,,,,,1.0,C08-AA-001,0.0,,1,,,,1,,G3_campaign,G3_campaign,,0
C08-darpa-e5-clearscope-0515,discriminative,0.2,11,project05_m2,1,1.0,1,C08-AA-001,1.0,0.0,1,0,0,,,,9.0,0,1,1,,development,,0,0,1.0,G3_campaign,1.0,,1,G2_tactic_intent,1,0,,,,,,,,,1.0,C08-AA-001,0.0,,1,,,,1,,G3_campaign,G3_campaign,,0
C08-darpa-e5-clearscope-0515,discriminative,0.2,11,oracle_optimal,1,1.0,1,C08-AA-001,1.0,0.0,1,0,0,,,,9.0,0,1,1,,development,,0,0,1.0,G3_campaign,1.0,,1,G2_tactic_intent,1,0,,,,,,,,,1.0,C08-AA-001,0.0,,1,,,,1,,G3_campaign,G3_campaign,,0
C08-darpa-e5-clearscope-0515,discriminative,0.2,23,project05_m3star_h3_dual,1,1.0,1,C08-AA-001,1.0,0.0,1,0,0,m3star_graph_action_value_xgboost_v0.3,m3star_graph_action_reachability_xgboost_v0.1,m3star_graph_action_value_xgboost_v0.3,9.0,0,1,1,0,development,0,0,0,1.0,G3_campaign,1.0,1,1,G2_tactic_intent,1,0,1,3,1,1,1,,8,1,1.0,C08-AA-001,0.0,1,1,project05-m3star-runtime-contract-v0.8,e1d6d08bf93f3ff400361ad947d95002dcf97cc68957c58c831e6a4fdb5c2953,0.8.0,1,1,G3_campaign,G3_campaign,m3star_graph_transition_xgboost_v0.1,0
C08-darpa-e5-clearscope-0515,discriminative,0.2,23,project05_m3star_h3_no_dominance_dual,1,1.0,1,C08-AA-001,1.0,0.0,1,0,0,m3star_graph_action_value_xgboost_v0.3,m3star_graph_action_reachability_xgboost_v0.1,m3star_graph_action_value_xgboost_v0.3,9.0,0,1,1,0,development,0,0,0,1.0,G3_campaign,1.0,1,1,G2_tactic_intent,1,0,1,3,0,1,0,,8,1,1.0,C08-AA-001,0.0,0,1,project05-m3star-runtime-contract-v0.8,e1d6d08bf93f3ff400361ad947d95002dcf97cc68957c58c831e6a4fdb5c2953,0.8.0,1,0,G3_campaign,G3_campaign,m3star_graph_transition_xgboost_v0.1,0
C08-darpa-e5-clearscope-0515,discriminative,0.2,23,project05_m3star_h3_unshielded_dual,1,1.0,1,C08-AA-001,1.0,0.0,1,0,0,m3star_graph_action_value_xgboost_v0.3,m3star_graph_action_reachability_xgboost_v0.1,m3star_graph_action_value_xgboost_v0.3,9.0,0,1,1,0,development,0,0,0,1.0,G3_campaign,1.0,1,1,G2_tactic_intent,1,0,0,3,1,1,0,,8,0,1.0,C08-AA-001,0.0,0,1,project05-m3star-runtime-contract-v0.8,e1d6d08bf93f3ff400361ad947d95002dcf97cc68957c58c831e6a4fdb5c2953,0.8.0,1,1,G3_campaign,G3_campaign,m3star_graph_transition_xgboost_v0.1,0
C08-darpa-e5-clearscope-0515,discriminative,0.2,23,project05_m3star_h3_transition_only,1,1.0,1,C08-AA-001,1.0,0.0,1,0,0,none,none,none,9.0,0,1,1,0,development,0,0,0,1.0,G3_campaign,1.0,0,1,G2_tactic_intent,1,0,1,3,1,0,0,,8,1,1.0,C08-AA-001,0.0,0,1,project05-m3star-runtime-contract-v0.8,e1d6d08bf93f3ff400361ad947d95002dcf97cc68957c58c831e6a4fdb5c2953,0.8.0,1,1,G3_campaign,G3_campaign,m3star_graph_transition_xgboost_v0.1,0
C08-darpa-e5-clearscope-0515,discriminative,0.2,23,project05_m3star_h1_dual,1,1.0,1,C08-AA-001,1.0,0.0,1,0,0,m3star_graph_action_value_xgboost_v0.3,m3star_graph_action_reachability_xgboost_v0.1,m3star_graph_action_value_xgboost_v0.3,9.0,0,1,1,0,development,0,0,0,1.0,G3_campaign,1.0,1,1,G2_tactic_intent,1,0,1,1,1,1,0,,8,1,1.0,C08-AA-001,0.0,0,1,project05-m3star-runtime-contract-v0.8,e1d6d08bf93f3ff400361ad947d95002dcf97cc68957c58c831e6a4fdb5c2953,0.8.0,1,1,G3_campaign,G3_campaign,m3star_graph_transition_xgboost_v0.1,0
C08-darpa-e5-clearscope-0515,discriminative,0.2,23,project05_xgboost_policy,1,2.0,1,C08-AA-002,2.0,1.0,0,0,0,,,,9.0,0,1,1,,development,,0,0,1.0,G3_campaign,1.0,,1,G2_tactic_intent,1,0,,,,,,,,,1.0,C08-AA-001,0.0,,1,,,,1,,G3_campaign,G3_campaign,,0
C08-darpa-e5-clearscope-0515,discriminative,0.2,23,project05_m3b_policy,1,1.0,1,C08-AA-001,1.0,0.0,1,0,0,,,,9.0,0,1,1,,development,,0,0,1.0,G3_campaign,1.0,,1,G2_tactic_intent,1,0,,,,,,,,,1.0,C08-AA-001,0.0,,1,,,,1,,G3_campaign,G3_campaign,,0
C08-darpa-e5-clearscope-0515,discriminative,0.2,23,project05_m2,1,1.0,1,C08-AA-001,1.0,0.0,1,0,0,,,,9.0,0,1,1,,development,,0,0,1.0,G3_campaign,1.0,,1,G2_tactic_intent,1,0,,,,,,,,,1.0,C08-AA-001,0.0,,1,,,,1,,G3_campaign,G3_campaign,,0
C08-darpa-e5-clearscope-0515,discriminative,0.2,23,oracle_optimal,1,1.0,1,C08-AA-001,1.0,0.0,1,0,0,,,,9.0,0,1,1,,development,,0,0,1.0,G3_campaign,1.0,,1,G2_tactic_intent,1,0,,,,,,,,,1.0,C08-AA-001,0.0,,1,,,,1,,G3_campaign,G3_campaign,,0
C08-darpa-e5-clearscope-0515,discriminative,0.2,37,project05_m3star_h3_dual,1,3.0,2,C08-AA-001|C08-AA-002,3.0,1.0,0,0,0,m3star_graph_action_value_xgboost_v0.3,m3star_graph_action_reachability_xgboost_v0.1,m3star_graph_action_value_xgboost_v0.3,9.0,0,1,1,0,development,0,0,0,1.0,G3_campaign,1.0,1,1,G2_tactic_intent,1,0,1,3,1,1,1,,8,1,2.0,C08-AA-002,0.4444,1,1,project05-m3star-runtime-contract-v0.8,e1d6d08bf93f3ff400361ad947d95002dcf97cc68957c58c831e6a4fdb5c2953,0.8.0,2,1,G3_campaign,G3_campaign,m3star_graph_transition_xgboost_v0.1,1
C08-darpa-e5-clearscope-0515,discriminative,0.2,37,project05_m3star_h3_no_dominance_dual,1,3.0,2,C08-AA-001|C08-AA-002,3.0,1.0,0,0,0,m3star_graph_action_value_xgboost_v0.3,m3star_graph_action_reachability_xgboost_v0.1,m3star_graph_action_value_xgboost_v0.3,9.0,0,1,1,0,development,0,0,0,1.0,G3_campaign,1.0,1,1,G2_tactic_intent,1,0,1,3,0,1,0,,8,1,2.0,C08-AA-002,0.4444,0,1,project05-m3star-runtime-contract-v0.8,e1d6d08bf93f3ff400361ad947d95002dcf97cc68957c58c831e6a4fdb5c2953,0.8.0,2,0,G3_campaign,G3_campaign,m3star_graph_transition_xgboost_v0.1,1
C08-darpa-e5-clearscope-0515,discriminative,0.2,37,project05_m3star_h3_unshielded_dual,1,3.0,2,C08-AA-001|C08-AA-002,3.0,1.0,0,0,0,m3star_graph_action_value_xgboost_v0.3,m3star_graph_action_reachability_xgboost_v0.1,m3star_graph_action_value_xgboost_v0.3,9.0,0,1,1,0,development,0,0,0,1.0,G3_campaign,1.0,1,1,G2_tactic_intent,1,0,0,3,1,1,0,,8,0,2.0,C08-AA-002,0.4444,0,1,project05-m3star-runtime-contract-v0.8,e1d6d08bf93f3ff400361ad947d95002dcf97cc68957c58c831e6a4fdb5c2953,0.8.0,2,1,G3_campaign,G3_campaign,m3star_graph_transition_xgboost_v0.1,1
C08-darpa-e5-clearscope-0515,discriminative,0.2,37,project05_m3star_h3_transition_only,1,3.0,2,C08-AA-001|C08-AA-002,3.0,1.0,0,0,0,none,none,none,9.0,0,1,1,0,development,0,0,0,1.0,G3_campaign,1.0,0,1,G2_tactic_intent,1,0,1,3,1,0,0,,8,1,2.0,C08-AA-002,0.4444,0,1,project05-m3star-runtime-contract-v0.8,e1d6d08bf93f3ff400361ad947d95002dcf97cc68957c58c831e6a4fdb5c2953,0.8.0,2,1,G3_campaign,G3_campaign,m3star_graph_transition_xgboost_v0.1,1
C08-darpa-e5-clearscope-0515,discriminative,0.2,37,project05_m3star_h1_dual,1,3.0,2,C08-AA-001|C08-AA-002,3.0,1.0,0,0,0,m3star_graph_action_value_xgboost_v0.3,m3star_graph_action_reachability_xgboost_v0.1,m3star_graph_action_value_xgboost_v0.3,9.0,0,1,1,0,development,0,0,0,1.0,G3_campaign,1.0,1,1,G2_tactic_intent,1,0,1,1,1,1,0,,8,1,2.0,C08-AA-002,0.4444,0,1,project05-m3star-runtime-contract-v0.8,e1d6d08bf93f3ff400361ad947d95002dcf97cc68957c58c831e6a4fdb5c2953,0.8.0,2,1,G3_campaign,G3_campaign,m3star_graph_transition_xgboost_v0.1,1
C08-darpa-e5-clearscope-0515,discriminative,0.2,37,project05_xgboost_policy,1,2.0,1,C08-AA-002,2.0,0.0,1,0,0,,,,9.0,0,1,1,,development,,0,0,1.0,G3_campaign,1.0,,1,G2_tactic_intent,1,0,,,,,,,,,2.0,C08-AA-002,0.0,,1,,,,1,,G3_campaign,G3_campaign,,0
C08-darpa-e5-clearscope-0515,discriminative,0.2,37,project05_m3b_policy,1,3.0,2,C08-AA-001|C08-AA-002,3.0,1.0,0,0,0,,,,9.0,0,1,1,,development,,0,0,1.0,G3_campaign,1.0,,1,G2_tactic_intent,1,0,,,,,,,,,2.0,C08-AA-002,0.4444,,1,,,,2,,G3_campaign,G3_campaign,,1
C08-darpa-e5-clearscope-0515,discriminative,0.2,37,project05_m2,1,3.0,2,C08-AA-001|C08-AA-002,3.0,1.0,0,0,0,,,,9.0,0,1,1,,development,,0,0,1.0,G3_campaign,1.0,,1,G2_tactic_intent,1,0,,,,,,,,,2.0,C08-AA-002,0.4444,,1,,,,2,,G3_campaign,G3_campaign,,1
C08-darpa-e5-clearscope-0515,discriminative,0.2,37,oracle_optimal,1,2.0,1,C08-AA-002,2.0,0.0,1,0,0,,,,9.0,0,1,1,,development,,0,0,1.0,G3_campaign,1.0,,1,G2_tactic_intent,1,0,,,,,,,,,2.0,C08-AA-002,0.0,,1,,,,1,,G3_campaign,G3_campaign,,0
C08-darpa-e5-clearscope-0515,discriminative,0.2,41,project05_m3star_h3_dual,1,1.0,1,C08-AA-001,1.0,0.0,1,0,0,m3star_graph_action_value_xgboost_v0.3,m3star_graph_action_reachability_xgboost_v0.1,m3star_graph_action_value_xgboost_v0.3,9.0,0,1,1,0,development,0,0,0,1.0,G3_campaign,1.0,1,1,G2_tactic_intent,1,0,1,3,1,1,1,,8,1,1.0,C08-AA-001,0.0,1,1,project05-m3star-runtime-contract-v0.8,e1d6d08bf93f3ff400361ad947d95002dcf97cc68957c58c831e6a4fdb5c2953,0.8.0,1,1,G3_campaign,G3_campaign,m3star_graph_transition_xgboost_v0.1,0
C08-darpa-e5-clearscope-0515,discriminative,0.2,41,project05_m3star_h3_no_dominance_dual,1,1.0,1,C08-AA-001,1.0,0.0,1,0,0,m3star_graph_action_value_xgboost_v0.3,m3star_graph_action_reachability_xgboost_v0.1,m3star_graph_action_value_xgboost_v0.3,9.0,0,1,1,0,development,0,0,0,1.0,G3_campaign,1.0,1,1,G2_tactic_intent,1,0,1,3,0,1,0,,8,1,1.0,C08-AA-001,0.0,0,1,project05-m3star-runtime-contract-v0.8,e1d6d08bf93f3ff400361ad947d95002dcf97cc68957c58c831e6a4fdb5c2953,0.8.0,1,0,G3_campaign,G3_campaign,m3star_graph_transition_xgboost_v0.1,0
C08-darpa-e5-clearscope-0515,discriminative,0.2,41,project05_m3star_h3_unshielded_dual,1,1.0,1,C08-AA-001,1.0,0.0,1,0,0,m3star_graph_action_value_xgboost_v0.3,m3star_graph_action_reachability_xgboost_v0.1,m3star_graph_action_value_xgboost_v0.3,9.0,0,1,1,0,development,0,0,0,1.0,G3_campaign,1.0,1,1,G2_tactic_intent,1,0,0,3,1,1,0,,8,0,1.0,C08-AA-001,0.0,0,1,project05-m3star-runtime-contract-v0.8,e1d6d08bf93f3ff400361ad947d95002dcf97cc68957c58c831e6a4fdb5c2953,0.8.0,1,1,G3_campaign,G3_campaign,m3star_graph_transition_xgboost_v0.1,0
C08-darpa-e5-clearscope-0515,discriminative,0.2,41,project05_m3star_h3_transition_only,1,1.0,1,C08-AA-001,1.0,0.0,1,0,0,none,none,none,9.0,0,1,1,0,development,0,0,0,1.0,G3_campaign,1.0,0,1,G2_tactic_intent,1,0,1,3,1,0,0,,8,1,1.0,C08-AA-001,0.0,0,1,project05-m3star-runtime-contract-v0.8,e1d6d08bf93f3ff400361ad947d95002dcf97cc68957c58c831e6a4fdb5c2953,0.8.0,1,1,G3_campaign,G3_campaign,m3star_graph_transition_xgboost_v0.1,0
C08-darpa-e5-clearscope-0515,discriminative,0.2,41,project05_m3star_h1_dual,1,1.0,1,C08-AA-001,1.0,0.0,1,0,0,m3star_graph_action_value_xgboost_v0.3,m3star_graph_action_reachability_xgboost_v0.1,m3star_graph_action_value_xgboost_v0.3,9.0,0,1,1,0,development,0,0,0,1.0,G3_campaign,1.0,1,1,G2_tactic_intent,1,0,1,1,1,1,0,,8,1,1.0,C08-AA-001,0.0,0,1,project05-m3star-runtime-contract-v0.8,e1d6d08bf93f3ff400361ad947d95002dcf97cc68957c58c831e6a4fdb5c2953,0.8.0,1,1,G3_campaign,G3_campaign,m3star_graph_transition_xgboost_v0.1,0
C08-darpa-e5-clearscope-0515,discriminative,0.2,41,project05_xgboost_policy,1,2.0,1,C08-AA-002,2.0,1.0,0,0,0,,,,9.0,0,1,1,,development,,0,0,1.0,G3_campaign,1.0,,1,G2_tactic_intent,1,0,,,,,,,,,1.0,C08-AA-001,0.0,,1,,,,1,,G3_campaign,G3_campaign,,0
C08-darpa-e5-clearscope-0515,discriminative,0.2,41,project05_m3b_policy,1,1.0,1,C08-AA-001,1.0,0.0,1,0,0,,,,9.0,0,1,1,,development,,0,0,1.0,G3_campaign,1.0,,1,G2_tactic_intent,1,0,,,,,,,,,1.0,C08-AA-001,0.0,,1,,,,1,,G3_campaign,G3_campaign,,0
C08-darpa-e5-clearscope-0515,discriminative,0.2,41,project05_m2,1,1.0,1,C08-AA-001,1.0,0.0,1,0,0,,,,9.0,0,1,1,,development,,0,0,1.0,G3_campaign,1.0,,1,G2_tactic_intent,1,0,,,,,,,,,1.0,C08-AA-001,0.0,,1,,,,1,,G3_campaign,G3_campaign,,0
C08-darpa-e5-clearscope-0515,discriminative,0.2,41,oracle_optimal,1,1.0,1,C08-AA-001,1.0,0.0,1,0,0,,,,9.0,0,1,1,,development,,0,0,1.0,G3_campaign,1.0,,1,G2_tactic_intent,1,0,,,,,,,,,1.0,C08-AA-001,0.0,,1,,,,1,,G3_campaign,G3_campaign,,0
C08-darpa-e5-clearscope-0515,discriminative,0.2,53,project05_m3star_h3_dual,1,3.0,2,C08-AA-001|C08-AA-002,3.0,1.0,0,0,0,m3star_graph_action_value_xgboost_v0.3,m3star_graph_action_reachability_xgboost_v0.1,m3star_graph_action_value_xgboost_v0.3,9.0,0,1,1,0,development,0,0,0,1.0,G3_campaign,1.0,1,1,G2_tactic_intent,1,0,1,3,1,1,1,,8,1,2.0,C08-AA-002,0.4444,1,1,project05-m3star-runtime-contract-v0.8,e1d6d08bf93f3ff400361ad947d95002dcf97cc68957c58c831e6a4fdb5c2953,0.8.0,2,1,G3_campaign,G3_campaign,m3star_graph_transition_xgboost_v0.1,1
C08-darpa-e5-clearscope-0515,discriminative,0.2,53,project05_m3star_h3_no_dominance_dual,1,3.0,2,C08-AA-001|C08-AA-002,3.0,1.0,0,0,0,m3star_graph_action_value_xgboost_v0.3,m3star_graph_action_reachability_xgboost_v0.1,m3star_graph_action_value_xgboost_v0.3,9.0,0,1,1,0,development,0,0,0,1.0,G3_campaign,1.0,1,1,G2_tactic_intent,1,0,1,3,0,1,0,,8,1,2.0,C08-AA-002,0.4444,0,1,project05-m3star-runtime-contract-v0.8,e1d6d08bf93f3ff400361ad947d95002dcf97cc68957c58c831e6a4fdb5c2953,0.8.0,2,0,G3_campaign,G3_campaign,m3star_graph_transition_xgboost_v0.1,1
C08-darpa-e5-clearscope-0515,discriminative,0.2,53,project05_m3star_h3_unshielded_dual,1,3.0,2,C08-AA-001|C08-AA-002,3.0,1.0,0,0,0,m3star_graph_action_value_xgboost_v0.3,m3star_graph_action_reachability_xgboost_v0.1,m3star_graph_action_value_xgboost_v0.3,9.0,0,1,1,0,development,0,0,0,1.0,G3_campaign,1.0,1,1,G2_tactic_intent,1,0,0,3,1,1,0,,8,0,2.0,C08-AA-002,0.4444,0,1,project05-m3star-runtime-contract-v0.8,e1d6d08bf93f3ff400361ad947d95002dcf97cc68957c58c831e6a4fdb5c2953,0.8.0,2,1,G3_campaign,G3_campaign,m3star_graph_transition_xgboost_v0.1,1
C08-darpa-e5-clearscope-0515,discriminative,0.2,53,project05_m3star_h3_transition_only,1,3.0,2,C08-AA-001|C08-AA-002,3.0,1.0,0,0,0,none,none,none,9.0,0,1,1,0,development,0,0,0,1.0,G3_campaign,1.0,0,1,G2_tactic_intent,1,0,1,3,1,0,0,,8,1,2.0,C08-AA-002,0.4444,0,1,project05-m3star-runtime-contract-v0.8,e1d6d08bf93f3ff400361ad947d95002dcf97cc68957c58c831e6a4fdb5c2953,0.8.0,2,1,G3_campaign,G3_campaign,m3star_graph_transition_xgboost_v0.1,1
C08-darpa-e5-clearscope-0515,discriminative,0.2,53,project05_m3star_h1_dual,1,3.0,2,C08-AA-001|C08-AA-002,3.0,1.0,0,0,0,m3star_graph_action_value_xgboost_v0.3,m3star_graph_action_reachability_xgboost_v0.1,m3star_graph_action_value_xgboost_v0.3,9.0,0,1,1,0,development,0,0,0,1.0,G3_campaign,1.0,1,1,G2_tactic_intent,1,0,1,1,1,1,0,,8,1,2.0,C08-AA-002,0.4444,0,1,project05-m3star-runtime-contract-v0.8,e1d6d08bf93f3ff400361ad947d95002dcf97cc68957c58c831e6a4fdb5c2953,0.8.0,2,1,G3_campaign,G3_campaign,m3star_graph_transition_xgboost_v0.1,1
C08-darpa-e5-clearscope-0515,discriminative,0.2,53,project05_xgboost_policy,1,2.0,1,C08-AA-002,2.0,0.0,1,0,0,,,,9.0,0,1,1,,development,,0,0,1.0,G3_campaign,1.0,,1,G2_tactic_intent,1,0,,,,,,,,,2.0,C08-AA-002,0.0,,1,,,,1,,G3_campaign,G3_campaign,,0
C08-darpa-e5-clearscope-0515,discriminative,0.2,53,project05_m3b_policy,1,3.0,2,C08-AA-001|C08-AA-002,3.0,1.0,0,0,0,,,,9.0,0,1,1,,development,,0,0,1.0,G3_campaign,1.0,,1,G2_tactic_intent,1,0,,,,,,,,,2.0,C08-AA-002,0.4444,,1,,,,2,,G3_campaign,G3_campaign,,1
C08-darpa-e5-clearscope-0515,discriminative,0.2,53,project05_m2,1,3.0,2,C08-AA-001|C08-AA-002,3.0,1.0,0,0,0,,,,9.0,0,1,1,,development,,0,0,1.0,G3_campaign,1.0,,1,G2_tactic_intent,1,0,,,,,,,,,2.0,C08-AA-002,0.4444,,1,,,,2,,G3_campaign,G3_campaign,,1
C08-darpa-e5-clearscope-0515,discriminative,0.2,53,oracle_optimal,1,2.0,1,C08-AA-002,2.0,0.0,1,0,0,,,,9.0,0,1,1,,development,,0,0,1.0,G3_campaign,1.0,,1,G2_tactic_intent,1,0,,,,,,,,,2.0,C08-AA-002,0.0,,1,,,,1,,G3_campaign,G3_campaign,,0
C08-darpa-e5-clearscope-0515,discriminative,0.4,11,project05_m3star_h3_dual,1,2.0,2,C08-AA-001|C08-AA-003,2.0,0.0,1,0,0,m3star_graph_action_value_xgboost_v0.3,m3star_graph_action_reachability_xgboost_v0.1,m3star_graph_action_value_xgboost_v0.3,9.0,0,1,1,0,development,0,0,0,1.0,G3_campaign,1.0,2,1,G1_technique,2,0,1,3,1,1,1,,8,1,2.0,C08-AA-001,0.0,1,2,project05-m3star-runtime-contract-v0.8,e1d6d08bf93f3ff400361ad947d95002dcf97cc68957c58c831e6a4fdb5c2953,0.8.0,2,1,G3_campaign,G3_campaign,m3star_graph_transition_xgboost_v0.1,0
C08-darpa-e5-clearscope-0515,discriminative,0.4,11,project05_m3star_h3_no_dominance_dual,1,2.0,2,C08-AA-001|C08-AA-003,2.0,0.0,1,0,0,m3star_graph_action_value_xgboost_v0.3,m3star_graph_action_reachability_xgboost_v0.1,m3star_graph_action_value_xgboost_v0.3,9.0,0,1,1,0,development,0,0,0,1.0,G3_campaign,1.0,2,1,G1_technique,2,0,1,3,0,1,0,,8,1,2.0,C08-AA-001,0.0,0,2,project05-m3star-runtime-contract-v0.8,e1d6d08bf93f3ff400361ad947d95002dcf97cc68957c58c831e6a4fdb5c2953,0.8.0,2,0,G3_campaign,G3_campaign,m3star_graph_transition_xgboost_v0.1,0
C08-darpa-e5-clearscope-0515,discriminative,0.4,11,project05_m3star_h3_unshielded_dual,1,6.0,4,C08-AA-002|C08-AA-001|C08-AA-004|C08-AA-003,6.0,4.0,0,0,0,m3star_graph_action_value_xgboost_v0.3,m3star_graph_action_reachability_xgboost_v0.1,m3star_graph_action_value_xgboost_v0.3,9.0,0,1,1,0,development,0,0,0,1.0,G3_campaign,1.0,1,1,G1_technique,2,0,0,3,1,1,0,,8,0,2.0,C08-AA-001,0.9167,0,2,project05-m3star-runtime-contract-v0.8,e1d6d08bf93f3ff400361ad947d95002dcf97cc68957c58c831e6a4fdb5c2953,0.8.0,4,1,G3_campaign,G3_campaign,m3star_graph_transition_xgboost_v0.1,2
C08-darpa-e5-clearscope-0515,discriminative,0.4,11,project05_m3star_h3_transition_only,1,2.0,2,C08-AA-001|C08-AA-003,2.0,0.0,1,0,0,none,none,none,9.0,0,1,1,0,development,0,0,0,1.0,G3_campaign,1.0,0,1,G1_technique,2,0,1,3,1,0,0,,8,1,2.0,C08-AA-001,0.0,0,2,project05-m3star-runtime-contract-v0.8,e1d6d08bf93f3ff400361ad947d95002dcf97cc68957c58c831e6a4fdb5c2953,0.8.0,2,1,G3_campaign,G3_campaign,m3star_graph_transition_xgboost_v0.1,0
C08-darpa-e5-clearscope-0515,discriminative,0.4,11,project05_m3star_h1_dual,1,2.0,2,C08-AA-001|C08-AA-003,2.0,0.0,1,0,0,m3star_graph_action_value_xgboost_v0.3,m3star_graph_action_reachability_xgboost_v0.1,m3star_graph_action_value_xgboost_v0.3,9.0,0,1,1,0,development,0,0,0,1.0,G3_campaign,1.0,2,1,G1_technique,2,0,1,1,1,1,0,,8,1,2.0,C08-AA-001,0.0,0,2,project05-m3star-runtime-contract-v0.8,e1d6d08bf93f3ff400361ad947d95002dcf97cc68957c58c831e6a4fdb5c2953,0.8.0,2,1,G3_campaign,G3_campaign,m3star_graph_transition_xgboost_v0.1,0
C08-darpa-e5-clearscope-0515,discriminative,0.4,11,project05_xgboost_policy,1,4.0,3,C08-AA-001|C08-AA-002|C08-AA-003,4.0,2.0,1,0,0,,,,9.0,0,1,1,,development,,0,0,1.0,G3_campaign,1.0,,1,G1_technique,2,0,,,,,,,,,2.0,C08-AA-001,0.5444,,2,,,,3,,G3_campaign,G3_campaign,,1
C08-darpa-e5-clearscope-0515,discriminative,0.4,11,project05_m3b_policy,1,2.0,2,C08-AA-001|C08-AA-003,2.0,0.0,1,0,0,,,,9.0,0,1,1,,development,,0,0,1.0,G3_campaign,1.0,,1,G1_technique,2,0,,,,,,,,,2.0,C08-AA-001,0.0,,2,,,,2,,G3_campaign,G3_campaign,,0
C08-darpa-e5-clearscope-0515,discriminative,0.4,11,project05_m2,1,2.0,2,C08-AA-001|C08-AA-003,2.0,0.0,1,0,0,,,,9.0,0,1,1,,development,,0,0,1.0,G3_campaign,1.0,,1,G1_technique,2,0,,,,,,,,,2.0,C08-AA-001,0.0,,2,,,,2,,G3_campaign,G3_campaign,,0
C08-darpa-e5-clearscope-0515,discriminative,0.4,11,oracle_optimal,1,2.0,2,C08-AA-001|C08-AA-003,2.0,0.0,1,0,0,,,,9.0,0,1,1,,development,,0,0,1.0,G3_campaign,1.0,,1,G1_technique,2,0,,,,,,,,,2.0,C08-AA-001,0.0,,2,,,,2,,G3_campaign,G3_campaign,,0
C08-darpa-e5-clearscope-0515,discriminative,0.4,23,project05_m3star_h3_dual,1,2.0,2,C08-AA-001|C08-AA-003,2.0,0.0,1,0,0,m3star_graph_action_value_xgboost_v0.3,m3star_graph_action_reachability_xgboost_v0.1,m3star_graph_action_value_xgboost_v0.3,9.0,0,1,1,0,development,0,0,0,1.0,G3_campaign,1.0,2,1,G1_technique,2,0,1,3,1,1,1,,8,1,2.0,C08-AA-001,0.0,1,2,project05-m3star-runtime-contract-v0.8,e1d6d08bf93f3ff400361ad947d95002dcf97cc68957c58c831e6a4fdb5c2953,0.8.0,2,1,G3_campaign,G3_campaign,m3star_graph_transition_xgboost_v0.1,0
C08-darpa-e5-clearscope-0515,discriminative,0.4,23,project05_m3star_h3_no_dominance_dual,1,2.0,2,C08-AA-001|C08-AA-003,2.0,0.0,1,0,0,m3star_graph_action_value_xgboost_v0.3,m3star_graph_action_reachability_xgboost_v0.1,m3star_graph_action_value_xgboost_v0.3,9.0,0,1,1,0,development,0,0,0,1.0,G3_campaign,1.0,2,1,G1_technique,2,0,1,3,0,1,0,,8,1,2.0,C08-AA-001,0.0,0,2,project05-m3star-runtime-contract-v0.8,e1d6d08bf93f3ff400361ad947d95002dcf97cc68957c58c831e6a4fdb5c2953,0.8.0,2,0,G3_campaign,G3_campaign,m3star_graph_transition_xgboost_v0.1,0
C08-darpa-e5-clearscope-0515,discriminative,0.4,23,project05_m3star_h3_unshielded_dual,1,6.0,4,C08-AA-002|C08-AA-001|C08-AA-004|C08-AA-003,6.0,4.0,0,0,0,m3star_graph_action_value_xgboost_v0.3,m3star_graph_action_reachability_xgboost_v0.1,m3star_graph_action_value_xgboost_v0.3,9.0,0,1,1,0,development,0,0,0,1.0,G3_campaign,1.0,1,1,G1_technique,2,0,0,3,1,1,0,,8,0,2.0,C08-AA-001,0.9167,0,2,project05-m3star-runtime-contract-v0.8,e1d6d08bf93f3ff400361ad947d95002dcf97cc68957c58c831e6a4fdb5c2953,0.8.0,4,1,G3_campaign,G3_campaign,m3star_graph_transition_xgboost_v0.1,2
C08-darpa-e5-clearscope-0515,discriminative,0.4,23,project05_m3star_h3_transition_only,1,2.0,2,C08-AA-001|C08-AA-003,2.0,0.0,1,0,0,none,none,none,9.0,0,1,1,0,development,0,0,0,1.0,G3_campaign,1.0,0,1,G1_technique,2,0,1,3,1,0,0,,8,1,2.0,C08-AA-001,0.0,0,2,project05-m3star-runtime-contract-v0.8,e1d6d08bf93f3ff400361ad947d95002dcf97cc68957c58c831e6a4fdb5c2953,0.8.0,2,1,G3_campaign,G3_campaign,m3star_graph_transition_xgboost_v0.1,0
C08-darpa-e5-clearscope-0515,discriminative,0.4,23,project05_m3star_h1_dual,1,2.0,2,C08-AA-001|C08-AA-003,2.0,0.0,1,0,0,m3star_graph_action_value_xgboost_v0.3,m3star_graph_action_reachability_xgboost_v0.1,m3star_graph_action_value_xgboost_v0.3,9.0,0,1,1,0,development,0,0,0,1.0,G3_campaign,1.0,2,1,G1_technique,2,0,1,1,1,1,0,,8,1,2.0,C08-AA-001,0.0,0,2,project05-m3star-runtime-contract-v0.8,e1d6d08bf93f3ff400361ad947d95002dcf97cc68957c58c831e6a4fdb5c2953,0.8.0,2,1,G3_campaign,G3_campaign,m3star_graph_transition_xgboost_v0.1,0
C08-darpa-e5-clearscope-0515,discriminative,0.4,23,project05_xgboost_policy,1,4.0,3,C08-AA-001|C08-AA-002|C08-AA-003,4.0,2.0,1,0,0,,,,9.0,0,1,1,,development,,0,0,1.0,G3_campaign,1.0,,1,G1_technique,2,0,,,,,,,,,2.0,C08-AA-001,0.5444,,2,,,,3,,G3_campaign,G3_campaign,,1
C08-darpa-e5-clearscope-0515,discriminative,0.4,23,project05_m3b_policy,1,2.0,2,C08-AA-001|C08-AA-003,2.0,0.0,1,0,0,,,,9.0,0,1,1,,development,,0,0,1.0,G3_campaign,1.0,,1,G1_technique,2,0,,,,,,,,,2.0,C08-AA-001,0.0,,2,,,,2,,G3_campaign,G3_campaign,,0
C08-darpa-e5-clearscope-0515,discriminative,0.4,23,project05_m2,1,2.0,2,C08-AA-001|C08-AA-003,2.0,0.0,1,0,0,,,,9.0,0,1,1,,development,,0,0,1.0,G3_campaign,1.0,,1,G1_technique,2,0,,,,,,,,,2.0,C08-AA-001,0.0,,2,,,,2,,G3_campaign,G3_campaign,,0
C08-darpa-e5-clearscope-0515,discriminative,0.4,23,oracle_optimal,1,2.0,2,C08-AA-001|C08-AA-003,2.0,0.0,1,0,0,,,,9.0,0,1,1,,development,,0,0,1.0,G3_campaign,1.0,,1,G1_technique,2,0,,,,,,,,,2.0,C08-AA-001,0.0,,2,,,,2,,G3_campaign,G3_campaign,,0
C08-darpa-e5-clearscope-0515,discriminative,0.4,37,project05_m3star_h3_dual,1,4.0,3,C08-AA-001|C08-AA-002|C08-AA-003,4.0,1.0,0,0,0,m3star_graph_action_value_xgboost_v0.3,m3star_graph_action_reachability_xgboost_v0.1,m3star_graph_action_value_xgboost_v0.3,9.0,0,1,1,0,development,0,0,0,1.0,G3_campaign,1.0,2,1,G1_technique,2,0,1,3,1,1,1,,8,1,3.0,C08-AA-002,0.5444,1,2,project05-m3star-runtime-contract-v0.8,e1d6d08bf93f3ff400361ad947d95002dcf97cc68957c58c831e6a4fdb5c2953,0.8.0,3,1,G3_campaign,G3_campaign,m3star_graph_transition_xgboost_v0.1,1
C08-darpa-e5-clearscope-0515,discriminative,0.4,37,project05_m3star_h3_no_dominance_dual,1,4.0,3,C08-AA-001|C08-AA-002|C08-AA-003,4.0,1.0,0,0,0,m3star_graph_action_value_xgboost_v0.3,m3star_graph_action_reachability_xgboost_v0.1,m3star_graph_action_value_xgboost_v0.3,9.0,0,1,1,0,development,0,0,0,1.0,G3_campaign,1.0,2,1,G1_technique,2,0,1,3,0,1,0,,8,1,3.0,C08-AA-002,0.5444,0,2,project05-m3star-runtime-contract-v0.8,e1d6d08bf93f3ff400361ad947d95002dcf97cc68957c58c831e6a4fdb5c2953,0.8.0,3,0,G3_campaign,G3_campaign,m3star_graph_transition_xgboost_v0.1,1
C08-darpa-e5-clearscope-0515,discriminative,0.4,37,project05_m3star_h3_unshielded_dual,1,6.0,4,C08-AA-002|C08-AA-001|C08-AA-004|C08-AA-003,6.0,3.0,1,0,0,m3star_graph_action_value_xgboost_v0.3,m3star_graph_action_reachability_xgboost_v0.1,m3star_graph_action_value_xgboost_v0.3,9.0,0,1,1,0,development,0,0,0,1.0,G3_campaign,1.0,1,1,G1_technique,2,0,0,3,1,1,0,,8,0,3.0,C08-AA-002,0.9167,0,2,project05-m3star-runtime-contract-v0.8,e1d6d08bf93f3ff400361ad947d95002dcf97cc68957c58c831e6a4fdb5c2953,0.8.0,4,1,G3_campaign,G3_campaign,m3star_graph_transition_xgboost_v0.1,2
C08-darpa-e5-clearscope-0515,discriminative,0.4,37,project05_m3star_h3_transition_only,1,4.0,3,C08-AA-001|C08-AA-002|C08-AA-003,4.0,1.0,0,0,0,none,none,none,9.0,0,1,1,0,development,0,0,0,1.0,G3_campaign,1.0,0,1,G1_technique,2,0,1,3,1,0,0,,8,1,3.0,C08-AA-002,0.5444,0,2,project05-m3star-runtime-contract-v0.8,e1d6d08bf93f3ff400361ad947d95002dcf97cc68957c58c831e6a4fdb5c2953,0.8.0,3,1,G3_campaign,G3_campaign,m3star_graph_transition_xgboost_v0.1,1
C08-darpa-e5-clearscope-0515,discriminative,0.4,37,project05_m3star_h1_dual,1,4.0,3,C08-AA-001|C08-AA-002|C08-AA-003,4.0,1.0,0,0,0,m3star_graph_action_value_xgboost_v0.3,m3star_graph_action_reachability_xgboost_v0.1,m3star_graph_action_value_xgboost_v0.3,9.0,0,1,1,0,development,0,0,0,1.0,G3_campaign,1.0,2,1,G1_technique,2,0,1,1,1,1,0,,8,1,3.0,C08-AA-002,0.5444,0,2,project05-m3star-runtime-contract-v0.8,e1d6d08bf93f3ff400361ad947d95002dcf97cc68957c58c831e6a4fdb5c2953,0.8.0,3,1,G3_campaign,G3_campaign,m3star_graph_transition_xgboost_v0.1,1
C08-darpa-e5-clearscope-0515,discriminative,0.4,37,project05_xgboost_policy,1,4.0,3,C08-AA-001|C08-AA-002|C08-AA-003,4.0,1.0,0,0,0,,,,9.0,0,1,1,,development,,0,0,1.0,G3_campaign,1.0,,1,G1_technique,2,0,,,,,,,,,3.0,C08-AA-002,0.5444,,2,,,,3,,G3_campaign,G3_campaign,,1
C08-darpa-e5-clearscope-0515,discriminative,0.4,37,project05_m3b_policy,1,4.0,3,C08-AA-001|C08-AA-002|C08-AA-003,4.0,1.0,0,0,0,,,,9.0,0,1,1,,development,,0,0,1.0,G3_campaign,1.0,,1,G1_technique,2,0,,,,,,,,,3.0,C08-AA-002,0.5444,,2,,,,3,,G3_campaign,G3_campaign,,1
C08-darpa-e5-clearscope-0515,discriminative,0.4,37,project05_m2,1,4.0,3,C08-AA-001|C08-AA-003|C08-AA-002,4.0,1.0,0,0,0,,,,9.0,0,1,1,,development,,0,0,1.0,G3_campaign,1.0,,1,G1_technique,2,0,,,,,,,,,3.0,C08-AA-002,0.4444,,2,,,,3,,G3_campaign,G3_campaign,,1
C08-darpa-e5-clearscope-0515,discriminative,0.4,37,oracle_optimal,1,3.0,2,C08-AA-002|C08-AA-003,3.0,0.0,1,0,0,,,,9.0,0,1,1,,development,,0,0,1.0,G3_campaign,1.0,,1,G1_technique,2,0,,,,,,,,,3.0,C08-AA-002,0.1,,2,,,,2,,G3_campaign,G3_campaign,,0
C08-darpa-e5-clearscope-0515,discriminative,0.4,41,project05_m3star_h3_dual,1,2.0,2,C08-AA-001|C08-AA-003,2.0,0.0,1,0,0,m3star_graph_action_value_xgboost_v0.3,m3star_graph_action_reachability_xgboost_v0.1,m3star_graph_action_value_xgboost_v0.3,9.0,0,1,1,0,development,0,0,0,1.0,G3_campaign,1.0,2,1,G1_technique,2,0,1,3,1,1,1,,8,1,2.0,C08-AA-001,0.0,1,2,project05-m3star-runtime-contract-v0.8,e1d6d08bf93f3ff400361ad947d95002dcf97cc68957c58c831e6a4fdb5c2953,0.8.0,2,1,G3_campaign,G3_campaign,m3star_graph_transition_xgboost_v0.1,0
C08-darpa-e5-clearscope-0515,discriminative,0.4,41,project05_m3star_h3_no_dominance_dual,1,2.0,2,C08-AA-001|C08-AA-003,2.0,0.0,1,0,0,m3star_graph_action_value_xgboost_v0.3,m3star_graph_action_reachability_xgboost_v0.1,m3star_graph_action_value_xgboost_v0.3,9.0,0,1,1,0,development,0,0,0,1.0,G3_campaign,1.0,2,1,G1_technique,2,0,1,3,0,1,0,,8,1,2.0,C08-AA-001,0.0,0,2,project05-m3star-runtime-contract-v0.8,e1d6d08bf93f3ff400361ad947d95002dcf97cc68957c58c831e6a4fdb5c2953,0.8.0,2,0,G3_campaign,G3_campaign,m3star_graph_transition_xgboost_v0.1,0
C08-darpa-e5-clearscope-0515,discriminative,0.4,41,project05_m3star_h3_unshielded_dual,1,6.0,4,C08-AA-002|C08-AA-001|C08-AA-004|C08-AA-003,6.0,4.0,0,0,0,m3star_graph_action_value_xgboost_v0.3,m3star_graph_action_reachability_xgboost_v0.1,m3star_graph_action_value_xgboost_v0.3,9.0,0,1,1,0,development,0,0,0,1.0,G3_campaign,1.0,1,1,G1_technique,2,0,0,3,1,1,0,,8,0,2.0,C08-AA-001,0.9167,0,2,project05-m3star-runtime-contract-v0.8,e1d6d08bf93f3ff400361ad947d95002dcf97cc68957c58c831e6a4fdb5c2953,0.8.0,4,1,G3_campaign,G3_campaign,m3star_graph_transition_xgboost_v0.1,2
C08-darpa-e5-clearscope-0515,discriminative,0.4,41,project05_m3star_h3_transition_only,1,2.0,2,C08-AA-001|C08-AA-003,2.0,0.0,1,0,0,none,none,none,9.0,0,1,1,0,development,0,0,0,1.0,G3_campaign,1.0,0,1,G1_technique,2,0,1,3,1,0,0,,8,1,2.0,C08-AA-001,0.0,0,2,project05-m3star-runtime-contract-v0.8,e1d6d08bf93f3ff400361ad947d95002dcf97cc68957c58c831e6a4fdb5c2953,0.8.0,2,1,G3_campaign,G3_campaign,m3star_graph_transition_xgboost_v0.1,0
C08-darpa-e5-clearscope-0515,discriminative,0.4,41,project05_m3star_h1_dual,1,2.0,2,C08-AA-001|C08-AA-003,2.0,0.0,1,0,0,m3star_graph_action_value_xgboost_v0.3,m3star_graph_action_reachability_xgboost_v0.1,m3star_graph_action_value_xgboost_v0.3,9.0,0,1,1,0,development,0,0,0,1.0,G3_campaign,1.0,2,1,G1_technique,2,0,1,1,1,1,0,,8,1,2.0,C08-AA-001,0.0,0,2,project05-m3star-runtime-contract-v0.8,e1d6d08bf93f3ff400361ad947d95002dcf97cc68957c58c831e6a4fdb5c2953,0.8.0,2,1,G3_campaign,G3_campaign,m3star_graph_transition_xgboost_v0.1,0
C08-darpa-e5-clearscope-0515,discriminative,0.4,41,project05_xgboost_policy,1,4.0,3,C08-AA-001|C08-AA-002|C08-AA-003,4.0,2.0,1,0,0,,,,9.0,0,1,1,,development,,0,0,1.0,G3_campaign,1.0,,1,G1_technique,2,0,,,,,,,,,2.0,C08-AA-001,0.5444,,2,,,,3,,G3_campaign,G3_campaign,,1
C08-darpa-e5-clearscope-0515,discriminative,0.4,41,project05_m3b_policy,1,2.0,2,C08-AA-001|C08-AA-003,2.0,0.0,1,0,0,,,,9.0,0,1,1,,development,,0,0,1.0,G3_campaign,1.0,,1,G1_technique,2,0,,,,,,,,,2.0,C08-AA-001,0.0,,2,,,,2,,G3_campaign,G3_campaign,,0
C08-darpa-e5-clearscope-0515,discriminative,0.4,41,project05_m2,1,2.0,2,C08-AA-001|C08-AA-003,2.0,0.0,1,0,0,,,,9.0,0,1,1,,development,,0,0,1.0,G3_campaign,1.0,,1,G1_technique,2,0,,,,,,,,,2.0,C08-AA-001,0.0,,2,,,,2,,G3_campaign,G3_campaign,,0
C08-darpa-e5-clearscope-0515,discriminative,0.4,41,oracle_optimal,1,2.0,2,C08-AA-001|C08-AA-003,2.0,0.0,1,0,0,,,,9.0,0,1,1,,development,,0,0,1.0,G3_campaign,1.0,,1,G1_technique,2,0,,,,,,,,,2.0,C08-AA-001,0.0,,2,,,,2,,G3_campaign,G3_campaign,,0
C08-darpa-e5-clearscope-0515,discriminative,0.4,53,project05_m3star_h3_dual,1,4.0,3,C08-AA-001|C08-AA-002|C08-AA-003,4.0,1.0,0,0,0,m3star_graph_action_value_xgboost_v0.3,m3star_graph_action_reachability_xgboost_v0.1,m3star_graph_action_value_xgboost_v0.3,9.0,0,1,1,0,development,0,0,0,1.0,G3_campaign,1.0,2,1,G1_technique,2,0,1,3,1,1,1,,8,1,3.0,C08-AA-002,0.5444,1,2,project05-m3star-runtime-contract-v0.8,e1d6d08bf93f3ff400361ad947d95002dcf97cc68957c58c831e6a4fdb5c2953,0.8.0,3,1,G3_campaign,G3_campaign,m3star_graph_transition_xgboost_v0.1,1
C08-darpa-e5-clearscope-0515,discriminative,0.4,53,project05_m3star_h3_no_dominance_dual,1,4.0,3,C08-AA-001|C08-AA-002|C08-AA-003,4.0,1.0,0,0,0,m3star_graph_action_value_xgboost_v0.3,m3star_graph_action_reachability_xgboost_v0.1,m3star_graph_action_value_xgboost_v0.3,9.0,0,1,1,0,development,0,0,0,1.0,G3_campaign,1.0,2,1,G1_technique,2,0,1,3,0,1,0,,8,1,3.0,C08-AA-002,0.5444,0,2,project05-m3star-runtime-contract-v0.8,e1d6d08bf93f3ff400361ad947d95002dcf97cc68957c58c831e6a4fdb5c2953,0.8.0,3,0,G3_campaign,G3_campaign,m3star_graph_transition_xgboost_v0.1,1
C08-darpa-e5-clearscope-0515,discriminative,0.4,53,project05_m3star_h3_unshielded_dual,1,6.0,4,C08-AA-002|C08-AA-001|C08-AA-004|C08-AA-003,6.0,3.0,1,0,0,m3star_graph_action_value_xgboost_v0.3,m3star_graph_action_reachability_xgboost_v0.1,m3star_graph_action_value_xgboost_v0.3,9.0,0,1,1,0,development,0,0,0,1.0,G3_campaign,1.0,1,1,G1_technique,2,0,0,3,1,1,0,,8,0,3.0,C08-AA-002,0.9167,0,2,project05-m3star-runtime-contract-v0.8,e1d6d08bf93f3ff400361ad947d95002dcf97cc68957c58c831e6a4fdb5c2953,0.8.0,4,1,G3_campaign,G3_campaign,m3star_graph_transition_xgboost_v0.1,2
C08-darpa-e5-clearscope-0515,discriminative,0.4,53,project05_m3star_h3_transition_only,1,4.0,3,C08-AA-001|C08-AA-002|C08-AA-003,4.0,1.0,0,0,0,none,none,none,9.0,0,1,1,0,development,0,0,0,1.0,G3_campaign,1.0,0,1,G1_technique,2,0,1,3,1,0,0,,8,1,3.0,C08-AA-002,0.5444,0,2,project05-m3star-runtime-contract-v0.8,e1d6d08bf93f3ff400361ad947d95002dcf97cc68957c58c831e6a4fdb5c2953,0.8.0,3,1,G3_campaign,G3_campaign,m3star_graph_transition_xgboost_v0.1,1
C08-darpa-e5-clearscope-0515,discriminative,0.4,53,project05_m3star_h1_dual,1,4.0,3,C08-AA-001|C08-AA-002|C08-AA-003,4.0,1.0,0,0,0,m3star_graph_action_value_xgboost_v0.3,m3star_graph_action_reachability_xgboost_v0.1,m3star_graph_action_value_xgboost_v0.3,9.0,0,1,1,0,development,0,0,0,1.0,G3_campaign,1.0,2,1,G1_technique,2,0,1,1,1,1,0,,8,1,3.0,C08-AA-002,0.5444,0,2,project05-m3star-runtime-contract-v0.8,e1d6d08bf93f3ff400361ad947d95002dcf97cc68957c58c831e6a4fdb5c2953,0.8.0,3,1,G3_campaign,G3_campaign,m3star_graph_transition_xgboost_v0.1,1
C08-darpa-e5-clearscope-0515,discriminative,0.4,53,project05_xgboost_policy,1,4.0,3,C08-AA-001|C08-AA-002|C08-AA-003,4.0,1.0,0,0,0,,,,9.0,0,1,1,,development,,0,0,1.0,G3_campaign,1.0,,1,G1_technique,2,0,,,,,,,,,3.0,C08-AA-002,0.5444,,2,,,,3,,G3_campaign,G3_campaign,,1
C08-darpa-e5-clearscope-0515,discriminative,0.4,53,project05_m3b_policy,1,4.0,3,C08-AA-001|C08-AA-002|C08-AA-003,4.0,1.0,0,0,0,,,,9.0,0,1,1,,development,,0,0,1.0,G3_campaign,1.0,,1,G1_technique,2,0,,,,,,,,,3.0,C08-AA-002,0.5444,,2,,,,3,,G3_campaign,G3_campaign,,1
C08-darpa-e5-clearscope-0515,discriminative,0.4,53,project05_m2,1,4.0,3,C08-AA-001|C08-AA-003|C08-AA-002,4.0,1.0,0,0,0,,,,9.0,0,1,1,,development,,0,0,1.0,G3_campaign,1.0,,1,G1_technique,2,0,,,,,,,,,3.0,C08-AA-002,0.4444,,2,,,,3,,G3_campaign,G3_campaign,,1
C08-darpa-e5-clearscope-0515,discriminative,0.4,53,oracle_optimal,1,3.0,2,C08-AA-002|C08-AA-003,3.0,0.0,1,0,0,,,,9.0,0,1,1,,development,,0,0,1.0,G3_campaign,1.0,,1,G1_technique,2,0,,,,,,,,,3.0,C08-AA-002,0.1,,2,,,,2,,G3_campaign,G3_campaign,,0
C08-darpa-e5-clearscope-0515,discriminative,0.6,11,project05_m3star_h3_dual,1,4.0,3,C08-AA-004|C08-AA-001|C08-AA-003,4.0,0.0,0,0,0,m3star_graph_action_value_xgboost_v0.3,m3star_graph_action_reachability_xgboost_v0.1,m3star_graph_action_value_xgboost_v0.3,9.0,0,1,1,0,development,1,0,0,1.0,G3_campaign,1.0,0,1,G0_unknown,3,0,1,3,1,1,1,,8,1,4.0,C08-AA-001,0.25,1,3,project05-m3star-runtime-contract-v0.8,e1d6d08bf93f3ff400361ad947d95002dcf97cc68957c58c831e6a4fdb5c2953,0.8.0,3,1,G3_campaign,G3_campaign,m3star_graph_transition_xgboost_v0.1,0
C08-darpa-e5-clearscope-0515,discriminative,0.6,11,project05_m3star_h3_no_dominance_dual,1,5.0,3,C08-AA-004|C08-AA-002|C08-AA-003,5.0,1.0,0,0,0,m3star_graph_action_value_xgboost_v0.3,m3star_graph_action_reachability_xgboost_v0.1,m3star_graph_action_value_xgboost_v0.3,9.0,0,1,1,0,development,0,0,0,1.0,G3_campaign,1.0,0,1,G0_unknown,3,0,1,3,0,1,0,,8,1,4.0,C08-AA-001,0.6944,0,3,project05-m3star-runtime-contract-v0.8,e1d6d08bf93f3ff400361ad947d95002dcf97cc68957c58c831e6a4fdb5c2953,0.8.0,3,0,G3_campaign,G3_campaign,m3star_graph_transition_xgboost_v0.1,0
C08-darpa-e5-clearscope-0515,discriminative,0.6,11,project05_m3star_h3_unshielded_dual,1,6.0,4,C08-AA-002|C08-AA-001|C08-AA-004|C08-AA-003,6.0,2.0,0,0,0,m3star_graph_action_value_xgboost_v0.3,m3star_graph_action_reachability_xgboost_v0.1,m3star_graph_action_value_xgboost_v0.3,9.0,0,1,1,0,development,0,0,0,1.0,G3_campaign,1.0,1,1,G0_unknown,3,0,0,3,1,1,0,,8,0,4.0,C08-AA-001,0.9167,0,3,project05-m3star-runtime-contract-v0.8,e1d6d08bf93f3ff400361ad947d95002dcf97cc68957c58c831e6a4fdb5c2953,0.8.0,4,1,G3_campaign,G3_campaign,m3star_graph_transition_xgboost_v0.1,1
C08-darpa-e5-clearscope-0515,discriminative,0.6,11,project05_m3star_h3_transition_only,1,4.0,3,C08-AA-003|C08-AA-004|C08-AA-001,4.0,0.0,0,0,0,none,none,none,9.0,0,1,1,0,development,0,0,0,1.0,G3_campaign,1.0,0,1,G0_unknown,3,0,1,3,1,0,0,,8,1,4.0,C08-AA-001,0.5,0,3,project05-m3star-runtime-contract-v0.8,e1d6d08bf93f3ff400361ad947d95002dcf97cc68957c58c831e6a4fdb5c2953,0.8.0,3,1,G3_campaign,G3_campaign,m3star_graph_transition_xgboost_v0.1,0
C08-darpa-e5-clearscope-0515,discriminative,0.6,11,project05_m3star_h1_dual,1,5.0,3,C08-AA-004|C08-AA-002|C08-AA-003,5.0,1.0,0,0,0,m3star_graph_action_value_xgboost_v0.3,m3star_graph_action_reachability_xgboost_v0.1,m3star_graph_action_value_xgboost_v0.3,9.0,0,1,1,0,development,0,0,0,1.0,G3_campaign,1.0,0,1,G0_unknown,3,0,1,1,1,1,0,,8,1,4.0,C08-AA-001,0.6944,0,3,project05-m3star-runtime-contract-v0.8,e1d6d08bf93f3ff400361ad947d95002dcf97cc68957c58c831e6a4fdb5c2953,0.8.0,3,1,G3_campaign,G3_campaign,m3star_graph_transition_xgboost_v0.1,0
C08-darpa-e5-clearscope-0515,discriminative,0.6,11,project05_xgboost_policy,1,5.0,3,C08-AA-003|C08-AA-004|C08-AA-002,5.0,1.0,0,0,0,,,,9.0,0,1,1,,development,,0,0,1.0,G3_campaign,1.0,,1,G0_unknown,3,0,,,,,,,,,4.0,C08-AA-001,0.9444,,3,,,,3,,G3_campaign,G3_campaign,,0
C08-darpa-e5-clearscope-0515,discriminative,0.6,11,project05_m3b_policy,1,4.0,3,C08-AA-001|C08-AA-003|C08-AA-004,4.0,0.0,1,0,0,,,,9.0,0,1,1,,development,,0,0,1.0,G3_campaign,1.0,,1,G0_unknown,3,0,,,,,,,,,4.0,C08-AA-001,0.5,,3,,,,3,,G3_campaign,G3_campaign,,0
C08-darpa-e5-clearscope-0515,discriminative,0.6,11,project05_m2,1,5.0,3,C08-AA-002|C08-AA-003|C08-AA-004,5.0,1.0,0,0,0,,,,9.0,0,1,1,,development,,0,0,1.0,G3_campaign,1.0,,1,G0_unknown,3,0,,,,,,,,,4.0,C08-AA-001,0.6,,3,,,,3,,G3_campaign,G3_campaign,,0
C08-darpa-e5-clearscope-0515,discriminative,0.6,11,oracle_optimal,1,4.0,3,C08-AA-001|C08-AA-003|C08-AA-004,4.0,0.0,1,0,0,,,,9.0,0,1,1,,development,,0,0,1.0,G3_campaign,1.0,,1,G0_unknown,3,0,,,,,,,,,4.0,C08-AA-001,0.5,,3,,,,3,,G3_campaign,G3_campaign,,0
C08-darpa-e5-clearscope-0515,discriminative,0.6,23,project05_m3star_h3_dual,1,4.0,3,C08-AA-004|C08-AA-001|C08-AA-003,4.0,0.0,0,0,0,m3star_graph_action_value_xgboost_v0.3,m3star_graph_action_reachability_xgboost_v0.1,m3star_graph_action_value_xgboost_v0.3,9.0,0,1,1,0,development,1,0,0,1.0,G3_campaign,1.0,0,1,G0_unknown,3,0,1,3,1,1,1,,8,1,4.0,C08-AA-001,0.25,1,3,project05-m3star-runtime-contract-v0.8,e1d6d08bf93f3ff400361ad947d95002dcf97cc68957c58c831e6a4fdb5c2953,0.8.0,3,1,G3_campaign,G3_campaign,m3star_graph_transition_xgboost_v0.1,0
C08-darpa-e5-clearscope-0515,discriminative,0.6,23,project05_m3star_h3_no_dominance_dual,1,5.0,3,C08-AA-004|C08-AA-002|C08-AA-003,5.0,1.0,0,0,0,m3star_graph_action_value_xgboost_v0.3,m3star_graph_action_reachability_xgboost_v0.1,m3star_graph_action_value_xgboost_v0.3,9.0,0,1,1,0,development,0,0,0,1.0,G3_campaign,1.0,0,1,G0_unknown,3,0,1,3,0,1,0,,8,1,4.0,C08-AA-001,0.6944,0,3,project05-m3star-runtime-contract-v0.8,e1d6d08bf93f3ff400361ad947d95002dcf97cc68957c58c831e6a4fdb5c2953,0.8.0,3,0,G3_campaign,G3_campaign,m3star_graph_transition_xgboost_v0.1,0
C08-darpa-e5-clearscope-0515,discriminative,0.6,23,project05_m3star_h3_unshielded_dual,1,6.0,4,C08-AA-002|C08-AA-001|C08-AA-004|C08-AA-003,6.0,2.0,0,0,0,m3star_graph_action_value_xgboost_v0.3,m3star_graph_action_reachability_xgboost_v0.1,m3star_graph_action_value_xgboost_v0.3,9.0,0,1,1,0,development,0,0,0,1.0,G3_campaign,1.0,1,1,G0_unknown,3,0,0,3,1,1,0,,8,0,4.0,C08-AA-001,0.9167,0,3,project05-m3star-runtime-contract-v0.8,e1d6d08bf93f3ff400361ad947d95002dcf97cc68957c58c831e6a4fdb5c2953,0.8.0,4,1,G3_campaign,G3_campaign,m3star_graph_transition_xgboost_v0.1,1
C08-darpa-e5-clearscope-0515,discriminative,0.6,23,project05_m3star_h3_transition_only,1,4.0,3,C08-AA-003|C08-AA-004|C08-AA-001,4.0,0.0,0,0,0,none,none,none,9.0,0,1,1,0,development,0,0,0,1.0,G3_campaign,1.0,0,1,G0_unknown,3,0,1,3,1,0,0,,8,1,4.0,C08-AA-001,0.5,0,3,project05-m3star-runtime-contract-v0.8,e1d6d08bf93f3ff400361ad947d95002dcf97cc68957c58c831e6a4fdb5c2953,0.8.0,3,1,G3_campaign,G3_campaign,m3star_graph_transition_xgboost_v0.1,0
C08-darpa-e5-clearscope-0515,discriminative,0.6,23,project05_m3star_h1_dual,1,5.0,3,C08-AA-004|C08-AA-002|C08-AA-003,5.0,1.0,0,0,0,m3star_graph_action_value_xgboost_v0.3,m3star_graph_action_reachability_xgboost_v0.1,m3star_graph_action_value_xgboost_v0.3,9.0,0,1,1,0,development,0,0,0,1.0,G3_campaign,1.0,0,1,G0_unknown,3,0,1,1,1,1,0,,8,1,4.0,C08-AA-001,0.6944,0,3,project05-m3star-runtime-contract-v0.8,e1d6d08bf93f3ff400361ad947d95002dcf97cc68957c58c831e6a4fdb5c2953,0.8.0,3,1,G3_campaign,G3_campaign,m3star_graph_transition_xgboost_v0.1,0
C08-darpa-e5-clearscope-0515,discriminative,0.6,23,project05_xgboost_policy,1,5.0,3,C08-AA-003|C08-AA-004|C08-AA-002,5.0,1.0,0,0,0,,,,9.0,0,1,1,,development,,0,0,1.0,G3_campaign,1.0,,1,G0_unknown,3,0,,,,,,,,,4.0,C08-AA-001,0.9444,,3,,,,3,,G3_campaign,G3_campaign,,0
C08-darpa-e5-clearscope-0515,discriminative,0.6,23,project05_m3b_policy,1,4.0,3,C08-AA-001|C08-AA-003|C08-AA-004,4.0,0.0,1,0,0,,,,9.0,0,1,1,,development,,0,0,1.0,G3_campaign,1.0,,1,G0_unknown,3,0,,,,,,,,,4.0,C08-AA-001,0.5,,3,,,,3,,G3_campaign,G3_campaign,,0
C08-darpa-e5-clearscope-0515,discriminative,0.6,23,project05_m2,1,5.0,3,C08-AA-002|C08-AA-003|C08-AA-004,5.0,1.0,0,0,0,,,,9.0,0,1,1,,development,,0,0,1.0,G3_campaign,1.0,,1,G0_unknown,3,0,,,,,,,,,4.0,C08-AA-001,0.6,,3,,,,3,,G3_campaign,G3_campaign,,0
C08-darpa-e5-clearscope-0515,discriminative,0.6,23,oracle_optimal,1,4.0,3,C08-AA-001|C08-AA-003|C08-AA-004,4.0,0.0,1,0,0,,,,9.0,0,1,1,,development,,0,0,1.0,G3_campaign,1.0,,1,G0_unknown,3,0,,,,,,,,,4.0,C08-AA-001,0.5,,3,,,,3,,G3_campaign,G3_campaign,,0
C08-darpa-e5-clearscope-0515,discriminative,0.6,37,project05_m3star_h3_dual,1,6.0,4,C08-AA-004|C08-AA-001|C08-AA-002|C08-AA-003,6.0,1.0,0,0,0,m3star_graph_action_value_xgboost_v0.3,m3star_graph_action_reachability_xgboost_v0.1,m3star_graph_action_value_xgboost_v0.3,9.0,0,1,1,0,development,1,0,0,1.0,G3_campaign,1.0,0,1,G0_unknown,3,0,1,3,1,1,1,,8,1,5.0,C08-AA-002,0.6944,1,3,project05-m3star-runtime-contract-v0.8,e1d6d08bf93f3ff400361ad947d95002dcf97cc68957c58c831e6a4fdb5c2953,0.8.0,4,1,G3_campaign,G3_campaign,m3star_graph_transition_xgboost_v0.1,1
C08-darpa-e5-clearscope-0515,discriminative,0.6,37,project05_m3star_h3_no_dominance_dual,1,5.0,3,C08-AA-004|C08-AA-002|C08-AA-003,5.0,0.0,0,0,0,m3star_graph_action_value_xgboost_v0.3,m3star_graph_action_reachability_xgboost_v0.1,m3star_graph_action_value_xgboost_v0.3,9.0,0,1,1,0,development,0,0,0,1.0,G3_campaign,1.0,0,1,G0_unknown,3,0,1,3,0,1,0,,8,1,5.0,C08-AA-002,0.6944,0,3,project05-m3star-runtime-contract-v0.8,e1d6d08bf93f3ff400361ad947d95002dcf97cc68957c58c831e6a4fdb5c2953,0.8.0,3,0,G3_campaign,G3_campaign,m3star_graph_transition_xgboost_v0.1,0
C08-darpa-e5-clearscope-0515,discriminative,0.6,37,project05_m3star_h3_unshielded_dual,1,6.0,4,C08-AA-002|C08-AA-001|C08-AA-004|C08-AA-003,6.0,1.0,1,0,0,m3star_graph_action_value_xgboost_v0.3,m3star_graph_action_reachability_xgboost_v0.1,m3star_graph_action_value_xgboost_v0.3,9.0,0,1,1,0,development,0,0,0,1.0,G3_campaign,1.0,1,1,G0_unknown,3,0,0,3,1,1,0,,8,0,5.0,C08-AA-002,0.9167,0,3,project05-m3star-runtime-contract-v0.8,e1d6d08bf93f3ff400361ad947d95002dcf97cc68957c58c831e6a4fdb5c2953,0.8.0,4,1,G3_campaign,G3_campaign,m3star_graph_transition_xgboost_v0.1,1
C08-darpa-e5-clearscope-0515,discriminative,0.6,37,project05_m3star_h3_transition_only,1,6.0,4,C08-AA-003|C08-AA-004|C08-AA-001|C08-AA-002,6.0,1.0,0,0,0,none,none,none,9.0,0,1,1,0,development,0,0,0,1.0,G3_campaign,1.0,0,1,G0_unknown,3,0,1,3,1,0,0,,8,1,5.0,C08-AA-002,0.9444,0,3,project05-m3star-runtime-contract-v0.8,e1d6d08bf93f3ff400361ad947d95002dcf97cc68957c58c831e6a4fdb5c2953,0.8.0,4,1,G3_campaign,G3_campaign,m3star_graph_transition_xgboost_v0.1,1
C08-darpa-e5-clearscope-0515,discriminative,0.6,37,project05_m3star_h1_dual,1,5.0,3,C08-AA-004|C08-AA-002|C08-AA-003,5.0,0.0,0,0,0,m3star_graph_action_value_xgboost_v0.3,m3star_graph_action_reachability_xgboost_v0.1,m3star_graph_action_value_xgboost_v0.3,9.0,0,1,1,0,development,0,0,0,1.0,G3_campaign,1.0,0,1,G0_unknown,3,0,1,1,1,1,0,,8,1,5.0,C08-AA-002,0.6944,0,3,project05-m3star-runtime-contract-v0.8,e1d6d08bf93f3ff400361ad947d95002dcf97cc68957c58c831e6a4fdb5c2953,0.8.0,3,1,G3_campaign,G3_campaign,m3star_graph_transition_xgboost_v0.1,0
C08-darpa-e5-clearscope-0515,discriminative,0.6,37,project05_xgboost_policy,1,5.0,3,C08-AA-003|C08-AA-004|C08-AA-002,5.0,0.0,0,0,0,,,,9.0,0,1,1,,development,,0,0,1.0,G3_campaign,1.0,,1,G0_unknown,3,0,,,,,,,,,5.0,C08-AA-002,0.9444,,3,,,,3,,G3_campaign,G3_campaign,,0
C08-darpa-e5-clearscope-0515,discriminative,0.6,37,project05_m3b_policy,1,6.0,4,C08-AA-001|C08-AA-003|C08-AA-004|C08-AA-002,6.0,1.0,0,0,0,,,,9.0,0,1,1,,development,,0,0,1.0,G3_campaign,1.0,,1,G0_unknown,3,0,,,,,,,,,5.0,C08-AA-002,0.9444,,3,,,,4,,G3_campaign,G3_campaign,,1
C08-darpa-e5-clearscope-0515,discriminative,0.6,37,project05_m2,1,5.0,3,C08-AA-002|C08-AA-003|C08-AA-004,5.0,0.0,1,0,0,,,,9.0,0,1,1,,development,,0,0,1.0,G3_campaign,1.0,,1,G0_unknown,3,0,,,,,,,,,5.0,C08-AA-002,0.6,,3,,,,3,,G3_campaign,G3_campaign,,0
C08-darpa-e5-clearscope-0515,discriminative,0.6,37,oracle_optimal,1,5.0,3,C08-AA-002|C08-AA-003|C08-AA-004,5.0,0.0,1,0,0,,,,9.0,0,1,1,,development,,0,0,1.0,G3_campaign,1.0,,1,G0_unknown,3,0,,,,,,,,,5.0,C08-AA-002,0.6,,3,,,,3,,G3_campaign,G3_campaign,,0
C08-darpa-e5-clearscope-0515,discriminative,0.6,41,project05_m3star_h3_dual,1,4.0,3,C08-AA-004|C08-AA-001|C08-AA-003,4.0,0.0,0,0,0,m3star_graph_action_value_xgboost_v0.3,m3star_graph_action_reachability_xgboost_v0.1,m3star_graph_action_value_xgboost_v0.3,9.0,0,1,1,0,development,1,0,0,1.0,G3_campaign,1.0,0,1,G0_unknown,3,0,1,3,1,1,1,,8,1,4.0,C08-AA-001,0.25,1,3,project05-m3star-runtime-contract-v0.8,e1d6d08bf93f3ff400361ad947d95002dcf97cc68957c58c831e6a4fdb5c2953,0.8.0,3,1,G3_campaign,G3_campaign,m3star_graph_transition_xgboost_v0.1,0
C08-darpa-e5-clearscope-0515,discriminative,0.6,41,project05_m3star_h3_no_dominance_dual,1,5.0,3,C08-AA-004|C08-AA-002|C08-AA-003,5.0,1.0,0,0,0,m3star_graph_action_value_xgboost_v0.3,m3star_graph_action_reachability_xgboost_v0.1,m3star_graph_action_value_xgboost_v0.3,9.0,0,1,1,0,development,0,0,0,1.0,G3_campaign,1.0,0,1,G0_unknown,3,0,1,3,0,1,0,,8,1,4.0,C08-AA-001,0.6944,0,3,project05-m3star-runtime-contract-v0.8,e1d6d08bf93f3ff400361ad947d95002dcf97cc68957c58c831e6a4fdb5c2953,0.8.0,3,0,G3_campaign,G3_campaign,m3star_graph_transition_xgboost_v0.1,0
C08-darpa-e5-clearscope-0515,discriminative,0.6,41,project05_m3star_h3_unshielded_dual,1,6.0,4,C08-AA-002|C08-AA-001|C08-AA-004|C08-AA-003,6.0,2.0,0,0,0,m3star_graph_action_value_xgboost_v0.3,m3star_graph_action_reachability_xgboost_v0.1,m3star_graph_action_value_xgboost_v0.3,9.0,0,1,1,0,development,0,0,0,1.0,G3_campaign,1.0,1,1,G0_unknown,3,0,0,3,1,1,0,,8,0,4.0,C08-AA-001,0.9167,0,3,project05-m3star-runtime-contract-v0.8,e1d6d08bf93f3ff400361ad947d95002dcf97cc68957c58c831e6a4fdb5c2953,0.8.0,4,1,G3_campaign,G3_campaign,m3star_graph_transition_xgboost_v0.1,1
C08-darpa-e5-clearscope-0515,discriminative,0.6,41,project05_m3star_h3_transition_only,1,4.0,3,C08-AA-003|C08-AA-004|C08-AA-001,4.0,0.0,0,0,0,none,none,none,9.0,0,1,1,0,development,0,0,0,1.0,G3_campaign,1.0,0,1,G0_unknown,3,0,1,3,1,0,0,,8,1,4.0,C08-AA-001,0.5,0,3,project05-m3star-runtime-contract-v0.8,e1d6d08bf93f3ff400361ad947d95002dcf97cc68957c58c831e6a4fdb5c2953,0.8.0,3,1,G3_campaign,G3_campaign,m3star_graph_transition_xgboost_v0.1,0
C08-darpa-e5-clearscope-0515,discriminative,0.6,41,project05_m3star_h1_dual,1,5.0,3,C08-AA-004|C08-AA-002|C08-AA-003,5.0,1.0,0,0,0,m3star_graph_action_value_xgboost_v0.3,m3star_graph_action_reachability_xgboost_v0.1,m3star_graph_action_value_xgboost_v0.3,9.0,0,1,1,0,development,0,0,0,1.0,G3_campaign,1.0,0,1,G0_unknown,3,0,1,1,1,1,0,,8,1,4.0,C08-AA-001,0.6944,0,3,project05-m3star-runtime-contract-v0.8,e1d6d08bf93f3ff400361ad947d95002dcf97cc68957c58c831e6a4fdb5c2953,0.8.0,3,1,G3_campaign,G3_campaign,m3star_graph_transition_xgboost_v0.1,0
C08-darpa-e5-clearscope-0515,discriminative,0.6,41,project05_xgboost_policy,1,5.0,3,C08-AA-003|C08-AA-004|C08-AA-002,5.0,1.0,0,0,0,,,,9.0,0,1,1,,development,,0,0,1.0,G3_campaign,1.0,,1,G0_unknown,3,0,,,,,,,,,4.0,C08-AA-001,0.9444,,3,,,,3,,G3_campaign,G3_campaign,,0
C08-darpa-e5-clearscope-0515,discriminative,0.6,41,project05_m3b_policy,1,4.0,3,C08-AA-001|C08-AA-003|C08-AA-004,4.0,0.0,1,0,0,,,,9.0,0,1,1,,development,,0,0,1.0,G3_campaign,1.0,,1,G0_unknown,3,0,,,,,,,,,4.0,C08-AA-001,0.5,,3,,,,3,,G3_campaign,G3_campaign,,0
C08-darpa-e5-clearscope-0515,discriminative,0.6,41,project05_m2,1,5.0,3,C08-AA-002|C08-AA-003|C08-AA-004,5.0,1.0,0,0,0,,,,9.0,0,1,1,,development,,0,0,1.0,G3_campaign,1.0,,1,G0_unknown,3,0,,,,,,,,,4.0,C08-AA-001,0.6,,3,,,,3,,G3_campaign,G3_campaign,,0
C08-darpa-e5-clearscope-0515,discriminative,0.6,41,oracle_optimal,1,4.0,3,C08-AA-001|C08-AA-003|C08-AA-004,4.0,0.0,1,0,0,,,,9.0,0,1,1,,development,,0,0,1.0,G3_campaign,1.0,,1,G0_unknown,3,0,,,,,,,,,4.0,C08-AA-001,0.5,,3,,,,3,,G3_campaign,G3_campaign,,0
C08-darpa-e5-clearscope-0515,discriminative,0.6,53,project05_m3star_h3_dual,1,6.0,4,C08-AA-004|C08-AA-001|C08-AA-002|C08-AA-003,6.0,1.0,0,0,0,m3star_graph_action_value_xgboost_v0.3,m3star_graph_action_reachability_xgboost_v0.1,m3star_graph_action_value_xgboost_v0.3,9.0,0,1,1,0,development,1,0,0,1.0,G3_campaign,1.0,0,1,G0_unknown,3,0,1,3,1,1,1,,8,1,5.0,C08-AA-002,0.6944,1,3,project05-m3star-runtime-contract-v0.8,e1d6d08bf93f3ff400361ad947d95002dcf97cc68957c58c831e6a4fdb5c2953,0.8.0,4,1,G3_campaign,G3_campaign,m3star_graph_transition_xgboost_v0.1,1
C08-darpa-e5-clearscope-0515,discriminative,0.6,53,project05_m3star_h3_no_dominance_dual,1,5.0,3,C08-AA-004|C08-AA-002|C08-AA-003,5.0,0.0,0,0,0,m3star_graph_action_value_xgboost_v0.3,m3star_graph_action_reachability_xgboost_v0.1,m3star_graph_action_value_xgboost_v0.3,9.0,0,1,1,0,development,0,0,0,1.0,G3_campaign,1.0,0,1,G0_unknown,3,0,1,3,0,1,0,,8,1,5.0,C08-AA-002,0.6944,0,3,project05-m3star-runtime-contract-v0.8,e1d6d08bf93f3ff400361ad947d95002dcf97cc68957c58c831e6a4fdb5c2953,0.8.0,3,0,G3_campaign,G3_campaign,m3star_graph_transition_xgboost_v0.1,0
C08-darpa-e5-clearscope-0515,discriminative,0.6,53,project05_m3star_h3_unshielded_dual,1,6.0,4,C08-AA-002|C08-AA-001|C08-AA-004|C08-AA-003,6.0,1.0,1,0,0,m3star_graph_action_value_xgboost_v0.3,m3star_graph_action_reachability_xgboost_v0.1,m3star_graph_action_value_xgboost_v0.3,9.0,0,1,1,0,development,0,0,0,1.0,G3_campaign,1.0,1,1,G0_unknown,3,0,0,3,1,1,0,,8,0,5.0,C08-AA-002,0.9167,0,3,project05-m3star-runtime-contract-v0.8,e1d6d08bf93f3ff400361ad947d95002dcf97cc68957c58c831e6a4fdb5c2953,0.8.0,4,1,G3_campaign,G3_campaign,m3star_graph_transition_xgboost_v0.1,1
C08-darpa-e5-clearscope-0515,discriminative,0.6,53,project05_m3star_h3_transition_only,1,6.0,4,C08-AA-003|C08-AA-004|C08-AA-001|C08-AA-002,6.0,1.0,0,0,0,none,none,none,9.0,0,1,1,0,development,0,0,0,1.0,G3_campaign,1.0,0,1,G0_unknown,3,0,1,3,1,0,0,,8,1,5.0,C08-AA-002,0.9444,0,3,project05-m3star-runtime-contract-v0.8,e1d6d08bf93f3ff400361ad947d95002dcf97cc68957c58c831e6a4fdb5c2953,0.8.0,4,1,G3_campaign,G3_campaign,m3star_graph_transition_xgboost_v0.1,1
C08-darpa-e5-clearscope-0515,discriminative,0.6,53,project05_m3star_h1_dual,1,5.0,3,C08-AA-004|C08-AA-002|C08-AA-003,5.0,0.0,0,0,0,m3star_graph_action_value_xgboost_v0.3,m3star_graph_action_reachability_xgboost_v0.1,m3star_graph_action_value_xgboost_v0.3,9.0,0,1,1,0,development,0,0,0,1.0,G3_campaign,1.0,0,1,G0_unknown,3,0,1,1,1,1,0,,8,1,5.0,C08-AA-002,0.6944,0,3,project05-m3star-runtime-contract-v0.8,e1d6d08bf93f3ff400361ad947d95002dcf97cc68957c58c831e6a4fdb5c2953,0.8.0,3,1,G3_campaign,G3_campaign,m3star_graph_transition_xgboost_v0.1,0
C08-darpa-e5-clearscope-0515,discriminative,0.6,53,project05_xgboost_policy,1,5.0,3,C08-AA-003|C08-AA-004|C08-AA-002,5.0,0.0,0,0,0,,,,9.0,0,1,1,,development,,0,0,1.0,G3_campaign,1.0,,1,G0_unknown,3,0,,,,,,,,,5.0,C08-AA-002,0.9444,,3,,,,3,,G3_campaign,G3_campaign,,0
C08-darpa-e5-clearscope-0515,discriminative,0.6,53,project05_m3b_policy,1,6.0,4,C08-AA-001|C08-AA-003|C08-AA-004|C08-AA-002,6.0,1.0,0,0,0,,,,9.0,0,1,1,,development,,0,0,1.0,G3_campaign,1.0,,1,G0_unknown,3,0,,,,,,,,,5.0,C08-AA-002,0.9444,,3,,,,4,,G3_campaign,G3_campaign,,1
C08-darpa-e5-clearscope-0515,discriminative,0.6,53,project05_m2,1,5.0,3,C08-AA-002|C08-AA-003|C08-AA-004,5.0,0.0,1,0,0,,,,9.0,0,1,1,,development,,0,0,1.0,G3_campaign,1.0,,1,G0_unknown,3,0,,,,,,,,,5.0,C08-AA-002,0.6,,3,,,,3,,G3_campaign,G3_campaign,,0
C08-darpa-e5-clearscope-0515,discriminative,0.6,53,oracle_optimal,1,5.0,3,C08-AA-002|C08-AA-003|C08-AA-004,5.0,0.0,1,0,0,,,,9.0,0,1,1,,development,,0,0,1.0,G3_campaign,1.0,,1,G0_unknown,3,0,,,,,,,,,5.0,C08-AA-002,0.6,,3,,,,3,,G3_campaign,G3_campaign,,0
C09-darpa-optc-sysclient0201-0923,random,0.2,11,project05_m3star_h3_dual,1,2.0,1,C09-AA-005,2.0,0.0,1,0,0,m3star_graph_action_value_xgboost_v0.3,m3star_graph_action_reachability_xgboost_v0.1,m3star_graph_action_value_xgboost_v0.3,11.0,0,1,1,0,development,0,0,0,1.0,G3_campaign,1.0,0,1,G2_tactic_intent,1,0,1,3,1,1,1,,8,1,2.0,C09-AA-005,0.0,1,1,project05-m3star-runtime-contract-v0.8,e1d6d08bf93f3ff400361ad947d95002dcf97cc68957c58c831e6a4fdb5c2953,0.8.0,1,1,G3_campaign,G3_campaign,m3star_graph_transition_xgboost_v0.1,0
C09-darpa-optc-sysclient0201-0923,random,0.2,11,project05_m3star_h3_no_dominance_dual,1,2.0,1,C09-AA-005,2.0,0.0,1,0,0,m3star_graph_action_value_xgboost_v0.3,m3star_graph_action_reachability_xgboost_v0.1,m3star_graph_action_value_xgboost_v0.3,11.0,0,1,1,0,development,0,0,0,1.0,G3_campaign,1.0,0,1,G2_tactic_intent,1,0,1,3,0,1,0,,8,1,2.0,C09-AA-005,0.0,0,1,project05-m3star-runtime-contract-v0.8,e1d6d08bf93f3ff400361ad947d95002dcf97cc68957c58c831e6a4fdb5c2953,0.8.0,1,0,G3_campaign,G3_campaign,m3star_graph_transition_xgboost_v0.1,0
C09-darpa-optc-sysclient0201-0923,random,0.2,11,project05_m3star_h3_unshielded_dual,1,6.0,4,C09-AA-001|C09-AA-003|C09-AA-004|C09-AA-005,6.0,4.0,0,0,0,m3star_graph_action_value_xgboost_v0.3,m3star_graph_action_reachability_xgboost_v0.1,m3star_graph_action_value_xgboost_v0.3,11.0,0,1,1,0,development,0,0,0,1.0,G3_campaign,1.0,0,1,G2_tactic_intent,1,0,0,3,1,1,0,,8,0,2.0,C09-AA-005,0.7222,0,1,project05-m3star-runtime-contract-v0.8,e1d6d08bf93f3ff400361ad947d95002dcf97cc68957c58c831e6a4fdb5c2953,0.8.0,4,1,G3_campaign,G3_campaign,m3star_graph_transition_xgboost_v0.1,3
C09-darpa-optc-sysclient0201-0923,random,0.2,11,project05_m3star_h3_transition_only,1,2.0,1,C09-AA-005,2.0,0.0,1,0,0,none,none,none,11.0,0,1,1,0,development,0,0,0,1.0,G3_campaign,1.0,0,1,G2_tactic_intent,1,0,1,3,1,0,0,,8,1,2.0,C09-AA-005,0.0,0,1,project05-m3star-runtime-contract-v0.8,e1d6d08bf93f3ff400361ad947d95002dcf97cc68957c58c831e6a4fdb5c2953,0.8.0,1,1,G3_campaign,G3_campaign,m3star_graph_transition_xgboost_v0.1,0
C09-darpa-optc-sysclient0201-0923,random,0.2,11,project05_m3star_h1_dual,1,2.0,1,C09-AA-005,2.0,0.0,1,0,0,m3star_graph_action_value_xgboost_v0.3,m3star_graph_action_reachability_xgboost_v0.1,m3star_graph_action_value_xgboost_v0.3,11.0,0,1,1,0,development,0,0,0,1.0,G3_campaign,1.0,0,1,G2_tactic_intent,1,0,1,1,1,1,0,,8,1,2.0,C09-AA-005,0.0,0,1,project05-m3star-runtime-contract-v0.8,e1d6d08bf93f3ff400361ad947d95002dcf97cc68957c58c831e6a4fdb5c2953,0.8.0,1,1,G3_campaign,G3_campaign,m3star_graph_transition_xgboost_v0.1,0
C09-darpa-optc-sysclient0201-0923,random,0.2,11,project05_xgboost_policy,1,2.0,1,C09-AA-005,2.0,0.0,1,0,0,,,,11.0,0,1,1,,development,,0,0,1.0,G3_campaign,1.0,,1,G2_tactic_intent,1,0,,,,,,,,,2.0,C09-AA-005,0.0,,1,,,,1,,G3_campaign,G3_campaign,,0
C09-darpa-optc-sysclient0201-0923,random,0.2,11,project05_m3b_policy,0,,,STOP,0.0,,0,1,0,,,,11.0,0,0,0,,development,,1,1,0.6667,G2_tactic_intent,0.75,,1,G2_tactic_intent,1,0,,,,,,,,,2.0,C09-AA-005,0.0,,0,,,,1,,G3_campaign,G3_campaign,,0
C09-darpa-optc-sysclient0201-0923,random,0.2,11,project05_m2,1,2.0,1,C09-AA-005,2.0,0.0,1,0,0,,,,11.0,0,1,1,,development,,0,0,1.0,G3_campaign,1.0,,1,G2_tactic_intent,1,0,,,,,,,,,2.0,C09-AA-005,0.0,,1,,,,1,,G3_campaign,G3_campaign,,0
C09-darpa-optc-sysclient0201-0923,random,0.2,11,oracle_optimal,1,2.0,1,C09-AA-005,2.0,0.0,1,0,0,,,,11.0,0,1,1,,development,,0,0,1.0,G3_campaign,1.0,,1,G2_tactic_intent,1,0,,,,,,,,,2.0,C09-AA-005,0.0,,1,,,,1,,G3_campaign,G3_campaign,,0
C09-darpa-optc-sysclient0201-0923,random,0.2,23,project05_m3star_h3_dual,1,2.0,1,C09-AA-004,2.0,0.0,1,0,0,m3star_graph_action_value_xgboost_v0.3,m3star_graph_action_reachability_xgboost_v0.1,m3star_graph_action_value_xgboost_v0.3,11.0,0,1,1,0,development,0,0,0,1.0,G3_campaign,1.0,2,1,G2_tactic_intent,1,0,1,3,1,1,1,,8,1,2.0,C09-AA-004,0.0,1,1,project05-m3star-runtime-contract-v0.8,e1d6d08bf93f3ff400361ad947d95002dcf97cc68957c58c831e6a4fdb5c2953,0.8.0,1,1,G3_campaign,G3_campaign,m3star_graph_transition_xgboost_v0.1,0
C09-darpa-optc-sysclient0201-0923,random,0.2,23,project05_m3star_h3_no_dominance_dual,1,2.0,1,C09-AA-004,2.0,0.0,1,0,0,m3star_graph_action_value_xgboost_v0.3,m3star_graph_action_reachability_xgboost_v0.1,m3star_graph_action_value_xgboost_v0.3,11.0,0,1,1,0,development,0,0,0,1.0,G3_campaign,1.0,2,1,G2_tactic_intent,1,0,1,3,0,1,0,,8,1,2.0,C09-AA-004,0.0,0,1,project05-m3star-runtime-contract-v0.8,e1d6d08bf93f3ff400361ad947d95002dcf97cc68957c58c831e6a4fdb5c2953,0.8.0,1,0,G3_campaign,G3_campaign,m3star_graph_transition_xgboost_v0.1,0
C09-darpa-optc-sysclient0201-0923,random,0.2,23,project05_m3star_h3_unshielded_dual,1,5.0,3,C09-AA-003|C09-AA-005|C09-AA-004,5.0,3.0,0,0,0,m3star_graph_action_value_xgboost_v0.3,m3star_graph_action_reachability_xgboost_v0.1,m3star_graph_action_value_xgboost_v0.3,11.0,0,1,1,0,development,0,0,0,1.0,G3_campaign,1.0,2,1,G2_tactic_intent,1,0,0,3,1,1,0,,8,0,2.0,C09-AA-004,0.7222,0,1,project05-m3star-runtime-contract-v0.8,e1d6d08bf93f3ff400361ad947d95002dcf97cc68957c58c831e6a4fdb5c2953,0.8.0,3,1,G3_campaign,G3_campaign,m3star_graph_transition_xgboost_v0.1,2
C09-darpa-optc-sysclient0201-0923,random,0.2,23,project05_m3star_h3_transition_only,1,2.0,1,C09-AA-004,2.0,0.0,1,0,0,none,none,none,11.0,0,1,1,0,development,0,0,0,1.0,G3_campaign,1.0,0,1,G2_tactic_intent,1,0,1,3,1,0,0,,8,1,2.0,C09-AA-004,0.0,0,1,project05-m3star-runtime-contract-v0.8,e1d6d08bf93f3ff400361ad947d95002dcf97cc68957c58c831e6a4fdb5c2953,0.8.0,1,1,G3_campaign,G3_campaign,m3star_graph_transition_xgboost_v0.1,0
C09-darpa-optc-sysclient0201-0923,random,0.2,23,project05_m3star_h1_dual,1,2.0,1,C09-AA-004,2.0,0.0,1,0,0,m3star_graph_action_value_xgboost_v0.3,m3star_graph_action_reachability_xgboost_v0.1,m3star_graph_action_value_xgboost_v0.3,11.0,0,1,1,0,development,0,0,0,1.0,G3_campaign,1.0,2,1,G2_tactic_intent,1,0,1,1,1,1,0,,8,1,2.0,C09-AA-004,0.0,0,1,project05-m3star-runtime-contract-v0.8,e1d6d08bf93f3ff400361ad947d95002dcf97cc68957c58c831e6a4fdb5c2953,0.8.0,1,1,G3_campaign,G3_campaign,m3star_graph_transition_xgboost_v0.1,0
C09-darpa-optc-sysclient0201-0923,random,0.2,23,project05_xgboost_policy,1,5.0,3,C09-AA-003|C09-AA-005|C09-AA-004,5.0,3.0,0,0,0,,,,11.0,0,1,1,,development,,0,0,1.0,G3_campaign,1.0,,1,G2_tactic_intent,1,0,,,,,,,,,2.0,C09-AA-004,0.7222,,1,,,,3,,G3_campaign,G3_campaign,,2
C09-darpa-optc-sysclient0201-0923,random,0.2,23,project05_m3b_policy,1,5.0,3,C09-AA-003|C09-AA-005|C09-AA-004,5.0,3.0,0,0,0,,,,11.0,0,1,1,,development,,0,0,1.0,G3_campaign,1.0,,1,G2_tactic_intent,1,0,,,,,,,,,2.0,C09-AA-004,0.7222,,1,,,,3,,G3_campaign,G3_campaign,,2
C09-darpa-optc-sysclient0201-0923,random,0.2,23,project05_m2,1,2.0,1,C09-AA-004,2.0,0.0,1,0,0,,,,11.0,0,1,1,,development,,0,0,1.0,G3_campaign,1.0,,1,G2_tactic_intent,1,0,,,,,,,,,2.0,C09-AA-004,0.0,,1,,,,1,,G3_campaign,G3_campaign,,0
C09-darpa-optc-sysclient0201-0923,random,0.2,23,oracle_optimal,1,2.0,1,C09-AA-004,2.0,0.0,1,0,0,,,,11.0,0,1,1,,development,,0,0,1.0,G3_campaign,1.0,,1,G2_tactic_intent,1,0,,,,,,,,,2.0,C09-AA-004,0.0,,1,,,,1,,G3_campaign,G3_campaign,,0
C09-darpa-optc-sysclient0201-0923,random,0.2,37,project05_m3star_h3_dual,1,0.0,0,,0.0,0.0,0,0,0,m3star_graph_action_value_xgboost_v0.3,m3star_graph_action_reachability_xgboost_v0.1,m3star_graph_action_value_xgboost_v0.3,11.0,0,1,1,0,development,0,0,0,1.0,G3_campaign,1.0,0,0,G3_campaign,1,0,1,3,1,1,1,,8,1,0.0,,0.0,1,0,project05-m3star-runtime-contract-v0.8,e1d6d08bf93f3ff400361ad947d95002dcf97cc68957c58c831e6a4fdb5c2953,0.8.0,0,1,G3_campaign,G3_campaign,m3star_graph_transition_xgboost_v0.1,0
C09-darpa-optc-sysclient0201-0923,random,0.2,37,project05_m3star_h3_no_dominance_dual,1,0.0,0,,0.0,0.0,0,0,0,m3star_graph_action_value_xgboost_v0.3,m3star_graph_action_reachability_xgboost_v0.1,m3star_graph_action_value_xgboost_v0.3,11.0,0,1,1,0,development,0,0,0,1.0,G3_campaign,1.0,0,0,G3_campaign,1,0,1,3,0,1,0,,8,1,0.0,,0.0,0,0,project05-m3star-runtime-contract-v0.8,e1d6d08bf93f3ff400361ad947d95002dcf97cc68957c58c831e6a4fdb5c2953,0.8.0,0,0,G3_campaign,G3_campaign,m3star_graph_transition_xgboost_v0.1,0
C09-darpa-optc-sysclient0201-0923,random,0.2,37,project05_m3star_h3_unshielded_dual,1,0.0,0,,0.0,0.0,0,0,0,m3star_graph_action_value_xgboost_v0.3,m3star_graph_action_reachability_xgboost_v0.1,m3star_graph_action_value_xgboost_v0.3,11.0,0,1,1,0,development,0,0,0,1.0,G3_campaign,1.0,0,0,G3_campaign,1,0,0,3,1,1,0,,8,0,0.0,,0.0,0,0,project05-m3star-runtime-contract-v0.8,e1d6d08bf93f3ff400361ad947d95002dcf97cc68957c58c831e6a4fdb5c2953,0.8.0,0,1,G3_campaign,G3_campaign,m3star_graph_transition_xgboost_v0.1,0
C09-darpa-optc-sysclient0201-0923,random,0.2,37,project05_m3star_h3_transition_only,1,0.0,0,,0.0,0.0,0,0,0,none,none,none,11.0,0,1,1,0,development,0,0,0,1.0,G3_campaign,1.0,0,0,G3_campaign,1,0,1,3,1,0,0,,8,1,0.0,,0.0,0,0,project05-m3star-runtime-contract-v0.8,e1d6d08bf93f3ff400361ad947d95002dcf97cc68957c58c831e6a4fdb5c2953,0.8.0,0,1,G3_campaign,G3_campaign,m3star_graph_transition_xgboost_v0.1,0
C09-darpa-optc-sysclient0201-0923,random,0.2,37,project05_m3star_h1_dual,1,0.0,0,,0.0,0.0,0,0,0,m3star_graph_action_value_xgboost_v0.3,m3star_graph_action_reachability_xgboost_v0.1,m3star_graph_action_value_xgboost_v0.3,11.0,0,1,1,0,development,0,0,0,1.0,G3_campaign,1.0,0,0,G3_campaign,1,0,1,1,1,1,0,,8,1,0.0,,0.0,0,0,project05-m3star-runtime-contract-v0.8,e1d6d08bf93f3ff400361ad947d95002dcf97cc68957c58c831e6a4fdb5c2953,0.8.0,0,1,G3_campaign,G3_campaign,m3star_graph_transition_xgboost_v0.1,0
C09-darpa-optc-sysclient0201-0923,random,0.2,37,project05_xgboost_policy,1,0.0,0,,0.0,0.0,0,0,0,,,,11.0,0,1,1,,development,,0,0,1.0,G3_campaign,1.0,,0,G3_campaign,1,0,,,,,,,,,0.0,,0.0,,0,,,,0,,G3_campaign,G3_campaign,,0
C09-darpa-optc-sysclient0201-0923,random,0.2,37,project05_m3b_policy,1,0.0,0,,0.0,0.0,0,0,0,,,,11.0,0,1,1,,development,,0,0,1.0,G3_campaign,1.0,,0,G3_campaign,1,0,,,,,,,,,0.0,,0.0,,0,,,,0,,G3_campaign,G3_campaign,,0
C09-darpa-optc-sysclient0201-0923,random,0.2,37,project05_m2,1,0.0,0,,0.0,0.0,0,0,0,,,,11.0,0,1,1,,development,,0,0,1.0,G3_campaign,1.0,,0,G3_campaign,1,0,,,,,,,,,0.0,,0.0,,0,,,,0,,G3_campaign,G3_campaign,,0
C09-darpa-optc-sysclient0201-0923,random,0.2,37,oracle_optimal,1,0.0,0,,0.0,0.0,0,0,0,,,,11.0,0,1,1,,development,,0,0,1.0,G3_campaign,1.0,,0,G3_campaign,1,0,,,,,,,,,0.0,,0.0,,0,,,,0,,G3_campaign,G3_campaign,,0
C09-darpa-optc-sysclient0201-0923,random,0.2,41,project05_m3star_h3_dual,1,2.0,1,C09-AA-005,2.0,0.0,1,0,0,m3star_graph_action_value_xgboost_v0.3,m3star_graph_action_reachability_xgboost_v0.1,m3star_graph_action_value_xgboost_v0.3,11.0,0,1,1,0,development,0,0,0,1.0,G3_campaign,1.0,0,1,G2_tactic_intent,1,0,1,3,1,1,1,,8,1,2.0,C09-AA-005,0.0,1,1,project05-m3star-runtime-contract-v0.8,e1d6d08bf93f3ff400361ad947d95002dcf97cc68957c58c831e6a4fdb5c2953,0.8.0,1,1,G3_campaign,G3_campaign,m3star_graph_transition_xgboost_v0.1,0
C09-darpa-optc-sysclient0201-0923,random,0.2,41,project05_m3star_h3_no_dominance_dual,1,2.0,1,C09-AA-005,2.0,0.0,1,0,0,m3star_graph_action_value_xgboost_v0.3,m3star_graph_action_reachability_xgboost_v0.1,m3star_graph_action_value_xgboost_v0.3,11.0,0,1,1,0,development,0,0,0,1.0,G3_campaign,1.0,0,1,G2_tactic_intent,1,0,1,3,0,1,0,,8,1,2.0,C09-AA-005,0.0,0,1,project05-m3star-runtime-contract-v0.8,e1d6d08bf93f3ff400361ad947d95002dcf97cc68957c58c831e6a4fdb5c2953,0.8.0,1,0,G3_campaign,G3_campaign,m3star_graph_transition_xgboost_v0.1,0
C09-darpa-optc-sysclient0201-0923,random,0.2,41,project05_m3star_h3_unshielded_dual,1,6.0,4,C09-AA-001|C09-AA-003|C09-AA-004|C09-AA-005,6.0,4.0,0,0,0,m3star_graph_action_value_xgboost_v0.3,m3star_graph_action_reachability_xgboost_v0.1,m3star_graph_action_value_xgboost_v0.3,11.0,0,1,1,0,development,0,0,0,1.0,G3_campaign,1.0,0,1,G2_tactic_intent,1,0,0,3,1,1,0,,8,0,2.0,C09-AA-005,0.7222,0,1,project05-m3star-runtime-contract-v0.8,e1d6d08bf93f3ff400361ad947d95002dcf97cc68957c58c831e6a4fdb5c2953,0.8.0,4,1,G3_campaign,G3_campaign,m3star_graph_transition_xgboost_v0.1,3
C09-darpa-optc-sysclient0201-0923,random,0.2,41,project05_m3star_h3_transition_only,1,2.0,1,C09-AA-005,2.0,0.0,1,0,0,none,none,none,11.0,0,1,1,0,development,0,0,0,1.0,G3_campaign,1.0,0,1,G2_tactic_intent,1,0,1,3,1,0,0,,8,1,2.0,C09-AA-005,0.0,0,1,project05-m3star-runtime-contract-v0.8,e1d6d08bf93f3ff400361ad947d95002dcf97cc68957c58c831e6a4fdb5c2953,0.8.0,1,1,G3_campaign,G3_campaign,m3star_graph_transition_xgboost_v0.1,0
C09-darpa-optc-sysclient0201-0923,random,0.2,41,project05_m3star_h1_dual,1,2.0,1,C09-AA-005,2.0,0.0,1,0,0,m3star_graph_action_value_xgboost_v0.3,m3star_graph_action_reachability_xgboost_v0.1,m3star_graph_action_value_xgboost_v0.3,11.0,0,1,1,0,development,0,0,0,1.0,G3_campaign,1.0,0,1,G2_tactic_intent,1,0,1,1,1,1,0,,8,1,2.0,C09-AA-005,0.0,0,1,project05-m3star-runtime-contract-v0.8,e1d6d08bf93f3ff400361ad947d95002dcf97cc68957c58c831e6a4fdb5c2953,0.8.0,1,1,G3_campaign,G3_campaign,m3star_graph_transition_xgboost_v0.1,0
C09-darpa-optc-sysclient0201-0923,random,0.2,41,project05_xgboost_policy,1,2.0,1,C09-AA-005,2.0,0.0,1,0,0,,,,11.0,0,1,1,,development,,0,0,1.0,G3_campaign,1.0,,1,G2_tactic_intent,1,0,,,,,,,,,2.0,C09-AA-005,0.0,,1,,,,1,,G3_campaign,G3_campaign,,0
C09-darpa-optc-sysclient0201-0923,random,0.2,41,project05_m3b_policy,0,,,STOP,0.0,,0,1,0,,,,11.0,0,0,0,,development,,1,1,0.6667,G2_tactic_intent,0.75,,1,G2_tactic_intent,1,0,,,,,,,,,2.0,C09-AA-005,0.0,,0,,,,1,,G3_campaign,G3_campaign,,0
C09-darpa-optc-sysclient0201-0923,random,0.2,41,project05_m2,1,2.0,1,C09-AA-005,2.0,0.0,1,0,0,,,,11.0,0,1,1,,development,,0,0,1.0,G3_campaign,1.0,,1,G2_tactic_intent,1,0,,,,,,,,,2.0,C09-AA-005,0.0,,1,,,,1,,G3_campaign,G3_campaign,,0
C09-darpa-optc-sysclient0201-0923,random,0.2,41,oracle_optimal,1,2.0,1,C09-AA-005,2.0,0.0,1,0,0,,,,11.0,0,1,1,,development,,0,0,1.0,G3_campaign,1.0,,1,G2_tactic_intent,1,0,,,,,,,,,2.0,C09-AA-005,0.0,,1,,,,1,,G3_campaign,G3_campaign,,0
C09-darpa-optc-sysclient0201-0923,random,0.2,53,project05_m3star_h3_dual,1,0.0,0,,0.0,0.0,0,0,0,m3star_graph_action_value_xgboost_v0.3,m3star_graph_action_reachability_xgboost_v0.1,m3star_graph_action_value_xgboost_v0.3,11.0,0,1,1,0,development,0,0,0,1.0,G3_campaign,1.0,0,0,G3_campaign,1,0,1,3,1,1,1,,8,1,0.0,,0.0,1,0,project05-m3star-runtime-contract-v0.8,e1d6d08bf93f3ff400361ad947d95002dcf97cc68957c58c831e6a4fdb5c2953,0.8.0,0,1,G3_campaign,G3_campaign,m3star_graph_transition_xgboost_v0.1,0
C09-darpa-optc-sysclient0201-0923,random,0.2,53,project05_m3star_h3_no_dominance_dual,1,0.0,0,,0.0,0.0,0,0,0,m3star_graph_action_value_xgboost_v0.3,m3star_graph_action_reachability_xgboost_v0.1,m3star_graph_action_value_xgboost_v0.3,11.0,0,1,1,0,development,0,0,0,1.0,G3_campaign,1.0,0,0,G3_campaign,1,0,1,3,0,1,0,,8,1,0.0,,0.0,0,0,project05-m3star-runtime-contract-v0.8,e1d6d08bf93f3ff400361ad947d95002dcf97cc68957c58c831e6a4fdb5c2953,0.8.0,0,0,G3_campaign,G3_campaign,m3star_graph_transition_xgboost_v0.1,0
C09-darpa-optc-sysclient0201-0923,random,0.2,53,project05_m3star_h3_unshielded_dual,1,0.0,0,,0.0,0.0,0,0,0,m3star_graph_action_value_xgboost_v0.3,m3star_graph_action_reachability_xgboost_v0.1,m3star_graph_action_value_xgboost_v0.3,11.0,0,1,1,0,development,0,0,0,1.0,G3_campaign,1.0,0,0,G3_campaign,1,0,0,3,1,1,0,,8,0,0.0,,0.0,0,0,project05-m3star-runtime-contract-v0.8,e1d6d08bf93f3ff400361ad947d95002dcf97cc68957c58c831e6a4fdb5c2953,0.8.0,0,1,G3_campaign,G3_campaign,m3star_graph_transition_xgboost_v0.1,0
C09-darpa-optc-sysclient0201-0923,random,0.2,53,project05_m3star_h3_transition_only,1,0.0,0,,0.0,0.0,0,0,0,none,none,none,11.0,0,1,1,0,development,0,0,0,1.0,G3_campaign,1.0,0,0,G3_campaign,1,0,1,3,1,0,0,,8,1,0.0,,0.0,0,0,project05-m3star-runtime-contract-v0.8,e1d6d08bf93f3ff400361ad947d95002dcf97cc68957c58c831e6a4fdb5c2953,0.8.0,0,1,G3_campaign,G3_campaign,m3star_graph_transition_xgboost_v0.1,0
C09-darpa-optc-sysclient0201-0923,random,0.2,53,project05_m3star_h1_dual,1,0.0,0,,0.0,0.0,0,0,0,m3star_graph_action_value_xgboost_v0.3,m3star_graph_action_reachability_xgboost_v0.1,m3star_graph_action_value_xgboost_v0.3,11.0,0,1,1,0,development,0,0,0,1.0,G3_campaign,1.0,0,0,G3_campaign,1,0,1,1,1,1,0,,8,1,0.0,,0.0,0,0,project05-m3star-runtime-contract-v0.8,e1d6d08bf93f3ff400361ad947d95002dcf97cc68957c58c831e6a4fdb5c2953,0.8.0,0,1,G3_campaign,G3_campaign,m3star_graph_transition_xgboost_v0.1,0
C09-darpa-optc-sysclient0201-0923,random,0.2,53,project05_xgboost_policy,1,0.0,0,,0.0,0.0,0,0,0,,,,11.0,0,1,1,,development,,0,0,1.0,G3_campaign,1.0,,0,G3_campaign,1,0,,,,,,,,,0.0,,0.0,,0,,,,0,,G3_campaign,G3_campaign,,0
C09-darpa-optc-sysclient0201-0923,random,0.2,53,project05_m3b_policy,1,0.0,0,,0.0,0.0,0,0,0,,,,11.0,0,1,1,,development,,0,0,1.0,G3_campaign,1.0,,0,G3_campaign,1,0,,,,,,,,,0.0,,0.0,,0,,,,0,,G3_campaign,G3_campaign,,0
C09-darpa-optc-sysclient0201-0923,random,0.2,53,project05_m2,1,0.0,0,,0.0,0.0,0,0,0,,,,11.0,0,1,1,,development,,0,0,1.0,G3_campaign,1.0,,0,G3_campaign,1,0,,,,,,,,,0.0,,0.0,,0,,,,0,,G3_campaign,G3_campaign,,0
C09-darpa-optc-sysclient0201-0923,random,0.2,53,oracle_optimal,1,0.0,0,,0.0,0.0,0,0,0,,,,11.0,0,1,1,,development,,0,0,1.0,G3_campaign,1.0,,0,G3_campaign,1,0,,,,,,,,,0.0,,0.0,,0,,,,0,,G3_campaign,G3_campaign,,0
C09-darpa-optc-sysclient0201-0923,random,0.4,11,project05_m3star_h3_dual,1,2.0,1,C09-AA-005,2.0,0.0,1,0,0,m3star_graph_action_value_xgboost_v0.3,m3star_graph_action_reachability_xgboost_v0.1,m3star_graph_action_value_xgboost_v0.3,11.0,0,1,1,0,development,0,0,0,1.0,G3_campaign,1.0,0,1,G2_tactic_intent,2,0,1,3,1,1,1,,8,1,2.0,C09-AA-005,0.0,1,1,project05-m3star-runtime-contract-v0.8,e1d6d08bf93f3ff400361ad947d95002dcf97cc68957c58c831e6a4fdb5c2953,0.8.0,1,1,G3_campaign,G3_campaign,m3star_graph_transition_xgboost_v0.1,0
C09-darpa-optc-sysclient0201-0923,random,0.4,11,project05_m3star_h3_no_dominance_dual,1,2.0,1,C09-AA-005,2.0,0.0,1,0,0,m3star_graph_action_value_xgboost_v0.3,m3star_graph_action_reachability_xgboost_v0.1,m3star_graph_action_value_xgboost_v0.3,11.0,0,1,1,0,development,0,0,0,1.0,G3_campaign,1.0,0,1,G2_tactic_intent,2,0,1,3,0,1,0,,8,1,2.0,C09-AA-005,0.0,0,1,project05-m3star-runtime-contract-v0.8,e1d6d08bf93f3ff400361ad947d95002dcf97cc68957c58c831e6a4fdb5c2953,0.8.0,1,0,G3_campaign,G3_campaign,m3star_graph_transition_xgboost_v0.1,0
C09-darpa-optc-sysclient0201-0923,random,0.4,11,project05_m3star_h3_unshielded_dual,1,6.0,4,C09-AA-001|C09-AA-003|C09-AA-004|C09-AA-005,6.0,4.0,0,0,0,m3star_graph_action_value_xgboost_v0.3,m3star_graph_action_reachability_xgboost_v0.1,m3star_graph_action_value_xgboost_v0.3,11.0,0,1,1,0,development,0,0,0,1.0,G3_campaign,1.0,0,1,G2_tactic_intent,2,0,0,3,1,1,0,,8,0,2.0,C09-AA-005,0.7222,0,1,project05-m3star-runtime-contract-v0.8,e1d6d08bf93f3ff400361ad947d95002dcf97cc68957c58c831e6a4fdb5c2953,0.8.0,4,1,G3_campaign,G3_campaign,m3star_graph_transition_xgboost_v0.1,3
C09-darpa-optc-sysclient0201-0923,random,0.4,11,project05_m3star_h3_transition_only,1,2.0,1,C09-AA-005,2.0,0.0,1,0,0,none,none,none,11.0,0,1,1,0,development,0,0,0,1.0,G3_campaign,1.0,0,1,G2_tactic_intent,2,0,1,3,1,0,0,,8,1,2.0,C09-AA-005,0.0,0,1,project05-m3star-runtime-contract-v0.8,e1d6d08bf93f3ff400361ad947d95002dcf97cc68957c58c831e6a4fdb5c2953,0.8.0,1,1,G3_campaign,G3_campaign,m3star_graph_transition_xgboost_v0.1,0
C09-darpa-optc-sysclient0201-0923,random,0.4,11,project05_m3star_h1_dual,1,2.0,1,C09-AA-005,2.0,0.0,1,0,0,m3star_graph_action_value_xgboost_v0.3,m3star_graph_action_reachability_xgboost_v0.1,m3star_graph_action_value_xgboost_v0.3,11.0,0,1,1,0,development,0,0,0,1.0,G3_campaign,1.0,0,1,G2_tactic_intent,2,0,1,1,1,1,0,,8,1,2.0,C09-AA-005,0.0,0,1,project05-m3star-runtime-contract-v0.8,e1d6d08bf93f3ff400361ad947d95002dcf97cc68957c58c831e6a4fdb5c2953,0.8.0,1,1,G3_campaign,G3_campaign,m3star_graph_transition_xgboost_v0.1,0
C09-darpa-optc-sysclient0201-0923,random,0.4,11,project05_xgboost_policy,1,2.0,1,C09-AA-005,2.0,0.0,1,0,0,,,,11.0,0,1,1,,development,,0,0,1.0,G3_campaign,1.0,,1,G2_tactic_intent,2,0,,,,,,,,,2.0,C09-AA-005,0.0,,1,,,,1,,G3_campaign,G3_campaign,,0
C09-darpa-optc-sysclient0201-0923,random,0.4,11,project05_m3b_policy,0,,,STOP,0.0,,0,1,0,,,,11.0,0,0,0,,development,,1,1,0.6667,G2_tactic_intent,0.75,,1,G2_tactic_intent,2,0,,,,,,,,,2.0,C09-AA-005,0.0,,0,,,,1,,G3_campaign,G3_campaign,,0
C09-darpa-optc-sysclient0201-0923,random,0.4,11,project05_m2,1,2.0,1,C09-AA-005,2.0,0.0,1,0,0,,,,11.0,0,1,1,,development,,0,0,1.0,G3_campaign,1.0,,1,G2_tactic_intent,2,0,,,,,,,,,2.0,C09-AA-005,0.0,,1,,,,1,,G3_campaign,G3_campaign,,0
C09-darpa-optc-sysclient0201-0923,random,0.4,11,oracle_optimal,1,2.0,1,C09-AA-005,2.0,0.0,1,0,0,,,,11.0,0,1,1,,development,,0,0,1.0,G3_campaign,1.0,,1,G2_tactic_intent,2,0,,,,,,,,,2.0,C09-AA-005,0.0,,1,,,,1,,G3_campaign,G3_campaign,,0
C09-darpa-optc-sysclient0201-0923,random,0.4,23,project05_m3star_h3_dual,1,5.0,3,C09-AA-004|C09-AA-001|C09-AA-002,5.0,1.0,0,0,0,m3star_graph_action_value_xgboost_v0.3,m3star_graph_action_reachability_xgboost_v0.1,m3star_graph_action_value_xgboost_v0.3,11.0,0,1,1,0,development,0,0,0,1.0,G3_campaign,1.0,3,1,G2_tactic_intent,2,0,1,3,1,1,1,,8,1,4.0,C09-AA-002,0.4444,1,2,project05-m3star-runtime-contract-v0.8,e1d6d08bf93f3ff400361ad947d95002dcf97cc68957c58c831e6a4fdb5c2953,0.8.0,3,1,G3_campaign,G3_campaign,m3star_graph_transition_xgboost_v0.1,1
C09-darpa-optc-sysclient0201-0923,random,0.4,23,project05_m3star_h3_no_dominance_dual,1,5.0,3,C09-AA-004|C09-AA-001|C09-AA-002,5.0,1.0,0,0,0,m3star_graph_action_value_xgboost_v0.3,m3star_graph_action_reachability_xgboost_v0.1,m3star_graph_action_value_xgboost_v0.3,11.0,0,1,1,0,development,0,0,0,1.0,G3_campaign,1.0,3,1,G2_tactic_intent,2,0,1,3,0,1,0,,8,1,4.0,C09-AA-002,0.4444,0,2,project05-m3star-runtime-contract-v0.8,e1d6d08bf93f3ff400361ad947d95002dcf97cc68957c58c831e6a4fdb5c2953,0.8.0,3,0,G3_campaign,G3_campaign,m3star_graph_transition_xgboost_v0.1,1
C09-darpa-optc-sysclient0201-0923,random,0.4,23,project05_m3star_h3_unshielded_dual,1,6.0,4,C09-AA-001|C09-AA-003|C09-AA-002|C09-AA-004,6.0,2.0,0,0,0,m3star_graph_action_value_xgboost_v0.3,m3star_graph_action_reachability_xgboost_v0.1,m3star_graph_action_value_xgboost_v0.3,11.0,0,1,1,0,development,0,0,0,1.0,G3_campaign,1.0,4,1,G2_tactic_intent,2,0,0,3,1,1,0,,8,0,4.0,C09-AA-002,0.8889,0,2,project05-m3star-runtime-contract-v0.8,e1d6d08bf93f3ff400361ad947d95002dcf97cc68957c58c831e6a4fdb5c2953,0.8.0,4,1,G3_campaign,G3_campaign,m3star_graph_transition_xgboost_v0.1,2
C09-darpa-optc-sysclient0201-0923,random,0.4,23,project05_m3star_h3_transition_only,1,5.0,3,C09-AA-004|C09-AA-001|C09-AA-002,5.0,1.0,0,0,0,none,none,none,11.0,0,1,1,0,development,0,0,0,1.0,G3_campaign,1.0,0,1,G2_tactic_intent,2,0,1,3,1,0,0,,8,1,4.0,C09-AA-002,0.4444,0,2,project05-m3star-runtime-contract-v0.8,e1d6d08bf93f3ff400361ad947d95002dcf97cc68957c58c831e6a4fdb5c2953,0.8.0,3,1,G3_campaign,G3_campaign,m3star_graph_transition_xgboost_v0.1,1
C09-darpa-optc-sysclient0201-0923,random,0.4,23,project05_m3star_h1_dual,1,5.0,3,C09-AA-004|C09-AA-001|C09-AA-002,5.0,1.0,0,0,0,m3star_graph_action_value_xgboost_v0.3,m3star_graph_action_reachability_xgboost_v0.1,m3star_graph_action_value_xgboost_v0.3,11.0,0,1,1,0,development,0,0,0,1.0,G3_campaign,1.0,3,1,G2_tactic_intent,2,0,1,1,1,1,0,,8,1,4.0,C09-AA-002,0.4444,0,2,project05-m3star-runtime-contract-v0.8,e1d6d08bf93f3ff400361ad947d95002dcf97cc68957c58c831e6a4fdb5c2953,0.8.0,3,1,G3_campaign,G3_campaign,m3star_graph_transition_xgboost_v0.1,1
C09-darpa-optc-sysclient0201-0923,random,0.4,23,project05_xgboost_policy,1,5.0,3,C09-AA-004|C09-AA-001|C09-AA-002,5.0,1.0,0,0,0,,,,11.0,0,1,1,,development,,0,0,1.0,G3_campaign,1.0,,1,G2_tactic_intent,2,0,,,,,,,,,4.0,C09-AA-002,0.4444,,2,,,,3,,G3_campaign,G3_campaign,,1
C09-darpa-optc-sysclient0201-0923,random,0.4,23,project05_m3b_policy,1,5.0,3,C09-AA-004|C09-AA-001|C09-AA-002,5.0,1.0,0,0,0,,,,11.0,0,1,1,,development,,0,0,1.0,G3_campaign,1.0,,1,G2_tactic_intent,2,0,,,,,,,,,4.0,C09-AA-002,0.4444,,2,,,,3,,G3_campaign,G3_campaign,,1
C09-darpa-optc-sysclient0201-0923,random,0.4,23,project05_m2,1,5.0,3,C09-AA-001|C09-AA-002|C09-AA-004,5.0,1.0,0,0,0,,,,11.0,0,1,1,,development,,0,0,1.0,G3_campaign,1.0,,1,G2_tactic_intent,2,0,,,,,,,,,4.0,C09-AA-002,0.8889,,2,,,,3,,G3_campaign,G3_campaign,,1
C09-darpa-optc-sysclient0201-0923,random,0.4,23,oracle_optimal,1,4.0,2,C09-AA-002|C09-AA-004,4.0,0.0,1,0,0,,,,11.0,0,1,1,,development,,0,0,1.0,G3_campaign,1.0,,1,G2_tactic_intent,2,0,,,,,,,,,4.0,C09-AA-002,0.4444,,2,,,,2,,G3_campaign,G3_campaign,,0
C09-darpa-optc-sysclient0201-0923,random,0.4,37,project05_m3star_h3_dual,1,1.0,1,C09-AA-001,1.0,0.0,1,0,0,m3star_graph_action_value_xgboost_v0.3,m3star_graph_action_reachability_xgboost_v0.1,m3star_graph_action_value_xgboost_v0.3,11.0,0,1,1,0,development,0,0,0,1.0,G3_campaign,1.0,2,1,G2_tactic_intent,2,0,1,3,1,1,1,,8,1,1.0,C09-AA-001,0.0,1,1,project05-m3star-runtime-contract-v0.8,e1d6d08bf93f3ff400361ad947d95002dcf97cc68957c58c831e6a4fdb5c2953,0.8.0,1,1,G3_campaign,G3_campaign,m3star_graph_transition_xgboost_v0.1,0
C09-darpa-optc-sysclient0201-0923,random,0.4,37,project05_m3star_h3_no_dominance_dual,1,1.0,1,C09-AA-001,1.0,0.0,1,0,0,m3star_graph_action_value_xgboost_v0.3,m3star_graph_action_reachability_xgboost_v0.1,m3star_graph_action_value_xgboost_v0.3,11.0,0,1,1,0,development,0,0,0,1.0,G3_campaign,1.0,2,1,G2_tactic_intent,2,0,1,3,0,1,0,,8,1,1.0,C09-AA-001,0.0,0,1,project05-m3star-runtime-contract-v0.8,e1d6d08bf93f3ff400361ad947d95002dcf97cc68957c58c831e6a4fdb5c2953,0.8.0,1,0,G3_campaign,G3_campaign,m3star_graph_transition_xgboost_v0.1,0
C09-darpa-optc-sysclient0201-0923,random,0.4,37,project05_m3star_h3_unshielded_dual,1,1.0,1,C09-AA-001,1.0,0.0,1,0,0,m3star_graph_action_value_xgboost_v0.3,m3star_graph_action_reachability_xgboost_v0.1,m3star_graph_action_value_xgboost_v0.3,11.0,0,1,1,0,development,0,0,0,1.0,G3_campaign,1.0,2,1,G2_tactic_intent,2,0,0,3,1,1,0,,8,0,1.0,C09-AA-001,0.0,0,1,project05-m3star-runtime-contract-v0.8,e1d6d08bf93f3ff400361ad947d95002dcf97cc68957c58c831e6a4fdb5c2953,0.8.0,1,1,G3_campaign,G3_campaign,m3star_graph_transition_xgboost_v0.1,0
C09-darpa-optc-sysclient0201-0923,random,0.4,37,project05_m3star_h3_transition_only,1,1.0,1,C09-AA-001,1.0,0.0,1,0,0,none,none,none,11.0,0,1,1,0,development,0,0,0,1.0,G3_campaign,1.0,0,1,G2_tactic_intent,2,0,1,3,1,0,0,,8,1,1.0,C09-AA-001,0.0,0,1,project05-m3star-runtime-contract-v0.8,e1d6d08bf93f3ff400361ad947d95002dcf97cc68957c58c831e6a4fdb5c2953,0.8.0,1,1,G3_campaign,G3_campaign,m3star_graph_transition_xgboost_v0.1,0
C09-darpa-optc-sysclient0201-0923,random,0.4,37,project05_m3star_h1_dual,1,1.0,1,C09-AA-001,1.0,0.0,1,0,0,m3star_graph_action_value_xgboost_v0.3,m3star_graph_action_reachability_xgboost_v0.1,m3star_graph_action_value_xgboost_v0.3,11.0,0,1,1,0,development,0,0,0,1.0,G3_campaign,1.0,2,1,G2_tactic_intent,2,0,1,1,1,1,0,,8,1,1.0,C09-AA-001,0.0,0,1,project05-m3star-runtime-contract-v0.8,e1d6d08bf93f3ff400361ad947d95002dcf97cc68957c58c831e6a4fdb5c2953,0.8.0,1,1,G3_campaign,G3_campaign,m3star_graph_transition_xgboost_v0.1,0
C09-darpa-optc-sysclient0201-0923,random,0.4,37,project05_xgboost_policy,1,1.0,1,C09-AA-001,1.0,0.0,1,0,0,,,,11.0,0,1,1,,development,,0,0,1.0,G3_campaign,1.0,,1,G2_tactic_intent,2,0,,,,,,,,,1.0,C09-AA-001,0.0,,1,,,,1,,G3_campaign,G3_campaign,,0
C09-darpa-optc-sysclient0201-0923,random,0.4,37,project05_m3b_policy,1,1.0,1,C09-AA-001,1.0,0.0,1,0,0,,,,11.0,0,1,1,,development,,0,0,1.0,G3_campaign,1.0,,1,G2_tactic_intent,2,0,,,,,,,,,1.0,C09-AA-001,0.0,,1,,,,1,,G3_campaign,G3_campaign,,0
C09-darpa-optc-sysclient0201-0923,random,0.4,37,project05_m2,1,1.0,1,C09-AA-001,1.0,0.0,1,0,0,,,,11.0,0,1,1,,development,,0,0,1.0,G3_campaign,1.0,,1,G2_tactic_intent,2,0,,,,,,,,,1.0,C09-AA-001,0.0,,1,,,,1,,G3_campaign,G3_campaign,,0
C09-darpa-optc-sysclient0201-0923,random,0.4,37,oracle_optimal,1,1.0,1,C09-AA-001,1.0,0.0,1,0,0,,,,11.0,0,1,1,,development,,0,0,1.0,G3_campaign,1.0,,1,G2_tactic_intent,2,0,,,,,,,,,1.0,C09-AA-001,0.0,,1,,,,1,,G3_campaign,G3_campaign,,0
C09-darpa-optc-sysclient0201-0923,random,0.4,41,project05_m3star_h3_dual,1,4.0,2,C09-AA-005|C09-AA-004,4.0,0.0,0,0,0,m3star_graph_action_value_xgboost_v0.3,m3star_graph_action_reachability_xgboost_v0.1,m3star_graph_action_value_xgboost_v0.3,11.0,0,1,1,0,development,0,0,0,1.0,G3_campaign,1.0,2,1,G2_tactic_intent,2,0,1,3,1,1,1,,8,1,4.0,C09-AA-004,0.5,1,2,project05-m3star-runtime-contract-v0.8,e1d6d08bf93f3ff400361ad947d95002dcf97cc68957c58c831e6a4fdb5c2953,0.8.0,2,1,G3_campaign,G3_campaign,m3star_graph_transition_xgboost_v0.1,0
C09-darpa-optc-sysclient0201-0923,random,0.4,41,project05_m3star_h3_no_dominance_dual,1,4.0,2,C09-AA-005|C09-AA-004,4.0,0.0,0,0,0,m3star_graph_action_value_xgboost_v0.3,m3star_graph_action_reachability_xgboost_v0.1,m3star_graph_action_value_xgboost_v0.3,11.0,0,1,1,0,development,0,0,0,1.0,G3_campaign,1.0,2,1,G2_tactic_intent,2,0,1,3,0,1,0,,8,1,4.0,C09-AA-004,0.5,0,2,project05-m3star-runtime-contract-v0.8,e1d6d08bf93f3ff400361ad947d95002dcf97cc68957c58c831e6a4fdb5c2953,0.8.0,2,0,G3_campaign,G3_campaign,m3star_graph_transition_xgboost_v0.1,0
C09-darpa-optc-sysclient0201-0923,random,0.4,41,project05_m3star_h3_unshielded_dual,1,8.0,5,C09-AA-003|C09-AA-002|C09-AA-001|C09-AA-005|C09-AA-004,8.0,4.0,0,0,0,m3star_graph_action_value_xgboost_v0.3,m3star_graph_action_reachability_xgboost_v0.1,m3star_graph_action_value_xgboost_v0.3,11.0,0,1,1,0,development,0,0,0,1.0,G3_campaign,1.0,2,1,G2_tactic_intent,2,0,0,3,1,1,0,,8,0,4.0,C09-AA-004,1.3667,0,2,project05-m3star-runtime-contract-v0.8,e1d6d08bf93f3ff400361ad947d95002dcf97cc68957c58c831e6a4fdb5c2953,0.8.0,5,1,G3_campaign,G3_campaign,m3star_graph_transition_xgboost_v0.1,3
C09-darpa-optc-sysclient0201-0923,random,0.4,41,project05_m3star_h3_transition_only,1,4.0,2,C09-AA-005|C09-AA-004,4.0,0.0,0,0,0,none,none,none,11.0,0,1,1,0,development,0,0,0,1.0,G3_campaign,1.0,0,1,G2_tactic_intent,2,0,1,3,1,0,0,,8,1,4.0,C09-AA-004,0.5,0,2,project05-m3star-runtime-contract-v0.8,e1d6d08bf93f3ff400361ad947d95002dcf97cc68957c58c831e6a4fdb5c2953,0.8.0,2,1,G3_campaign,G3_campaign,m3star_graph_transition_xgboost_v0.1,0
C09-darpa-optc-sysclient0201-0923,random,0.4,41,project05_m3star_h1_dual,1,4.0,2,C09-AA-005|C09-AA-004,4.0,0.0,0,0,0,m3star_graph_action_value_xgboost_v0.3,m3star_graph_action_reachability_xgboost_v0.1,m3star_graph_action_value_xgboost_v0.3,11.0,0,1,1,0,development,0,0,0,1.0,G3_campaign,1.0,2,1,G2_tactic_intent,2,0,1,1,1,1,0,,8,1,4.0,C09-AA-004,0.5,0,2,project05-m3star-runtime-contract-v0.8,e1d6d08bf93f3ff400361ad947d95002dcf97cc68957c58c831e6a4fdb5c2953,0.8.0,2,1,G3_campaign,G3_campaign,m3star_graph_transition_xgboost_v0.1,0
C09-darpa-optc-sysclient0201-0923,random,0.4,41,project05_xgboost_policy,1,5.0,3,C09-AA-005|C09-AA-003|C09-AA-004,5.0,1.0,0,0,0,,,,11.0,0,1,1,,development,,0,0,1.0,G3_campaign,1.0,,1,G2_tactic_intent,2,0,,,,,,,,,4.0,C09-AA-004,0.6111,,2,,,,3,,G3_campaign,G3_campaign,,1
C09-darpa-optc-sysclient0201-0923,random,0.4,41,project05_m3b_policy,1,5.0,3,C09-AA-005|C09-AA-003|C09-AA-004,5.0,1.0,0,0,0,,,,11.0,0,1,1,,development,,0,0,1.0,G3_campaign,1.0,,1,G2_tactic_intent,2,0,,,,,,,,,4.0,C09-AA-004,0.6111,,2,,,,3,,G3_campaign,G3_campaign,,1
C09-darpa-optc-sysclient0201-0923,random,0.4,41,project05_m2,1,4.0,2,C09-AA-004|C09-AA-005,4.0,0.0,1,0,0,,,,11.0,0,1,1,,development,,0,0,1.0,G3_campaign,1.0,,1,G2_tactic_intent,2,0,,,,,,,,,4.0,C09-AA-004,0.5,,2,,,,2,,G3_campaign,G3_campaign,,0
C09-darpa-optc-sysclient0201-0923,random,0.4,41,oracle_optimal,1,4.0,2,C09-AA-004|C09-AA-005,4.0,0.0,1,0,0,,,,11.0,0,1,1,,development,,0,0,1.0,G3_campaign,1.0,,1,G2_tactic_intent,2,0,,,,,,,,,4.0,C09-AA-004,0.5,,2,,,,2,,G3_campaign,G3_campaign,,0
C09-darpa-optc-sysclient0201-0923,random,0.4,53,project05_m3star_h3_dual,1,1.0,1,C09-AA-003,1.0,0.0,1,0,0,m3star_graph_action_value_xgboost_v0.3,m3star_graph_action_reachability_xgboost_v0.1,m3star_graph_action_value_xgboost_v0.3,11.0,0,1,1,0,development,0,0,0,1.0,G3_campaign,1.0,3,1,G2_tactic_intent,2,0,1,3,1,1,1,,8,1,1.0,C09-AA-003,0.0,1,1,project05-m3star-runtime-contract-v0.8,e1d6d08bf93f3ff400361ad947d95002dcf97cc68957c58c831e6a4fdb5c2953,0.8.0,1,1,G3_campaign,G3_campaign,m3star_graph_transition_xgboost_v0.1,0
C09-darpa-optc-sysclient0201-0923,random,0.4,53,project05_m3star_h3_no_dominance_dual,1,1.0,1,C09-AA-003,1.0,0.0,1,0,0,m3star_graph_action_value_xgboost_v0.3,m3star_graph_action_reachability_xgboost_v0.1,m3star_graph_action_value_xgboost_v0.3,11.0,0,1,1,0,development,0,0,0,1.0,G3_campaign,1.0,3,1,G2_tactic_intent,2,0,1,3,0,1,0,,8,1,1.0,C09-AA-003,0.0,0,1,project05-m3star-runtime-contract-v0.8,e1d6d08bf93f3ff400361ad947d95002dcf97cc68957c58c831e6a4fdb5c2953,0.8.0,1,0,G3_campaign,G3_campaign,m3star_graph_transition_xgboost_v0.1,0
C09-darpa-optc-sysclient0201-0923,random,0.4,53,project05_m3star_h3_unshielded_dual,1,3.0,2,C09-AA-002|C09-AA-003,3.0,2.0,0,0,0,m3star_graph_action_value_xgboost_v0.3,m3star_graph_action_reachability_xgboost_v0.1,m3star_graph_action_value_xgboost_v0.3,11.0,0,1,1,0,development,0,0,0,1.0,G3_campaign,1.0,2,1,G2_tactic_intent,2,0,0,3,1,1,0,,8,0,1.0,C09-AA-003,0.1,0,1,project05-m3star-runtime-contract-v0.8,e1d6d08bf93f3ff400361ad947d95002dcf97cc68957c58c831e6a4fdb5c2953,0.8.0,2,1,G3_campaign,G3_campaign,m3star_graph_transition_xgboost_v0.1,1
C09-darpa-optc-sysclient0201-0923,random,0.4,53,project05_m3star_h3_transition_only,1,1.0,1,C09-AA-003,1.0,0.0,1,0,0,none,none,none,11.0,0,1,1,0,development,0,0,0,1.0,G3_campaign,1.0,0,1,G2_tactic_intent,2,0,1,3,1,0,0,,8,1,1.0,C09-AA-003,0.0,0,1,project05-m3star-runtime-contract-v0.8,e1d6d08bf93f3ff400361ad947d95002dcf97cc68957c58c831e6a4fdb5c2953,0.8.0,1,1,G3_campaign,G3_campaign,m3star_graph_transition_xgboost_v0.1,0
C09-darpa-optc-sysclient0201-0923,random,0.4,53,project05_m3star_h1_dual,1,1.0,1,C09-AA-003,1.0,0.0,1,0,0,m3star_graph_action_value_xgboost_v0.3,m3star_graph_action_reachability_xgboost_v0.1,m3star_graph_action_value_xgboost_v0.3,11.0,0,1,1,0,development,0,0,0,1.0,G3_campaign,1.0,3,1,G2_tactic_intent,2,0,1,1,1,1,0,,8,1,1.0,C09-AA-003,0.0,0,1,project05-m3star-runtime-contract-v0.8,e1d6d08bf93f3ff400361ad947d95002dcf97cc68957c58c831e6a4fdb5c2953,0.8.0,1,1,G3_campaign,G3_campaign,m3star_graph_transition_xgboost_v0.1,0
C09-darpa-optc-sysclient0201-0923,random,0.4,53,project05_xgboost_policy,1,3.0,2,C09-AA-002|C09-AA-003,3.0,2.0,0,0,0,,,,11.0,0,1,1,,development,,0,0,1.0,G3_campaign,1.0,,1,G2_tactic_intent,2,0,,,,,,,,,1.0,C09-AA-003,0.1,,1,,,,2,,G3_campaign,G3_campaign,,1
C09-darpa-optc-sysclient0201-0923,random,0.4,53,project05_m3b_policy,0,,,STOP,0.0,,0,1,0,,,,11.0,0,0,0,,development,,1,1,0.0,G2_tactic_intent,0.75,,1,G2_tactic_intent,2,0,,,,,,,,,1.0,C09-AA-003,0.0,,0,,,,1,,G3_campaign,G3_campaign,,0
C09-darpa-optc-sysclient0201-0923,random,0.4,53,project05_m2,1,1.0,1,C09-AA-003,1.0,0.0,1,0,0,,,,11.0,0,1,1,,development,,0,0,1.0,G3_campaign,1.0,,1,G2_tactic_intent,2,0,,,,,,,,,1.0,C09-AA-003,0.0,,1,,,,1,,G3_campaign,G3_campaign,,0
C09-darpa-optc-sysclient0201-0923,random,0.4,53,oracle_optimal,1,1.0,1,C09-AA-003,1.0,0.0,1,0,0,,,,11.0,0,1,1,,development,,0,0,1.0,G3_campaign,1.0,,1,G2_tactic_intent,2,0,,,,,,,,,1.0,C09-AA-003,0.0,,1,,,,1,,G3_campaign,G3_campaign,,0
C09-darpa-optc-sysclient0201-0923,random,0.6,11,project05_m3star_h3_dual,1,3.0,2,C09-AA-003|C09-AA-005,3.0,0.0,1,0,0,m3star_graph_action_value_xgboost_v0.3,m3star_graph_action_reachability_xgboost_v0.1,m3star_graph_action_value_xgboost_v0.3,11.0,0,1,1,0,development,0,0,0,1.0,G3_campaign,1.0,4,1,G2_tactic_intent,3,0,1,3,1,1,1,,8,1,3.0,C09-AA-003,0.2222,1,2,project05-m3star-runtime-contract-v0.8,e1d6d08bf93f3ff400361ad947d95002dcf97cc68957c58c831e6a4fdb5c2953,0.8.0,2,1,G3_campaign,G3_campaign,m3star_graph_transition_xgboost_v0.1,0
C09-darpa-optc-sysclient0201-0923,random,0.6,11,project05_m3star_h3_no_dominance_dual,1,3.0,2,C09-AA-003|C09-AA-005,3.0,0.0,1,0,0,m3star_graph_action_value_xgboost_v0.3,m3star_graph_action_reachability_xgboost_v0.1,m3star_graph_action_value_xgboost_v0.3,11.0,0,1,1,0,development,0,0,0,1.0,G3_campaign,1.0,4,1,G2_tactic_intent,3,0,1,3,0,1,0,,8,1,3.0,C09-AA-003,0.2222,0,2,project05-m3star-runtime-contract-v0.8,e1d6d08bf93f3ff400361ad947d95002dcf97cc68957c58c831e6a4fdb5c2953,0.8.0,2,0,G3_campaign,G3_campaign,m3star_graph_transition_xgboost_v0.1,0
C09-darpa-optc-sysclient0201-0923,random,0.6,11,project05_m3star_h3_unshielded_dual,1,8.0,5,C09-AA-001|C09-AA-002|C09-AA-005|C09-AA-004|C09-AA-003,8.0,5.0,0,0,0,m3star_graph_action_value_xgboost_v0.3,m3star_graph_action_reachability_xgboost_v0.1,m3star_graph_action_value_xgboost_v0.3,11.0,0,1,1,0,development,0,0,0,1.0,G3_campaign,1.0,2,1,G2_tactic_intent,3,0,0,3,1,1,0,,8,0,3.0,C09-AA-003,1.5,0,2,project05-m3star-runtime-contract-v0.8,e1d6d08bf93f3ff400361ad947d95002dcf97cc68957c58c831e6a4fdb5c2953,0.8.0,5,1,G3_campaign,G3_campaign,m3star_graph_transition_xgboost_v0.1,3
C09-darpa-optc-sysclient0201-0923,random,0.6,11,project05_m3star_h3_transition_only,1,6.0,4,C09-AA-001|C09-AA-002|C09-AA-003|C09-AA-005,6.0,3.0,0,0,0,none,none,none,11.0,0,1,1,0,development,0,0,0,1.0,G3_campaign,1.0,0,1,G2_tactic_intent,3,0,1,3,1,0,0,,8,1,3.0,C09-AA-003,0.9889,0,2,project05-m3star-runtime-contract-v0.8,e1d6d08bf93f3ff400361ad947d95002dcf97cc68957c58c831e6a4fdb5c2953,0.8.0,4,1,G3_campaign,G3_campaign,m3star_graph_transition_xgboost_v0.1,2
C09-darpa-optc-sysclient0201-0923,random,0.6,11,project05_m3star_h1_dual,1,3.0,2,C09-AA-003|C09-AA-005,3.0,0.0,1,0,0,m3star_graph_action_value_xgboost_v0.3,m3star_graph_action_reachability_xgboost_v0.1,m3star_graph_action_value_xgboost_v0.3,11.0,0,1,1,0,development,0,0,0,1.0,G3_campaign,1.0,4,1,G2_tactic_intent,3,0,1,1,1,1,0,,8,1,3.0,C09-AA-003,0.2222,0,2,project05-m3star-runtime-contract-v0.8,e1d6d08bf93f3ff400361ad947d95002dcf97cc68957c58c831e6a4fdb5c2953,0.8.0,2,1,G3_campaign,G3_campaign,m3star_graph_transition_xgboost_v0.1,0
C09-darpa-optc-sysclient0201-0923,random,0.6,11,project05_xgboost_policy,1,5.0,3,C09-AA-002|C09-AA-005|C09-AA-003,5.0,2.0,0,0,0,,,,11.0,0,1,1,,development,,0,0,1.0,G3_campaign,1.0,,1,G2_tactic_intent,3,0,,,,,,,,,3.0,C09-AA-003,0.5556,,2,,,,3,,G3_campaign,G3_campaign,,1
C09-darpa-optc-sysclient0201-0923,random,0.6,11,project05_m3b_policy,0,,,STOP,0.0,,0,1,0,,,,11.0,0,0,0,,development,,1,2,0.0,G2_tactic_intent,0.5,,1,G2_tactic_intent,3,0,,,,,,,,,3.0,C09-AA-003,0.0,,0,,,,1,,G3_campaign,G3_campaign,,0
C09-darpa-optc-sysclient0201-0923,random,0.6,11,project05_m2,1,3.0,2,C09-AA-005|C09-AA-003,3.0,0.0,0,0,0,,,,11.0,0,1,1,,development,,0,0,1.0,G3_campaign,1.0,,1,G2_tactic_intent,3,0,,,,,,,,,3.0,C09-AA-003,0.1111,,2,,,,2,,G3_campaign,G3_campaign,,0
C09-darpa-optc-sysclient0201-0923,random,0.6,11,oracle_optimal,1,3.0,2,C09-AA-003|C09-AA-005,3.0,0.0,1,0,0,,,,11.0,0,1,1,,development,,0,0,1.0,G3_campaign,1.0,,1,G2_tactic_intent,3,0,,,,,,,,,3.0,C09-AA-003,0.2222,,2,,,,2,,G3_campaign,G3_campaign,,0
C09-darpa-optc-sysclient0201-0923,random,0.6,23,project05_m3star_h3_dual,1,7.0,4,C09-AA-004|C09-AA-005|C09-AA-001|C09-AA-002,7.0,1.0,0,0,0,m3star_graph_action_value_xgboost_v0.3,m3star_graph_action_reachability_xgboost_v0.1,m3star_graph_action_value_xgboost_v0.3,11.0,0,1,1,0,development,0,0,0,1.0,G3_campaign,1.0,2,1,G1_technique,3,0,1,3,1,1,1,,8,1,6.0,C09-AA-002,0.9444,1,3,project05-m3star-runtime-contract-v0.8,e1d6d08bf93f3ff400361ad947d95002dcf97cc68957c58c831e6a4fdb5c2953,0.8.0,4,1,G3_campaign,G3_campaign,m3star_graph_transition_xgboost_v0.1,1
C09-darpa-optc-sysclient0201-0923,random,0.6,23,project05_m3star_h3_no_dominance_dual,1,7.0,4,C09-AA-004|C09-AA-005|C09-AA-001|C09-AA-002,7.0,1.0,0,0,0,m3star_graph_action_value_xgboost_v0.3,m3star_graph_action_reachability_xgboost_v0.1,m3star_graph_action_value_xgboost_v0.3,11.0,0,1,1,0,development,0,0,0,1.0,G3_campaign,1.0,2,1,G1_technique,3,0,1,3,0,1,0,,8,1,6.0,C09-AA-002,0.9444,0,3,project05-m3star-runtime-contract-v0.8,e1d6d08bf93f3ff400361ad947d95002dcf97cc68957c58c831e6a4fdb5c2953,0.8.0,4,0,G3_campaign,G3_campaign,m3star_graph_transition_xgboost_v0.1,1
C09-darpa-optc-sysclient0201-0923,random,0.6,23,project05_m3star_h3_unshielded_dual,1,8.0,5,C09-AA-002|C09-AA-003|C09-AA-001|C09-AA-005|C09-AA-004,8.0,2.0,1,0,0,m3star_graph_action_value_xgboost_v0.3,m3star_graph_action_reachability_xgboost_v0.1,m3star_graph_action_value_xgboost_v0.3,11.0,0,1,1,0,development,0,0,0,1.0,G3_campaign,1.0,3,1,G1_technique,3,0,0,3,1,1,0,,8,0,6.0,C09-AA-002,1.2667,0,3,project05-m3star-runtime-contract-v0.8,e1d6d08bf93f3ff400361ad947d95002dcf97cc68957c58c831e6a4fdb5c2953,0.8.0,5,1,G3_campaign,G3_campaign,m3star_graph_transition_xgboost_v0.1,2
C09-darpa-optc-sysclient0201-0923,random,0.6,23,project05_m3star_h3_transition_only,1,7.0,4,C09-AA-004|C09-AA-001|C09-AA-005|C09-AA-002,7.0,1.0,0,0,0,none,none,none,11.0,0,1,1,0,development,0,0,0,1.0,G3_campaign,1.0,0,1,G1_technique,3,0,1,3,1,0,0,,8,1,6.0,C09-AA-002,0.9444,0,3,project05-m3star-runtime-contract-v0.8,e1d6d08bf93f3ff400361ad947d95002dcf97cc68957c58c831e6a4fdb5c2953,0.8.0,4,1,G3_campaign,G3_campaign,m3star_graph_transition_xgboost_v0.1,1
C09-darpa-optc-sysclient0201-0923,random,0.6,23,project05_m3star_h1_dual,1,7.0,4,C09-AA-004|C09-AA-005|C09-AA-001|C09-AA-002,7.0,1.0,0,0,0,m3star_graph_action_value_xgboost_v0.3,m3star_graph_action_reachability_xgboost_v0.1,m3star_graph_action_value_xgboost_v0.3,11.0,0,1,1,0,development,0,0,0,1.0,G3_campaign,1.0,2,1,G1_technique,3,0,1,1,1,1,0,,8,1,6.0,C09-AA-002,0.9444,0,3,project05-m3star-runtime-contract-v0.8,e1d6d08bf93f3ff400361ad947d95002dcf97cc68957c58c831e6a4fdb5c2953,0.8.0,4,1,G3_campaign,G3_campaign,m3star_graph_transition_xgboost_v0.1,1
C09-darpa-optc-sysclient0201-0923,random,0.6,23,project05_xgboost_policy,1,7.0,4,C09-AA-005|C09-AA-004|C09-AA-001|C09-AA-002,7.0,1.0,0,0,0,,,,11.0,0,1,1,,development,,0,0,1.0,G3_campaign,1.0,,1,G1_technique,3,0,,,,,,,,,6.0,C09-AA-002,0.9444,,3,,,,4,,G3_campaign,G3_campaign,,1
C09-darpa-optc-sysclient0201-0923,random,0.6,23,project05_m3b_policy,1,7.0,4,C09-AA-005|C09-AA-004|C09-AA-001|C09-AA-002,7.0,1.0,0,0,0,,,,11.0,0,1,1,,development,,0,0,1.0,G3_campaign,1.0,,1,G1_technique,3,0,,,,,,,,,6.0,C09-AA-002,0.9444,,3,,,,4,,G3_campaign,G3_campaign,,1
C09-darpa-optc-sysclient0201-0923,random,0.6,23,project05_m2,1,7.0,4,C09-AA-001|C09-AA-004|C09-AA-002|C09-AA-005,7.0,1.0,0,0,0,,,,11.0,0,1,1,,development,,0,0,1.0,G3_campaign,1.0,,1,G1_technique,3,0,,,,,,,,,6.0,C09-AA-002,0.9444,,3,,,,4,,G3_campaign,G3_campaign,,1
C09-darpa-optc-sysclient0201-0923,random,0.6,23,oracle_optimal,1,6.0,3,C09-AA-002|C09-AA-004|C09-AA-005,6.0,0.0,1,0,0,,,,11.0,0,1,1,,development,,0,0,1.0,G3_campaign,1.0,,1,G1_technique,3,0,,,,,,,,,6.0,C09-AA-002,0.9444,,3,,,,3,,G3_campaign,G3_campaign,,0
C09-darpa-optc-sysclient0201-0923,random,0.6,37,project05_m3star_h3_dual,1,3.0,2,C09-AA-004|C09-AA-001,3.0,0.0,0,0,0,m3star_graph_action_value_xgboost_v0.3,m3star_graph_action_reachability_xgboost_v0.1,m3star_graph_action_value_xgboost_v0.3,11.0,0,1,1,0,development,0,0,0,1.0,G3_campaign,1.0,3,1,G2_tactic_intent,3,0,1,3,1,1,1,,8,1,3.0,C09-AA-001,0.0,1,2,project05-m3star-runtime-contract-v0.8,e1d6d08bf93f3ff400361ad947d95002dcf97cc68957c58c831e6a4fdb5c2953,0.8.0,2,1,G3_campaign,G3_campaign,m3star_graph_transition_xgboost_v0.1,0
C09-darpa-optc-sysclient0201-0923,random,0.6,37,project05_m3star_h3_no_dominance_dual,1,3.0,2,C09-AA-004|C09-AA-001,3.0,0.0,0,0,0,m3star_graph_action_value_xgboost_v0.3,m3star_graph_action_reachability_xgboost_v0.1,m3star_graph_action_value_xgboost_v0.3,11.0,0,1,1,0,development,0,0,0,1.0,G3_campaign,1.0,3,1,G2_tactic_intent,3,0,1,3,0,1,0,,8,1,3.0,C09-AA-001,0.0,0,2,project05-m3star-runtime-contract-v0.8,e1d6d08bf93f3ff400361ad947d95002dcf97cc68957c58c831e6a4fdb5c2953,0.8.0,2,0,G3_campaign,G3_campaign,m3star_graph_transition_xgboost_v0.1,0
C09-darpa-optc-sysclient0201-0923,random,0.6,37,project05_m3star_h3_unshielded_dual,1,6.0,4,C09-AA-001|C09-AA-003|C09-AA-005|C09-AA-004,6.0,3.0,1,0,0,m3star_graph_action_value_xgboost_v0.3,m3star_graph_action_reachability_xgboost_v0.1,m3star_graph_action_value_xgboost_v0.3,11.0,0,1,1,0,development,0,0,0,1.0,G3_campaign,1.0,4,1,G2_tactic_intent,3,0,0,3,1,1,0,,8,0,3.0,C09-AA-001,0.7222,0,2,project05-m3star-runtime-contract-v0.8,e1d6d08bf93f3ff400361ad947d95002dcf97cc68957c58c831e6a4fdb5c2953,0.8.0,4,1,G3_campaign,G3_campaign,m3star_graph_transition_xgboost_v0.1,2
C09-darpa-optc-sysclient0201-0923,random,0.6,37,project05_m3star_h3_transition_only,1,3.0,2,C09-AA-004|C09-AA-001,3.0,0.0,0,0,0,none,none,none,11.0,0,1,1,0,development,0,0,0,1.0,G3_campaign,1.0,0,1,G2_tactic_intent,3,0,1,3,1,0,0,,8,1,3.0,C09-AA-001,0.0,0,2,project05-m3star-runtime-contract-v0.8,e1d6d08bf93f3ff400361ad947d95002dcf97cc68957c58c831e6a4fdb5c2953,0.8.0,2,1,G3_campaign,G3_campaign,m3star_graph_transition_xgboost_v0.1,0
C09-darpa-optc-sysclient0201-0923,random,0.6,37,project05_m3star_h1_dual,1,3.0,2,C09-AA-004|C09-AA-001,3.0,0.0,0,0,0,m3star_graph_action_value_xgboost_v0.3,m3star_graph_action_reachability_xgboost_v0.1,m3star_graph_action_value_xgboost_v0.3,11.0,0,1,1,0,development,0,0,0,1.0,G3_campaign,1.0,3,1,G2_tactic_intent,3,0,1,1,1,1,0,,8,1,3.0,C09-AA-001,0.0,0,2,project05-m3star-runtime-contract-v0.8,e1d6d08bf93f3ff400361ad947d95002dcf97cc68957c58c831e6a4fdb5c2953,0.8.0,2,1,G3_campaign,G3_campaign,m3star_graph_transition_xgboost_v0.1,0
C09-darpa-optc-sysclient0201-0923,random,0.6,37,project05_xgboost_policy,1,3.0,2,C09-AA-004|C09-AA-001,3.0,0.0,0,0,0,,,,11.0,0,1,1,,development,,0,0,1.0,G3_campaign,1.0,,1,G2_tactic_intent,3,0,,,,,,,,,3.0,C09-AA-001,0.0,,2,,,,2,,G3_campaign,G3_campaign,,0
C09-darpa-optc-sysclient0201-0923,random,0.6,37,project05_m3b_policy,1,3.0,2,C09-AA-004|C09-AA-001,3.0,0.0,0,0,0,,,,11.0,0,1,1,,development,,0,0,1.0,G3_campaign,1.0,,1,G2_tactic_intent,3,0,,,,,,,,,3.0,C09-AA-001,0.0,,2,,,,2,,G3_campaign,G3_campaign,,0
C09-darpa-optc-sysclient0201-0923,random,0.6,37,project05_m2,1,3.0,2,C09-AA-001|C09-AA-004,3.0,0.0,1,0,0,,,,11.0,0,1,1,,development,,0,0,1.0,G3_campaign,1.0,,1,G2_tactic_intent,3,0,,,,,,,,,3.0,C09-AA-001,0.0,,2,,,,2,,G3_campaign,G3_campaign,,0
C09-darpa-optc-sysclient0201-0923,random,0.6,37,oracle_optimal,1,3.0,2,C09-AA-001|C09-AA-004,3.0,0.0,1,0,0,,,,11.0,0,1,1,,development,,0,0,1.0,G3_campaign,1.0,,1,G2_tactic_intent,3,0,,,,,,,,,3.0,C09-AA-001,0.0,,2,,,,2,,G3_campaign,G3_campaign,,0
C09-darpa-optc-sysclient0201-0923,random,0.6,41,project05_m3star_h3_dual,1,5.0,3,C09-AA-004|C09-AA-005|C09-AA-001,5.0,0.0,0,0,0,m3star_graph_action_value_xgboost_v0.3,m3star_graph_action_reachability_xgboost_v0.1,m3star_graph_action_value_xgboost_v0.3,11.0,0,1,1,0,development,0,0,0,1.0,G3_campaign,1.0,2,1,G1_technique,3,0,1,3,1,1,1,,8,1,5.0,C09-AA-001,0.5,1,3,project05-m3star-runtime-contract-v0.8,e1d6d08bf93f3ff400361ad947d95002dcf97cc68957c58c831e6a4fdb5c2953,0.8.0,3,1,G3_campaign,G3_campaign,m3star_graph_transition_xgboost_v0.1,0
C09-darpa-optc-sysclient0201-0923,random,0.6,41,project05_m3star_h3_no_dominance_dual,1,5.0,3,C09-AA-004|C09-AA-005|C09-AA-001,5.0,0.0,0,0,0,m3star_graph_action_value_xgboost_v0.3,m3star_graph_action_reachability_xgboost_v0.1,m3star_graph_action_value_xgboost_v0.3,11.0,0,1,1,0,development,0,0,0,1.0,G3_campaign,1.0,2,1,G1_technique,3,0,1,3,0,1,0,,8,1,5.0,C09-AA-001,0.5,0,3,project05-m3star-runtime-contract-v0.8,e1d6d08bf93f3ff400361ad947d95002dcf97cc68957c58c831e6a4fdb5c2953,0.8.0,3,0,G3_campaign,G3_campaign,m3star_graph_transition_xgboost_v0.1,0
C09-darpa-optc-sysclient0201-0923,random,0.6,41,project05_m3star_h3_unshielded_dual,1,8.0,5,C09-AA-002|C09-AA-003|C09-AA-001|C09-AA-005|C09-AA-004,8.0,3.0,0,0,0,m3star_graph_action_value_xgboost_v0.3,m3star_graph_action_reachability_xgboost_v0.1,m3star_graph_action_value_xgboost_v0.3,11.0,0,1,1,0,development,0,0,0,1.0,G3_campaign,1.0,3,1,G1_technique,3,0,0,3,1,1,0,,8,0,5.0,C09-AA-001,1.2667,0,3,project05-m3star-runtime-contract-v0.8,e1d6d08bf93f3ff400361ad947d95002dcf97cc68957c58c831e6a4fdb5c2953,0.8.0,5,1,G3_campaign,G3_campaign,m3star_graph_transition_xgboost_v0.1,2
C09-darpa-optc-sysclient0201-0923,random,0.6,41,project05_m3star_h3_transition_only,1,5.0,3,C09-AA-004|C09-AA-001|C09-AA-005,5.0,0.0,0,0,0,none,none,none,11.0,0,1,1,0,development,0,0,0,1.0,G3_campaign,1.0,0,1,G1_technique,3,0,1,3,1,0,0,,8,1,5.0,C09-AA-001,0.5,0,3,project05-m3star-runtime-contract-v0.8,e1d6d08bf93f3ff400361ad947d95002dcf97cc68957c58c831e6a4fdb5c2953,0.8.0,3,1,G3_campaign,G3_campaign,m3star_graph_transition_xgboost_v0.1,0
C09-darpa-optc-sysclient0201-0923,random,0.6,41,project05_m3star_h1_dual,1,5.0,3,C09-AA-004|C09-AA-005|C09-AA-001,5.0,0.0,0,0,0,m3star_graph_action_value_xgboost_v0.3,m3star_graph_action_reachability_xgboost_v0.1,m3star_graph_action_value_xgboost_v0.3,11.0,0,1,1,0,development,0,0,0,1.0,G3_campaign,1.0,2,1,G1_technique,3,0,1,1,1,1,0,,8,1,5.0,C09-AA-001,0.5,0,3,project05-m3star-runtime-contract-v0.8,e1d6d08bf93f3ff400361ad947d95002dcf97cc68957c58c831e6a4fdb5c2953,0.8.0,3,1,G3_campaign,G3_campaign,m3star_graph_transition_xgboost_v0.1,0
C09-darpa-optc-sysclient0201-0923,random,0.6,41,project05_xgboost_policy,1,5.0,3,C09-AA-005|C09-AA-004|C09-AA-001,5.0,0.0,0,0,0,,,,11.0,0,1,1,,development,,0,0,1.0,G3_campaign,1.0,,1,G1_technique,3,0,,,,,,,,,5.0,C09-AA-001,0.5,,3,,,,3,,G3_campaign,G3_campaign,,0
C09-darpa-optc-sysclient0201-0923,random,0.6,41,project05_m3b_policy,1,5.0,3,C09-AA-005|C09-AA-004|C09-AA-001,5.0,0.0,0,0,0,,,,11.0,0,1,1,,development,,0,0,1.0,G3_campaign,1.0,,1,G1_technique,3,0,,,,,,,,,5.0,C09-AA-001,0.5,,3,,,,3,,G3_campaign,G3_campaign,,0
C09-darpa-optc-sysclient0201-0923,random,0.6,41,project05_m2,1,5.0,3,C09-AA-001|C09-AA-004|C09-AA-005,5.0,0.0,1,0,0,,,,11.0,0,1,1,,development,,0,0,1.0,G3_campaign,1.0,,1,G1_technique,3,0,,,,,,,,,5.0,C09-AA-001,0.5,,3,,,,3,,G3_campaign,G3_campaign,,0
C09-darpa-optc-sysclient0201-0923,random,0.6,41,oracle_optimal,1,5.0,3,C09-AA-001|C09-AA-004|C09-AA-005,5.0,0.0,1,0,0,,,,11.0,0,1,1,,development,,0,0,1.0,G3_campaign,1.0,,1,G1_technique,3,0,,,,,,,,,5.0,C09-AA-001,0.5,,3,,,,3,,G3_campaign,G3_campaign,,0
C09-darpa-optc-sysclient0201-0923,random,0.6,53,project05_m3star_h3_dual,1,3.0,2,C09-AA-003|C09-AA-005,3.0,0.0,1,0,0,m3star_graph_action_value_xgboost_v0.3,m3star_graph_action_reachability_xgboost_v0.1,m3star_graph_action_value_xgboost_v0.3,11.0,0,1,1,0,development,0,0,0,1.0,G3_campaign,1.0,4,1,G2_tactic_intent,3,0,1,3,1,1,1,,8,1,3.0,C09-AA-003,0.2222,1,2,project05-m3star-runtime-contract-v0.8,e1d6d08bf93f3ff400361ad947d95002dcf97cc68957c58c831e6a4fdb5c2953,0.8.0,2,1,G3_campaign,G3_campaign,m3star_graph_transition_xgboost_v0.1,0
C09-darpa-optc-sysclient0201-0923,random,0.6,53,project05_m3star_h3_no_dominance_dual,1,3.0,2,C09-AA-003|C09-AA-005,3.0,0.0,1,0,0,m3star_graph_action_value_xgboost_v0.3,m3star_graph_action_reachability_xgboost_v0.1,m3star_graph_action_value_xgboost_v0.3,11.0,0,1,1,0,development,0,0,0,1.0,G3_campaign,1.0,4,1,G2_tactic_intent,3,0,1,3,0,1,0,,8,1,3.0,C09-AA-003,0.2222,0,2,project05-m3star-runtime-contract-v0.8,e1d6d08bf93f3ff400361ad947d95002dcf97cc68957c58c831e6a4fdb5c2953,0.8.0,2,0,G3_campaign,G3_campaign,m3star_graph_transition_xgboost_v0.1,0
C09-darpa-optc-sysclient0201-0923,random,0.6,53,project05_m3star_h3_unshielded_dual,1,8.0,5,C09-AA-001|C09-AA-002|C09-AA-005|C09-AA-004|C09-AA-003,8.0,5.0,0,0,0,m3star_graph_action_value_xgboost_v0.3,m3star_graph_action_reachability_xgboost_v0.1,m3star_graph_action_value_xgboost_v0.3,11.0,0,1,1,0,development,0,0,0,1.0,G3_campaign,1.0,2,1,G2_tactic_intent,3,0,0,3,1,1,0,,8,0,3.0,C09-AA-003,1.5,0,2,project05-m3star-runtime-contract-v0.8,e1d6d08bf93f3ff400361ad947d95002dcf97cc68957c58c831e6a4fdb5c2953,0.8.0,5,1,G3_campaign,G3_campaign,m3star_graph_transition_xgboost_v0.1,3
C09-darpa-optc-sysclient0201-0923,random,0.6,53,project05_m3star_h3_transition_only,1,6.0,4,C09-AA-001|C09-AA-002|C09-AA-003|C09-AA-005,6.0,3.0,0,0,0,none,none,none,11.0,0,1,1,0,development,0,0,0,1.0,G3_campaign,1.0,0,1,G2_tactic_intent,3,0,1,3,1,0,0,,8,1,3.0,C09-AA-003,0.9889,0,2,project05-m3star-runtime-contract-v0.8,e1d6d08bf93f3ff400361ad947d95002dcf97cc68957c58c831e6a4fdb5c2953,0.8.0,4,1,G3_campaign,G3_campaign,m3star_graph_transition_xgboost_v0.1,2
C09-darpa-optc-sysclient0201-0923,random,0.6,53,project05_m3star_h1_dual,1,3.0,2,C09-AA-003|C09-AA-005,3.0,0.0,1,0,0,m3star_graph_action_value_xgboost_v0.3,m3star_graph_action_reachability_xgboost_v0.1,m3star_graph_action_value_xgboost_v0.3,11.0,0,1,1,0,development,0,0,0,1.0,G3_campaign,1.0,4,1,G2_tactic_intent,3,0,1,1,1,1,0,,8,1,3.0,C09-AA-003,0.2222,0,2,project05-m3star-runtime-contract-v0.8,e1d6d08bf93f3ff400361ad947d95002dcf97cc68957c58c831e6a4fdb5c2953,0.8.0,2,1,G3_campaign,G3_campaign,m3star_graph_transition_xgboost_v0.1,0
C09-darpa-optc-sysclient0201-0923,random,0.6,53,project05_xgboost_policy,1,5.0,3,C09-AA-002|C09-AA-005|C09-AA-003,5.0,2.0,0,0,0,,,,11.0,0,1,1,,development,,0,0,1.0,G3_campaign,1.0,,1,G2_tactic_intent,3,0,,,,,,,,,3.0,C09-AA-003,0.5556,,2,,,,3,,G3_campaign,G3_campaign,,1
C09-darpa-optc-sysclient0201-0923,random,0.6,53,project05_m3b_policy,0,,,STOP,0.0,,0,1,0,,,,11.0,0,0,0,,development,,1,2,0.0,G2_tactic_intent,0.5,,1,G2_tactic_intent,3,0,,,,,,,,,3.0,C09-AA-003,0.0,,0,,,,1,,G3_campaign,G3_campaign,,0
C09-darpa-optc-sysclient0201-0923,random,0.6,53,project05_m2,1,3.0,2,C09-AA-005|C09-AA-003,3.0,0.0,0,0,0,,,,11.0,0,1,1,,development,,0,0,1.0,G3_campaign,1.0,,1,G2_tactic_intent,3,0,,,,,,,,,3.0,C09-AA-003,0.1111,,2,,,,2,,G3_campaign,G3_campaign,,0
C09-darpa-optc-sysclient0201-0923,random,0.6,53,oracle_optimal,1,3.0,2,C09-AA-003|C09-AA-005,3.0,0.0,1,0,0,,,,11.0,0,1,1,,development,,0,0,1.0,G3_campaign,1.0,,1,G2_tactic_intent,3,0,,,,,,,,,3.0,C09-AA-003,0.2222,,2,,,,2,,G3_campaign,G3_campaign,,0
C09-darpa-optc-sysclient0201-0923,stage,0.2,11,project05_m3star_h3_dual,1,3.0,2,C09-AA-001|C09-AA-002,3.0,1.0,0,0,0,m3star_graph_action_value_xgboost_v0.3,m3star_graph_action_reachability_xgboost_v0.1,m3star_graph_action_value_xgboost_v0.3,11.0,0,1,1,0,development,0,0,0,1.0,G3_campaign,1.0,2,1,G2_tactic_intent,1,0,1,3,1,1,1,,8,1,2.0,C09-AA-002,0.4444,1,1,project05-m3star-runtime-contract-v0.8,e1d6d08bf93f3ff400361ad947d95002dcf97cc68957c58c831e6a4fdb5c2953,0.8.0,2,1,G3_campaign,G3_campaign,m3star_graph_transition_xgboost_v0.1,1
C09-darpa-optc-sysclient0201-0923,stage,0.2,11,project05_m3star_h3_no_dominance_dual,1,3.0,2,C09-AA-001|C09-AA-002,3.0,1.0,0,0,0,m3star_graph_action_value_xgboost_v0.3,m3star_graph_action_reachability_xgboost_v0.1,m3star_graph_action_value_xgboost_v0.3,11.0,0,1,1,0,development,0,0,0,1.0,G3_campaign,1.0,2,1,G2_tactic_intent,1,0,1,3,0,1,0,,8,1,2.0,C09-AA-002,0.4444,0,1,project05-m3star-runtime-contract-v0.8,e1d6d08bf93f3ff400361ad947d95002dcf97cc68957c58c831e6a4fdb5c2953,0.8.0,2,0,G3_campaign,G3_campaign,m3star_graph_transition_xgboost_v0.1,1
C09-darpa-optc-sysclient0201-0923,stage,0.2,11,project05_m3star_h3_unshielded_dual,1,3.0,2,C09-AA-001|C09-AA-002,3.0,1.0,0,0,0,m3star_graph_action_value_xgboost_v0.3,m3star_graph_action_reachability_xgboost_v0.1,m3star_graph_action_value_xgboost_v0.3,11.0,0,1,1,0,development,0,0,0,1.0,G3_campaign,1.0,2,1,G2_tactic_intent,1,0,0,3,1,1,0,,8,0,2.0,C09-AA-002,0.4444,0,1,project05-m3star-runtime-contract-v0.8,e1d6d08bf93f3ff400361ad947d95002dcf97cc68957c58c831e6a4fdb5c2953,0.8.0,2,1,G3_campaign,G3_campaign,m3star_graph_transition_xgboost_v0.1,1
C09-darpa-optc-sysclient0201-0923,stage,0.2,11,project05_m3star_h3_transition_only,1,3.0,2,C09-AA-001|C09-AA-002,3.0,1.0,0,0,0,none,none,none,11.0,0,1,1,0,development,0,0,0,1.0,G3_campaign,1.0,0,1,G2_tactic_intent,1,0,1,3,1,0,0,,8,1,2.0,C09-AA-002,0.4444,0,1,project05-m3star-runtime-contract-v0.8,e1d6d08bf93f3ff400361ad947d95002dcf97cc68957c58c831e6a4fdb5c2953,0.8.0,2,1,G3_campaign,G3_campaign,m3star_graph_transition_xgboost_v0.1,1
C09-darpa-optc-sysclient0201-0923,stage,0.2,11,project05_m3star_h1_dual,1,3.0,2,C09-AA-001|C09-AA-002,3.0,1.0,0,0,0,m3star_graph_action_value_xgboost_v0.3,m3star_graph_action_reachability_xgboost_v0.1,m3star_graph_action_value_xgboost_v0.3,11.0,0,1,1,0,development,0,0,0,1.0,G3_campaign,1.0,2,1,G2_tactic_intent,1,0,1,1,1,1,0,,8,1,2.0,C09-AA-002,0.4444,0,1,project05-m3star-runtime-contract-v0.8,e1d6d08bf93f3ff400361ad947d95002dcf97cc68957c58c831e6a4fdb5c2953,0.8.0,2,1,G3_campaign,G3_campaign,m3star_graph_transition_xgboost_v0.1,1
C09-darpa-optc-sysclient0201-0923,stage,0.2,11,project05_xgboost_policy,1,3.0,2,C09-AA-001|C09-AA-002,3.0,1.0,0,0,0,,,,11.0,0,1,1,,development,,0,0,1.0,G3_campaign,1.0,,1,G2_tactic_intent,1,0,,,,,,,,,2.0,C09-AA-002,0.4444,,1,,,,2,,G3_campaign,G3_campaign,,1
C09-darpa-optc-sysclient0201-0923,stage,0.2,11,project05_m3b_policy,1,3.0,2,C09-AA-001|C09-AA-002,3.0,1.0,0,0,0,,,,11.0,0,1,1,,development,,0,0,1.0,G3_campaign,1.0,,1,G2_tactic_intent,1,0,,,,,,,,,2.0,C09-AA-002,0.4444,,1,,,,2,,G3_campaign,G3_campaign,,1
C09-darpa-optc-sysclient0201-0923,stage,0.2,11,project05_m2,1,3.0,2,C09-AA-001|C09-AA-002,3.0,1.0,0,0,0,,,,11.0,0,1,1,,development,,0,0,1.0,G3_campaign,1.0,,1,G2_tactic_intent,1,0,,,,,,,,,2.0,C09-AA-002,0.4444,,1,,,,2,,G3_campaign,G3_campaign,,1
C09-darpa-optc-sysclient0201-0923,stage,0.2,11,oracle_optimal,1,2.0,1,C09-AA-002,2.0,0.0,1,0,0,,,,11.0,0,1,1,,development,,0,0,1.0,G3_campaign,1.0,,1,G2_tactic_intent,1,0,,,,,,,,,2.0,C09-AA-002,0.0,,1,,,,1,,G3_campaign,G3_campaign,,0
C09-darpa-optc-sysclient0201-0923,stage,0.2,23,project05_m3star_h3_dual,1,3.0,2,C09-AA-001|C09-AA-002,3.0,1.0,0,0,0,m3star_graph_action_value_xgboost_v0.3,m3star_graph_action_reachability_xgboost_v0.1,m3star_graph_action_value_xgboost_v0.3,11.0,0,1,1,0,development,0,0,0,1.0,G3_campaign,1.0,2,1,G2_tactic_intent,1,0,1,3,1,1,1,,8,1,2.0,C09-AA-002,0.4444,1,1,project05-m3star-runtime-contract-v0.8,e1d6d08bf93f3ff400361ad947d95002dcf97cc68957c58c831e6a4fdb5c2953,0.8.0,2,1,G3_campaign,G3_campaign,m3star_graph_transition_xgboost_v0.1,1
C09-darpa-optc-sysclient0201-0923,stage,0.2,23,project05_m3star_h3_no_dominance_dual,1,3.0,2,C09-AA-001|C09-AA-002,3.0,1.0,0,0,0,m3star_graph_action_value_xgboost_v0.3,m3star_graph_action_reachability_xgboost_v0.1,m3star_graph_action_value_xgboost_v0.3,11.0,0,1,1,0,development,0,0,0,1.0,G3_campaign,1.0,2,1,G2_tactic_intent,1,0,1,3,0,1,0,,8,1,2.0,C09-AA-002,0.4444,0,1,project05-m3star-runtime-contract-v0.8,e1d6d08bf93f3ff400361ad947d95002dcf97cc68957c58c831e6a4fdb5c2953,0.8.0,2,0,G3_campaign,G3_campaign,m3star_graph_transition_xgboost_v0.1,1
C09-darpa-optc-sysclient0201-0923,stage,0.2,23,project05_m3star_h3_unshielded_dual,1,3.0,2,C09-AA-001|C09-AA-002,3.0,1.0,0,0,0,m3star_graph_action_value_xgboost_v0.3,m3star_graph_action_reachability_xgboost_v0.1,m3star_graph_action_value_xgboost_v0.3,11.0,0,1,1,0,development,0,0,0,1.0,G3_campaign,1.0,2,1,G2_tactic_intent,1,0,0,3,1,1,0,,8,0,2.0,C09-AA-002,0.4444,0,1,project05-m3star-runtime-contract-v0.8,e1d6d08bf93f3ff400361ad947d95002dcf97cc68957c58c831e6a4fdb5c2953,0.8.0,2,1,G3_campaign,G3_campaign,m3star_graph_transition_xgboost_v0.1,1
C09-darpa-optc-sysclient0201-0923,stage,0.2,23,project05_m3star_h3_transition_only,1,3.0,2,C09-AA-001|C09-AA-002,3.0,1.0,0,0,0,none,none,none,11.0,0,1,1,0,development,0,0,0,1.0,G3_campaign,1.0,0,1,G2_tactic_intent,1,0,1,3,1,0,0,,8,1,2.0,C09-AA-002,0.4444,0,1,project05-m3star-runtime-contract-v0.8,e1d6d08bf93f3ff400361ad947d95002dcf97cc68957c58c831e6a4fdb5c2953,0.8.0,2,1,G3_campaign,G3_campaign,m3star_graph_transition_xgboost_v0.1,1
C09-darpa-optc-sysclient0201-0923,stage,0.2,23,project05_m3star_h1_dual,1,3.0,2,C09-AA-001|C09-AA-002,3.0,1.0,0,0,0,m3star_graph_action_value_xgboost_v0.3,m3star_graph_action_reachability_xgboost_v0.1,m3star_graph_action_value_xgboost_v0.3,11.0,0,1,1,0,development,0,0,0,1.0,G3_campaign,1.0,2,1,G2_tactic_intent,1,0,1,1,1,1,0,,8,1,2.0,C09-AA-002,0.4444,0,1,project05-m3star-runtime-contract-v0.8,e1d6d08bf93f3ff400361ad947d95002dcf97cc68957c58c831e6a4fdb5c2953,0.8.0,2,1,G3_campaign,G3_campaign,m3star_graph_transition_xgboost_v0.1,1
C09-darpa-optc-sysclient0201-0923,stage,0.2,23,project05_xgboost_policy,1,3.0,2,C09-AA-001|C09-AA-002,3.0,1.0,0,0,0,,,,11.0,0,1,1,,development,,0,0,1.0,G3_campaign,1.0,,1,G2_tactic_intent,1,0,,,,,,,,,2.0,C09-AA-002,0.4444,,1,,,,2,,G3_campaign,G3_campaign,,1
C09-darpa-optc-sysclient0201-0923,stage,0.2,23,project05_m3b_policy,1,3.0,2,C09-AA-001|C09-AA-002,3.0,1.0,0,0,0,,,,11.0,0,1,1,,development,,0,0,1.0,G3_campaign,1.0,,1,G2_tactic_intent,1,0,,,,,,,,,2.0,C09-AA-002,0.4444,,1,,,,2,,G3_campaign,G3_campaign,,1
C09-darpa-optc-sysclient0201-0923,stage,0.2,23,project05_m2,1,3.0,2,C09-AA-001|C09-AA-002,3.0,1.0,0,0,0,,,,11.0,0,1,1,,development,,0,0,1.0,G3_campaign,1.0,,1,G2_tactic_intent,1,0,,,,,,,,,2.0,C09-AA-002,0.4444,,1,,,,2,,G3_campaign,G3_campaign,,1
C09-darpa-optc-sysclient0201-0923,stage,0.2,23,oracle_optimal,1,2.0,1,C09-AA-002,2.0,0.0,1,0,0,,,,11.0,0,1,1,,development,,0,0,1.0,G3_campaign,1.0,,1,G2_tactic_intent,1,0,,,,,,,,,2.0,C09-AA-002,0.0,,1,,,,1,,G3_campaign,G3_campaign,,0
C09-darpa-optc-sysclient0201-0923,stage,0.2,37,project05_m3star_h3_dual,1,1.0,1,C09-AA-001,1.0,0.0,1,0,0,m3star_graph_action_value_xgboost_v0.3,m3star_graph_action_reachability_xgboost_v0.1,m3star_graph_action_value_xgboost_v0.3,11.0,0,1,1,0,development,0,0,0,1.0,G3_campaign,1.0,2,1,G2_tactic_intent,1,0,1,3,1,1,1,,8,1,1.0,C09-AA-001,0.0,1,1,project05-m3star-runtime-contract-v0.8,e1d6d08bf93f3ff400361ad947d95002dcf97cc68957c58c831e6a4fdb5c2953,0.8.0,1,1,G3_campaign,G3_campaign,m3star_graph_transition_xgboost_v0.1,0
C09-darpa-optc-sysclient0201-0923,stage,0.2,37,project05_m3star_h3_no_dominance_dual,1,1.0,1,C09-AA-001,1.0,0.0,1,0,0,m3star_graph_action_value_xgboost_v0.3,m3star_graph_action_reachability_xgboost_v0.1,m3star_graph_action_value_xgboost_v0.3,11.0,0,1,1,0,development,0,0,0,1.0,G3_campaign,1.0,2,1,G2_tactic_intent,1,0,1,3,0,1,0,,8,1,1.0,C09-AA-001,0.0,0,1,project05-m3star-runtime-contract-v0.8,e1d6d08bf93f3ff400361ad947d95002dcf97cc68957c58c831e6a4fdb5c2953,0.8.0,1,0,G3_campaign,G3_campaign,m3star_graph_transition_xgboost_v0.1,0
C09-darpa-optc-sysclient0201-0923,stage,0.2,37,project05_m3star_h3_unshielded_dual,1,1.0,1,C09-AA-001,1.0,0.0,1,0,0,m3star_graph_action_value_xgboost_v0.3,m3star_graph_action_reachability_xgboost_v0.1,m3star_graph_action_value_xgboost_v0.3,11.0,0,1,1,0,development,0,0,0,1.0,G3_campaign,1.0,2,1,G2_tactic_intent,1,0,0,3,1,1,0,,8,0,1.0,C09-AA-001,0.0,0,1,project05-m3star-runtime-contract-v0.8,e1d6d08bf93f3ff400361ad947d95002dcf97cc68957c58c831e6a4fdb5c2953,0.8.0,1,1,G3_campaign,G3_campaign,m3star_graph_transition_xgboost_v0.1,0
C09-darpa-optc-sysclient0201-0923,stage,0.2,37,project05_m3star_h3_transition_only,1,1.0,1,C09-AA-001,1.0,0.0,1,0,0,none,none,none,11.0,0,1,1,0,development,0,0,0,1.0,G3_campaign,1.0,0,1,G2_tactic_intent,1,0,1,3,1,0,0,,8,1,1.0,C09-AA-001,0.0,0,1,project05-m3star-runtime-contract-v0.8,e1d6d08bf93f3ff400361ad947d95002dcf97cc68957c58c831e6a4fdb5c2953,0.8.0,1,1,G3_campaign,G3_campaign,m3star_graph_transition_xgboost_v0.1,0
C09-darpa-optc-sysclient0201-0923,stage,0.2,37,project05_m3star_h1_dual,1,1.0,1,C09-AA-001,1.0,0.0,1,0,0,m3star_graph_action_value_xgboost_v0.3,m3star_graph_action_reachability_xgboost_v0.1,m3star_graph_action_value_xgboost_v0.3,11.0,0,1,1,0,development,0,0,0,1.0,G3_campaign,1.0,2,1,G2_tactic_intent,1,0,1,1,1,1,0,,8,1,1.0,C09-AA-001,0.0,0,1,project05-m3star-runtime-contract-v0.8,e1d6d08bf93f3ff400361ad947d95002dcf97cc68957c58c831e6a4fdb5c2953,0.8.0,1,1,G3_campaign,G3_campaign,m3star_graph_transition_xgboost_v0.1,0
C09-darpa-optc-sysclient0201-0923,stage,0.2,37,project05_xgboost_policy,1,1.0,1,C09-AA-001,1.0,0.0,1,0,0,,,,11.0,0,1,1,,development,,0,0,1.0,G3_campaign,1.0,,1,G2_tactic_intent,1,0,,,,,,,,,1.0,C09-AA-001,0.0,,1,,,,1,,G3_campaign,G3_campaign,,0
C09-darpa-optc-sysclient0201-0923,stage,0.2,37,project05_m3b_policy,1,1.0,1,C09-AA-001,1.0,0.0,1,0,0,,,,11.0,0,1,1,,development,,0,0,1.0,G3_campaign,1.0,,1,G2_tactic_intent,1,0,,,,,,,,,1.0,C09-AA-001,0.0,,1,,,,1,,G3_campaign,G3_campaign,,0
C09-darpa-optc-sysclient0201-0923,stage,0.2,37,project05_m2,1,1.0,1,C09-AA-001,1.0,0.0,1,0,0,,,,11.0,0,1,1,,development,,0,0,1.0,G3_campaign,1.0,,1,G2_tactic_intent,1,0,,,,,,,,,1.0,C09-AA-001,0.0,,1,,,,1,,G3_campaign,G3_campaign,,0
C09-darpa-optc-sysclient0201-0923,stage,0.2,37,oracle_optimal,1,1.0,1,C09-AA-001,1.0,0.0,1,0,0,,,,11.0,0,1,1,,development,,0,0,1.0,G3_campaign,1.0,,1,G2_tactic_intent,1,0,,,,,,,,,1.0,C09-AA-001,0.0,,1,,,,1,,G3_campaign,G3_campaign,,0
C09-darpa-optc-sysclient0201-0923,stage,0.2,41,project05_m3star_h3_dual,1,1.0,1,C09-AA-001,1.0,0.0,1,0,0,m3star_graph_action_value_xgboost_v0.3,m3star_graph_action_reachability_xgboost_v0.1,m3star_graph_action_value_xgboost_v0.3,11.0,0,1,1,0,development,0,0,0,1.0,G3_campaign,1.0,2,1,G2_tactic_intent,1,0,1,3,1,1,1,,8,1,1.0,C09-AA-001,0.0,1,1,project05-m3star-runtime-contract-v0.8,e1d6d08bf93f3ff400361ad947d95002dcf97cc68957c58c831e6a4fdb5c2953,0.8.0,1,1,G3_campaign,G3_campaign,m3star_graph_transition_xgboost_v0.1,0
C09-darpa-optc-sysclient0201-0923,stage,0.2,41,project05_m3star_h3_no_dominance_dual,1,1.0,1,C09-AA-001,1.0,0.0,1,0,0,m3star_graph_action_value_xgboost_v0.3,m3star_graph_action_reachability_xgboost_v0.1,m3star_graph_action_value_xgboost_v0.3,11.0,0,1,1,0,development,0,0,0,1.0,G3_campaign,1.0,2,1,G2_tactic_intent,1,0,1,3,0,1,0,,8,1,1.0,C09-AA-001,0.0,0,1,project05-m3star-runtime-contract-v0.8,e1d6d08bf93f3ff400361ad947d95002dcf97cc68957c58c831e6a4fdb5c2953,0.8.0,1,0,G3_campaign,G3_campaign,m3star_graph_transition_xgboost_v0.1,0
C09-darpa-optc-sysclient0201-0923,stage,0.2,41,project05_m3star_h3_unshielded_dual,1,1.0,1,C09-AA-001,1.0,0.0,1,0,0,m3star_graph_action_value_xgboost_v0.3,m3star_graph_action_reachability_xgboost_v0.1,m3star_graph_action_value_xgboost_v0.3,11.0,0,1,1,0,development,0,0,0,1.0,G3_campaign,1.0,2,1,G2_tactic_intent,1,0,0,3,1,1,0,,8,0,1.0,C09-AA-001,0.0,0,1,project05-m3star-runtime-contract-v0.8,e1d6d08bf93f3ff400361ad947d95002dcf97cc68957c58c831e6a4fdb5c2953,0.8.0,1,1,G3_campaign,G3_campaign,m3star_graph_transition_xgboost_v0.1,0
C09-darpa-optc-sysclient0201-0923,stage,0.2,41,project05_m3star_h3_transition_only,1,1.0,1,C09-AA-001,1.0,0.0,1,0,0,none,none,none,11.0,0,1,1,0,development,0,0,0,1.0,G3_campaign,1.0,0,1,G2_tactic_intent,1,0,1,3,1,0,0,,8,1,1.0,C09-AA-001,0.0,0,1,project05-m3star-runtime-contract-v0.8,e1d6d08bf93f3ff400361ad947d95002dcf97cc68957c58c831e6a4fdb5c2953,0.8.0,1,1,G3_campaign,G3_campaign,m3star_graph_transition_xgboost_v0.1,0
C09-darpa-optc-sysclient0201-0923,stage,0.2,41,project05_m3star_h1_dual,1,1.0,1,C09-AA-001,1.0,0.0,1,0,0,m3star_graph_action_value_xgboost_v0.3,m3star_graph_action_reachability_xgboost_v0.1,m3star_graph_action_value_xgboost_v0.3,11.0,0,1,1,0,development,0,0,0,1.0,G3_campaign,1.0,2,1,G2_tactic_intent,1,0,1,1,1,1,0,,8,1,1.0,C09-AA-001,0.0,0,1,project05-m3star-runtime-contract-v0.8,e1d6d08bf93f3ff400361ad947d95002dcf97cc68957c58c831e6a4fdb5c2953,0.8.0,1,1,G3_campaign,G3_campaign,m3star_graph_transition_xgboost_v0.1,0
C09-darpa-optc-sysclient0201-0923,stage,0.2,41,project05_xgboost_policy,1,1.0,1,C09-AA-001,1.0,0.0,1,0,0,,,,11.0,0,1,1,,development,,0,0,1.0,G3_campaign,1.0,,1,G2_tactic_intent,1,0,,,,,,,,,1.0,C09-AA-001,0.0,,1,,,,1,,G3_campaign,G3_campaign,,0
C09-darpa-optc-sysclient0201-0923,stage,0.2,41,project05_m3b_policy,1,1.0,1,C09-AA-001,1.0,0.0,1,0,0,,,,11.0,0,1,1,,development,,0,0,1.0,G3_campaign,1.0,,1,G2_tactic_intent,1,0,,,,,,,,,1.0,C09-AA-001,0.0,,1,,,,1,,G3_campaign,G3_campaign,,0
C09-darpa-optc-sysclient0201-0923,stage,0.2,41,project05_m2,1,1.0,1,C09-AA-001,1.0,0.0,1,0,0,,,,11.0,0,1,1,,development,,0,0,1.0,G3_campaign,1.0,,1,G2_tactic_intent,1,0,,,,,,,,,1.0,C09-AA-001,0.0,,1,,,,1,,G3_campaign,G3_campaign,,0
C09-darpa-optc-sysclient0201-0923,stage,0.2,41,oracle_optimal,1,1.0,1,C09-AA-001,1.0,0.0,1,0,0,,,,11.0,0,1,1,,development,,0,0,1.0,G3_campaign,1.0,,1,G2_tactic_intent,1,0,,,,,,,,,1.0,C09-AA-001,0.0,,1,,,,1,,G3_campaign,G3_campaign,,0
C09-darpa-optc-sysclient0201-0923,stage,0.2,53,project05_m3star_h3_dual,1,1.0,1,C09-AA-001,1.0,0.0,1,0,0,m3star_graph_action_value_xgboost_v0.3,m3star_graph_action_reachability_xgboost_v0.1,m3star_graph_action_value_xgboost_v0.3,11.0,0,1,1,0,development,0,0,0,1.0,G3_campaign,1.0,2,1,G2_tactic_intent,1,0,1,3,1,1,1,,8,1,1.0,C09-AA-001,0.0,1,1,project05-m3star-runtime-contract-v0.8,e1d6d08bf93f3ff400361ad947d95002dcf97cc68957c58c831e6a4fdb5c2953,0.8.0,1,1,G3_campaign,G3_campaign,m3star_graph_transition_xgboost_v0.1,0
C09-darpa-optc-sysclient0201-0923,stage,0.2,53,project05_m3star_h3_no_dominance_dual,1,1.0,1,C09-AA-001,1.0,0.0,1,0,0,m3star_graph_action_value_xgboost_v0.3,m3star_graph_action_reachability_xgboost_v0.1,m3star_graph_action_value_xgboost_v0.3,11.0,0,1,1,0,development,0,0,0,1.0,G3_campaign,1.0,2,1,G2_tactic_intent,1,0,1,3,0,1,0,,8,1,1.0,C09-AA-001,0.0,0,1,project05-m3star-runtime-contract-v0.8,e1d6d08bf93f3ff400361ad947d95002dcf97cc68957c58c831e6a4fdb5c2953,0.8.0,1,0,G3_campaign,G3_campaign,m3star_graph_transition_xgboost_v0.1,0
C09-darpa-optc-sysclient0201-0923,stage,0.2,53,project05_m3star_h3_unshielded_dual,1,1.0,1,C09-AA-001,1.0,0.0,1,0,0,m3star_graph_action_value_xgboost_v0.3,m3star_graph_action_reachability_xgboost_v0.1,m3star_graph_action_value_xgboost_v0.3,11.0,0,1,1,0,development,0,0,0,1.0,G3_campaign,1.0,2,1,G2_tactic_intent,1,0,0,3,1,1,0,,8,0,1.0,C09-AA-001,0.0,0,1,project05-m3star-runtime-contract-v0.8,e1d6d08bf93f3ff400361ad947d95002dcf97cc68957c58c831e6a4fdb5c2953,0.8.0,1,1,G3_campaign,G3_campaign,m3star_graph_transition_xgboost_v0.1,0
C09-darpa-optc-sysclient0201-0923,stage,0.2,53,project05_m3star_h3_transition_only,1,1.0,1,C09-AA-001,1.0,0.0,1,0,0,none,none,none,11.0,0,1,1,0,development,0,0,0,1.0,G3_campaign,1.0,0,1,G2_tactic_intent,1,0,1,3,1,0,0,,8,1,1.0,C09-AA-001,0.0,0,1,project05-m3star-runtime-contract-v0.8,e1d6d08bf93f3ff400361ad947d95002dcf97cc68957c58c831e6a4fdb5c2953,0.8.0,1,1,G3_campaign,G3_campaign,m3star_graph_transition_xgboost_v0.1,0
C09-darpa-optc-sysclient0201-0923,stage,0.2,53,project05_m3star_h1_dual,1,1.0,1,C09-AA-001,1.0,0.0,1,0,0,m3star_graph_action_value_xgboost_v0.3,m3star_graph_action_reachability_xgboost_v0.1,m3star_graph_action_value_xgboost_v0.3,11.0,0,1,1,0,development,0,0,0,1.0,G3_campaign,1.0,2,1,G2_tactic_intent,1,0,1,1,1,1,0,,8,1,1.0,C09-AA-001,0.0,0,1,project05-m3star-runtime-contract-v0.8,e1d6d08bf93f3ff400361ad947d95002dcf97cc68957c58c831e6a4fdb5c2953,0.8.0,1,1,G3_campaign,G3_campaign,m3star_graph_transition_xgboost_v0.1,0
C09-darpa-optc-sysclient0201-0923,stage,0.2,53,project05_xgboost_policy,1,1.0,1,C09-AA-001,1.0,0.0,1,0,0,,,,11.0,0,1,1,,development,,0,0,1.0,G3_campaign,1.0,,1,G2_tactic_intent,1,0,,,,,,,,,1.0,C09-AA-001,0.0,,1,,,,1,,G3_campaign,G3_campaign,,0
C09-darpa-optc-sysclient0201-0923,stage,0.2,53,project05_m3b_policy,1,1.0,1,C09-AA-001,1.0,0.0,1,0,0,,,,11.0,0,1,1,,development,,0,0,1.0,G3_campaign,1.0,,1,G2_tactic_intent,1,0,,,,,,,,,1.0,C09-AA-001,0.0,,1,,,,1,,G3_campaign,G3_campaign,,0
C09-darpa-optc-sysclient0201-0923,stage,0.2,53,project05_m2,1,1.0,1,C09-AA-001,1.0,0.0,1,0,0,,,,11.0,0,1,1,,development,,0,0,1.0,G3_campaign,1.0,,1,G2_tactic_intent,1,0,,,,,,,,,1.0,C09-AA-001,0.0,,1,,,,1,,G3_campaign,G3_campaign,,0
C09-darpa-optc-sysclient0201-0923,stage,0.2,53,oracle_optimal,1,1.0,1,C09-AA-001,1.0,0.0,1,0,0,,,,11.0,0,1,1,,development,,0,0,1.0,G3_campaign,1.0,,1,G2_tactic_intent,1,0,,,,,,,,,1.0,C09-AA-001,0.0,,1,,,,1,,G3_campaign,G3_campaign,,0
C09-darpa-optc-sysclient0201-0923,stage,0.4,11,project05_m3star_h3_dual,1,4.0,3,C09-AA-001|C09-AA-002|C09-AA-003,4.0,1.0,0,0,0,m3star_graph_action_value_xgboost_v0.3,m3star_graph_action_reachability_xgboost_v0.1,m3star_graph_action_value_xgboost_v0.3,11.0,0,1,1,0,development,0,0,0,1.0,G3_campaign,1.0,3,1,G2_tactic_intent,2,0,1,3,1,1,1,,8,1,3.0,C09-AA-002,0.5444,1,2,project05-m3star-runtime-contract-v0.8,e1d6d08bf93f3ff400361ad947d95002dcf97cc68957c58c831e6a4fdb5c2953,0.8.0,3,1,G3_campaign,G3_campaign,m3star_graph_transition_xgboost_v0.1,1
C09-darpa-optc-sysclient0201-0923,stage,0.4,11,project05_m3star_h3_no_dominance_dual,1,4.0,3,C09-AA-001|C09-AA-002|C09-AA-003,4.0,1.0,0,0,0,m3star_graph_action_value_xgboost_v0.3,m3star_graph_action_reachability_xgboost_v0.1,m3star_graph_action_value_xgboost_v0.3,11.0,0,1,1,0,development,0,0,0,1.0,G3_campaign,1.0,3,1,G2_tactic_intent,2,0,1,3,0,1,0,,8,1,3.0,C09-AA-002,0.5444,0,2,project05-m3star-runtime-contract-v0.8,e1d6d08bf93f3ff400361ad947d95002dcf97cc68957c58c831e6a4fdb5c2953,0.8.0,3,0,G3_campaign,G3_campaign,m3star_graph_transition_xgboost_v0.1,1
C09-darpa-optc-sysclient0201-0923,stage,0.4,11,project05_m3star_h3_unshielded_dual,1,4.0,3,C09-AA-003|C09-AA-001|C09-AA-002,4.0,1.0,0,0,0,m3star_graph_action_value_xgboost_v0.3,m3star_graph_action_reachability_xgboost_v0.1,m3star_graph_action_value_xgboost_v0.3,11.0,0,1,1,0,development,0,0,0,1.0,G3_campaign,1.0,2,1,G2_tactic_intent,2,0,0,3,1,1,0,,8,0,3.0,C09-AA-002,0.4444,0,2,project05-m3star-runtime-contract-v0.8,e1d6d08bf93f3ff400361ad947d95002dcf97cc68957c58c831e6a4fdb5c2953,0.8.0,3,1,G3_campaign,G3_campaign,m3star_graph_transition_xgboost_v0.1,1
C09-darpa-optc-sysclient0201-0923,stage,0.4,11,project05_m3star_h3_transition_only,1,4.0,3,C09-AA-001|C09-AA-002|C09-AA-003,4.0,1.0,0,0,0,none,none,none,11.0,0,1,1,0,development,0,0,0,1.0,G3_campaign,1.0,0,1,G2_tactic_intent,2,0,1,3,1,0,0,,8,1,3.0,C09-AA-002,0.5444,0,2,project05-m3star-runtime-contract-v0.8,e1d6d08bf93f3ff400361ad947d95002dcf97cc68957c58c831e6a4fdb5c2953,0.8.0,3,1,G3_campaign,G3_campaign,m3star_graph_transition_xgboost_v0.1,1
C09-darpa-optc-sysclient0201-0923,stage,0.4,11,project05_m3star_h1_dual,1,4.0,3,C09-AA-001|C09-AA-002|C09-AA-003,4.0,1.0,0,0,0,m3star_graph_action_value_xgboost_v0.3,m3star_graph_action_reachability_xgboost_v0.1,m3star_graph_action_value_xgboost_v0.3,11.0,0,1,1,0,development,0,0,0,1.0,G3_campaign,1.0,3,1,G2_tactic_intent,2,0,1,1,1,1,0,,8,1,3.0,C09-AA-002,0.5444,0,2,project05-m3star-runtime-contract-v0.8,e1d6d08bf93f3ff400361ad947d95002dcf97cc68957c58c831e6a4fdb5c2953,0.8.0,3,1,G3_campaign,G3_campaign,m3star_graph_transition_xgboost_v0.1,1
C09-darpa-optc-sysclient0201-0923,stage,0.4,11,project05_xgboost_policy,1,4.0,3,C09-AA-001|C09-AA-002|C09-AA-003,4.0,1.0,0,0,0,,,,11.0,0,1,1,,development,,0,0,1.0,G3_campaign,1.0,,1,G2_tactic_intent,2,0,,,,,,,,,3.0,C09-AA-002,0.5444,,2,,,,3,,G3_campaign,G3_campaign,,1
C09-darpa-optc-sysclient0201-0923,stage,0.4,11,project05_m3b_policy,1,4.0,3,C09-AA-001|C09-AA-002|C09-AA-003,4.0,1.0,0,0,0,,,,11.0,0,1,1,,development,,0,0,1.0,G3_campaign,1.0,,1,G2_tactic_intent,2,0,,,,,,,,,3.0,C09-AA-002,0.5444,,2,,,,3,,G3_campaign,G3_campaign,,1
C09-darpa-optc-sysclient0201-0923,stage,0.4,11,project05_m2,1,4.0,3,C09-AA-001|C09-AA-002|C09-AA-003,4.0,1.0,0,0,0,,,,11.0,0,1,1,,development,,0,0,1.0,G3_campaign,1.0,,1,G2_tactic_intent,2,0,,,,,,,,,3.0,C09-AA-002,0.5444,,2,,,,3,,G3_campaign,G3_campaign,,1
C09-darpa-optc-sysclient0201-0923,stage,0.4,11,oracle_optimal,1,3.0,2,C09-AA-002|C09-AA-003,3.0,0.0,1,0,0,,,,11.0,0,1,1,,development,,0,0,1.0,G3_campaign,1.0,,1,G2_tactic_intent,2,0,,,,,,,,,3.0,C09-AA-002,0.1,,2,,,,2,,G3_campaign,G3_campaign,,0
C09-darpa-optc-sysclient0201-0923,stage,0.4,23,project05_m3star_h3_dual,1,4.0,3,C09-AA-001|C09-AA-002|C09-AA-003,4.0,1.0,0,0,0,m3star_graph_action_value_xgboost_v0.3,m3star_graph_action_reachability_xgboost_v0.1,m3star_graph_action_value_xgboost_v0.3,11.0,0,1,1,0,development,0,0,0,1.0,G3_campaign,1.0,3,1,G2_tactic_intent,2,0,1,3,1,1,1,,8,1,3.0,C09-AA-002,0.5444,1,2,project05-m3star-runtime-contract-v0.8,e1d6d08bf93f3ff400361ad947d95002dcf97cc68957c58c831e6a4fdb5c2953,0.8.0,3,1,G3_campaign,G3_campaign,m3star_graph_transition_xgboost_v0.1,1
C09-darpa-optc-sysclient0201-0923,stage,0.4,23,project05_m3star_h3_no_dominance_dual,1,4.0,3,C09-AA-001|C09-AA-002|C09-AA-003,4.0,1.0,0,0,0,m3star_graph_action_value_xgboost_v0.3,m3star_graph_action_reachability_xgboost_v0.1,m3star_graph_action_value_xgboost_v0.3,11.0,0,1,1,0,development,0,0,0,1.0,G3_campaign,1.0,3,1,G2_tactic_intent,2,0,1,3,0,1,0,,8,1,3.0,C09-AA-002,0.5444,0,2,project05-m3star-runtime-contract-v0.8,e1d6d08bf93f3ff400361ad947d95002dcf97cc68957c58c831e6a4fdb5c2953,0.8.0,3,0,G3_campaign,G3_campaign,m3star_graph_transition_xgboost_v0.1,1
C09-darpa-optc-sysclient0201-0923,stage,0.4,23,project05_m3star_h3_unshielded_dual,1,4.0,3,C09-AA-003|C09-AA-001|C09-AA-002,4.0,1.0,0,0,0,m3star_graph_action_value_xgboost_v0.3,m3star_graph_action_reachability_xgboost_v0.1,m3star_graph_action_value_xgboost_v0.3,11.0,0,1,1,0,development,0,0,0,1.0,G3_campaign,1.0,2,1,G2_tactic_intent,2,0,0,3,1,1,0,,8,0,3.0,C09-AA-002,0.4444,0,2,project05-m3star-runtime-contract-v0.8,e1d6d08bf93f3ff400361ad947d95002dcf97cc68957c58c831e6a4fdb5c2953,0.8.0,3,1,G3_campaign,G3_campaign,m3star_graph_transition_xgboost_v0.1,1
C09-darpa-optc-sysclient0201-0923,stage,0.4,23,project05_m3star_h3_transition_only,1,4.0,3,C09-AA-001|C09-AA-002|C09-AA-003,4.0,1.0,0,0,0,none,none,none,11.0,0,1,1,0,development,0,0,0,1.0,G3_campaign,1.0,0,1,G2_tactic_intent,2,0,1,3,1,0,0,,8,1,3.0,C09-AA-002,0.5444,0,2,project05-m3star-runtime-contract-v0.8,e1d6d08bf93f3ff400361ad947d95002dcf97cc68957c58c831e6a4fdb5c2953,0.8.0,3,1,G3_campaign,G3_campaign,m3star_graph_transition_xgboost_v0.1,1
C09-darpa-optc-sysclient0201-0923,stage,0.4,23,project05_m3star_h1_dual,1,4.0,3,C09-AA-001|C09-AA-002|C09-AA-003,4.0,1.0,0,0,0,m3star_graph_action_value_xgboost_v0.3,m3star_graph_action_reachability_xgboost_v0.1,m3star_graph_action_value_xgboost_v0.3,11.0,0,1,1,0,development,0,0,0,1.0,G3_campaign,1.0,3,1,G2_tactic_intent,2,0,1,1,1,1,0,,8,1,3.0,C09-AA-002,0.5444,0,2,project05-m3star-runtime-contract-v0.8,e1d6d08bf93f3ff400361ad947d95002dcf97cc68957c58c831e6a4fdb5c2953,0.8.0,3,1,G3_campaign,G3_campaign,m3star_graph_transition_xgboost_v0.1,1
C09-darpa-optc-sysclient0201-0923,stage,0.4,23,project05_xgboost_policy,1,4.0,3,C09-AA-001|C09-AA-002|C09-AA-003,4.0,1.0,0,0,0,,,,11.0,0,1,1,,development,,0,0,1.0,G3_campaign,1.0,,1,G2_tactic_intent,2,0,,,,,,,,,3.0,C09-AA-002,0.5444,,2,,,,3,,G3_campaign,G3_campaign,,1
C09-darpa-optc-sysclient0201-0923,stage,0.4,23,project05_m3b_policy,1,4.0,3,C09-AA-001|C09-AA-002|C09-AA-003,4.0,1.0,0,0,0,,,,11.0,0,1,1,,development,,0,0,1.0,G3_campaign,1.0,,1,G2_tactic_intent,2,0,,,,,,,,,3.0,C09-AA-002,0.5444,,2,,,,3,,G3_campaign,G3_campaign,,1
C09-darpa-optc-sysclient0201-0923,stage,0.4,23,project05_m2,1,4.0,3,C09-AA-001|C09-AA-002|C09-AA-003,4.0,1.0,0,0,0,,,,11.0,0,1,1,,development,,0,0,1.0,G3_campaign,1.0,,1,G2_tactic_intent,2,0,,,,,,,,,3.0,C09-AA-002,0.5444,,2,,,,3,,G3_campaign,G3_campaign,,1
C09-darpa-optc-sysclient0201-0923,stage,0.4,23,oracle_optimal,1,3.0,2,C09-AA-002|C09-AA-003,3.0,0.0,1,0,0,,,,11.0,0,1,1,,development,,0,0,1.0,G3_campaign,1.0,,1,G2_tactic_intent,2,0,,,,,,,,,3.0,C09-AA-002,0.1,,2,,,,2,,G3_campaign,G3_campaign,,0
C09-darpa-optc-sysclient0201-0923,stage,0.4,37,project05_m3star_h3_dual,1,2.0,2,C09-AA-001|C09-AA-003,2.0,0.0,1,0,0,m3star_graph_action_value_xgboost_v0.3,m3star_graph_action_reachability_xgboost_v0.1,m3star_graph_action_value_xgboost_v0.3,11.0,0,1,1,0,development,0,0,0,1.0,G3_campaign,1.0,3,1,G2_tactic_intent,2,0,1,3,1,1,1,,8,1,2.0,C09-AA-001,0.0,1,2,project05-m3star-runtime-contract-v0.8,e1d6d08bf93f3ff400361ad947d95002dcf97cc68957c58c831e6a4fdb5c2953,0.8.0,2,1,G3_campaign,G3_campaign,m3star_graph_transition_xgboost_v0.1,0
C09-darpa-optc-sysclient0201-0923,stage,0.4,37,project05_m3star_h3_no_dominance_dual,1,2.0,2,C09-AA-001|C09-AA-003,2.0,0.0,1,0,0,m3star_graph_action_value_xgboost_v0.3,m3star_graph_action_reachability_xgboost_v0.1,m3star_graph_action_value_xgboost_v0.3,11.0,0,1,1,0,development,0,0,0,1.0,G3_campaign,1.0,3,1,G2_tactic_intent,2,0,1,3,0,1,0,,8,1,2.0,C09-AA-001,0.0,0,2,project05-m3star-runtime-contract-v0.8,e1d6d08bf93f3ff400361ad947d95002dcf97cc68957c58c831e6a4fdb5c2953,0.8.0,2,0,G3_campaign,G3_campaign,m3star_graph_transition_xgboost_v0.1,0
C09-darpa-optc-sysclient0201-0923,stage,0.4,37,project05_m3star_h3_unshielded_dual,1,2.0,2,C09-AA-003|C09-AA-001,2.0,0.0,0,0,0,m3star_graph_action_value_xgboost_v0.3,m3star_graph_action_reachability_xgboost_v0.1,m3star_graph_action_value_xgboost_v0.3,11.0,0,1,1,0,development,0,0,0,1.0,G3_campaign,1.0,2,1,G2_tactic_intent,2,0,0,3,1,1,0,,8,0,2.0,C09-AA-001,0.0,0,2,project05-m3star-runtime-contract-v0.8,e1d6d08bf93f3ff400361ad947d95002dcf97cc68957c58c831e6a4fdb5c2953,0.8.0,2,1,G3_campaign,G3_campaign,m3star_graph_transition_xgboost_v0.1,0
C09-darpa-optc-sysclient0201-0923,stage,0.4,37,project05_m3star_h3_transition_only,1,2.0,2,C09-AA-001|C09-AA-003,2.0,0.0,1,0,0,none,none,none,11.0,0,1,1,0,development,0,0,0,1.0,G3_campaign,1.0,0,1,G2_tactic_intent,2,0,1,3,1,0,0,,8,1,2.0,C09-AA-001,0.0,0,2,project05-m3star-runtime-contract-v0.8,e1d6d08bf93f3ff400361ad947d95002dcf97cc68957c58c831e6a4fdb5c2953,0.8.0,2,1,G3_campaign,G3_campaign,m3star_graph_transition_xgboost_v0.1,0
C09-darpa-optc-sysclient0201-0923,stage,0.4,37,project05_m3star_h1_dual,1,2.0,2,C09-AA-001|C09-AA-003,2.0,0.0,1,0,0,m3star_graph_action_value_xgboost_v0.3,m3star_graph_action_reachability_xgboost_v0.1,m3star_graph_action_value_xgboost_v0.3,11.0,0,1,1,0,development,0,0,0,1.0,G3_campaign,1.0,3,1,G2_tactic_intent,2,0,1,1,1,1,0,,8,1,2.0,C09-AA-001,0.0,0,2,project05-m3star-runtime-contract-v0.8,e1d6d08bf93f3ff400361ad947d95002dcf97cc68957c58c831e6a4fdb5c2953,0.8.0,2,1,G3_campaign,G3_campaign,m3star_graph_transition_xgboost_v0.1,0
C09-darpa-optc-sysclient0201-0923,stage,0.4,37,project05_xgboost_policy,1,4.0,3,C09-AA-001|C09-AA-002|C09-AA-003,4.0,2.0,1,0,0,,,,11.0,0,1,1,,development,,0,0,1.0,G3_campaign,1.0,,1,G2_tactic_intent,2,0,,,,,,,,,2.0,C09-AA-001,0.5444,,2,,,,3,,G3_campaign,G3_campaign,,1
C09-darpa-optc-sysclient0201-0923,stage,0.4,37,project05_m3b_policy,1,2.0,2,C09-AA-001|C09-AA-003,2.0,0.0,1,0,0,,,,11.0,0,1,1,,development,,0,0,1.0,G3_campaign,1.0,,1,G2_tactic_intent,2,0,,,,,,,,,2.0,C09-AA-001,0.0,,2,,,,2,,G3_campaign,G3_campaign,,0
C09-darpa-optc-sysclient0201-0923,stage,0.4,37,project05_m2,1,2.0,2,C09-AA-001|C09-AA-003,2.0,0.0,1,0,0,,,,11.0,0,1,1,,development,,0,0,1.0,G3_campaign,1.0,,1,G2_tactic_intent,2,0,,,,,,,,,2.0,C09-AA-001,0.0,,2,,,,2,,G3_campaign,G3_campaign,,0
C09-darpa-optc-sysclient0201-0923,stage,0.4,37,oracle_optimal,1,2.0,2,C09-AA-001|C09-AA-003,2.0,0.0,1,0,0,,,,11.0,0,1,1,,development,,0,0,1.0,G3_campaign,1.0,,1,G2_tactic_intent,2,0,,,,,,,,,2.0,C09-AA-001,0.0,,2,,,,2,,G3_campaign,G3_campaign,,0
C09-darpa-optc-sysclient0201-0923,stage,0.4,41,project05_m3star_h3_dual,1,2.0,2,C09-AA-001|C09-AA-003,2.0,0.0,1,0,0,m3star_graph_action_value_xgboost_v0.3,m3star_graph_action_reachability_xgboost_v0.1,m3star_graph_action_value_xgboost_v0.3,11.0,0,1,1,0,development,0,0,0,1.0,G3_campaign,1.0,3,1,G2_tactic_intent,2,0,1,3,1,1,1,,8,1,2.0,C09-AA-001,0.0,1,2,project05-m3star-runtime-contract-v0.8,e1d6d08bf93f3ff400361ad947d95002dcf97cc68957c58c831e6a4fdb5c2953,0.8.0,2,1,G3_campaign,G3_campaign,m3star_graph_transition_xgboost_v0.1,0
C09-darpa-optc-sysclient0201-0923,stage,0.4,41,project05_m3star_h3_no_dominance_dual,1,2.0,2,C09-AA-001|C09-AA-003,2.0,0.0,1,0,0,m3star_graph_action_value_xgboost_v0.3,m3star_graph_action_reachability_xgboost_v0.1,m3star_graph_action_value_xgboost_v0.3,11.0,0,1,1,0,development,0,0,0,1.0,G3_campaign,1.0,3,1,G2_tactic_intent,2,0,1,3,0,1,0,,8,1,2.0,C09-AA-001,0.0,0,2,project05-m3star-runtime-contract-v0.8,e1d6d08bf93f3ff400361ad947d95002dcf97cc68957c58c831e6a4fdb5c2953,0.8.0,2,0,G3_campaign,G3_campaign,m3star_graph_transition_xgboost_v0.1,0
C09-darpa-optc-sysclient0201-0923,stage,0.4,41,project05_m3star_h3_unshielded_dual,1,2.0,2,C09-AA-003|C09-AA-001,2.0,0.0,0,0,0,m3star_graph_action_value_xgboost_v0.3,m3star_graph_action_reachability_xgboost_v0.1,m3star_graph_action_value_xgboost_v0.3,11.0,0,1,1,0,development,0,0,0,1.0,G3_campaign,1.0,2,1,G2_tactic_intent,2,0,0,3,1,1,0,,8,0,2.0,C09-AA-001,0.0,0,2,project05-m3star-runtime-contract-v0.8,e1d6d08bf93f3ff400361ad947d95002dcf97cc68957c58c831e6a4fdb5c2953,0.8.0,2,1,G3_campaign,G3_campaign,m3star_graph_transition_xgboost_v0.1,0
C09-darpa-optc-sysclient0201-0923,stage,0.4,41,project05_m3star_h3_transition_only,1,2.0,2,C09-AA-001|C09-AA-003,2.0,0.0,1,0,0,none,none,none,11.0,0,1,1,0,development,0,0,0,1.0,G3_campaign,1.0,0,1,G2_tactic_intent,2,0,1,3,1,0,0,,8,1,2.0,C09-AA-001,0.0,0,2,project05-m3star-runtime-contract-v0.8,e1d6d08bf93f3ff400361ad947d95002dcf97cc68957c58c831e6a4fdb5c2953,0.8.0,2,1,G3_campaign,G3_campaign,m3star_graph_transition_xgboost_v0.1,0
C09-darpa-optc-sysclient0201-0923,stage,0.4,41,project05_m3star_h1_dual,1,2.0,2,C09-AA-001|C09-AA-003,2.0,0.0,1,0,0,m3star_graph_action_value_xgboost_v0.3,m3star_graph_action_reachability_xgboost_v0.1,m3star_graph_action_value_xgboost_v0.3,11.0,0,1,1,0,development,0,0,0,1.0,G3_campaign,1.0,3,1,G2_tactic_intent,2,0,1,1,1,1,0,,8,1,2.0,C09-AA-001,0.0,0,2,project05-m3star-runtime-contract-v0.8,e1d6d08bf93f3ff400361ad947d95002dcf97cc68957c58c831e6a4fdb5c2953,0.8.0,2,1,G3_campaign,G3_campaign,m3star_graph_transition_xgboost_v0.1,0
C09-darpa-optc-sysclient0201-0923,stage,0.4,41,project05_xgboost_policy,1,4.0,3,C09-AA-001|C09-AA-002|C09-AA-003,4.0,2.0,1,0,0,,,,11.0,0,1,1,,development,,0,0,1.0,G3_campaign,1.0,,1,G2_tactic_intent,2,0,,,,,,,,,2.0,C09-AA-001,0.5444,,2,,,,3,,G3_campaign,G3_campaign,,1
C09-darpa-optc-sysclient0201-0923,stage,0.4,41,project05_m3b_policy,1,2.0,2,C09-AA-001|C09-AA-003,2.0,0.0,1,0,0,,,,11.0,0,1,1,,development,,0,0,1.0,G3_campaign,1.0,,1,G2_tactic_intent,2,0,,,,,,,,,2.0,C09-AA-001,0.0,,2,,,,2,,G3_campaign,G3_campaign,,0
C09-darpa-optc-sysclient0201-0923,stage,0.4,41,project05_m2,1,2.0,2,C09-AA-001|C09-AA-003,2.0,0.0,1,0,0,,,,11.0,0,1,1,,development,,0,0,1.0,G3_campaign,1.0,,1,G2_tactic_intent,2,0,,,,,,,,,2.0,C09-AA-001,0.0,,2,,,,2,,G3_campaign,G3_campaign,,0
C09-darpa-optc-sysclient0201-0923,stage,0.4,41,oracle_optimal,1,2.0,2,C09-AA-001|C09-AA-003,2.0,0.0,1,0,0,,,,11.0,0,1,1,,development,,0,0,1.0,G3_campaign,1.0,,1,G2_tactic_intent,2,0,,,,,,,,,2.0,C09-AA-001,0.0,,2,,,,2,,G3_campaign,G3_campaign,,0
C09-darpa-optc-sysclient0201-0923,stage,0.4,53,project05_m3star_h3_dual,1,2.0,2,C09-AA-001|C09-AA-003,2.0,0.0,1,0,0,m3star_graph_action_value_xgboost_v0.3,m3star_graph_action_reachability_xgboost_v0.1,m3star_graph_action_value_xgboost_v0.3,11.0,0,1,1,0,development,0,0,0,1.0,G3_campaign,1.0,3,1,G2_tactic_intent,2,0,1,3,1,1,1,,8,1,2.0,C09-AA-001,0.0,1,2,project05-m3star-runtime-contract-v0.8,e1d6d08bf93f3ff400361ad947d95002dcf97cc68957c58c831e6a4fdb5c2953,0.8.0,2,1,G3_campaign,G3_campaign,m3star_graph_transition_xgboost_v0.1,0
C09-darpa-optc-sysclient0201-0923,stage,0.4,53,project05_m3star_h3_no_dominance_dual,1,2.0,2,C09-AA-001|C09-AA-003,2.0,0.0,1,0,0,m3star_graph_action_value_xgboost_v0.3,m3star_graph_action_reachability_xgboost_v0.1,m3star_graph_action_value_xgboost_v0.3,11.0,0,1,1,0,development,0,0,0,1.0,G3_campaign,1.0,3,1,G2_tactic_intent,2,0,1,3,0,1,0,,8,1,2.0,C09-AA-001,0.0,0,2,project05-m3star-runtime-contract-v0.8,e1d6d08bf93f3ff400361ad947d95002dcf97cc68957c58c831e6a4fdb5c2953,0.8.0,2,0,G3_campaign,G3_campaign,m3star_graph_transition_xgboost_v0.1,0
C09-darpa-optc-sysclient0201-0923,stage,0.4,53,project05_m3star_h3_unshielded_dual,1,2.0,2,C09-AA-003|C09-AA-001,2.0,0.0,0,0,0,m3star_graph_action_value_xgboost_v0.3,m3star_graph_action_reachability_xgboost_v0.1,m3star_graph_action_value_xgboost_v0.3,11.0,0,1,1,0,development,0,0,0,1.0,G3_campaign,1.0,2,1,G2_tactic_intent,2,0,0,3,1,1,0,,8,0,2.0,C09-AA-001,0.0,0,2,project05-m3star-runtime-contract-v0.8,e1d6d08bf93f3ff400361ad947d95002dcf97cc68957c58c831e6a4fdb5c2953,0.8.0,2,1,G3_campaign,G3_campaign,m3star_graph_transition_xgboost_v0.1,0
C09-darpa-optc-sysclient0201-0923,stage,0.4,53,project05_m3star_h3_transition_only,1,2.0,2,C09-AA-001|C09-AA-003,2.0,0.0,1,0,0,none,none,none,11.0,0,1,1,0,development,0,0,0,1.0,G3_campaign,1.0,0,1,G2_tactic_intent,2,0,1,3,1,0,0,,8,1,2.0,C09-AA-001,0.0,0,2,project05-m3star-runtime-contract-v0.8,e1d6d08bf93f3ff400361ad947d95002dcf97cc68957c58c831e6a4fdb5c2953,0.8.0,2,1,G3_campaign,G3_campaign,m3star_graph_transition_xgboost_v0.1,0
C09-darpa-optc-sysclient0201-0923,stage,0.4,53,project05_m3star_h1_dual,1,2.0,2,C09-AA-001|C09-AA-003,2.0,0.0,1,0,0,m3star_graph_action_value_xgboost_v0.3,m3star_graph_action_reachability_xgboost_v0.1,m3star_graph_action_value_xgboost_v0.3,11.0,0,1,1,0,development,0,0,0,1.0,G3_campaign,1.0,3,1,G2_tactic_intent,2,0,1,1,1,1,0,,8,1,2.0,C09-AA-001,0.0,0,2,project05-m3star-runtime-contract-v0.8,e1d6d08bf93f3ff400361ad947d95002dcf97cc68957c58c831e6a4fdb5c2953,0.8.0,2,1,G3_campaign,G3_campaign,m3star_graph_transition_xgboost_v0.1,0
C09-darpa-optc-sysclient0201-0923,stage,0.4,53,project05_xgboost_policy,1,4.0,3,C09-AA-001|C09-AA-002|C09-AA-003,4.0,2.0,1,0,0,,,,11.0,0,1,1,,development,,0,0,1.0,G3_campaign,1.0,,1,G2_tactic_intent,2,0,,,,,,,,,2.0,C09-AA-001,0.5444,,2,,,,3,,G3_campaign,G3_campaign,,1
C09-darpa-optc-sysclient0201-0923,stage,0.4,53,project05_m3b_policy,1,2.0,2,C09-AA-001|C09-AA-003,2.0,0.0,1,0,0,,,,11.0,0,1,1,,development,,0,0,1.0,G3_campaign,1.0,,1,G2_tactic_intent,2,0,,,,,,,,,2.0,C09-AA-001,0.0,,2,,,,2,,G3_campaign,G3_campaign,,0
C09-darpa-optc-sysclient0201-0923,stage,0.4,53,project05_m2,1,2.0,2,C09-AA-001|C09-AA-003,2.0,0.0,1,0,0,,,,11.0,0,1,1,,development,,0,0,1.0,G3_campaign,1.0,,1,G2_tactic_intent,2,0,,,,,,,,,2.0,C09-AA-001,0.0,,2,,,,2,,G3_campaign,G3_campaign,,0
C09-darpa-optc-sysclient0201-0923,stage,0.4,53,oracle_optimal,1,2.0,2,C09-AA-001|C09-AA-003,2.0,0.0,1,0,0,,,,11.0,0,1,1,,development,,0,0,1.0,G3_campaign,1.0,,1,G2_tactic_intent,2,0,,,,,,,,,2.0,C09-AA-001,0.0,,2,,,,2,,G3_campaign,G3_campaign,,0
C09-darpa-optc-sysclient0201-0923,stage,0.6,11,project05_m3star_h3_dual,1,6.0,4,C09-AA-004|C09-AA-001|C09-AA-002|C09-AA-003,6.0,1.0,0,0,0,m3star_graph_action_value_xgboost_v0.3,m3star_graph_action_reachability_xgboost_v0.1,m3star_graph_action_value_xgboost_v0.3,11.0,0,1,1,0,development,0,0,0,1.0,G3_campaign,1.0,1,1,G1_technique,3,0,1,3,1,1,1,,8,1,5.0,C09-AA-002,0.5556,1,3,project05-m3star-runtime-contract-v0.8,e1d6d08bf93f3ff400361ad947d95002dcf97cc68957c58c831e6a4fdb5c2953,0.8.0,4,1,G3_campaign,G3_campaign,m3star_graph_transition_xgboost_v0.1,1
C09-darpa-optc-sysclient0201-0923,stage,0.6,11,project05_m3star_h3_no_dominance_dual,1,6.0,4,C09-AA-004|C09-AA-001|C09-AA-002|C09-AA-003,6.0,1.0,0,0,0,m3star_graph_action_value_xgboost_v0.3,m3star_graph_action_reachability_xgboost_v0.1,m3star_graph_action_value_xgboost_v0.3,11.0,0,1,1,0,development,0,0,0,1.0,G3_campaign,1.0,1,1,G1_technique,3,0,1,3,0,1,0,,8,1,5.0,C09-AA-002,0.5556,0,3,project05-m3star-runtime-contract-v0.8,e1d6d08bf93f3ff400361ad947d95002dcf97cc68957c58c831e6a4fdb5c2953,0.8.0,4,0,G3_campaign,G3_campaign,m3star_graph_transition_xgboost_v0.1,1
C09-darpa-optc-sysclient0201-0923,stage,0.6,11,project05_m3star_h3_unshielded_dual,1,6.0,4,C09-AA-003|C09-AA-001|C09-AA-002|C09-AA-004,6.0,1.0,0,0,0,m3star_graph_action_value_xgboost_v0.3,m3star_graph_action_reachability_xgboost_v0.1,m3star_graph_action_value_xgboost_v0.3,11.0,0,1,1,0,development,0,0,0,1.0,G3_campaign,1.0,2,1,G1_technique,3,0,0,3,1,1,0,,8,0,5.0,C09-AA-002,0.8889,0,3,project05-m3star-runtime-contract-v0.8,e1d6d08bf93f3ff400361ad947d95002dcf97cc68957c58c831e6a4fdb5c2953,0.8.0,4,1,G3_campaign,G3_campaign,m3star_graph_transition_xgboost_v0.1,1
C09-darpa-optc-sysclient0201-0923,stage,0.6,11,project05_m3star_h3_transition_only,1,6.0,4,C09-AA-004|C09-AA-001|C09-AA-002|C09-AA-003,6.0,1.0,0,0,0,none,none,none,11.0,0,1,1,0,development,0,0,0,1.0,G3_campaign,1.0,0,1,G1_technique,3,0,1,3,1,0,0,,8,1,5.0,C09-AA-002,0.5556,0,3,project05-m3star-runtime-contract-v0.8,e1d6d08bf93f3ff400361ad947d95002dcf97cc68957c58c831e6a4fdb5c2953,0.8.0,4,1,G3_campaign,G3_campaign,m3star_graph_transition_xgboost_v0.1,1
C09-darpa-optc-sysclient0201-0923,stage,0.6,11,project05_m3star_h1_dual,1,6.0,4,C09-AA-004|C09-AA-001|C09-AA-002|C09-AA-003,6.0,1.0,0,0,0,m3star_graph_action_value_xgboost_v0.3,m3star_graph_action_reachability_xgboost_v0.1,m3star_graph_action_value_xgboost_v0.3,11.0,0,1,1,0,development,0,0,0,1.0,G3_campaign,1.0,1,1,G1_technique,3,0,1,1,1,1,0,,8,1,5.0,C09-AA-002,0.5556,0,3,project05-m3star-runtime-contract-v0.8,e1d6d08bf93f3ff400361ad947d95002dcf97cc68957c58c831e6a4fdb5c2953,0.8.0,4,1,G3_campaign,G3_campaign,m3star_graph_transition_xgboost_v0.1,1
C09-darpa-optc-sysclient0201-0923,stage,0.6,11,project05_xgboost_policy,1,6.0,4,C09-AA-003|C09-AA-004|C09-AA-001|C09-AA-002,6.0,1.0,0,0,0,,,,11.0,0,1,1,,development,,0,0,1.0,G3_campaign,1.0,,1,G1_technique,3,0,,,,,,,,,5.0,C09-AA-002,0.6667,,3,,,,4,,G3_campaign,G3_campaign,,1
C09-darpa-optc-sysclient0201-0923,stage,0.6,11,project05_m3b_policy,1,6.0,4,C09-AA-003|C09-AA-004|C09-AA-001|C09-AA-002,6.0,1.0,0,0,0,,,,11.0,0,1,1,,development,,0,0,1.0,G3_campaign,1.0,,1,G1_technique,3,0,,,,,,,,,5.0,C09-AA-002,0.6667,,3,,,,4,,G3_campaign,G3_campaign,,1
C09-darpa-optc-sysclient0201-0923,stage,0.6,11,project05_m2,1,6.0,4,C09-AA-001|C09-AA-003|C09-AA-002|C09-AA-004,6.0,1.0,0,0,0,,,,11.0,0,1,1,,development,,0,0,1.0,G3_campaign,1.0,,1,G1_technique,3,0,,,,,,,,,5.0,C09-AA-002,0.8889,,3,,,,4,,G3_campaign,G3_campaign,,1
C09-darpa-optc-sysclient0201-0923,stage,0.6,11,oracle_optimal,1,5.0,3,C09-AA-002|C09-AA-003|C09-AA-004,5.0,0.0,1,0,0,,,,11.0,0,1,1,,development,,0,0,1.0,G3_campaign,1.0,,1,G1_technique,3,0,,,,,,,,,5.0,C09-AA-002,0.5444,,3,,,,3,,G3_campaign,G3_campaign,,0
C09-darpa-optc-sysclient0201-0923,stage,0.6,23,project05_m3star_h3_dual,1,6.0,4,C09-AA-004|C09-AA-001|C09-AA-002|C09-AA-003,6.0,1.0,0,0,0,m3star_graph_action_value_xgboost_v0.3,m3star_graph_action_reachability_xgboost_v0.1,m3star_graph_action_value_xgboost_v0.3,11.0,0,1,1,0,development,0,0,0,1.0,G3_campaign,1.0,1,1,G1_technique,3,0,1,3,1,1,1,,8,1,5.0,C09-AA-002,0.5556,1,3,project05-m3star-runtime-contract-v0.8,e1d6d08bf93f3ff400361ad947d95002dcf97cc68957c58c831e6a4fdb5c2953,0.8.0,4,1,G3_campaign,G3_campaign,m3star_graph_transition_xgboost_v0.1,1
C09-darpa-optc-sysclient0201-0923,stage,0.6,23,project05_m3star_h3_no_dominance_dual,1,6.0,4,C09-AA-004|C09-AA-001|C09-AA-002|C09-AA-003,6.0,1.0,0,0,0,m3star_graph_action_value_xgboost_v0.3,m3star_graph_action_reachability_xgboost_v0.1,m3star_graph_action_value_xgboost_v0.3,11.0,0,1,1,0,development,0,0,0,1.0,G3_campaign,1.0,1,1,G1_technique,3,0,1,3,0,1,0,,8,1,5.0,C09-AA-002,0.5556,0,3,project05-m3star-runtime-contract-v0.8,e1d6d08bf93f3ff400361ad947d95002dcf97cc68957c58c831e6a4fdb5c2953,0.8.0,4,0,G3_campaign,G3_campaign,m3star_graph_transition_xgboost_v0.1,1
C09-darpa-optc-sysclient0201-0923,stage,0.6,23,project05_m3star_h3_unshielded_dual,1,6.0,4,C09-AA-003|C09-AA-001|C09-AA-002|C09-AA-004,6.0,1.0,0,0,0,m3star_graph_action_value_xgboost_v0.3,m3star_graph_action_reachability_xgboost_v0.1,m3star_graph_action_value_xgboost_v0.3,11.0,0,1,1,0,development,0,0,0,1.0,G3_campaign,1.0,2,1,G1_technique,3,0,0,3,1,1,0,,8,0,5.0,C09-AA-002,0.8889,0,3,project05-m3star-runtime-contract-v0.8,e1d6d08bf93f3ff400361ad947d95002dcf97cc68957c58c831e6a4fdb5c2953,0.8.0,4,1,G3_campaign,G3_campaign,m3star_graph_transition_xgboost_v0.1,1
C09-darpa-optc-sysclient0201-0923,stage,0.6,23,project05_m3star_h3_transition_only,1,6.0,4,C09-AA-004|C09-AA-001|C09-AA-002|C09-AA-003,6.0,1.0,0,0,0,none,none,none,11.0,0,1,1,0,development,0,0,0,1.0,G3_campaign,1.0,0,1,G1_technique,3,0,1,3,1,0,0,,8,1,5.0,C09-AA-002,0.5556,0,3,project05-m3star-runtime-contract-v0.8,e1d6d08bf93f3ff400361ad947d95002dcf97cc68957c58c831e6a4fdb5c2953,0.8.0,4,1,G3_campaign,G3_campaign,m3star_graph_transition_xgboost_v0.1,1
C09-darpa-optc-sysclient0201-0923,stage,0.6,23,project05_m3star_h1_dual,1,6.0,4,C09-AA-004|C09-AA-001|C09-AA-002|C09-AA-003,6.0,1.0,0,0,0,m3star_graph_action_value_xgboost_v0.3,m3star_graph_action_reachability_xgboost_v0.1,m3star_graph_action_value_xgboost_v0.3,11.0,0,1,1,0,development,0,0,0,1.0,G3_campaign,1.0,1,1,G1_technique,3,0,1,1,1,1,0,,8,1,5.0,C09-AA-002,0.5556,0,3,project05-m3star-runtime-contract-v0.8,e1d6d08bf93f3ff400361ad947d95002dcf97cc68957c58c831e6a4fdb5c2953,0.8.0,4,1,G3_campaign,G3_campaign,m3star_graph_transition_xgboost_v0.1,1
C09-darpa-optc-sysclient0201-0923,stage,0.6,23,project05_xgboost_policy,1,6.0,4,C09-AA-003|C09-AA-004|C09-AA-001|C09-AA-002,6.0,1.0,0,0,0,,,,11.0,0,1,1,,development,,0,0,1.0,G3_campaign,1.0,,1,G1_technique,3,0,,,,,,,,,5.0,C09-AA-002,0.6667,,3,,,,4,,G3_campaign,G3_campaign,,1
C09-darpa-optc-sysclient0201-0923,stage,0.6,23,project05_m3b_policy,1,6.0,4,C09-AA-003|C09-AA-004|C09-AA-001|C09-AA-002,6.0,1.0,0,0,0,,,,11.0,0,1,1,,development,,0,0,1.0,G3_campaign,1.0,,1,G1_technique,3,0,,,,,,,,,5.0,C09-AA-002,0.6667,,3,,,,4,,G3_campaign,G3_campaign,,1
C09-darpa-optc-sysclient0201-0923,stage,0.6,23,project05_m2,1,6.0,4,C09-AA-001|C09-AA-003|C09-AA-002|C09-AA-004,6.0,1.0,0,0,0,,,,11.0,0,1,1,,development,,0,0,1.0,G3_campaign,1.0,,1,G1_technique,3,0,,,,,,,,,5.0,C09-AA-002,0.8889,,3,,,,4,,G3_campaign,G3_campaign,,1
C09-darpa-optc-sysclient0201-0923,stage,0.6,23,oracle_optimal,1,5.0,3,C09-AA-002|C09-AA-003|C09-AA-004,5.0,0.0,1,0,0,,,,11.0,0,1,1,,development,,0,0,1.0,G3_campaign,1.0,,1,G1_technique,3,0,,,,,,,,,5.0,C09-AA-002,0.5444,,3,,,,3,,G3_campaign,G3_campaign,,0
C09-darpa-optc-sysclient0201-0923,stage,0.6,37,project05_m3star_h3_dual,1,4.0,3,C09-AA-004|C09-AA-001|C09-AA-003,4.0,0.0,0,0,0,m3star_graph_action_value_xgboost_v0.3,m3star_graph_action_reachability_xgboost_v0.1,m3star_graph_action_value_xgboost_v0.3,11.0,0,1,1,0,development,0,0,0,1.0,G3_campaign,1.0,1,1,G1_technique,3,0,1,3,1,1,1,,8,1,4.0,C09-AA-001,0.1111,1,3,project05-m3star-runtime-contract-v0.8,e1d6d08bf93f3ff400361ad947d95002dcf97cc68957c58c831e6a4fdb5c2953,0.8.0,3,1,G3_campaign,G3_campaign,m3star_graph_transition_xgboost_v0.1,0
C09-darpa-optc-sysclient0201-0923,stage,0.6,37,project05_m3star_h3_no_dominance_dual,1,4.0,3,C09-AA-004|C09-AA-001|C09-AA-003,4.0,0.0,0,0,0,m3star_graph_action_value_xgboost_v0.3,m3star_graph_action_reachability_xgboost_v0.1,m3star_graph_action_value_xgboost_v0.3,11.0,0,1,1,0,development,0,0,0,1.0,G3_campaign,1.0,1,1,G1_technique,3,0,1,3,0,1,0,,8,1,4.0,C09-AA-001,0.1111,0,3,project05-m3star-runtime-contract-v0.8,e1d6d08bf93f3ff400361ad947d95002dcf97cc68957c58c831e6a4fdb5c2953,0.8.0,3,0,G3_campaign,G3_campaign,m3star_graph_transition_xgboost_v0.1,0
C09-darpa-optc-sysclient0201-0923,stage,0.6,37,project05_m3star_h3_unshielded_dual,1,6.0,4,C09-AA-003|C09-AA-001|C09-AA-005|C09-AA-004,6.0,2.0,0,0,0,m3star_graph_action_value_xgboost_v0.3,m3star_graph_action_reachability_xgboost_v0.1,m3star_graph_action_value_xgboost_v0.3,11.0,0,1,1,0,development,0,0,0,1.0,G3_campaign,1.0,2,1,G1_technique,3,0,0,3,1,1,0,,8,0,4.0,C09-AA-001,0.7222,0,3,project05-m3star-runtime-contract-v0.8,e1d6d08bf93f3ff400361ad947d95002dcf97cc68957c58c831e6a4fdb5c2953,0.8.0,4,1,G3_campaign,G3_campaign,m3star_graph_transition_xgboost_v0.1,1
C09-darpa-optc-sysclient0201-0923,stage,0.6,37,project05_m3star_h3_transition_only,1,4.0,3,C09-AA-004|C09-AA-001|C09-AA-003,4.0,0.0,0,0,0,none,none,none,11.0,0,1,1,0,development,0,0,0,1.0,G3_campaign,1.0,0,1,G1_technique,3,0,1,3,1,0,0,,8,1,4.0,C09-AA-001,0.1111,0,3,project05-m3star-runtime-contract-v0.8,e1d6d08bf93f3ff400361ad947d95002dcf97cc68957c58c831e6a4fdb5c2953,0.8.0,3,1,G3_campaign,G3_campaign,m3star_graph_transition_xgboost_v0.1,0
C09-darpa-optc-sysclient0201-0923,stage,0.6,37,project05_m3star_h1_dual,1,4.0,3,C09-AA-004|C09-AA-001|C09-AA-003,4.0,0.0,0,0,0,m3star_graph_action_value_xgboost_v0.3,m3star_graph_action_reachability_xgboost_v0.1,m3star_graph_action_value_xgboost_v0.3,11.0,0,1,1,0,development,0,0,0,1.0,G3_campaign,1.0,1,1,G1_technique,3,0,1,1,1,1,0,,8,1,4.0,C09-AA-001,0.1111,0,3,project05-m3star-runtime-contract-v0.8,e1d6d08bf93f3ff400361ad947d95002dcf97cc68957c58c831e6a4fdb5c2953,0.8.0,3,1,G3_campaign,G3_campaign,m3star_graph_transition_xgboost_v0.1,0
C09-darpa-optc-sysclient0201-0923,stage,0.6,37,project05_xgboost_policy,1,4.0,3,C09-AA-003|C09-AA-004|C09-AA-001,4.0,0.0,0,0,0,,,,11.0,0,1,1,,development,,0,0,1.0,G3_campaign,1.0,,1,G1_technique,3,0,,,,,,,,,4.0,C09-AA-001,0.2222,,3,,,,3,,G3_campaign,G3_campaign,,0
C09-darpa-optc-sysclient0201-0923,stage,0.6,37,project05_m3b_policy,1,4.0,3,C09-AA-003|C09-AA-004|C09-AA-001,4.0,0.0,0,0,0,,,,11.0,0,1,1,,development,,0,0,1.0,G3_campaign,1.0,,1,G1_technique,3,0,,,,,,,,,4.0,C09-AA-001,0.2222,,3,,,,3,,G3_campaign,G3_campaign,,0
C09-darpa-optc-sysclient0201-0923,stage,0.6,37,project05_m2,1,4.0,3,C09-AA-001|C09-AA-003|C09-AA-004,4.0,0.0,1,0,0,,,,11.0,0,1,1,,development,,0,0,1.0,G3_campaign,1.0,,1,G1_technique,3,0,,,,,,,,,4.0,C09-AA-001,0.2222,,3,,,,3,,G3_campaign,G3_campaign,,0
C09-darpa-optc-sysclient0201-0923,stage,0.6,37,oracle_optimal,1,4.0,3,C09-AA-001|C09-AA-003|C09-AA-004,4.0,0.0,1,0,0,,,,11.0,0,1,1,,development,,0,0,1.0,G3_campaign,1.0,,1,G1_technique,3,0,,,,,,,,,4.0,C09-AA-001,0.2222,,3,,,,3,,G3_campaign,G3_campaign,,0
C09-darpa-optc-sysclient0201-0923,stage,0.6,41,project05_m3star_h3_dual,1,4.0,3,C09-AA-004|C09-AA-001|C09-AA-003,4.0,0.0,0,0,0,m3star_graph_action_value_xgboost_v0.3,m3star_graph_action_reachability_xgboost_v0.1,m3star_graph_action_value_xgboost_v0.3,11.0,0,1,1,0,development,0,0,0,1.0,G3_campaign,1.0,1,1,G1_technique,3,0,1,3,1,1,1,,8,1,4.0,C09-AA-001,0.1111,1,3,project05-m3star-runtime-contract-v0.8,e1d6d08bf93f3ff400361ad947d95002dcf97cc68957c58c831e6a4fdb5c2953,0.8.0,3,1,G3_campaign,G3_campaign,m3star_graph_transition_xgboost_v0.1,0
C09-darpa-optc-sysclient0201-0923,stage,0.6,41,project05_m3star_h3_no_dominance_dual,1,4.0,3,C09-AA-004|C09-AA-001|C09-AA-003,4.0,0.0,0,0,0,m3star_graph_action_value_xgboost_v0.3,m3star_graph_action_reachability_xgboost_v0.1,m3star_graph_action_value_xgboost_v0.3,11.0,0,1,1,0,development,0,0,0,1.0,G3_campaign,1.0,1,1,G1_technique,3,0,1,3,0,1,0,,8,1,4.0,C09-AA-001,0.1111,0,3,project05-m3star-runtime-contract-v0.8,e1d6d08bf93f3ff400361ad947d95002dcf97cc68957c58c831e6a4fdb5c2953,0.8.0,3,0,G3_campaign,G3_campaign,m3star_graph_transition_xgboost_v0.1,0
C09-darpa-optc-sysclient0201-0923,stage,0.6,41,project05_m3star_h3_unshielded_dual,1,6.0,4,C09-AA-003|C09-AA-001|C09-AA-005|C09-AA-004,6.0,2.0,0,0,0,m3star_graph_action_value_xgboost_v0.3,m3star_graph_action_reachability_xgboost_v0.1,m3star_graph_action_value_xgboost_v0.3,11.0,0,1,1,0,development,0,0,0,1.0,G3_campaign,1.0,2,1,G1_technique,3,0,0,3,1,1,0,,8,0,4.0,C09-AA-001,0.7222,0,3,project05-m3star-runtime-contract-v0.8,e1d6d08bf93f3ff400361ad947d95002dcf97cc68957c58c831e6a4fdb5c2953,0.8.0,4,1,G3_campaign,G3_campaign,m3star_graph_transition_xgboost_v0.1,1
C09-darpa-optc-sysclient0201-0923,stage,0.6,41,project05_m3star_h3_transition_only,1,4.0,3,C09-AA-004|C09-AA-001|C09-AA-003,4.0,0.0,0,0,0,none,none,none,11.0,0,1,1,0,development,0,0,0,1.0,G3_campaign,1.0,0,1,G1_technique,3,0,1,3,1,0,0,,8,1,4.0,C09-AA-001,0.1111,0,3,project05-m3star-runtime-contract-v0.8,e1d6d08bf93f3ff400361ad947d95002dcf97cc68957c58c831e6a4fdb5c2953,0.8.0,3,1,G3_campaign,G3_campaign,m3star_graph_transition_xgboost_v0.1,0
C09-darpa-optc-sysclient0201-0923,stage,0.6,41,project05_m3star_h1_dual,1,4.0,3,C09-AA-004|C09-AA-001|C09-AA-003,4.0,0.0,0,0,0,m3star_graph_action_value_xgboost_v0.3,m3star_graph_action_reachability_xgboost_v0.1,m3star_graph_action_value_xgboost_v0.3,11.0,0,1,1,0,development,0,0,0,1.0,G3_campaign,1.0,1,1,G1_technique,3,0,1,1,1,1,0,,8,1,4.0,C09-AA-001,0.1111,0,3,project05-m3star-runtime-contract-v0.8,e1d6d08bf93f3ff400361ad947d95002dcf97cc68957c58c831e6a4fdb5c2953,0.8.0,3,1,G3_campaign,G3_campaign,m3star_graph_transition_xgboost_v0.1,0
C09-darpa-optc-sysclient0201-0923,stage,0.6,41,project05_xgboost_policy,1,4.0,3,C09-AA-003|C09-AA-004|C09-AA-001,4.0,0.0,0,0,0,,,,11.0,0,1,1,,development,,0,0,1.0,G3_campaign,1.0,,1,G1_technique,3,0,,,,,,,,,4.0,C09-AA-001,0.2222,,3,,,,3,,G3_campaign,G3_campaign,,0
C09-darpa-optc-sysclient0201-0923,stage,0.6,41,project05_m3b_policy,1,4.0,3,C09-AA-003|C09-AA-004|C09-AA-001,4.0,0.0,0,0,0,,,,11.0,0,1,1,,development,,0,0,1.0,G3_campaign,1.0,,1,G1_technique,3,0,,,,,,,,,4.0,C09-AA-001,0.2222,,3,,,,3,,G3_campaign,G3_campaign,,0
C09-darpa-optc-sysclient0201-0923,stage,0.6,41,project05_m2,1,4.0,3,C09-AA-001|C09-AA-003|C09-AA-004,4.0,0.0,1,0,0,,,,11.0,0,1,1,,development,,0,0,1.0,G3_campaign,1.0,,1,G1_technique,3,0,,,,,,,,,4.0,C09-AA-001,0.2222,,3,,,,3,,G3_campaign,G3_campaign,,0
C09-darpa-optc-sysclient0201-0923,stage,0.6,41,oracle_optimal,1,4.0,3,C09-AA-001|C09-AA-003|C09-AA-004,4.0,0.0,1,0,0,,,,11.0,0,1,1,,development,,0,0,1.0,G3_campaign,1.0,,1,G1_technique,3,0,,,,,,,,,4.0,C09-AA-001,0.2222,,3,,,,3,,G3_campaign,G3_campaign,,0
C09-darpa-optc-sysclient0201-0923,stage,0.6,53,project05_m3star_h3_dual,1,4.0,3,C09-AA-004|C09-AA-001|C09-AA-003,4.0,0.0,0,0,0,m3star_graph_action_value_xgboost_v0.3,m3star_graph_action_reachability_xgboost_v0.1,m3star_graph_action_value_xgboost_v0.3,11.0,0,1,1,0,development,0,0,0,1.0,G3_campaign,1.0,1,1,G1_technique,3,0,1,3,1,1,1,,8,1,4.0,C09-AA-001,0.1111,1,3,project05-m3star-runtime-contract-v0.8,e1d6d08bf93f3ff400361ad947d95002dcf97cc68957c58c831e6a4fdb5c2953,0.8.0,3,1,G3_campaign,G3_campaign,m3star_graph_transition_xgboost_v0.1,0
C09-darpa-optc-sysclient0201-0923,stage,0.6,53,project05_m3star_h3_no_dominance_dual,1,4.0,3,C09-AA-004|C09-AA-001|C09-AA-003,4.0,0.0,0,0,0,m3star_graph_action_value_xgboost_v0.3,m3star_graph_action_reachability_xgboost_v0.1,m3star_graph_action_value_xgboost_v0.3,11.0,0,1,1,0,development,0,0,0,1.0,G3_campaign,1.0,1,1,G1_technique,3,0,1,3,0,1,0,,8,1,4.0,C09-AA-001,0.1111,0,3,project05-m3star-runtime-contract-v0.8,e1d6d08bf93f3ff400361ad947d95002dcf97cc68957c58c831e6a4fdb5c2953,0.8.0,3,0,G3_campaign,G3_campaign,m3star_graph_transition_xgboost_v0.1,0
C09-darpa-optc-sysclient0201-0923,stage,0.6,53,project05_m3star_h3_unshielded_dual,1,6.0,4,C09-AA-003|C09-AA-001|C09-AA-005|C09-AA-004,6.0,2.0,0,0,0,m3star_graph_action_value_xgboost_v0.3,m3star_graph_action_reachability_xgboost_v0.1,m3star_graph_action_value_xgboost_v0.3,11.0,0,1,1,0,development,0,0,0,1.0,G3_campaign,1.0,2,1,G1_technique,3,0,0,3,1,1,0,,8,0,4.0,C09-AA-001,0.7222,0,3,project05-m3star-runtime-contract-v0.8,e1d6d08bf93f3ff400361ad947d95002dcf97cc68957c58c831e6a4fdb5c2953,0.8.0,4,1,G3_campaign,G3_campaign,m3star_graph_transition_xgboost_v0.1,1
C09-darpa-optc-sysclient0201-0923,stage,0.6,53,project05_m3star_h3_transition_only,1,4.0,3,C09-AA-004|C09-AA-001|C09-AA-003,4.0,0.0,0,0,0,none,none,none,11.0,0,1,1,0,development,0,0,0,1.0,G3_campaign,1.0,0,1,G1_technique,3,0,1,3,1,0,0,,8,1,4.0,C09-AA-001,0.1111,0,3,project05-m3star-runtime-contract-v0.8,e1d6d08bf93f3ff400361ad947d95002dcf97cc68957c58c831e6a4fdb5c2953,0.8.0,3,1,G3_campaign,G3_campaign,m3star_graph_transition_xgboost_v0.1,0
C09-darpa-optc-sysclient0201-0923,stage,0.6,53,project05_m3star_h1_dual,1,4.0,3,C09-AA-004|C09-AA-001|C09-AA-003,4.0,0.0,0,0,0,m3star_graph_action_value_xgboost_v0.3,m3star_graph_action_reachability_xgboost_v0.1,m3star_graph_action_value_xgboost_v0.3,11.0,0,1,1,0,development,0,0,0,1.0,G3_campaign,1.0,1,1,G1_technique,3,0,1,1,1,1,0,,8,1,4.0,C09-AA-001,0.1111,0,3,project05-m3star-runtime-contract-v0.8,e1d6d08bf93f3ff400361ad947d95002dcf97cc68957c58c831e6a4fdb5c2953,0.8.0,3,1,G3_campaign,G3_campaign,m3star_graph_transition_xgboost_v0.1,0
C09-darpa-optc-sysclient0201-0923,stage,0.6,53,project05_xgboost_policy,1,4.0,3,C09-AA-003|C09-AA-004|C09-AA-001,4.0,0.0,0,0,0,,,,11.0,0,1,1,,development,,0,0,1.0,G3_campaign,1.0,,1,G1_technique,3,0,,,,,,,,,4.0,C09-AA-001,0.2222,,3,,,,3,,G3_campaign,G3_campaign,,0
C09-darpa-optc-sysclient0201-0923,stage,0.6,53,project05_m3b_policy,1,4.0,3,C09-AA-003|C09-AA-004|C09-AA-001,4.0,0.0,0,0,0,,,,11.0,0,1,1,,development,,0,0,1.0,G3_campaign,1.0,,1,G1_technique,3,0,,,,,,,,,4.0,C09-AA-001,0.2222,,3,,,,3,,G3_campaign,G3_campaign,,0
C09-darpa-optc-sysclient0201-0923,stage,0.6,53,project05_m2,1,4.0,3,C09-AA-001|C09-AA-003|C09-AA-004,4.0,0.0,1,0,0,,,,11.0,0,1,1,,development,,0,0,1.0,G3_campaign,1.0,,1,G1_technique,3,0,,,,,,,,,4.0,C09-AA-001,0.2222,,3,,,,3,,G3_campaign,G3_campaign,,0
C09-darpa-optc-sysclient0201-0923,stage,0.6,53,oracle_optimal,1,4.0,3,C09-AA-001|C09-AA-003|C09-AA-004,4.0,0.0,1,0,0,,,,11.0,0,1,1,,development,,0,0,1.0,G3_campaign,1.0,,1,G1_technique,3,0,,,,,,,,,4.0,C09-AA-001,0.2222,,3,,,,3,,G3_campaign,G3_campaign,,0
C09-darpa-optc-sysclient0201-0923,discriminative,0.2,11,project05_m3star_h3_dual,1,3.0,2,C09-AA-001|C09-AA-002,3.0,1.0,0,0,0,m3star_graph_action_value_xgboost_v0.3,m3star_graph_action_reachability_xgboost_v0.1,m3star_graph_action_value_xgboost_v0.3,11.0,0,1,1,0,development,0,0,0,1.0,G3_campaign,1.0,2,1,G2_tactic_intent,1,0,1,3,1,1,1,,8,1,2.0,C09-AA-002,0.4444,1,1,project05-m3star-runtime-contract-v0.8,e1d6d08bf93f3ff400361ad947d95002dcf97cc68957c58c831e6a4fdb5c2953,0.8.0,2,1,G3_campaign,G3_campaign,m3star_graph_transition_xgboost_v0.1,1
C09-darpa-optc-sysclient0201-0923,discriminative,0.2,11,project05_m3star_h3_no_dominance_dual,1,3.0,2,C09-AA-001|C09-AA-002,3.0,1.0,0,0,0,m3star_graph_action_value_xgboost_v0.3,m3star_graph_action_reachability_xgboost_v0.1,m3star_graph_action_value_xgboost_v0.3,11.0,0,1,1,0,development,0,0,0,1.0,G3_campaign,1.0,2,1,G2_tactic_intent,1,0,1,3,0,1,0,,8,1,2.0,C09-AA-002,0.4444,0,1,project05-m3star-runtime-contract-v0.8,e1d6d08bf93f3ff400361ad947d95002dcf97cc68957c58c831e6a4fdb5c2953,0.8.0,2,0,G3_campaign,G3_campaign,m3star_graph_transition_xgboost_v0.1,1
C09-darpa-optc-sysclient0201-0923,discriminative,0.2,11,project05_m3star_h3_unshielded_dual,1,3.0,2,C09-AA-001|C09-AA-002,3.0,1.0,0,0,0,m3star_graph_action_value_xgboost_v0.3,m3star_graph_action_reachability_xgboost_v0.1,m3star_graph_action_value_xgboost_v0.3,11.0,0,1,1,0,development,0,0,0,1.0,G3_campaign,1.0,2,1,G2_tactic_intent,1,0,0,3,1,1,0,,8,0,2.0,C09-AA-002,0.4444,0,1,project05-m3star-runtime-contract-v0.8,e1d6d08bf93f3ff400361ad947d95002dcf97cc68957c58c831e6a4fdb5c2953,0.8.0,2,1,G3_campaign,G3_campaign,m3star_graph_transition_xgboost_v0.1,1
C09-darpa-optc-sysclient0201-0923,discriminative,0.2,11,project05_m3star_h3_transition_only,1,3.0,2,C09-AA-001|C09-AA-002,3.0,1.0,0,0,0,none,none,none,11.0,0,1,1,0,development,0,0,0,1.0,G3_campaign,1.0,0,1,G2_tactic_intent,1,0,1,3,1,0,0,,8,1,2.0,C09-AA-002,0.4444,0,1,project05-m3star-runtime-contract-v0.8,e1d6d08bf93f3ff400361ad947d95002dcf97cc68957c58c831e6a4fdb5c2953,0.8.0,2,1,G3_campaign,G3_campaign,m3star_graph_transition_xgboost_v0.1,1
C09-darpa-optc-sysclient0201-0923,discriminative,0.2,11,project05_m3star_h1_dual,1,3.0,2,C09-AA-001|C09-AA-002,3.0,1.0,0,0,0,m3star_graph_action_value_xgboost_v0.3,m3star_graph_action_reachability_xgboost_v0.1,m3star_graph_action_value_xgboost_v0.3,11.0,0,1,1,0,development,0,0,0,1.0,G3_campaign,1.0,2,1,G2_tactic_intent,1,0,1,1,1,1,0,,8,1,2.0,C09-AA-002,0.4444,0,1,project05-m3star-runtime-contract-v0.8,e1d6d08bf93f3ff400361ad947d95002dcf97cc68957c58c831e6a4fdb5c2953,0.8.0,2,1,G3_campaign,G3_campaign,m3star_graph_transition_xgboost_v0.1,1
C09-darpa-optc-sysclient0201-0923,discriminative,0.2,11,project05_xgboost_policy,1,3.0,2,C09-AA-001|C09-AA-002,3.0,1.0,0,0,0,,,,11.0,0,1,1,,development,,0,0,1.0,G3_campaign,1.0,,1,G2_tactic_intent,1,0,,,,,,,,,2.0,C09-AA-002,0.4444,,1,,,,2,,G3_campaign,G3_campaign,,1
C09-darpa-optc-sysclient0201-0923,discriminative,0.2,11,project05_m3b_policy,1,3.0,2,C09-AA-001|C09-AA-002,3.0,1.0,0,0,0,,,,11.0,0,1,1,,development,,0,0,1.0,G3_campaign,1.0,,1,G2_tactic_intent,1,0,,,,,,,,,2.0,C09-AA-002,0.4444,,1,,,,2,,G3_campaign,G3_campaign,,1
C09-darpa-optc-sysclient0201-0923,discriminative,0.2,11,project05_m2,1,3.0,2,C09-AA-001|C09-AA-002,3.0,1.0,0,0,0,,,,11.0,0,1,1,,development,,0,0,1.0,G3_campaign,1.0,,1,G2_tactic_intent,1,0,,,,,,,,,2.0,C09-AA-002,0.4444,,1,,,,2,,G3_campaign,G3_campaign,,1
C09-darpa-optc-sysclient0201-0923,discriminative,0.2,11,oracle_optimal,1,2.0,1,C09-AA-002,2.0,0.0,1,0,0,,,,11.0,0,1,1,,development,,0,0,1.0,G3_campaign,1.0,,1,G2_tactic_intent,1,0,,,,,,,,,2.0,C09-AA-002,0.0,,1,,,,1,,G3_campaign,G3_campaign,,0
C09-darpa-optc-sysclient0201-0923,discriminative,0.2,23,project05_m3star_h3_dual,1,3.0,2,C09-AA-001|C09-AA-002,3.0,1.0,0,0,0,m3star_graph_action_value_xgboost_v0.3,m3star_graph_action_reachability_xgboost_v0.1,m3star_graph_action_value_xgboost_v0.3,11.0,0,1,1,0,development,0,0,0,1.0,G3_campaign,1.0,2,1,G2_tactic_intent,1,0,1,3,1,1,1,,8,1,2.0,C09-AA-002,0.4444,1,1,project05-m3star-runtime-contract-v0.8,e1d6d08bf93f3ff400361ad947d95002dcf97cc68957c58c831e6a4fdb5c2953,0.8.0,2,1,G3_campaign,G3_campaign,m3star_graph_transition_xgboost_v0.1,1
C09-darpa-optc-sysclient0201-0923,discriminative,0.2,23,project05_m3star_h3_no_dominance_dual,1,3.0,2,C09-AA-001|C09-AA-002,3.0,1.0,0,0,0,m3star_graph_action_value_xgboost_v0.3,m3star_graph_action_reachability_xgboost_v0.1,m3star_graph_action_value_xgboost_v0.3,11.0,0,1,1,0,development,0,0,0,1.0,G3_campaign,1.0,2,1,G2_tactic_intent,1,0,1,3,0,1,0,,8,1,2.0,C09-AA-002,0.4444,0,1,project05-m3star-runtime-contract-v0.8,e1d6d08bf93f3ff400361ad947d95002dcf97cc68957c58c831e6a4fdb5c2953,0.8.0,2,0,G3_campaign,G3_campaign,m3star_graph_transition_xgboost_v0.1,1
C09-darpa-optc-sysclient0201-0923,discriminative,0.2,23,project05_m3star_h3_unshielded_dual,1,3.0,2,C09-AA-001|C09-AA-002,3.0,1.0,0,0,0,m3star_graph_action_value_xgboost_v0.3,m3star_graph_action_reachability_xgboost_v0.1,m3star_graph_action_value_xgboost_v0.3,11.0,0,1,1,0,development,0,0,0,1.0,G3_campaign,1.0,2,1,G2_tactic_intent,1,0,0,3,1,1,0,,8,0,2.0,C09-AA-002,0.4444,0,1,project05-m3star-runtime-contract-v0.8,e1d6d08bf93f3ff400361ad947d95002dcf97cc68957c58c831e6a4fdb5c2953,0.8.0,2,1,G3_campaign,G3_campaign,m3star_graph_transition_xgboost_v0.1,1
C09-darpa-optc-sysclient0201-0923,discriminative,0.2,23,project05_m3star_h3_transition_only,1,3.0,2,C09-AA-001|C09-AA-002,3.0,1.0,0,0,0,none,none,none,11.0,0,1,1,0,development,0,0,0,1.0,G3_campaign,1.0,0,1,G2_tactic_intent,1,0,1,3,1,0,0,,8,1,2.0,C09-AA-002,0.4444,0,1,project05-m3star-runtime-contract-v0.8,e1d6d08bf93f3ff400361ad947d95002dcf97cc68957c58c831e6a4fdb5c2953,0.8.0,2,1,G3_campaign,G3_campaign,m3star_graph_transition_xgboost_v0.1,1
C09-darpa-optc-sysclient0201-0923,discriminative,0.2,23,project05_m3star_h1_dual,1,3.0,2,C09-AA-001|C09-AA-002,3.0,1.0,0,0,0,m3star_graph_action_value_xgboost_v0.3,m3star_graph_action_reachability_xgboost_v0.1,m3star_graph_action_value_xgboost_v0.3,11.0,0,1,1,0,development,0,0,0,1.0,G3_campaign,1.0,2,1,G2_tactic_intent,1,0,1,1,1,1,0,,8,1,2.0,C09-AA-002,0.4444,0,1,project05-m3star-runtime-contract-v0.8,e1d6d08bf93f3ff400361ad947d95002dcf97cc68957c58c831e6a4fdb5c2953,0.8.0,2,1,G3_campaign,G3_campaign,m3star_graph_transition_xgboost_v0.1,1
C09-darpa-optc-sysclient0201-0923,discriminative,0.2,23,project05_xgboost_policy,1,3.0,2,C09-AA-001|C09-AA-002,3.0,1.0,0,0,0,,,,11.0,0,1,1,,development,,0,0,1.0,G3_campaign,1.0,,1,G2_tactic_intent,1,0,,,,,,,,,2.0,C09-AA-002,0.4444,,1,,,,2,,G3_campaign,G3_campaign,,1
C09-darpa-optc-sysclient0201-0923,discriminative,0.2,23,project05_m3b_policy,1,3.0,2,C09-AA-001|C09-AA-002,3.0,1.0,0,0,0,,,,11.0,0,1,1,,development,,0,0,1.0,G3_campaign,1.0,,1,G2_tactic_intent,1,0,,,,,,,,,2.0,C09-AA-002,0.4444,,1,,,,2,,G3_campaign,G3_campaign,,1
C09-darpa-optc-sysclient0201-0923,discriminative,0.2,23,project05_m2,1,3.0,2,C09-AA-001|C09-AA-002,3.0,1.0,0,0,0,,,,11.0,0,1,1,,development,,0,0,1.0,G3_campaign,1.0,,1,G2_tactic_intent,1,0,,,,,,,,,2.0,C09-AA-002,0.4444,,1,,,,2,,G3_campaign,G3_campaign,,1
C09-darpa-optc-sysclient0201-0923,discriminative,0.2,23,oracle_optimal,1,2.0,1,C09-AA-002,2.0,0.0,1,0,0,,,,11.0,0,1,1,,development,,0,0,1.0,G3_campaign,1.0,,1,G2_tactic_intent,1,0,,,,,,,,,2.0,C09-AA-002,0.0,,1,,,,1,,G3_campaign,G3_campaign,,0
C09-darpa-optc-sysclient0201-0923,discriminative,0.2,37,project05_m3star_h3_dual,1,1.0,1,C09-AA-001,1.0,0.0,1,0,0,m3star_graph_action_value_xgboost_v0.3,m3star_graph_action_reachability_xgboost_v0.1,m3star_graph_action_value_xgboost_v0.3,11.0,0,1,1,0,development,0,0,0,1.0,G3_campaign,1.0,2,1,G2_tactic_intent,1,0,1,3,1,1,1,,8,1,1.0,C09-AA-001,0.0,1,1,project05-m3star-runtime-contract-v0.8,e1d6d08bf93f3ff400361ad947d95002dcf97cc68957c58c831e6a4fdb5c2953,0.8.0,1,1,G3_campaign,G3_campaign,m3star_graph_transition_xgboost_v0.1,0
C09-darpa-optc-sysclient0201-0923,discriminative,0.2,37,project05_m3star_h3_no_dominance_dual,1,1.0,1,C09-AA-001,1.0,0.0,1,0,0,m3star_graph_action_value_xgboost_v0.3,m3star_graph_action_reachability_xgboost_v0.1,m3star_graph_action_value_xgboost_v0.3,11.0,0,1,1,0,development,0,0,0,1.0,G3_campaign,1.0,2,1,G2_tactic_intent,1,0,1,3,0,1,0,,8,1,1.0,C09-AA-001,0.0,0,1,project05-m3star-runtime-contract-v0.8,e1d6d08bf93f3ff400361ad947d95002dcf97cc68957c58c831e6a4fdb5c2953,0.8.0,1,0,G3_campaign,G3_campaign,m3star_graph_transition_xgboost_v0.1,0
C09-darpa-optc-sysclient0201-0923,discriminative,0.2,37,project05_m3star_h3_unshielded_dual,1,1.0,1,C09-AA-001,1.0,0.0,1,0,0,m3star_graph_action_value_xgboost_v0.3,m3star_graph_action_reachability_xgboost_v0.1,m3star_graph_action_value_xgboost_v0.3,11.0,0,1,1,0,development,0,0,0,1.0,G3_campaign,1.0,2,1,G2_tactic_intent,1,0,0,3,1,1,0,,8,0,1.0,C09-AA-001,0.0,0,1,project05-m3star-runtime-contract-v0.8,e1d6d08bf93f3ff400361ad947d95002dcf97cc68957c58c831e6a4fdb5c2953,0.8.0,1,1,G3_campaign,G3_campaign,m3star_graph_transition_xgboost_v0.1,0
C09-darpa-optc-sysclient0201-0923,discriminative,0.2,37,project05_m3star_h3_transition_only,1,1.0,1,C09-AA-001,1.0,0.0,1,0,0,none,none,none,11.0,0,1,1,0,development,0,0,0,1.0,G3_campaign,1.0,0,1,G2_tactic_intent,1,0,1,3,1,0,0,,8,1,1.0,C09-AA-001,0.0,0,1,project05-m3star-runtime-contract-v0.8,e1d6d08bf93f3ff400361ad947d95002dcf97cc68957c58c831e6a4fdb5c2953,0.8.0,1,1,G3_campaign,G3_campaign,m3star_graph_transition_xgboost_v0.1,0
C09-darpa-optc-sysclient0201-0923,discriminative,0.2,37,project05_m3star_h1_dual,1,1.0,1,C09-AA-001,1.0,0.0,1,0,0,m3star_graph_action_value_xgboost_v0.3,m3star_graph_action_reachability_xgboost_v0.1,m3star_graph_action_value_xgboost_v0.3,11.0,0,1,1,0,development,0,0,0,1.0,G3_campaign,1.0,2,1,G2_tactic_intent,1,0,1,1,1,1,0,,8,1,1.0,C09-AA-001,0.0,0,1,project05-m3star-runtime-contract-v0.8,e1d6d08bf93f3ff400361ad947d95002dcf97cc68957c58c831e6a4fdb5c2953,0.8.0,1,1,G3_campaign,G3_campaign,m3star_graph_transition_xgboost_v0.1,0
C09-darpa-optc-sysclient0201-0923,discriminative,0.2,37,project05_xgboost_policy,1,1.0,1,C09-AA-001,1.0,0.0,1,0,0,,,,11.0,0,1,1,,development,,0,0,1.0,G3_campaign,1.0,,1,G2_tactic_intent,1,0,,,,,,,,,1.0,C09-AA-001,0.0,,1,,,,1,,G3_campaign,G3_campaign,,0
C09-darpa-optc-sysclient0201-0923,discriminative,0.2,37,project05_m3b_policy,1,1.0,1,C09-AA-001,1.0,0.0,1,0,0,,,,11.0,0,1,1,,development,,0,0,1.0,G3_campaign,1.0,,1,G2_tactic_intent,1,0,,,,,,,,,1.0,C09-AA-001,0.0,,1,,,,1,,G3_campaign,G3_campaign,,0
C09-darpa-optc-sysclient0201-0923,discriminative,0.2,37,project05_m2,1,1.0,1,C09-AA-001,1.0,0.0,1,0,0,,,,11.0,0,1,1,,development,,0,0,1.0,G3_campaign,1.0,,1,G2_tactic_intent,1,0,,,,,,,,,1.0,C09-AA-001,0.0,,1,,,,1,,G3_campaign,G3_campaign,,0
C09-darpa-optc-sysclient0201-0923,discriminative,0.2,37,oracle_optimal,1,1.0,1,C09-AA-001,1.0,0.0,1,0,0,,,,11.0,0,1,1,,development,,0,0,1.0,G3_campaign,1.0,,1,G2_tactic_intent,1,0,,,,,,,,,1.0,C09-AA-001,0.0,,1,,,,1,,G3_campaign,G3_campaign,,0
C09-darpa-optc-sysclient0201-0923,discriminative,0.2,41,project05_m3star_h3_dual,1,1.0,1,C09-AA-001,1.0,0.0,1,0,0,m3star_graph_action_value_xgboost_v0.3,m3star_graph_action_reachability_xgboost_v0.1,m3star_graph_action_value_xgboost_v0.3,11.0,0,1,1,0,development,0,0,0,1.0,G3_campaign,1.0,2,1,G2_tactic_intent,1,0,1,3,1,1,1,,8,1,1.0,C09-AA-001,0.0,1,1,project05-m3star-runtime-contract-v0.8,e1d6d08bf93f3ff400361ad947d95002dcf97cc68957c58c831e6a4fdb5c2953,0.8.0,1,1,G3_campaign,G3_campaign,m3star_graph_transition_xgboost_v0.1,0
C09-darpa-optc-sysclient0201-0923,discriminative,0.2,41,project05_m3star_h3_no_dominance_dual,1,1.0,1,C09-AA-001,1.0,0.0,1,0,0,m3star_graph_action_value_xgboost_v0.3,m3star_graph_action_reachability_xgboost_v0.1,m3star_graph_action_value_xgboost_v0.3,11.0,0,1,1,0,development,0,0,0,1.0,G3_campaign,1.0,2,1,G2_tactic_intent,1,0,1,3,0,1,0,,8,1,1.0,C09-AA-001,0.0,0,1,project05-m3star-runtime-contract-v0.8,e1d6d08bf93f3ff400361ad947d95002dcf97cc68957c58c831e6a4fdb5c2953,0.8.0,1,0,G3_campaign,G3_campaign,m3star_graph_transition_xgboost_v0.1,0
C09-darpa-optc-sysclient0201-0923,discriminative,0.2,41,project05_m3star_h3_unshielded_dual,1,1.0,1,C09-AA-001,1.0,0.0,1,0,0,m3star_graph_action_value_xgboost_v0.3,m3star_graph_action_reachability_xgboost_v0.1,m3star_graph_action_value_xgboost_v0.3,11.0,0,1,1,0,development,0,0,0,1.0,G3_campaign,1.0,2,1,G2_tactic_intent,1,0,0,3,1,1,0,,8,0,1.0,C09-AA-001,0.0,0,1,project05-m3star-runtime-contract-v0.8,e1d6d08bf93f3ff400361ad947d95002dcf97cc68957c58c831e6a4fdb5c2953,0.8.0,1,1,G3_campaign,G3_campaign,m3star_graph_transition_xgboost_v0.1,0
C09-darpa-optc-sysclient0201-0923,discriminative,0.2,41,project05_m3star_h3_transition_only,1,1.0,1,C09-AA-001,1.0,0.0,1,0,0,none,none,none,11.0,0,1,1,0,development,0,0,0,1.0,G3_campaign,1.0,0,1,G2_tactic_intent,1,0,1,3,1,0,0,,8,1,1.0,C09-AA-001,0.0,0,1,project05-m3star-runtime-contract-v0.8,e1d6d08bf93f3ff400361ad947d95002dcf97cc68957c58c831e6a4fdb5c2953,0.8.0,1,1,G3_campaign,G3_campaign,m3star_graph_transition_xgboost_v0.1,0
C09-darpa-optc-sysclient0201-0923,discriminative,0.2,41,project05_m3star_h1_dual,1,1.0,1,C09-AA-001,1.0,0.0,1,0,0,m3star_graph_action_value_xgboost_v0.3,m3star_graph_action_reachability_xgboost_v0.1,m3star_graph_action_value_xgboost_v0.3,11.0,0,1,1,0,development,0,0,0,1.0,G3_campaign,1.0,2,1,G2_tactic_intent,1,0,1,1,1,1,0,,8,1,1.0,C09-AA-001,0.0,0,1,project05-m3star-runtime-contract-v0.8,e1d6d08bf93f3ff400361ad947d95002dcf97cc68957c58c831e6a4fdb5c2953,0.8.0,1,1,G3_campaign,G3_campaign,m3star_graph_transition_xgboost_v0.1,0
C09-darpa-optc-sysclient0201-0923,discriminative,0.2,41,project05_xgboost_policy,1,1.0,1,C09-AA-001,1.0,0.0,1,0,0,,,,11.0,0,1,1,,development,,0,0,1.0,G3_campaign,1.0,,1,G2_tactic_intent,1,0,,,,,,,,,1.0,C09-AA-001,0.0,,1,,,,1,,G3_campaign,G3_campaign,,0
C09-darpa-optc-sysclient0201-0923,discriminative,0.2,41,project05_m3b_policy,1,1.0,1,C09-AA-001,1.0,0.0,1,0,0,,,,11.0,0,1,1,,development,,0,0,1.0,G3_campaign,1.0,,1,G2_tactic_intent,1,0,,,,,,,,,1.0,C09-AA-001,0.0,,1,,,,1,,G3_campaign,G3_campaign,,0
C09-darpa-optc-sysclient0201-0923,discriminative,0.2,41,project05_m2,1,1.0,1,C09-AA-001,1.0,0.0,1,0,0,,,,11.0,0,1,1,,development,,0,0,1.0,G3_campaign,1.0,,1,G2_tactic_intent,1,0,,,,,,,,,1.0,C09-AA-001,0.0,,1,,,,1,,G3_campaign,G3_campaign,,0
C09-darpa-optc-sysclient0201-0923,discriminative,0.2,41,oracle_optimal,1,1.0,1,C09-AA-001,1.0,0.0,1,0,0,,,,11.0,0,1,1,,development,,0,0,1.0,G3_campaign,1.0,,1,G2_tactic_intent,1,0,,,,,,,,,1.0,C09-AA-001,0.0,,1,,,,1,,G3_campaign,G3_campaign,,0
C09-darpa-optc-sysclient0201-0923,discriminative,0.2,53,project05_m3star_h3_dual,1,1.0,1,C09-AA-001,1.0,0.0,1,0,0,m3star_graph_action_value_xgboost_v0.3,m3star_graph_action_reachability_xgboost_v0.1,m3star_graph_action_value_xgboost_v0.3,11.0,0,1,1,0,development,0,0,0,1.0,G3_campaign,1.0,2,1,G2_tactic_intent,1,0,1,3,1,1,1,,8,1,1.0,C09-AA-001,0.0,1,1,project05-m3star-runtime-contract-v0.8,e1d6d08bf93f3ff400361ad947d95002dcf97cc68957c58c831e6a4fdb5c2953,0.8.0,1,1,G3_campaign,G3_campaign,m3star_graph_transition_xgboost_v0.1,0
C09-darpa-optc-sysclient0201-0923,discriminative,0.2,53,project05_m3star_h3_no_dominance_dual,1,1.0,1,C09-AA-001,1.0,0.0,1,0,0,m3star_graph_action_value_xgboost_v0.3,m3star_graph_action_reachability_xgboost_v0.1,m3star_graph_action_value_xgboost_v0.3,11.0,0,1,1,0,development,0,0,0,1.0,G3_campaign,1.0,2,1,G2_tactic_intent,1,0,1,3,0,1,0,,8,1,1.0,C09-AA-001,0.0,0,1,project05-m3star-runtime-contract-v0.8,e1d6d08bf93f3ff400361ad947d95002dcf97cc68957c58c831e6a4fdb5c2953,0.8.0,1,0,G3_campaign,G3_campaign,m3star_graph_transition_xgboost_v0.1,0
C09-darpa-optc-sysclient0201-0923,discriminative,0.2,53,project05_m3star_h3_unshielded_dual,1,1.0,1,C09-AA-001,1.0,0.0,1,0,0,m3star_graph_action_value_xgboost_v0.3,m3star_graph_action_reachability_xgboost_v0.1,m3star_graph_action_value_xgboost_v0.3,11.0,0,1,1,0,development,0,0,0,1.0,G3_campaign,1.0,2,1,G2_tactic_intent,1,0,0,3,1,1,0,,8,0,1.0,C09-AA-001,0.0,0,1,project05-m3star-runtime-contract-v0.8,e1d6d08bf93f3ff400361ad947d95002dcf97cc68957c58c831e6a4fdb5c2953,0.8.0,1,1,G3_campaign,G3_campaign,m3star_graph_transition_xgboost_v0.1,0
C09-darpa-optc-sysclient0201-0923,discriminative,0.2,53,project05_m3star_h3_transition_only,1,1.0,1,C09-AA-001,1.0,0.0,1,0,0,none,none,none,11.0,0,1,1,0,development,0,0,0,1.0,G3_campaign,1.0,0,1,G2_tactic_intent,1,0,1,3,1,0,0,,8,1,1.0,C09-AA-001,0.0,0,1,project05-m3star-runtime-contract-v0.8,e1d6d08bf93f3ff400361ad947d95002dcf97cc68957c58c831e6a4fdb5c2953,0.8.0,1,1,G3_campaign,G3_campaign,m3star_graph_transition_xgboost_v0.1,0
C09-darpa-optc-sysclient0201-0923,discriminative,0.2,53,project05_m3star_h1_dual,1,1.0,1,C09-AA-001,1.0,0.0,1,0,0,m3star_graph_action_value_xgboost_v0.3,m3star_graph_action_reachability_xgboost_v0.1,m3star_graph_action_value_xgboost_v0.3,11.0,0,1,1,0,development,0,0,0,1.0,G3_campaign,1.0,2,1,G2_tactic_intent,1,0,1,1,1,1,0,,8,1,1.0,C09-AA-001,0.0,0,1,project05-m3star-runtime-contract-v0.8,e1d6d08bf93f3ff400361ad947d95002dcf97cc68957c58c831e6a4fdb5c2953,0.8.0,1,1,G3_campaign,G3_campaign,m3star_graph_transition_xgboost_v0.1,0
C09-darpa-optc-sysclient0201-0923,discriminative,0.2,53,project05_xgboost_policy,1,1.0,1,C09-AA-001,1.0,0.0,1,0,0,,,,11.0,0,1,1,,development,,0,0,1.0,G3_campaign,1.0,,1,G2_tactic_intent,1,0,,,,,,,,,1.0,C09-AA-001,0.0,,1,,,,1,,G3_campaign,G3_campaign,,0
C09-darpa-optc-sysclient0201-0923,discriminative,0.2,53,project05_m3b_policy,1,1.0,1,C09-AA-001,1.0,0.0,1,0,0,,,,11.0,0,1,1,,development,,0,0,1.0,G3_campaign,1.0,,1,G2_tactic_intent,1,0,,,,,,,,,1.0,C09-AA-001,0.0,,1,,,,1,,G3_campaign,G3_campaign,,0
C09-darpa-optc-sysclient0201-0923,discriminative,0.2,53,project05_m2,1,1.0,1,C09-AA-001,1.0,0.0,1,0,0,,,,11.0,0,1,1,,development,,0,0,1.0,G3_campaign,1.0,,1,G2_tactic_intent,1,0,,,,,,,,,1.0,C09-AA-001,0.0,,1,,,,1,,G3_campaign,G3_campaign,,0
C09-darpa-optc-sysclient0201-0923,discriminative,0.2,53,oracle_optimal,1,1.0,1,C09-AA-001,1.0,0.0,1,0,0,,,,11.0,0,1,1,,development,,0,0,1.0,G3_campaign,1.0,,1,G2_tactic_intent,1,0,,,,,,,,,1.0,C09-AA-001,0.0,,1,,,,1,,G3_campaign,G3_campaign,,0
C09-darpa-optc-sysclient0201-0923,discriminative,0.4,11,project05_m3star_h3_dual,1,4.0,3,C09-AA-001|C09-AA-002|C09-AA-003,4.0,1.0,0,0,0,m3star_graph_action_value_xgboost_v0.3,m3star_graph_action_reachability_xgboost_v0.1,m3star_graph_action_value_xgboost_v0.3,11.0,0,1,1,0,development,0,0,0,1.0,G3_campaign,1.0,3,1,G2_tactic_intent,2,0,1,3,1,1,1,,8,1,3.0,C09-AA-002,0.5444,1,2,project05-m3star-runtime-contract-v0.8,e1d6d08bf93f3ff400361ad947d95002dcf97cc68957c58c831e6a4fdb5c2953,0.8.0,3,1,G3_campaign,G3_campaign,m3star_graph_transition_xgboost_v0.1,1
C09-darpa-optc-sysclient0201-0923,discriminative,0.4,11,project05_m3star_h3_no_dominance_dual,1,4.0,3,C09-AA-001|C09-AA-002|C09-AA-003,4.0,1.0,0,0,0,m3star_graph_action_value_xgboost_v0.3,m3star_graph_action_reachability_xgboost_v0.1,m3star_graph_action_value_xgboost_v0.3,11.0,0,1,1,0,development,0,0,0,1.0,G3_campaign,1.0,3,1,G2_tactic_intent,2,0,1,3,0,1,0,,8,1,3.0,C09-AA-002,0.5444,0,2,project05-m3star-runtime-contract-v0.8,e1d6d08bf93f3ff400361ad947d95002dcf97cc68957c58c831e6a4fdb5c2953,0.8.0,3,0,G3_campaign,G3_campaign,m3star_graph_transition_xgboost_v0.1,1
C09-darpa-optc-sysclient0201-0923,discriminative,0.4,11,project05_m3star_h3_unshielded_dual,1,4.0,3,C09-AA-003|C09-AA-001|C09-AA-002,4.0,1.0,0,0,0,m3star_graph_action_value_xgboost_v0.3,m3star_graph_action_reachability_xgboost_v0.1,m3star_graph_action_value_xgboost_v0.3,11.0,0,1,1,0,development,0,0,0,1.0,G3_campaign,1.0,2,1,G2_tactic_intent,2,0,0,3,1,1,0,,8,0,3.0,C09-AA-002,0.4444,0,2,project05-m3star-runtime-contract-v0.8,e1d6d08bf93f3ff400361ad947d95002dcf97cc68957c58c831e6a4fdb5c2953,0.8.0,3,1,G3_campaign,G3_campaign,m3star_graph_transition_xgboost_v0.1,1
C09-darpa-optc-sysclient0201-0923,discriminative,0.4,11,project05_m3star_h3_transition_only,1,4.0,3,C09-AA-001|C09-AA-002|C09-AA-003,4.0,1.0,0,0,0,none,none,none,11.0,0,1,1,0,development,0,0,0,1.0,G3_campaign,1.0,0,1,G2_tactic_intent,2,0,1,3,1,0,0,,8,1,3.0,C09-AA-002,0.5444,0,2,project05-m3star-runtime-contract-v0.8,e1d6d08bf93f3ff400361ad947d95002dcf97cc68957c58c831e6a4fdb5c2953,0.8.0,3,1,G3_campaign,G3_campaign,m3star_graph_transition_xgboost_v0.1,1
C09-darpa-optc-sysclient0201-0923,discriminative,0.4,11,project05_m3star_h1_dual,1,4.0,3,C09-AA-001|C09-AA-002|C09-AA-003,4.0,1.0,0,0,0,m3star_graph_action_value_xgboost_v0.3,m3star_graph_action_reachability_xgboost_v0.1,m3star_graph_action_value_xgboost_v0.3,11.0,0,1,1,0,development,0,0,0,1.0,G3_campaign,1.0,3,1,G2_tactic_intent,2,0,1,1,1,1,0,,8,1,3.0,C09-AA-002,0.5444,0,2,project05-m3star-runtime-contract-v0.8,e1d6d08bf93f3ff400361ad947d95002dcf97cc68957c58c831e6a4fdb5c2953,0.8.0,3,1,G3_campaign,G3_campaign,m3star_graph_transition_xgboost_v0.1,1
C09-darpa-optc-sysclient0201-0923,discriminative,0.4,11,project05_xgboost_policy,1,4.0,3,C09-AA-001|C09-AA-002|C09-AA-003,4.0,1.0,0,0,0,,,,11.0,0,1,1,,development,,0,0,1.0,G3_campaign,1.0,,1,G2_tactic_intent,2,0,,,,,,,,,3.0,C09-AA-002,0.5444,,2,,,,3,,G3_campaign,G3_campaign,,1
C09-darpa-optc-sysclient0201-0923,discriminative,0.4,11,project05_m3b_policy,1,4.0,3,C09-AA-001|C09-AA-002|C09-AA-003,4.0,1.0,0,0,0,,,,11.0,0,1,1,,development,,0,0,1.0,G3_campaign,1.0,,1,G2_tactic_intent,2,0,,,,,,,,,3.0,C09-AA-002,0.5444,,2,,,,3,,G3_campaign,G3_campaign,,1
C09-darpa-optc-sysclient0201-0923,discriminative,0.4,11,project05_m2,1,4.0,3,C09-AA-001|C09-AA-002|C09-AA-003,4.0,1.0,0,0,0,,,,11.0,0,1,1,,development,,0,0,1.0,G3_campaign,1.0,,1,G2_tactic_intent,2,0,,,,,,,,,3.0,C09-AA-002,0.5444,,2,,,,3,,G3_campaign,G3_campaign,,1
C09-darpa-optc-sysclient0201-0923,discriminative,0.4,11,oracle_optimal,1,3.0,2,C09-AA-002|C09-AA-003,3.0,0.0,1,0,0,,,,11.0,0,1,1,,development,,0,0,1.0,G3_campaign,1.0,,1,G2_tactic_intent,2,0,,,,,,,,,3.0,C09-AA-002,0.1,,2,,,,2,,G3_campaign,G3_campaign,,0
C09-darpa-optc-sysclient0201-0923,discriminative,0.4,23,project05_m3star_h3_dual,1,4.0,3,C09-AA-001|C09-AA-002|C09-AA-003,4.0,1.0,0,0,0,m3star_graph_action_value_xgboost_v0.3,m3star_graph_action_reachability_xgboost_v0.1,m3star_graph_action_value_xgboost_v0.3,11.0,0,1,1,0,development,0,0,0,1.0,G3_campaign,1.0,3,1,G2_tactic_intent,2,0,1,3,1,1,1,,8,1,3.0,C09-AA-002,0.5444,1,2,project05-m3star-runtime-contract-v0.8,e1d6d08bf93f3ff400361ad947d95002dcf97cc68957c58c831e6a4fdb5c2953,0.8.0,3,1,G3_campaign,G3_campaign,m3star_graph_transition_xgboost_v0.1,1
C09-darpa-optc-sysclient0201-0923,discriminative,0.4,23,project05_m3star_h3_no_dominance_dual,1,4.0,3,C09-AA-001|C09-AA-002|C09-AA-003,4.0,1.0,0,0,0,m3star_graph_action_value_xgboost_v0.3,m3star_graph_action_reachability_xgboost_v0.1,m3star_graph_action_value_xgboost_v0.3,11.0,0,1,1,0,development,0,0,0,1.0,G3_campaign,1.0,3,1,G2_tactic_intent,2,0,1,3,0,1,0,,8,1,3.0,C09-AA-002,0.5444,0,2,project05-m3star-runtime-contract-v0.8,e1d6d08bf93f3ff400361ad947d95002dcf97cc68957c58c831e6a4fdb5c2953,0.8.0,3,0,G3_campaign,G3_campaign,m3star_graph_transition_xgboost_v0.1,1
C09-darpa-optc-sysclient0201-0923,discriminative,0.4,23,project05_m3star_h3_unshielded_dual,1,4.0,3,C09-AA-003|C09-AA-001|C09-AA-002,4.0,1.0,0,0,0,m3star_graph_action_value_xgboost_v0.3,m3star_graph_action_reachability_xgboost_v0.1,m3star_graph_action_value_xgboost_v0.3,11.0,0,1,1,0,development,0,0,0,1.0,G3_campaign,1.0,2,1,G2_tactic_intent,2,0,0,3,1,1,0,,8,0,3.0,C09-AA-002,0.4444,0,2,project05-m3star-runtime-contract-v0.8,e1d6d08bf93f3ff400361ad947d95002dcf97cc68957c58c831e6a4fdb5c2953,0.8.0,3,1,G3_campaign,G3_campaign,m3star_graph_transition_xgboost_v0.1,1
C09-darpa-optc-sysclient0201-0923,discriminative,0.4,23,project05_m3star_h3_transition_only,1,4.0,3,C09-AA-001|C09-AA-002|C09-AA-003,4.0,1.0,0,0,0,none,none,none,11.0,0,1,1,0,development,0,0,0,1.0,G3_campaign,1.0,0,1,G2_tactic_intent,2,0,1,3,1,0,0,,8,1,3.0,C09-AA-002,0.5444,0,2,project05-m3star-runtime-contract-v0.8,e1d6d08bf93f3ff400361ad947d95002dcf97cc68957c58c831e6a4fdb5c2953,0.8.0,3,1,G3_campaign,G3_campaign,m3star_graph_transition_xgboost_v0.1,1
C09-darpa-optc-sysclient0201-0923,discriminative,0.4,23,project05_m3star_h1_dual,1,4.0,3,C09-AA-001|C09-AA-002|C09-AA-003,4.0,1.0,0,0,0,m3star_graph_action_value_xgboost_v0.3,m3star_graph_action_reachability_xgboost_v0.1,m3star_graph_action_value_xgboost_v0.3,11.0,0,1,1,0,development,0,0,0,1.0,G3_campaign,1.0,3,1,G2_tactic_intent,2,0,1,1,1,1,0,,8,1,3.0,C09-AA-002,0.5444,0,2,project05-m3star-runtime-contract-v0.8,e1d6d08bf93f3ff400361ad947d95002dcf97cc68957c58c831e6a4fdb5c2953,0.8.0,3,1,G3_campaign,G3_campaign,m3star_graph_transition_xgboost_v0.1,1
C09-darpa-optc-sysclient0201-0923,discriminative,0.4,23,project05_xgboost_policy,1,4.0,3,C09-AA-001|C09-AA-002|C09-AA-003,4.0,1.0,0,0,0,,,,11.0,0,1,1,,development,,0,0,1.0,G3_campaign,1.0,,1,G2_tactic_intent,2,0,,,,,,,,,3.0,C09-AA-002,0.5444,,2,,,,3,,G3_campaign,G3_campaign,,1
C09-darpa-optc-sysclient0201-0923,discriminative,0.4,23,project05_m3b_policy,1,4.0,3,C09-AA-001|C09-AA-002|C09-AA-003,4.0,1.0,0,0,0,,,,11.0,0,1,1,,development,,0,0,1.0,G3_campaign,1.0,,1,G2_tactic_intent,2,0,,,,,,,,,3.0,C09-AA-002,0.5444,,2,,,,3,,G3_campaign,G3_campaign,,1
C09-darpa-optc-sysclient0201-0923,discriminative,0.4,23,project05_m2,1,4.0,3,C09-AA-001|C09-AA-002|C09-AA-003,4.0,1.0,0,0,0,,,,11.0,0,1,1,,development,,0,0,1.0,G3_campaign,1.0,,1,G2_tactic_intent,2,0,,,,,,,,,3.0,C09-AA-002,0.5444,,2,,,,3,,G3_campaign,G3_campaign,,1
C09-darpa-optc-sysclient0201-0923,discriminative,0.4,23,oracle_optimal,1,3.0,2,C09-AA-002|C09-AA-003,3.0,0.0,1,0,0,,,,11.0,0,1,1,,development,,0,0,1.0,G3_campaign,1.0,,1,G2_tactic_intent,2,0,,,,,,,,,3.0,C09-AA-002,0.1,,2,,,,2,,G3_campaign,G3_campaign,,0
C09-darpa-optc-sysclient0201-0923,discriminative,0.4,37,project05_m3star_h3_dual,1,2.0,2,C09-AA-001|C09-AA-003,2.0,0.0,1,0,0,m3star_graph_action_value_xgboost_v0.3,m3star_graph_action_reachability_xgboost_v0.1,m3star_graph_action_value_xgboost_v0.3,11.0,0,1,1,0,development,0,0,0,1.0,G3_campaign,1.0,3,1,G2_tactic_intent,2,0,1,3,1,1,1,,8,1,2.0,C09-AA-001,0.0,1,2,project05-m3star-runtime-contract-v0.8,e1d6d08bf93f3ff400361ad947d95002dcf97cc68957c58c831e6a4fdb5c2953,0.8.0,2,1,G3_campaign,G3_campaign,m3star_graph_transition_xgboost_v0.1,0
C09-darpa-optc-sysclient0201-0923,discriminative,0.4,37,project05_m3star_h3_no_dominance_dual,1,2.0,2,C09-AA-001|C09-AA-003,2.0,0.0,1,0,0,m3star_graph_action_value_xgboost_v0.3,m3star_graph_action_reachability_xgboost_v0.1,m3star_graph_action_value_xgboost_v0.3,11.0,0,1,1,0,development,0,0,0,1.0,G3_campaign,1.0,3,1,G2_tactic_intent,2,0,1,3,0,1,0,,8,1,2.0,C09-AA-001,0.0,0,2,project05-m3star-runtime-contract-v0.8,e1d6d08bf93f3ff400361ad947d95002dcf97cc68957c58c831e6a4fdb5c2953,0.8.0,2,0,G3_campaign,G3_campaign,m3star_graph_transition_xgboost_v0.1,0
C09-darpa-optc-sysclient0201-0923,discriminative,0.4,37,project05_m3star_h3_unshielded_dual,1,2.0,2,C09-AA-003|C09-AA-001,2.0,0.0,0,0,0,m3star_graph_action_value_xgboost_v0.3,m3star_graph_action_reachability_xgboost_v0.1,m3star_graph_action_value_xgboost_v0.3,11.0,0,1,1,0,development,0,0,0,1.0,G3_campaign,1.0,2,1,G2_tactic_intent,2,0,0,3,1,1,0,,8,0,2.0,C09-AA-001,0.0,0,2,project05-m3star-runtime-contract-v0.8,e1d6d08bf93f3ff400361ad947d95002dcf97cc68957c58c831e6a4fdb5c2953,0.8.0,2,1,G3_campaign,G3_campaign,m3star_graph_transition_xgboost_v0.1,0
C09-darpa-optc-sysclient0201-0923,discriminative,0.4,37,project05_m3star_h3_transition_only,1,2.0,2,C09-AA-001|C09-AA-003,2.0,0.0,1,0,0,none,none,none,11.0,0,1,1,0,development,0,0,0,1.0,G3_campaign,1.0,0,1,G2_tactic_intent,2,0,1,3,1,0,0,,8,1,2.0,C09-AA-001,0.0,0,2,project05-m3star-runtime-contract-v0.8,e1d6d08bf93f3ff400361ad947d95002dcf97cc68957c58c831e6a4fdb5c2953,0.8.0,2,1,G3_campaign,G3_campaign,m3star_graph_transition_xgboost_v0.1,0
C09-darpa-optc-sysclient0201-0923,discriminative,0.4,37,project05_m3star_h1_dual,1,2.0,2,C09-AA-001|C09-AA-003,2.0,0.0,1,0,0,m3star_graph_action_value_xgboost_v0.3,m3star_graph_action_reachability_xgboost_v0.1,m3star_graph_action_value_xgboost_v0.3,11.0,0,1,1,0,development,0,0,0,1.0,G3_campaign,1.0,3,1,G2_tactic_intent,2,0,1,1,1,1,0,,8,1,2.0,C09-AA-001,0.0,0,2,project05-m3star-runtime-contract-v0.8,e1d6d08bf93f3ff400361ad947d95002dcf97cc68957c58c831e6a4fdb5c2953,0.8.0,2,1,G3_campaign,G3_campaign,m3star_graph_transition_xgboost_v0.1,0
C09-darpa-optc-sysclient0201-0923,discriminative,0.4,37,project05_xgboost_policy,1,4.0,3,C09-AA-001|C09-AA-002|C09-AA-003,4.0,2.0,1,0,0,,,,11.0,0,1,1,,development,,0,0,1.0,G3_campaign,1.0,,1,G2_tactic_intent,2,0,,,,,,,,,2.0,C09-AA-001,0.5444,,2,,,,3,,G3_campaign,G3_campaign,,1
C09-darpa-optc-sysclient0201-0923,discriminative,0.4,37,project05_m3b_policy,1,2.0,2,C09-AA-001|C09-AA-003,2.0,0.0,1,0,0,,,,11.0,0,1,1,,development,,0,0,1.0,G3_campaign,1.0,,1,G2_tactic_intent,2,0,,,,,,,,,2.0,C09-AA-001,0.0,,2,,,,2,,G3_campaign,G3_campaign,,0
C09-darpa-optc-sysclient0201-0923,discriminative,0.4,37,project05_m2,1,2.0,2,C09-AA-001|C09-AA-003,2.0,0.0,1,0,0,,,,11.0,0,1,1,,development,,0,0,1.0,G3_campaign,1.0,,1,G2_tactic_intent,2,0,,,,,,,,,2.0,C09-AA-001,0.0,,2,,,,2,,G3_campaign,G3_campaign,,0
C09-darpa-optc-sysclient0201-0923,discriminative,0.4,37,oracle_optimal,1,2.0,2,C09-AA-001|C09-AA-003,2.0,0.0,1,0,0,,,,11.0,0,1,1,,development,,0,0,1.0,G3_campaign,1.0,,1,G2_tactic_intent,2,0,,,,,,,,,2.0,C09-AA-001,0.0,,2,,,,2,,G3_campaign,G3_campaign,,0
C09-darpa-optc-sysclient0201-0923,discriminative,0.4,41,project05_m3star_h3_dual,1,2.0,2,C09-AA-001|C09-AA-003,2.0,0.0,1,0,0,m3star_graph_action_value_xgboost_v0.3,m3star_graph_action_reachability_xgboost_v0.1,m3star_graph_action_value_xgboost_v0.3,11.0,0,1,1,0,development,0,0,0,1.0,G3_campaign,1.0,3,1,G2_tactic_intent,2,0,1,3,1,1,1,,8,1,2.0,C09-AA-001,0.0,1,2,project05-m3star-runtime-contract-v0.8,e1d6d08bf93f3ff400361ad947d95002dcf97cc68957c58c831e6a4fdb5c2953,0.8.0,2,1,G3_campaign,G3_campaign,m3star_graph_transition_xgboost_v0.1,0
C09-darpa-optc-sysclient0201-0923,discriminative,0.4,41,project05_m3star_h3_no_dominance_dual,1,2.0,2,C09-AA-001|C09-AA-003,2.0,0.0,1,0,0,m3star_graph_action_value_xgboost_v0.3,m3star_graph_action_reachability_xgboost_v0.1,m3star_graph_action_value_xgboost_v0.3,11.0,0,1,1,0,development,0,0,0,1.0,G3_campaign,1.0,3,1,G2_tactic_intent,2,0,1,3,0,1,0,,8,1,2.0,C09-AA-001,0.0,0,2,project05-m3star-runtime-contract-v0.8,e1d6d08bf93f3ff400361ad947d95002dcf97cc68957c58c831e6a4fdb5c2953,0.8.0,2,0,G3_campaign,G3_campaign,m3star_graph_transition_xgboost_v0.1,0
C09-darpa-optc-sysclient0201-0923,discriminative,0.4,41,project05_m3star_h3_unshielded_dual,1,2.0,2,C09-AA-003|C09-AA-001,2.0,0.0,0,0,0,m3star_graph_action_value_xgboost_v0.3,m3star_graph_action_reachability_xgboost_v0.1,m3star_graph_action_value_xgboost_v0.3,11.0,0,1,1,0,development,0,0,0,1.0,G3_campaign,1.0,2,1,G2_tactic_intent,2,0,0,3,1,1,0,,8,0,2.0,C09-AA-001,0.0,0,2,project05-m3star-runtime-contract-v0.8,e1d6d08bf93f3ff400361ad947d95002dcf97cc68957c58c831e6a4fdb5c2953,0.8.0,2,1,G3_campaign,G3_campaign,m3star_graph_transition_xgboost_v0.1,0
C09-darpa-optc-sysclient0201-0923,discriminative,0.4,41,project05_m3star_h3_transition_only,1,2.0,2,C09-AA-001|C09-AA-003,2.0,0.0,1,0,0,none,none,none,11.0,0,1,1,0,development,0,0,0,1.0,G3_campaign,1.0,0,1,G2_tactic_intent,2,0,1,3,1,0,0,,8,1,2.0,C09-AA-001,0.0,0,2,project05-m3star-runtime-contract-v0.8,e1d6d08bf93f3ff400361ad947d95002dcf97cc68957c58c831e6a4fdb5c2953,0.8.0,2,1,G3_campaign,G3_campaign,m3star_graph_transition_xgboost_v0.1,0
C09-darpa-optc-sysclient0201-0923,discriminative,0.4,41,project05_m3star_h1_dual,1,2.0,2,C09-AA-001|C09-AA-003,2.0,0.0,1,0,0,m3star_graph_action_value_xgboost_v0.3,m3star_graph_action_reachability_xgboost_v0.1,m3star_graph_action_value_xgboost_v0.3,11.0,0,1,1,0,development,0,0,0,1.0,G3_campaign,1.0,3,1,G2_tactic_intent,2,0,1,1,1,1,0,,8,1,2.0,C09-AA-001,0.0,0,2,project05-m3star-runtime-contract-v0.8,e1d6d08bf93f3ff400361ad947d95002dcf97cc68957c58c831e6a4fdb5c2953,0.8.0,2,1,G3_campaign,G3_campaign,m3star_graph_transition_xgboost_v0.1,0
C09-darpa-optc-sysclient0201-0923,discriminative,0.4,41,project05_xgboost_policy,1,4.0,3,C09-AA-001|C09-AA-002|C09-AA-003,4.0,2.0,1,0,0,,,,11.0,0,1,1,,development,,0,0,1.0,G3_campaign,1.0,,1,G2_tactic_intent,2,0,,,,,,,,,2.0,C09-AA-001,0.5444,,2,,,,3,,G3_campaign,G3_campaign,,1
C09-darpa-optc-sysclient0201-0923,discriminative,0.4,41,project05_m3b_policy,1,2.0,2,C09-AA-001|C09-AA-003,2.0,0.0,1,0,0,,,,11.0,0,1,1,,development,,0,0,1.0,G3_campaign,1.0,,1,G2_tactic_intent,2,0,,,,,,,,,2.0,C09-AA-001,0.0,,2,,,,2,,G3_campaign,G3_campaign,,0
C09-darpa-optc-sysclient0201-0923,discriminative,0.4,41,project05_m2,1,2.0,2,C09-AA-001|C09-AA-003,2.0,0.0,1,0,0,,,,11.0,0,1,1,,development,,0,0,1.0,G3_campaign,1.0,,1,G2_tactic_intent,2,0,,,,,,,,,2.0,C09-AA-001,0.0,,2,,,,2,,G3_campaign,G3_campaign,,0
C09-darpa-optc-sysclient0201-0923,discriminative,0.4,41,oracle_optimal,1,2.0,2,C09-AA-001|C09-AA-003,2.0,0.0,1,0,0,,,,11.0,0,1,1,,development,,0,0,1.0,G3_campaign,1.0,,1,G2_tactic_intent,2,0,,,,,,,,,2.0,C09-AA-001,0.0,,2,,,,2,,G3_campaign,G3_campaign,,0
C09-darpa-optc-sysclient0201-0923,discriminative,0.4,53,project05_m3star_h3_dual,1,2.0,2,C09-AA-001|C09-AA-003,2.0,0.0,1,0,0,m3star_graph_action_value_xgboost_v0.3,m3star_graph_action_reachability_xgboost_v0.1,m3star_graph_action_value_xgboost_v0.3,11.0,0,1,1,0,development,0,0,0,1.0,G3_campaign,1.0,3,1,G2_tactic_intent,2,0,1,3,1,1,1,,8,1,2.0,C09-AA-001,0.0,1,2,project05-m3star-runtime-contract-v0.8,e1d6d08bf93f3ff400361ad947d95002dcf97cc68957c58c831e6a4fdb5c2953,0.8.0,2,1,G3_campaign,G3_campaign,m3star_graph_transition_xgboost_v0.1,0
C09-darpa-optc-sysclient0201-0923,discriminative,0.4,53,project05_m3star_h3_no_dominance_dual,1,2.0,2,C09-AA-001|C09-AA-003,2.0,0.0,1,0,0,m3star_graph_action_value_xgboost_v0.3,m3star_graph_action_reachability_xgboost_v0.1,m3star_graph_action_value_xgboost_v0.3,11.0,0,1,1,0,development,0,0,0,1.0,G3_campaign,1.0,3,1,G2_tactic_intent,2,0,1,3,0,1,0,,8,1,2.0,C09-AA-001,0.0,0,2,project05-m3star-runtime-contract-v0.8,e1d6d08bf93f3ff400361ad947d95002dcf97cc68957c58c831e6a4fdb5c2953,0.8.0,2,0,G3_campaign,G3_campaign,m3star_graph_transition_xgboost_v0.1,0
C09-darpa-optc-sysclient0201-0923,discriminative,0.4,53,project05_m3star_h3_unshielded_dual,1,2.0,2,C09-AA-003|C09-AA-001,2.0,0.0,0,0,0,m3star_graph_action_value_xgboost_v0.3,m3star_graph_action_reachability_xgboost_v0.1,m3star_graph_action_value_xgboost_v0.3,11.0,0,1,1,0,development,0,0,0,1.0,G3_campaign,1.0,2,1,G2_tactic_intent,2,0,0,3,1,1,0,,8,0,2.0,C09-AA-001,0.0,0,2,project05-m3star-runtime-contract-v0.8,e1d6d08bf93f3ff400361ad947d95002dcf97cc68957c58c831e6a4fdb5c2953,0.8.0,2,1,G3_campaign,G3_campaign,m3star_graph_transition_xgboost_v0.1,0
C09-darpa-optc-sysclient0201-0923,discriminative,0.4,53,project05_m3star_h3_transition_only,1,2.0,2,C09-AA-001|C09-AA-003,2.0,0.0,1,0,0,none,none,none,11.0,0,1,1,0,development,0,0,0,1.0,G3_campaign,1.0,0,1,G2_tactic_intent,2,0,1,3,1,0,0,,8,1,2.0,C09-AA-001,0.0,0,2,project05-m3star-runtime-contract-v0.8,e1d6d08bf93f3ff400361ad947d95002dcf97cc68957c58c831e6a4fdb5c2953,0.8.0,2,1,G3_campaign,G3_campaign,m3star_graph_transition_xgboost_v0.1,0
C09-darpa-optc-sysclient0201-0923,discriminative,0.4,53,project05_m3star_h1_dual,1,2.0,2,C09-AA-001|C09-AA-003,2.0,0.0,1,0,0,m3star_graph_action_value_xgboost_v0.3,m3star_graph_action_reachability_xgboost_v0.1,m3star_graph_action_value_xgboost_v0.3,11.0,0,1,1,0,development,0,0,0,1.0,G3_campaign,1.0,3,1,G2_tactic_intent,2,0,1,1,1,1,0,,8,1,2.0,C09-AA-001,0.0,0,2,project05-m3star-runtime-contract-v0.8,e1d6d08bf93f3ff400361ad947d95002dcf97cc68957c58c831e6a4fdb5c2953,0.8.0,2,1,G3_campaign,G3_campaign,m3star_graph_transition_xgboost_v0.1,0
C09-darpa-optc-sysclient0201-0923,discriminative,0.4,53,project05_xgboost_policy,1,4.0,3,C09-AA-001|C09-AA-002|C09-AA-003,4.0,2.0,1,0,0,,,,11.0,0,1,1,,development,,0,0,1.0,G3_campaign,1.0,,1,G2_tactic_intent,2,0,,,,,,,,,2.0,C09-AA-001,0.5444,,2,,,,3,,G3_campaign,G3_campaign,,1
C09-darpa-optc-sysclient0201-0923,discriminative,0.4,53,project05_m3b_policy,1,2.0,2,C09-AA-001|C09-AA-003,2.0,0.0,1,0,0,,,,11.0,0,1,1,,development,,0,0,1.0,G3_campaign,1.0,,1,G2_tactic_intent,2,0,,,,,,,,,2.0,C09-AA-001,0.0,,2,,,,2,,G3_campaign,G3_campaign,,0
C09-darpa-optc-sysclient0201-0923,discriminative,0.4,53,project05_m2,1,2.0,2,C09-AA-001|C09-AA-003,2.0,0.0,1,0,0,,,,11.0,0,1,1,,development,,0,0,1.0,G3_campaign,1.0,,1,G2_tactic_intent,2,0,,,,,,,,,2.0,C09-AA-001,0.0,,2,,,,2,,G3_campaign,G3_campaign,,0
C09-darpa-optc-sysclient0201-0923,discriminative,0.4,53,oracle_optimal,1,2.0,2,C09-AA-001|C09-AA-003,2.0,0.0,1,0,0,,,,11.0,0,1,1,,development,,0,0,1.0,G3_campaign,1.0,,1,G2_tactic_intent,2,0,,,,,,,,,2.0,C09-AA-001,0.0,,2,,,,2,,G3_campaign,G3_campaign,,0
C09-darpa-optc-sysclient0201-0923,discriminative,0.6,11,project05_m3star_h3_dual,1,6.0,4,C09-AA-004|C09-AA-001|C09-AA-002|C09-AA-003,6.0,1.0,0,0,0,m3star_graph_action_value_xgboost_v0.3,m3star_graph_action_reachability_xgboost_v0.1,m3star_graph_action_value_xgboost_v0.3,11.0,0,1,1,0,development,0,0,0,1.0,G3_campaign,1.0,1,1,G1_technique,3,0,1,3,1,1,1,,8,1,5.0,C09-AA-002,0.5556,1,3,project05-m3star-runtime-contract-v0.8,e1d6d08bf93f3ff400361ad947d95002dcf97cc68957c58c831e6a4fdb5c2953,0.8.0,4,1,G3_campaign,G3_campaign,m3star_graph_transition_xgboost_v0.1,1
C09-darpa-optc-sysclient0201-0923,discriminative,0.6,11,project05_m3star_h3_no_dominance_dual,1,6.0,4,C09-AA-004|C09-AA-001|C09-AA-002|C09-AA-003,6.0,1.0,0,0,0,m3star_graph_action_value_xgboost_v0.3,m3star_graph_action_reachability_xgboost_v0.1,m3star_graph_action_value_xgboost_v0.3,11.0,0,1,1,0,development,0,0,0,1.0,G3_campaign,1.0,1,1,G1_technique,3,0,1,3,0,1,0,,8,1,5.0,C09-AA-002,0.5556,0,3,project05-m3star-runtime-contract-v0.8,e1d6d08bf93f3ff400361ad947d95002dcf97cc68957c58c831e6a4fdb5c2953,0.8.0,4,0,G3_campaign,G3_campaign,m3star_graph_transition_xgboost_v0.1,1
C09-darpa-optc-sysclient0201-0923,discriminative,0.6,11,project05_m3star_h3_unshielded_dual,1,6.0,4,C09-AA-003|C09-AA-001|C09-AA-002|C09-AA-004,6.0,1.0,0,0,0,m3star_graph_action_value_xgboost_v0.3,m3star_graph_action_reachability_xgboost_v0.1,m3star_graph_action_value_xgboost_v0.3,11.0,0,1,1,0,development,0,0,0,1.0,G3_campaign,1.0,2,1,G1_technique,3,0,0,3,1,1,0,,8,0,5.0,C09-AA-002,0.8889,0,3,project05-m3star-runtime-contract-v0.8,e1d6d08bf93f3ff400361ad947d95002dcf97cc68957c58c831e6a4fdb5c2953,0.8.0,4,1,G3_campaign,G3_campaign,m3star_graph_transition_xgboost_v0.1,1
C09-darpa-optc-sysclient0201-0923,discriminative,0.6,11,project05_m3star_h3_transition_only,1,6.0,4,C09-AA-004|C09-AA-001|C09-AA-002|C09-AA-003,6.0,1.0,0,0,0,none,none,none,11.0,0,1,1,0,development,0,0,0,1.0,G3_campaign,1.0,0,1,G1_technique,3,0,1,3,1,0,0,,8,1,5.0,C09-AA-002,0.5556,0,3,project05-m3star-runtime-contract-v0.8,e1d6d08bf93f3ff400361ad947d95002dcf97cc68957c58c831e6a4fdb5c2953,0.8.0,4,1,G3_campaign,G3_campaign,m3star_graph_transition_xgboost_v0.1,1
C09-darpa-optc-sysclient0201-0923,discriminative,0.6,11,project05_m3star_h1_dual,1,6.0,4,C09-AA-004|C09-AA-001|C09-AA-002|C09-AA-003,6.0,1.0,0,0,0,m3star_graph_action_value_xgboost_v0.3,m3star_graph_action_reachability_xgboost_v0.1,m3star_graph_action_value_xgboost_v0.3,11.0,0,1,1,0,development,0,0,0,1.0,G3_campaign,1.0,1,1,G1_technique,3,0,1,1,1,1,0,,8,1,5.0,C09-AA-002,0.5556,0,3,project05-m3star-runtime-contract-v0.8,e1d6d08bf93f3ff400361ad947d95002dcf97cc68957c58c831e6a4fdb5c2953,0.8.0,4,1,G3_campaign,G3_campaign,m3star_graph_transition_xgboost_v0.1,1
C09-darpa-optc-sysclient0201-0923,discriminative,0.6,11,project05_xgboost_policy,1,6.0,4,C09-AA-003|C09-AA-004|C09-AA-001|C09-AA-002,6.0,1.0,0,0,0,,,,11.0,0,1,1,,development,,0,0,1.0,G3_campaign,1.0,,1,G1_technique,3,0,,,,,,,,,5.0,C09-AA-002,0.6667,,3,,,,4,,G3_campaign,G3_campaign,,1
C09-darpa-optc-sysclient0201-0923,discriminative,0.6,11,project05_m3b_policy,1,6.0,4,C09-AA-003|C09-AA-004|C09-AA-001|C09-AA-002,6.0,1.0,0,0,0,,,,11.0,0,1,1,,development,,0,0,1.0,G3_campaign,1.0,,1,G1_technique,3,0,,,,,,,,,5.0,C09-AA-002,0.6667,,3,,,,4,,G3_campaign,G3_campaign,,1
C09-darpa-optc-sysclient0201-0923,discriminative,0.6,11,project05_m2,1,6.0,4,C09-AA-001|C09-AA-003|C09-AA-002|C09-AA-004,6.0,1.0,0,0,0,,,,11.0,0,1,1,,development,,0,0,1.0,G3_campaign,1.0,,1,G1_technique,3,0,,,,,,,,,5.0,C09-AA-002,0.8889,,3,,,,4,,G3_campaign,G3_campaign,,1
C09-darpa-optc-sysclient0201-0923,discriminative,0.6,11,oracle_optimal,1,5.0,3,C09-AA-002|C09-AA-003|C09-AA-004,5.0,0.0,1,0,0,,,,11.0,0,1,1,,development,,0,0,1.0,G3_campaign,1.0,,1,G1_technique,3,0,,,,,,,,,5.0,C09-AA-002,0.5444,,3,,,,3,,G3_campaign,G3_campaign,,0
C09-darpa-optc-sysclient0201-0923,discriminative,0.6,23,project05_m3star_h3_dual,1,6.0,4,C09-AA-004|C09-AA-001|C09-AA-002|C09-AA-003,6.0,1.0,0,0,0,m3star_graph_action_value_xgboost_v0.3,m3star_graph_action_reachability_xgboost_v0.1,m3star_graph_action_value_xgboost_v0.3,11.0,0,1,1,0,development,0,0,0,1.0,G3_campaign,1.0,1,1,G1_technique,3,0,1,3,1,1,1,,8,1,5.0,C09-AA-002,0.5556,1,3,project05-m3star-runtime-contract-v0.8,e1d6d08bf93f3ff400361ad947d95002dcf97cc68957c58c831e6a4fdb5c2953,0.8.0,4,1,G3_campaign,G3_campaign,m3star_graph_transition_xgboost_v0.1,1
C09-darpa-optc-sysclient0201-0923,discriminative,0.6,23,project05_m3star_h3_no_dominance_dual,1,6.0,4,C09-AA-004|C09-AA-001|C09-AA-002|C09-AA-003,6.0,1.0,0,0,0,m3star_graph_action_value_xgboost_v0.3,m3star_graph_action_reachability_xgboost_v0.1,m3star_graph_action_value_xgboost_v0.3,11.0,0,1,1,0,development,0,0,0,1.0,G3_campaign,1.0,1,1,G1_technique,3,0,1,3,0,1,0,,8,1,5.0,C09-AA-002,0.5556,0,3,project05-m3star-runtime-contract-v0.8,e1d6d08bf93f3ff400361ad947d95002dcf97cc68957c58c831e6a4fdb5c2953,0.8.0,4,0,G3_campaign,G3_campaign,m3star_graph_transition_xgboost_v0.1,1
C09-darpa-optc-sysclient0201-0923,discriminative,0.6,23,project05_m3star_h3_unshielded_dual,1,6.0,4,C09-AA-003|C09-AA-001|C09-AA-002|C09-AA-004,6.0,1.0,0,0,0,m3star_graph_action_value_xgboost_v0.3,m3star_graph_action_reachability_xgboost_v0.1,m3star_graph_action_value_xgboost_v0.3,11.0,0,1,1,0,development,0,0,0,1.0,G3_campaign,1.0,2,1,G1_technique,3,0,0,3,1,1,0,,8,0,5.0,C09-AA-002,0.8889,0,3,project05-m3star-runtime-contract-v0.8,e1d6d08bf93f3ff400361ad947d95002dcf97cc68957c58c831e6a4fdb5c2953,0.8.0,4,1,G3_campaign,G3_campaign,m3star_graph_transition_xgboost_v0.1,1
C09-darpa-optc-sysclient0201-0923,discriminative,0.6,23,project05_m3star_h3_transition_only,1,6.0,4,C09-AA-004|C09-AA-001|C09-AA-002|C09-AA-003,6.0,1.0,0,0,0,none,none,none,11.0,0,1,1,0,development,0,0,0,1.0,G3_campaign,1.0,0,1,G1_technique,3,0,1,3,1,0,0,,8,1,5.0,C09-AA-002,0.5556,0,3,project05-m3star-runtime-contract-v0.8,e1d6d08bf93f3ff400361ad947d95002dcf97cc68957c58c831e6a4fdb5c2953,0.8.0,4,1,G3_campaign,G3_campaign,m3star_graph_transition_xgboost_v0.1,1
C09-darpa-optc-sysclient0201-0923,discriminative,0.6,23,project05_m3star_h1_dual,1,6.0,4,C09-AA-004|C09-AA-001|C09-AA-002|C09-AA-003,6.0,1.0,0,0,0,m3star_graph_action_value_xgboost_v0.3,m3star_graph_action_reachability_xgboost_v0.1,m3star_graph_action_value_xgboost_v0.3,11.0,0,1,1,0,development,0,0,0,1.0,G3_campaign,1.0,1,1,G1_technique,3,0,1,1,1,1,0,,8,1,5.0,C09-AA-002,0.5556,0,3,project05-m3star-runtime-contract-v0.8,e1d6d08bf93f3ff400361ad947d95002dcf97cc68957c58c831e6a4fdb5c2953,0.8.0,4,1,G3_campaign,G3_campaign,m3star_graph_transition_xgboost_v0.1,1
C09-darpa-optc-sysclient0201-0923,discriminative,0.6,23,project05_xgboost_policy,1,6.0,4,C09-AA-003|C09-AA-004|C09-AA-001|C09-AA-002,6.0,1.0,0,0,0,,,,11.0,0,1,1,,development,,0,0,1.0,G3_campaign,1.0,,1,G1_technique,3,0,,,,,,,,,5.0,C09-AA-002,0.6667,,3,,,,4,,G3_campaign,G3_campaign,,1
C09-darpa-optc-sysclient0201-0923,discriminative,0.6,23,project05_m3b_policy,1,6.0,4,C09-AA-003|C09-AA-004|C09-AA-001|C09-AA-002,6.0,1.0,0,0,0,,,,11.0,0,1,1,,development,,0,0,1.0,G3_campaign,1.0,,1,G1_technique,3,0,,,,,,,,,5.0,C09-AA-002,0.6667,,3,,,,4,,G3_campaign,G3_campaign,,1
C09-darpa-optc-sysclient0201-0923,discriminative,0.6,23,project05_m2,1,6.0,4,C09-AA-001|C09-AA-003|C09-AA-002|C09-AA-004,6.0,1.0,0,0,0,,,,11.0,0,1,1,,development,,0,0,1.0,G3_campaign,1.0,,1,G1_technique,3,0,,,,,,,,,5.0,C09-AA-002,0.8889,,3,,,,4,,G3_campaign,G3_campaign,,1
C09-darpa-optc-sysclient0201-0923,discriminative,0.6,23,oracle_optimal,1,5.0,3,C09-AA-002|C09-AA-003|C09-AA-004,5.0,0.0,1,0,0,,,,11.0,0,1,1,,development,,0,0,1.0,G3_campaign,1.0,,1,G1_technique,3,0,,,,,,,,,5.0,C09-AA-002,0.5444,,3,,,,3,,G3_campaign,G3_campaign,,0
C09-darpa-optc-sysclient0201-0923,discriminative,0.6,37,project05_m3star_h3_dual,1,4.0,3,C09-AA-004|C09-AA-001|C09-AA-003,4.0,0.0,0,0,0,m3star_graph_action_value_xgboost_v0.3,m3star_graph_action_reachability_xgboost_v0.1,m3star_graph_action_value_xgboost_v0.3,11.0,0,1,1,0,development,0,0,0,1.0,G3_campaign,1.0,1,1,G1_technique,3,0,1,3,1,1,1,,8,1,4.0,C09-AA-001,0.1111,1,3,project05-m3star-runtime-contract-v0.8,e1d6d08bf93f3ff400361ad947d95002dcf97cc68957c58c831e6a4fdb5c2953,0.8.0,3,1,G3_campaign,G3_campaign,m3star_graph_transition_xgboost_v0.1,0
C09-darpa-optc-sysclient0201-0923,discriminative,0.6,37,project05_m3star_h3_no_dominance_dual,1,4.0,3,C09-AA-004|C09-AA-001|C09-AA-003,4.0,0.0,0,0,0,m3star_graph_action_value_xgboost_v0.3,m3star_graph_action_reachability_xgboost_v0.1,m3star_graph_action_value_xgboost_v0.3,11.0,0,1,1,0,development,0,0,0,1.0,G3_campaign,1.0,1,1,G1_technique,3,0,1,3,0,1,0,,8,1,4.0,C09-AA-001,0.1111,0,3,project05-m3star-runtime-contract-v0.8,e1d6d08bf93f3ff400361ad947d95002dcf97cc68957c58c831e6a4fdb5c2953,0.8.0,3,0,G3_campaign,G3_campaign,m3star_graph_transition_xgboost_v0.1,0
C09-darpa-optc-sysclient0201-0923,discriminative,0.6,37,project05_m3star_h3_unshielded_dual,1,6.0,4,C09-AA-003|C09-AA-001|C09-AA-005|C09-AA-004,6.0,2.0,0,0,0,m3star_graph_action_value_xgboost_v0.3,m3star_graph_action_reachability_xgboost_v0.1,m3star_graph_action_value_xgboost_v0.3,11.0,0,1,1,0,development,0,0,0,1.0,G3_campaign,1.0,2,1,G1_technique,3,0,0,3,1,1,0,,8,0,4.0,C09-AA-001,0.7222,0,3,project05-m3star-runtime-contract-v0.8,e1d6d08bf93f3ff400361ad947d95002dcf97cc68957c58c831e6a4fdb5c2953,0.8.0,4,1,G3_campaign,G3_campaign,m3star_graph_transition_xgboost_v0.1,1
C09-darpa-optc-sysclient0201-0923,discriminative,0.6,37,project05_m3star_h3_transition_only,1,4.0,3,C09-AA-004|C09-AA-001|C09-AA-003,4.0,0.0,0,0,0,none,none,none,11.0,0,1,1,0,development,0,0,0,1.0,G3_campaign,1.0,0,1,G1_technique,3,0,1,3,1,0,0,,8,1,4.0,C09-AA-001,0.1111,0,3,project05-m3star-runtime-contract-v0.8,e1d6d08bf93f3ff400361ad947d95002dcf97cc68957c58c831e6a4fdb5c2953,0.8.0,3,1,G3_campaign,G3_campaign,m3star_graph_transition_xgboost_v0.1,0
C09-darpa-optc-sysclient0201-0923,discriminative,0.6,37,project05_m3star_h1_dual,1,4.0,3,C09-AA-004|C09-AA-001|C09-AA-003,4.0,0.0,0,0,0,m3star_graph_action_value_xgboost_v0.3,m3star_graph_action_reachability_xgboost_v0.1,m3star_graph_action_value_xgboost_v0.3,11.0,0,1,1,0,development,0,0,0,1.0,G3_campaign,1.0,1,1,G1_technique,3,0,1,1,1,1,0,,8,1,4.0,C09-AA-001,0.1111,0,3,project05-m3star-runtime-contract-v0.8,e1d6d08bf93f3ff400361ad947d95002dcf97cc68957c58c831e6a4fdb5c2953,0.8.0,3,1,G3_campaign,G3_campaign,m3star_graph_transition_xgboost_v0.1,0
C09-darpa-optc-sysclient0201-0923,discriminative,0.6,37,project05_xgboost_policy,1,4.0,3,C09-AA-003|C09-AA-004|C09-AA-001,4.0,0.0,0,0,0,,,,11.0,0,1,1,,development,,0,0,1.0,G3_campaign,1.0,,1,G1_technique,3,0,,,,,,,,,4.0,C09-AA-001,0.2222,,3,,,,3,,G3_campaign,G3_campaign,,0
C09-darpa-optc-sysclient0201-0923,discriminative,0.6,37,project05_m3b_policy,1,4.0,3,C09-AA-003|C09-AA-004|C09-AA-001,4.0,0.0,0,0,0,,,,11.0,0,1,1,,development,,0,0,1.0,G3_campaign,1.0,,1,G1_technique,3,0,,,,,,,,,4.0,C09-AA-001,0.2222,,3,,,,3,,G3_campaign,G3_campaign,,0
C09-darpa-optc-sysclient0201-0923,discriminative,0.6,37,project05_m2,1,4.0,3,C09-AA-001|C09-AA-003|C09-AA-004,4.0,0.0,1,0,0,,,,11.0,0,1,1,,development,,0,0,1.0,G3_campaign,1.0,,1,G1_technique,3,0,,,,,,,,,4.0,C09-AA-001,0.2222,,3,,,,3,,G3_campaign,G3_campaign,,0
C09-darpa-optc-sysclient0201-0923,discriminative,0.6,37,oracle_optimal,1,4.0,3,C09-AA-001|C09-AA-003|C09-AA-004,4.0,0.0,1,0,0,,,,11.0,0,1,1,,development,,0,0,1.0,G3_campaign,1.0,,1,G1_technique,3,0,,,,,,,,,4.0,C09-AA-001,0.2222,,3,,,,3,,G3_campaign,G3_campaign,,0
C09-darpa-optc-sysclient0201-0923,discriminative,0.6,41,project05_m3star_h3_dual,1,4.0,3,C09-AA-004|C09-AA-001|C09-AA-003,4.0,0.0,0,0,0,m3star_graph_action_value_xgboost_v0.3,m3star_graph_action_reachability_xgboost_v0.1,m3star_graph_action_value_xgboost_v0.3,11.0,0,1,1,0,development,0,0,0,1.0,G3_campaign,1.0,1,1,G1_technique,3,0,1,3,1,1,1,,8,1,4.0,C09-AA-001,0.1111,1,3,project05-m3star-runtime-contract-v0.8,e1d6d08bf93f3ff400361ad947d95002dcf97cc68957c58c831e6a4fdb5c2953,0.8.0,3,1,G3_campaign,G3_campaign,m3star_graph_transition_xgboost_v0.1,0
C09-darpa-optc-sysclient0201-0923,discriminative,0.6,41,project05_m3star_h3_no_dominance_dual,1,4.0,3,C09-AA-004|C09-AA-001|C09-AA-003,4.0,0.0,0,0,0,m3star_graph_action_value_xgboost_v0.3,m3star_graph_action_reachability_xgboost_v0.1,m3star_graph_action_value_xgboost_v0.3,11.0,0,1,1,0,development,0,0,0,1.0,G3_campaign,1.0,1,1,G1_technique,3,0,1,3,0,1,0,,8,1,4.0,C09-AA-001,0.1111,0,3,project05-m3star-runtime-contract-v0.8,e1d6d08bf93f3ff400361ad947d95002dcf97cc68957c58c831e6a4fdb5c2953,0.8.0,3,0,G3_campaign,G3_campaign,m3star_graph_transition_xgboost_v0.1,0
C09-darpa-optc-sysclient0201-0923,discriminative,0.6,41,project05_m3star_h3_unshielded_dual,1,6.0,4,C09-AA-003|C09-AA-001|C09-AA-005|C09-AA-004,6.0,2.0,0,0,0,m3star_graph_action_value_xgboost_v0.3,m3star_graph_action_reachability_xgboost_v0.1,m3star_graph_action_value_xgboost_v0.3,11.0,0,1,1,0,development,0,0,0,1.0,G3_campaign,1.0,2,1,G1_technique,3,0,0,3,1,1,0,,8,0,4.0,C09-AA-001,0.7222,0,3,project05-m3star-runtime-contract-v0.8,e1d6d08bf93f3ff400361ad947d95002dcf97cc68957c58c831e6a4fdb5c2953,0.8.0,4,1,G3_campaign,G3_campaign,m3star_graph_transition_xgboost_v0.1,1
C09-darpa-optc-sysclient0201-0923,discriminative,0.6,41,project05_m3star_h3_transition_only,1,4.0,3,C09-AA-004|C09-AA-001|C09-AA-003,4.0,0.0,0,0,0,none,none,none,11.0,0,1,1,0,development,0,0,0,1.0,G3_campaign,1.0,0,1,G1_technique,3,0,1,3,1,0,0,,8,1,4.0,C09-AA-001,0.1111,0,3,project05-m3star-runtime-contract-v0.8,e1d6d08bf93f3ff400361ad947d95002dcf97cc68957c58c831e6a4fdb5c2953,0.8.0,3,1,G3_campaign,G3_campaign,m3star_graph_transition_xgboost_v0.1,0
C09-darpa-optc-sysclient0201-0923,discriminative,0.6,41,project05_m3star_h1_dual,1,4.0,3,C09-AA-004|C09-AA-001|C09-AA-003,4.0,0.0,0,0,0,m3star_graph_action_value_xgboost_v0.3,m3star_graph_action_reachability_xgboost_v0.1,m3star_graph_action_value_xgboost_v0.3,11.0,0,1,1,0,development,0,0,0,1.0,G3_campaign,1.0,1,1,G1_technique,3,0,1,1,1,1,0,,8,1,4.0,C09-AA-001,0.1111,0,3,project05-m3star-runtime-contract-v0.8,e1d6d08bf93f3ff400361ad947d95002dcf97cc68957c58c831e6a4fdb5c2953,0.8.0,3,1,G3_campaign,G3_campaign,m3star_graph_transition_xgboost_v0.1,0
C09-darpa-optc-sysclient0201-0923,discriminative,0.6,41,project05_xgboost_policy,1,4.0,3,C09-AA-003|C09-AA-004|C09-AA-001,4.0,0.0,0,0,0,,,,11.0,0,1,1,,development,,0,0,1.0,G3_campaign,1.0,,1,G1_technique,3,0,,,,,,,,,4.0,C09-AA-001,0.2222,,3,,,,3,,G3_campaign,G3_campaign,,0
C09-darpa-optc-sysclient0201-0923,discriminative,0.6,41,project05_m3b_policy,1,4.0,3,C09-AA-003|C09-AA-004|C09-AA-001,4.0,0.0,0,0,0,,,,11.0,0,1,1,,development,,0,0,1.0,G3_campaign,1.0,,1,G1_technique,3,0,,,,,,,,,4.0,C09-AA-001,0.2222,,3,,,,3,,G3_campaign,G3_campaign,,0
C09-darpa-optc-sysclient0201-0923,discriminative,0.6,41,project05_m2,1,4.0,3,C09-AA-001|C09-AA-003|C09-AA-004,4.0,0.0,1,0,0,,,,11.0,0,1,1,,development,,0,0,1.0,G3_campaign,1.0,,1,G1_technique,3,0,,,,,,,,,4.0,C09-AA-001,0.2222,,3,,,,3,,G3_campaign,G3_campaign,,0
C09-darpa-optc-sysclient0201-0923,discriminative,0.6,41,oracle_optimal,1,4.0,3,C09-AA-001|C09-AA-003|C09-AA-004,4.0,0.0,1,0,0,,,,11.0,0,1,1,,development,,0,0,1.0,G3_campaign,1.0,,1,G1_technique,3,0,,,,,,,,,4.0,C09-AA-001,0.2222,,3,,,,3,,G3_campaign,G3_campaign,,0
C09-darpa-optc-sysclient0201-0923,discriminative,0.6,53,project05_m3star_h3_dual,1,4.0,3,C09-AA-004|C09-AA-001|C09-AA-003,4.0,0.0,0,0,0,m3star_graph_action_value_xgboost_v0.3,m3star_graph_action_reachability_xgboost_v0.1,m3star_graph_action_value_xgboost_v0.3,11.0,0,1,1,0,development,0,0,0,1.0,G3_campaign,1.0,1,1,G1_technique,3,0,1,3,1,1,1,,8,1,4.0,C09-AA-001,0.1111,1,3,project05-m3star-runtime-contract-v0.8,e1d6d08bf93f3ff400361ad947d95002dcf97cc68957c58c831e6a4fdb5c2953,0.8.0,3,1,G3_campaign,G3_campaign,m3star_graph_transition_xgboost_v0.1,0
C09-darpa-optc-sysclient0201-0923,discriminative,0.6,53,project05_m3star_h3_no_dominance_dual,1,4.0,3,C09-AA-004|C09-AA-001|C09-AA-003,4.0,0.0,0,0,0,m3star_graph_action_value_xgboost_v0.3,m3star_graph_action_reachability_xgboost_v0.1,m3star_graph_action_value_xgboost_v0.3,11.0,0,1,1,0,development,0,0,0,1.0,G3_campaign,1.0,1,1,G1_technique,3,0,1,3,0,1,0,,8,1,4.0,C09-AA-001,0.1111,0,3,project05-m3star-runtime-contract-v0.8,e1d6d08bf93f3ff400361ad947d95002dcf97cc68957c58c831e6a4fdb5c2953,0.8.0,3,0,G3_campaign,G3_campaign,m3star_graph_transition_xgboost_v0.1,0
C09-darpa-optc-sysclient0201-0923,discriminative,0.6,53,project05_m3star_h3_unshielded_dual,1,6.0,4,C09-AA-003|C09-AA-001|C09-AA-005|C09-AA-004,6.0,2.0,0,0,0,m3star_graph_action_value_xgboost_v0.3,m3star_graph_action_reachability_xgboost_v0.1,m3star_graph_action_value_xgboost_v0.3,11.0,0,1,1,0,development,0,0,0,1.0,G3_campaign,1.0,2,1,G1_technique,3,0,0,3,1,1,0,,8,0,4.0,C09-AA-001,0.7222,0,3,project05-m3star-runtime-contract-v0.8,e1d6d08bf93f3ff400361ad947d95002dcf97cc68957c58c831e6a4fdb5c2953,0.8.0,4,1,G3_campaign,G3_campaign,m3star_graph_transition_xgboost_v0.1,1
C09-darpa-optc-sysclient0201-0923,discriminative,0.6,53,project05_m3star_h3_transition_only,1,4.0,3,C09-AA-004|C09-AA-001|C09-AA-003,4.0,0.0,0,0,0,none,none,none,11.0,0,1,1,0,development,0,0,0,1.0,G3_campaign,1.0,0,1,G1_technique,3,0,1,3,1,0,0,,8,1,4.0,C09-AA-001,0.1111,0,3,project05-m3star-runtime-contract-v0.8,e1d6d08bf93f3ff400361ad947d95002dcf97cc68957c58c831e6a4fdb5c2953,0.8.0,3,1,G3_campaign,G3_campaign,m3star_graph_transition_xgboost_v0.1,0
C09-darpa-optc-sysclient0201-0923,discriminative,0.6,53,project05_m3star_h1_dual,1,4.0,3,C09-AA-004|C09-AA-001|C09-AA-003,4.0,0.0,0,0,0,m3star_graph_action_value_xgboost_v0.3,m3star_graph_action_reachability_xgboost_v0.1,m3star_graph_action_value_xgboost_v0.3,11.0,0,1,1,0,development,0,0,0,1.0,G3_campaign,1.0,1,1,G1_technique,3,0,1,1,1,1,0,,8,1,4.0,C09-AA-001,0.1111,0,3,project05-m3star-runtime-contract-v0.8,e1d6d08bf93f3ff400361ad947d95002dcf97cc68957c58c831e6a4fdb5c2953,0.8.0,3,1,G3_campaign,G3_campaign,m3star_graph_transition_xgboost_v0.1,0
C09-darpa-optc-sysclient0201-0923,discriminative,0.6,53,project05_xgboost_policy,1,4.0,3,C09-AA-003|C09-AA-004|C09-AA-001,4.0,0.0,0,0,0,,,,11.0,0,1,1,,development,,0,0,1.0,G3_campaign,1.0,,1,G1_technique,3,0,,,,,,,,,4.0,C09-AA-001,0.2222,,3,,,,3,,G3_campaign,G3_campaign,,0
C09-darpa-optc-sysclient0201-0923,discriminative,0.6,53,project05_m3b_policy,1,4.0,3,C09-AA-003|C09-AA-004|C09-AA-001,4.0,0.0,0,0,0,,,,11.0,0,1,1,,development,,0,0,1.0,G3_campaign,1.0,,1,G1_technique,3,0,,,,,,,,,4.0,C09-AA-001,0.2222,,3,,,,3,,G3_campaign,G3_campaign,,0
C09-darpa-optc-sysclient0201-0923,discriminative,0.6,53,project05_m2,1,4.0,3,C09-AA-001|C09-AA-003|C09-AA-004,4.0,0.0,1,0,0,,,,11.0,0,1,1,,development,,0,0,1.0,G3_campaign,1.0,,1,G1_technique,3,0,,,,,,,,,4.0,C09-AA-001,0.2222,,3,,,,3,,G3_campaign,G3_campaign,,0
C09-darpa-optc-sysclient0201-0923,discriminative,0.6,53,oracle_optimal,1,4.0,3,C09-AA-001|C09-AA-003|C09-AA-004,4.0,0.0,1,0,0,,,,11.0,0,1,1,,development,,0,0,1.0,G3_campaign,1.0,,1,G1_technique,3,0,,,,,,,,,4.0,C09-AA-001,0.2222,,3,,,,3,,G3_campaign,G3_campaign,,0
C10-darpa-optc-sysclient0351-0925,random,0.2,11,project05_m3star_h3_dual,1,2.0,1,C10-AA-005,2.0,0.0,1,0,0,m3star_graph_action_value_xgboost_v0.3,m3star_graph_action_reachability_xgboost_v0.1,m3star_graph_action_value_xgboost_v0.3,11.0,0,1,1,0,development,0,0,0,1.0,G3_campaign,1.0,2,1,G2_tactic_intent,1,0,1,3,1,1,1,,8,1,2.0,C10-AA-005,0.0,1,1,project05-m3star-runtime-contract-v0.8,e1d6d08bf93f3ff400361ad947d95002dcf97cc68957c58c831e6a4fdb5c2953,0.8.0,1,1,G3_campaign,G3_campaign,m3star_graph_transition_xgboost_v0.1,0
C10-darpa-optc-sysclient0351-0925,random,0.2,11,project05_m3star_h3_no_dominance_dual,1,2.0,1,C10-AA-005,2.0,0.0,1,0,0,m3star_graph_action_value_xgboost_v0.3,m3star_graph_action_reachability_xgboost_v0.1,m3star_graph_action_value_xgboost_v0.3,11.0,0,1,1,0,development,0,0,0,1.0,G3_campaign,1.0,2,1,G2_tactic_intent,1,0,1,3,0,1,0,,8,1,2.0,C10-AA-005,0.0,0,1,project05-m3star-runtime-contract-v0.8,e1d6d08bf93f3ff400361ad947d95002dcf97cc68957c58c831e6a4fdb5c2953,0.8.0,1,0,G3_campaign,G3_campaign,m3star_graph_transition_xgboost_v0.1,0
C10-darpa-optc-sysclient0351-0925,random,0.2,11,project05_m3star_h3_unshielded_dual,1,5.0,3,C10-AA-001|C10-AA-002|C10-AA-005,5.0,3.0,0,0,0,m3star_graph_action_value_xgboost_v0.3,m3star_graph_action_reachability_xgboost_v0.1,m3star_graph_action_value_xgboost_v0.3,11.0,0,1,1,0,development,0,0,0,1.0,G3_campaign,1.0,2,1,G2_tactic_intent,1,0,0,3,1,1,0,,8,0,2.0,C10-AA-005,0.8889,0,1,project05-m3star-runtime-contract-v0.8,e1d6d08bf93f3ff400361ad947d95002dcf97cc68957c58c831e6a4fdb5c2953,0.8.0,3,1,G3_campaign,G3_campaign,m3star_graph_transition_xgboost_v0.1,2
C10-darpa-optc-sysclient0351-0925,random,0.2,11,project05_m3star_h3_transition_only,1,2.0,1,C10-AA-005,2.0,0.0,1,0,0,none,none,none,11.0,0,1,1,0,development,0,0,0,1.0,G3_campaign,1.0,0,1,G2_tactic_intent,1,0,1,3,1,0,0,,8,1,2.0,C10-AA-005,0.0,0,1,project05-m3star-runtime-contract-v0.8,e1d6d08bf93f3ff400361ad947d95002dcf97cc68957c58c831e6a4fdb5c2953,0.8.0,1,1,G3_campaign,G3_campaign,m3star_graph_transition_xgboost_v0.1,0
C10-darpa-optc-sysclient0351-0925,random,0.2,11,project05_m3star_h1_dual,1,2.0,1,C10-AA-005,2.0,0.0,1,0,0,m3star_graph_action_value_xgboost_v0.3,m3star_graph_action_reachability_xgboost_v0.1,m3star_graph_action_value_xgboost_v0.3,11.0,0,1,1,0,development,0,0,0,1.0,G3_campaign,1.0,2,1,G2_tactic_intent,1,0,1,1,1,1,0,,8,1,2.0,C10-AA-005,0.0,0,1,project05-m3star-runtime-contract-v0.8,e1d6d08bf93f3ff400361ad947d95002dcf97cc68957c58c831e6a4fdb5c2953,0.8.0,1,1,G3_campaign,G3_campaign,m3star_graph_transition_xgboost_v0.1,0
C10-darpa-optc-sysclient0351-0925,random,0.2,11,project05_xgboost_policy,1,3.0,2,C10-AA-001|C10-AA-005,3.0,1.0,0,0,0,,,,11.0,0,1,1,,development,,0,0,1.0,G3_campaign,1.0,,1,G2_tactic_intent,1,0,,,,,,,,,2.0,C10-AA-005,0.0,,1,,,,2,,G3_campaign,G3_campaign,,1
C10-darpa-optc-sysclient0351-0925,random,0.2,11,project05_m3b_policy,1,3.0,2,C10-AA-001|C10-AA-005,3.0,1.0,0,0,0,,,,11.0,0,1,1,,development,,0,0,1.0,G3_campaign,1.0,,1,G2_tactic_intent,1,0,,,,,,,,,2.0,C10-AA-005,0.0,,1,,,,2,,G3_campaign,G3_campaign,,1
C10-darpa-optc-sysclient0351-0925,random,0.2,11,project05_m2,1,2.0,1,C10-AA-005,2.0,0.0,1,0,0,,,,11.0,0,1,1,,development,,0,0,1.0,G3_campaign,1.0,,1,G2_tactic_intent,1,0,,,,,,,,,2.0,C10-AA-005,0.0,,1,,,,1,,G3_campaign,G3_campaign,,0
C10-darpa-optc-sysclient0351-0925,random,0.2,11,oracle_optimal,1,2.0,1,C10-AA-005,2.0,0.0,1,0,0,,,,11.0,0,1,1,,development,,0,0,1.0,G3_campaign,1.0,,1,G2_tactic_intent,1,0,,,,,,,,,2.0,C10-AA-005,0.0,,1,,,,1,,G3_campaign,G3_campaign,,0
C10-darpa-optc-sysclient0351-0925,random,0.2,23,project05_m3star_h3_dual,1,3.0,2,C10-AA-001|C10-AA-002,3.0,1.0,0,0,0,m3star_graph_action_value_xgboost_v0.3,m3star_graph_action_reachability_xgboost_v0.1,m3star_graph_action_value_xgboost_v0.3,11.0,0,1,1,0,development,0,0,0,1.0,G3_campaign,1.0,2,1,G2_tactic_intent,1,0,1,3,1,1,1,,8,1,2.0,C10-AA-002,0.4444,1,1,project05-m3star-runtime-contract-v0.8,e1d6d08bf93f3ff400361ad947d95002dcf97cc68957c58c831e6a4fdb5c2953,0.8.0,2,1,G3_campaign,G3_campaign,m3star_graph_transition_xgboost_v0.1,1
C10-darpa-optc-sysclient0351-0925,random,0.2,23,project05_m3star_h3_no_dominance_dual,1,3.0,2,C10-AA-001|C10-AA-002,3.0,1.0,0,0,0,m3star_graph_action_value_xgboost_v0.3,m3star_graph_action_reachability_xgboost_v0.1,m3star_graph_action_value_xgboost_v0.3,11.0,0,1,1,0,development,0,0,0,1.0,G3_campaign,1.0,2,1,G2_tactic_intent,1,0,1,3,0,1,0,,8,1,2.0,C10-AA-002,0.4444,0,1,project05-m3star-runtime-contract-v0.8,e1d6d08bf93f3ff400361ad947d95002dcf97cc68957c58c831e6a4fdb5c2953,0.8.0,2,0,G3_campaign,G3_campaign,m3star_graph_transition_xgboost_v0.1,1
C10-darpa-optc-sysclient0351-0925,random,0.2,23,project05_m3star_h3_unshielded_dual,1,6.0,4,C10-AA-001|C10-AA-003|C10-AA-004|C10-AA-002,6.0,4.0,0,0,0,m3star_graph_action_value_xgboost_v0.3,m3star_graph_action_reachability_xgboost_v0.1,m3star_graph_action_value_xgboost_v0.3,11.0,0,1,1,0,development,0,0,0,1.0,G3_campaign,1.0,2,1,G2_tactic_intent,1,0,0,3,1,1,0,,8,0,2.0,C10-AA-002,0.9722,0,1,project05-m3star-runtime-contract-v0.8,e1d6d08bf93f3ff400361ad947d95002dcf97cc68957c58c831e6a4fdb5c2953,0.8.0,4,1,G3_campaign,G3_campaign,m3star_graph_transition_xgboost_v0.1,3
C10-darpa-optc-sysclient0351-0925,random,0.2,23,project05_m3star_h3_transition_only,1,3.0,2,C10-AA-001|C10-AA-002,3.0,1.0,0,0,0,none,none,none,11.0,0,1,1,0,development,0,0,0,1.0,G3_campaign,1.0,0,1,G2_tactic_intent,1,0,1,3,1,0,0,,8,1,2.0,C10-AA-002,0.4444,0,1,project05-m3star-runtime-contract-v0.8,e1d6d08bf93f3ff400361ad947d95002dcf97cc68957c58c831e6a4fdb5c2953,0.8.0,2,1,G3_campaign,G3_campaign,m3star_graph_transition_xgboost_v0.1,1
C10-darpa-optc-sysclient0351-0925,random,0.2,23,project05_m3star_h1_dual,1,2.0,1,C10-AA-002,2.0,0.0,1,0,0,m3star_graph_action_value_xgboost_v0.3,m3star_graph_action_reachability_xgboost_v0.1,m3star_graph_action_value_xgboost_v0.3,11.0,0,1,1,0,development,0,0,0,1.0,G3_campaign,1.0,2,1,G2_tactic_intent,1,0,1,1,1,1,0,,8,1,2.0,C10-AA-002,0.0,0,1,project05-m3star-runtime-contract-v0.8,e1d6d08bf93f3ff400361ad947d95002dcf97cc68957c58c831e6a4fdb5c2953,0.8.0,1,1,G3_campaign,G3_campaign,m3star_graph_transition_xgboost_v0.1,0
C10-darpa-optc-sysclient0351-0925,random,0.2,23,project05_xgboost_policy,1,4.0,2,C10-AA-005|C10-AA-002,4.0,2.0,0,0,0,,,,11.0,0,1,1,,development,,0,0,1.0,G3_campaign,1.0,,1,G2_tactic_intent,1,0,,,,,,,,,2.0,C10-AA-002,0.4444,,1,,,,2,,G3_campaign,G3_campaign,,1
C10-darpa-optc-sysclient0351-0925,random,0.2,23,project05_m3b_policy,1,5.0,3,C10-AA-001|C10-AA-005|C10-AA-002,5.0,3.0,0,0,0,,,,11.0,0,1,1,,development,,0,0,1.0,G3_campaign,1.0,,1,G2_tactic_intent,1,0,,,,,,,,,2.0,C10-AA-002,0.4444,,1,,,,3,,G3_campaign,G3_campaign,,2
C10-darpa-optc-sysclient0351-0925,random,0.2,23,project05_m2,1,3.0,2,C10-AA-001|C10-AA-002,3.0,1.0,0,0,0,,,,11.0,0,1,1,,development,,0,0,1.0,G3_campaign,1.0,,1,G2_tactic_intent,1,0,,,,,,,,,2.0,C10-AA-002,0.4444,,1,,,,2,,G3_campaign,G3_campaign,,1
C10-darpa-optc-sysclient0351-0925,random,0.2,23,oracle_optimal,1,2.0,1,C10-AA-002,2.0,0.0,1,0,0,,,,11.0,0,1,1,,development,,0,0,1.0,G3_campaign,1.0,,1,G2_tactic_intent,1,0,,,,,,,,,2.0,C10-AA-002,0.0,,1,,,,1,,G3_campaign,G3_campaign,,0
C10-darpa-optc-sysclient0351-0925,random,0.2,37,project05_m3star_h3_dual,1,0.0,0,,0.0,0.0,0,0,0,m3star_graph_action_value_xgboost_v0.3,m3star_graph_action_reachability_xgboost_v0.1,m3star_graph_action_value_xgboost_v0.3,11.0,0,1,1,0,development,0,0,0,1.0,G3_campaign,1.0,0,0,G3_campaign,1,0,1,3,1,1,1,,8,1,0.0,,0.0,1,0,project05-m3star-runtime-contract-v0.8,e1d6d08bf93f3ff400361ad947d95002dcf97cc68957c58c831e6a4fdb5c2953,0.8.0,0,1,G3_campaign,G3_campaign,m3star_graph_transition_xgboost_v0.1,0
C10-darpa-optc-sysclient0351-0925,random,0.2,37,project05_m3star_h3_no_dominance_dual,1,0.0,0,,0.0,0.0,0,0,0,m3star_graph_action_value_xgboost_v0.3,m3star_graph_action_reachability_xgboost_v0.1,m3star_graph_action_value_xgboost_v0.3,11.0,0,1,1,0,development,0,0,0,1.0,G3_campaign,1.0,0,0,G3_campaign,1,0,1,3,0,1,0,,8,1,0.0,,0.0,0,0,project05-m3star-runtime-contract-v0.8,e1d6d08bf93f3ff400361ad947d95002dcf97cc68957c58c831e6a4fdb5c2953,0.8.0,0,0,G3_campaign,G3_campaign,m3star_graph_transition_xgboost_v0.1,0
C10-darpa-optc-sysclient0351-0925,random,0.2,37,project05_m3star_h3_unshielded_dual,1,0.0,0,,0.0,0.0,0,0,0,m3star_graph_action_value_xgboost_v0.3,m3star_graph_action_reachability_xgboost_v0.1,m3star_graph_action_value_xgboost_v0.3,11.0,0,1,1,0,development,0,0,0,1.0,G3_campaign,1.0,0,0,G3_campaign,1,0,0,3,1,1,0,,8,0,0.0,,0.0,0,0,project05-m3star-runtime-contract-v0.8,e1d6d08bf93f3ff400361ad947d95002dcf97cc68957c58c831e6a4fdb5c2953,0.8.0,0,1,G3_campaign,G3_campaign,m3star_graph_transition_xgboost_v0.1,0
C10-darpa-optc-sysclient0351-0925,random,0.2,37,project05_m3star_h3_transition_only,1,0.0,0,,0.0,0.0,0,0,0,none,none,none,11.0,0,1,1,0,development,0,0,0,1.0,G3_campaign,1.0,0,0,G3_campaign,1,0,1,3,1,0,0,,8,1,0.0,,0.0,0,0,project05-m3star-runtime-contract-v0.8,e1d6d08bf93f3ff400361ad947d95002dcf97cc68957c58c831e6a4fdb5c2953,0.8.0,0,1,G3_campaign,G3_campaign,m3star_graph_transition_xgboost_v0.1,0
C10-darpa-optc-sysclient0351-0925,random,0.2,37,project05_m3star_h1_dual,1,0.0,0,,0.0,0.0,0,0,0,m3star_graph_action_value_xgboost_v0.3,m3star_graph_action_reachability_xgboost_v0.1,m3star_graph_action_value_xgboost_v0.3,11.0,0,1,1,0,development,0,0,0,1.0,G3_campaign,1.0,0,0,G3_campaign,1,0,1,1,1,1,0,,8,1,0.0,,0.0,0,0,project05-m3star-runtime-contract-v0.8,e1d6d08bf93f3ff400361ad947d95002dcf97cc68957c58c831e6a4fdb5c2953,0.8.0,0,1,G3_campaign,G3_campaign,m3star_graph_transition_xgboost_v0.1,0
C10-darpa-optc-sysclient0351-0925,random,0.2,37,project05_xgboost_policy,1,0.0,0,,0.0,0.0,0,0,0,,,,11.0,0,1,1,,development,,0,0,1.0,G3_campaign,1.0,,0,G3_campaign,1,0,,,,,,,,,0.0,,0.0,,0,,,,0,,G3_campaign,G3_campaign,,0
C10-darpa-optc-sysclient0351-0925,random,0.2,37,project05_m3b_policy,1,0.0,0,,0.0,0.0,0,0,0,,,,11.0,0,1,1,,development,,0,0,1.0,G3_campaign,1.0,,0,G3_campaign,1,0,,,,,,,,,0.0,,0.0,,0,,,,0,,G3_campaign,G3_campaign,,0
C10-darpa-optc-sysclient0351-0925,random,0.2,37,project05_m2,1,0.0,0,,0.0,0.0,0,0,0,,,,11.0,0,1,1,,development,,0,0,1.0,G3_campaign,1.0,,0,G3_campaign,1,0,,,,,,,,,0.0,,0.0,,0,,,,0,,G3_campaign,G3_campaign,,0
C10-darpa-optc-sysclient0351-0925,random,0.2,37,oracle_optimal,1,0.0,0,,0.0,0.0,0,0,0,,,,11.0,0,1,1,,development,,0,0,1.0,G3_campaign,1.0,,0,G3_campaign,1,0,,,,,,,,,0.0,,0.0,,0,,,,0,,G3_campaign,G3_campaign,,0
C10-darpa-optc-sysclient0351-0925,random,0.2,41,project05_m3star_h3_dual,1,2.0,1,C10-AA-005,2.0,0.0,1,0,0,m3star_graph_action_value_xgboost_v0.3,m3star_graph_action_reachability_xgboost_v0.1,m3star_graph_action_value_xgboost_v0.3,11.0,0,1,1,0,development,0,0,0,1.0,G3_campaign,1.0,2,1,G2_tactic_intent,1,0,1,3,1,1,1,,8,1,2.0,C10-AA-005,0.0,1,1,project05-m3star-runtime-contract-v0.8,e1d6d08bf93f3ff400361ad947d95002dcf97cc68957c58c831e6a4fdb5c2953,0.8.0,1,1,G3_campaign,G3_campaign,m3star_graph_transition_xgboost_v0.1,0
C10-darpa-optc-sysclient0351-0925,random,0.2,41,project05_m3star_h3_no_dominance_dual,1,2.0,1,C10-AA-005,2.0,0.0,1,0,0,m3star_graph_action_value_xgboost_v0.3,m3star_graph_action_reachability_xgboost_v0.1,m3star_graph_action_value_xgboost_v0.3,11.0,0,1,1,0,development,0,0,0,1.0,G3_campaign,1.0,2,1,G2_tactic_intent,1,0,1,3,0,1,0,,8,1,2.0,C10-AA-005,0.0,0,1,project05-m3star-runtime-contract-v0.8,e1d6d08bf93f3ff400361ad947d95002dcf97cc68957c58c831e6a4fdb5c2953,0.8.0,1,0,G3_campaign,G3_campaign,m3star_graph_transition_xgboost_v0.1,0
C10-darpa-optc-sysclient0351-0925,random,0.2,41,project05_m3star_h3_unshielded_dual,1,5.0,3,C10-AA-001|C10-AA-002|C10-AA-005,5.0,3.0,0,0,0,m3star_graph_action_value_xgboost_v0.3,m3star_graph_action_reachability_xgboost_v0.1,m3star_graph_action_value_xgboost_v0.3,11.0,0,1,1,0,development,0,0,0,1.0,G3_campaign,1.0,2,1,G2_tactic_intent,1,0,0,3,1,1,0,,8,0,2.0,C10-AA-005,0.8889,0,1,project05-m3star-runtime-contract-v0.8,e1d6d08bf93f3ff400361ad947d95002dcf97cc68957c58c831e6a4fdb5c2953,0.8.0,3,1,G3_campaign,G3_campaign,m3star_graph_transition_xgboost_v0.1,2
C10-darpa-optc-sysclient0351-0925,random,0.2,41,project05_m3star_h3_transition_only,1,2.0,1,C10-AA-005,2.0,0.0,1,0,0,none,none,none,11.0,0,1,1,0,development,0,0,0,1.0,G3_campaign,1.0,0,1,G2_tactic_intent,1,0,1,3,1,0,0,,8,1,2.0,C10-AA-005,0.0,0,1,project05-m3star-runtime-contract-v0.8,e1d6d08bf93f3ff400361ad947d95002dcf97cc68957c58c831e6a4fdb5c2953,0.8.0,1,1,G3_campaign,G3_campaign,m3star_graph_transition_xgboost_v0.1,0
C10-darpa-optc-sysclient0351-0925,random,0.2,41,project05_m3star_h1_dual,1,2.0,1,C10-AA-005,2.0,0.0,1,0,0,m3star_graph_action_value_xgboost_v0.3,m3star_graph_action_reachability_xgboost_v0.1,m3star_graph_action_value_xgboost_v0.3,11.0,0,1,1,0,development,0,0,0,1.0,G3_campaign,1.0,2,1,G2_tactic_intent,1,0,1,1,1,1,0,,8,1,2.0,C10-AA-005,0.0,0,1,project05-m3star-runtime-contract-v0.8,e1d6d08bf93f3ff400361ad947d95002dcf97cc68957c58c831e6a4fdb5c2953,0.8.0,1,1,G3_campaign,G3_campaign,m3star_graph_transition_xgboost_v0.1,0
C10-darpa-optc-sysclient0351-0925,random,0.2,41,project05_xgboost_policy,1,3.0,2,C10-AA-001|C10-AA-005,3.0,1.0,0,0,0,,,,11.0,0,1,1,,development,,0,0,1.0,G3_campaign,1.0,,1,G2_tactic_intent,1,0,,,,,,,,,2.0,C10-AA-005,0.0,,1,,,,2,,G3_campaign,G3_campaign,,1
C10-darpa-optc-sysclient0351-0925,random,0.2,41,project05_m3b_policy,1,3.0,2,C10-AA-001|C10-AA-005,3.0,1.0,0,0,0,,,,11.0,0,1,1,,development,,0,0,1.0,G3_campaign,1.0,,1,G2_tactic_intent,1,0,,,,,,,,,2.0,C10-AA-005,0.0,,1,,,,2,,G3_campaign,G3_campaign,,1
C10-darpa-optc-sysclient0351-0925,random,0.2,41,project05_m2,1,2.0,1,C10-AA-005,2.0,0.0,1,0,0,,,,11.0,0,1,1,,development,,0,0,1.0,G3_campaign,1.0,,1,G2_tactic_intent,1,0,,,,,,,,,2.0,C10-AA-005,0.0,,1,,,,1,,G3_campaign,G3_campaign,,0
C10-darpa-optc-sysclient0351-0925,random,0.2,41,oracle_optimal,1,2.0,1,C10-AA-005,2.0,0.0,1,0,0,,,,11.0,0,1,1,,development,,0,0,1.0,G3_campaign,1.0,,1,G2_tactic_intent,1,0,,,,,,,,,2.0,C10-AA-005,0.0,,1,,,,1,,G3_campaign,G3_campaign,,0
C10-darpa-optc-sysclient0351-0925,random,0.2,53,project05_m3star_h3_dual,1,0.0,0,,0.0,0.0,0,0,0,m3star_graph_action_value_xgboost_v0.3,m3star_graph_action_reachability_xgboost_v0.1,m3star_graph_action_value_xgboost_v0.3,11.0,0,1,1,0,development,0,0,0,1.0,G3_campaign,1.0,0,0,G3_campaign,1,0,1,3,1,1,1,,8,1,0.0,,0.0,1,0,project05-m3star-runtime-contract-v0.8,e1d6d08bf93f3ff400361ad947d95002dcf97cc68957c58c831e6a4fdb5c2953,0.8.0,0,1,G3_campaign,G3_campaign,m3star_graph_transition_xgboost_v0.1,0
C10-darpa-optc-sysclient0351-0925,random,0.2,53,project05_m3star_h3_no_dominance_dual,1,0.0,0,,0.0,0.0,0,0,0,m3star_graph_action_value_xgboost_v0.3,m3star_graph_action_reachability_xgboost_v0.1,m3star_graph_action_value_xgboost_v0.3,11.0,0,1,1,0,development,0,0,0,1.0,G3_campaign,1.0,0,0,G3_campaign,1,0,1,3,0,1,0,,8,1,0.0,,0.0,0,0,project05-m3star-runtime-contract-v0.8,e1d6d08bf93f3ff400361ad947d95002dcf97cc68957c58c831e6a4fdb5c2953,0.8.0,0,0,G3_campaign,G3_campaign,m3star_graph_transition_xgboost_v0.1,0
C10-darpa-optc-sysclient0351-0925,random,0.2,53,project05_m3star_h3_unshielded_dual,1,0.0,0,,0.0,0.0,0,0,0,m3star_graph_action_value_xgboost_v0.3,m3star_graph_action_reachability_xgboost_v0.1,m3star_graph_action_value_xgboost_v0.3,11.0,0,1,1,0,development,0,0,0,1.0,G3_campaign,1.0,0,0,G3_campaign,1,0,0,3,1,1,0,,8,0,0.0,,0.0,0,0,project05-m3star-runtime-contract-v0.8,e1d6d08bf93f3ff400361ad947d95002dcf97cc68957c58c831e6a4fdb5c2953,0.8.0,0,1,G3_campaign,G3_campaign,m3star_graph_transition_xgboost_v0.1,0
C10-darpa-optc-sysclient0351-0925,random,0.2,53,project05_m3star_h3_transition_only,1,0.0,0,,0.0,0.0,0,0,0,none,none,none,11.0,0,1,1,0,development,0,0,0,1.0,G3_campaign,1.0,0,0,G3_campaign,1,0,1,3,1,0,0,,8,1,0.0,,0.0,0,0,project05-m3star-runtime-contract-v0.8,e1d6d08bf93f3ff400361ad947d95002dcf97cc68957c58c831e6a4fdb5c2953,0.8.0,0,1,G3_campaign,G3_campaign,m3star_graph_transition_xgboost_v0.1,0
C10-darpa-optc-sysclient0351-0925,random,0.2,53,project05_m3star_h1_dual,1,0.0,0,,0.0,0.0,0,0,0,m3star_graph_action_value_xgboost_v0.3,m3star_graph_action_reachability_xgboost_v0.1,m3star_graph_action_value_xgboost_v0.3,11.0,0,1,1,0,development,0,0,0,1.0,G3_campaign,1.0,0,0,G3_campaign,1,0,1,1,1,1,0,,8,1,0.0,,0.0,0,0,project05-m3star-runtime-contract-v0.8,e1d6d08bf93f3ff400361ad947d95002dcf97cc68957c58c831e6a4fdb5c2953,0.8.0,0,1,G3_campaign,G3_campaign,m3star_graph_transition_xgboost_v0.1,0
C10-darpa-optc-sysclient0351-0925,random,0.2,53,project05_xgboost_policy,1,0.0,0,,0.0,0.0,0,0,0,,,,11.0,0,1,1,,development,,0,0,1.0,G3_campaign,1.0,,0,G3_campaign,1,0,,,,,,,,,0.0,,0.0,,0,,,,0,,G3_campaign,G3_campaign,,0
C10-darpa-optc-sysclient0351-0925,random,0.2,53,project05_m3b_policy,1,0.0,0,,0.0,0.0,0,0,0,,,,11.0,0,1,1,,development,,0,0,1.0,G3_campaign,1.0,,0,G3_campaign,1,0,,,,,,,,,0.0,,0.0,,0,,,,0,,G3_campaign,G3_campaign,,0
C10-darpa-optc-sysclient0351-0925,random,0.2,53,project05_m2,1,0.0,0,,0.0,0.0,0,0,0,,,,11.0,0,1,1,,development,,0,0,1.0,G3_campaign,1.0,,0,G3_campaign,1,0,,,,,,,,,0.0,,0.0,,0,,,,0,,G3_campaign,G3_campaign,,0
C10-darpa-optc-sysclient0351-0925,random,0.2,53,oracle_optimal,1,0.0,0,,0.0,0.0,0,0,0,,,,11.0,0,1,1,,development,,0,0,1.0,G3_campaign,1.0,,0,G3_campaign,1,0,,,,,,,,,0.0,,0.0,,0,,,,0,,G3_campaign,G3_campaign,,0
C10-darpa-optc-sysclient0351-0925,random,0.4,11,project05_m3star_h3_dual,1,2.0,1,C10-AA-005,2.0,0.0,1,0,0,m3star_graph_action_value_xgboost_v0.3,m3star_graph_action_reachability_xgboost_v0.1,m3star_graph_action_value_xgboost_v0.3,11.0,0,1,1,0,development,0,0,0,1.0,G3_campaign,1.0,2,1,G2_tactic_intent,2,0,1,3,1,1,1,,8,1,2.0,C10-AA-005,0.0,1,1,project05-m3star-runtime-contract-v0.8,e1d6d08bf93f3ff400361ad947d95002dcf97cc68957c58c831e6a4fdb5c2953,0.8.0,1,1,G3_campaign,G3_campaign,m3star_graph_transition_xgboost_v0.1,0
C10-darpa-optc-sysclient0351-0925,random,0.4,11,project05_m3star_h3_no_dominance_dual,1,2.0,1,C10-AA-005,2.0,0.0,1,0,0,m3star_graph_action_value_xgboost_v0.3,m3star_graph_action_reachability_xgboost_v0.1,m3star_graph_action_value_xgboost_v0.3,11.0,0,1,1,0,development,0,0,0,1.0,G3_campaign,1.0,2,1,G2_tactic_intent,2,0,1,3,0,1,0,,8,1,2.0,C10-AA-005,0.0,0,1,project05-m3star-runtime-contract-v0.8,e1d6d08bf93f3ff400361ad947d95002dcf97cc68957c58c831e6a4fdb5c2953,0.8.0,1,0,G3_campaign,G3_campaign,m3star_graph_transition_xgboost_v0.1,0
C10-darpa-optc-sysclient0351-0925,random,0.4,11,project05_m3star_h3_unshielded_dual,1,5.0,3,C10-AA-001|C10-AA-002|C10-AA-005,5.0,3.0,0,0,0,m3star_graph_action_value_xgboost_v0.3,m3star_graph_action_reachability_xgboost_v0.1,m3star_graph_action_value_xgboost_v0.3,11.0,0,1,1,0,development,0,0,0,1.0,G3_campaign,1.0,2,1,G2_tactic_intent,2,0,0,3,1,1,0,,8,0,2.0,C10-AA-005,0.8889,0,1,project05-m3star-runtime-contract-v0.8,e1d6d08bf93f3ff400361ad947d95002dcf97cc68957c58c831e6a4fdb5c2953,0.8.0,3,1,G3_campaign,G3_campaign,m3star_graph_transition_xgboost_v0.1,2
C10-darpa-optc-sysclient0351-0925,random,0.4,11,project05_m3star_h3_transition_only,1,2.0,1,C10-AA-005,2.0,0.0,1,0,0,none,none,none,11.0,0,1,1,0,development,0,0,0,1.0,G3_campaign,1.0,0,1,G2_tactic_intent,2,0,1,3,1,0,0,,8,1,2.0,C10-AA-005,0.0,0,1,project05-m3star-runtime-contract-v0.8,e1d6d08bf93f3ff400361ad947d95002dcf97cc68957c58c831e6a4fdb5c2953,0.8.0,1,1,G3_campaign,G3_campaign,m3star_graph_transition_xgboost_v0.1,0
C10-darpa-optc-sysclient0351-0925,random,0.4,11,project05_m3star_h1_dual,1,2.0,1,C10-AA-005,2.0,0.0,1,0,0,m3star_graph_action_value_xgboost_v0.3,m3star_graph_action_reachability_xgboost_v0.1,m3star_graph_action_value_xgboost_v0.3,11.0,0,1,1,0,development,0,0,0,1.0,G3_campaign,1.0,2,1,G2_tactic_intent,2,0,1,1,1,1,0,,8,1,2.0,C10-AA-005,0.0,0,1,project05-m3star-runtime-contract-v0.8,e1d6d08bf93f3ff400361ad947d95002dcf97cc68957c58c831e6a4fdb5c2953,0.8.0,1,1,G3_campaign,G3_campaign,m3star_graph_transition_xgboost_v0.1,0
C10-darpa-optc-sysclient0351-0925,random,0.4,11,project05_xgboost_policy,1,3.0,2,C10-AA-001|C10-AA-005,3.0,1.0,0,0,0,,,,11.0,0,1,1,,development,,0,0,1.0,G3_campaign,1.0,,1,G2_tactic_intent,2,0,,,,,,,,,2.0,C10-AA-005,0.0,,1,,,,2,,G3_campaign,G3_campaign,,1
C10-darpa-optc-sysclient0351-0925,random,0.4,11,project05_m3b_policy,1,3.0,2,C10-AA-001|C10-AA-005,3.0,1.0,0,0,0,,,,11.0,0,1,1,,development,,0,0,1.0,G3_campaign,1.0,,1,G2_tactic_intent,2,0,,,,,,,,,2.0,C10-AA-005,0.0,,1,,,,2,,G3_campaign,G3_campaign,,1
C10-darpa-optc-sysclient0351-0925,random,0.4,11,project05_m2,1,2.0,1,C10-AA-005,2.0,0.0,1,0,0,,,,11.0,0,1,1,,development,,0,0,1.0,G3_campaign,1.0,,1,G2_tactic_intent,2,0,,,,,,,,,2.0,C10-AA-005,0.0,,1,,,,1,,G3_campaign,G3_campaign,,0
C10-darpa-optc-sysclient0351-0925,random,0.4,11,oracle_optimal,1,2.0,1,C10-AA-005,2.0,0.0,1,0,0,,,,11.0,0,1,1,,development,,0,0,1.0,G3_campaign,1.0,,1,G2_tactic_intent,2,0,,,,,,,,,2.0,C10-AA-005,0.0,,1,,,,1,,G3_campaign,G3_campaign,,0
C10-darpa-optc-sysclient0351-0925,random,0.4,23,project05_m3star_h3_dual,1,4.0,3,C10-AA-003|C10-AA-001|C10-AA-002,4.0,1.0,0,0,0,m3star_graph_action_value_xgboost_v0.3,m3star_graph_action_reachability_xgboost_v0.1,m3star_graph_action_value_xgboost_v0.3,11.0,0,1,1,0,development,0,0,0,1.0,G3_campaign,1.0,2,1,G2_tactic_intent,2,0,1,3,1,1,1,,8,1,3.0,C10-AA-002,0.4444,1,2,project05-m3star-runtime-contract-v0.8,e1d6d08bf93f3ff400361ad947d95002dcf97cc68957c58c831e6a4fdb5c2953,0.8.0,3,1,G3_campaign,G3_campaign,m3star_graph_transition_xgboost_v0.1,1
C10-darpa-optc-sysclient0351-0925,random,0.4,23,project05_m3star_h3_no_dominance_dual,1,4.0,3,C10-AA-003|C10-AA-001|C10-AA-002,4.0,1.0,0,0,0,m3star_graph_action_value_xgboost_v0.3,m3star_graph_action_reachability_xgboost_v0.1,m3star_graph_action_value_xgboost_v0.3,11.0,0,1,1,0,development,0,0,0,1.0,G3_campaign,1.0,2,1,G2_tactic_intent,2,0,1,3,0,1,0,,8,1,3.0,C10-AA-002,0.4444,0,2,project05-m3star-runtime-contract-v0.8,e1d6d08bf93f3ff400361ad947d95002dcf97cc68957c58c831e6a4fdb5c2953,0.8.0,3,0,G3_campaign,G3_campaign,m3star_graph_transition_xgboost_v0.1,1
C10-darpa-optc-sysclient0351-0925,random,0.4,23,project05_m3star_h3_unshielded_dual,1,6.0,4,C10-AA-003|C10-AA-001|C10-AA-004|C10-AA-002,6.0,3.0,0,0,0,m3star_graph_action_value_xgboost_v0.3,m3star_graph_action_reachability_xgboost_v0.1,m3star_graph_action_value_xgboost_v0.3,11.0,0,1,1,0,development,0,0,0,1.0,G3_campaign,1.0,2,1,G2_tactic_intent,2,0,0,3,1,1,0,,8,0,3.0,C10-AA-002,0.9722,0,2,project05-m3star-runtime-contract-v0.8,e1d6d08bf93f3ff400361ad947d95002dcf97cc68957c58c831e6a4fdb5c2953,0.8.0,4,1,G3_campaign,G3_campaign,m3star_graph_transition_xgboost_v0.1,2
C10-darpa-optc-sysclient0351-0925,random,0.4,23,project05_m3star_h3_transition_only,1,4.0,3,C10-AA-003|C10-AA-001|C10-AA-002,4.0,1.0,0,0,0,none,none,none,11.0,0,1,1,0,development,0,0,0,1.0,G3_campaign,1.0,0,1,G2_tactic_intent,2,0,1,3,1,0,0,,8,1,3.0,C10-AA-002,0.4444,0,2,project05-m3star-runtime-contract-v0.8,e1d6d08bf93f3ff400361ad947d95002dcf97cc68957c58c831e6a4fdb5c2953,0.8.0,3,1,G3_campaign,G3_campaign,m3star_graph_transition_xgboost_v0.1,1
C10-darpa-optc-sysclient0351-0925,random,0.4,23,project05_m3star_h1_dual,1,4.0,3,C10-AA-001|C10-AA-003|C10-AA-002,4.0,1.0,0,0,0,m3star_graph_action_value_xgboost_v0.3,m3star_graph_action_reachability_xgboost_v0.1,m3star_graph_action_value_xgboost_v0.3,11.0,0,1,1,0,development,0,0,0,1.0,G3_campaign,1.0,2,1,G2_tactic_intent,2,0,1,1,1,1,0,,8,1,3.0,C10-AA-002,0.4444,0,2,project05-m3star-runtime-contract-v0.8,e1d6d08bf93f3ff400361ad947d95002dcf97cc68957c58c831e6a4fdb5c2953,0.8.0,3,1,G3_campaign,G3_campaign,m3star_graph_transition_xgboost_v0.1,1
C10-darpa-optc-sysclient0351-0925,random,0.4,23,project05_xgboost_policy,1,5.0,3,C10-AA-005|C10-AA-002|C10-AA-003,5.0,2.0,0,0,0,,,,11.0,0,1,1,,development,,0,0,1.0,G3_campaign,1.0,,1,G2_tactic_intent,2,0,,,,,,,,,3.0,C10-AA-002,0.5556,,2,,,,3,,G3_campaign,G3_campaign,,1
C10-darpa-optc-sysclient0351-0925,random,0.4,23,project05_m3b_policy,0,,,STOP,0.0,,0,1,0,,,,11.0,0,0,0,,development,,1,2,0.0,G2_tactic_intent,0.5,,1,G2_tactic_intent,2,0,,,,,,,,,3.0,C10-AA-002,0.0,,0,,,,1,,G3_campaign,G3_campaign,,0
C10-darpa-optc-sysclient0351-0925,random,0.4,23,project05_m2,1,4.0,3,C10-AA-001|C10-AA-002|C10-AA-003,4.0,1.0,0,0,0,,,,11.0,0,1,1,,development,,0,0,1.0,G3_campaign,1.0,,1,G2_tactic_intent,2,0,,,,,,,,,3.0,C10-AA-002,0.5444,,2,,,,3,,G3_campaign,G3_campaign,,1
C10-darpa-optc-sysclient0351-0925,random,0.4,23,oracle_optimal,1,3.0,2,C10-AA-002|C10-AA-003,3.0,0.0,1,0,0,,,,11.0,0,1,1,,development,,0,0,1.0,G3_campaign,1.0,,1,G2_tactic_intent,2,0,,,,,,,,,3.0,C10-AA-002,0.1,,2,,,,2,,G3_campaign,G3_campaign,,0
C10-darpa-optc-sysclient0351-0925,random,0.4,37,project05_m3star_h3_dual,1,1.0,1,C10-AA-003,1.0,0.0,1,0,0,m3star_graph_action_value_xgboost_v0.3,m3star_graph_action_reachability_xgboost_v0.1,m3star_graph_action_value_xgboost_v0.3,11.0,0,1,1,0,development,0,0,0,1.0,G3_campaign,1.0,2,1,G2_tactic_intent,2,0,1,3,1,1,1,,8,1,1.0,C10-AA-003,0.0,1,1,project05-m3star-runtime-contract-v0.8,e1d6d08bf93f3ff400361ad947d95002dcf97cc68957c58c831e6a4fdb5c2953,0.8.0,1,1,G3_campaign,G3_campaign,m3star_graph_transition_xgboost_v0.1,0
C10-darpa-optc-sysclient0351-0925,random,0.4,37,project05_m3star_h3_no_dominance_dual,1,1.0,1,C10-AA-003,1.0,0.0,1,0,0,m3star_graph_action_value_xgboost_v0.3,m3star_graph_action_reachability_xgboost_v0.1,m3star_graph_action_value_xgboost_v0.3,11.0,0,1,1,0,development,0,0,0,1.0,G3_campaign,1.0,2,1,G2_tactic_intent,2,0,1,3,0,1,0,,8,1,1.0,C10-AA-003,0.0,0,1,project05-m3star-runtime-contract-v0.8,e1d6d08bf93f3ff400361ad947d95002dcf97cc68957c58c831e6a4fdb5c2953,0.8.0,1,0,G3_campaign,G3_campaign,m3star_graph_transition_xgboost_v0.1,0
C10-darpa-optc-sysclient0351-0925,random,0.4,37,project05_m3star_h3_unshielded_dual,1,1.0,1,C10-AA-003,1.0,0.0,1,0,0,m3star_graph_action_value_xgboost_v0.3,m3star_graph_action_reachability_xgboost_v0.1,m3star_graph_action_value_xgboost_v0.3,11.0,0,1,1,0,development,0,0,0,1.0,G3_campaign,1.0,2,1,G2_tactic_intent,2,0,0,3,1,1,0,,8,0,1.0,C10-AA-003,0.0,0,1,project05-m3star-runtime-contract-v0.8,e1d6d08bf93f3ff400361ad947d95002dcf97cc68957c58c831e6a4fdb5c2953,0.8.0,1,1,G3_campaign,G3_campaign,m3star_graph_transition_xgboost_v0.1,0
C10-darpa-optc-sysclient0351-0925,random,0.4,37,project05_m3star_h3_transition_only,1,1.0,1,C10-AA-003,1.0,0.0,1,0,0,none,none,none,11.0,0,1,1,0,development,0,0,0,1.0,G3_campaign,1.0,0,1,G2_tactic_intent,2,0,1,3,1,0,0,,8,1,1.0,C10-AA-003,0.0,0,1,project05-m3star-runtime-contract-v0.8,e1d6d08bf93f3ff400361ad947d95002dcf97cc68957c58c831e6a4fdb5c2953,0.8.0,1,1,G3_campaign,G3_campaign,m3star_graph_transition_xgboost_v0.1,0
C10-darpa-optc-sysclient0351-0925,random,0.4,37,project05_m3star_h1_dual,1,1.0,1,C10-AA-003,1.0,0.0,1,0,0,m3star_graph_action_value_xgboost_v0.3,m3star_graph_action_reachability_xgboost_v0.1,m3star_graph_action_value_xgboost_v0.3,11.0,0,1,1,0,development,0,0,0,1.0,G3_campaign,1.0,2,1,G2_tactic_intent,2,0,1,1,1,1,0,,8,1,1.0,C10-AA-003,0.0,0,1,project05-m3star-runtime-contract-v0.8,e1d6d08bf93f3ff400361ad947d95002dcf97cc68957c58c831e6a4fdb5c2953,0.8.0,1,1,G3_campaign,G3_campaign,m3star_graph_transition_xgboost_v0.1,0
C10-darpa-optc-sysclient0351-0925,random,0.4,37,project05_xgboost_policy,1,1.0,1,C10-AA-003,1.0,0.0,1,0,0,,,,11.0,0,1,1,,development,,0,0,1.0,G3_campaign,1.0,,1,G2_tactic_intent,2,0,,,,,,,,,1.0,C10-AA-003,0.0,,1,,,,1,,G3_campaign,G3_campaign,,0
C10-darpa-optc-sysclient0351-0925,random,0.4,37,project05_m3b_policy,1,1.0,1,C10-AA-003,1.0,0.0,1,0,0,,,,11.0,0,1,1,,development,,0,0,1.0,G3_campaign,1.0,,1,G2_tactic_intent,2,0,,,,,,,,,1.0,C10-AA-003,0.0,,1,,,,1,,G3_campaign,G3_campaign,,0
C10-darpa-optc-sysclient0351-0925,random,0.4,37,project05_m2,1,1.0,1,C10-AA-003,1.0,0.0,1,0,0,,,,11.0,0,1,1,,development,,0,0,1.0,G3_campaign,1.0,,1,G2_tactic_intent,2,0,,,,,,,,,1.0,C10-AA-003,0.0,,1,,,,1,,G3_campaign,G3_campaign,,0
C10-darpa-optc-sysclient0351-0925,random,0.4,37,oracle_optimal,1,1.0,1,C10-AA-003,1.0,0.0,1,0,0,,,,11.0,0,1,1,,development,,0,0,1.0,G3_campaign,1.0,,1,G2_tactic_intent,2,0,,,,,,,,,1.0,C10-AA-003,0.0,,1,,,,1,,G3_campaign,G3_campaign,,0
C10-darpa-optc-sysclient0351-0925,random,0.4,41,project05_m3star_h3_dual,1,5.0,3,C10-AA-001|C10-AA-002|C10-AA-005,5.0,1.0,0,0,0,m3star_graph_action_value_xgboost_v0.3,m3star_graph_action_reachability_xgboost_v0.1,m3star_graph_action_value_xgboost_v0.3,11.0,0,1,1,0,development,0,0,0,1.0,G3_campaign,1.0,1,1,G2_tactic_intent,2,0,1,3,1,1,1,,8,1,4.0,C10-AA-002,0.8889,1,2,project05-m3star-runtime-contract-v0.8,e1d6d08bf93f3ff400361ad947d95002dcf97cc68957c58c831e6a4fdb5c2953,0.8.0,3,1,G3_campaign,G3_campaign,m3star_graph_transition_xgboost_v0.1,1
C10-darpa-optc-sysclient0351-0925,random,0.4,41,project05_m3star_h3_no_dominance_dual,1,5.0,3,C10-AA-001|C10-AA-002|C10-AA-005,5.0,1.0,0,0,0,m3star_graph_action_value_xgboost_v0.3,m3star_graph_action_reachability_xgboost_v0.1,m3star_graph_action_value_xgboost_v0.3,11.0,0,1,1,0,development,0,0,0,1.0,G3_campaign,1.0,1,1,G2_tactic_intent,2,0,1,3,0,1,0,,8,1,4.0,C10-AA-002,0.8889,0,2,project05-m3star-runtime-contract-v0.8,e1d6d08bf93f3ff400361ad947d95002dcf97cc68957c58c831e6a4fdb5c2953,0.8.0,3,0,G3_campaign,G3_campaign,m3star_graph_transition_xgboost_v0.1,1
C10-darpa-optc-sysclient0351-0925,random,0.4,41,project05_m3star_h3_unshielded_dual,1,8.0,5,C10-AA-001|C10-AA-004|C10-AA-003|C10-AA-005|C10-AA-002,8.0,4.0,0,0,0,m3star_graph_action_value_xgboost_v0.3,m3star_graph_action_reachability_xgboost_v0.1,m3star_graph_action_value_xgboost_v0.3,11.0,0,1,1,0,development,0,0,0,1.0,G3_campaign,1.0,1,1,G2_tactic_intent,2,0,0,3,1,1,0,,8,0,4.0,C10-AA-002,1.3611,0,2,project05-m3star-runtime-contract-v0.8,e1d6d08bf93f3ff400361ad947d95002dcf97cc68957c58c831e6a4fdb5c2953,0.8.0,5,1,G3_campaign,G3_campaign,m3star_graph_transition_xgboost_v0.1,3
C10-darpa-optc-sysclient0351-0925,random,0.4,41,project05_m3star_h3_transition_only,1,5.0,3,C10-AA-001|C10-AA-002|C10-AA-005,5.0,1.0,0,0,0,none,none,none,11.0,0,1,1,0,development,0,0,0,1.0,G3_campaign,1.0,0,1,G2_tactic_intent,2,0,1,3,1,0,0,,8,1,4.0,C10-AA-002,0.8889,0,2,project05-m3star-runtime-contract-v0.8,e1d6d08bf93f3ff400361ad947d95002dcf97cc68957c58c831e6a4fdb5c2953,0.8.0,3,1,G3_campaign,G3_campaign,m3star_graph_transition_xgboost_v0.1,1
C10-darpa-optc-sysclient0351-0925,random,0.4,41,project05_m3star_h1_dual,1,5.0,3,C10-AA-001|C10-AA-002|C10-AA-005,5.0,1.0,0,0,0,m3star_graph_action_value_xgboost_v0.3,m3star_graph_action_reachability_xgboost_v0.1,m3star_graph_action_value_xgboost_v0.3,11.0,0,1,1,0,development,0,0,0,1.0,G3_campaign,1.0,1,1,G2_tactic_intent,2,0,1,1,1,1,0,,8,1,4.0,C10-AA-002,0.8889,0,2,project05-m3star-runtime-contract-v0.8,e1d6d08bf93f3ff400361ad947d95002dcf97cc68957c58c831e6a4fdb5c2953,0.8.0,3,1,G3_campaign,G3_campaign,m3star_graph_transition_xgboost_v0.1,1
C10-darpa-optc-sysclient0351-0925,random,0.4,41,project05_xgboost_policy,1,5.0,3,C10-AA-001|C10-AA-002|C10-AA-005,5.0,1.0,0,0,0,,,,11.0,0,1,1,,development,,0,0,1.0,G3_campaign,1.0,,1,G2_tactic_intent,2,0,,,,,,,,,4.0,C10-AA-002,0.8889,,2,,,,3,,G3_campaign,G3_campaign,,1
C10-darpa-optc-sysclient0351-0925,random,0.4,41,project05_m3b_policy,1,5.0,3,C10-AA-001|C10-AA-005|C10-AA-002,5.0,1.0,0,0,0,,,,11.0,0,1,1,,development,,0,0,1.0,G3_campaign,1.0,,1,G2_tactic_intent,2,0,,,,,,,,,4.0,C10-AA-002,0.4444,,2,,,,3,,G3_campaign,G3_campaign,,1
C10-darpa-optc-sysclient0351-0925,random,0.4,41,project05_m2,1,5.0,3,C10-AA-001|C10-AA-002|C10-AA-005,5.0,1.0,0,0,0,,,,11.0,0,1,1,,development,,0,0,1.0,G3_campaign,1.0,,1,G2_tactic_intent,2,0,,,,,,,,,4.0,C10-AA-002,0.8889,,2,,,,3,,G3_campaign,G3_campaign,,1
C10-darpa-optc-sysclient0351-0925,random,0.4,41,oracle_optimal,1,4.0,2,C10-AA-002|C10-AA-005,4.0,0.0,1,0,0,,,,11.0,0,1,1,,development,,0,0,1.0,G3_campaign,1.0,,1,G2_tactic_intent,2,0,,,,,,,,,4.0,C10-AA-002,0.4444,,2,,,,2,,G3_campaign,G3_campaign,,0
C10-darpa-optc-sysclient0351-0925,random,0.4,53,project05_m3star_h3_dual,1,2.0,1,C10-AA-004,2.0,0.0,1,0,0,m3star_graph_action_value_xgboost_v0.3,m3star_graph_action_reachability_xgboost_v0.1,m3star_graph_action_value_xgboost_v0.3,11.0,0,1,1,0,development,0,0,0,1.0,G3_campaign,1.0,3,1,G2_tactic_intent,2,0,1,3,1,1,1,,8,1,2.0,C10-AA-004,0.0,1,1,project05-m3star-runtime-contract-v0.8,e1d6d08bf93f3ff400361ad947d95002dcf97cc68957c58c831e6a4fdb5c2953,0.8.0,1,1,G3_campaign,G3_campaign,m3star_graph_transition_xgboost_v0.1,0
C10-darpa-optc-sysclient0351-0925,random,0.4,53,project05_m3star_h3_no_dominance_dual,1,2.0,1,C10-AA-004,2.0,0.0,1,0,0,m3star_graph_action_value_xgboost_v0.3,m3star_graph_action_reachability_xgboost_v0.1,m3star_graph_action_value_xgboost_v0.3,11.0,0,1,1,0,development,0,0,0,1.0,G3_campaign,1.0,3,1,G2_tactic_intent,2,0,1,3,0,1,0,,8,1,2.0,C10-AA-004,0.0,0,1,project05-m3star-runtime-contract-v0.8,e1d6d08bf93f3ff400361ad947d95002dcf97cc68957c58c831e6a4fdb5c2953,0.8.0,1,0,G3_campaign,G3_campaign,m3star_graph_transition_xgboost_v0.1,0
C10-darpa-optc-sysclient0351-0925,random,0.4,53,project05_m3star_h3_unshielded_dual,1,6.0,4,C10-AA-003|C10-AA-001|C10-AA-005|C10-AA-004,6.0,4.0,0,0,0,m3star_graph_action_value_xgboost_v0.3,m3star_graph_action_reachability_xgboost_v0.1,m3star_graph_action_value_xgboost_v0.3,11.0,0,1,1,0,development,0,0,0,1.0,G3_campaign,1.0,1,1,G2_tactic_intent,2,0,0,3,1,1,0,,8,0,2.0,C10-AA-004,0.7222,0,1,project05-m3star-runtime-contract-v0.8,e1d6d08bf93f3ff400361ad947d95002dcf97cc68957c58c831e6a4fdb5c2953,0.8.0,4,1,G3_campaign,G3_campaign,m3star_graph_transition_xgboost_v0.1,3
C10-darpa-optc-sysclient0351-0925,random,0.4,53,project05_m3star_h3_transition_only,1,2.0,1,C10-AA-004,2.0,0.0,1,0,0,none,none,none,11.0,0,1,1,0,development,0,0,0,1.0,G3_campaign,1.0,0,1,G2_tactic_intent,2,0,1,3,1,0,0,,8,1,2.0,C10-AA-004,0.0,0,1,project05-m3star-runtime-contract-v0.8,e1d6d08bf93f3ff400361ad947d95002dcf97cc68957c58c831e6a4fdb5c2953,0.8.0,1,1,G3_campaign,G3_campaign,m3star_graph_transition_xgboost_v0.1,0
C10-darpa-optc-sysclient0351-0925,random,0.4,53,project05_m3star_h1_dual,1,2.0,1,C10-AA-004,2.0,0.0,1,0,0,m3star_graph_action_value_xgboost_v0.3,m3star_graph_action_reachability_xgboost_v0.1,m3star_graph_action_value_xgboost_v0.3,11.0,0,1,1,0,development,0,0,0,1.0,G3_campaign,1.0,3,1,G2_tactic_intent,2,0,1,1,1,1,0,,8,1,2.0,C10-AA-004,0.0,0,1,project05-m3star-runtime-contract-v0.8,e1d6d08bf93f3ff400361ad947d95002dcf97cc68957c58c831e6a4fdb5c2953,0.8.0,1,1,G3_campaign,G3_campaign,m3star_graph_transition_xgboost_v0.1,0
C10-darpa-optc-sysclient0351-0925,random,0.4,53,project05_xgboost_policy,1,2.0,1,C10-AA-004,2.0,0.0,1,0,0,,,,11.0,0,1,1,,development,,0,0,1.0,G3_campaign,1.0,,1,G2_tactic_intent,2,0,,,,,,,,,2.0,C10-AA-004,0.0,,1,,,,1,,G3_campaign,G3_campaign,,0
C10-darpa-optc-sysclient0351-0925,random,0.4,53,project05_m3b_policy,0,,,STOP,0.0,,0,1,0,,,,11.0,0,0,0,,development,,1,1,0.3333,G2_tactic_intent,0.75,,1,G2_tactic_intent,2,0,,,,,,,,,2.0,C10-AA-004,0.0,,0,,,,1,,G3_campaign,G3_campaign,,0
C10-darpa-optc-sysclient0351-0925,random,0.4,53,project05_m2,1,2.0,1,C10-AA-004,2.0,0.0,1,0,0,,,,11.0,0,1,1,,development,,0,0,1.0,G3_campaign,1.0,,1,G2_tactic_intent,2,0,,,,,,,,,2.0,C10-AA-004,0.0,,1,,,,1,,G3_campaign,G3_campaign,,0
C10-darpa-optc-sysclient0351-0925,random,0.4,53,oracle_optimal,1,2.0,1,C10-AA-004,2.0,0.0,1,0,0,,,,11.0,0,1,1,,development,,0,0,1.0,G3_campaign,1.0,,1,G2_tactic_intent,2,0,,,,,,,,,2.0,C10-AA-004,0.0,,1,,,,1,,G3_campaign,G3_campaign,,0
C10-darpa-optc-sysclient0351-0925,random,0.6,11,project05_m3star_h3_dual,1,4.0,2,C10-AA-004|C10-AA-005,4.0,0.0,1,0,0,m3star_graph_action_value_xgboost_v0.3,m3star_graph_action_reachability_xgboost_v0.1,m3star_graph_action_value_xgboost_v0.3,11.0,0,1,1,0,development,0,0,0,1.0,G3_campaign,1.0,0,1,G2_tactic_intent,3,0,1,3,1,1,1,,8,1,4.0,C10-AA-004,0.5,1,2,project05-m3star-runtime-contract-v0.8,e1d6d08bf93f3ff400361ad947d95002dcf97cc68957c58c831e6a4fdb5c2953,0.8.0,2,1,G3_campaign,G3_campaign,m3star_graph_transition_xgboost_v0.1,0
C10-darpa-optc-sysclient0351-0925,random,0.6,11,project05_m3star_h3_no_dominance_dual,1,4.0,2,C10-AA-004|C10-AA-005,4.0,0.0,1,0,0,m3star_graph_action_value_xgboost_v0.3,m3star_graph_action_reachability_xgboost_v0.1,m3star_graph_action_value_xgboost_v0.3,11.0,0,1,1,0,development,0,0,0,1.0,G3_campaign,1.0,0,1,G2_tactic_intent,3,0,1,3,0,1,0,,8,1,4.0,C10-AA-004,0.5,0,2,project05-m3star-runtime-contract-v0.8,e1d6d08bf93f3ff400361ad947d95002dcf97cc68957c58c831e6a4fdb5c2953,0.8.0,2,0,G3_campaign,G3_campaign,m3star_graph_transition_xgboost_v0.1,0
C10-darpa-optc-sysclient0351-0925,random,0.6,11,project05_m3star_h3_unshielded_dual,1,8.0,5,C10-AA-003|C10-AA-002|C10-AA-001|C10-AA-005|C10-AA-004,8.0,4.0,0,0,0,m3star_graph_action_value_xgboost_v0.3,m3star_graph_action_reachability_xgboost_v0.1,m3star_graph_action_value_xgboost_v0.3,11.0,0,1,1,0,development,0,0,0,1.0,G3_campaign,1.0,0,1,G2_tactic_intent,3,0,0,3,1,1,0,,8,0,4.0,C10-AA-004,1.6167,0,2,project05-m3star-runtime-contract-v0.8,e1d6d08bf93f3ff400361ad947d95002dcf97cc68957c58c831e6a4fdb5c2953,0.8.0,5,1,G3_campaign,G3_campaign,m3star_graph_transition_xgboost_v0.1,3
C10-darpa-optc-sysclient0351-0925,random,0.6,11,project05_m3star_h3_transition_only,1,4.0,2,C10-AA-004|C10-AA-005,4.0,0.0,1,0,0,none,none,none,11.0,0,1,1,0,development,0,0,0,1.0,G3_campaign,1.0,0,1,G2_tactic_intent,3,0,1,3,1,0,0,,8,1,4.0,C10-AA-004,0.5,0,2,project05-m3star-runtime-contract-v0.8,e1d6d08bf93f3ff400361ad947d95002dcf97cc68957c58c831e6a4fdb5c2953,0.8.0,2,1,G3_campaign,G3_campaign,m3star_graph_transition_xgboost_v0.1,0
C10-darpa-optc-sysclient0351-0925,random,0.6,11,project05_m3star_h1_dual,1,4.0,2,C10-AA-004|C10-AA-005,4.0,0.0,1,0,0,m3star_graph_action_value_xgboost_v0.3,m3star_graph_action_reachability_xgboost_v0.1,m3star_graph_action_value_xgboost_v0.3,11.0,0,1,1,0,development,0,0,0,1.0,G3_campaign,1.0,0,1,G2_tactic_intent,3,0,1,1,1,1,0,,8,1,4.0,C10-AA-004,0.5,0,2,project05-m3star-runtime-contract-v0.8,e1d6d08bf93f3ff400361ad947d95002dcf97cc68957c58c831e6a4fdb5c2953,0.8.0,2,1,G3_campaign,G3_campaign,m3star_graph_transition_xgboost_v0.1,0
C10-darpa-optc-sysclient0351-0925,random,0.6,11,project05_xgboost_policy,1,4.0,2,C10-AA-005|C10-AA-004,4.0,0.0,0,0,0,,,,11.0,0,1,1,,development,,0,0,1.0,G3_campaign,1.0,,1,G2_tactic_intent,3,0,,,,,,,,,4.0,C10-AA-004,0.5,,2,,,,2,,G3_campaign,G3_campaign,,0
C10-darpa-optc-sysclient0351-0925,random,0.6,11,project05_m3b_policy,0,,,STOP,0.0,,0,1,0,,,,11.0,0,0,0,,development,,1,2,0.0,G2_tactic_intent,0.5,,1,G2_tactic_intent,3,0,,,,,,,,,4.0,C10-AA-004,0.0,,0,,,,1,,G3_campaign,G3_campaign,,0
C10-darpa-optc-sysclient0351-0925,random,0.6,11,project05_m2,1,4.0,2,C10-AA-005|C10-AA-004,4.0,0.0,0,0,0,,,,11.0,0,1,1,,development,,0,0,1.0,G3_campaign,1.0,,1,G2_tactic_intent,3,0,,,,,,,,,4.0,C10-AA-004,0.5,,2,,,,2,,G3_campaign,G3_campaign,,0
C10-darpa-optc-sysclient0351-0925,random,0.6,11,oracle_optimal,1,4.0,2,C10-AA-004|C10-AA-005,4.0,0.0,1,0,0,,,,11.0,0,1,1,,development,,0,0,1.0,G3_campaign,1.0,,1,G2_tactic_intent,3,0,,,,,,,,,4.0,C10-AA-004,0.5,,2,,,,2,,G3_campaign,G3_campaign,,0
C10-darpa-optc-sysclient0351-0925,random,0.6,23,project05_m3star_h3_dual,1,6.0,4,C10-AA-001|C10-AA-005|C10-AA-003|C10-AA-002,6.0,1.0,0,0,0,m3star_graph_action_value_xgboost_v0.3,m3star_graph_action_reachability_xgboost_v0.1,m3star_graph_action_value_xgboost_v0.3,11.0,0,1,1,0,development,1,0,0,1.0,G3_campaign,1.0,3,1,G1_technique,3,0,1,3,1,1,1,,8,1,5.0,C10-AA-002,0.5556,1,3,project05-m3star-runtime-contract-v0.8,e1d6d08bf93f3ff400361ad947d95002dcf97cc68957c58c831e6a4fdb5c2953,0.8.0,4,1,G3_campaign,G3_campaign,m3star_graph_transition_xgboost_v0.1,1
C10-darpa-optc-sysclient0351-0925,random,0.6,23,project05_m3star_h3_no_dominance_dual,1,6.0,4,C10-AA-001|C10-AA-002|C10-AA-005|C10-AA-003,6.0,1.0,0,0,0,m3star_graph_action_value_xgboost_v0.3,m3star_graph_action_reachability_xgboost_v0.1,m3star_graph_action_value_xgboost_v0.3,11.0,0,1,1,0,development,0,0,0,1.0,G3_campaign,1.0,3,1,G1_technique,3,0,1,3,0,1,0,,8,1,5.0,C10-AA-002,1.0,0,3,project05-m3star-runtime-contract-v0.8,e1d6d08bf93f3ff400361ad947d95002dcf97cc68957c58c831e6a4fdb5c2953,0.8.0,4,0,G3_campaign,G3_campaign,m3star_graph_transition_xgboost_v0.1,1
C10-darpa-optc-sysclient0351-0925,random,0.6,23,project05_m3star_h3_unshielded_dual,1,8.0,5,C10-AA-003|C10-AA-001|C10-AA-004|C10-AA-005|C10-AA-002,8.0,3.0,0,0,0,m3star_graph_action_value_xgboost_v0.3,m3star_graph_action_reachability_xgboost_v0.1,m3star_graph_action_value_xgboost_v0.3,11.0,0,1,1,0,development,0,0,0,1.0,G3_campaign,1.0,2,1,G1_technique,3,0,0,3,1,1,0,,8,0,5.0,C10-AA-002,1.4722,0,3,project05-m3star-runtime-contract-v0.8,e1d6d08bf93f3ff400361ad947d95002dcf97cc68957c58c831e6a4fdb5c2953,0.8.0,5,1,G3_campaign,G3_campaign,m3star_graph_transition_xgboost_v0.1,2
C10-darpa-optc-sysclient0351-0925,random,0.6,23,project05_m3star_h3_transition_only,1,6.0,4,C10-AA-001|C10-AA-002|C10-AA-005|C10-AA-003,6.0,1.0,0,0,0,none,none,none,11.0,0,1,1,0,development,0,0,0,1.0,G3_campaign,1.0,0,1,G1_technique,3,0,1,3,1,0,0,,8,1,5.0,C10-AA-002,1.0,0,3,project05-m3star-runtime-contract-v0.8,e1d6d08bf93f3ff400361ad947d95002dcf97cc68957c58c831e6a4fdb5c2953,0.8.0,4,1,G3_campaign,G3_campaign,m3star_graph_transition_xgboost_v0.1,1
C10-darpa-optc-sysclient0351-0925,random,0.6,23,project05_m3star_h1_dual,1,6.0,4,C10-AA-001|C10-AA-002|C10-AA-005|C10-AA-003,6.0,1.0,0,0,0,m3star_graph_action_value_xgboost_v0.3,m3star_graph_action_reachability_xgboost_v0.1,m3star_graph_action_value_xgboost_v0.3,11.0,0,1,1,0,development,0,0,0,1.0,G3_campaign,1.0,3,1,G1_technique,3,0,1,1,1,1,0,,8,1,5.0,C10-AA-002,1.0,0,3,project05-m3star-runtime-contract-v0.8,e1d6d08bf93f3ff400361ad947d95002dcf97cc68957c58c831e6a4fdb5c2953,0.8.0,4,1,G3_campaign,G3_campaign,m3star_graph_transition_xgboost_v0.1,1
C10-darpa-optc-sysclient0351-0925,random,0.6,23,project05_xgboost_policy,1,6.0,4,C10-AA-001|C10-AA-005|C10-AA-002|C10-AA-003,6.0,1.0,0,0,0,,,,11.0,0,1,1,,development,,0,0,1.0,G3_campaign,1.0,,1,G1_technique,3,0,,,,,,,,,5.0,C10-AA-002,0.5556,,3,,,,4,,G3_campaign,G3_campaign,,1
C10-darpa-optc-sysclient0351-0925,random,0.6,23,project05_m3b_policy,1,6.0,4,C10-AA-001|C10-AA-005|C10-AA-003|C10-AA-002,6.0,1.0,0,0,0,,,,11.0,0,1,1,,development,,0,0,1.0,G3_campaign,1.0,,1,G1_technique,3,0,,,,,,,,,5.0,C10-AA-002,0.5556,,3,,,,4,,G3_campaign,G3_campaign,,1
C10-darpa-optc-sysclient0351-0925,random,0.6,23,project05_m2,1,6.0,4,C10-AA-001|C10-AA-005|C10-AA-002|C10-AA-003,6.0,1.0,0,0,0,,,,11.0,0,1,1,,development,,0,0,1.0,G3_campaign,1.0,,1,G1_technique,3,0,,,,,,,,,5.0,C10-AA-002,0.5556,,3,,,,4,,G3_campaign,G3_campaign,,1
C10-darpa-optc-sysclient0351-0925,random,0.6,23,oracle_optimal,1,5.0,3,C10-AA-002|C10-AA-003|C10-AA-005,5.0,0.0,1,0,0,,,,11.0,0,1,1,,development,,0,0,1.0,G3_campaign,1.0,,1,G1_technique,3,0,,,,,,,,,5.0,C10-AA-002,0.5444,,3,,,,3,,G3_campaign,G3_campaign,,0
C10-darpa-optc-sysclient0351-0925,random,0.6,37,project05_m3star_h3_dual,1,2.0,2,C10-AA-003|C10-AA-001,2.0,0.0,0,0,0,m3star_graph_action_value_xgboost_v0.3,m3star_graph_action_reachability_xgboost_v0.1,m3star_graph_action_value_xgboost_v0.3,11.0,0,1,1,0,development,0,0,0,1.0,G3_campaign,1.0,2,1,G2_tactic_intent,3,0,1,3,1,1,1,,8,1,2.0,C10-AA-001,0.0,1,2,project05-m3star-runtime-contract-v0.8,e1d6d08bf93f3ff400361ad947d95002dcf97cc68957c58c831e6a4fdb5c2953,0.8.0,2,1,G3_campaign,G3_campaign,m3star_graph_transition_xgboost_v0.1,0
C10-darpa-optc-sysclient0351-0925,random,0.6,37,project05_m3star_h3_no_dominance_dual,1,2.0,2,C10-AA-003|C10-AA-001,2.0,0.0,0,0,0,m3star_graph_action_value_xgboost_v0.3,m3star_graph_action_reachability_xgboost_v0.1,m3star_graph_action_value_xgboost_v0.3,11.0,0,1,1,0,development,0,0,0,1.0,G3_campaign,1.0,2,1,G2_tactic_intent,3,0,1,3,0,1,0,,8,1,2.0,C10-AA-001,0.0,0,2,project05-m3star-runtime-contract-v0.8,e1d6d08bf93f3ff400361ad947d95002dcf97cc68957c58c831e6a4fdb5c2953,0.8.0,2,0,G3_campaign,G3_campaign,m3star_graph_transition_xgboost_v0.1,0
C10-darpa-optc-sysclient0351-0925,random,0.6,37,project05_m3star_h3_unshielded_dual,1,2.0,2,C10-AA-003|C10-AA-001,2.0,0.0,0,0,0,m3star_graph_action_value_xgboost_v0.3,m3star_graph_action_reachability_xgboost_v0.1,m3star_graph_action_value_xgboost_v0.3,11.0,0,1,1,0,development,0,0,0,1.0,G3_campaign,1.0,2,1,G2_tactic_intent,3,0,0,3,1,1,0,,8,0,2.0,C10-AA-001,0.0,0,2,project05-m3star-runtime-contract-v0.8,e1d6d08bf93f3ff400361ad947d95002dcf97cc68957c58c831e6a4fdb5c2953,0.8.0,2,1,G3_campaign,G3_campaign,m3star_graph_transition_xgboost_v0.1,0
C10-darpa-optc-sysclient0351-0925,random,0.6,37,project05_m3star_h3_transition_only,1,2.0,2,C10-AA-003|C10-AA-001,2.0,0.0,0,0,0,none,none,none,11.0,0,1,1,0,development,0,0,0,1.0,G3_campaign,1.0,0,1,G2_tactic_intent,3,0,1,3,1,0,0,,8,1,2.0,C10-AA-001,0.0,0,2,project05-m3star-runtime-contract-v0.8,e1d6d08bf93f3ff400361ad947d95002dcf97cc68957c58c831e6a4fdb5c2953,0.8.0,2,1,G3_campaign,G3_campaign,m3star_graph_transition_xgboost_v0.1,0
C10-darpa-optc-sysclient0351-0925,random,0.6,37,project05_m3star_h1_dual,1,2.0,2,C10-AA-001|C10-AA-003,2.0,0.0,1,0,0,m3star_graph_action_value_xgboost_v0.3,m3star_graph_action_reachability_xgboost_v0.1,m3star_graph_action_value_xgboost_v0.3,11.0,0,1,1,0,development,0,0,0,1.0,G3_campaign,1.0,2,1,G2_tactic_intent,3,0,1,1,1,1,0,,8,1,2.0,C10-AA-001,0.0,0,2,project05-m3star-runtime-contract-v0.8,e1d6d08bf93f3ff400361ad947d95002dcf97cc68957c58c831e6a4fdb5c2953,0.8.0,2,1,G3_campaign,G3_campaign,m3star_graph_transition_xgboost_v0.1,0
C10-darpa-optc-sysclient0351-0925,random,0.6,37,project05_xgboost_policy,1,5.0,3,C10-AA-005|C10-AA-002|C10-AA-003,5.0,3.0,0,0,0,,,,11.0,0,1,1,,development,,0,0,1.0,G3_campaign,1.0,,1,G2_tactic_intent,3,0,,,,,,,,,2.0,C10-AA-001,0.5556,,2,,,,3,,G3_campaign,G3_campaign,,1
C10-darpa-optc-sysclient0351-0925,random,0.6,37,project05_m3b_policy,0,,,STOP,0.0,,0,1,0,,,,11.0,0,0,0,,development,,1,2,0.0,G2_tactic_intent,0.5,,1,G2_tactic_intent,3,0,,,,,,,,,2.0,C10-AA-001,0.0,,0,,,,1,,G3_campaign,G3_campaign,,0
C10-darpa-optc-sysclient0351-0925,random,0.6,37,project05_m2,1,2.0,2,C10-AA-001|C10-AA-003,2.0,0.0,1,0,0,,,,11.0,0,1,1,,development,,0,0,1.0,G3_campaign,1.0,,1,G2_tactic_intent,3,0,,,,,,,,,2.0,C10-AA-001,0.0,,2,,,,2,,G3_campaign,G3_campaign,,0
C10-darpa-optc-sysclient0351-0925,random,0.6,37,oracle_optimal,1,2.0,2,C10-AA-001|C10-AA-003,2.0,0.0,1,0,0,,,,11.0,0,1,1,,development,,0,0,1.0,G3_campaign,1.0,,1,G2_tactic_intent,3,0,,,,,,,,,2.0,C10-AA-001,0.0,,2,,,,2,,G3_campaign,G3_campaign,,0
C10-darpa-optc-sysclient0351-0925,random,0.6,41,project05_m3star_h3_dual,1,6.0,4,C10-AA-001|C10-AA-005|C10-AA-003|C10-AA-002,6.0,1.0,0,0,0,m3star_graph_action_value_xgboost_v0.3,m3star_graph_action_reachability_xgboost_v0.1,m3star_graph_action_value_xgboost_v0.3,11.0,0,1,1,0,development,1,0,0,1.0,G3_campaign,1.0,3,1,G1_technique,3,0,1,3,1,1,1,,8,1,5.0,C10-AA-002,0.5556,1,3,project05-m3star-runtime-contract-v0.8,e1d6d08bf93f3ff400361ad947d95002dcf97cc68957c58c831e6a4fdb5c2953,0.8.0,4,1,G3_campaign,G3_campaign,m3star_graph_transition_xgboost_v0.1,1
C10-darpa-optc-sysclient0351-0925,random,0.6,41,project05_m3star_h3_no_dominance_dual,1,6.0,4,C10-AA-001|C10-AA-002|C10-AA-005|C10-AA-003,6.0,1.0,0,0,0,m3star_graph_action_value_xgboost_v0.3,m3star_graph_action_reachability_xgboost_v0.1,m3star_graph_action_value_xgboost_v0.3,11.0,0,1,1,0,development,0,0,0,1.0,G3_campaign,1.0,3,1,G1_technique,3,0,1,3,0,1,0,,8,1,5.0,C10-AA-002,1.0,0,3,project05-m3star-runtime-contract-v0.8,e1d6d08bf93f3ff400361ad947d95002dcf97cc68957c58c831e6a4fdb5c2953,0.8.0,4,0,G3_campaign,G3_campaign,m3star_graph_transition_xgboost_v0.1,1
C10-darpa-optc-sysclient0351-0925,random,0.6,41,project05_m3star_h3_unshielded_dual,1,8.0,5,C10-AA-003|C10-AA-001|C10-AA-004|C10-AA-005|C10-AA-002,8.0,3.0,0,0,0,m3star_graph_action_value_xgboost_v0.3,m3star_graph_action_reachability_xgboost_v0.1,m3star_graph_action_value_xgboost_v0.3,11.0,0,1,1,0,development,0,0,0,1.0,G3_campaign,1.0,2,1,G1_technique,3,0,0,3,1,1,0,,8,0,5.0,C10-AA-002,1.4722,0,3,project05-m3star-runtime-contract-v0.8,e1d6d08bf93f3ff400361ad947d95002dcf97cc68957c58c831e6a4fdb5c2953,0.8.0,5,1,G3_campaign,G3_campaign,m3star_graph_transition_xgboost_v0.1,2
C10-darpa-optc-sysclient0351-0925,random,0.6,41,project05_m3star_h3_transition_only,1,6.0,4,C10-AA-001|C10-AA-002|C10-AA-005|C10-AA-003,6.0,1.0,0,0,0,none,none,none,11.0,0,1,1,0,development,0,0,0,1.0,G3_campaign,1.0,0,1,G1_technique,3,0,1,3,1,0,0,,8,1,5.0,C10-AA-002,1.0,0,3,project05-m3star-runtime-contract-v0.8,e1d6d08bf93f3ff400361ad947d95002dcf97cc68957c58c831e6a4fdb5c2953,0.8.0,4,1,G3_campaign,G3_campaign,m3star_graph_transition_xgboost_v0.1,1
C10-darpa-optc-sysclient0351-0925,random,0.6,41,project05_m3star_h1_dual,1,6.0,4,C10-AA-001|C10-AA-002|C10-AA-005|C10-AA-003,6.0,1.0,0,0,0,m3star_graph_action_value_xgboost_v0.3,m3star_graph_action_reachability_xgboost_v0.1,m3star_graph_action_value_xgboost_v0.3,11.0,0,1,1,0,development,0,0,0,1.0,G3_campaign,1.0,3,1,G1_technique,3,0,1,1,1,1,0,,8,1,5.0,C10-AA-002,1.0,0,3,project05-m3star-runtime-contract-v0.8,e1d6d08bf93f3ff400361ad947d95002dcf97cc68957c58c831e6a4fdb5c2953,0.8.0,4,1,G3_campaign,G3_campaign,m3star_graph_transition_xgboost_v0.1,1
C10-darpa-optc-sysclient0351-0925,random,0.6,41,project05_xgboost_policy,1,6.0,4,C10-AA-001|C10-AA-005|C10-AA-002|C10-AA-003,6.0,1.0,0,0,0,,,,11.0,0,1,1,,development,,0,0,1.0,G3_campaign,1.0,,1,G1_technique,3,0,,,,,,,,,5.0,C10-AA-002,0.5556,,3,,,,4,,G3_campaign,G3_campaign,,1
C10-darpa-optc-sysclient0351-0925,random,0.6,41,project05_m3b_policy,1,6.0,4,C10-AA-001|C10-AA-005|C10-AA-003|C10-AA-002,6.0,1.0,0,0,0,,,,11.0,0,1,1,,development,,0,0,1.0,G3_campaign,1.0,,1,G1_technique,3,0,,,,,,,,,5.0,C10-AA-002,0.5556,,3,,,,4,,G3_campaign,G3_campaign,,1
C10-darpa-optc-sysclient0351-0925,random,0.6,41,project05_m2,1,6.0,4,C10-AA-001|C10-AA-005|C10-AA-002|C10-AA-003,6.0,1.0,0,0,0,,,,11.0,0,1,1,,development,,0,0,1.0,G3_campaign,1.0,,1,G1_technique,3,0,,,,,,,,,5.0,C10-AA-002,0.5556,,3,,,,4,,G3_campaign,G3_campaign,,1
C10-darpa-optc-sysclient0351-0925,random,0.6,41,oracle_optimal,1,5.0,3,C10-AA-002|C10-AA-003|C10-AA-005,5.0,0.0,1,0,0,,,,11.0,0,1,1,,development,,0,0,1.0,G3_campaign,1.0,,1,G1_technique,3,0,,,,,,,,,5.0,C10-AA-002,0.5444,,3,,,,3,,G3_campaign,G3_campaign,,0
C10-darpa-optc-sysclient0351-0925,random,0.6,53,project05_m3star_h3_dual,1,4.0,2,C10-AA-004|C10-AA-005,4.0,0.0,1,0,0,m3star_graph_action_value_xgboost_v0.3,m3star_graph_action_reachability_xgboost_v0.1,m3star_graph_action_value_xgboost_v0.3,11.0,0,1,1,0,development,0,0,0,1.0,G3_campaign,1.0,0,1,G2_tactic_intent,3,0,1,3,1,1,1,,8,1,4.0,C10-AA-004,0.5,1,2,project05-m3star-runtime-contract-v0.8,e1d6d08bf93f3ff400361ad947d95002dcf97cc68957c58c831e6a4fdb5c2953,0.8.0,2,1,G3_campaign,G3_campaign,m3star_graph_transition_xgboost_v0.1,0
C10-darpa-optc-sysclient0351-0925,random,0.6,53,project05_m3star_h3_no_dominance_dual,1,4.0,2,C10-AA-004|C10-AA-005,4.0,0.0,1,0,0,m3star_graph_action_value_xgboost_v0.3,m3star_graph_action_reachability_xgboost_v0.1,m3star_graph_action_value_xgboost_v0.3,11.0,0,1,1,0,development,0,0,0,1.0,G3_campaign,1.0,0,1,G2_tactic_intent,3,0,1,3,0,1,0,,8,1,4.0,C10-AA-004,0.5,0,2,project05-m3star-runtime-contract-v0.8,e1d6d08bf93f3ff400361ad947d95002dcf97cc68957c58c831e6a4fdb5c2953,0.8.0,2,0,G3_campaign,G3_campaign,m3star_graph_transition_xgboost_v0.1,0
C10-darpa-optc-sysclient0351-0925,random,0.6,53,project05_m3star_h3_unshielded_dual,1,8.0,5,C10-AA-003|C10-AA-002|C10-AA-001|C10-AA-005|C10-AA-004,8.0,4.0,0,0,0,m3star_graph_action_value_xgboost_v0.3,m3star_graph_action_reachability_xgboost_v0.1,m3star_graph_action_value_xgboost_v0.3,11.0,0,1,1,0,development,0,0,0,1.0,G3_campaign,1.0,0,1,G2_tactic_intent,3,0,0,3,1,1,0,,8,0,4.0,C10-AA-004,1.6167,0,2,project05-m3star-runtime-contract-v0.8,e1d6d08bf93f3ff400361ad947d95002dcf97cc68957c58c831e6a4fdb5c2953,0.8.0,5,1,G3_campaign,G3_campaign,m3star_graph_transition_xgboost_v0.1,3
C10-darpa-optc-sysclient0351-0925,random,0.6,53,project05_m3star_h3_transition_only,1,4.0,2,C10-AA-004|C10-AA-005,4.0,0.0,1,0,0,none,none,none,11.0,0,1,1,0,development,0,0,0,1.0,G3_campaign,1.0,0,1,G2_tactic_intent,3,0,1,3,1,0,0,,8,1,4.0,C10-AA-004,0.5,0,2,project05-m3star-runtime-contract-v0.8,e1d6d08bf93f3ff400361ad947d95002dcf97cc68957c58c831e6a4fdb5c2953,0.8.0,2,1,G3_campaign,G3_campaign,m3star_graph_transition_xgboost_v0.1,0
C10-darpa-optc-sysclient0351-0925,random,0.6,53,project05_m3star_h1_dual,1,4.0,2,C10-AA-004|C10-AA-005,4.0,0.0,1,0,0,m3star_graph_action_value_xgboost_v0.3,m3star_graph_action_reachability_xgboost_v0.1,m3star_graph_action_value_xgboost_v0.3,11.0,0,1,1,0,development,0,0,0,1.0,G3_campaign,1.0,0,1,G2_tactic_intent,3,0,1,1,1,1,0,,8,1,4.0,C10-AA-004,0.5,0,2,project05-m3star-runtime-contract-v0.8,e1d6d08bf93f3ff400361ad947d95002dcf97cc68957c58c831e6a4fdb5c2953,0.8.0,2,1,G3_campaign,G3_campaign,m3star_graph_transition_xgboost_v0.1,0
C10-darpa-optc-sysclient0351-0925,random,0.6,53,project05_xgboost_policy,1,4.0,2,C10-AA-005|C10-AA-004,4.0,0.0,0,0,0,,,,11.0,0,1,1,,development,,0,0,1.0,G3_campaign,1.0,,1,G2_tactic_intent,3,0,,,,,,,,,4.0,C10-AA-004,0.5,,2,,,,2,,G3_campaign,G3_campaign,,0
C10-darpa-optc-sysclient0351-0925,random,0.6,53,project05_m3b_policy,0,,,STOP,0.0,,0,1,0,,,,11.0,0,0,0,,development,,1,2,0.0,G2_tactic_intent,0.5,,1,G2_tactic_intent,3,0,,,,,,,,,4.0,C10-AA-004,0.0,,0,,,,1,,G3_campaign,G3_campaign,,0
C10-darpa-optc-sysclient0351-0925,random,0.6,53,project05_m2,1,4.0,2,C10-AA-005|C10-AA-004,4.0,0.0,0,0,0,,,,11.0,0,1,1,,development,,0,0,1.0,G3_campaign,1.0,,1,G2_tactic_intent,3,0,,,,,,,,,4.0,C10-AA-004,0.5,,2,,,,2,,G3_campaign,G3_campaign,,0
C10-darpa-optc-sysclient0351-0925,random,0.6,53,oracle_optimal,1,4.0,2,C10-AA-004|C10-AA-005,4.0,0.0,1,0,0,,,,11.0,0,1,1,,development,,0,0,1.0,G3_campaign,1.0,,1,G2_tactic_intent,3,0,,,,,,,,,4.0,C10-AA-004,0.5,,2,,,,2,,G3_campaign,G3_campaign,,0
C10-darpa-optc-sysclient0351-0925,stage,0.2,11,project05_m3star_h3_dual,1,1.0,1,C10-AA-003,1.0,0.0,1,0,0,m3star_graph_action_value_xgboost_v0.3,m3star_graph_action_reachability_xgboost_v0.1,m3star_graph_action_value_xgboost_v0.3,11.0,0,1,1,0,development,0,0,0,1.0,G3_campaign,1.0,2,1,G2_tactic_intent,1,0,1,3,1,1,1,,8,1,1.0,C10-AA-003,0.0,1,1,project05-m3star-runtime-contract-v0.8,e1d6d08bf93f3ff400361ad947d95002dcf97cc68957c58c831e6a4fdb5c2953,0.8.0,1,1,G3_campaign,G3_campaign,m3star_graph_transition_xgboost_v0.1,0
C10-darpa-optc-sysclient0351-0925,stage,0.2,11,project05_m3star_h3_no_dominance_dual,1,1.0,1,C10-AA-003,1.0,0.0,1,0,0,m3star_graph_action_value_xgboost_v0.3,m3star_graph_action_reachability_xgboost_v0.1,m3star_graph_action_value_xgboost_v0.3,11.0,0,1,1,0,development,0,0,0,1.0,G3_campaign,1.0,2,1,G2_tactic_intent,1,0,1,3,0,1,0,,8,1,1.0,C10-AA-003,0.0,0,1,project05-m3star-runtime-contract-v0.8,e1d6d08bf93f3ff400361ad947d95002dcf97cc68957c58c831e6a4fdb5c2953,0.8.0,1,0,G3_campaign,G3_campaign,m3star_graph_transition_xgboost_v0.1,0
C10-darpa-optc-sysclient0351-0925,stage,0.2,11,project05_m3star_h3_unshielded_dual,1,1.0,1,C10-AA-003,1.0,0.0,1,0,0,m3star_graph_action_value_xgboost_v0.3,m3star_graph_action_reachability_xgboost_v0.1,m3star_graph_action_value_xgboost_v0.3,11.0,0,1,1,0,development,0,0,0,1.0,G3_campaign,1.0,2,1,G2_tactic_intent,1,0,0,3,1,1,0,,8,0,1.0,C10-AA-003,0.0,0,1,project05-m3star-runtime-contract-v0.8,e1d6d08bf93f3ff400361ad947d95002dcf97cc68957c58c831e6a4fdb5c2953,0.8.0,1,1,G3_campaign,G3_campaign,m3star_graph_transition_xgboost_v0.1,0
C10-darpa-optc-sysclient0351-0925,stage,0.2,11,project05_m3star_h3_transition_only,1,1.0,1,C10-AA-003,1.0,0.0,1,0,0,none,none,none,11.0,0,1,1,0,development,0,0,0,1.0,G3_campaign,1.0,0,1,G2_tactic_intent,1,0,1,3,1,0,0,,8,1,1.0,C10-AA-003,0.0,0,1,project05-m3star-runtime-contract-v0.8,e1d6d08bf93f3ff400361ad947d95002dcf97cc68957c58c831e6a4fdb5c2953,0.8.0,1,1,G3_campaign,G3_campaign,m3star_graph_transition_xgboost_v0.1,0
C10-darpa-optc-sysclient0351-0925,stage,0.2,11,project05_m3star_h1_dual,1,1.0,1,C10-AA-003,1.0,0.0,1,0,0,m3star_graph_action_value_xgboost_v0.3,m3star_graph_action_reachability_xgboost_v0.1,m3star_graph_action_value_xgboost_v0.3,11.0,0,1,1,0,development,0,0,0,1.0,G3_campaign,1.0,2,1,G2_tactic_intent,1,0,1,1,1,1,0,,8,1,1.0,C10-AA-003,0.0,0,1,project05-m3star-runtime-contract-v0.8,e1d6d08bf93f3ff400361ad947d95002dcf97cc68957c58c831e6a4fdb5c2953,0.8.0,1,1,G3_campaign,G3_campaign,m3star_graph_transition_xgboost_v0.1,0
C10-darpa-optc-sysclient0351-0925,stage,0.2,11,project05_xgboost_policy,1,1.0,1,C10-AA-003,1.0,0.0,1,0,0,,,,11.0,0,1,1,,development,,0,0,1.0,G3_campaign,1.0,,1,G2_tactic_intent,1,0,,,,,,,,,1.0,C10-AA-003,0.0,,1,,,,1,,G3_campaign,G3_campaign,,0
C10-darpa-optc-sysclient0351-0925,stage,0.2,11,project05_m3b_policy,1,1.0,1,C10-AA-003,1.0,0.0,1,0,0,,,,11.0,0,1,1,,development,,0,0,1.0,G3_campaign,1.0,,1,G2_tactic_intent,1,0,,,,,,,,,1.0,C10-AA-003,0.0,,1,,,,1,,G3_campaign,G3_campaign,,0
C10-darpa-optc-sysclient0351-0925,stage,0.2,11,project05_m2,1,1.0,1,C10-AA-003,1.0,0.0,1,0,0,,,,11.0,0,1,1,,development,,0,0,1.0,G3_campaign,1.0,,1,G2_tactic_intent,1,0,,,,,,,,,1.0,C10-AA-003,0.0,,1,,,,1,,G3_campaign,G3_campaign,,0
C10-darpa-optc-sysclient0351-0925,stage,0.2,11,oracle_optimal,1,1.0,1,C10-AA-003,1.0,0.0,1,0,0,,,,11.0,0,1,1,,development,,0,0,1.0,G3_campaign,1.0,,1,G2_tactic_intent,1,0,,,,,,,,,1.0,C10-AA-003,0.0,,1,,,,1,,G3_campaign,G3_campaign,,0
C10-darpa-optc-sysclient0351-0925,stage,0.2,23,project05_m3star_h3_dual,1,1.0,1,C10-AA-003,1.0,0.0,1,0,0,m3star_graph_action_value_xgboost_v0.3,m3star_graph_action_reachability_xgboost_v0.1,m3star_graph_action_value_xgboost_v0.3,11.0,0,1,1,0,development,0,0,0,1.0,G3_campaign,1.0,2,1,G2_tactic_intent,1,0,1,3,1,1,1,,8,1,1.0,C10-AA-003,0.0,1,1,project05-m3star-runtime-contract-v0.8,e1d6d08bf93f3ff400361ad947d95002dcf97cc68957c58c831e6a4fdb5c2953,0.8.0,1,1,G3_campaign,G3_campaign,m3star_graph_transition_xgboost_v0.1,0
C10-darpa-optc-sysclient0351-0925,stage,0.2,23,project05_m3star_h3_no_dominance_dual,1,1.0,1,C10-AA-003,1.0,0.0,1,0,0,m3star_graph_action_value_xgboost_v0.3,m3star_graph_action_reachability_xgboost_v0.1,m3star_graph_action_value_xgboost_v0.3,11.0,0,1,1,0,development,0,0,0,1.0,G3_campaign,1.0,2,1,G2_tactic_intent,1,0,1,3,0,1,0,,8,1,1.0,C10-AA-003,0.0,0,1,project05-m3star-runtime-contract-v0.8,e1d6d08bf93f3ff400361ad947d95002dcf97cc68957c58c831e6a4fdb5c2953,0.8.0,1,0,G3_campaign,G3_campaign,m3star_graph_transition_xgboost_v0.1,0
C10-darpa-optc-sysclient0351-0925,stage,0.2,23,project05_m3star_h3_unshielded_dual,1,1.0,1,C10-AA-003,1.0,0.0,1,0,0,m3star_graph_action_value_xgboost_v0.3,m3star_graph_action_reachability_xgboost_v0.1,m3star_graph_action_value_xgboost_v0.3,11.0,0,1,1,0,development,0,0,0,1.0,G3_campaign,1.0,2,1,G2_tactic_intent,1,0,0,3,1,1,0,,8,0,1.0,C10-AA-003,0.0,0,1,project05-m3star-runtime-contract-v0.8,e1d6d08bf93f3ff400361ad947d95002dcf97cc68957c58c831e6a4fdb5c2953,0.8.0,1,1,G3_campaign,G3_campaign,m3star_graph_transition_xgboost_v0.1,0
C10-darpa-optc-sysclient0351-0925,stage,0.2,23,project05_m3star_h3_transition_only,1,1.0,1,C10-AA-003,1.0,0.0,1,0,0,none,none,none,11.0,0,1,1,0,development,0,0,0,1.0,G3_campaign,1.0,0,1,G2_tactic_intent,1,0,1,3,1,0,0,,8,1,1.0,C10-AA-003,0.0,0,1,project05-m3star-runtime-contract-v0.8,e1d6d08bf93f3ff400361ad947d95002dcf97cc68957c58c831e6a4fdb5c2953,0.8.0,1,1,G3_campaign,G3_campaign,m3star_graph_transition_xgboost_v0.1,0
C10-darpa-optc-sysclient0351-0925,stage,0.2,23,project05_m3star_h1_dual,1,1.0,1,C10-AA-003,1.0,0.0,1,0,0,m3star_graph_action_value_xgboost_v0.3,m3star_graph_action_reachability_xgboost_v0.1,m3star_graph_action_value_xgboost_v0.3,11.0,0,1,1,0,development,0,0,0,1.0,G3_campaign,1.0,2,1,G2_tactic_intent,1,0,1,1,1,1,0,,8,1,1.0,C10-AA-003,0.0,0,1,project05-m3star-runtime-contract-v0.8,e1d6d08bf93f3ff400361ad947d95002dcf97cc68957c58c831e6a4fdb5c2953,0.8.0,1,1,G3_campaign,G3_campaign,m3star_graph_transition_xgboost_v0.1,0
C10-darpa-optc-sysclient0351-0925,stage,0.2,23,project05_xgboost_policy,1,1.0,1,C10-AA-003,1.0,0.0,1,0,0,,,,11.0,0,1,1,,development,,0,0,1.0,G3_campaign,1.0,,1,G2_tactic_intent,1,0,,,,,,,,,1.0,C10-AA-003,0.0,,1,,,,1,,G3_campaign,G3_campaign,,0
C10-darpa-optc-sysclient0351-0925,stage,0.2,23,project05_m3b_policy,1,1.0,1,C10-AA-003,1.0,0.0,1,0,0,,,,11.0,0,1,1,,development,,0,0,1.0,G3_campaign,1.0,,1,G2_tactic_intent,1,0,,,,,,,,,1.0,C10-AA-003,0.0,,1,,,,1,,G3_campaign,G3_campaign,,0
C10-darpa-optc-sysclient0351-0925,stage,0.2,23,project05_m2,1,1.0,1,C10-AA-003,1.0,0.0,1,0,0,,,,11.0,0,1,1,,development,,0,0,1.0,G3_campaign,1.0,,1,G2_tactic_intent,1,0,,,,,,,,,1.0,C10-AA-003,0.0,,1,,,,1,,G3_campaign,G3_campaign,,0
C10-darpa-optc-sysclient0351-0925,stage,0.2,23,oracle_optimal,1,1.0,1,C10-AA-003,1.0,0.0,1,0,0,,,,11.0,0,1,1,,development,,0,0,1.0,G3_campaign,1.0,,1,G2_tactic_intent,1,0,,,,,,,,,1.0,C10-AA-003,0.0,,1,,,,1,,G3_campaign,G3_campaign,,0
C10-darpa-optc-sysclient0351-0925,stage,0.2,37,project05_m3star_h3_dual,1,1.0,1,C10-AA-003,1.0,0.0,1,0,0,m3star_graph_action_value_xgboost_v0.3,m3star_graph_action_reachability_xgboost_v0.1,m3star_graph_action_value_xgboost_v0.3,11.0,0,1,1,0,development,0,0,0,1.0,G3_campaign,1.0,2,1,G2_tactic_intent,1,0,1,3,1,1,1,,8,1,1.0,C10-AA-003,0.0,1,1,project05-m3star-runtime-contract-v0.8,e1d6d08bf93f3ff400361ad947d95002dcf97cc68957c58c831e6a4fdb5c2953,0.8.0,1,1,G3_campaign,G3_campaign,m3star_graph_transition_xgboost_v0.1,0
C10-darpa-optc-sysclient0351-0925,stage,0.2,37,project05_m3star_h3_no_dominance_dual,1,1.0,1,C10-AA-003,1.0,0.0,1,0,0,m3star_graph_action_value_xgboost_v0.3,m3star_graph_action_reachability_xgboost_v0.1,m3star_graph_action_value_xgboost_v0.3,11.0,0,1,1,0,development,0,0,0,1.0,G3_campaign,1.0,2,1,G2_tactic_intent,1,0,1,3,0,1,0,,8,1,1.0,C10-AA-003,0.0,0,1,project05-m3star-runtime-contract-v0.8,e1d6d08bf93f3ff400361ad947d95002dcf97cc68957c58c831e6a4fdb5c2953,0.8.0,1,0,G3_campaign,G3_campaign,m3star_graph_transition_xgboost_v0.1,0
C10-darpa-optc-sysclient0351-0925,stage,0.2,37,project05_m3star_h3_unshielded_dual,1,1.0,1,C10-AA-003,1.0,0.0,1,0,0,m3star_graph_action_value_xgboost_v0.3,m3star_graph_action_reachability_xgboost_v0.1,m3star_graph_action_value_xgboost_v0.3,11.0,0,1,1,0,development,0,0,0,1.0,G3_campaign,1.0,2,1,G2_tactic_intent,1,0,0,3,1,1,0,,8,0,1.0,C10-AA-003,0.0,0,1,project05-m3star-runtime-contract-v0.8,e1d6d08bf93f3ff400361ad947d95002dcf97cc68957c58c831e6a4fdb5c2953,0.8.0,1,1,G3_campaign,G3_campaign,m3star_graph_transition_xgboost_v0.1,0
C10-darpa-optc-sysclient0351-0925,stage,0.2,37,project05_m3star_h3_transition_only,1,1.0,1,C10-AA-003,1.0,0.0,1,0,0,none,none,none,11.0,0,1,1,0,development,0,0,0,1.0,G3_campaign,1.0,0,1,G2_tactic_intent,1,0,1,3,1,0,0,,8,1,1.0,C10-AA-003,0.0,0,1,project05-m3star-runtime-contract-v0.8,e1d6d08bf93f3ff400361ad947d95002dcf97cc68957c58c831e6a4fdb5c2953,0.8.0,1,1,G3_campaign,G3_campaign,m3star_graph_transition_xgboost_v0.1,0
C10-darpa-optc-sysclient0351-0925,stage,0.2,37,project05_m3star_h1_dual,1,1.0,1,C10-AA-003,1.0,0.0,1,0,0,m3star_graph_action_value_xgboost_v0.3,m3star_graph_action_reachability_xgboost_v0.1,m3star_graph_action_value_xgboost_v0.3,11.0,0,1,1,0,development,0,0,0,1.0,G3_campaign,1.0,2,1,G2_tactic_intent,1,0,1,1,1,1,0,,8,1,1.0,C10-AA-003,0.0,0,1,project05-m3star-runtime-contract-v0.8,e1d6d08bf93f3ff400361ad947d95002dcf97cc68957c58c831e6a4fdb5c2953,0.8.0,1,1,G3_campaign,G3_campaign,m3star_graph_transition_xgboost_v0.1,0
C10-darpa-optc-sysclient0351-0925,stage,0.2,37,project05_xgboost_policy,1,1.0,1,C10-AA-003,1.0,0.0,1,0,0,,,,11.0,0,1,1,,development,,0,0,1.0,G3_campaign,1.0,,1,G2_tactic_intent,1,0,,,,,,,,,1.0,C10-AA-003,0.0,,1,,,,1,,G3_campaign,G3_campaign,,0
C10-darpa-optc-sysclient0351-0925,stage,0.2,37,project05_m3b_policy,1,1.0,1,C10-AA-003,1.0,0.0,1,0,0,,,,11.0,0,1,1,,development,,0,0,1.0,G3_campaign,1.0,,1,G2_tactic_intent,1,0,,,,,,,,,1.0,C10-AA-003,0.0,,1,,,,1,,G3_campaign,G3_campaign,,0
C10-darpa-optc-sysclient0351-0925,stage,0.2,37,project05_m2,1,1.0,1,C10-AA-003,1.0,0.0,1,0,0,,,,11.0,0,1,1,,development,,0,0,1.0,G3_campaign,1.0,,1,G2_tactic_intent,1,0,,,,,,,,,1.0,C10-AA-003,0.0,,1,,,,1,,G3_campaign,G3_campaign,,0
C10-darpa-optc-sysclient0351-0925,stage,0.2,37,oracle_optimal,1,1.0,1,C10-AA-003,1.0,0.0,1,0,0,,,,11.0,0,1,1,,development,,0,0,1.0,G3_campaign,1.0,,1,G2_tactic_intent,1,0,,,,,,,,,1.0,C10-AA-003,0.0,,1,,,,1,,G3_campaign,G3_campaign,,0
C10-darpa-optc-sysclient0351-0925,stage,0.2,41,project05_m3star_h3_dual,1,1.0,1,C10-AA-003,1.0,0.0,1,0,0,m3star_graph_action_value_xgboost_v0.3,m3star_graph_action_reachability_xgboost_v0.1,m3star_graph_action_value_xgboost_v0.3,11.0,0,1,1,0,development,0,0,0,1.0,G3_campaign,1.0,2,1,G2_tactic_intent,1,0,1,3,1,1,1,,8,1,1.0,C10-AA-003,0.0,1,1,project05-m3star-runtime-contract-v0.8,e1d6d08bf93f3ff400361ad947d95002dcf97cc68957c58c831e6a4fdb5c2953,0.8.0,1,1,G3_campaign,G3_campaign,m3star_graph_transition_xgboost_v0.1,0
C10-darpa-optc-sysclient0351-0925,stage,0.2,41,project05_m3star_h3_no_dominance_dual,1,1.0,1,C10-AA-003,1.0,0.0,1,0,0,m3star_graph_action_value_xgboost_v0.3,m3star_graph_action_reachability_xgboost_v0.1,m3star_graph_action_value_xgboost_v0.3,11.0,0,1,1,0,development,0,0,0,1.0,G3_campaign,1.0,2,1,G2_tactic_intent,1,0,1,3,0,1,0,,8,1,1.0,C10-AA-003,0.0,0,1,project05-m3star-runtime-contract-v0.8,e1d6d08bf93f3ff400361ad947d95002dcf97cc68957c58c831e6a4fdb5c2953,0.8.0,1,0,G3_campaign,G3_campaign,m3star_graph_transition_xgboost_v0.1,0
C10-darpa-optc-sysclient0351-0925,stage,0.2,41,project05_m3star_h3_unshielded_dual,1,1.0,1,C10-AA-003,1.0,0.0,1,0,0,m3star_graph_action_value_xgboost_v0.3,m3star_graph_action_reachability_xgboost_v0.1,m3star_graph_action_value_xgboost_v0.3,11.0,0,1,1,0,development,0,0,0,1.0,G3_campaign,1.0,2,1,G2_tactic_intent,1,0,0,3,1,1,0,,8,0,1.0,C10-AA-003,0.0,0,1,project05-m3star-runtime-contract-v0.8,e1d6d08bf93f3ff400361ad947d95002dcf97cc68957c58c831e6a4fdb5c2953,0.8.0,1,1,G3_campaign,G3_campaign,m3star_graph_transition_xgboost_v0.1,0
C10-darpa-optc-sysclient0351-0925,stage,0.2,41,project05_m3star_h3_transition_only,1,1.0,1,C10-AA-003,1.0,0.0,1,0,0,none,none,none,11.0,0,1,1,0,development,0,0,0,1.0,G3_campaign,1.0,0,1,G2_tactic_intent,1,0,1,3,1,0,0,,8,1,1.0,C10-AA-003,0.0,0,1,project05-m3star-runtime-contract-v0.8,e1d6d08bf93f3ff400361ad947d95002dcf97cc68957c58c831e6a4fdb5c2953,0.8.0,1,1,G3_campaign,G3_campaign,m3star_graph_transition_xgboost_v0.1,0
C10-darpa-optc-sysclient0351-0925,stage,0.2,41,project05_m3star_h1_dual,1,1.0,1,C10-AA-003,1.0,0.0,1,0,0,m3star_graph_action_value_xgboost_v0.3,m3star_graph_action_reachability_xgboost_v0.1,m3star_graph_action_value_xgboost_v0.3,11.0,0,1,1,0,development,0,0,0,1.0,G3_campaign,1.0,2,1,G2_tactic_intent,1,0,1,1,1,1,0,,8,1,1.0,C10-AA-003,0.0,0,1,project05-m3star-runtime-contract-v0.8,e1d6d08bf93f3ff400361ad947d95002dcf97cc68957c58c831e6a4fdb5c2953,0.8.0,1,1,G3_campaign,G3_campaign,m3star_graph_transition_xgboost_v0.1,0
C10-darpa-optc-sysclient0351-0925,stage,0.2,41,project05_xgboost_policy,1,1.0,1,C10-AA-003,1.0,0.0,1,0,0,,,,11.0,0,1,1,,development,,0,0,1.0,G3_campaign,1.0,,1,G2_tactic_intent,1,0,,,,,,,,,1.0,C10-AA-003,0.0,,1,,,,1,,G3_campaign,G3_campaign,,0
C10-darpa-optc-sysclient0351-0925,stage,0.2,41,project05_m3b_policy,1,1.0,1,C10-AA-003,1.0,0.0,1,0,0,,,,11.0,0,1,1,,development,,0,0,1.0,G3_campaign,1.0,,1,G2_tactic_intent,1,0,,,,,,,,,1.0,C10-AA-003,0.0,,1,,,,1,,G3_campaign,G3_campaign,,0
C10-darpa-optc-sysclient0351-0925,stage,0.2,41,project05_m2,1,1.0,1,C10-AA-003,1.0,0.0,1,0,0,,,,11.0,0,1,1,,development,,0,0,1.0,G3_campaign,1.0,,1,G2_tactic_intent,1,0,,,,,,,,,1.0,C10-AA-003,0.0,,1,,,,1,,G3_campaign,G3_campaign,,0
C10-darpa-optc-sysclient0351-0925,stage,0.2,41,oracle_optimal,1,1.0,1,C10-AA-003,1.0,0.0,1,0,0,,,,11.0,0,1,1,,development,,0,0,1.0,G3_campaign,1.0,,1,G2_tactic_intent,1,0,,,,,,,,,1.0,C10-AA-003,0.0,,1,,,,1,,G3_campaign,G3_campaign,,0
C10-darpa-optc-sysclient0351-0925,stage,0.2,53,project05_m3star_h3_dual,1,1.0,1,C10-AA-003,1.0,0.0,1,0,0,m3star_graph_action_value_xgboost_v0.3,m3star_graph_action_reachability_xgboost_v0.1,m3star_graph_action_value_xgboost_v0.3,11.0,0,1,1,0,development,0,0,0,1.0,G3_campaign,1.0,2,1,G2_tactic_intent,1,0,1,3,1,1,1,,8,1,1.0,C10-AA-003,0.0,1,1,project05-m3star-runtime-contract-v0.8,e1d6d08bf93f3ff400361ad947d95002dcf97cc68957c58c831e6a4fdb5c2953,0.8.0,1,1,G3_campaign,G3_campaign,m3star_graph_transition_xgboost_v0.1,0
C10-darpa-optc-sysclient0351-0925,stage,0.2,53,project05_m3star_h3_no_dominance_dual,1,1.0,1,C10-AA-003,1.0,0.0,1,0,0,m3star_graph_action_value_xgboost_v0.3,m3star_graph_action_reachability_xgboost_v0.1,m3star_graph_action_value_xgboost_v0.3,11.0,0,1,1,0,development,0,0,0,1.0,G3_campaign,1.0,2,1,G2_tactic_intent,1,0,1,3,0,1,0,,8,1,1.0,C10-AA-003,0.0,0,1,project05-m3star-runtime-contract-v0.8,e1d6d08bf93f3ff400361ad947d95002dcf97cc68957c58c831e6a4fdb5c2953,0.8.0,1,0,G3_campaign,G3_campaign,m3star_graph_transition_xgboost_v0.1,0
C10-darpa-optc-sysclient0351-0925,stage,0.2,53,project05_m3star_h3_unshielded_dual,1,1.0,1,C10-AA-003,1.0,0.0,1,0,0,m3star_graph_action_value_xgboost_v0.3,m3star_graph_action_reachability_xgboost_v0.1,m3star_graph_action_value_xgboost_v0.3,11.0,0,1,1,0,development,0,0,0,1.0,G3_campaign,1.0,2,1,G2_tactic_intent,1,0,0,3,1,1,0,,8,0,1.0,C10-AA-003,0.0,0,1,project05-m3star-runtime-contract-v0.8,e1d6d08bf93f3ff400361ad947d95002dcf97cc68957c58c831e6a4fdb5c2953,0.8.0,1,1,G3_campaign,G3_campaign,m3star_graph_transition_xgboost_v0.1,0
C10-darpa-optc-sysclient0351-0925,stage,0.2,53,project05_m3star_h3_transition_only,1,1.0,1,C10-AA-003,1.0,0.0,1,0,0,none,none,none,11.0,0,1,1,0,development,0,0,0,1.0,G3_campaign,1.0,0,1,G2_tactic_intent,1,0,1,3,1,0,0,,8,1,1.0,C10-AA-003,0.0,0,1,project05-m3star-runtime-contract-v0.8,e1d6d08bf93f3ff400361ad947d95002dcf97cc68957c58c831e6a4fdb5c2953,0.8.0,1,1,G3_campaign,G3_campaign,m3star_graph_transition_xgboost_v0.1,0
C10-darpa-optc-sysclient0351-0925,stage,0.2,53,project05_m3star_h1_dual,1,1.0,1,C10-AA-003,1.0,0.0,1,0,0,m3star_graph_action_value_xgboost_v0.3,m3star_graph_action_reachability_xgboost_v0.1,m3star_graph_action_value_xgboost_v0.3,11.0,0,1,1,0,development,0,0,0,1.0,G3_campaign,1.0,2,1,G2_tactic_intent,1,0,1,1,1,1,0,,8,1,1.0,C10-AA-003,0.0,0,1,project05-m3star-runtime-contract-v0.8,e1d6d08bf93f3ff400361ad947d95002dcf97cc68957c58c831e6a4fdb5c2953,0.8.0,1,1,G3_campaign,G3_campaign,m3star_graph_transition_xgboost_v0.1,0
C10-darpa-optc-sysclient0351-0925,stage,0.2,53,project05_xgboost_policy,1,1.0,1,C10-AA-003,1.0,0.0,1,0,0,,,,11.0,0,1,1,,development,,0,0,1.0,G3_campaign,1.0,,1,G2_tactic_intent,1,0,,,,,,,,,1.0,C10-AA-003,0.0,,1,,,,1,,G3_campaign,G3_campaign,,0
C10-darpa-optc-sysclient0351-0925,stage,0.2,53,project05_m3b_policy,1,1.0,1,C10-AA-003,1.0,0.0,1,0,0,,,,11.0,0,1,1,,development,,0,0,1.0,G3_campaign,1.0,,1,G2_tactic_intent,1,0,,,,,,,,,1.0,C10-AA-003,0.0,,1,,,,1,,G3_campaign,G3_campaign,,0
C10-darpa-optc-sysclient0351-0925,stage,0.2,53,project05_m2,1,1.0,1,C10-AA-003,1.0,0.0,1,0,0,,,,11.0,0,1,1,,development,,0,0,1.0,G3_campaign,1.0,,1,G2_tactic_intent,1,0,,,,,,,,,1.0,C10-AA-003,0.0,,1,,,,1,,G3_campaign,G3_campaign,,0
C10-darpa-optc-sysclient0351-0925,stage,0.2,53,oracle_optimal,1,1.0,1,C10-AA-003,1.0,0.0,1,0,0,,,,11.0,0,1,1,,development,,0,0,1.0,G3_campaign,1.0,,1,G2_tactic_intent,1,0,,,,,,,,,1.0,C10-AA-003,0.0,,1,,,,1,,G3_campaign,G3_campaign,,0
C10-darpa-optc-sysclient0351-0925,stage,0.4,11,project05_m3star_h3_dual,1,3.0,2,C10-AA-003|C10-AA-004,3.0,0.0,1,0,0,m3star_graph_action_value_xgboost_v0.3,m3star_graph_action_reachability_xgboost_v0.1,m3star_graph_action_value_xgboost_v0.3,11.0,0,1,1,0,development,0,0,0,1.0,G3_campaign,1.0,3,1,G2_tactic_intent,2,0,1,3,1,1,1,,8,1,3.0,C10-AA-003,0.2222,1,2,project05-m3star-runtime-contract-v0.8,e1d6d08bf93f3ff400361ad947d95002dcf97cc68957c58c831e6a4fdb5c2953,0.8.0,2,1,G3_campaign,G3_campaign,m3star_graph_transition_xgboost_v0.1,0
C10-darpa-optc-sysclient0351-0925,stage,0.4,11,project05_m3star_h3_no_dominance_dual,1,3.0,2,C10-AA-003|C10-AA-004,3.0,0.0,1,0,0,m3star_graph_action_value_xgboost_v0.3,m3star_graph_action_reachability_xgboost_v0.1,m3star_graph_action_value_xgboost_v0.3,11.0,0,1,1,0,development,0,0,0,1.0,G3_campaign,1.0,3,1,G2_tactic_intent,2,0,1,3,0,1,0,,8,1,3.0,C10-AA-003,0.2222,0,2,project05-m3star-runtime-contract-v0.8,e1d6d08bf93f3ff400361ad947d95002dcf97cc68957c58c831e6a4fdb5c2953,0.8.0,2,0,G3_campaign,G3_campaign,m3star_graph_transition_xgboost_v0.1,0
C10-darpa-optc-sysclient0351-0925,stage,0.4,11,project05_m3star_h3_unshielded_dual,1,6.0,4,C10-AA-003|C10-AA-001|C10-AA-005|C10-AA-004,6.0,3.0,1,0,0,m3star_graph_action_value_xgboost_v0.3,m3star_graph_action_reachability_xgboost_v0.1,m3star_graph_action_value_xgboost_v0.3,11.0,0,1,1,0,development,0,0,0,1.0,G3_campaign,1.0,3,1,G2_tactic_intent,2,0,0,3,1,1,0,,8,0,3.0,C10-AA-003,0.7222,0,2,project05-m3star-runtime-contract-v0.8,e1d6d08bf93f3ff400361ad947d95002dcf97cc68957c58c831e6a4fdb5c2953,0.8.0,4,1,G3_campaign,G3_campaign,m3star_graph_transition_xgboost_v0.1,2
C10-darpa-optc-sysclient0351-0925,stage,0.4,11,project05_m3star_h3_transition_only,1,3.0,2,C10-AA-003|C10-AA-004,3.0,0.0,1,0,0,none,none,none,11.0,0,1,1,0,development,0,0,0,1.0,G3_campaign,1.0,0,1,G2_tactic_intent,2,0,1,3,1,0,0,,8,1,3.0,C10-AA-003,0.2222,0,2,project05-m3star-runtime-contract-v0.8,e1d6d08bf93f3ff400361ad947d95002dcf97cc68957c58c831e6a4fdb5c2953,0.8.0,2,1,G3_campaign,G3_campaign,m3star_graph_transition_xgboost_v0.1,0
C10-darpa-optc-sysclient0351-0925,stage,0.4,11,project05_m3star_h1_dual,1,3.0,2,C10-AA-003|C10-AA-004,3.0,0.0,1,0,0,m3star_graph_action_value_xgboost_v0.3,m3star_graph_action_reachability_xgboost_v0.1,m3star_graph_action_value_xgboost_v0.3,11.0,0,1,1,0,development,0,0,0,1.0,G3_campaign,1.0,3,1,G2_tactic_intent,2,0,1,1,1,1,0,,8,1,3.0,C10-AA-003,0.2222,0,2,project05-m3star-runtime-contract-v0.8,e1d6d08bf93f3ff400361ad947d95002dcf97cc68957c58c831e6a4fdb5c2953,0.8.0,2,1,G3_campaign,G3_campaign,m3star_graph_transition_xgboost_v0.1,0
C10-darpa-optc-sysclient0351-0925,stage,0.4,11,project05_xgboost_policy,1,3.0,2,C10-AA-003|C10-AA-004,3.0,0.0,1,0,0,,,,11.0,0,1,1,,development,,0,0,1.0,G3_campaign,1.0,,1,G2_tactic_intent,2,0,,,,,,,,,3.0,C10-AA-003,0.2222,,2,,,,2,,G3_campaign,G3_campaign,,0
C10-darpa-optc-sysclient0351-0925,stage,0.4,11,project05_m3b_policy,0,,,C10-AA-003|STOP,1.0,,1,1,0,,,,11.0,0,0,0,,development,,1,1,0.3333,G2_tactic_intent,0.75,,1,G2_tactic_intent,2,0,,,,,,,,,3.0,C10-AA-003,0.0,,1,,,,2,,G3_campaign,G3_campaign,,0
C10-darpa-optc-sysclient0351-0925,stage,0.4,11,project05_m2,1,3.0,2,C10-AA-003|C10-AA-004,3.0,0.0,1,0,0,,,,11.0,0,1,1,,development,,0,0,1.0,G3_campaign,1.0,,1,G2_tactic_intent,2,0,,,,,,,,,3.0,C10-AA-003,0.2222,,2,,,,2,,G3_campaign,G3_campaign,,0
C10-darpa-optc-sysclient0351-0925,stage,0.4,11,oracle_optimal,1,3.0,2,C10-AA-003|C10-AA-004,3.0,0.0,1,0,0,,,,11.0,0,1,1,,development,,0,0,1.0,G3_campaign,1.0,,1,G2_tactic_intent,2,0,,,,,,,,,3.0,C10-AA-003,0.2222,,2,,,,2,,G3_campaign,G3_campaign,,0
C10-darpa-optc-sysclient0351-0925,stage,0.4,23,project05_m3star_h3_dual,1,3.0,2,C10-AA-003|C10-AA-004,3.0,0.0,1,0,0,m3star_graph_action_value_xgboost_v0.3,m3star_graph_action_reachability_xgboost_v0.1,m3star_graph_action_value_xgboost_v0.3,11.0,0,1,1,0,development,0,0,0,1.0,G3_campaign,1.0,3,1,G2_tactic_intent,2,0,1,3,1,1,1,,8,1,3.0,C10-AA-003,0.2222,1,2,project05-m3star-runtime-contract-v0.8,e1d6d08bf93f3ff400361ad947d95002dcf97cc68957c58c831e6a4fdb5c2953,0.8.0,2,1,G3_campaign,G3_campaign,m3star_graph_transition_xgboost_v0.1,0
C10-darpa-optc-sysclient0351-0925,stage,0.4,23,project05_m3star_h3_no_dominance_dual,1,3.0,2,C10-AA-003|C10-AA-004,3.0,0.0,1,0,0,m3star_graph_action_value_xgboost_v0.3,m3star_graph_action_reachability_xgboost_v0.1,m3star_graph_action_value_xgboost_v0.3,11.0,0,1,1,0,development,0,0,0,1.0,G3_campaign,1.0,3,1,G2_tactic_intent,2,0,1,3,0,1,0,,8,1,3.0,C10-AA-003,0.2222,0,2,project05-m3star-runtime-contract-v0.8,e1d6d08bf93f3ff400361ad947d95002dcf97cc68957c58c831e6a4fdb5c2953,0.8.0,2,0,G3_campaign,G3_campaign,m3star_graph_transition_xgboost_v0.1,0
C10-darpa-optc-sysclient0351-0925,stage,0.4,23,project05_m3star_h3_unshielded_dual,1,6.0,4,C10-AA-003|C10-AA-001|C10-AA-005|C10-AA-004,6.0,3.0,1,0,0,m3star_graph_action_value_xgboost_v0.3,m3star_graph_action_reachability_xgboost_v0.1,m3star_graph_action_value_xgboost_v0.3,11.0,0,1,1,0,development,0,0,0,1.0,G3_campaign,1.0,3,1,G2_tactic_intent,2,0,0,3,1,1,0,,8,0,3.0,C10-AA-003,0.7222,0,2,project05-m3star-runtime-contract-v0.8,e1d6d08bf93f3ff400361ad947d95002dcf97cc68957c58c831e6a4fdb5c2953,0.8.0,4,1,G3_campaign,G3_campaign,m3star_graph_transition_xgboost_v0.1,2
C10-darpa-optc-sysclient0351-0925,stage,0.4,23,project05_m3star_h3_transition_only,1,3.0,2,C10-AA-003|C10-AA-004,3.0,0.0,1,0,0,none,none,none,11.0,0,1,1,0,development,0,0,0,1.0,G3_campaign,1.0,0,1,G2_tactic_intent,2,0,1,3,1,0,0,,8,1,3.0,C10-AA-003,0.2222,0,2,project05-m3star-runtime-contract-v0.8,e1d6d08bf93f3ff400361ad947d95002dcf97cc68957c58c831e6a4fdb5c2953,0.8.0,2,1,G3_campaign,G3_campaign,m3star_graph_transition_xgboost_v0.1,0
C10-darpa-optc-sysclient0351-0925,stage,0.4,23,project05_m3star_h1_dual,1,3.0,2,C10-AA-003|C10-AA-004,3.0,0.0,1,0,0,m3star_graph_action_value_xgboost_v0.3,m3star_graph_action_reachability_xgboost_v0.1,m3star_graph_action_value_xgboost_v0.3,11.0,0,1,1,0,development,0,0,0,1.0,G3_campaign,1.0,3,1,G2_tactic_intent,2,0,1,1,1,1,0,,8,1,3.0,C10-AA-003,0.2222,0,2,project05-m3star-runtime-contract-v0.8,e1d6d08bf93f3ff400361ad947d95002dcf97cc68957c58c831e6a4fdb5c2953,0.8.0,2,1,G3_campaign,G3_campaign,m3star_graph_transition_xgboost_v0.1,0
C10-darpa-optc-sysclient0351-0925,stage,0.4,23,project05_xgboost_policy,1,3.0,2,C10-AA-003|C10-AA-004,3.0,0.0,1,0,0,,,,11.0,0,1,1,,development,,0,0,1.0,G3_campaign,1.0,,1,G2_tactic_intent,2,0,,,,,,,,,3.0,C10-AA-003,0.2222,,2,,,,2,,G3_campaign,G3_campaign,,0
C10-darpa-optc-sysclient0351-0925,stage,0.4,23,project05_m3b_policy,0,,,C10-AA-003|STOP,1.0,,1,1,0,,,,11.0,0,0,0,,development,,1,1,0.3333,G2_tactic_intent,0.75,,1,G2_tactic_intent,2,0,,,,,,,,,3.0,C10-AA-003,0.0,,1,,,,2,,G3_campaign,G3_campaign,,0
C10-darpa-optc-sysclient0351-0925,stage,0.4,23,project05_m2,1,3.0,2,C10-AA-003|C10-AA-004,3.0,0.0,1,0,0,,,,11.0,0,1,1,,development,,0,0,1.0,G3_campaign,1.0,,1,G2_tactic_intent,2,0,,,,,,,,,3.0,C10-AA-003,0.2222,,2,,,,2,,G3_campaign,G3_campaign,,0
C10-darpa-optc-sysclient0351-0925,stage,0.4,23,oracle_optimal,1,3.0,2,C10-AA-003|C10-AA-004,3.0,0.0,1,0,0,,,,11.0,0,1,1,,development,,0,0,1.0,G3_campaign,1.0,,1,G2_tactic_intent,2,0,,,,,,,,,3.0,C10-AA-003,0.2222,,2,,,,2,,G3_campaign,G3_campaign,,0
C10-darpa-optc-sysclient0351-0925,stage,0.4,37,project05_m3star_h3_dual,1,3.0,2,C10-AA-003|C10-AA-004,3.0,0.0,1,0,0,m3star_graph_action_value_xgboost_v0.3,m3star_graph_action_reachability_xgboost_v0.1,m3star_graph_action_value_xgboost_v0.3,11.0,0,1,1,0,development,0,0,0,1.0,G3_campaign,1.0,3,1,G2_tactic_intent,2,0,1,3,1,1,1,,8,1,3.0,C10-AA-003,0.2222,1,2,project05-m3star-runtime-contract-v0.8,e1d6d08bf93f3ff400361ad947d95002dcf97cc68957c58c831e6a4fdb5c2953,0.8.0,2,1,G3_campaign,G3_campaign,m3star_graph_transition_xgboost_v0.1,0
C10-darpa-optc-sysclient0351-0925,stage,0.4,37,project05_m3star_h3_no_dominance_dual,1,3.0,2,C10-AA-003|C10-AA-004,3.0,0.0,1,0,0,m3star_graph_action_value_xgboost_v0.3,m3star_graph_action_reachability_xgboost_v0.1,m3star_graph_action_value_xgboost_v0.3,11.0,0,1,1,0,development,0,0,0,1.0,G3_campaign,1.0,3,1,G2_tactic_intent,2,0,1,3,0,1,0,,8,1,3.0,C10-AA-003,0.2222,0,2,project05-m3star-runtime-contract-v0.8,e1d6d08bf93f3ff400361ad947d95002dcf97cc68957c58c831e6a4fdb5c2953,0.8.0,2,0,G3_campaign,G3_campaign,m3star_graph_transition_xgboost_v0.1,0
C10-darpa-optc-sysclient0351-0925,stage,0.4,37,project05_m3star_h3_unshielded_dual,1,6.0,4,C10-AA-003|C10-AA-001|C10-AA-005|C10-AA-004,6.0,3.0,1,0,0,m3star_graph_action_value_xgboost_v0.3,m3star_graph_action_reachability_xgboost_v0.1,m3star_graph_action_value_xgboost_v0.3,11.0,0,1,1,0,development,0,0,0,1.0,G3_campaign,1.0,3,1,G2_tactic_intent,2,0,0,3,1,1,0,,8,0,3.0,C10-AA-003,0.7222,0,2,project05-m3star-runtime-contract-v0.8,e1d6d08bf93f3ff400361ad947d95002dcf97cc68957c58c831e6a4fdb5c2953,0.8.0,4,1,G3_campaign,G3_campaign,m3star_graph_transition_xgboost_v0.1,2
C10-darpa-optc-sysclient0351-0925,stage,0.4,37,project05_m3star_h3_transition_only,1,3.0,2,C10-AA-003|C10-AA-004,3.0,0.0,1,0,0,none,none,none,11.0,0,1,1,0,development,0,0,0,1.0,G3_campaign,1.0,0,1,G2_tactic_intent,2,0,1,3,1,0,0,,8,1,3.0,C10-AA-003,0.2222,0,2,project05-m3star-runtime-contract-v0.8,e1d6d08bf93f3ff400361ad947d95002dcf97cc68957c58c831e6a4fdb5c2953,0.8.0,2,1,G3_campaign,G3_campaign,m3star_graph_transition_xgboost_v0.1,0
C10-darpa-optc-sysclient0351-0925,stage,0.4,37,project05_m3star_h1_dual,1,3.0,2,C10-AA-003|C10-AA-004,3.0,0.0,1,0,0,m3star_graph_action_value_xgboost_v0.3,m3star_graph_action_reachability_xgboost_v0.1,m3star_graph_action_value_xgboost_v0.3,11.0,0,1,1,0,development,0,0,0,1.0,G3_campaign,1.0,3,1,G2_tactic_intent,2,0,1,1,1,1,0,,8,1,3.0,C10-AA-003,0.2222,0,2,project05-m3star-runtime-contract-v0.8,e1d6d08bf93f3ff400361ad947d95002dcf97cc68957c58c831e6a4fdb5c2953,0.8.0,2,1,G3_campaign,G3_campaign,m3star_graph_transition_xgboost_v0.1,0
C10-darpa-optc-sysclient0351-0925,stage,0.4,37,project05_xgboost_policy,1,3.0,2,C10-AA-003|C10-AA-004,3.0,0.0,1,0,0,,,,11.0,0,1,1,,development,,0,0,1.0,G3_campaign,1.0,,1,G2_tactic_intent,2,0,,,,,,,,,3.0,C10-AA-003,0.2222,,2,,,,2,,G3_campaign,G3_campaign,,0
C10-darpa-optc-sysclient0351-0925,stage,0.4,37,project05_m3b_policy,0,,,C10-AA-003|STOP,1.0,,1,1,0,,,,11.0,0,0,0,,development,,1,1,0.3333,G2_tactic_intent,0.75,,1,G2_tactic_intent,2,0,,,,,,,,,3.0,C10-AA-003,0.0,,1,,,,2,,G3_campaign,G3_campaign,,0
C10-darpa-optc-sysclient0351-0925,stage,0.4,37,project05_m2,1,3.0,2,C10-AA-003|C10-AA-004,3.0,0.0,1,0,0,,,,11.0,0,1,1,,development,,0,0,1.0,G3_campaign,1.0,,1,G2_tactic_intent,2,0,,,,,,,,,3.0,C10-AA-003,0.2222,,2,,,,2,,G3_campaign,G3_campaign,,0
C10-darpa-optc-sysclient0351-0925,stage,0.4,37,oracle_optimal,1,3.0,2,C10-AA-003|C10-AA-004,3.0,0.0,1,0,0,,,,11.0,0,1,1,,development,,0,0,1.0,G3_campaign,1.0,,1,G2_tactic_intent,2,0,,,,,,,,,3.0,C10-AA-003,0.2222,,2,,,,2,,G3_campaign,G3_campaign,,0
C10-darpa-optc-sysclient0351-0925,stage,0.4,41,project05_m3star_h3_dual,1,3.0,2,C10-AA-003|C10-AA-004,3.0,0.0,1,0,0,m3star_graph_action_value_xgboost_v0.3,m3star_graph_action_reachability_xgboost_v0.1,m3star_graph_action_value_xgboost_v0.3,11.0,0,1,1,0,development,0,0,0,1.0,G3_campaign,1.0,3,1,G2_tactic_intent,2,0,1,3,1,1,1,,8,1,3.0,C10-AA-003,0.2222,1,2,project05-m3star-runtime-contract-v0.8,e1d6d08bf93f3ff400361ad947d95002dcf97cc68957c58c831e6a4fdb5c2953,0.8.0,2,1,G3_campaign,G3_campaign,m3star_graph_transition_xgboost_v0.1,0
C10-darpa-optc-sysclient0351-0925,stage,0.4,41,project05_m3star_h3_no_dominance_dual,1,3.0,2,C10-AA-003|C10-AA-004,3.0,0.0,1,0,0,m3star_graph_action_value_xgboost_v0.3,m3star_graph_action_reachability_xgboost_v0.1,m3star_graph_action_value_xgboost_v0.3,11.0,0,1,1,0,development,0,0,0,1.0,G3_campaign,1.0,3,1,G2_tactic_intent,2,0,1,3,0,1,0,,8,1,3.0,C10-AA-003,0.2222,0,2,project05-m3star-runtime-contract-v0.8,e1d6d08bf93f3ff400361ad947d95002dcf97cc68957c58c831e6a4fdb5c2953,0.8.0,2,0,G3_campaign,G3_campaign,m3star_graph_transition_xgboost_v0.1,0
C10-darpa-optc-sysclient0351-0925,stage,0.4,41,project05_m3star_h3_unshielded_dual,1,6.0,4,C10-AA-003|C10-AA-001|C10-AA-005|C10-AA-004,6.0,3.0,1,0,0,m3star_graph_action_value_xgboost_v0.3,m3star_graph_action_reachability_xgboost_v0.1,m3star_graph_action_value_xgboost_v0.3,11.0,0,1,1,0,development,0,0,0,1.0,G3_campaign,1.0,3,1,G2_tactic_intent,2,0,0,3,1,1,0,,8,0,3.0,C10-AA-003,0.7222,0,2,project05-m3star-runtime-contract-v0.8,e1d6d08bf93f3ff400361ad947d95002dcf97cc68957c58c831e6a4fdb5c2953,0.8.0,4,1,G3_campaign,G3_campaign,m3star_graph_transition_xgboost_v0.1,2
C10-darpa-optc-sysclient0351-0925,stage,0.4,41,project05_m3star_h3_transition_only,1,3.0,2,C10-AA-003|C10-AA-004,3.0,0.0,1,0,0,none,none,none,11.0,0,1,1,0,development,0,0,0,1.0,G3_campaign,1.0,0,1,G2_tactic_intent,2,0,1,3,1,0,0,,8,1,3.0,C10-AA-003,0.2222,0,2,project05-m3star-runtime-contract-v0.8,e1d6d08bf93f3ff400361ad947d95002dcf97cc68957c58c831e6a4fdb5c2953,0.8.0,2,1,G3_campaign,G3_campaign,m3star_graph_transition_xgboost_v0.1,0
C10-darpa-optc-sysclient0351-0925,stage,0.4,41,project05_m3star_h1_dual,1,3.0,2,C10-AA-003|C10-AA-004,3.0,0.0,1,0,0,m3star_graph_action_value_xgboost_v0.3,m3star_graph_action_reachability_xgboost_v0.1,m3star_graph_action_value_xgboost_v0.3,11.0,0,1,1,0,development,0,0,0,1.0,G3_campaign,1.0,3,1,G2_tactic_intent,2,0,1,1,1,1,0,,8,1,3.0,C10-AA-003,0.2222,0,2,project05-m3star-runtime-contract-v0.8,e1d6d08bf93f3ff400361ad947d95002dcf97cc68957c58c831e6a4fdb5c2953,0.8.0,2,1,G3_campaign,G3_campaign,m3star_graph_transition_xgboost_v0.1,0
C10-darpa-optc-sysclient0351-0925,stage,0.4,41,project05_xgboost_policy,1,3.0,2,C10-AA-003|C10-AA-004,3.0,0.0,1,0,0,,,,11.0,0,1,1,,development,,0,0,1.0,G3_campaign,1.0,,1,G2_tactic_intent,2,0,,,,,,,,,3.0,C10-AA-003,0.2222,,2,,,,2,,G3_campaign,G3_campaign,,0
C10-darpa-optc-sysclient0351-0925,stage,0.4,41,project05_m3b_policy,0,,,C10-AA-003|STOP,1.0,,1,1,0,,,,11.0,0,0,0,,development,,1,1,0.3333,G2_tactic_intent,0.75,,1,G2_tactic_intent,2,0,,,,,,,,,3.0,C10-AA-003,0.0,,1,,,,2,,G3_campaign,G3_campaign,,0
C10-darpa-optc-sysclient0351-0925,stage,0.4,41,project05_m2,1,3.0,2,C10-AA-003|C10-AA-004,3.0,0.0,1,0,0,,,,11.0,0,1,1,,development,,0,0,1.0,G3_campaign,1.0,,1,G2_tactic_intent,2,0,,,,,,,,,3.0,C10-AA-003,0.2222,,2,,,,2,,G3_campaign,G3_campaign,,0
C10-darpa-optc-sysclient0351-0925,stage,0.4,41,oracle_optimal,1,3.0,2,C10-AA-003|C10-AA-004,3.0,0.0,1,0,0,,,,11.0,0,1,1,,development,,0,0,1.0,G3_campaign,1.0,,1,G2_tactic_intent,2,0,,,,,,,,,3.0,C10-AA-003,0.2222,,2,,,,2,,G3_campaign,G3_campaign,,0
C10-darpa-optc-sysclient0351-0925,stage,0.4,53,project05_m3star_h3_dual,1,3.0,2,C10-AA-003|C10-AA-004,3.0,0.0,1,0,0,m3star_graph_action_value_xgboost_v0.3,m3star_graph_action_reachability_xgboost_v0.1,m3star_graph_action_value_xgboost_v0.3,11.0,0,1,1,0,development,0,0,0,1.0,G3_campaign,1.0,3,1,G2_tactic_intent,2,0,1,3,1,1,1,,8,1,3.0,C10-AA-003,0.2222,1,2,project05-m3star-runtime-contract-v0.8,e1d6d08bf93f3ff400361ad947d95002dcf97cc68957c58c831e6a4fdb5c2953,0.8.0,2,1,G3_campaign,G3_campaign,m3star_graph_transition_xgboost_v0.1,0
C10-darpa-optc-sysclient0351-0925,stage,0.4,53,project05_m3star_h3_no_dominance_dual,1,3.0,2,C10-AA-003|C10-AA-004,3.0,0.0,1,0,0,m3star_graph_action_value_xgboost_v0.3,m3star_graph_action_reachability_xgboost_v0.1,m3star_graph_action_value_xgboost_v0.3,11.0,0,1,1,0,development,0,0,0,1.0,G3_campaign,1.0,3,1,G2_tactic_intent,2,0,1,3,0,1,0,,8,1,3.0,C10-AA-003,0.2222,0,2,project05-m3star-runtime-contract-v0.8,e1d6d08bf93f3ff400361ad947d95002dcf97cc68957c58c831e6a4fdb5c2953,0.8.0,2,0,G3_campaign,G3_campaign,m3star_graph_transition_xgboost_v0.1,0
C10-darpa-optc-sysclient0351-0925,stage,0.4,53,project05_m3star_h3_unshielded_dual,1,6.0,4,C10-AA-003|C10-AA-001|C10-AA-005|C10-AA-004,6.0,3.0,1,0,0,m3star_graph_action_value_xgboost_v0.3,m3star_graph_action_reachability_xgboost_v0.1,m3star_graph_action_value_xgboost_v0.3,11.0,0,1,1,0,development,0,0,0,1.0,G3_campaign,1.0,3,1,G2_tactic_intent,2,0,0,3,1,1,0,,8,0,3.0,C10-AA-003,0.7222,0,2,project05-m3star-runtime-contract-v0.8,e1d6d08bf93f3ff400361ad947d95002dcf97cc68957c58c831e6a4fdb5c2953,0.8.0,4,1,G3_campaign,G3_campaign,m3star_graph_transition_xgboost_v0.1,2
C10-darpa-optc-sysclient0351-0925,stage,0.4,53,project05_m3star_h3_transition_only,1,3.0,2,C10-AA-003|C10-AA-004,3.0,0.0,1,0,0,none,none,none,11.0,0,1,1,0,development,0,0,0,1.0,G3_campaign,1.0,0,1,G2_tactic_intent,2,0,1,3,1,0,0,,8,1,3.0,C10-AA-003,0.2222,0,2,project05-m3star-runtime-contract-v0.8,e1d6d08bf93f3ff400361ad947d95002dcf97cc68957c58c831e6a4fdb5c2953,0.8.0,2,1,G3_campaign,G3_campaign,m3star_graph_transition_xgboost_v0.1,0
C10-darpa-optc-sysclient0351-0925,stage,0.4,53,project05_m3star_h1_dual,1,3.0,2,C10-AA-003|C10-AA-004,3.0,0.0,1,0,0,m3star_graph_action_value_xgboost_v0.3,m3star_graph_action_reachability_xgboost_v0.1,m3star_graph_action_value_xgboost_v0.3,11.0,0,1,1,0,development,0,0,0,1.0,G3_campaign,1.0,3,1,G2_tactic_intent,2,0,1,1,1,1,0,,8,1,3.0,C10-AA-003,0.2222,0,2,project05-m3star-runtime-contract-v0.8,e1d6d08bf93f3ff400361ad947d95002dcf97cc68957c58c831e6a4fdb5c2953,0.8.0,2,1,G3_campaign,G3_campaign,m3star_graph_transition_xgboost_v0.1,0
C10-darpa-optc-sysclient0351-0925,stage,0.4,53,project05_xgboost_policy,1,3.0,2,C10-AA-003|C10-AA-004,3.0,0.0,1,0,0,,,,11.0,0,1,1,,development,,0,0,1.0,G3_campaign,1.0,,1,G2_tactic_intent,2,0,,,,,,,,,3.0,C10-AA-003,0.2222,,2,,,,2,,G3_campaign,G3_campaign,,0
C10-darpa-optc-sysclient0351-0925,stage,0.4,53,project05_m3b_policy,0,,,C10-AA-003|STOP,1.0,,1,1,0,,,,11.0,0,0,0,,development,,1,1,0.3333,G2_tactic_intent,0.75,,1,G2_tactic_intent,2,0,,,,,,,,,3.0,C10-AA-003,0.0,,1,,,,2,,G3_campaign,G3_campaign,,0
C10-darpa-optc-sysclient0351-0925,stage,0.4,53,project05_m2,1,3.0,2,C10-AA-003|C10-AA-004,3.0,0.0,1,0,0,,,,11.0,0,1,1,,development,,0,0,1.0,G3_campaign,1.0,,1,G2_tactic_intent,2,0,,,,,,,,,3.0,C10-AA-003,0.2222,,2,,,,2,,G3_campaign,G3_campaign,,0
C10-darpa-optc-sysclient0351-0925,stage,0.4,53,oracle_optimal,1,3.0,2,C10-AA-003|C10-AA-004,3.0,0.0,1,0,0,,,,11.0,0,1,1,,development,,0,0,1.0,G3_campaign,1.0,,1,G2_tactic_intent,2,0,,,,,,,,,3.0,C10-AA-003,0.2222,,2,,,,2,,G3_campaign,G3_campaign,,0
C10-darpa-optc-sysclient0351-0925,stage,0.6,11,project05_m3star_h3_dual,1,5.0,3,C10-AA-003|C10-AA-004|C10-AA-002,5.0,1.0,0,0,0,m3star_graph_action_value_xgboost_v0.3,m3star_graph_action_reachability_xgboost_v0.1,m3star_graph_action_value_xgboost_v0.3,11.0,0,1,1,0,development,0,0,0,1.0,G3_campaign,1.0,3,1,G1_technique,3,0,1,3,1,1,1,,8,1,4.0,C10-AA-001,0.9722,1,3,project05-m3star-runtime-contract-v0.8,e1d6d08bf93f3ff400361ad947d95002dcf97cc68957c58c831e6a4fdb5c2953,0.8.0,3,1,G3_campaign,G3_campaign,m3star_graph_transition_xgboost_v0.1,0
C10-darpa-optc-sysclient0351-0925,stage,0.6,11,project05_m3star_h3_no_dominance_dual,1,5.0,3,C10-AA-003|C10-AA-004|C10-AA-002,5.0,1.0,0,0,0,m3star_graph_action_value_xgboost_v0.3,m3star_graph_action_reachability_xgboost_v0.1,m3star_graph_action_value_xgboost_v0.3,11.0,0,1,1,0,development,0,0,0,1.0,G3_campaign,1.0,3,1,G1_technique,3,0,1,3,0,1,0,,8,1,4.0,C10-AA-001,0.9722,0,3,project05-m3star-runtime-contract-v0.8,e1d6d08bf93f3ff400361ad947d95002dcf97cc68957c58c831e6a4fdb5c2953,0.8.0,3,0,G3_campaign,G3_campaign,m3star_graph_transition_xgboost_v0.1,0
C10-darpa-optc-sysclient0351-0925,stage,0.6,11,project05_m3star_h3_unshielded_dual,1,6.0,4,C10-AA-003|C10-AA-001|C10-AA-005|C10-AA-004,6.0,2.0,0,0,0,m3star_graph_action_value_xgboost_v0.3,m3star_graph_action_reachability_xgboost_v0.1,m3star_graph_action_value_xgboost_v0.3,11.0,0,1,1,0,development,0,0,0,1.0,G3_campaign,1.0,3,1,G1_technique,3,0,0,3,1,1,0,,8,0,4.0,C10-AA-001,0.7222,0,3,project05-m3star-runtime-contract-v0.8,e1d6d08bf93f3ff400361ad947d95002dcf97cc68957c58c831e6a4fdb5c2953,0.8.0,4,1,G3_campaign,G3_campaign,m3star_graph_transition_xgboost_v0.1,1
C10-darpa-optc-sysclient0351-0925,stage,0.6,11,project05_m3star_h3_transition_only,1,5.0,3,C10-AA-003|C10-AA-004|C10-AA-002,5.0,1.0,0,0,0,none,none,none,11.0,0,1,1,0,development,0,0,0,1.0,G3_campaign,1.0,0,1,G1_technique,3,0,1,3,1,0,0,,8,1,4.0,C10-AA-001,0.9722,0,3,project05-m3star-runtime-contract-v0.8,e1d6d08bf93f3ff400361ad947d95002dcf97cc68957c58c831e6a4fdb5c2953,0.8.0,3,1,G3_campaign,G3_campaign,m3star_graph_transition_xgboost_v0.1,0
C10-darpa-optc-sysclient0351-0925,stage,0.6,11,project05_m3star_h1_dual,1,4.0,3,C10-AA-004|C10-AA-001|C10-AA-003,4.0,0.0,0,0,0,m3star_graph_action_value_xgboost_v0.3,m3star_graph_action_reachability_xgboost_v0.1,m3star_graph_action_value_xgboost_v0.3,11.0,0,1,1,0,development,0,0,0,1.0,G3_campaign,1.0,2,1,G1_technique,3,0,1,1,1,1,0,,8,1,4.0,C10-AA-001,0.1111,0,3,project05-m3star-runtime-contract-v0.8,e1d6d08bf93f3ff400361ad947d95002dcf97cc68957c58c831e6a4fdb5c2953,0.8.0,3,1,G3_campaign,G3_campaign,m3star_graph_transition_xgboost_v0.1,0
C10-darpa-optc-sysclient0351-0925,stage,0.6,11,project05_xgboost_policy,1,7.0,4,C10-AA-003|C10-AA-004|C10-AA-005|C10-AA-002,7.0,3.0,0,0,0,,,,11.0,0,1,1,,development,,0,0,1.0,G3_campaign,1.0,,1,G1_technique,3,0,,,,,,,,,4.0,C10-AA-001,1.4722,,3,,,,4,,G3_campaign,G3_campaign,,1
C10-darpa-optc-sysclient0351-0925,stage,0.6,11,project05_m3b_policy,1,4.0,3,C10-AA-003|C10-AA-004|C10-AA-001,4.0,0.0,0,0,0,,,,11.0,0,1,1,,development,,0,0,1.0,G3_campaign,1.0,,1,G1_technique,3,0,,,,,,,,,4.0,C10-AA-001,0.2222,,3,,,,3,,G3_campaign,G3_campaign,,0
C10-darpa-optc-sysclient0351-0925,stage,0.6,11,project05_m2,1,4.0,3,C10-AA-001|C10-AA-003|C10-AA-004,4.0,0.0,1,0,0,,,,11.0,0,1,1,,development,,0,0,1.0,G3_campaign,1.0,,1,G1_technique,3,0,,,,,,,,,4.0,C10-AA-001,0.2222,,3,,,,3,,G3_campaign,G3_campaign,,0
C10-darpa-optc-sysclient0351-0925,stage,0.6,11,oracle_optimal,1,4.0,3,C10-AA-001|C10-AA-003|C10-AA-004,4.0,0.0,1,0,0,,,,11.0,0,1,1,,development,,0,0,1.0,G3_campaign,1.0,,1,G1_technique,3,0,,,,,,,,,4.0,C10-AA-001,0.2222,,3,,,,3,,G3_campaign,G3_campaign,,0
C10-darpa-optc-sysclient0351-0925,stage,0.6,23,project05_m3star_h3_dual,1,5.0,3,C10-AA-003|C10-AA-004|C10-AA-002,5.0,0.0,0,0,0,m3star_graph_action_value_xgboost_v0.3,m3star_graph_action_reachability_xgboost_v0.1,m3star_graph_action_value_xgboost_v0.3,11.0,0,1,1,0,development,0,0,0,1.0,G3_campaign,1.0,3,1,G1_technique,3,0,1,3,1,1,1,,8,1,5.0,C10-AA-002,0.9722,1,3,project05-m3star-runtime-contract-v0.8,e1d6d08bf93f3ff400361ad947d95002dcf97cc68957c58c831e6a4fdb5c2953,0.8.0,3,1,G3_campaign,G3_campaign,m3star_graph_transition_xgboost_v0.1,0
C10-darpa-optc-sysclient0351-0925,stage,0.6,23,project05_m3star_h3_no_dominance_dual,1,5.0,3,C10-AA-003|C10-AA-004|C10-AA-002,5.0,0.0,0,0,0,m3star_graph_action_value_xgboost_v0.3,m3star_graph_action_reachability_xgboost_v0.1,m3star_graph_action_value_xgboost_v0.3,11.0,0,1,1,0,development,0,0,0,1.0,G3_campaign,1.0,3,1,G1_technique,3,0,1,3,0,1,0,,8,1,5.0,C10-AA-002,0.9722,0,3,project05-m3star-runtime-contract-v0.8,e1d6d08bf93f3ff400361ad947d95002dcf97cc68957c58c831e6a4fdb5c2953,0.8.0,3,0,G3_campaign,G3_campaign,m3star_graph_transition_xgboost_v0.1,0
C10-darpa-optc-sysclient0351-0925,stage,0.6,23,project05_m3star_h3_unshielded_dual,1,8.0,5,C10-AA-003|C10-AA-001|C10-AA-005|C10-AA-002|C10-AA-004,8.0,3.0,0,0,0,m3star_graph_action_value_xgboost_v0.3,m3star_graph_action_reachability_xgboost_v0.1,m3star_graph_action_value_xgboost_v0.3,11.0,0,1,1,0,development,0,0,0,1.0,G3_campaign,1.0,3,1,G1_technique,3,0,0,3,1,1,0,,8,0,5.0,C10-AA-002,1.4167,0,3,project05-m3star-runtime-contract-v0.8,e1d6d08bf93f3ff400361ad947d95002dcf97cc68957c58c831e6a4fdb5c2953,0.8.0,5,1,G3_campaign,G3_campaign,m3star_graph_transition_xgboost_v0.1,2
C10-darpa-optc-sysclient0351-0925,stage,0.6,23,project05_m3star_h3_transition_only,1,5.0,3,C10-AA-003|C10-AA-004|C10-AA-002,5.0,0.0,0,0,0,none,none,none,11.0,0,1,1,0,development,0,0,0,1.0,G3_campaign,1.0,0,1,G1_technique,3,0,1,3,1,0,0,,8,1,5.0,C10-AA-002,0.9722,0,3,project05-m3star-runtime-contract-v0.8,e1d6d08bf93f3ff400361ad947d95002dcf97cc68957c58c831e6a4fdb5c2953,0.8.0,3,1,G3_campaign,G3_campaign,m3star_graph_transition_xgboost_v0.1,0
C10-darpa-optc-sysclient0351-0925,stage,0.6,23,project05_m3star_h1_dual,1,6.0,4,C10-AA-004|C10-AA-001|C10-AA-002|C10-AA-003,6.0,1.0,0,0,0,m3star_graph_action_value_xgboost_v0.3,m3star_graph_action_reachability_xgboost_v0.1,m3star_graph_action_value_xgboost_v0.3,11.0,0,1,1,0,development,0,0,0,1.0,G3_campaign,1.0,2,1,G1_technique,3,0,1,1,1,1,0,,8,1,5.0,C10-AA-002,0.8611,0,3,project05-m3star-runtime-contract-v0.8,e1d6d08bf93f3ff400361ad947d95002dcf97cc68957c58c831e6a4fdb5c2953,0.8.0,4,1,G3_campaign,G3_campaign,m3star_graph_transition_xgboost_v0.1,1
C10-darpa-optc-sysclient0351-0925,stage,0.6,23,project05_xgboost_policy,1,7.0,4,C10-AA-003|C10-AA-004|C10-AA-005|C10-AA-002,7.0,2.0,0,0,0,,,,11.0,0,1,1,,development,,0,0,1.0,G3_campaign,1.0,,1,G1_technique,3,0,,,,,,,,,5.0,C10-AA-002,1.4722,,3,,,,4,,G3_campaign,G3_campaign,,1
C10-darpa-optc-sysclient0351-0925,stage,0.6,23,project05_m3b_policy,1,8.0,5,C10-AA-003|C10-AA-004|C10-AA-001|C10-AA-005|C10-AA-002,8.0,3.0,0,0,0,,,,11.0,0,1,1,,development,,0,0,1.0,G3_campaign,1.0,,1,G1_technique,3,0,,,,,,,,,5.0,C10-AA-002,1.4722,,3,,,,5,,G3_campaign,G3_campaign,,2
C10-darpa-optc-sysclient0351-0925,stage,0.6,23,project05_m2,1,6.0,4,C10-AA-001|C10-AA-003|C10-AA-002|C10-AA-004,6.0,1.0,0,0,0,,,,11.0,0,1,1,,development,,0,0,1.0,G3_campaign,1.0,,1,G1_technique,3,0,,,,,,,,,5.0,C10-AA-002,1.1944,,3,,,,4,,G3_campaign,G3_campaign,,1
C10-darpa-optc-sysclient0351-0925,stage,0.6,23,oracle_optimal,1,5.0,3,C10-AA-002|C10-AA-003|C10-AA-004,5.0,0.0,1,0,0,,,,11.0,0,1,1,,development,,0,0,1.0,G3_campaign,1.0,,1,G1_technique,3,0,,,,,,,,,5.0,C10-AA-002,0.85,,3,,,,3,,G3_campaign,G3_campaign,,0
C10-darpa-optc-sysclient0351-0925,stage,0.6,37,project05_m3star_h3_dual,1,5.0,3,C10-AA-003|C10-AA-004|C10-AA-002,5.0,1.0,0,0,0,m3star_graph_action_value_xgboost_v0.3,m3star_graph_action_reachability_xgboost_v0.1,m3star_graph_action_value_xgboost_v0.3,11.0,0,1,1,0,development,0,0,0,1.0,G3_campaign,1.0,3,1,G1_technique,3,0,1,3,1,1,1,,8,1,4.0,C10-AA-001,0.9722,1,3,project05-m3star-runtime-contract-v0.8,e1d6d08bf93f3ff400361ad947d95002dcf97cc68957c58c831e6a4fdb5c2953,0.8.0,3,1,G3_campaign,G3_campaign,m3star_graph_transition_xgboost_v0.1,0
C10-darpa-optc-sysclient0351-0925,stage,0.6,37,project05_m3star_h3_no_dominance_dual,1,5.0,3,C10-AA-003|C10-AA-004|C10-AA-002,5.0,1.0,0,0,0,m3star_graph_action_value_xgboost_v0.3,m3star_graph_action_reachability_xgboost_v0.1,m3star_graph_action_value_xgboost_v0.3,11.0,0,1,1,0,development,0,0,0,1.0,G3_campaign,1.0,3,1,G1_technique,3,0,1,3,0,1,0,,8,1,4.0,C10-AA-001,0.9722,0,3,project05-m3star-runtime-contract-v0.8,e1d6d08bf93f3ff400361ad947d95002dcf97cc68957c58c831e6a4fdb5c2953,0.8.0,3,0,G3_campaign,G3_campaign,m3star_graph_transition_xgboost_v0.1,0
C10-darpa-optc-sysclient0351-0925,stage,0.6,37,project05_m3star_h3_unshielded_dual,1,6.0,4,C10-AA-003|C10-AA-001|C10-AA-005|C10-AA-004,6.0,2.0,0,0,0,m3star_graph_action_value_xgboost_v0.3,m3star_graph_action_reachability_xgboost_v0.1,m3star_graph_action_value_xgboost_v0.3,11.0,0,1,1,0,development,0,0,0,1.0,G3_campaign,1.0,3,1,G1_technique,3,0,0,3,1,1,0,,8,0,4.0,C10-AA-001,0.7222,0,3,project05-m3star-runtime-contract-v0.8,e1d6d08bf93f3ff400361ad947d95002dcf97cc68957c58c831e6a4fdb5c2953,0.8.0,4,1,G3_campaign,G3_campaign,m3star_graph_transition_xgboost_v0.1,1
C10-darpa-optc-sysclient0351-0925,stage,0.6,37,project05_m3star_h3_transition_only,1,5.0,3,C10-AA-003|C10-AA-004|C10-AA-002,5.0,1.0,0,0,0,none,none,none,11.0,0,1,1,0,development,0,0,0,1.0,G3_campaign,1.0,0,1,G1_technique,3,0,1,3,1,0,0,,8,1,4.0,C10-AA-001,0.9722,0,3,project05-m3star-runtime-contract-v0.8,e1d6d08bf93f3ff400361ad947d95002dcf97cc68957c58c831e6a4fdb5c2953,0.8.0,3,1,G3_campaign,G3_campaign,m3star_graph_transition_xgboost_v0.1,0
C10-darpa-optc-sysclient0351-0925,stage,0.6,37,project05_m3star_h1_dual,1,4.0,3,C10-AA-004|C10-AA-001|C10-AA-003,4.0,0.0,0,0,0,m3star_graph_action_value_xgboost_v0.3,m3star_graph_action_reachability_xgboost_v0.1,m3star_graph_action_value_xgboost_v0.3,11.0,0,1,1,0,development,0,0,0,1.0,G3_campaign,1.0,2,1,G1_technique,3,0,1,1,1,1,0,,8,1,4.0,C10-AA-001,0.1111,0,3,project05-m3star-runtime-contract-v0.8,e1d6d08bf93f3ff400361ad947d95002dcf97cc68957c58c831e6a4fdb5c2953,0.8.0,3,1,G3_campaign,G3_campaign,m3star_graph_transition_xgboost_v0.1,0
C10-darpa-optc-sysclient0351-0925,stage,0.6,37,project05_xgboost_policy,1,7.0,4,C10-AA-003|C10-AA-004|C10-AA-005|C10-AA-002,7.0,3.0,0,0,0,,,,11.0,0,1,1,,development,,0,0,1.0,G3_campaign,1.0,,1,G1_technique,3,0,,,,,,,,,4.0,C10-AA-001,1.4722,,3,,,,4,,G3_campaign,G3_campaign,,1
C10-darpa-optc-sysclient0351-0925,stage,0.6,37,project05_m3b_policy,1,4.0,3,C10-AA-003|C10-AA-004|C10-AA-001,4.0,0.0,0,0,0,,,,11.0,0,1,1,,development,,0,0,1.0,G3_campaign,1.0,,1,G1_technique,3,0,,,,,,,,,4.0,C10-AA-001,0.2222,,3,,,,3,,G3_campaign,G3_campaign,,0
C10-darpa-optc-sysclient0351-0925,stage,0.6,37,project05_m2,1,4.0,3,C10-AA-001|C10-AA-003|C10-AA-004,4.0,0.0,1,0,0,,,,11.0,0,1,1,,development,,0,0,1.0,G3_campaign,1.0,,1,G1_technique,3,0,,,,,,,,,4.0,C10-AA-001,0.2222,,3,,,,3,,G3_campaign,G3_campaign,,0
C10-darpa-optc-sysclient0351-0925,stage,0.6,37,oracle_optimal,1,4.0,3,C10-AA-001|C10-AA-003|C10-AA-004,4.0,0.0,1,0,0,,,,11.0,0,1,1,,development,,0,0,1.0,G3_campaign,1.0,,1,G1_technique,3,0,,,,,,,,,4.0,C10-AA-001,0.2222,,3,,,,3,,G3_campaign,G3_campaign,,0
C10-darpa-optc-sysclient0351-0925,stage,0.6,41,project05_m3star_h3_dual,1,5.0,3,C10-AA-003|C10-AA-004|C10-AA-002,5.0,0.0,0,0,0,m3star_graph_action_value_xgboost_v0.3,m3star_graph_action_reachability_xgboost_v0.1,m3star_graph_action_value_xgboost_v0.3,11.0,0,1,1,0,development,0,0,0,1.0,G3_campaign,1.0,3,1,G1_technique,3,0,1,3,1,1,1,,8,1,5.0,C10-AA-002,0.9722,1,3,project05-m3star-runtime-contract-v0.8,e1d6d08bf93f3ff400361ad947d95002dcf97cc68957c58c831e6a4fdb5c2953,0.8.0,3,1,G3_campaign,G3_campaign,m3star_graph_transition_xgboost_v0.1,0
C10-darpa-optc-sysclient0351-0925,stage,0.6,41,project05_m3star_h3_no_dominance_dual,1,5.0,3,C10-AA-003|C10-AA-004|C10-AA-002,5.0,0.0,0,0,0,m3star_graph_action_value_xgboost_v0.3,m3star_graph_action_reachability_xgboost_v0.1,m3star_graph_action_value_xgboost_v0.3,11.0,0,1,1,0,development,0,0,0,1.0,G3_campaign,1.0,3,1,G1_technique,3,0,1,3,0,1,0,,8,1,5.0,C10-AA-002,0.9722,0,3,project05-m3star-runtime-contract-v0.8,e1d6d08bf93f3ff400361ad947d95002dcf97cc68957c58c831e6a4fdb5c2953,0.8.0,3,0,G3_campaign,G3_campaign,m3star_graph_transition_xgboost_v0.1,0
C10-darpa-optc-sysclient0351-0925,stage,0.6,41,project05_m3star_h3_unshielded_dual,1,8.0,5,C10-AA-003|C10-AA-001|C10-AA-005|C10-AA-002|C10-AA-004,8.0,3.0,0,0,0,m3star_graph_action_value_xgboost_v0.3,m3star_graph_action_reachability_xgboost_v0.1,m3star_graph_action_value_xgboost_v0.3,11.0,0,1,1,0,development,0,0,0,1.0,G3_campaign,1.0,3,1,G1_technique,3,0,0,3,1,1,0,,8,0,5.0,C10-AA-002,1.4167,0,3,project05-m3star-runtime-contract-v0.8,e1d6d08bf93f3ff400361ad947d95002dcf97cc68957c58c831e6a4fdb5c2953,0.8.0,5,1,G3_campaign,G3_campaign,m3star_graph_transition_xgboost_v0.1,2
C10-darpa-optc-sysclient0351-0925,stage,0.6,41,project05_m3star_h3_transition_only,1,5.0,3,C10-AA-003|C10-AA-004|C10-AA-002,5.0,0.0,0,0,0,none,none,none,11.0,0,1,1,0,development,0,0,0,1.0,G3_campaign,1.0,0,1,G1_technique,3,0,1,3,1,0,0,,8,1,5.0,C10-AA-002,0.9722,0,3,project05-m3star-runtime-contract-v0.8,e1d6d08bf93f3ff400361ad947d95002dcf97cc68957c58c831e6a4fdb5c2953,0.8.0,3,1,G3_campaign,G3_campaign,m3star_graph_transition_xgboost_v0.1,0
C10-darpa-optc-sysclient0351-0925,stage,0.6,41,project05_m3star_h1_dual,1,6.0,4,C10-AA-004|C10-AA-001|C10-AA-002|C10-AA-003,6.0,1.0,0,0,0,m3star_graph_action_value_xgboost_v0.3,m3star_graph_action_reachability_xgboost_v0.1,m3star_graph_action_value_xgboost_v0.3,11.0,0,1,1,0,development,0,0,0,1.0,G3_campaign,1.0,2,1,G1_technique,3,0,1,1,1,1,0,,8,1,5.0,C10-AA-002,0.8611,0,3,project05-m3star-runtime-contract-v0.8,e1d6d08bf93f3ff400361ad947d95002dcf97cc68957c58c831e6a4fdb5c2953,0.8.0,4,1,G3_campaign,G3_campaign,m3star_graph_transition_xgboost_v0.1,1
C10-darpa-optc-sysclient0351-0925,stage,0.6,41,project05_xgboost_policy,1,7.0,4,C10-AA-003|C10-AA-004|C10-AA-005|C10-AA-002,7.0,2.0,0,0,0,,,,11.0,0,1,1,,development,,0,0,1.0,G3_campaign,1.0,,1,G1_technique,3,0,,,,,,,,,5.0,C10-AA-002,1.4722,,3,,,,4,,G3_campaign,G3_campaign,,1
C10-darpa-optc-sysclient0351-0925,stage,0.6,41,project05_m3b_policy,1,8.0,5,C10-AA-003|C10-AA-004|C10-AA-001|C10-AA-005|C10-AA-002,8.0,3.0,0,0,0,,,,11.0,0,1,1,,development,,0,0,1.0,G3_campaign,1.0,,1,G1_technique,3,0,,,,,,,,,5.0,C10-AA-002,1.4722,,3,,,,5,,G3_campaign,G3_campaign,,2
C10-darpa-optc-sysclient0351-0925,stage,0.6,41,project05_m2,1,6.0,4,C10-AA-001|C10-AA-003|C10-AA-002|C10-AA-004,6.0,1.0,0,0,0,,,,11.0,0,1,1,,development,,0,0,1.0,G3_campaign,1.0,,1,G1_technique,3,0,,,,,,,,,5.0,C10-AA-002,1.1944,,3,,,,4,,G3_campaign,G3_campaign,,1
C10-darpa-optc-sysclient0351-0925,stage,0.6,41,oracle_optimal,1,5.0,3,C10-AA-002|C10-AA-003|C10-AA-004,5.0,0.0,1,0,0,,,,11.0,0,1,1,,development,,0,0,1.0,G3_campaign,1.0,,1,G1_technique,3,0,,,,,,,,,5.0,C10-AA-002,0.85,,3,,,,3,,G3_campaign,G3_campaign,,0
C10-darpa-optc-sysclient0351-0925,stage,0.6,53,project05_m3star_h3_dual,1,5.0,3,C10-AA-003|C10-AA-004|C10-AA-002,5.0,0.0,0,0,0,m3star_graph_action_value_xgboost_v0.3,m3star_graph_action_reachability_xgboost_v0.1,m3star_graph_action_value_xgboost_v0.3,11.0,0,1,1,0,development,0,0,0,1.0,G3_campaign,1.0,3,1,G1_technique,3,0,1,3,1,1,1,,8,1,5.0,C10-AA-002,0.9722,1,3,project05-m3star-runtime-contract-v0.8,e1d6d08bf93f3ff400361ad947d95002dcf97cc68957c58c831e6a4fdb5c2953,0.8.0,3,1,G3_campaign,G3_campaign,m3star_graph_transition_xgboost_v0.1,0
C10-darpa-optc-sysclient0351-0925,stage,0.6,53,project05_m3star_h3_no_dominance_dual,1,5.0,3,C10-AA-003|C10-AA-004|C10-AA-002,5.0,0.0,0,0,0,m3star_graph_action_value_xgboost_v0.3,m3star_graph_action_reachability_xgboost_v0.1,m3star_graph_action_value_xgboost_v0.3,11.0,0,1,1,0,development,0,0,0,1.0,G3_campaign,1.0,3,1,G1_technique,3,0,1,3,0,1,0,,8,1,5.0,C10-AA-002,0.9722,0,3,project05-m3star-runtime-contract-v0.8,e1d6d08bf93f3ff400361ad947d95002dcf97cc68957c58c831e6a4fdb5c2953,0.8.0,3,0,G3_campaign,G3_campaign,m3star_graph_transition_xgboost_v0.1,0
C10-darpa-optc-sysclient0351-0925,stage,0.6,53,project05_m3star_h3_unshielded_dual,1,8.0,5,C10-AA-003|C10-AA-001|C10-AA-005|C10-AA-002|C10-AA-004,8.0,3.0,0,0,0,m3star_graph_action_value_xgboost_v0.3,m3star_graph_action_reachability_xgboost_v0.1,m3star_graph_action_value_xgboost_v0.3,11.0,0,1,1,0,development,0,0,0,1.0,G3_campaign,1.0,3,1,G1_technique,3,0,0,3,1,1,0,,8,0,5.0,C10-AA-002,1.4167,0,3,project05-m3star-runtime-contract-v0.8,e1d6d08bf93f3ff400361ad947d95002dcf97cc68957c58c831e6a4fdb5c2953,0.8.0,5,1,G3_campaign,G3_campaign,m3star_graph_transition_xgboost_v0.1,2
C10-darpa-optc-sysclient0351-0925,stage,0.6,53,project05_m3star_h3_transition_only,1,5.0,3,C10-AA-003|C10-AA-004|C10-AA-002,5.0,0.0,0,0,0,none,none,none,11.0,0,1,1,0,development,0,0,0,1.0,G3_campaign,1.0,0,1,G1_technique,3,0,1,3,1,0,0,,8,1,5.0,C10-AA-002,0.9722,0,3,project05-m3star-runtime-contract-v0.8,e1d6d08bf93f3ff400361ad947d95002dcf97cc68957c58c831e6a4fdb5c2953,0.8.0,3,1,G3_campaign,G3_campaign,m3star_graph_transition_xgboost_v0.1,0
C10-darpa-optc-sysclient0351-0925,stage,0.6,53,project05_m3star_h1_dual,1,6.0,4,C10-AA-004|C10-AA-001|C10-AA-002|C10-AA-003,6.0,1.0,0,0,0,m3star_graph_action_value_xgboost_v0.3,m3star_graph_action_reachability_xgboost_v0.1,m3star_graph_action_value_xgboost_v0.3,11.0,0,1,1,0,development,0,0,0,1.0,G3_campaign,1.0,2,1,G1_technique,3,0,1,1,1,1,0,,8,1,5.0,C10-AA-002,0.8611,0,3,project05-m3star-runtime-contract-v0.8,e1d6d08bf93f3ff400361ad947d95002dcf97cc68957c58c831e6a4fdb5c2953,0.8.0,4,1,G3_campaign,G3_campaign,m3star_graph_transition_xgboost_v0.1,1
C10-darpa-optc-sysclient0351-0925,stage,0.6,53,project05_xgboost_policy,1,7.0,4,C10-AA-003|C10-AA-004|C10-AA-005|C10-AA-002,7.0,2.0,0,0,0,,,,11.0,0,1,1,,development,,0,0,1.0,G3_campaign,1.0,,1,G1_technique,3,0,,,,,,,,,5.0,C10-AA-002,1.4722,,3,,,,4,,G3_campaign,G3_campaign,,1
C10-darpa-optc-sysclient0351-0925,stage,0.6,53,project05_m3b_policy,1,8.0,5,C10-AA-003|C10-AA-004|C10-AA-001|C10-AA-005|C10-AA-002,8.0,3.0,0,0,0,,,,11.0,0,1,1,,development,,0,0,1.0,G3_campaign,1.0,,1,G1_technique,3,0,,,,,,,,,5.0,C10-AA-002,1.4722,,3,,,,5,,G3_campaign,G3_campaign,,2
C10-darpa-optc-sysclient0351-0925,stage,0.6,53,project05_m2,1,6.0,4,C10-AA-001|C10-AA-003|C10-AA-002|C10-AA-004,6.0,1.0,0,0,0,,,,11.0,0,1,1,,development,,0,0,1.0,G3_campaign,1.0,,1,G1_technique,3,0,,,,,,,,,5.0,C10-AA-002,1.1944,,3,,,,4,,G3_campaign,G3_campaign,,1
C10-darpa-optc-sysclient0351-0925,stage,0.6,53,oracle_optimal,1,5.0,3,C10-AA-002|C10-AA-003|C10-AA-004,5.0,0.0,1,0,0,,,,11.0,0,1,1,,development,,0,0,1.0,G3_campaign,1.0,,1,G1_technique,3,0,,,,,,,,,5.0,C10-AA-002,0.85,,3,,,,3,,G3_campaign,G3_campaign,,0
C10-darpa-optc-sysclient0351-0925,discriminative,0.2,11,project05_m3star_h3_dual,1,1.0,1,C10-AA-003,1.0,0.0,1,0,0,m3star_graph_action_value_xgboost_v0.3,m3star_graph_action_reachability_xgboost_v0.1,m3star_graph_action_value_xgboost_v0.3,11.0,0,1,1,0,development,0,0,0,1.0,G3_campaign,1.0,2,1,G2_tactic_intent,1,0,1,3,1,1,1,,8,1,1.0,C10-AA-003,0.0,1,1,project05-m3star-runtime-contract-v0.8,e1d6d08bf93f3ff400361ad947d95002dcf97cc68957c58c831e6a4fdb5c2953,0.8.0,1,1,G3_campaign,G3_campaign,m3star_graph_transition_xgboost_v0.1,0
C10-darpa-optc-sysclient0351-0925,discriminative,0.2,11,project05_m3star_h3_no_dominance_dual,1,1.0,1,C10-AA-003,1.0,0.0,1,0,0,m3star_graph_action_value_xgboost_v0.3,m3star_graph_action_reachability_xgboost_v0.1,m3star_graph_action_value_xgboost_v0.3,11.0,0,1,1,0,development,0,0,0,1.0,G3_campaign,1.0,2,1,G2_tactic_intent,1,0,1,3,0,1,0,,8,1,1.0,C10-AA-003,0.0,0,1,project05-m3star-runtime-contract-v0.8,e1d6d08bf93f3ff400361ad947d95002dcf97cc68957c58c831e6a4fdb5c2953,0.8.0,1,0,G3_campaign,G3_campaign,m3star_graph_transition_xgboost_v0.1,0
C10-darpa-optc-sysclient0351-0925,discriminative,0.2,11,project05_m3star_h3_unshielded_dual,1,1.0,1,C10-AA-003,1.0,0.0,1,0,0,m3star_graph_action_value_xgboost_v0.3,m3star_graph_action_reachability_xgboost_v0.1,m3star_graph_action_value_xgboost_v0.3,11.0,0,1,1,0,development,0,0,0,1.0,G3_campaign,1.0,2,1,G2_tactic_intent,1,0,0,3,1,1,0,,8,0,1.0,C10-AA-003,0.0,0,1,project05-m3star-runtime-contract-v0.8,e1d6d08bf93f3ff400361ad947d95002dcf97cc68957c58c831e6a4fdb5c2953,0.8.0,1,1,G3_campaign,G3_campaign,m3star_graph_transition_xgboost_v0.1,0
C10-darpa-optc-sysclient0351-0925,discriminative,0.2,11,project05_m3star_h3_transition_only,1,1.0,1,C10-AA-003,1.0,0.0,1,0,0,none,none,none,11.0,0,1,1,0,development,0,0,0,1.0,G3_campaign,1.0,0,1,G2_tactic_intent,1,0,1,3,1,0,0,,8,1,1.0,C10-AA-003,0.0,0,1,project05-m3star-runtime-contract-v0.8,e1d6d08bf93f3ff400361ad947d95002dcf97cc68957c58c831e6a4fdb5c2953,0.8.0,1,1,G3_campaign,G3_campaign,m3star_graph_transition_xgboost_v0.1,0
C10-darpa-optc-sysclient0351-0925,discriminative,0.2,11,project05_m3star_h1_dual,1,1.0,1,C10-AA-003,1.0,0.0,1,0,0,m3star_graph_action_value_xgboost_v0.3,m3star_graph_action_reachability_xgboost_v0.1,m3star_graph_action_value_xgboost_v0.3,11.0,0,1,1,0,development,0,0,0,1.0,G3_campaign,1.0,2,1,G2_tactic_intent,1,0,1,1,1,1,0,,8,1,1.0,C10-AA-003,0.0,0,1,project05-m3star-runtime-contract-v0.8,e1d6d08bf93f3ff400361ad947d95002dcf97cc68957c58c831e6a4fdb5c2953,0.8.0,1,1,G3_campaign,G3_campaign,m3star_graph_transition_xgboost_v0.1,0
C10-darpa-optc-sysclient0351-0925,discriminative,0.2,11,project05_xgboost_policy,1,1.0,1,C10-AA-003,1.0,0.0,1,0,0,,,,11.0,0,1,1,,development,,0,0,1.0,G3_campaign,1.0,,1,G2_tactic_intent,1,0,,,,,,,,,1.0,C10-AA-003,0.0,,1,,,,1,,G3_campaign,G3_campaign,,0
C10-darpa-optc-sysclient0351-0925,discriminative,0.2,11,project05_m3b_policy,1,1.0,1,C10-AA-003,1.0,0.0,1,0,0,,,,11.0,0,1,1,,development,,0,0,1.0,G3_campaign,1.0,,1,G2_tactic_intent,1,0,,,,,,,,,1.0,C10-AA-003,0.0,,1,,,,1,,G3_campaign,G3_campaign,,0
C10-darpa-optc-sysclient0351-0925,discriminative,0.2,11,project05_m2,1,1.0,1,C10-AA-003,1.0,0.0,1,0,0,,,,11.0,0,1,1,,development,,0,0,1.0,G3_campaign,1.0,,1,G2_tactic_intent,1,0,,,,,,,,,1.0,C10-AA-003,0.0,,1,,,,1,,G3_campaign,G3_campaign,,0
C10-darpa-optc-sysclient0351-0925,discriminative,0.2,11,oracle_optimal,1,1.0,1,C10-AA-003,1.0,0.0,1,0,0,,,,11.0,0,1,1,,development,,0,0,1.0,G3_campaign,1.0,,1,G2_tactic_intent,1,0,,,,,,,,,1.0,C10-AA-003,0.0,,1,,,,1,,G3_campaign,G3_campaign,,0
C10-darpa-optc-sysclient0351-0925,discriminative,0.2,23,project05_m3star_h3_dual,1,1.0,1,C10-AA-003,1.0,0.0,1,0,0,m3star_graph_action_value_xgboost_v0.3,m3star_graph_action_reachability_xgboost_v0.1,m3star_graph_action_value_xgboost_v0.3,11.0,0,1,1,0,development,0,0,0,1.0,G3_campaign,1.0,2,1,G2_tactic_intent,1,0,1,3,1,1,1,,8,1,1.0,C10-AA-003,0.0,1,1,project05-m3star-runtime-contract-v0.8,e1d6d08bf93f3ff400361ad947d95002dcf97cc68957c58c831e6a4fdb5c2953,0.8.0,1,1,G3_campaign,G3_campaign,m3star_graph_transition_xgboost_v0.1,0
C10-darpa-optc-sysclient0351-0925,discriminative,0.2,23,project05_m3star_h3_no_dominance_dual,1,1.0,1,C10-AA-003,1.0,0.0,1,0,0,m3star_graph_action_value_xgboost_v0.3,m3star_graph_action_reachability_xgboost_v0.1,m3star_graph_action_value_xgboost_v0.3,11.0,0,1,1,0,development,0,0,0,1.0,G3_campaign,1.0,2,1,G2_tactic_intent,1,0,1,3,0,1,0,,8,1,1.0,C10-AA-003,0.0,0,1,project05-m3star-runtime-contract-v0.8,e1d6d08bf93f3ff400361ad947d95002dcf97cc68957c58c831e6a4fdb5c2953,0.8.0,1,0,G3_campaign,G3_campaign,m3star_graph_transition_xgboost_v0.1,0
C10-darpa-optc-sysclient0351-0925,discriminative,0.2,23,project05_m3star_h3_unshielded_dual,1,1.0,1,C10-AA-003,1.0,0.0,1,0,0,m3star_graph_action_value_xgboost_v0.3,m3star_graph_action_reachability_xgboost_v0.1,m3star_graph_action_value_xgboost_v0.3,11.0,0,1,1,0,development,0,0,0,1.0,G3_campaign,1.0,2,1,G2_tactic_intent,1,0,0,3,1,1,0,,8,0,1.0,C10-AA-003,0.0,0,1,project05-m3star-runtime-contract-v0.8,e1d6d08bf93f3ff400361ad947d95002dcf97cc68957c58c831e6a4fdb5c2953,0.8.0,1,1,G3_campaign,G3_campaign,m3star_graph_transition_xgboost_v0.1,0
C10-darpa-optc-sysclient0351-0925,discriminative,0.2,23,project05_m3star_h3_transition_only,1,1.0,1,C10-AA-003,1.0,0.0,1,0,0,none,none,none,11.0,0,1,1,0,development,0,0,0,1.0,G3_campaign,1.0,0,1,G2_tactic_intent,1,0,1,3,1,0,0,,8,1,1.0,C10-AA-003,0.0,0,1,project05-m3star-runtime-contract-v0.8,e1d6d08bf93f3ff400361ad947d95002dcf97cc68957c58c831e6a4fdb5c2953,0.8.0,1,1,G3_campaign,G3_campaign,m3star_graph_transition_xgboost_v0.1,0
C10-darpa-optc-sysclient0351-0925,discriminative,0.2,23,project05_m3star_h1_dual,1,1.0,1,C10-AA-003,1.0,0.0,1,0,0,m3star_graph_action_value_xgboost_v0.3,m3star_graph_action_reachability_xgboost_v0.1,m3star_graph_action_value_xgboost_v0.3,11.0,0,1,1,0,development,0,0,0,1.0,G3_campaign,1.0,2,1,G2_tactic_intent,1,0,1,1,1,1,0,,8,1,1.0,C10-AA-003,0.0,0,1,project05-m3star-runtime-contract-v0.8,e1d6d08bf93f3ff400361ad947d95002dcf97cc68957c58c831e6a4fdb5c2953,0.8.0,1,1,G3_campaign,G3_campaign,m3star_graph_transition_xgboost_v0.1,0
C10-darpa-optc-sysclient0351-0925,discriminative,0.2,23,project05_xgboost_policy,1,1.0,1,C10-AA-003,1.0,0.0,1,0,0,,,,11.0,0,1,1,,development,,0,0,1.0,G3_campaign,1.0,,1,G2_tactic_intent,1,0,,,,,,,,,1.0,C10-AA-003,0.0,,1,,,,1,,G3_campaign,G3_campaign,,0
C10-darpa-optc-sysclient0351-0925,discriminative,0.2,23,project05_m3b_policy,1,1.0,1,C10-AA-003,1.0,0.0,1,0,0,,,,11.0,0,1,1,,development,,0,0,1.0,G3_campaign,1.0,,1,G2_tactic_intent,1,0,,,,,,,,,1.0,C10-AA-003,0.0,,1,,,,1,,G3_campaign,G3_campaign,,0
C10-darpa-optc-sysclient0351-0925,discriminative,0.2,23,project05_m2,1,1.0,1,C10-AA-003,1.0,0.0,1,0,0,,,,11.0,0,1,1,,development,,0,0,1.0,G3_campaign,1.0,,1,G2_tactic_intent,1,0,,,,,,,,,1.0,C10-AA-003,0.0,,1,,,,1,,G3_campaign,G3_campaign,,0
C10-darpa-optc-sysclient0351-0925,discriminative,0.2,23,oracle_optimal,1,1.0,1,C10-AA-003,1.0,0.0,1,0,0,,,,11.0,0,1,1,,development,,0,0,1.0,G3_campaign,1.0,,1,G2_tactic_intent,1,0,,,,,,,,,1.0,C10-AA-003,0.0,,1,,,,1,,G3_campaign,G3_campaign,,0
C10-darpa-optc-sysclient0351-0925,discriminative,0.2,37,project05_m3star_h3_dual,1,1.0,1,C10-AA-003,1.0,0.0,1,0,0,m3star_graph_action_value_xgboost_v0.3,m3star_graph_action_reachability_xgboost_v0.1,m3star_graph_action_value_xgboost_v0.3,11.0,0,1,1,0,development,0,0,0,1.0,G3_campaign,1.0,2,1,G2_tactic_intent,1,0,1,3,1,1,1,,8,1,1.0,C10-AA-003,0.0,1,1,project05-m3star-runtime-contract-v0.8,e1d6d08bf93f3ff400361ad947d95002dcf97cc68957c58c831e6a4fdb5c2953,0.8.0,1,1,G3_campaign,G3_campaign,m3star_graph_transition_xgboost_v0.1,0
C10-darpa-optc-sysclient0351-0925,discriminative,0.2,37,project05_m3star_h3_no_dominance_dual,1,1.0,1,C10-AA-003,1.0,0.0,1,0,0,m3star_graph_action_value_xgboost_v0.3,m3star_graph_action_reachability_xgboost_v0.1,m3star_graph_action_value_xgboost_v0.3,11.0,0,1,1,0,development,0,0,0,1.0,G3_campaign,1.0,2,1,G2_tactic_intent,1,0,1,3,0,1,0,,8,1,1.0,C10-AA-003,0.0,0,1,project05-m3star-runtime-contract-v0.8,e1d6d08bf93f3ff400361ad947d95002dcf97cc68957c58c831e6a4fdb5c2953,0.8.0,1,0,G3_campaign,G3_campaign,m3star_graph_transition_xgboost_v0.1,0
C10-darpa-optc-sysclient0351-0925,discriminative,0.2,37,project05_m3star_h3_unshielded_dual,1,1.0,1,C10-AA-003,1.0,0.0,1,0,0,m3star_graph_action_value_xgboost_v0.3,m3star_graph_action_reachability_xgboost_v0.1,m3star_graph_action_value_xgboost_v0.3,11.0,0,1,1,0,development,0,0,0,1.0,G3_campaign,1.0,2,1,G2_tactic_intent,1,0,0,3,1,1,0,,8,0,1.0,C10-AA-003,0.0,0,1,project05-m3star-runtime-contract-v0.8,e1d6d08bf93f3ff400361ad947d95002dcf97cc68957c58c831e6a4fdb5c2953,0.8.0,1,1,G3_campaign,G3_campaign,m3star_graph_transition_xgboost_v0.1,0
C10-darpa-optc-sysclient0351-0925,discriminative,0.2,37,project05_m3star_h3_transition_only,1,1.0,1,C10-AA-003,1.0,0.0,1,0,0,none,none,none,11.0,0,1,1,0,development,0,0,0,1.0,G3_campaign,1.0,0,1,G2_tactic_intent,1,0,1,3,1,0,0,,8,1,1.0,C10-AA-003,0.0,0,1,project05-m3star-runtime-contract-v0.8,e1d6d08bf93f3ff400361ad947d95002dcf97cc68957c58c831e6a4fdb5c2953,0.8.0,1,1,G3_campaign,G3_campaign,m3star_graph_transition_xgboost_v0.1,0
C10-darpa-optc-sysclient0351-0925,discriminative,0.2,37,project05_m3star_h1_dual,1,1.0,1,C10-AA-003,1.0,0.0,1,0,0,m3star_graph_action_value_xgboost_v0.3,m3star_graph_action_reachability_xgboost_v0.1,m3star_graph_action_value_xgboost_v0.3,11.0,0,1,1,0,development,0,0,0,1.0,G3_campaign,1.0,2,1,G2_tactic_intent,1,0,1,1,1,1,0,,8,1,1.0,C10-AA-003,0.0,0,1,project05-m3star-runtime-contract-v0.8,e1d6d08bf93f3ff400361ad947d95002dcf97cc68957c58c831e6a4fdb5c2953,0.8.0,1,1,G3_campaign,G3_campaign,m3star_graph_transition_xgboost_v0.1,0
C10-darpa-optc-sysclient0351-0925,discriminative,0.2,37,project05_xgboost_policy,1,1.0,1,C10-AA-003,1.0,0.0,1,0,0,,,,11.0,0,1,1,,development,,0,0,1.0,G3_campaign,1.0,,1,G2_tactic_intent,1,0,,,,,,,,,1.0,C10-AA-003,0.0,,1,,,,1,,G3_campaign,G3_campaign,,0
C10-darpa-optc-sysclient0351-0925,discriminative,0.2,37,project05_m3b_policy,1,1.0,1,C10-AA-003,1.0,0.0,1,0,0,,,,11.0,0,1,1,,development,,0,0,1.0,G3_campaign,1.0,,1,G2_tactic_intent,1,0,,,,,,,,,1.0,C10-AA-003,0.0,,1,,,,1,,G3_campaign,G3_campaign,,0
C10-darpa-optc-sysclient0351-0925,discriminative,0.2,37,project05_m2,1,1.0,1,C10-AA-003,1.0,0.0,1,0,0,,,,11.0,0,1,1,,development,,0,0,1.0,G3_campaign,1.0,,1,G2_tactic_intent,1,0,,,,,,,,,1.0,C10-AA-003,0.0,,1,,,,1,,G3_campaign,G3_campaign,,0
C10-darpa-optc-sysclient0351-0925,discriminative,0.2,37,oracle_optimal,1,1.0,1,C10-AA-003,1.0,0.0,1,0,0,,,,11.0,0,1,1,,development,,0,0,1.0,G3_campaign,1.0,,1,G2_tactic_intent,1,0,,,,,,,,,1.0,C10-AA-003,0.0,,1,,,,1,,G3_campaign,G3_campaign,,0
C10-darpa-optc-sysclient0351-0925,discriminative,0.2,41,project05_m3star_h3_dual,1,1.0,1,C10-AA-003,1.0,0.0,1,0,0,m3star_graph_action_value_xgboost_v0.3,m3star_graph_action_reachability_xgboost_v0.1,m3star_graph_action_value_xgboost_v0.3,11.0,0,1,1,0,development,0,0,0,1.0,G3_campaign,1.0,2,1,G2_tactic_intent,1,0,1,3,1,1,1,,8,1,1.0,C10-AA-003,0.0,1,1,project05-m3star-runtime-contract-v0.8,e1d6d08bf93f3ff400361ad947d95002dcf97cc68957c58c831e6a4fdb5c2953,0.8.0,1,1,G3_campaign,G3_campaign,m3star_graph_transition_xgboost_v0.1,0
C10-darpa-optc-sysclient0351-0925,discriminative,0.2,41,project05_m3star_h3_no_dominance_dual,1,1.0,1,C10-AA-003,1.0,0.0,1,0,0,m3star_graph_action_value_xgboost_v0.3,m3star_graph_action_reachability_xgboost_v0.1,m3star_graph_action_value_xgboost_v0.3,11.0,0,1,1,0,development,0,0,0,1.0,G3_campaign,1.0,2,1,G2_tactic_intent,1,0,1,3,0,1,0,,8,1,1.0,C10-AA-003,0.0,0,1,project05-m3star-runtime-contract-v0.8,e1d6d08bf93f3ff400361ad947d95002dcf97cc68957c58c831e6a4fdb5c2953,0.8.0,1,0,G3_campaign,G3_campaign,m3star_graph_transition_xgboost_v0.1,0
C10-darpa-optc-sysclient0351-0925,discriminative,0.2,41,project05_m3star_h3_unshielded_dual,1,1.0,1,C10-AA-003,1.0,0.0,1,0,0,m3star_graph_action_value_xgboost_v0.3,m3star_graph_action_reachability_xgboost_v0.1,m3star_graph_action_value_xgboost_v0.3,11.0,0,1,1,0,development,0,0,0,1.0,G3_campaign,1.0,2,1,G2_tactic_intent,1,0,0,3,1,1,0,,8,0,1.0,C10-AA-003,0.0,0,1,project05-m3star-runtime-contract-v0.8,e1d6d08bf93f3ff400361ad947d95002dcf97cc68957c58c831e6a4fdb5c2953,0.8.0,1,1,G3_campaign,G3_campaign,m3star_graph_transition_xgboost_v0.1,0
C10-darpa-optc-sysclient0351-0925,discriminative,0.2,41,project05_m3star_h3_transition_only,1,1.0,1,C10-AA-003,1.0,0.0,1,0,0,none,none,none,11.0,0,1,1,0,development,0,0,0,1.0,G3_campaign,1.0,0,1,G2_tactic_intent,1,0,1,3,1,0,0,,8,1,1.0,C10-AA-003,0.0,0,1,project05-m3star-runtime-contract-v0.8,e1d6d08bf93f3ff400361ad947d95002dcf97cc68957c58c831e6a4fdb5c2953,0.8.0,1,1,G3_campaign,G3_campaign,m3star_graph_transition_xgboost_v0.1,0
C10-darpa-optc-sysclient0351-0925,discriminative,0.2,41,project05_m3star_h1_dual,1,1.0,1,C10-AA-003,1.0,0.0,1,0,0,m3star_graph_action_value_xgboost_v0.3,m3star_graph_action_reachability_xgboost_v0.1,m3star_graph_action_value_xgboost_v0.3,11.0,0,1,1,0,development,0,0,0,1.0,G3_campaign,1.0,2,1,G2_tactic_intent,1,0,1,1,1,1,0,,8,1,1.0,C10-AA-003,0.0,0,1,project05-m3star-runtime-contract-v0.8,e1d6d08bf93f3ff400361ad947d95002dcf97cc68957c58c831e6a4fdb5c2953,0.8.0,1,1,G3_campaign,G3_campaign,m3star_graph_transition_xgboost_v0.1,0
C10-darpa-optc-sysclient0351-0925,discriminative,0.2,41,project05_xgboost_policy,1,1.0,1,C10-AA-003,1.0,0.0,1,0,0,,,,11.0,0,1,1,,development,,0,0,1.0,G3_campaign,1.0,,1,G2_tactic_intent,1,0,,,,,,,,,1.0,C10-AA-003,0.0,,1,,,,1,,G3_campaign,G3_campaign,,0
C10-darpa-optc-sysclient0351-0925,discriminative,0.2,41,project05_m3b_policy,1,1.0,1,C10-AA-003,1.0,0.0,1,0,0,,,,11.0,0,1,1,,development,,0,0,1.0,G3_campaign,1.0,,1,G2_tactic_intent,1,0,,,,,,,,,1.0,C10-AA-003,0.0,,1,,,,1,,G3_campaign,G3_campaign,,0
C10-darpa-optc-sysclient0351-0925,discriminative,0.2,41,project05_m2,1,1.0,1,C10-AA-003,1.0,0.0,1,0,0,,,,11.0,0,1,1,,development,,0,0,1.0,G3_campaign,1.0,,1,G2_tactic_intent,1,0,,,,,,,,,1.0,C10-AA-003,0.0,,1,,,,1,,G3_campaign,G3_campaign,,0
C10-darpa-optc-sysclient0351-0925,discriminative,0.2,41,oracle_optimal,1,1.0,1,C10-AA-003,1.0,0.0,1,0,0,,,,11.0,0,1,1,,development,,0,0,1.0,G3_campaign,1.0,,1,G2_tactic_intent,1,0,,,,,,,,,1.0,C10-AA-003,0.0,,1,,,,1,,G3_campaign,G3_campaign,,0
C10-darpa-optc-sysclient0351-0925,discriminative,0.2,53,project05_m3star_h3_dual,1,1.0,1,C10-AA-003,1.0,0.0,1,0,0,m3star_graph_action_value_xgboost_v0.3,m3star_graph_action_reachability_xgboost_v0.1,m3star_graph_action_value_xgboost_v0.3,11.0,0,1,1,0,development,0,0,0,1.0,G3_campaign,1.0,2,1,G2_tactic_intent,1,0,1,3,1,1,1,,8,1,1.0,C10-AA-003,0.0,1,1,project05-m3star-runtime-contract-v0.8,e1d6d08bf93f3ff400361ad947d95002dcf97cc68957c58c831e6a4fdb5c2953,0.8.0,1,1,G3_campaign,G3_campaign,m3star_graph_transition_xgboost_v0.1,0
C10-darpa-optc-sysclient0351-0925,discriminative,0.2,53,project05_m3star_h3_no_dominance_dual,1,1.0,1,C10-AA-003,1.0,0.0,1,0,0,m3star_graph_action_value_xgboost_v0.3,m3star_graph_action_reachability_xgboost_v0.1,m3star_graph_action_value_xgboost_v0.3,11.0,0,1,1,0,development,0,0,0,1.0,G3_campaign,1.0,2,1,G2_tactic_intent,1,0,1,3,0,1,0,,8,1,1.0,C10-AA-003,0.0,0,1,project05-m3star-runtime-contract-v0.8,e1d6d08bf93f3ff400361ad947d95002dcf97cc68957c58c831e6a4fdb5c2953,0.8.0,1,0,G3_campaign,G3_campaign,m3star_graph_transition_xgboost_v0.1,0
C10-darpa-optc-sysclient0351-0925,discriminative,0.2,53,project05_m3star_h3_unshielded_dual,1,1.0,1,C10-AA-003,1.0,0.0,1,0,0,m3star_graph_action_value_xgboost_v0.3,m3star_graph_action_reachability_xgboost_v0.1,m3star_graph_action_value_xgboost_v0.3,11.0,0,1,1,0,development,0,0,0,1.0,G3_campaign,1.0,2,1,G2_tactic_intent,1,0,0,3,1,1,0,,8,0,1.0,C10-AA-003,0.0,0,1,project05-m3star-runtime-contract-v0.8,e1d6d08bf93f3ff400361ad947d95002dcf97cc68957c58c831e6a4fdb5c2953,0.8.0,1,1,G3_campaign,G3_campaign,m3star_graph_transition_xgboost_v0.1,0
C10-darpa-optc-sysclient0351-0925,discriminative,0.2,53,project05_m3star_h3_transition_only,1,1.0,1,C10-AA-003,1.0,0.0,1,0,0,none,none,none,11.0,0,1,1,0,development,0,0,0,1.0,G3_campaign,1.0,0,1,G2_tactic_intent,1,0,1,3,1,0,0,,8,1,1.0,C10-AA-003,0.0,0,1,project05-m3star-runtime-contract-v0.8,e1d6d08bf93f3ff400361ad947d95002dcf97cc68957c58c831e6a4fdb5c2953,0.8.0,1,1,G3_campaign,G3_campaign,m3star_graph_transition_xgboost_v0.1,0
C10-darpa-optc-sysclient0351-0925,discriminative,0.2,53,project05_m3star_h1_dual,1,1.0,1,C10-AA-003,1.0,0.0,1,0,0,m3star_graph_action_value_xgboost_v0.3,m3star_graph_action_reachability_xgboost_v0.1,m3star_graph_action_value_xgboost_v0.3,11.0,0,1,1,0,development,0,0,0,1.0,G3_campaign,1.0,2,1,G2_tactic_intent,1,0,1,1,1,1,0,,8,1,1.0,C10-AA-003,0.0,0,1,project05-m3star-runtime-contract-v0.8,e1d6d08bf93f3ff400361ad947d95002dcf97cc68957c58c831e6a4fdb5c2953,0.8.0,1,1,G3_campaign,G3_campaign,m3star_graph_transition_xgboost_v0.1,0
C10-darpa-optc-sysclient0351-0925,discriminative,0.2,53,project05_xgboost_policy,1,1.0,1,C10-AA-003,1.0,0.0,1,0,0,,,,11.0,0,1,1,,development,,0,0,1.0,G3_campaign,1.0,,1,G2_tactic_intent,1,0,,,,,,,,,1.0,C10-AA-003,0.0,,1,,,,1,,G3_campaign,G3_campaign,,0
C10-darpa-optc-sysclient0351-0925,discriminative,0.2,53,project05_m3b_policy,1,1.0,1,C10-AA-003,1.0,0.0,1,0,0,,,,11.0,0,1,1,,development,,0,0,1.0,G3_campaign,1.0,,1,G2_tactic_intent,1,0,,,,,,,,,1.0,C10-AA-003,0.0,,1,,,,1,,G3_campaign,G3_campaign,,0
C10-darpa-optc-sysclient0351-0925,discriminative,0.2,53,project05_m2,1,1.0,1,C10-AA-003,1.0,0.0,1,0,0,,,,11.0,0,1,1,,development,,0,0,1.0,G3_campaign,1.0,,1,G2_tactic_intent,1,0,,,,,,,,,1.0,C10-AA-003,0.0,,1,,,,1,,G3_campaign,G3_campaign,,0
C10-darpa-optc-sysclient0351-0925,discriminative,0.2,53,oracle_optimal,1,1.0,1,C10-AA-003,1.0,0.0,1,0,0,,,,11.0,0,1,1,,development,,0,0,1.0,G3_campaign,1.0,,1,G2_tactic_intent,1,0,,,,,,,,,1.0,C10-AA-003,0.0,,1,,,,1,,G3_campaign,G3_campaign,,0
C10-darpa-optc-sysclient0351-0925,discriminative,0.4,11,project05_m3star_h3_dual,1,3.0,2,C10-AA-003|C10-AA-004,3.0,0.0,1,0,0,m3star_graph_action_value_xgboost_v0.3,m3star_graph_action_reachability_xgboost_v0.1,m3star_graph_action_value_xgboost_v0.3,11.0,0,1,1,0,development,0,0,0,1.0,G3_campaign,1.0,3,1,G2_tactic_intent,2,0,1,3,1,1,1,,8,1,3.0,C10-AA-003,0.2222,1,2,project05-m3star-runtime-contract-v0.8,e1d6d08bf93f3ff400361ad947d95002dcf97cc68957c58c831e6a4fdb5c2953,0.8.0,2,1,G3_campaign,G3_campaign,m3star_graph_transition_xgboost_v0.1,0
C10-darpa-optc-sysclient0351-0925,discriminative,0.4,11,project05_m3star_h3_no_dominance_dual,1,3.0,2,C10-AA-003|C10-AA-004,3.0,0.0,1,0,0,m3star_graph_action_value_xgboost_v0.3,m3star_graph_action_reachability_xgboost_v0.1,m3star_graph_action_value_xgboost_v0.3,11.0,0,1,1,0,development,0,0,0,1.0,G3_campaign,1.0,3,1,G2_tactic_intent,2,0,1,3,0,1,0,,8,1,3.0,C10-AA-003,0.2222,0,2,project05-m3star-runtime-contract-v0.8,e1d6d08bf93f3ff400361ad947d95002dcf97cc68957c58c831e6a4fdb5c2953,0.8.0,2,0,G3_campaign,G3_campaign,m3star_graph_transition_xgboost_v0.1,0
C10-darpa-optc-sysclient0351-0925,discriminative,0.4,11,project05_m3star_h3_unshielded_dual,1,6.0,4,C10-AA-003|C10-AA-001|C10-AA-005|C10-AA-004,6.0,3.0,1,0,0,m3star_graph_action_value_xgboost_v0.3,m3star_graph_action_reachability_xgboost_v0.1,m3star_graph_action_value_xgboost_v0.3,11.0,0,1,1,0,development,0,0,0,1.0,G3_campaign,1.0,3,1,G2_tactic_intent,2,0,0,3,1,1,0,,8,0,3.0,C10-AA-003,0.7222,0,2,project05-m3star-runtime-contract-v0.8,e1d6d08bf93f3ff400361ad947d95002dcf97cc68957c58c831e6a4fdb5c2953,0.8.0,4,1,G3_campaign,G3_campaign,m3star_graph_transition_xgboost_v0.1,2
C10-darpa-optc-sysclient0351-0925,discriminative,0.4,11,project05_m3star_h3_transition_only,1,3.0,2,C10-AA-003|C10-AA-004,3.0,0.0,1,0,0,none,none,none,11.0,0,1,1,0,development,0,0,0,1.0,G3_campaign,1.0,0,1,G2_tactic_intent,2,0,1,3,1,0,0,,8,1,3.0,C10-AA-003,0.2222,0,2,project05-m3star-runtime-contract-v0.8,e1d6d08bf93f3ff400361ad947d95002dcf97cc68957c58c831e6a4fdb5c2953,0.8.0,2,1,G3_campaign,G3_campaign,m3star_graph_transition_xgboost_v0.1,0
C10-darpa-optc-sysclient0351-0925,discriminative,0.4,11,project05_m3star_h1_dual,1,3.0,2,C10-AA-003|C10-AA-004,3.0,0.0,1,0,0,m3star_graph_action_value_xgboost_v0.3,m3star_graph_action_reachability_xgboost_v0.1,m3star_graph_action_value_xgboost_v0.3,11.0,0,1,1,0,development,0,0,0,1.0,G3_campaign,1.0,3,1,G2_tactic_intent,2,0,1,1,1,1,0,,8,1,3.0,C10-AA-003,0.2222,0,2,project05-m3star-runtime-contract-v0.8,e1d6d08bf93f3ff400361ad947d95002dcf97cc68957c58c831e6a4fdb5c2953,0.8.0,2,1,G3_campaign,G3_campaign,m3star_graph_transition_xgboost_v0.1,0
C10-darpa-optc-sysclient0351-0925,discriminative,0.4,11,project05_xgboost_policy,1,3.0,2,C10-AA-003|C10-AA-004,3.0,0.0,1,0,0,,,,11.0,0,1,1,,development,,0,0,1.0,G3_campaign,1.0,,1,G2_tactic_intent,2,0,,,,,,,,,3.0,C10-AA-003,0.2222,,2,,,,2,,G3_campaign,G3_campaign,,0
C10-darpa-optc-sysclient0351-0925,discriminative,0.4,11,project05_m3b_policy,0,,,C10-AA-003|STOP,1.0,,1,1,0,,,,11.0,0,0,0,,development,,1,1,0.3333,G2_tactic_intent,0.75,,1,G2_tactic_intent,2,0,,,,,,,,,3.0,C10-AA-003,0.0,,1,,,,2,,G3_campaign,G3_campaign,,0
C10-darpa-optc-sysclient0351-0925,discriminative,0.4,11,project05_m2,1,3.0,2,C10-AA-003|C10-AA-004,3.0,0.0,1,0,0,,,,11.0,0,1,1,,development,,0,0,1.0,G3_campaign,1.0,,1,G2_tactic_intent,2,0,,,,,,,,,3.0,C10-AA-003,0.2222,,2,,,,2,,G3_campaign,G3_campaign,,0
C10-darpa-optc-sysclient0351-0925,discriminative,0.4,11,oracle_optimal,1,3.0,2,C10-AA-003|C10-AA-004,3.0,0.0,1,0,0,,,,11.0,0,1,1,,development,,0,0,1.0,G3_campaign,1.0,,1,G2_tactic_intent,2,0,,,,,,,,,3.0,C10-AA-003,0.2222,,2,,,,2,,G3_campaign,G3_campaign,,0
C10-darpa-optc-sysclient0351-0925,discriminative,0.4,23,project05_m3star_h3_dual,1,3.0,2,C10-AA-003|C10-AA-004,3.0,0.0,1,0,0,m3star_graph_action_value_xgboost_v0.3,m3star_graph_action_reachability_xgboost_v0.1,m3star_graph_action_value_xgboost_v0.3,11.0,0,1,1,0,development,0,0,0,1.0,G3_campaign,1.0,3,1,G2_tactic_intent,2,0,1,3,1,1,1,,8,1,3.0,C10-AA-003,0.2222,1,2,project05-m3star-runtime-contract-v0.8,e1d6d08bf93f3ff400361ad947d95002dcf97cc68957c58c831e6a4fdb5c2953,0.8.0,2,1,G3_campaign,G3_campaign,m3star_graph_transition_xgboost_v0.1,0
C10-darpa-optc-sysclient0351-0925,discriminative,0.4,23,project05_m3star_h3_no_dominance_dual,1,3.0,2,C10-AA-003|C10-AA-004,3.0,0.0,1,0,0,m3star_graph_action_value_xgboost_v0.3,m3star_graph_action_reachability_xgboost_v0.1,m3star_graph_action_value_xgboost_v0.3,11.0,0,1,1,0,development,0,0,0,1.0,G3_campaign,1.0,3,1,G2_tactic_intent,2,0,1,3,0,1,0,,8,1,3.0,C10-AA-003,0.2222,0,2,project05-m3star-runtime-contract-v0.8,e1d6d08bf93f3ff400361ad947d95002dcf97cc68957c58c831e6a4fdb5c2953,0.8.0,2,0,G3_campaign,G3_campaign,m3star_graph_transition_xgboost_v0.1,0
C10-darpa-optc-sysclient0351-0925,discriminative,0.4,23,project05_m3star_h3_unshielded_dual,1,6.0,4,C10-AA-003|C10-AA-001|C10-AA-005|C10-AA-004,6.0,3.0,1,0,0,m3star_graph_action_value_xgboost_v0.3,m3star_graph_action_reachability_xgboost_v0.1,m3star_graph_action_value_xgboost_v0.3,11.0,0,1,1,0,development,0,0,0,1.0,G3_campaign,1.0,3,1,G2_tactic_intent,2,0,0,3,1,1,0,,8,0,3.0,C10-AA-003,0.7222,0,2,project05-m3star-runtime-contract-v0.8,e1d6d08bf93f3ff400361ad947d95002dcf97cc68957c58c831e6a4fdb5c2953,0.8.0,4,1,G3_campaign,G3_campaign,m3star_graph_transition_xgboost_v0.1,2
C10-darpa-optc-sysclient0351-0925,discriminative,0.4,23,project05_m3star_h3_transition_only,1,3.0,2,C10-AA-003|C10-AA-004,3.0,0.0,1,0,0,none,none,none,11.0,0,1,1,0,development,0,0,0,1.0,G3_campaign,1.0,0,1,G2_tactic_intent,2,0,1,3,1,0,0,,8,1,3.0,C10-AA-003,0.2222,0,2,project05-m3star-runtime-contract-v0.8,e1d6d08bf93f3ff400361ad947d95002dcf97cc68957c58c831e6a4fdb5c2953,0.8.0,2,1,G3_campaign,G3_campaign,m3star_graph_transition_xgboost_v0.1,0
C10-darpa-optc-sysclient0351-0925,discriminative,0.4,23,project05_m3star_h1_dual,1,3.0,2,C10-AA-003|C10-AA-004,3.0,0.0,1,0,0,m3star_graph_action_value_xgboost_v0.3,m3star_graph_action_reachability_xgboost_v0.1,m3star_graph_action_value_xgboost_v0.3,11.0,0,1,1,0,development,0,0,0,1.0,G3_campaign,1.0,3,1,G2_tactic_intent,2,0,1,1,1,1,0,,8,1,3.0,C10-AA-003,0.2222,0,2,project05-m3star-runtime-contract-v0.8,e1d6d08bf93f3ff400361ad947d95002dcf97cc68957c58c831e6a4fdb5c2953,0.8.0,2,1,G3_campaign,G3_campaign,m3star_graph_transition_xgboost_v0.1,0
C10-darpa-optc-sysclient0351-0925,discriminative,0.4,23,project05_xgboost_policy,1,3.0,2,C10-AA-003|C10-AA-004,3.0,0.0,1,0,0,,,,11.0,0,1,1,,development,,0,0,1.0,G3_campaign,1.0,,1,G2_tactic_intent,2,0,,,,,,,,,3.0,C10-AA-003,0.2222,,2,,,,2,,G3_campaign,G3_campaign,,0
C10-darpa-optc-sysclient0351-0925,discriminative,0.4,23,project05_m3b_policy,0,,,C10-AA-003|STOP,1.0,,1,1,0,,,,11.0,0,0,0,,development,,1,1,0.3333,G2_tactic_intent,0.75,,1,G2_tactic_intent,2,0,,,,,,,,,3.0,C10-AA-003,0.0,,1,,,,2,,G3_campaign,G3_campaign,,0
C10-darpa-optc-sysclient0351-0925,discriminative,0.4,23,project05_m2,1,3.0,2,C10-AA-003|C10-AA-004,3.0,0.0,1,0,0,,,,11.0,0,1,1,,development,,0,0,1.0,G3_campaign,1.0,,1,G2_tactic_intent,2,0,,,,,,,,,3.0,C10-AA-003,0.2222,,2,,,,2,,G3_campaign,G3_campaign,,0
C10-darpa-optc-sysclient0351-0925,discriminative,0.4,23,oracle_optimal,1,3.0,2,C10-AA-003|C10-AA-004,3.0,0.0,1,0,0,,,,11.0,0,1,1,,development,,0,0,1.0,G3_campaign,1.0,,1,G2_tactic_intent,2,0,,,,,,,,,3.0,C10-AA-003,0.2222,,2,,,,2,,G3_campaign,G3_campaign,,0
C10-darpa-optc-sysclient0351-0925,discriminative,0.4,37,project05_m3star_h3_dual,1,3.0,2,C10-AA-003|C10-AA-004,3.0,0.0,1,0,0,m3star_graph_action_value_xgboost_v0.3,m3star_graph_action_reachability_xgboost_v0.1,m3star_graph_action_value_xgboost_v0.3,11.0,0,1,1,0,development,0,0,0,1.0,G3_campaign,1.0,3,1,G2_tactic_intent,2,0,1,3,1,1,1,,8,1,3.0,C10-AA-003,0.2222,1,2,project05-m3star-runtime-contract-v0.8,e1d6d08bf93f3ff400361ad947d95002dcf97cc68957c58c831e6a4fdb5c2953,0.8.0,2,1,G3_campaign,G3_campaign,m3star_graph_transition_xgboost_v0.1,0
C10-darpa-optc-sysclient0351-0925,discriminative,0.4,37,project05_m3star_h3_no_dominance_dual,1,3.0,2,C10-AA-003|C10-AA-004,3.0,0.0,1,0,0,m3star_graph_action_value_xgboost_v0.3,m3star_graph_action_reachability_xgboost_v0.1,m3star_graph_action_value_xgboost_v0.3,11.0,0,1,1,0,development,0,0,0,1.0,G3_campaign,1.0,3,1,G2_tactic_intent,2,0,1,3,0,1,0,,8,1,3.0,C10-AA-003,0.2222,0,2,project05-m3star-runtime-contract-v0.8,e1d6d08bf93f3ff400361ad947d95002dcf97cc68957c58c831e6a4fdb5c2953,0.8.0,2,0,G3_campaign,G3_campaign,m3star_graph_transition_xgboost_v0.1,0
C10-darpa-optc-sysclient0351-0925,discriminative,0.4,37,project05_m3star_h3_unshielded_dual,1,6.0,4,C10-AA-003|C10-AA-001|C10-AA-005|C10-AA-004,6.0,3.0,1,0,0,m3star_graph_action_value_xgboost_v0.3,m3star_graph_action_reachability_xgboost_v0.1,m3star_graph_action_value_xgboost_v0.3,11.0,0,1,1,0,development,0,0,0,1.0,G3_campaign,1.0,3,1,G2_tactic_intent,2,0,0,3,1,1,0,,8,0,3.0,C10-AA-003,0.7222,0,2,project05-m3star-runtime-contract-v0.8,e1d6d08bf93f3ff400361ad947d95002dcf97cc68957c58c831e6a4fdb5c2953,0.8.0,4,1,G3_campaign,G3_campaign,m3star_graph_transition_xgboost_v0.1,2
C10-darpa-optc-sysclient0351-0925,discriminative,0.4,37,project05_m3star_h3_transition_only,1,3.0,2,C10-AA-003|C10-AA-004,3.0,0.0,1,0,0,none,none,none,11.0,0,1,1,0,development,0,0,0,1.0,G3_campaign,1.0,0,1,G2_tactic_intent,2,0,1,3,1,0,0,,8,1,3.0,C10-AA-003,0.2222,0,2,project05-m3star-runtime-contract-v0.8,e1d6d08bf93f3ff400361ad947d95002dcf97cc68957c58c831e6a4fdb5c2953,0.8.0,2,1,G3_campaign,G3_campaign,m3star_graph_transition_xgboost_v0.1,0
C10-darpa-optc-sysclient0351-0925,discriminative,0.4,37,project05_m3star_h1_dual,1,3.0,2,C10-AA-003|C10-AA-004,3.0,0.0,1,0,0,m3star_graph_action_value_xgboost_v0.3,m3star_graph_action_reachability_xgboost_v0.1,m3star_graph_action_value_xgboost_v0.3,11.0,0,1,1,0,development,0,0,0,1.0,G3_campaign,1.0,3,1,G2_tactic_intent,2,0,1,1,1,1,0,,8,1,3.0,C10-AA-003,0.2222,0,2,project05-m3star-runtime-contract-v0.8,e1d6d08bf93f3ff400361ad947d95002dcf97cc68957c58c831e6a4fdb5c2953,0.8.0,2,1,G3_campaign,G3_campaign,m3star_graph_transition_xgboost_v0.1,0
C10-darpa-optc-sysclient0351-0925,discriminative,0.4,37,project05_xgboost_policy,1,3.0,2,C10-AA-003|C10-AA-004,3.0,0.0,1,0,0,,,,11.0,0,1,1,,development,,0,0,1.0,G3_campaign,1.0,,1,G2_tactic_intent,2,0,,,,,,,,,3.0,C10-AA-003,0.2222,,2,,,,2,,G3_campaign,G3_campaign,,0
C10-darpa-optc-sysclient0351-0925,discriminative,0.4,37,project05_m3b_policy,0,,,C10-AA-003|STOP,1.0,,1,1,0,,,,11.0,0,0,0,,development,,1,1,0.3333,G2_tactic_intent,0.75,,1,G2_tactic_intent,2,0,,,,,,,,,3.0,C10-AA-003,0.0,,1,,,,2,,G3_campaign,G3_campaign,,0
C10-darpa-optc-sysclient0351-0925,discriminative,0.4,37,project05_m2,1,3.0,2,C10-AA-003|C10-AA-004,3.0,0.0,1,0,0,,,,11.0,0,1,1,,development,,0,0,1.0,G3_campaign,1.0,,1,G2_tactic_intent,2,0,,,,,,,,,3.0,C10-AA-003,0.2222,,2,,,,2,,G3_campaign,G3_campaign,,0
C10-darpa-optc-sysclient0351-0925,discriminative,0.4,37,oracle_optimal,1,3.0,2,C10-AA-003|C10-AA-004,3.0,0.0,1,0,0,,,,11.0,0,1,1,,development,,0,0,1.0,G3_campaign,1.0,,1,G2_tactic_intent,2,0,,,,,,,,,3.0,C10-AA-003,0.2222,,2,,,,2,,G3_campaign,G3_campaign,,0
C10-darpa-optc-sysclient0351-0925,discriminative,0.4,41,project05_m3star_h3_dual,1,3.0,2,C10-AA-003|C10-AA-004,3.0,0.0,1,0,0,m3star_graph_action_value_xgboost_v0.3,m3star_graph_action_reachability_xgboost_v0.1,m3star_graph_action_value_xgboost_v0.3,11.0,0,1,1,0,development,0,0,0,1.0,G3_campaign,1.0,3,1,G2_tactic_intent,2,0,1,3,1,1,1,,8,1,3.0,C10-AA-003,0.2222,1,2,project05-m3star-runtime-contract-v0.8,e1d6d08bf93f3ff400361ad947d95002dcf97cc68957c58c831e6a4fdb5c2953,0.8.0,2,1,G3_campaign,G3_campaign,m3star_graph_transition_xgboost_v0.1,0
C10-darpa-optc-sysclient0351-0925,discriminative,0.4,41,project05_m3star_h3_no_dominance_dual,1,3.0,2,C10-AA-003|C10-AA-004,3.0,0.0,1,0,0,m3star_graph_action_value_xgboost_v0.3,m3star_graph_action_reachability_xgboost_v0.1,m3star_graph_action_value_xgboost_v0.3,11.0,0,1,1,0,development,0,0,0,1.0,G3_campaign,1.0,3,1,G2_tactic_intent,2,0,1,3,0,1,0,,8,1,3.0,C10-AA-003,0.2222,0,2,project05-m3star-runtime-contract-v0.8,e1d6d08bf93f3ff400361ad947d95002dcf97cc68957c58c831e6a4fdb5c2953,0.8.0,2,0,G3_campaign,G3_campaign,m3star_graph_transition_xgboost_v0.1,0
C10-darpa-optc-sysclient0351-0925,discriminative,0.4,41,project05_m3star_h3_unshielded_dual,1,6.0,4,C10-AA-003|C10-AA-001|C10-AA-005|C10-AA-004,6.0,3.0,1,0,0,m3star_graph_action_value_xgboost_v0.3,m3star_graph_action_reachability_xgboost_v0.1,m3star_graph_action_value_xgboost_v0.3,11.0,0,1,1,0,development,0,0,0,1.0,G3_campaign,1.0,3,1,G2_tactic_intent,2,0,0,3,1,1,0,,8,0,3.0,C10-AA-003,0.7222,0,2,project05-m3star-runtime-contract-v0.8,e1d6d08bf93f3ff400361ad947d95002dcf97cc68957c58c831e6a4fdb5c2953,0.8.0,4,1,G3_campaign,G3_campaign,m3star_graph_transition_xgboost_v0.1,2
C10-darpa-optc-sysclient0351-0925,discriminative,0.4,41,project05_m3star_h3_transition_only,1,3.0,2,C10-AA-003|C10-AA-004,3.0,0.0,1,0,0,none,none,none,11.0,0,1,1,0,development,0,0,0,1.0,G3_campaign,1.0,0,1,G2_tactic_intent,2,0,1,3,1,0,0,,8,1,3.0,C10-AA-003,0.2222,0,2,project05-m3star-runtime-contract-v0.8,e1d6d08bf93f3ff400361ad947d95002dcf97cc68957c58c831e6a4fdb5c2953,0.8.0,2,1,G3_campaign,G3_campaign,m3star_graph_transition_xgboost_v0.1,0
C10-darpa-optc-sysclient0351-0925,discriminative,0.4,41,project05_m3star_h1_dual,1,3.0,2,C10-AA-003|C10-AA-004,3.0,0.0,1,0,0,m3star_graph_action_value_xgboost_v0.3,m3star_graph_action_reachability_xgboost_v0.1,m3star_graph_action_value_xgboost_v0.3,11.0,0,1,1,0,development,0,0,0,1.0,G3_campaign,1.0,3,1,G2_tactic_intent,2,0,1,1,1,1,0,,8,1,3.0,C10-AA-003,0.2222,0,2,project05-m3star-runtime-contract-v0.8,e1d6d08bf93f3ff400361ad947d95002dcf97cc68957c58c831e6a4fdb5c2953,0.8.0,2,1,G3_campaign,G3_campaign,m3star_graph_transition_xgboost_v0.1,0
C10-darpa-optc-sysclient0351-0925,discriminative,0.4,41,project05_xgboost_policy,1,3.0,2,C10-AA-003|C10-AA-004,3.0,0.0,1,0,0,,,,11.0,0,1,1,,development,,0,0,1.0,G3_campaign,1.0,,1,G2_tactic_intent,2,0,,,,,,,,,3.0,C10-AA-003,0.2222,,2,,,,2,,G3_campaign,G3_campaign,,0
C10-darpa-optc-sysclient0351-0925,discriminative,0.4,41,project05_m3b_policy,0,,,C10-AA-003|STOP,1.0,,1,1,0,,,,11.0,0,0,0,,development,,1,1,0.3333,G2_tactic_intent,0.75,,1,G2_tactic_intent,2,0,,,,,,,,,3.0,C10-AA-003,0.0,,1,,,,2,,G3_campaign,G3_campaign,,0
C10-darpa-optc-sysclient0351-0925,discriminative,0.4,41,project05_m2,1,3.0,2,C10-AA-003|C10-AA-004,3.0,0.0,1,0,0,,,,11.0,0,1,1,,development,,0,0,1.0,G3_campaign,1.0,,1,G2_tactic_intent,2,0,,,,,,,,,3.0,C10-AA-003,0.2222,,2,,,,2,,G3_campaign,G3_campaign,,0
C10-darpa-optc-sysclient0351-0925,discriminative,0.4,41,oracle_optimal,1,3.0,2,C10-AA-003|C10-AA-004,3.0,0.0,1,0,0,,,,11.0,0,1,1,,development,,0,0,1.0,G3_campaign,1.0,,1,G2_tactic_intent,2,0,,,,,,,,,3.0,C10-AA-003,0.2222,,2,,,,2,,G3_campaign,G3_campaign,,0
C10-darpa-optc-sysclient0351-0925,discriminative,0.4,53,project05_m3star_h3_dual,1,3.0,2,C10-AA-003|C10-AA-004,3.0,0.0,1,0,0,m3star_graph_action_value_xgboost_v0.3,m3star_graph_action_reachability_xgboost_v0.1,m3star_graph_action_value_xgboost_v0.3,11.0,0,1,1,0,development,0,0,0,1.0,G3_campaign,1.0,3,1,G2_tactic_intent,2,0,1,3,1,1,1,,8,1,3.0,C10-AA-003,0.2222,1,2,project05-m3star-runtime-contract-v0.8,e1d6d08bf93f3ff400361ad947d95002dcf97cc68957c58c831e6a4fdb5c2953,0.8.0,2,1,G3_campaign,G3_campaign,m3star_graph_transition_xgboost_v0.1,0
C10-darpa-optc-sysclient0351-0925,discriminative,0.4,53,project05_m3star_h3_no_dominance_dual,1,3.0,2,C10-AA-003|C10-AA-004,3.0,0.0,1,0,0,m3star_graph_action_value_xgboost_v0.3,m3star_graph_action_reachability_xgboost_v0.1,m3star_graph_action_value_xgboost_v0.3,11.0,0,1,1,0,development,0,0,0,1.0,G3_campaign,1.0,3,1,G2_tactic_intent,2,0,1,3,0,1,0,,8,1,3.0,C10-AA-003,0.2222,0,2,project05-m3star-runtime-contract-v0.8,e1d6d08bf93f3ff400361ad947d95002dcf97cc68957c58c831e6a4fdb5c2953,0.8.0,2,0,G3_campaign,G3_campaign,m3star_graph_transition_xgboost_v0.1,0
C10-darpa-optc-sysclient0351-0925,discriminative,0.4,53,project05_m3star_h3_unshielded_dual,1,6.0,4,C10-AA-003|C10-AA-001|C10-AA-005|C10-AA-004,6.0,3.0,1,0,0,m3star_graph_action_value_xgboost_v0.3,m3star_graph_action_reachability_xgboost_v0.1,m3star_graph_action_value_xgboost_v0.3,11.0,0,1,1,0,development,0,0,0,1.0,G3_campaign,1.0,3,1,G2_tactic_intent,2,0,0,3,1,1,0,,8,0,3.0,C10-AA-003,0.7222,0,2,project05-m3star-runtime-contract-v0.8,e1d6d08bf93f3ff400361ad947d95002dcf97cc68957c58c831e6a4fdb5c2953,0.8.0,4,1,G3_campaign,G3_campaign,m3star_graph_transition_xgboost_v0.1,2
C10-darpa-optc-sysclient0351-0925,discriminative,0.4,53,project05_m3star_h3_transition_only,1,3.0,2,C10-AA-003|C10-AA-004,3.0,0.0,1,0,0,none,none,none,11.0,0,1,1,0,development,0,0,0,1.0,G3_campaign,1.0,0,1,G2_tactic_intent,2,0,1,3,1,0,0,,8,1,3.0,C10-AA-003,0.2222,0,2,project05-m3star-runtime-contract-v0.8,e1d6d08bf93f3ff400361ad947d95002dcf97cc68957c58c831e6a4fdb5c2953,0.8.0,2,1,G3_campaign,G3_campaign,m3star_graph_transition_xgboost_v0.1,0
C10-darpa-optc-sysclient0351-0925,discriminative,0.4,53,project05_m3star_h1_dual,1,3.0,2,C10-AA-003|C10-AA-004,3.0,0.0,1,0,0,m3star_graph_action_value_xgboost_v0.3,m3star_graph_action_reachability_xgboost_v0.1,m3star_graph_action_value_xgboost_v0.3,11.0,0,1,1,0,development,0,0,0,1.0,G3_campaign,1.0,3,1,G2_tactic_intent,2,0,1,1,1,1,0,,8,1,3.0,C10-AA-003,0.2222,0,2,project05-m3star-runtime-contract-v0.8,e1d6d08bf93f3ff400361ad947d95002dcf97cc68957c58c831e6a4fdb5c2953,0.8.0,2,1,G3_campaign,G3_campaign,m3star_graph_transition_xgboost_v0.1,0
C10-darpa-optc-sysclient0351-0925,discriminative,0.4,53,project05_xgboost_policy,1,3.0,2,C10-AA-003|C10-AA-004,3.0,0.0,1,0,0,,,,11.0,0,1,1,,development,,0,0,1.0,G3_campaign,1.0,,1,G2_tactic_intent,2,0,,,,,,,,,3.0,C10-AA-003,0.2222,,2,,,,2,,G3_campaign,G3_campaign,,0
C10-darpa-optc-sysclient0351-0925,discriminative,0.4,53,project05_m3b_policy,0,,,C10-AA-003|STOP,1.0,,1,1,0,,,,11.0,0,0,0,,development,,1,1,0.3333,G2_tactic_intent,0.75,,1,G2_tactic_intent,2,0,,,,,,,,,3.0,C10-AA-003,0.0,,1,,,,2,,G3_campaign,G3_campaign,,0
C10-darpa-optc-sysclient0351-0925,discriminative,0.4,53,project05_m2,1,3.0,2,C10-AA-003|C10-AA-004,3.0,0.0,1,0,0,,,,11.0,0,1,1,,development,,0,0,1.0,G3_campaign,1.0,,1,G2_tactic_intent,2,0,,,,,,,,,3.0,C10-AA-003,0.2222,,2,,,,2,,G3_campaign,G3_campaign,,0
C10-darpa-optc-sysclient0351-0925,discriminative,0.4,53,oracle_optimal,1,3.0,2,C10-AA-003|C10-AA-004,3.0,0.0,1,0,0,,,,11.0,0,1,1,,development,,0,0,1.0,G3_campaign,1.0,,1,G2_tactic_intent,2,0,,,,,,,,,3.0,C10-AA-003,0.2222,,2,,,,2,,G3_campaign,G3_campaign,,0
C10-darpa-optc-sysclient0351-0925,discriminative,0.6,11,project05_m3star_h3_dual,1,5.0,3,C10-AA-003|C10-AA-004|C10-AA-002,5.0,1.0,0,0,0,m3star_graph_action_value_xgboost_v0.3,m3star_graph_action_reachability_xgboost_v0.1,m3star_graph_action_value_xgboost_v0.3,11.0,0,1,1,0,development,0,0,0,1.0,G3_campaign,1.0,3,1,G1_technique,3,0,1,3,1,1,1,,8,1,4.0,C10-AA-001,0.9722,1,3,project05-m3star-runtime-contract-v0.8,e1d6d08bf93f3ff400361ad947d95002dcf97cc68957c58c831e6a4fdb5c2953,0.8.0,3,1,G3_campaign,G3_campaign,m3star_graph_transition_xgboost_v0.1,0
C10-darpa-optc-sysclient0351-0925,discriminative,0.6,11,project05_m3star_h3_no_dominance_dual,1,5.0,3,C10-AA-003|C10-AA-004|C10-AA-002,5.0,1.0,0,0,0,m3star_graph_action_value_xgboost_v0.3,m3star_graph_action_reachability_xgboost_v0.1,m3star_graph_action_value_xgboost_v0.3,11.0,0,1,1,0,development,0,0,0,1.0,G3_campaign,1.0,3,1,G1_technique,3,0,1,3,0,1,0,,8,1,4.0,C10-AA-001,0.9722,0,3,project05-m3star-runtime-contract-v0.8,e1d6d08bf93f3ff400361ad947d95002dcf97cc68957c58c831e6a4fdb5c2953,0.8.0,3,0,G3_campaign,G3_campaign,m3star_graph_transition_xgboost_v0.1,0
C10-darpa-optc-sysclient0351-0925,discriminative,0.6,11,project05_m3star_h3_unshielded_dual,1,6.0,4,C10-AA-003|C10-AA-001|C10-AA-005|C10-AA-004,6.0,2.0,0,0,0,m3star_graph_action_value_xgboost_v0.3,m3star_graph_action_reachability_xgboost_v0.1,m3star_graph_action_value_xgboost_v0.3,11.0,0,1,1,0,development,0,0,0,1.0,G3_campaign,1.0,3,1,G1_technique,3,0,0,3,1,1,0,,8,0,4.0,C10-AA-001,0.7222,0,3,project05-m3star-runtime-contract-v0.8,e1d6d08bf93f3ff400361ad947d95002dcf97cc68957c58c831e6a4fdb5c2953,0.8.0,4,1,G3_campaign,G3_campaign,m3star_graph_transition_xgboost_v0.1,1
C10-darpa-optc-sysclient0351-0925,discriminative,0.6,11,project05_m3star_h3_transition_only,1,5.0,3,C10-AA-003|C10-AA-004|C10-AA-002,5.0,1.0,0,0,0,none,none,none,11.0,0,1,1,0,development,0,0,0,1.0,G3_campaign,1.0,0,1,G1_technique,3,0,1,3,1,0,0,,8,1,4.0,C10-AA-001,0.9722,0,3,project05-m3star-runtime-contract-v0.8,e1d6d08bf93f3ff400361ad947d95002dcf97cc68957c58c831e6a4fdb5c2953,0.8.0,3,1,G3_campaign,G3_campaign,m3star_graph_transition_xgboost_v0.1,0
C10-darpa-optc-sysclient0351-0925,discriminative,0.6,11,project05_m3star_h1_dual,1,4.0,3,C10-AA-004|C10-AA-001|C10-AA-003,4.0,0.0,0,0,0,m3star_graph_action_value_xgboost_v0.3,m3star_graph_action_reachability_xgboost_v0.1,m3star_graph_action_value_xgboost_v0.3,11.0,0,1,1,0,development,0,0,0,1.0,G3_campaign,1.0,2,1,G1_technique,3,0,1,1,1,1,0,,8,1,4.0,C10-AA-001,0.1111,0,3,project05-m3star-runtime-contract-v0.8,e1d6d08bf93f3ff400361ad947d95002dcf97cc68957c58c831e6a4fdb5c2953,0.8.0,3,1,G3_campaign,G3_campaign,m3star_graph_transition_xgboost_v0.1,0
C10-darpa-optc-sysclient0351-0925,discriminative,0.6,11,project05_xgboost_policy,1,7.0,4,C10-AA-003|C10-AA-004|C10-AA-005|C10-AA-002,7.0,3.0,0,0,0,,,,11.0,0,1,1,,development,,0,0,1.0,G3_campaign,1.0,,1,G1_technique,3,0,,,,,,,,,4.0,C10-AA-001,1.4722,,3,,,,4,,G3_campaign,G3_campaign,,1
C10-darpa-optc-sysclient0351-0925,discriminative,0.6,11,project05_m3b_policy,1,4.0,3,C10-AA-003|C10-AA-004|C10-AA-001,4.0,0.0,0,0,0,,,,11.0,0,1,1,,development,,0,0,1.0,G3_campaign,1.0,,1,G1_technique,3,0,,,,,,,,,4.0,C10-AA-001,0.2222,,3,,,,3,,G3_campaign,G3_campaign,,0
C10-darpa-optc-sysclient0351-0925,discriminative,0.6,11,project05_m2,1,4.0,3,C10-AA-001|C10-AA-003|C10-AA-004,4.0,0.0,1,0,0,,,,11.0,0,1,1,,development,,0,0,1.0,G3_campaign,1.0,,1,G1_technique,3,0,,,,,,,,,4.0,C10-AA-001,0.2222,,3,,,,3,,G3_campaign,G3_campaign,,0
C10-darpa-optc-sysclient0351-0925,discriminative,0.6,11,oracle_optimal,1,4.0,3,C10-AA-001|C10-AA-003|C10-AA-004,4.0,0.0,1,0,0,,,,11.0,0,1,1,,development,,0,0,1.0,G3_campaign,1.0,,1,G1_technique,3,0,,,,,,,,,4.0,C10-AA-001,0.2222,,3,,,,3,,G3_campaign,G3_campaign,,0
C10-darpa-optc-sysclient0351-0925,discriminative,0.6,23,project05_m3star_h3_dual,1,5.0,3,C10-AA-003|C10-AA-004|C10-AA-002,5.0,0.0,0,0,0,m3star_graph_action_value_xgboost_v0.3,m3star_graph_action_reachability_xgboost_v0.1,m3star_graph_action_value_xgboost_v0.3,11.0,0,1,1,0,development,0,0,0,1.0,G3_campaign,1.0,3,1,G1_technique,3,0,1,3,1,1,1,,8,1,5.0,C10-AA-002,0.9722,1,3,project05-m3star-runtime-contract-v0.8,e1d6d08bf93f3ff400361ad947d95002dcf97cc68957c58c831e6a4fdb5c2953,0.8.0,3,1,G3_campaign,G3_campaign,m3star_graph_transition_xgboost_v0.1,0
C10-darpa-optc-sysclient0351-0925,discriminative,0.6,23,project05_m3star_h3_no_dominance_dual,1,5.0,3,C10-AA-003|C10-AA-004|C10-AA-002,5.0,0.0,0,0,0,m3star_graph_action_value_xgboost_v0.3,m3star_graph_action_reachability_xgboost_v0.1,m3star_graph_action_value_xgboost_v0.3,11.0,0,1,1,0,development,0,0,0,1.0,G3_campaign,1.0,3,1,G1_technique,3,0,1,3,0,1,0,,8,1,5.0,C10-AA-002,0.9722,0,3,project05-m3star-runtime-contract-v0.8,e1d6d08bf93f3ff400361ad947d95002dcf97cc68957c58c831e6a4fdb5c2953,0.8.0,3,0,G3_campaign,G3_campaign,m3star_graph_transition_xgboost_v0.1,0
C10-darpa-optc-sysclient0351-0925,discriminative,0.6,23,project05_m3star_h3_unshielded_dual,1,8.0,5,C10-AA-003|C10-AA-001|C10-AA-005|C10-AA-002|C10-AA-004,8.0,3.0,0,0,0,m3star_graph_action_value_xgboost_v0.3,m3star_graph_action_reachability_xgboost_v0.1,m3star_graph_action_value_xgboost_v0.3,11.0,0,1,1,0,development,0,0,0,1.0,G3_campaign,1.0,3,1,G1_technique,3,0,0,3,1,1,0,,8,0,5.0,C10-AA-002,1.4167,0,3,project05-m3star-runtime-contract-v0.8,e1d6d08bf93f3ff400361ad947d95002dcf97cc68957c58c831e6a4fdb5c2953,0.8.0,5,1,G3_campaign,G3_campaign,m3star_graph_transition_xgboost_v0.1,2
C10-darpa-optc-sysclient0351-0925,discriminative,0.6,23,project05_m3star_h3_transition_only,1,5.0,3,C10-AA-003|C10-AA-004|C10-AA-002,5.0,0.0,0,0,0,none,none,none,11.0,0,1,1,0,development,0,0,0,1.0,G3_campaign,1.0,0,1,G1_technique,3,0,1,3,1,0,0,,8,1,5.0,C10-AA-002,0.9722,0,3,project05-m3star-runtime-contract-v0.8,e1d6d08bf93f3ff400361ad947d95002dcf97cc68957c58c831e6a4fdb5c2953,0.8.0,3,1,G3_campaign,G3_campaign,m3star_graph_transition_xgboost_v0.1,0
C10-darpa-optc-sysclient0351-0925,discriminative,0.6,23,project05_m3star_h1_dual,1,6.0,4,C10-AA-004|C10-AA-001|C10-AA-002|C10-AA-003,6.0,1.0,0,0,0,m3star_graph_action_value_xgboost_v0.3,m3star_graph_action_reachability_xgboost_v0.1,m3star_graph_action_value_xgboost_v0.3,11.0,0,1,1,0,development,0,0,0,1.0,G3_campaign,1.0,2,1,G1_technique,3,0,1,1,1,1,0,,8,1,5.0,C10-AA-002,0.8611,0,3,project05-m3star-runtime-contract-v0.8,e1d6d08bf93f3ff400361ad947d95002dcf97cc68957c58c831e6a4fdb5c2953,0.8.0,4,1,G3_campaign,G3_campaign,m3star_graph_transition_xgboost_v0.1,1
C10-darpa-optc-sysclient0351-0925,discriminative,0.6,23,project05_xgboost_policy,1,7.0,4,C10-AA-003|C10-AA-004|C10-AA-005|C10-AA-002,7.0,2.0,0,0,0,,,,11.0,0,1,1,,development,,0,0,1.0,G3_campaign,1.0,,1,G1_technique,3,0,,,,,,,,,5.0,C10-AA-002,1.4722,,3,,,,4,,G3_campaign,G3_campaign,,1
C10-darpa-optc-sysclient0351-0925,discriminative,0.6,23,project05_m3b_policy,1,8.0,5,C10-AA-003|C10-AA-004|C10-AA-001|C10-AA-005|C10-AA-002,8.0,3.0,0,0,0,,,,11.0,0,1,1,,development,,0,0,1.0,G3_campaign,1.0,,1,G1_technique,3,0,,,,,,,,,5.0,C10-AA-002,1.4722,,3,,,,5,,G3_campaign,G3_campaign,,2
C10-darpa-optc-sysclient0351-0925,discriminative,0.6,23,project05_m2,1,6.0,4,C10-AA-001|C10-AA-003|C10-AA-002|C10-AA-004,6.0,1.0,0,0,0,,,,11.0,0,1,1,,development,,0,0,1.0,G3_campaign,1.0,,1,G1_technique,3,0,,,,,,,,,5.0,C10-AA-002,1.1944,,3,,,,4,,G3_campaign,G3_campaign,,1
C10-darpa-optc-sysclient0351-0925,discriminative,0.6,23,oracle_optimal,1,5.0,3,C10-AA-002|C10-AA-003|C10-AA-004,5.0,0.0,1,0,0,,,,11.0,0,1,1,,development,,0,0,1.0,G3_campaign,1.0,,1,G1_technique,3,0,,,,,,,,,5.0,C10-AA-002,0.85,,3,,,,3,,G3_campaign,G3_campaign,,0
C10-darpa-optc-sysclient0351-0925,discriminative,0.6,37,project05_m3star_h3_dual,1,5.0,3,C10-AA-003|C10-AA-004|C10-AA-002,5.0,1.0,0,0,0,m3star_graph_action_value_xgboost_v0.3,m3star_graph_action_reachability_xgboost_v0.1,m3star_graph_action_value_xgboost_v0.3,11.0,0,1,1,0,development,0,0,0,1.0,G3_campaign,1.0,3,1,G1_technique,3,0,1,3,1,1,1,,8,1,4.0,C10-AA-001,0.9722,1,3,project05-m3star-runtime-contract-v0.8,e1d6d08bf93f3ff400361ad947d95002dcf97cc68957c58c831e6a4fdb5c2953,0.8.0,3,1,G3_campaign,G3_campaign,m3star_graph_transition_xgboost_v0.1,0
C10-darpa-optc-sysclient0351-0925,discriminative,0.6,37,project05_m3star_h3_no_dominance_dual,1,5.0,3,C10-AA-003|C10-AA-004|C10-AA-002,5.0,1.0,0,0,0,m3star_graph_action_value_xgboost_v0.3,m3star_graph_action_reachability_xgboost_v0.1,m3star_graph_action_value_xgboost_v0.3,11.0,0,1,1,0,development,0,0,0,1.0,G3_campaign,1.0,3,1,G1_technique,3,0,1,3,0,1,0,,8,1,4.0,C10-AA-001,0.9722,0,3,project05-m3star-runtime-contract-v0.8,e1d6d08bf93f3ff400361ad947d95002dcf97cc68957c58c831e6a4fdb5c2953,0.8.0,3,0,G3_campaign,G3_campaign,m3star_graph_transition_xgboost_v0.1,0
C10-darpa-optc-sysclient0351-0925,discriminative,0.6,37,project05_m3star_h3_unshielded_dual,1,6.0,4,C10-AA-003|C10-AA-001|C10-AA-005|C10-AA-004,6.0,2.0,0,0,0,m3star_graph_action_value_xgboost_v0.3,m3star_graph_action_reachability_xgboost_v0.1,m3star_graph_action_value_xgboost_v0.3,11.0,0,1,1,0,development,0,0,0,1.0,G3_campaign,1.0,3,1,G1_technique,3,0,0,3,1,1,0,,8,0,4.0,C10-AA-001,0.7222,0,3,project05-m3star-runtime-contract-v0.8,e1d6d08bf93f3ff400361ad947d95002dcf97cc68957c58c831e6a4fdb5c2953,0.8.0,4,1,G3_campaign,G3_campaign,m3star_graph_transition_xgboost_v0.1,1
C10-darpa-optc-sysclient0351-0925,discriminative,0.6,37,project05_m3star_h3_transition_only,1,5.0,3,C10-AA-003|C10-AA-004|C10-AA-002,5.0,1.0,0,0,0,none,none,none,11.0,0,1,1,0,development,0,0,0,1.0,G3_campaign,1.0,0,1,G1_technique,3,0,1,3,1,0,0,,8,1,4.0,C10-AA-001,0.9722,0,3,project05-m3star-runtime-contract-v0.8,e1d6d08bf93f3ff400361ad947d95002dcf97cc68957c58c831e6a4fdb5c2953,0.8.0,3,1,G3_campaign,G3_campaign,m3star_graph_transition_xgboost_v0.1,0
C10-darpa-optc-sysclient0351-0925,discriminative,0.6,37,project05_m3star_h1_dual,1,4.0,3,C10-AA-004|C10-AA-001|C10-AA-003,4.0,0.0,0,0,0,m3star_graph_action_value_xgboost_v0.3,m3star_graph_action_reachability_xgboost_v0.1,m3star_graph_action_value_xgboost_v0.3,11.0,0,1,1,0,development,0,0,0,1.0,G3_campaign,1.0,2,1,G1_technique,3,0,1,1,1,1,0,,8,1,4.0,C10-AA-001,0.1111,0,3,project05-m3star-runtime-contract-v0.8,e1d6d08bf93f3ff400361ad947d95002dcf97cc68957c58c831e6a4fdb5c2953,0.8.0,3,1,G3_campaign,G3_campaign,m3star_graph_transition_xgboost_v0.1,0
C10-darpa-optc-sysclient0351-0925,discriminative,0.6,37,project05_xgboost_policy,1,7.0,4,C10-AA-003|C10-AA-004|C10-AA-005|C10-AA-002,7.0,3.0,0,0,0,,,,11.0,0,1,1,,development,,0,0,1.0,G3_campaign,1.0,,1,G1_technique,3,0,,,,,,,,,4.0,C10-AA-001,1.4722,,3,,,,4,,G3_campaign,G3_campaign,,1
C10-darpa-optc-sysclient0351-0925,discriminative,0.6,37,project05_m3b_policy,1,4.0,3,C10-AA-003|C10-AA-004|C10-AA-001,4.0,0.0,0,0,0,,,,11.0,0,1,1,,development,,0,0,1.0,G3_campaign,1.0,,1,G1_technique,3,0,,,,,,,,,4.0,C10-AA-001,0.2222,,3,,,,3,,G3_campaign,G3_campaign,,0
C10-darpa-optc-sysclient0351-0925,discriminative,0.6,37,project05_m2,1,4.0,3,C10-AA-001|C10-AA-003|C10-AA-004,4.0,0.0,1,0,0,,,,11.0,0,1,1,,development,,0,0,1.0,G3_campaign,1.0,,1,G1_technique,3,0,,,,,,,,,4.0,C10-AA-001,0.2222,,3,,,,3,,G3_campaign,G3_campaign,,0
C10-darpa-optc-sysclient0351-0925,discriminative,0.6,37,oracle_optimal,1,4.0,3,C10-AA-001|C10-AA-003|C10-AA-004,4.0,0.0,1,0,0,,,,11.0,0,1,1,,development,,0,0,1.0,G3_campaign,1.0,,1,G1_technique,3,0,,,,,,,,,4.0,C10-AA-001,0.2222,,3,,,,3,,G3_campaign,G3_campaign,,0
C10-darpa-optc-sysclient0351-0925,discriminative,0.6,41,project05_m3star_h3_dual,1,5.0,3,C10-AA-003|C10-AA-004|C10-AA-002,5.0,0.0,0,0,0,m3star_graph_action_value_xgboost_v0.3,m3star_graph_action_reachability_xgboost_v0.1,m3star_graph_action_value_xgboost_v0.3,11.0,0,1,1,0,development,0,0,0,1.0,G3_campaign,1.0,3,1,G1_technique,3,0,1,3,1,1,1,,8,1,5.0,C10-AA-002,0.9722,1,3,project05-m3star-runtime-contract-v0.8,e1d6d08bf93f3ff400361ad947d95002dcf97cc68957c58c831e6a4fdb5c2953,0.8.0,3,1,G3_campaign,G3_campaign,m3star_graph_transition_xgboost_v0.1,0
C10-darpa-optc-sysclient0351-0925,discriminative,0.6,41,project05_m3star_h3_no_dominance_dual,1,5.0,3,C10-AA-003|C10-AA-004|C10-AA-002,5.0,0.0,0,0,0,m3star_graph_action_value_xgboost_v0.3,m3star_graph_action_reachability_xgboost_v0.1,m3star_graph_action_value_xgboost_v0.3,11.0,0,1,1,0,development,0,0,0,1.0,G3_campaign,1.0,3,1,G1_technique,3,0,1,3,0,1,0,,8,1,5.0,C10-AA-002,0.9722,0,3,project05-m3star-runtime-contract-v0.8,e1d6d08bf93f3ff400361ad947d95002dcf97cc68957c58c831e6a4fdb5c2953,0.8.0,3,0,G3_campaign,G3_campaign,m3star_graph_transition_xgboost_v0.1,0
C10-darpa-optc-sysclient0351-0925,discriminative,0.6,41,project05_m3star_h3_unshielded_dual,1,8.0,5,C10-AA-003|C10-AA-001|C10-AA-005|C10-AA-002|C10-AA-004,8.0,3.0,0,0,0,m3star_graph_action_value_xgboost_v0.3,m3star_graph_action_reachability_xgboost_v0.1,m3star_graph_action_value_xgboost_v0.3,11.0,0,1,1,0,development,0,0,0,1.0,G3_campaign,1.0,3,1,G1_technique,3,0,0,3,1,1,0,,8,0,5.0,C10-AA-002,1.4167,0,3,project05-m3star-runtime-contract-v0.8,e1d6d08bf93f3ff400361ad947d95002dcf97cc68957c58c831e6a4fdb5c2953,0.8.0,5,1,G3_campaign,G3_campaign,m3star_graph_transition_xgboost_v0.1,2
C10-darpa-optc-sysclient0351-0925,discriminative,0.6,41,project05_m3star_h3_transition_only,1,5.0,3,C10-AA-003|C10-AA-004|C10-AA-002,5.0,0.0,0,0,0,none,none,none,11.0,0,1,1,0,development,0,0,0,1.0,G3_campaign,1.0,0,1,G1_technique,3,0,1,3,1,0,0,,8,1,5.0,C10-AA-002,0.9722,0,3,project05-m3star-runtime-contract-v0.8,e1d6d08bf93f3ff400361ad947d95002dcf97cc68957c58c831e6a4fdb5c2953,0.8.0,3,1,G3_campaign,G3_campaign,m3star_graph_transition_xgboost_v0.1,0
C10-darpa-optc-sysclient0351-0925,discriminative,0.6,41,project05_m3star_h1_dual,1,6.0,4,C10-AA-004|C10-AA-001|C10-AA-002|C10-AA-003,6.0,1.0,0,0,0,m3star_graph_action_value_xgboost_v0.3,m3star_graph_action_reachability_xgboost_v0.1,m3star_graph_action_value_xgboost_v0.3,11.0,0,1,1,0,development,0,0,0,1.0,G3_campaign,1.0,2,1,G1_technique,3,0,1,1,1,1,0,,8,1,5.0,C10-AA-002,0.8611,0,3,project05-m3star-runtime-contract-v0.8,e1d6d08bf93f3ff400361ad947d95002dcf97cc68957c58c831e6a4fdb5c2953,0.8.0,4,1,G3_campaign,G3_campaign,m3star_graph_transition_xgboost_v0.1,1
C10-darpa-optc-sysclient0351-0925,discriminative,0.6,41,project05_xgboost_policy,1,7.0,4,C10-AA-003|C10-AA-004|C10-AA-005|C10-AA-002,7.0,2.0,0,0,0,,,,11.0,0,1,1,,development,,0,0,1.0,G3_campaign,1.0,,1,G1_technique,3,0,,,,,,,,,5.0,C10-AA-002,1.4722,,3,,,,4,,G3_campaign,G3_campaign,,1
C10-darpa-optc-sysclient0351-0925,discriminative,0.6,41,project05_m3b_policy,1,8.0,5,C10-AA-003|C10-AA-004|C10-AA-001|C10-AA-005|C10-AA-002,8.0,3.0,0,0,0,,,,11.0,0,1,1,,development,,0,0,1.0,G3_campaign,1.0,,1,G1_technique,3,0,,,,,,,,,5.0,C10-AA-002,1.4722,,3,,,,5,,G3_campaign,G3_campaign,,2
C10-darpa-optc-sysclient0351-0925,discriminative,0.6,41,project05_m2,1,6.0,4,C10-AA-001|C10-AA-003|C10-AA-002|C10-AA-004,6.0,1.0,0,0,0,,,,11.0,0,1,1,,development,,0,0,1.0,G3_campaign,1.0,,1,G1_technique,3,0,,,,,,,,,5.0,C10-AA-002,1.1944,,3,,,,4,,G3_campaign,G3_campaign,,1
C10-darpa-optc-sysclient0351-0925,discriminative,0.6,41,oracle_optimal,1,5.0,3,C10-AA-002|C10-AA-003|C10-AA-004,5.0,0.0,1,0,0,,,,11.0,0,1,1,,development,,0,0,1.0,G3_campaign,1.0,,1,G1_technique,3,0,,,,,,,,,5.0,C10-AA-002,0.85,,3,,,,3,,G3_campaign,G3_campaign,,0
C10-darpa-optc-sysclient0351-0925,discriminative,0.6,53,project05_m3star_h3_dual,1,5.0,3,C10-AA-003|C10-AA-004|C10-AA-002,5.0,0.0,0,0,0,m3star_graph_action_value_xgboost_v0.3,m3star_graph_action_reachability_xgboost_v0.1,m3star_graph_action_value_xgboost_v0.3,11.0,0,1,1,0,development,0,0,0,1.0,G3_campaign,1.0,3,1,G1_technique,3,0,1,3,1,1,1,,8,1,5.0,C10-AA-002,0.9722,1,3,project05-m3star-runtime-contract-v0.8,e1d6d08bf93f3ff400361ad947d95002dcf97cc68957c58c831e6a4fdb5c2953,0.8.0,3,1,G3_campaign,G3_campaign,m3star_graph_transition_xgboost_v0.1,0
C10-darpa-optc-sysclient0351-0925,discriminative,0.6,53,project05_m3star_h3_no_dominance_dual,1,5.0,3,C10-AA-003|C10-AA-004|C10-AA-002,5.0,0.0,0,0,0,m3star_graph_action_value_xgboost_v0.3,m3star_graph_action_reachability_xgboost_v0.1,m3star_graph_action_value_xgboost_v0.3,11.0,0,1,1,0,development,0,0,0,1.0,G3_campaign,1.0,3,1,G1_technique,3,0,1,3,0,1,0,,8,1,5.0,C10-AA-002,0.9722,0,3,project05-m3star-runtime-contract-v0.8,e1d6d08bf93f3ff400361ad947d95002dcf97cc68957c58c831e6a4fdb5c2953,0.8.0,3,0,G3_campaign,G3_campaign,m3star_graph_transition_xgboost_v0.1,0
C10-darpa-optc-sysclient0351-0925,discriminative,0.6,53,project05_m3star_h3_unshielded_dual,1,8.0,5,C10-AA-003|C10-AA-001|C10-AA-005|C10-AA-002|C10-AA-004,8.0,3.0,0,0,0,m3star_graph_action_value_xgboost_v0.3,m3star_graph_action_reachability_xgboost_v0.1,m3star_graph_action_value_xgboost_v0.3,11.0,0,1,1,0,development,0,0,0,1.0,G3_campaign,1.0,3,1,G1_technique,3,0,0,3,1,1,0,,8,0,5.0,C10-AA-002,1.4167,0,3,project05-m3star-runtime-contract-v0.8,e1d6d08bf93f3ff400361ad947d95002dcf97cc68957c58c831e6a4fdb5c2953,0.8.0,5,1,G3_campaign,G3_campaign,m3star_graph_transition_xgboost_v0.1,2
C10-darpa-optc-sysclient0351-0925,discriminative,0.6,53,project05_m3star_h3_transition_only,1,5.0,3,C10-AA-003|C10-AA-004|C10-AA-002,5.0,0.0,0,0,0,none,none,none,11.0,0,1,1,0,development,0,0,0,1.0,G3_campaign,1.0,0,1,G1_technique,3,0,1,3,1,0,0,,8,1,5.0,C10-AA-002,0.9722,0,3,project05-m3star-runtime-contract-v0.8,e1d6d08bf93f3ff400361ad947d95002dcf97cc68957c58c831e6a4fdb5c2953,0.8.0,3,1,G3_campaign,G3_campaign,m3star_graph_transition_xgboost_v0.1,0
C10-darpa-optc-sysclient0351-0925,discriminative,0.6,53,project05_m3star_h1_dual,1,6.0,4,C10-AA-004|C10-AA-001|C10-AA-002|C10-AA-003,6.0,1.0,0,0,0,m3star_graph_action_value_xgboost_v0.3,m3star_graph_action_reachability_xgboost_v0.1,m3star_graph_action_value_xgboost_v0.3,11.0,0,1,1,0,development,0,0,0,1.0,G3_campaign,1.0,2,1,G1_technique,3,0,1,1,1,1,0,,8,1,5.0,C10-AA-002,0.8611,0,3,project05-m3star-runtime-contract-v0.8,e1d6d08bf93f3ff400361ad947d95002dcf97cc68957c58c831e6a4fdb5c2953,0.8.0,4,1,G3_campaign,G3_campaign,m3star_graph_transition_xgboost_v0.1,1
C10-darpa-optc-sysclient0351-0925,discriminative,0.6,53,project05_xgboost_policy,1,7.0,4,C10-AA-003|C10-AA-004|C10-AA-005|C10-AA-002,7.0,2.0,0,0,0,,,,11.0,0,1,1,,development,,0,0,1.0,G3_campaign,1.0,,1,G1_technique,3,0,,,,,,,,,5.0,C10-AA-002,1.4722,,3,,,,4,,G3_campaign,G3_campaign,,1
C10-darpa-optc-sysclient0351-0925,discriminative,0.6,53,project05_m3b_policy,1,8.0,5,C10-AA-003|C10-AA-004|C10-AA-001|C10-AA-005|C10-AA-002,8.0,3.0,0,0,0,,,,11.0,0,1,1,,development,,0,0,1.0,G3_campaign,1.0,,1,G1_technique,3,0,,,,,,,,,5.0,C10-AA-002,1.4722,,3,,,,5,,G3_campaign,G3_campaign,,2
C10-darpa-optc-sysclient0351-0925,discriminative,0.6,53,project05_m2,1,6.0,4,C10-AA-001|C10-AA-003|C10-AA-002|C10-AA-004,6.0,1.0,0,0,0,,,,11.0,0,1,1,,development,,0,0,1.0,G3_campaign,1.0,,1,G1_technique,3,0,,,,,,,,,5.0,C10-AA-002,1.1944,,3,,,,4,,G3_campaign,G3_campaign,,1
C10-darpa-optc-sysclient0351-0925,discriminative,0.6,53,oracle_optimal,1,5.0,3,C10-AA-002|C10-AA-003|C10-AA-004,5.0,0.0,1,0,0,,,,11.0,0,1,1,,development,,0,0,1.0,G3_campaign,1.0,,1,G1_technique,3,0,,,,,,,,,5.0,C10-AA-002,0.85,,3,,,,3,,G3_campaign,G3_campaign,,0
C11-otrf-apt29-day1-scranton-nashua,random,0.2,11,project05_m3star_h3_dual,1,0.0,0,,0.0,0.0,0,0,0,m3star_graph_action_value_xgboost_v0.3,m3star_graph_action_reachability_xgboost_v0.1,m3star_graph_action_value_xgboost_v0.3,10.0,0,1,1,0,development,0,0,2,0.5,G2_tactic_intent,0.6,0,0,G2_tactic_intent,2,0,1,3,1,1,1,,8,1,0.0,,0.0,1,0,project05-m3star-runtime-contract-v0.8,e1d6d08bf93f3ff400361ad947d95002dcf97cc68957c58c831e6a4fdb5c2953,0.8.0,0,1,G2_tactic_intent,G2_tactic_intent,m3star_graph_transition_xgboost_v0.1,0
C11-otrf-apt29-day1-scranton-nashua,random,0.2,11,project05_m3star_h3_no_dominance_dual,1,0.0,0,,0.0,0.0,0,0,0,m3star_graph_action_value_xgboost_v0.3,m3star_graph_action_reachability_xgboost_v0.1,m3star_graph_action_value_xgboost_v0.3,10.0,0,1,1,0,development,0,0,2,0.5,G2_tactic_intent,0.6,0,0,G2_tactic_intent,2,0,1,3,0,1,0,,8,1,0.0,,0.0,0,0,project05-m3star-runtime-contract-v0.8,e1d6d08bf93f3ff400361ad947d95002dcf97cc68957c58c831e6a4fdb5c2953,0.8.0,0,0,G2_tactic_intent,G2_tactic_intent,m3star_graph_transition_xgboost_v0.1,0
C11-otrf-apt29-day1-scranton-nashua,random,0.2,11,project05_m3star_h3_unshielded_dual,1,0.0,0,,0.0,0.0,0,0,0,m3star_graph_action_value_xgboost_v0.3,m3star_graph_action_reachability_xgboost_v0.1,m3star_graph_action_value_xgboost_v0.3,10.0,0,1,1,0,development,0,0,2,0.5,G2_tactic_intent,0.6,0,0,G2_tactic_intent,2,0,0,3,1,1,0,,8,0,0.0,,0.0,0,0,project05-m3star-runtime-contract-v0.8,e1d6d08bf93f3ff400361ad947d95002dcf97cc68957c58c831e6a4fdb5c2953,0.8.0,0,1,G2_tactic_intent,G2_tactic_intent,m3star_graph_transition_xgboost_v0.1,0
C11-otrf-apt29-day1-scranton-nashua,random,0.2,11,project05_m3star_h3_transition_only,1,0.0,0,,0.0,0.0,0,0,0,none,none,none,10.0,0,1,1,0,development,0,0,2,0.5,G2_tactic_intent,0.6,0,0,G2_tactic_intent,2,0,1,3,1,0,0,,8,1,0.0,,0.0,0,0,project05-m3star-runtime-contract-v0.8,e1d6d08bf93f3ff400361ad947d95002dcf97cc68957c58c831e6a4fdb5c2953,0.8.0,0,1,G2_tactic_intent,G2_tactic_intent,m3star_graph_transition_xgboost_v0.1,0
C11-otrf-apt29-day1-scranton-nashua,random,0.2,11,project05_m3star_h1_dual,1,0.0,0,,0.0,0.0,0,0,0,m3star_graph_action_value_xgboost_v0.3,m3star_graph_action_reachability_xgboost_v0.1,m3star_graph_action_value_xgboost_v0.3,10.0,0,1,1,0,development,0,0,2,0.5,G2_tactic_intent,0.6,0,0,G2_tactic_intent,2,0,1,1,1,1,0,,8,1,0.0,,0.0,0,0,project05-m3star-runtime-contract-v0.8,e1d6d08bf93f3ff400361ad947d95002dcf97cc68957c58c831e6a4fdb5c2953,0.8.0,0,1,G2_tactic_intent,G2_tactic_intent,m3star_graph_transition_xgboost_v0.1,0
C11-otrf-apt29-day1-scranton-nashua,random,0.2,11,project05_xgboost_policy,1,0.0,0,,0.0,0.0,0,0,0,,,,10.0,0,1,1,,development,,0,2,0.5,G2_tactic_intent,0.6,,0,G2_tactic_intent,2,0,,,,,,,,,0.0,,0.0,,0,,,,0,,G2_tactic_intent,G2_tactic_intent,,0
C11-otrf-apt29-day1-scranton-nashua,random,0.2,11,project05_m3b_policy,1,0.0,0,,0.0,0.0,0,0,0,,,,10.0,0,1,1,,development,,0,2,0.5,G2_tactic_intent,0.6,,0,G2_tactic_intent,2,0,,,,,,,,,0.0,,0.0,,0,,,,0,,G2_tactic_intent,G2_tactic_intent,,0
C11-otrf-apt29-day1-scranton-nashua,random,0.2,11,project05_m2,1,0.0,0,,0.0,0.0,0,0,0,,,,10.0,0,1,1,,development,,0,2,0.5,G2_tactic_intent,0.6,,0,G2_tactic_intent,2,0,,,,,,,,,0.0,,0.0,,0,,,,0,,G2_tactic_intent,G2_tactic_intent,,0
C11-otrf-apt29-day1-scranton-nashua,random,0.2,11,oracle_optimal,1,0.0,0,,0.0,0.0,0,0,0,,,,10.0,0,1,1,,development,,0,2,0.5,G2_tactic_intent,0.6,,0,G2_tactic_intent,2,0,,,,,,,,,0.0,,0.0,,0,,,,0,,G2_tactic_intent,G2_tactic_intent,,0
C11-otrf-apt29-day1-scranton-nashua,random,0.2,23,project05_m3star_h3_dual,1,1.0,1,C11-AA-001,1.0,0.0,1,0,0,m3star_graph_action_value_xgboost_v0.3,m3star_graph_action_reachability_xgboost_v0.1,m3star_graph_action_value_xgboost_v0.3,10.0,0,1,1,0,development,0,0,2,0.5,G2_tactic_intent,0.6,3,1,G1_technique,2,0,1,3,1,1,1,,8,1,1.0,C11-AA-001,0.0,1,1,project05-m3star-runtime-contract-v0.8,e1d6d08bf93f3ff400361ad947d95002dcf97cc68957c58c831e6a4fdb5c2953,0.8.0,1,1,G2_tactic_intent,G2_tactic_intent,m3star_graph_transition_xgboost_v0.1,0
C11-otrf-apt29-day1-scranton-nashua,random,0.2,23,project05_m3star_h3_no_dominance_dual,1,1.0,1,C11-AA-001,1.0,0.0,1,0,0,m3star_graph_action_value_xgboost_v0.3,m3star_graph_action_reachability_xgboost_v0.1,m3star_graph_action_value_xgboost_v0.3,10.0,0,1,1,0,development,0,0,2,0.5,G2_tactic_intent,0.6,3,1,G1_technique,2,0,1,3,0,1,0,,8,1,1.0,C11-AA-001,0.0,0,1,project05-m3star-runtime-contract-v0.8,e1d6d08bf93f3ff400361ad947d95002dcf97cc68957c58c831e6a4fdb5c2953,0.8.0,1,0,G2_tactic_intent,G2_tactic_intent,m3star_graph_transition_xgboost_v0.1,0
C11-otrf-apt29-day1-scranton-nashua,random,0.2,23,project05_m3star_h3_unshielded_dual,1,1.0,1,C11-AA-001,1.0,0.0,1,0,0,m3star_graph_action_value_xgboost_v0.3,m3star_graph_action_reachability_xgboost_v0.1,m3star_graph_action_value_xgboost_v0.3,10.0,0,1,1,0,development,0,0,2,0.5,G2_tactic_intent,0.6,3,1,G1_technique,2,0,0,3,1,1,0,,8,0,1.0,C11-AA-001,0.0,0,1,project05-m3star-runtime-contract-v0.8,e1d6d08bf93f3ff400361ad947d95002dcf97cc68957c58c831e6a4fdb5c2953,0.8.0,1,1,G2_tactic_intent,G2_tactic_intent,m3star_graph_transition_xgboost_v0.1,0
C11-otrf-apt29-day1-scranton-nashua,random,0.2,23,project05_m3star_h3_transition_only,1,1.0,1,C11-AA-001,1.0,0.0,1,0,0,none,none,none,10.0,0,1,1,0,development,0,0,2,0.5,G2_tactic_intent,0.6,0,1,G1_technique,2,0,1,3,1,0,0,,8,1,1.0,C11-AA-001,0.0,0,1,project05-m3star-runtime-contract-v0.8,e1d6d08bf93f3ff400361ad947d95002dcf97cc68957c58c831e6a4fdb5c2953,0.8.0,1,1,G2_tactic_intent,G2_tactic_intent,m3star_graph_transition_xgboost_v0.1,0
C11-otrf-apt29-day1-scranton-nashua,random,0.2,23,project05_m3star_h1_dual,1,1.0,1,C11-AA-001,1.0,0.0,1,0,0,m3star_graph_action_value_xgboost_v0.3,m3star_graph_action_reachability_xgboost_v0.1,m3star_graph_action_value_xgboost_v0.3,10.0,0,1,1,0,development,0,0,2,0.5,G2_tactic_intent,0.6,3,1,G1_technique,2,0,1,1,1,1,0,,8,1,1.0,C11-AA-001,0.0,0,1,project05-m3star-runtime-contract-v0.8,e1d6d08bf93f3ff400361ad947d95002dcf97cc68957c58c831e6a4fdb5c2953,0.8.0,1,1,G2_tactic_intent,G2_tactic_intent,m3star_graph_transition_xgboost_v0.1,0
C11-otrf-apt29-day1-scranton-nashua,random,0.2,23,project05_xgboost_policy,1,1.0,1,C11-AA-001,1.0,0.0,1,0,0,,,,10.0,0,1,1,,development,,0,2,0.5,G2_tactic_intent,0.6,,1,G1_technique,2,0,,,,,,,,,1.0,C11-AA-001,0.0,,1,,,,1,,G2_tactic_intent,G2_tactic_intent,,0
C11-otrf-apt29-day1-scranton-nashua,random,0.2,23,project05_m3b_policy,1,1.0,1,C11-AA-004,1.0,0.0,0,0,0,,,,10.0,0,1,1,,development,,0,2,0.25,G2_tactic_intent,0.6,,1,G1_technique,2,0,,,,,,,,,1.0,C11-AA-001,0.0,,1,,,,1,,G2_tactic_intent,G2_tactic_intent,,0
C11-otrf-apt29-day1-scranton-nashua,random,0.2,23,project05_m2,1,1.0,1,C11-AA-004,1.0,0.0,0,0,0,,,,10.0,0,1,1,,development,,0,2,0.25,G2_tactic_intent,0.6,,1,G1_technique,2,0,,,,,,,,,1.0,C11-AA-001,0.0,,1,,,,1,,G2_tactic_intent,G2_tactic_intent,,0
C11-otrf-apt29-day1-scranton-nashua,random,0.2,23,oracle_optimal,1,1.0,1,C11-AA-001,1.0,0.0,1,0,0,,,,10.0,0,1,1,,development,,0,2,0.5,G2_tactic_intent,0.6,,1,G1_technique,2,0,,,,,,,,,1.0,C11-AA-001,0.0,,1,,,,1,,G2_tactic_intent,G2_tactic_intent,,0
C11-otrf-apt29-day1-scranton-nashua,random,0.2,37,project05_m3star_h3_dual,1,1.0,1,C11-AA-001,1.0,0.0,1,0,0,m3star_graph_action_value_xgboost_v0.3,m3star_graph_action_reachability_xgboost_v0.1,m3star_graph_action_value_xgboost_v0.3,10.0,0,1,1,0,development,0,0,2,0.5,G2_tactic_intent,0.6,2,1,G1_technique,2,0,1,3,1,1,1,,8,1,1.0,C11-AA-001,0.0,1,1,project05-m3star-runtime-contract-v0.8,e1d6d08bf93f3ff400361ad947d95002dcf97cc68957c58c831e6a4fdb5c2953,0.8.0,1,1,G2_tactic_intent,G2_tactic_intent,m3star_graph_transition_xgboost_v0.1,0
C11-otrf-apt29-day1-scranton-nashua,random,0.2,37,project05_m3star_h3_no_dominance_dual,1,1.0,1,C11-AA-001,1.0,0.0,1,0,0,m3star_graph_action_value_xgboost_v0.3,m3star_graph_action_reachability_xgboost_v0.1,m3star_graph_action_value_xgboost_v0.3,10.0,0,1,1,0,development,0,0,2,0.5,G2_tactic_intent,0.6,2,1,G1_technique,2,0,1,3,0,1,0,,8,1,1.0,C11-AA-001,0.0,0,1,project05-m3star-runtime-contract-v0.8,e1d6d08bf93f3ff400361ad947d95002dcf97cc68957c58c831e6a4fdb5c2953,0.8.0,1,0,G2_tactic_intent,G2_tactic_intent,m3star_graph_transition_xgboost_v0.1,0
C11-otrf-apt29-day1-scranton-nashua,random,0.2,37,project05_m3star_h3_unshielded_dual,1,1.0,1,C11-AA-001,1.0,0.0,1,0,0,m3star_graph_action_value_xgboost_v0.3,m3star_graph_action_reachability_xgboost_v0.1,m3star_graph_action_value_xgboost_v0.3,10.0,0,1,1,0,development,0,0,2,0.5,G2_tactic_intent,0.6,2,1,G1_technique,2,0,0,3,1,1,0,,8,0,1.0,C11-AA-001,0.0,0,1,project05-m3star-runtime-contract-v0.8,e1d6d08bf93f3ff400361ad947d95002dcf97cc68957c58c831e6a4fdb5c2953,0.8.0,1,1,G2_tactic_intent,G2_tactic_intent,m3star_graph_transition_xgboost_v0.1,0
C11-otrf-apt29-day1-scranton-nashua,random,0.2,37,project05_m3star_h3_transition_only,1,1.0,1,C11-AA-001,1.0,0.0,1,0,0,none,none,none,10.0,0,1,1,0,development,0,0,2,0.5,G2_tactic_intent,0.6,0,1,G1_technique,2,0,1,3,1,0,0,,8,1,1.0,C11-AA-001,0.0,0,1,project05-m3star-runtime-contract-v0.8,e1d6d08bf93f3ff400361ad947d95002dcf97cc68957c58c831e6a4fdb5c2953,0.8.0,1,1,G2_tactic_intent,G2_tactic_intent,m3star_graph_transition_xgboost_v0.1,0
C11-otrf-apt29-day1-scranton-nashua,random,0.2,37,project05_m3star_h1_dual,1,1.0,1,C11-AA-001,1.0,0.0,1,0,0,m3star_graph_action_value_xgboost_v0.3,m3star_graph_action_reachability_xgboost_v0.1,m3star_graph_action_value_xgboost_v0.3,10.0,0,1,1,0,development,0,0,2,0.5,G2_tactic_intent,0.6,2,1,G1_technique,2,0,1,1,1,1,0,,8,1,1.0,C11-AA-001,0.0,0,1,project05-m3star-runtime-contract-v0.8,e1d6d08bf93f3ff400361ad947d95002dcf97cc68957c58c831e6a4fdb5c2953,0.8.0,1,1,G2_tactic_intent,G2_tactic_intent,m3star_graph_transition_xgboost_v0.1,0
C11-otrf-apt29-day1-scranton-nashua,random,0.2,37,project05_xgboost_policy,1,1.0,1,C11-AA-001,1.0,0.0,1,0,0,,,,10.0,0,1,1,,development,,0,2,0.5,G2_tactic_intent,0.6,,1,G1_technique,2,0,,,,,,,,,1.0,C11-AA-001,0.0,,1,,,,1,,G2_tactic_intent,G2_tactic_intent,,0
C11-otrf-apt29-day1-scranton-nashua,random,0.2,37,project05_m3b_policy,1,1.0,1,C11-AA-001,1.0,0.0,1,0,0,,,,10.0,0,1,1,,development,,0,2,0.5,G2_tactic_intent,0.6,,1,G1_technique,2,0,,,,,,,,,1.0,C11-AA-001,0.0,,1,,,,1,,G2_tactic_intent,G2_tactic_intent,,0
C11-otrf-apt29-day1-scranton-nashua,random,0.2,37,project05_m2,1,1.0,1,C11-AA-001,1.0,0.0,1,0,0,,,,10.0,0,1,1,,development,,0,2,0.5,G2_tactic_intent,0.6,,1,G1_technique,2,0,,,,,,,,,1.0,C11-AA-001,0.0,,1,,,,1,,G2_tactic_intent,G2_tactic_intent,,0
C11-otrf-apt29-day1-scranton-nashua,random,0.2,37,oracle_optimal,1,1.0,1,C11-AA-001,1.0,0.0,1,0,0,,,,10.0,0,1,1,,development,,0,2,0.5,G2_tactic_intent,0.6,,1,G1_technique,2,0,,,,,,,,,1.0,C11-AA-001,0.0,,1,,,,1,,G2_tactic_intent,G2_tactic_intent,,0
C11-otrf-apt29-day1-scranton-nashua,random,0.2,41,project05_m3star_h3_dual,1,1.0,1,C11-AA-001,1.0,0.0,1,0,0,m3star_graph_action_value_xgboost_v0.3,m3star_graph_action_reachability_xgboost_v0.1,m3star_graph_action_value_xgboost_v0.3,10.0,0,1,1,0,development,0,0,2,0.5,G2_tactic_intent,0.6,3,1,G1_technique,2,0,1,3,1,1,1,,8,1,1.0,C11-AA-001,0.0,1,1,project05-m3star-runtime-contract-v0.8,e1d6d08bf93f3ff400361ad947d95002dcf97cc68957c58c831e6a4fdb5c2953,0.8.0,1,1,G2_tactic_intent,G2_tactic_intent,m3star_graph_transition_xgboost_v0.1,0
C11-otrf-apt29-day1-scranton-nashua,random,0.2,41,project05_m3star_h3_no_dominance_dual,1,1.0,1,C11-AA-001,1.0,0.0,1,0,0,m3star_graph_action_value_xgboost_v0.3,m3star_graph_action_reachability_xgboost_v0.1,m3star_graph_action_value_xgboost_v0.3,10.0,0,1,1,0,development,0,0,2,0.5,G2_tactic_intent,0.6,3,1,G1_technique,2,0,1,3,0,1,0,,8,1,1.0,C11-AA-001,0.0,0,1,project05-m3star-runtime-contract-v0.8,e1d6d08bf93f3ff400361ad947d95002dcf97cc68957c58c831e6a4fdb5c2953,0.8.0,1,0,G2_tactic_intent,G2_tactic_intent,m3star_graph_transition_xgboost_v0.1,0
C11-otrf-apt29-day1-scranton-nashua,random,0.2,41,project05_m3star_h3_unshielded_dual,1,1.0,1,C11-AA-001,1.0,0.0,1,0,0,m3star_graph_action_value_xgboost_v0.3,m3star_graph_action_reachability_xgboost_v0.1,m3star_graph_action_value_xgboost_v0.3,10.0,0,1,1,0,development,0,0,2,0.5,G2_tactic_intent,0.6,3,1,G1_technique,2,0,0,3,1,1,0,,8,0,1.0,C11-AA-001,0.0,0,1,project05-m3star-runtime-contract-v0.8,e1d6d08bf93f3ff400361ad947d95002dcf97cc68957c58c831e6a4fdb5c2953,0.8.0,1,1,G2_tactic_intent,G2_tactic_intent,m3star_graph_transition_xgboost_v0.1,0
C11-otrf-apt29-day1-scranton-nashua,random,0.2,41,project05_m3star_h3_transition_only,1,1.0,1,C11-AA-001,1.0,0.0,1,0,0,none,none,none,10.0,0,1,1,0,development,0,0,2,0.5,G2_tactic_intent,0.6,0,1,G1_technique,2,0,1,3,1,0,0,,8,1,1.0,C11-AA-001,0.0,0,1,project05-m3star-runtime-contract-v0.8,e1d6d08bf93f3ff400361ad947d95002dcf97cc68957c58c831e6a4fdb5c2953,0.8.0,1,1,G2_tactic_intent,G2_tactic_intent,m3star_graph_transition_xgboost_v0.1,0
C11-otrf-apt29-day1-scranton-nashua,random,0.2,41,project05_m3star_h1_dual,1,1.0,1,C11-AA-001,1.0,0.0,1,0,0,m3star_graph_action_value_xgboost_v0.3,m3star_graph_action_reachability_xgboost_v0.1,m3star_graph_action_value_xgboost_v0.3,10.0,0,1,1,0,development,0,0,2,0.5,G2_tactic_intent,0.6,3,1,G1_technique,2,0,1,1,1,1,0,,8,1,1.0,C11-AA-001,0.0,0,1,project05-m3star-runtime-contract-v0.8,e1d6d08bf93f3ff400361ad947d95002dcf97cc68957c58c831e6a4fdb5c2953,0.8.0,1,1,G2_tactic_intent,G2_tactic_intent,m3star_graph_transition_xgboost_v0.1,0
C11-otrf-apt29-day1-scranton-nashua,random,0.2,41,project05_xgboost_policy,1,1.0,1,C11-AA-001,1.0,0.0,1,0,0,,,,10.0,0,1,1,,development,,0,2,0.5,G2_tactic_intent,0.6,,1,G1_technique,2,0,,,,,,,,,1.0,C11-AA-001,0.0,,1,,,,1,,G2_tactic_intent,G2_tactic_intent,,0
C11-otrf-apt29-day1-scranton-nashua,random,0.2,41,project05_m3b_policy,1,1.0,1,C11-AA-001,1.0,0.0,1,0,0,,,,10.0,0,1,1,,development,,0,2,0.5,G2_tactic_intent,0.6,,1,G1_technique,2,0,,,,,,,,,1.0,C11-AA-001,0.0,,1,,,,1,,G2_tactic_intent,G2_tactic_intent,,0
C11-otrf-apt29-day1-scranton-nashua,random,0.2,41,project05_m2,1,3.0,2,C11-AA-003|C11-AA-001,3.0,2.0,0,0,0,,,,10.0,0,1,1,,development,,0,2,0.5,G2_tactic_intent,0.6,,1,G1_technique,2,0,,,,,,,,,1.0,C11-AA-001,0.3636,,1,,,,2,,G2_tactic_intent,G2_tactic_intent,,1
C11-otrf-apt29-day1-scranton-nashua,random,0.2,41,oracle_optimal,1,1.0,1,C11-AA-001,1.0,0.0,1,0,0,,,,10.0,0,1,1,,development,,0,2,0.5,G2_tactic_intent,0.6,,1,G1_technique,2,0,,,,,,,,,1.0,C11-AA-001,0.0,,1,,,,1,,G2_tactic_intent,G2_tactic_intent,,0
C11-otrf-apt29-day1-scranton-nashua,random,0.2,53,project05_m3star_h3_dual,1,3.0,2,C11-AA-001|C11-AA-003,3.0,1.0,0,0,0,m3star_graph_action_value_xgboost_v0.3,m3star_graph_action_reachability_xgboost_v0.1,m3star_graph_action_value_xgboost_v0.3,10.0,0,1,1,0,development,0,0,2,0.5,G2_tactic_intent,0.6,3,1,G1_technique,2,0,1,3,1,1,1,,8,1,2.0,C11-AA-003,0.7273,1,1,project05-m3star-runtime-contract-v0.8,e1d6d08bf93f3ff400361ad947d95002dcf97cc68957c58c831e6a4fdb5c2953,0.8.0,2,1,G2_tactic_intent,G2_tactic_intent,m3star_graph_transition_xgboost_v0.1,1
C11-otrf-apt29-day1-scranton-nashua,random,0.2,53,project05_m3star_h3_no_dominance_dual,1,3.0,2,C11-AA-001|C11-AA-003,3.0,1.0,0,0,0,m3star_graph_action_value_xgboost_v0.3,m3star_graph_action_reachability_xgboost_v0.1,m3star_graph_action_value_xgboost_v0.3,10.0,0,1,1,0,development,0,0,2,0.5,G2_tactic_intent,0.6,3,1,G1_technique,2,0,1,3,0,1,0,,8,1,2.0,C11-AA-003,0.7273,0,1,project05-m3star-runtime-contract-v0.8,e1d6d08bf93f3ff400361ad947d95002dcf97cc68957c58c831e6a4fdb5c2953,0.8.0,2,0,G2_tactic_intent,G2_tactic_intent,m3star_graph_transition_xgboost_v0.1,1
C11-otrf-apt29-day1-scranton-nashua,random,0.2,53,project05_m3star_h3_unshielded_dual,1,3.0,2,C11-AA-001|C11-AA-003,3.0,1.0,0,0,0,m3star_graph_action_value_xgboost_v0.3,m3star_graph_action_reachability_xgboost_v0.1,m3star_graph_action_value_xgboost_v0.3,10.0,0,1,1,0,development,0,0,2,0.5,G2_tactic_intent,0.6,3,1,G1_technique,2,0,0,3,1,1,0,,8,0,2.0,C11-AA-003,0.7273,0,1,project05-m3star-runtime-contract-v0.8,e1d6d08bf93f3ff400361ad947d95002dcf97cc68957c58c831e6a4fdb5c2953,0.8.0,2,1,G2_tactic_intent,G2_tactic_intent,m3star_graph_transition_xgboost_v0.1,1
C11-otrf-apt29-day1-scranton-nashua,random,0.2,53,project05_m3star_h3_transition_only,1,5.0,3,C11-AA-001|C11-AA-002|C11-AA-003,5.0,3.0,0,0,0,none,none,none,10.0,0,1,1,0,development,0,0,2,0.5,G2_tactic_intent,0.6,0,1,G1_technique,2,0,1,3,1,0,0,,8,1,2.0,C11-AA-003,1.8,0,1,project05-m3star-runtime-contract-v0.8,e1d6d08bf93f3ff400361ad947d95002dcf97cc68957c58c831e6a4fdb5c2953,0.8.0,3,1,G2_tactic_intent,G2_tactic_intent,m3star_graph_transition_xgboost_v0.1,2
C11-otrf-apt29-day1-scranton-nashua,random,0.2,53,project05_m3star_h1_dual,1,3.0,2,C11-AA-001|C11-AA-003,3.0,1.0,0,0,0,m3star_graph_action_value_xgboost_v0.3,m3star_graph_action_reachability_xgboost_v0.1,m3star_graph_action_value_xgboost_v0.3,10.0,0,1,1,0,development,0,0,2,0.5,G2_tactic_intent,0.6,3,1,G1_technique,2,0,1,1,1,1,0,,8,1,2.0,C11-AA-003,0.7273,0,1,project05-m3star-runtime-contract-v0.8,e1d6d08bf93f3ff400361ad947d95002dcf97cc68957c58c831e6a4fdb5c2953,0.8.0,2,1,G2_tactic_intent,G2_tactic_intent,m3star_graph_transition_xgboost_v0.1,1
C11-otrf-apt29-day1-scranton-nashua,random,0.2,53,project05_xgboost_policy,1,3.0,2,C11-AA-001|C11-AA-003,3.0,1.0,0,0,0,,,,10.0,0,1,1,,development,,0,2,0.5,G2_tactic_intent,0.6,,1,G1_technique,2,0,,,,,,,,,2.0,C11-AA-003,0.7273,,1,,,,2,,G2_tactic_intent,G2_tactic_intent,,1
C11-otrf-apt29-day1-scranton-nashua,random,0.2,53,project05_m3b_policy,1,3.0,2,C11-AA-001|C11-AA-003,3.0,1.0,0,0,0,,,,10.0,0,1,1,,development,,0,2,0.5,G2_tactic_intent,0.6,,1,G1_technique,2,0,,,,,,,,,2.0,C11-AA-003,0.7273,,1,,,,2,,G2_tactic_intent,G2_tactic_intent,,1
C11-otrf-apt29-day1-scranton-nashua,random,0.2,53,project05_m2,1,2.0,1,C11-AA-003,2.0,0.0,1,0,0,,,,10.0,0,1,1,,development,,0,2,0.5,G2_tactic_intent,0.6,,1,G1_technique,2,0,,,,,,,,,2.0,C11-AA-003,0.0,,1,,,,1,,G2_tactic_intent,G2_tactic_intent,,0
C11-otrf-apt29-day1-scranton-nashua,random,0.2,53,oracle_optimal,1,2.0,1,C11-AA-003,2.0,0.0,1,0,0,,,,10.0,0,1,1,,development,,0,2,0.5,G2_tactic_intent,0.6,,1,G1_technique,2,0,,,,,,,,,2.0,C11-AA-003,0.0,,1,,,,1,,G2_tactic_intent,G2_tactic_intent,,0
C11-otrf-apt29-day1-scranton-nashua,random,0.4,11,project05_m3star_h3_dual,1,3.0,2,C11-AA-001|C11-AA-003,3.0,0.0,1,0,0,m3star_graph_action_value_xgboost_v0.3,m3star_graph_action_reachability_xgboost_v0.1,m3star_graph_action_value_xgboost_v0.3,10.0,0,1,1,0,development,0,0,2,0.5,G2_tactic_intent,0.6,0,1,G1_technique,4,0,1,3,1,1,1,,8,1,3.0,C11-AA-001,0.7273,1,2,project05-m3star-runtime-contract-v0.8,e1d6d08bf93f3ff400361ad947d95002dcf97cc68957c58c831e6a4fdb5c2953,0.8.0,2,1,G2_tactic_intent,G2_tactic_intent,m3star_graph_transition_xgboost_v0.1,0
C11-otrf-apt29-day1-scranton-nashua,random,0.4,11,project05_m3star_h3_no_dominance_dual,1,3.0,2,C11-AA-001|C11-AA-003,3.0,0.0,1,0,0,m3star_graph_action_value_xgboost_v0.3,m3star_graph_action_reachability_xgboost_v0.1,m3star_graph_action_value_xgboost_v0.3,10.0,0,1,1,0,development,0,0,2,0.5,G2_tactic_intent,0.6,0,1,G1_technique,4,0,1,3,0,1,0,,8,1,3.0,C11-AA-001,0.7273,0,2,project05-m3star-runtime-contract-v0.8,e1d6d08bf93f3ff400361ad947d95002dcf97cc68957c58c831e6a4fdb5c2953,0.8.0,2,0,G2_tactic_intent,G2_tactic_intent,m3star_graph_transition_xgboost_v0.1,0
C11-otrf-apt29-day1-scranton-nashua,random,0.4,11,project05_m3star_h3_unshielded_dual,1,3.0,2,C11-AA-001|C11-AA-003,3.0,0.0,1,0,0,m3star_graph_action_value_xgboost_v0.3,m3star_graph_action_reachability_xgboost_v0.1,m3star_graph_action_value_xgboost_v0.3,10.0,0,1,1,0,development,0,0,2,0.5,G2_tactic_intent,0.6,0,1,G1_technique,4,0,0,3,1,1,0,,8,0,3.0,C11-AA-001,0.7273,0,2,project05-m3star-runtime-contract-v0.8,e1d6d08bf93f3ff400361ad947d95002dcf97cc68957c58c831e6a4fdb5c2953,0.8.0,2,1,G2_tactic_intent,G2_tactic_intent,m3star_graph_transition_xgboost_v0.1,0
C11-otrf-apt29-day1-scranton-nashua,random,0.4,11,project05_m3star_h3_transition_only,1,5.0,3,C11-AA-001|C11-AA-002|C11-AA-003,5.0,2.0,1,0,0,none,none,none,10.0,0,1,1,0,development,0,0,2,0.5,G2_tactic_intent,0.6,0,1,G1_technique,4,0,1,3,1,0,0,,8,1,3.0,C11-AA-001,1.8,0,2,project05-m3star-runtime-contract-v0.8,e1d6d08bf93f3ff400361ad947d95002dcf97cc68957c58c831e6a4fdb5c2953,0.8.0,3,1,G2_tactic_intent,G2_tactic_intent,m3star_graph_transition_xgboost_v0.1,1
C11-otrf-apt29-day1-scranton-nashua,random,0.4,11,project05_m3star_h1_dual,1,3.0,2,C11-AA-001|C11-AA-003,3.0,0.0,1,0,0,m3star_graph_action_value_xgboost_v0.3,m3star_graph_action_reachability_xgboost_v0.1,m3star_graph_action_value_xgboost_v0.3,10.0,0,1,1,0,development,0,0,2,0.5,G2_tactic_intent,0.6,0,1,G1_technique,4,0,1,1,1,1,0,,8,1,3.0,C11-AA-001,0.7273,0,2,project05-m3star-runtime-contract-v0.8,e1d6d08bf93f3ff400361ad947d95002dcf97cc68957c58c831e6a4fdb5c2953,0.8.0,2,1,G2_tactic_intent,G2_tactic_intent,m3star_graph_transition_xgboost_v0.1,0
C11-otrf-apt29-day1-scranton-nashua,random,0.4,11,project05_xgboost_policy,1,3.0,2,C11-AA-001|C11-AA-003,3.0,0.0,1,0,0,,,,10.0,0,1,1,,development,,0,2,0.5,G2_tactic_intent,0.6,,1,G1_technique,4,0,,,,,,,,,3.0,C11-AA-001,0.7273,,2,,,,2,,G2_tactic_intent,G2_tactic_intent,,0
C11-otrf-apt29-day1-scranton-nashua,random,0.4,11,project05_m3b_policy,1,3.0,2,C11-AA-001|C11-AA-003,3.0,0.0,1,0,0,,,,10.0,0,1,1,,development,,0,2,0.5,G2_tactic_intent,0.6,,1,G1_technique,4,0,,,,,,,,,3.0,C11-AA-001,0.7273,,2,,,,2,,G2_tactic_intent,G2_tactic_intent,,0
C11-otrf-apt29-day1-scranton-nashua,random,0.4,11,project05_m2,1,5.0,3,C11-AA-003|C11-AA-004|C11-AA-005,5.0,2.0,0,0,0,,,,10.0,0,1,1,,development,,0,2,0.25,G2_tactic_intent,0.6,,1,G1_technique,4,0,,,,,,,,,3.0,C11-AA-001,1.6944,,3,,,,3,,G2_tactic_intent,G2_tactic_intent,,0
C11-otrf-apt29-day1-scranton-nashua,random,0.4,11,oracle_optimal,1,3.0,2,C11-AA-001|C11-AA-003,3.0,0.0,1,0,0,,,,10.0,0,1,1,,development,,0,2,0.5,G2_tactic_intent,0.6,,1,G1_technique,4,0,,,,,,,,,3.0,C11-AA-001,0.7273,,2,,,,2,,G2_tactic_intent,G2_tactic_intent,,0
C11-otrf-apt29-day1-scranton-nashua,random,0.4,23,project05_m3star_h3_dual,1,2.0,2,C11-AA-001|C11-AA-004,2.0,0.0,1,0,0,m3star_graph_action_value_xgboost_v0.3,m3star_graph_action_reachability_xgboost_v0.1,m3star_graph_action_value_xgboost_v0.3,10.0,0,1,1,0,development,1,0,2,0.25,G2_tactic_intent,0.6,1,1,G1_technique,4,0,1,3,1,1,1,,8,1,2.0,C11-AA-001,0.4,1,3,project05-m3star-runtime-contract-v0.8,e1d6d08bf93f3ff400361ad947d95002dcf97cc68957c58c831e6a4fdb5c2953,0.8.0,2,1,G2_tactic_intent,G2_tactic_intent,m3star_graph_transition_xgboost_v0.1,0
C11-otrf-apt29-day1-scranton-nashua,random,0.4,23,project05_m3star_h3_no_dominance_dual,1,3.0,2,C11-AA-001|C11-AA-003,3.0,1.0,1,0,0,m3star_graph_action_value_xgboost_v0.3,m3star_graph_action_reachability_xgboost_v0.1,m3star_graph_action_value_xgboost_v0.3,10.0,0,1,1,0,development,0,0,2,0.5,G2_tactic_intent,0.6,1,1,G1_technique,4,0,1,3,0,1,0,,8,1,2.0,C11-AA-001,0.7273,0,3,project05-m3star-runtime-contract-v0.8,e1d6d08bf93f3ff400361ad947d95002dcf97cc68957c58c831e6a4fdb5c2953,0.8.0,2,0,G2_tactic_intent,G2_tactic_intent,m3star_graph_transition_xgboost_v0.1,0
C11-otrf-apt29-day1-scranton-nashua,random,0.4,23,project05_m3star_h3_unshielded_dual,1,3.0,2,C11-AA-001|C11-AA-003,3.0,1.0,1,0,0,m3star_graph_action_value_xgboost_v0.3,m3star_graph_action_reachability_xgboost_v0.1,m3star_graph_action_value_xgboost_v0.3,10.0,0,1,1,0,development,0,0,2,0.5,G2_tactic_intent,0.6,1,1,G1_technique,4,0,0,3,1,1,0,,8,0,2.0,C11-AA-001,0.7273,0,3,project05-m3star-runtime-contract-v0.8,e1d6d08bf93f3ff400361ad947d95002dcf97cc68957c58c831e6a4fdb5c2953,0.8.0,2,1,G2_tactic_intent,G2_tactic_intent,m3star_graph_transition_xgboost_v0.1,0
C11-otrf-apt29-day1-scranton-nashua,random,0.4,23,project05_m3star_h3_transition_only,1,5.0,3,C11-AA-001|C11-AA-002|C11-AA-003,5.0,3.0,1,0,0,none,none,none,10.0,0,1,1,0,development,0,0,2,0.5,G2_tactic_intent,0.6,0,1,G1_technique,4,0,1,3,1,0,0,,8,1,2.0,C11-AA-001,1.8,0,3,project05-m3star-runtime-contract-v0.8,e1d6d08bf93f3ff400361ad947d95002dcf97cc68957c58c831e6a4fdb5c2953,0.8.0,3,1,G2_tactic_intent,G2_tactic_intent,m3star_graph_transition_xgboost_v0.1,1
C11-otrf-apt29-day1-scranton-nashua,random,0.4,23,project05_m3star_h1_dual,1,3.0,2,C11-AA-001|C11-AA-003,3.0,1.0,1,0,0,m3star_graph_action_value_xgboost_v0.3,m3star_graph_action_reachability_xgboost_v0.1,m3star_graph_action_value_xgboost_v0.3,10.0,0,1,1,0,development,0,0,2,0.5,G2_tactic_intent,0.6,1,1,G1_technique,4,0,1,1,1,1,0,,8,1,2.0,C11-AA-001,0.7273,0,3,project05-m3star-runtime-contract-v0.8,e1d6d08bf93f3ff400361ad947d95002dcf97cc68957c58c831e6a4fdb5c2953,0.8.0,2,1,G2_tactic_intent,G2_tactic_intent,m3star_graph_transition_xgboost_v0.1,0
C11-otrf-apt29-day1-scranton-nashua,random,0.4,23,project05_xgboost_policy,1,2.0,2,C11-AA-001|C11-AA-004,2.0,0.0,1,0,0,,,,10.0,0,1,1,,development,,0,2,0.25,G2_tactic_intent,0.6,,1,G1_technique,4,0,,,,,,,,,2.0,C11-AA-001,0.4,,3,,,,2,,G2_tactic_intent,G2_tactic_intent,,0
C11-otrf-apt29-day1-scranton-nashua,random,0.4,23,project05_m3b_policy,1,2.0,2,C11-AA-001|C11-AA-004,2.0,0.0,1,0,0,,,,10.0,0,1,1,,development,,0,2,0.25,G2_tactic_intent,0.6,,1,G1_technique,4,0,,,,,,,,,2.0,C11-AA-001,0.4,,3,,,,2,,G2_tactic_intent,G2_tactic_intent,,0
C11-otrf-apt29-day1-scranton-nashua,random,0.4,23,project05_m2,1,2.0,2,C11-AA-004|C11-AA-001,2.0,0.0,0,0,0,,,,10.0,0,1,1,,development,,0,2,0.25,G2_tactic_intent,0.6,,1,G1_technique,4,0,,,,,,,,,2.0,C11-AA-001,0.4,,3,,,,2,,G2_tactic_intent,G2_tactic_intent,,0
C11-otrf-apt29-day1-scranton-nashua,random,0.4,23,oracle_optimal,1,2.0,2,C11-AA-001|C11-AA-004,2.0,0.0,1,0,0,,,,10.0,0,1,1,,development,,0,2,0.25,G2_tactic_intent,0.6,,1,G1_technique,4,0,,,,,,,,,2.0,C11-AA-001,0.4,,3,,,,2,,G2_tactic_intent,G2_tactic_intent,,0
C11-otrf-apt29-day1-scranton-nashua,random,0.4,37,project05_m3star_h3_dual,1,4.0,3,C11-AA-001|C11-AA-004|C11-AA-002,4.0,1.0,0,0,0,m3star_graph_action_value_xgboost_v0.3,m3star_graph_action_reachability_xgboost_v0.1,m3star_graph_action_value_xgboost_v0.3,10.0,0,1,1,0,development,1,0,2,0.25,G2_tactic_intent,0.6,1,1,G1_technique,4,0,1,3,1,1,1,,8,1,3.0,C11-AA-002,1.4,1,3,project05-m3star-runtime-contract-v0.8,e1d6d08bf93f3ff400361ad947d95002dcf97cc68957c58c831e6a4fdb5c2953,0.8.0,3,1,G2_tactic_intent,G2_tactic_intent,m3star_graph_transition_xgboost_v0.1,0
C11-otrf-apt29-day1-scranton-nashua,random,0.4,37,project05_m3star_h3_no_dominance_dual,1,5.0,3,C11-AA-001|C11-AA-003|C11-AA-002,5.0,2.0,0,0,0,m3star_graph_action_value_xgboost_v0.3,m3star_graph_action_reachability_xgboost_v0.1,m3star_graph_action_value_xgboost_v0.3,10.0,0,1,1,0,development,0,0,2,0.5,G2_tactic_intent,0.6,1,1,G1_technique,4,0,1,3,0,1,0,,8,1,3.0,C11-AA-002,1.7273,0,3,project05-m3star-runtime-contract-v0.8,e1d6d08bf93f3ff400361ad947d95002dcf97cc68957c58c831e6a4fdb5c2953,0.8.0,3,0,G2_tactic_intent,G2_tactic_intent,m3star_graph_transition_xgboost_v0.1,0
C11-otrf-apt29-day1-scranton-nashua,random,0.4,37,project05_m3star_h3_unshielded_dual,1,5.0,3,C11-AA-001|C11-AA-003|C11-AA-002,5.0,2.0,0,0,0,m3star_graph_action_value_xgboost_v0.3,m3star_graph_action_reachability_xgboost_v0.1,m3star_graph_action_value_xgboost_v0.3,10.0,0,1,1,0,development,0,0,2,0.5,G2_tactic_intent,0.6,1,1,G1_technique,4,0,0,3,1,1,0,,8,0,3.0,C11-AA-002,1.7273,0,3,project05-m3star-runtime-contract-v0.8,e1d6d08bf93f3ff400361ad947d95002dcf97cc68957c58c831e6a4fdb5c2953,0.8.0,3,1,G2_tactic_intent,G2_tactic_intent,m3star_graph_transition_xgboost_v0.1,0
C11-otrf-apt29-day1-scranton-nashua,random,0.4,37,project05_m3star_h3_transition_only,1,5.0,3,C11-AA-001|C11-AA-003|C11-AA-002,5.0,2.0,0,0,0,none,none,none,10.0,0,1,1,0,development,0,0,2,0.5,G2_tactic_intent,0.6,0,1,G1_technique,4,0,1,3,1,0,0,,8,1,3.0,C11-AA-002,1.7273,0,3,project05-m3star-runtime-contract-v0.8,e1d6d08bf93f3ff400361ad947d95002dcf97cc68957c58c831e6a4fdb5c2953,0.8.0,3,1,G2_tactic_intent,G2_tactic_intent,m3star_graph_transition_xgboost_v0.1,0
C11-otrf-apt29-day1-scranton-nashua,random,0.4,37,project05_m3star_h1_dual,1,5.0,3,C11-AA-001|C11-AA-003|C11-AA-002,5.0,2.0,0,0,0,m3star_graph_action_value_xgboost_v0.3,m3star_graph_action_reachability_xgboost_v0.1,m3star_graph_action_value_xgboost_v0.3,10.0,0,1,1,0,development,0,0,2,0.5,G2_tactic_intent,0.6,1,1,G1_technique,4,0,1,1,1,1,0,,8,1,3.0,C11-AA-002,1.7273,0,3,project05-m3star-runtime-contract-v0.8,e1d6d08bf93f3ff400361ad947d95002dcf97cc68957c58c831e6a4fdb5c2953,0.8.0,3,1,G2_tactic_intent,G2_tactic_intent,m3star_graph_transition_xgboost_v0.1,0
C11-otrf-apt29-day1-scranton-nashua,random,0.4,37,project05_xgboost_policy,1,4.0,3,C11-AA-001|C11-AA-004|C11-AA-002,4.0,1.0,0,0,0,,,,10.0,0,1,1,,development,,0,2,0.25,G2_tactic_intent,0.6,,1,G1_technique,4,0,,,,,,,,,3.0,C11-AA-002,1.4,,3,,,,3,,G2_tactic_intent,G2_tactic_intent,,0
C11-otrf-apt29-day1-scranton-nashua,random,0.4,37,project05_m3b_policy,1,4.0,3,C11-AA-001|C11-AA-004|C11-AA-002,4.0,1.0,0,0,0,,,,10.0,0,1,1,,development,,0,2,0.25,G2_tactic_intent,0.6,,1,G1_technique,4,0,,,,,,,,,3.0,C11-AA-002,1.4,,3,,,,3,,G2_tactic_intent,G2_tactic_intent,,0
C11-otrf-apt29-day1-scranton-nashua,random,0.4,37,project05_m2,1,4.0,3,C11-AA-004|C11-AA-001|C11-AA-002,4.0,1.0,0,0,0,,,,10.0,0,1,1,,development,,0,2,0.25,G2_tactic_intent,0.6,,1,G1_technique,4,0,,,,,,,,,3.0,C11-AA-002,1.4,,3,,,,3,,G2_tactic_intent,G2_tactic_intent,,0
C11-otrf-apt29-day1-scranton-nashua,random,0.4,37,oracle_optimal,1,3.0,2,C11-AA-002|C11-AA-004,3.0,0.0,1,0,0,,,,10.0,0,1,1,,development,,0,2,0.25,G2_tactic_intent,0.6,,1,G1_technique,4,0,,,,,,,,,3.0,C11-AA-002,0.1818,,2,,,,2,,G2_tactic_intent,G2_tactic_intent,,0
C11-otrf-apt29-day1-scranton-nashua,random,0.4,41,project05_m3star_h3_dual,1,4.0,3,C11-AA-001|C11-AA-004|C11-AA-002,4.0,0.0,1,0,0,m3star_graph_action_value_xgboost_v0.3,m3star_graph_action_reachability_xgboost_v0.1,m3star_graph_action_value_xgboost_v0.3,10.0,0,1,1,0,development,1,0,2,0.25,G2_tactic_intent,0.6,1,1,G0_unknown,4,0,1,3,1,1,1,,8,1,4.0,C11-AA-001,1.4,1,3,project05-m3star-runtime-contract-v0.8,e1d6d08bf93f3ff400361ad947d95002dcf97cc68957c58c831e6a4fdb5c2953,0.8.0,3,1,G2_tactic_intent,G2_tactic_intent,m3star_graph_transition_xgboost_v0.1,0
C11-otrf-apt29-day1-scranton-nashua,random,0.4,41,project05_m3star_h3_no_dominance_dual,1,5.0,3,C11-AA-001|C11-AA-003|C11-AA-002,5.0,1.0,1,0,0,m3star_graph_action_value_xgboost_v0.3,m3star_graph_action_reachability_xgboost_v0.1,m3star_graph_action_value_xgboost_v0.3,10.0,0,1,1,0,development,0,0,2,0.5,G2_tactic_intent,0.6,1,1,G0_unknown,4,0,1,3,0,1,0,,8,1,4.0,C11-AA-001,1.7273,0,3,project05-m3star-runtime-contract-v0.8,e1d6d08bf93f3ff400361ad947d95002dcf97cc68957c58c831e6a4fdb5c2953,0.8.0,3,0,G2_tactic_intent,G2_tactic_intent,m3star_graph_transition_xgboost_v0.1,0
C11-otrf-apt29-day1-scranton-nashua,random,0.4,41,project05_m3star_h3_unshielded_dual,1,5.0,3,C11-AA-001|C11-AA-003|C11-AA-002,5.0,1.0,1,0,0,m3star_graph_action_value_xgboost_v0.3,m3star_graph_action_reachability_xgboost_v0.1,m3star_graph_action_value_xgboost_v0.3,10.0,0,1,1,0,development,0,0,2,0.5,G2_tactic_intent,0.6,1,1,G0_unknown,4,0,0,3,1,1,0,,8,0,4.0,C11-AA-001,1.7273,0,3,project05-m3star-runtime-contract-v0.8,e1d6d08bf93f3ff400361ad947d95002dcf97cc68957c58c831e6a4fdb5c2953,0.8.0,3,1,G2_tactic_intent,G2_tactic_intent,m3star_graph_transition_xgboost_v0.1,0
C11-otrf-apt29-day1-scranton-nashua,random,0.4,41,project05_m3star_h3_transition_only,1,5.0,3,C11-AA-001|C11-AA-003|C11-AA-002,5.0,1.0,1,0,0,none,none,none,10.0,0,1,1,0,development,0,0,2,0.5,G2_tactic_intent,0.6,0,1,G0_unknown,4,0,1,3,1,0,0,,8,1,4.0,C11-AA-001,1.7273,0,3,project05-m3star-runtime-contract-v0.8,e1d6d08bf93f3ff400361ad947d95002dcf97cc68957c58c831e6a4fdb5c2953,0.8.0,3,1,G2_tactic_intent,G2_tactic_intent,m3star_graph_transition_xgboost_v0.1,0
C11-otrf-apt29-day1-scranton-nashua,random,0.4,41,project05_m3star_h1_dual,1,5.0,3,C11-AA-001|C11-AA-003|C11-AA-002,5.0,1.0,1,0,0,m3star_graph_action_value_xgboost_v0.3,m3star_graph_action_reachability_xgboost_v0.1,m3star_graph_action_value_xgboost_v0.3,10.0,0,1,1,0,development,0,0,2,0.5,G2_tactic_intent,0.6,1,1,G0_unknown,4,0,1,1,1,1,0,,8,1,4.0,C11-AA-001,1.7273,0,3,project05-m3star-runtime-contract-v0.8,e1d6d08bf93f3ff400361ad947d95002dcf97cc68957c58c831e6a4fdb5c2953,0.8.0,3,1,G2_tactic_intent,G2_tactic_intent,m3star_graph_transition_xgboost_v0.1,0
C11-otrf-apt29-day1-scranton-nashua,random,0.4,41,project05_xgboost_policy,1,4.0,3,C11-AA-001|C11-AA-004|C11-AA-002,4.0,0.0,1,0,0,,,,10.0,0,1,1,,development,,0,2,0.25,G2_tactic_intent,0.6,,1,G0_unknown,4,0,,,,,,,,,4.0,C11-AA-001,1.4,,3,,,,3,,G2_tactic_intent,G2_tactic_intent,,0
C11-otrf-apt29-day1-scranton-nashua,random,0.4,41,project05_m3b_policy,1,4.0,3,C11-AA-001|C11-AA-004|C11-AA-002,4.0,0.0,1,0,0,,,,10.0,0,1,1,,development,,0,2,0.25,G2_tactic_intent,0.6,,1,G0_unknown,4,0,,,,,,,,,4.0,C11-AA-001,1.4,,3,,,,3,,G2_tactic_intent,G2_tactic_intent,,0
C11-otrf-apt29-day1-scranton-nashua,random,0.4,41,project05_m2,1,6.0,4,C11-AA-001|C11-AA-005|C11-AA-004|C11-AA-002,6.0,2.0,1,0,0,,,,10.0,0,1,1,,development,,0,2,0.25,G2_tactic_intent,0.6,,1,G0_unknown,4,0,,,,,,,,,4.0,C11-AA-001,2.0455,,3,,,,4,,G2_tactic_intent,G2_tactic_intent,,1
C11-otrf-apt29-day1-scranton-nashua,random,0.4,41,oracle_optimal,1,4.0,3,C11-AA-001|C11-AA-002|C11-AA-004,4.0,0.0,1,0,0,,,,10.0,0,1,1,,development,,0,2,0.25,G2_tactic_intent,0.6,,1,G0_unknown,4,0,,,,,,,,,4.0,C11-AA-001,1.4,,3,,,,3,,G2_tactic_intent,G2_tactic_intent,,0
C11-otrf-apt29-day1-scranton-nashua,random,0.4,53,project05_m3star_h3_dual,1,3.0,2,C11-AA-001|C11-AA-003,3.0,0.0,1,0,0,m3star_graph_action_value_xgboost_v0.3,m3star_graph_action_reachability_xgboost_v0.1,m3star_graph_action_value_xgboost_v0.3,10.0,0,1,1,0,development,0,0,2,0.5,G2_tactic_intent,0.6,0,1,G1_technique,4,0,1,3,1,1,1,,8,1,3.0,C11-AA-001,0.7273,1,2,project05-m3star-runtime-contract-v0.8,e1d6d08bf93f3ff400361ad947d95002dcf97cc68957c58c831e6a4fdb5c2953,0.8.0,2,1,G2_tactic_intent,G2_tactic_intent,m3star_graph_transition_xgboost_v0.1,0
C11-otrf-apt29-day1-scranton-nashua,random,0.4,53,project05_m3star_h3_no_dominance_dual,1,3.0,2,C11-AA-001|C11-AA-003,3.0,0.0,1,0,0,m3star_graph_action_value_xgboost_v0.3,m3star_graph_action_reachability_xgboost_v0.1,m3star_graph_action_value_xgboost_v0.3,10.0,0,1,1,0,development,0,0,2,0.5,G2_tactic_intent,0.6,0,1,G1_technique,4,0,1,3,0,1,0,,8,1,3.0,C11-AA-001,0.7273,0,2,project05-m3star-runtime-contract-v0.8,e1d6d08bf93f3ff400361ad947d95002dcf97cc68957c58c831e6a4fdb5c2953,0.8.0,2,0,G2_tactic_intent,G2_tactic_intent,m3star_graph_transition_xgboost_v0.1,0
C11-otrf-apt29-day1-scranton-nashua,random,0.4,53,project05_m3star_h3_unshielded_dual,1,3.0,2,C11-AA-001|C11-AA-003,3.0,0.0,1,0,0,m3star_graph_action_value_xgboost_v0.3,m3star_graph_action_reachability_xgboost_v0.1,m3star_graph_action_value_xgboost_v0.3,10.0,0,1,1,0,development,0,0,2,0.5,G2_tactic_intent,0.6,0,1,G1_technique,4,0,0,3,1,1,0,,8,0,3.0,C11-AA-001,0.7273,0,2,project05-m3star-runtime-contract-v0.8,e1d6d08bf93f3ff400361ad947d95002dcf97cc68957c58c831e6a4fdb5c2953,0.8.0,2,1,G2_tactic_intent,G2_tactic_intent,m3star_graph_transition_xgboost_v0.1,0
C11-otrf-apt29-day1-scranton-nashua,random,0.4,53,project05_m3star_h3_transition_only,1,5.0,3,C11-AA-001|C11-AA-002|C11-AA-003,5.0,2.0,1,0,0,none,none,none,10.0,0,1,1,0,development,0,0,2,0.5,G2_tactic_intent,0.6,0,1,G1_technique,4,0,1,3,1,0,0,,8,1,3.0,C11-AA-001,1.8,0,2,project05-m3star-runtime-contract-v0.8,e1d6d08bf93f3ff400361ad947d95002dcf97cc68957c58c831e6a4fdb5c2953,0.8.0,3,1,G2_tactic_intent,G2_tactic_intent,m3star_graph_transition_xgboost_v0.1,1
C11-otrf-apt29-day1-scranton-nashua,random,0.4,53,project05_m3star_h1_dual,1,3.0,2,C11-AA-001|C11-AA-003,3.0,0.0,1,0,0,m3star_graph_action_value_xgboost_v0.3,m3star_graph_action_reachability_xgboost_v0.1,m3star_graph_action_value_xgboost_v0.3,10.0,0,1,1,0,development,0,0,2,0.5,G2_tactic_intent,0.6,0,1,G1_technique,4,0,1,1,1,1,0,,8,1,3.0,C11-AA-001,0.7273,0,2,project05-m3star-runtime-contract-v0.8,e1d6d08bf93f3ff400361ad947d95002dcf97cc68957c58c831e6a4fdb5c2953,0.8.0,2,1,G2_tactic_intent,G2_tactic_intent,m3star_graph_transition_xgboost_v0.1,0
C11-otrf-apt29-day1-scranton-nashua,random,0.4,53,project05_xgboost_policy,1,3.0,2,C11-AA-001|C11-AA-003,3.0,0.0,1,0,0,,,,10.0,0,1,1,,development,,0,2,0.5,G2_tactic_intent,0.6,,1,G1_technique,4,0,,,,,,,,,3.0,C11-AA-001,0.7273,,2,,,,2,,G2_tactic_intent,G2_tactic_intent,,0
C11-otrf-apt29-day1-scranton-nashua,random,0.4,53,project05_m3b_policy,1,3.0,2,C11-AA-001|C11-AA-003,3.0,0.0,1,0,0,,,,10.0,0,1,1,,development,,0,2,0.5,G2_tactic_intent,0.6,,1,G1_technique,4,0,,,,,,,,,3.0,C11-AA-001,0.7273,,2,,,,2,,G2_tactic_intent,G2_tactic_intent,,0
C11-otrf-apt29-day1-scranton-nashua,random,0.4,53,project05_m2,1,5.0,3,C11-AA-003|C11-AA-004|C11-AA-005,5.0,2.0,0,0,0,,,,10.0,0,1,1,,development,,0,2,0.25,G2_tactic_intent,0.6,,1,G1_technique,4,0,,,,,,,,,3.0,C11-AA-001,1.6944,,3,,,,3,,G2_tactic_intent,G2_tactic_intent,,0
C11-otrf-apt29-day1-scranton-nashua,random,0.4,53,oracle_optimal,1,3.0,2,C11-AA-001|C11-AA-003,3.0,0.0,1,0,0,,,,10.0,0,1,1,,development,,0,2,0.5,G2_tactic_intent,0.6,,1,G1_technique,4,0,,,,,,,,,3.0,C11-AA-001,0.7273,,2,,,,2,,G2_tactic_intent,G2_tactic_intent,,0
C11-otrf-apt29-day1-scranton-nashua,random,0.6,11,project05_m3star_h3_dual,1,4.0,3,C11-AA-001|C11-AA-004|C11-AA-003,4.0,1.0,1,0,0,m3star_graph_action_value_xgboost_v0.3,m3star_graph_action_reachability_xgboost_v0.1,m3star_graph_action_value_xgboost_v0.3,10.0,0,1,1,0,development,1,0,2,0.5,G2_tactic_intent,0.6,0,1,G1_technique,5,0,1,3,1,1,1,,8,1,3.0,C11-AA-001,1.2889,1,4,project05-m3star-runtime-contract-v0.8,e1d6d08bf93f3ff400361ad947d95002dcf97cc68957c58c831e6a4fdb5c2953,0.8.0,3,1,G2_tactic_intent,G2_tactic_intent,m3star_graph_transition_xgboost_v0.1,0
C11-otrf-apt29-day1-scranton-nashua,random,0.6,11,project05_m3star_h3_no_dominance_dual,1,3.0,2,C11-AA-001|C11-AA-003,3.0,0.0,1,0,0,m3star_graph_action_value_xgboost_v0.3,m3star_graph_action_reachability_xgboost_v0.1,m3star_graph_action_value_xgboost_v0.3,10.0,0,1,1,0,development,0,0,2,0.5,G2_tactic_intent,0.6,0,1,G1_technique,5,0,1,3,0,1,0,,8,1,3.0,C11-AA-001,0.7273,0,3,project05-m3star-runtime-contract-v0.8,e1d6d08bf93f3ff400361ad947d95002dcf97cc68957c58c831e6a4fdb5c2953,0.8.0,2,0,G2_tactic_intent,G2_tactic_intent,m3star_graph_transition_xgboost_v0.1,0
C11-otrf-apt29-day1-scranton-nashua,random,0.6,11,project05_m3star_h3_unshielded_dual,1,3.0,2,C11-AA-001|C11-AA-003,3.0,0.0,1,0,0,m3star_graph_action_value_xgboost_v0.3,m3star_graph_action_reachability_xgboost_v0.1,m3star_graph_action_value_xgboost_v0.3,10.0,0,1,1,0,development,0,0,2,0.5,G2_tactic_intent,0.6,0,1,G1_technique,5,0,0,3,1,1,0,,8,0,3.0,C11-AA-001,0.7273,0,3,project05-m3star-runtime-contract-v0.8,e1d6d08bf93f3ff400361ad947d95002dcf97cc68957c58c831e6a4fdb5c2953,0.8.0,2,1,G2_tactic_intent,G2_tactic_intent,m3star_graph_transition_xgboost_v0.1,0
C11-otrf-apt29-day1-scranton-nashua,random,0.6,11,project05_m3star_h3_transition_only,1,3.0,2,C11-AA-001|C11-AA-003,3.0,0.0,1,0,0,none,none,none,10.0,0,1,1,0,development,0,0,2,0.5,G2_tactic_intent,0.6,0,1,G1_technique,5,0,1,3,1,0,0,,8,1,3.0,C11-AA-001,0.7273,0,3,project05-m3star-runtime-contract-v0.8,e1d6d08bf93f3ff400361ad947d95002dcf97cc68957c58c831e6a4fdb5c2953,0.8.0,2,1,G2_tactic_intent,G2_tactic_intent,m3star_graph_transition_xgboost_v0.1,0
C11-otrf-apt29-day1-scranton-nashua,random,0.6,11,project05_m3star_h1_dual,1,3.0,2,C11-AA-001|C11-AA-003,3.0,0.0,1,0,0,m3star_graph_action_value_xgboost_v0.3,m3star_graph_action_reachability_xgboost_v0.1,m3star_graph_action_value_xgboost_v0.3,10.0,0,1,1,0,development,0,0,2,0.5,G2_tactic_intent,0.6,0,1,G1_technique,5,0,1,1,1,1,0,,8,1,3.0,C11-AA-001,0.7273,0,3,project05-m3star-runtime-contract-v0.8,e1d6d08bf93f3ff400361ad947d95002dcf97cc68957c58c831e6a4fdb5c2953,0.8.0,2,1,G2_tactic_intent,G2_tactic_intent,m3star_graph_transition_xgboost_v0.1,0
C11-otrf-apt29-day1-scranton-nashua,random,0.6,11,project05_xgboost_policy,1,4.0,3,C11-AA-001|C11-AA-004|C11-AA-003,4.0,1.0,1,0,0,,,,10.0,0,1,1,,development,,0,2,0.5,G2_tactic_intent,0.6,,1,G1_technique,5,0,,,,,,,,,3.0,C11-AA-001,1.2889,,4,,,,3,,G2_tactic_intent,G2_tactic_intent,,0
C11-otrf-apt29-day1-scranton-nashua,random,0.6,11,project05_m3b_policy,1,4.0,3,C11-AA-001|C11-AA-004|C11-AA-003,4.0,1.0,1,0,0,,,,10.0,0,1,1,,development,,0,2,0.5,G2_tactic_intent,0.6,,1,G1_technique,5,0,,,,,,,,,3.0,C11-AA-001,1.2889,,4,,,,3,,G2_tactic_intent,G2_tactic_intent,,0
C11-otrf-apt29-day1-scranton-nashua,random,0.6,11,project05_m2,1,5.0,3,C11-AA-003|C11-AA-004|C11-AA-005,5.0,2.0,0,0,0,,,,10.0,0,1,1,,development,,0,2,0.25,G2_tactic_intent,0.6,,1,G1_technique,5,0,,,,,,,,,3.0,C11-AA-001,1.6944,,4,,,,3,,G2_tactic_intent,G2_tactic_intent,,0
C11-otrf-apt29-day1-scranton-nashua,random,0.6,11,oracle_optimal,1,3.0,2,C11-AA-001|C11-AA-003,3.0,0.0,1,0,0,,,,10.0,0,1,1,,development,,0,2,0.5,G2_tactic_intent,0.6,,1,G1_technique,5,0,,,,,,,,,3.0,C11-AA-001,0.7273,,3,,,,2,,G2_tactic_intent,G2_tactic_intent,,0
C11-otrf-apt29-day1-scranton-nashua,random,0.6,23,project05_m3star_h3_dual,1,2.0,2,C11-AA-001|C11-AA-004,2.0,0.0,1,0,0,m3star_graph_action_value_xgboost_v0.3,m3star_graph_action_reachability_xgboost_v0.1,m3star_graph_action_value_xgboost_v0.3,10.0,0,1,1,0,development,1,0,2,0.25,G2_tactic_intent,0.6,1,1,G0_unknown,5,0,1,3,1,1,1,,8,1,2.0,C11-AA-001,0.4,1,4,project05-m3star-runtime-contract-v0.8,e1d6d08bf93f3ff400361ad947d95002dcf97cc68957c58c831e6a4fdb5c2953,0.8.0,2,1,G2_tactic_intent,G2_tactic_intent,m3star_graph_transition_xgboost_v0.1,0
C11-otrf-apt29-day1-scranton-nashua,random,0.6,23,project05_m3star_h3_no_dominance_dual,1,3.0,2,C11-AA-001|C11-AA-003,3.0,1.0,1,0,0,m3star_graph_action_value_xgboost_v0.3,m3star_graph_action_reachability_xgboost_v0.1,m3star_graph_action_value_xgboost_v0.3,10.0,0,1,1,0,development,0,0,2,0.5,G2_tactic_intent,0.6,1,1,G0_unknown,5,0,1,3,0,1,0,,8,1,2.0,C11-AA-001,0.7273,0,4,project05-m3star-runtime-contract-v0.8,e1d6d08bf93f3ff400361ad947d95002dcf97cc68957c58c831e6a4fdb5c2953,0.8.0,2,0,G2_tactic_intent,G2_tactic_intent,m3star_graph_transition_xgboost_v0.1,0
C11-otrf-apt29-day1-scranton-nashua,random,0.6,23,project05_m3star_h3_unshielded_dual,1,3.0,2,C11-AA-001|C11-AA-003,3.0,1.0,1,0,0,m3star_graph_action_value_xgboost_v0.3,m3star_graph_action_reachability_xgboost_v0.1,m3star_graph_action_value_xgboost_v0.3,10.0,0,1,1,0,development,0,0,2,0.5,G2_tactic_intent,0.6,1,1,G0_unknown,5,0,0,3,1,1,0,,8,0,2.0,C11-AA-001,0.7273,0,4,project05-m3star-runtime-contract-v0.8,e1d6d08bf93f3ff400361ad947d95002dcf97cc68957c58c831e6a4fdb5c2953,0.8.0,2,1,G2_tactic_intent,G2_tactic_intent,m3star_graph_transition_xgboost_v0.1,0
C11-otrf-apt29-day1-scranton-nashua,random,0.6,23,project05_m3star_h3_transition_only,1,5.0,3,C11-AA-001|C11-AA-002|C11-AA-003,5.0,3.0,1,0,0,none,none,none,10.0,0,1,1,0,development,0,0,2,0.5,G2_tactic_intent,0.6,0,1,G0_unknown,5,0,1,3,1,0,0,,8,1,2.0,C11-AA-001,1.8,0,4,project05-m3star-runtime-contract-v0.8,e1d6d08bf93f3ff400361ad947d95002dcf97cc68957c58c831e6a4fdb5c2953,0.8.0,3,1,G2_tactic_intent,G2_tactic_intent,m3star_graph_transition_xgboost_v0.1,1
C11-otrf-apt29-day1-scranton-nashua,random,0.6,23,project05_m3star_h1_dual,1,3.0,2,C11-AA-001|C11-AA-003,3.0,1.0,1,0,0,m3star_graph_action_value_xgboost_v0.3,m3star_graph_action_reachability_xgboost_v0.1,m3star_graph_action_value_xgboost_v0.3,10.0,0,1,1,0,development,0,0,2,0.5,G2_tactic_intent,0.6,1,1,G0_unknown,5,0,1,1,1,1,0,,8,1,2.0,C11-AA-001,0.7273,0,4,project05-m3star-runtime-contract-v0.8,e1d6d08bf93f3ff400361ad947d95002dcf97cc68957c58c831e6a4fdb5c2953,0.8.0,2,1,G2_tactic_intent,G2_tactic_intent,m3star_graph_transition_xgboost_v0.1,0
C11-otrf-apt29-day1-scranton-nashua,random,0.6,23,project05_xgboost_policy,1,2.0,2,C11-AA-001|C11-AA-004,2.0,0.0,1,0,0,,,,10.0,0,1,1,,development,,0,2,0.25,G2_tactic_intent,0.6,,1,G0_unknown,5,0,,,,,,,,,2.0,C11-AA-001,0.4,,4,,,,2,,G2_tactic_intent,G2_tactic_intent,,0
C11-otrf-apt29-day1-scranton-nashua,random,0.6,23,project05_m3b_policy,1,2.0,2,C11-AA-001|C11-AA-004,2.0,0.0,1,0,0,,,,10.0,0,1,1,,development,,0,2,0.25,G2_tactic_intent,0.6,,1,G0_unknown,5,0,,,,,,,,,2.0,C11-AA-001,0.4,,4,,,,2,,G2_tactic_intent,G2_tactic_intent,,0
C11-otrf-apt29-day1-scranton-nashua,random,0.6,23,project05_m2,1,4.0,3,C11-AA-001|C11-AA-005|C11-AA-004,4.0,2.0,1,0,0,,,,10.0,0,1,1,,development,,0,2,0.25,G2_tactic_intent,0.6,,1,G0_unknown,5,0,,,,,,,,,2.0,C11-AA-001,1.0455,,4,,,,3,,G2_tactic_intent,G2_tactic_intent,,1
C11-otrf-apt29-day1-scranton-nashua,random,0.6,23,oracle_optimal,1,2.0,2,C11-AA-001|C11-AA-004,2.0,0.0,1,0,0,,,,10.0,0,1,1,,development,,0,2,0.25,G2_tactic_intent,0.6,,1,G0_unknown,5,0,,,,,,,,,2.0,C11-AA-001,0.4,,4,,,,2,,G2_tactic_intent,G2_tactic_intent,,0
C11-otrf-apt29-day1-scranton-nashua,random,0.6,37,project05_m3star_h3_dual,1,4.0,3,C11-AA-001|C11-AA-004|C11-AA-002,4.0,0.0,1,0,0,m3star_graph_action_value_xgboost_v0.3,m3star_graph_action_reachability_xgboost_v0.1,m3star_graph_action_value_xgboost_v0.3,10.0,0,1,1,0,development,1,0,2,0.25,G2_tactic_intent,0.6,1,1,G1_technique,5,0,1,3,1,1,1,,8,1,4.0,C11-AA-001,1.4,1,4,project05-m3star-runtime-contract-v0.8,e1d6d08bf93f3ff400361ad947d95002dcf97cc68957c58c831e6a4fdb5c2953,0.8.0,3,1,G2_tactic_intent,G2_tactic_intent,m3star_graph_transition_xgboost_v0.1,0
C11-otrf-apt29-day1-scranton-nashua,random,0.6,37,project05_m3star_h3_no_dominance_dual,1,5.0,3,C11-AA-001|C11-AA-003|C11-AA-002,5.0,1.0,1,0,0,m3star_graph_action_value_xgboost_v0.3,m3star_graph_action_reachability_xgboost_v0.1,m3star_graph_action_value_xgboost_v0.3,10.0,0,1,1,0,development,0,0,2,0.5,G2_tactic_intent,0.6,1,1,G1_technique,5,0,1,3,0,1,0,,8,1,4.0,C11-AA-001,1.7273,0,4,project05-m3star-runtime-contract-v0.8,e1d6d08bf93f3ff400361ad947d95002dcf97cc68957c58c831e6a4fdb5c2953,0.8.0,3,0,G2_tactic_intent,G2_tactic_intent,m3star_graph_transition_xgboost_v0.1,0
C11-otrf-apt29-day1-scranton-nashua,random,0.6,37,project05_m3star_h3_unshielded_dual,1,5.0,3,C11-AA-001|C11-AA-003|C11-AA-002,5.0,1.0,1,0,0,m3star_graph_action_value_xgboost_v0.3,m3star_graph_action_reachability_xgboost_v0.1,m3star_graph_action_value_xgboost_v0.3,10.0,0,1,1,0,development,0,0,2,0.5,G2_tactic_intent,0.6,1,1,G1_technique,5,0,0,3,1,1,0,,8,0,4.0,C11-AA-001,1.7273,0,4,project05-m3star-runtime-contract-v0.8,e1d6d08bf93f3ff400361ad947d95002dcf97cc68957c58c831e6a4fdb5c2953,0.8.0,3,1,G2_tactic_intent,G2_tactic_intent,m3star_graph_transition_xgboost_v0.1,0
C11-otrf-apt29-day1-scranton-nashua,random,0.6,37,project05_m3star_h3_transition_only,1,5.0,3,C11-AA-001|C11-AA-003|C11-AA-002,5.0,1.0,1,0,0,none,none,none,10.0,0,1,1,0,development,0,0,2,0.5,G2_tactic_intent,0.6,0,1,G1_technique,5,0,1,3,1,0,0,,8,1,4.0,C11-AA-001,1.7273,0,4,project05-m3star-runtime-contract-v0.8,e1d6d08bf93f3ff400361ad947d95002dcf97cc68957c58c831e6a4fdb5c2953,0.8.0,3,1,G2_tactic_intent,G2_tactic_intent,m3star_graph_transition_xgboost_v0.1,0
C11-otrf-apt29-day1-scranton-nashua,random,0.6,37,project05_m3star_h1_dual,1,5.0,3,C11-AA-001|C11-AA-003|C11-AA-002,5.0,1.0,1,0,0,m3star_graph_action_value_xgboost_v0.3,m3star_graph_action_reachability_xgboost_v0.1,m3star_graph_action_value_xgboost_v0.3,10.0,0,1,1,0,development,0,0,2,0.5,G2_tactic_intent,0.6,1,1,G1_technique,5,0,1,1,1,1,0,,8,1,4.0,C11-AA-001,1.7273,0,4,project05-m3star-runtime-contract-v0.8,e1d6d08bf93f3ff400361ad947d95002dcf97cc68957c58c831e6a4fdb5c2953,0.8.0,3,1,G2_tactic_intent,G2_tactic_intent,m3star_graph_transition_xgboost_v0.1,0
C11-otrf-apt29-day1-scranton-nashua,random,0.6,37,project05_xgboost_policy,1,4.0,3,C11-AA-001|C11-AA-004|C11-AA-002,4.0,0.0,1,0,0,,,,10.0,0,1,1,,development,,0,2,0.25,G2_tactic_intent,0.6,,1,G1_technique,5,0,,,,,,,,,4.0,C11-AA-001,1.4,,4,,,,3,,G2_tactic_intent,G2_tactic_intent,,0
C11-otrf-apt29-day1-scranton-nashua,random,0.6,37,project05_m3b_policy,1,4.0,3,C11-AA-001|C11-AA-004|C11-AA-002,4.0,0.0,1,0,0,,,,10.0,0,1,1,,development,,0,2,0.25,G2_tactic_intent,0.6,,1,G1_technique,5,0,,,,,,,,,4.0,C11-AA-001,1.4,,4,,,,3,,G2_tactic_intent,G2_tactic_intent,,0
C11-otrf-apt29-day1-scranton-nashua,random,0.6,37,project05_m2,1,4.0,3,C11-AA-004|C11-AA-001|C11-AA-002,4.0,0.0,0,0,0,,,,10.0,0,1,1,,development,,0,2,0.25,G2_tactic_intent,0.6,,1,G1_technique,5,0,,,,,,,,,4.0,C11-AA-001,1.4,,4,,,,3,,G2_tactic_intent,G2_tactic_intent,,0
C11-otrf-apt29-day1-scranton-nashua,random,0.6,37,oracle_optimal,1,4.0,3,C11-AA-001|C11-AA-002|C11-AA-004,4.0,0.0,1,0,0,,,,10.0,0,1,1,,development,,0,2,0.25,G2_tactic_intent,0.6,,1,G1_technique,5,0,,,,,,,,,4.0,C11-AA-001,1.4,,4,,,,3,,G2_tactic_intent,G2_tactic_intent,,0
C11-otrf-apt29-day1-scranton-nashua,random,0.6,41,project05_m3star_h3_dual,1,5.0,3,C11-AA-001|C11-AA-003|C11-AA-002,5.0,1.0,1,0,0,m3star_graph_action_value_xgboost_v0.3,m3star_graph_action_reachability_xgboost_v0.1,m3star_graph_action_value_xgboost_v0.3,10.0,0,1,1,0,development,0,0,2,0.5,G2_tactic_intent,0.6,1,1,G0_unknown,5,0,1,3,1,1,1,,8,1,4.0,C11-AA-001,1.7273,1,4,project05-m3star-runtime-contract-v0.8,e1d6d08bf93f3ff400361ad947d95002dcf97cc68957c58c831e6a4fdb5c2953,0.8.0,3,1,G2_tactic_intent,G2_tactic_intent,m3star_graph_transition_xgboost_v0.1,0
C11-otrf-apt29-day1-scranton-nashua,random,0.6,41,project05_m3star_h3_no_dominance_dual,1,5.0,3,C11-AA-001|C11-AA-003|C11-AA-002,5.0,1.0,1,0,0,m3star_graph_action_value_xgboost_v0.3,m3star_graph_action_reachability_xgboost_v0.1,m3star_graph_action_value_xgboost_v0.3,10.0,0,1,1,0,development,0,0,2,0.5,G2_tactic_intent,0.6,1,1,G0_unknown,5,0,1,3,0,1,0,,8,1,4.0,C11-AA-001,1.7273,0,4,project05-m3star-runtime-contract-v0.8,e1d6d08bf93f3ff400361ad947d95002dcf97cc68957c58c831e6a4fdb5c2953,0.8.0,3,0,G2_tactic_intent,G2_tactic_intent,m3star_graph_transition_xgboost_v0.1,0
C11-otrf-apt29-day1-scranton-nashua,random,0.6,41,project05_m3star_h3_unshielded_dual,1,5.0,3,C11-AA-001|C11-AA-003|C11-AA-002,5.0,1.0,1,0,0,m3star_graph_action_value_xgboost_v0.3,m3star_graph_action_reachability_xgboost_v0.1,m3star_graph_action_value_xgboost_v0.3,10.0,0,1,1,0,development,0,0,2,0.5,G2_tactic_intent,0.6,1,1,G0_unknown,5,0,0,3,1,1,0,,8,0,4.0,C11-AA-001,1.7273,0,4,project05-m3star-runtime-contract-v0.8,e1d6d08bf93f3ff400361ad947d95002dcf97cc68957c58c831e6a4fdb5c2953,0.8.0,3,1,G2_tactic_intent,G2_tactic_intent,m3star_graph_transition_xgboost_v0.1,0
C11-otrf-apt29-day1-scranton-nashua,random,0.6,41,project05_m3star_h3_transition_only,1,5.0,3,C11-AA-001|C11-AA-003|C11-AA-002,5.0,1.0,1,0,0,none,none,none,10.0,0,1,1,0,development,0,0,2,0.5,G2_tactic_intent,0.6,0,1,G0_unknown,5,0,1,3,1,0,0,,8,1,4.0,C11-AA-001,1.7273,0,4,project05-m3star-runtime-contract-v0.8,e1d6d08bf93f3ff400361ad947d95002dcf97cc68957c58c831e6a4fdb5c2953,0.8.0,3,1,G2_tactic_intent,G2_tactic_intent,m3star_graph_transition_xgboost_v0.1,0
C11-otrf-apt29-day1-scranton-nashua,random,0.6,41,project05_m3star_h1_dual,1,5.0,3,C11-AA-001|C11-AA-003|C11-AA-002,5.0,1.0,1,0,0,m3star_graph_action_value_xgboost_v0.3,m3star_graph_action_reachability_xgboost_v0.1,m3star_graph_action_value_xgboost_v0.3,10.0,0,1,1,0,development,0,0,2,0.5,G2_tactic_intent,0.6,1,1,G0_unknown,5,0,1,1,1,1,0,,8,1,4.0,C11-AA-001,1.7273,0,4,project05-m3star-runtime-contract-v0.8,e1d6d08bf93f3ff400361ad947d95002dcf97cc68957c58c831e6a4fdb5c2953,0.8.0,3,1,G2_tactic_intent,G2_tactic_intent,m3star_graph_transition_xgboost_v0.1,0
C11-otrf-apt29-day1-scranton-nashua,random,0.6,41,project05_xgboost_policy,1,5.0,3,C11-AA-001|C11-AA-003|C11-AA-002,5.0,1.0,1,0,0,,,,10.0,0,1,1,,development,,0,2,0.5,G2_tactic_intent,0.6,,1,G0_unknown,5,0,,,,,,,,,4.0,C11-AA-001,1.7273,,4,,,,3,,G2_tactic_intent,G2_tactic_intent,,0
C11-otrf-apt29-day1-scranton-nashua,random,0.6,41,project05_m3b_policy,1,6.0,4,C11-AA-001|C11-AA-004|C11-AA-002|C11-AA-003,6.0,2.0,1,0,0,,,,10.0,0,1,1,,development,,0,1,0.75,G2_tactic_intent,0.8,,1,G0_unknown,5,0,,,,,,,,,4.0,C11-AA-001,2.2889,,5,,,,4,,G2_tactic_intent,G2_tactic_intent,,0
C11-otrf-apt29-day1-scranton-nashua,random,0.6,41,project05_m2,1,4.0,3,C11-AA-001|C11-AA-003|C11-AA-004,4.0,0.0,1,0,0,,,,10.0,0,1,1,,development,,0,2,0.5,G2_tactic_intent,0.6,,1,G0_unknown,5,0,,,,,,,,,4.0,C11-AA-001,1.1717,,4,,,,3,,G2_tactic_intent,G2_tactic_intent,,0
C11-otrf-apt29-day1-scranton-nashua,random,0.6,41,oracle_optimal,1,4.0,3,C11-AA-001|C11-AA-003|C11-AA-004,4.0,0.0,1,0,0,,,,10.0,0,1,1,,development,,0,2,0.5,G2_tactic_intent,0.6,,1,G0_unknown,5,0,,,,,,,,,4.0,C11-AA-001,1.1717,,4,,,,3,,G2_tactic_intent,G2_tactic_intent,,0
C11-otrf-apt29-day1-scranton-nashua,random,0.6,53,project05_m3star_h3_dual,1,3.0,2,C11-AA-001|C11-AA-003,3.0,0.0,1,0,0,m3star_graph_action_value_xgboost_v0.3,m3star_graph_action_reachability_xgboost_v0.1,m3star_graph_action_value_xgboost_v0.3,10.0,0,1,1,0,development,0,0,2,0.5,G2_tactic_intent,0.6,0,1,G1_technique,5,0,1,3,1,1,1,,8,1,3.0,C11-AA-001,0.7273,1,3,project05-m3star-runtime-contract-v0.8,e1d6d08bf93f3ff400361ad947d95002dcf97cc68957c58c831e6a4fdb5c2953,0.8.0,2,1,G2_tactic_intent,G2_tactic_intent,m3star_graph_transition_xgboost_v0.1,0
C11-otrf-apt29-day1-scranton-nashua,random,0.6,53,project05_m3star_h3_no_dominance_dual,1,3.0,2,C11-AA-001|C11-AA-003,3.0,0.0,1,0,0,m3star_graph_action_value_xgboost_v0.3,m3star_graph_action_reachability_xgboost_v0.1,m3star_graph_action_value_xgboost_v0.3,10.0,0,1,1,0,development,0,0,2,0.5,G2_tactic_intent,0.6,0,1,G1_technique,5,0,1,3,0,1,0,,8,1,3.0,C11-AA-001,0.7273,0,3,project05-m3star-runtime-contract-v0.8,e1d6d08bf93f3ff400361ad947d95002dcf97cc68957c58c831e6a4fdb5c2953,0.8.0,2,0,G2_tactic_intent,G2_tactic_intent,m3star_graph_transition_xgboost_v0.1,0
C11-otrf-apt29-day1-scranton-nashua,random,0.6,53,project05_m3star_h3_unshielded_dual,1,3.0,2,C11-AA-001|C11-AA-003,3.0,0.0,1,0,0,m3star_graph_action_value_xgboost_v0.3,m3star_graph_action_reachability_xgboost_v0.1,m3star_graph_action_value_xgboost_v0.3,10.0,0,1,1,0,development,0,0,2,0.5,G2_tactic_intent,0.6,0,1,G1_technique,5,0,0,3,1,1,0,,8,0,3.0,C11-AA-001,0.7273,0,3,project05-m3star-runtime-contract-v0.8,e1d6d08bf93f3ff400361ad947d95002dcf97cc68957c58c831e6a4fdb5c2953,0.8.0,2,1,G2_tactic_intent,G2_tactic_intent,m3star_graph_transition_xgboost_v0.1,0
C11-otrf-apt29-day1-scranton-nashua,random,0.6,53,project05_m3star_h3_transition_only,1,5.0,3,C11-AA-001|C11-AA-002|C11-AA-003,5.0,2.0,1,0,0,none,none,none,10.0,0,1,1,0,development,0,0,2,0.5,G2_tactic_intent,0.6,0,1,G1_technique,5,0,1,3,1,0,0,,8,1,3.0,C11-AA-001,1.8,0,3,project05-m3star-runtime-contract-v0.8,e1d6d08bf93f3ff400361ad947d95002dcf97cc68957c58c831e6a4fdb5c2953,0.8.0,3,1,G2_tactic_intent,G2_tactic_intent,m3star_graph_transition_xgboost_v0.1,1
C11-otrf-apt29-day1-scranton-nashua,random,0.6,53,project05_m3star_h1_dual,1,3.0,2,C11-AA-001|C11-AA-003,3.0,0.0,1,0,0,m3star_graph_action_value_xgboost_v0.3,m3star_graph_action_reachability_xgboost_v0.1,m3star_graph_action_value_xgboost_v0.3,10.0,0,1,1,0,development,0,0,2,0.5,G2_tactic_intent,0.6,0,1,G1_technique,5,0,1,1,1,1,0,,8,1,3.0,C11-AA-001,0.7273,0,3,project05-m3star-runtime-contract-v0.8,e1d6d08bf93f3ff400361ad947d95002dcf97cc68957c58c831e6a4fdb5c2953,0.8.0,2,1,G2_tactic_intent,G2_tactic_intent,m3star_graph_transition_xgboost_v0.1,0
C11-otrf-apt29-day1-scranton-nashua,random,0.6,53,project05_xgboost_policy,1,3.0,2,C11-AA-001|C11-AA-003,3.0,0.0,1,0,0,,,,10.0,0,1,1,,development,,0,2,0.5,G2_tactic_intent,0.6,,1,G1_technique,5,0,,,,,,,,,3.0,C11-AA-001,0.7273,,3,,,,2,,G2_tactic_intent,G2_tactic_intent,,0
C11-otrf-apt29-day1-scranton-nashua,random,0.6,53,project05_m3b_policy,1,3.0,2,C11-AA-001|C11-AA-003,3.0,0.0,1,0,0,,,,10.0,0,1,1,,development,,0,2,0.5,G2_tactic_intent,0.6,,1,G1_technique,5,0,,,,,,,,,3.0,C11-AA-001,0.7273,,3,,,,2,,G2_tactic_intent,G2_tactic_intent,,0
C11-otrf-apt29-day1-scranton-nashua,random,0.6,53,project05_m2,1,4.0,3,C11-AA-003|C11-AA-004|C11-AA-001,4.0,1.0,0,0,0,,,,10.0,0,1,1,,development,,0,2,0.5,G2_tactic_intent,0.6,,1,G1_technique,5,0,,,,,,,,,3.0,C11-AA-001,0.8444,,4,,,,3,,G2_tactic_intent,G2_tactic_intent,,0
C11-otrf-apt29-day1-scranton-nashua,random,0.6,53,oracle_optimal,1,3.0,2,C11-AA-001|C11-AA-003,3.0,0.0,1,0,0,,,,10.0,0,1,1,,development,,0,2,0.5,G2_tactic_intent,0.6,,1,G1_technique,5,0,,,,,,,,,3.0,C11-AA-001,0.7273,,3,,,,2,,G2_tactic_intent,G2_tactic_intent,,0
C11-otrf-apt29-day1-scranton-nashua,stage,0.2,11,project05_m3star_h3_dual,1,0.0,0,,0.0,0.0,0,0,0,m3star_graph_action_value_xgboost_v0.3,m3star_graph_action_reachability_xgboost_v0.1,m3star_graph_action_value_xgboost_v0.3,10.0,0,1,1,0,development,0,0,2,0.5,G2_tactic_intent,0.6,0,0,G2_tactic_intent,2,0,1,3,1,1,1,,8,1,0.0,,0.0,1,0,project05-m3star-runtime-contract-v0.8,e1d6d08bf93f3ff400361ad947d95002dcf97cc68957c58c831e6a4fdb5c2953,0.8.0,0,1,G2_tactic_intent,G2_tactic_intent,m3star_graph_transition_xgboost_v0.1,0
C11-otrf-apt29-day1-scranton-nashua,stage,0.2,11,project05_m3star_h3_no_dominance_dual,1,0.0,0,,0.0,0.0,0,0,0,m3star_graph_action_value_xgboost_v0.3,m3star_graph_action_reachability_xgboost_v0.1,m3star_graph_action_value_xgboost_v0.3,10.0,0,1,1,0,development,0,0,2,0.5,G2_tactic_intent,0.6,0,0,G2_tactic_intent,2,0,1,3,0,1,0,,8,1,0.0,,0.0,0,0,project05-m3star-runtime-contract-v0.8,e1d6d08bf93f3ff400361ad947d95002dcf97cc68957c58c831e6a4fdb5c2953,0.8.0,0,0,G2_tactic_intent,G2_tactic_intent,m3star_graph_transition_xgboost_v0.1,0
C11-otrf-apt29-day1-scranton-nashua,stage,0.2,11,project05_m3star_h3_unshielded_dual,1,0.0,0,,0.0,0.0,0,0,0,m3star_graph_action_value_xgboost_v0.3,m3star_graph_action_reachability_xgboost_v0.1,m3star_graph_action_value_xgboost_v0.3,10.0,0,1,1,0,development,0,0,2,0.5,G2_tactic_intent,0.6,0,0,G2_tactic_intent,2,0,0,3,1,1,0,,8,0,0.0,,0.0,0,0,project05-m3star-runtime-contract-v0.8,e1d6d08bf93f3ff400361ad947d95002dcf97cc68957c58c831e6a4fdb5c2953,0.8.0,0,1,G2_tactic_intent,G2_tactic_intent,m3star_graph_transition_xgboost_v0.1,0
C11-otrf-apt29-day1-scranton-nashua,stage,0.2,11,project05_m3star_h3_transition_only,1,0.0,0,,0.0,0.0,0,0,0,none,none,none,10.0,0,1,1,0,development,0,0,2,0.5,G2_tactic_intent,0.6,0,0,G2_tactic_intent,2,0,1,3,1,0,0,,8,1,0.0,,0.0,0,0,project05-m3star-runtime-contract-v0.8,e1d6d08bf93f3ff400361ad947d95002dcf97cc68957c58c831e6a4fdb5c2953,0.8.0,0,1,G2_tactic_intent,G2_tactic_intent,m3star_graph_transition_xgboost_v0.1,0
C11-otrf-apt29-day1-scranton-nashua,stage,0.2,11,project05_m3star_h1_dual,1,0.0,0,,0.0,0.0,0,0,0,m3star_graph_action_value_xgboost_v0.3,m3star_graph_action_reachability_xgboost_v0.1,m3star_graph_action_value_xgboost_v0.3,10.0,0,1,1,0,development,0,0,2,0.5,G2_tactic_intent,0.6,0,0,G2_tactic_intent,2,0,1,1,1,1,0,,8,1,0.0,,0.0,0,0,project05-m3star-runtime-contract-v0.8,e1d6d08bf93f3ff400361ad947d95002dcf97cc68957c58c831e6a4fdb5c2953,0.8.0,0,1,G2_tactic_intent,G2_tactic_intent,m3star_graph_transition_xgboost_v0.1,0
C11-otrf-apt29-day1-scranton-nashua,stage,0.2,11,project05_xgboost_policy,1,0.0,0,,0.0,0.0,0,0,0,,,,10.0,0,1,1,,development,,0,2,0.5,G2_tactic_intent,0.6,,0,G2_tactic_intent,2,0,,,,,,,,,0.0,,0.0,,0,,,,0,,G2_tactic_intent,G2_tactic_intent,,0
C11-otrf-apt29-day1-scranton-nashua,stage,0.2,11,project05_m3b_policy,1,0.0,0,,0.0,0.0,0,0,0,,,,10.0,0,1,1,,development,,0,2,0.5,G2_tactic_intent,0.6,,0,G2_tactic_intent,2,0,,,,,,,,,0.0,,0.0,,0,,,,0,,G2_tactic_intent,G2_tactic_intent,,0
C11-otrf-apt29-day1-scranton-nashua,stage,0.2,11,project05_m2,1,0.0,0,,0.0,0.0,0,0,0,,,,10.0,0,1,1,,development,,0,2,0.5,G2_tactic_intent,0.6,,0,G2_tactic_intent,2,0,,,,,,,,,0.0,,0.0,,0,,,,0,,G2_tactic_intent,G2_tactic_intent,,0
C11-otrf-apt29-day1-scranton-nashua,stage,0.2,11,oracle_optimal,1,0.0,0,,0.0,0.0,0,0,0,,,,10.0,0,1,1,,development,,0,2,0.5,G2_tactic_intent,0.6,,0,G2_tactic_intent,2,0,,,,,,,,,0.0,,0.0,,0,,,,0,,G2_tactic_intent,G2_tactic_intent,,0
C11-otrf-apt29-day1-scranton-nashua,stage,0.2,23,project05_m3star_h3_dual,1,0.0,0,,0.0,0.0,0,0,0,m3star_graph_action_value_xgboost_v0.3,m3star_graph_action_reachability_xgboost_v0.1,m3star_graph_action_value_xgboost_v0.3,10.0,0,1,1,0,development,0,0,2,0.5,G2_tactic_intent,0.6,0,0,G2_tactic_intent,2,0,1,3,1,1,1,,8,1,0.0,,0.0,1,0,project05-m3star-runtime-contract-v0.8,e1d6d08bf93f3ff400361ad947d95002dcf97cc68957c58c831e6a4fdb5c2953,0.8.0,0,1,G2_tactic_intent,G2_tactic_intent,m3star_graph_transition_xgboost_v0.1,0
C11-otrf-apt29-day1-scranton-nashua,stage,0.2,23,project05_m3star_h3_no_dominance_dual,1,0.0,0,,0.0,0.0,0,0,0,m3star_graph_action_value_xgboost_v0.3,m3star_graph_action_reachability_xgboost_v0.1,m3star_graph_action_value_xgboost_v0.3,10.0,0,1,1,0,development,0,0,2,0.5,G2_tactic_intent,0.6,0,0,G2_tactic_intent,2,0,1,3,0,1,0,,8,1,0.0,,0.0,0,0,project05-m3star-runtime-contract-v0.8,e1d6d08bf93f3ff400361ad947d95002dcf97cc68957c58c831e6a4fdb5c2953,0.8.0,0,0,G2_tactic_intent,G2_tactic_intent,m3star_graph_transition_xgboost_v0.1,0
C11-otrf-apt29-day1-scranton-nashua,stage,0.2,23,project05_m3star_h3_unshielded_dual,1,0.0,0,,0.0,0.0,0,0,0,m3star_graph_action_value_xgboost_v0.3,m3star_graph_action_reachability_xgboost_v0.1,m3star_graph_action_value_xgboost_v0.3,10.0,0,1,1,0,development,0,0,2,0.5,G2_tactic_intent,0.6,0,0,G2_tactic_intent,2,0,0,3,1,1,0,,8,0,0.0,,0.0,0,0,project05-m3star-runtime-contract-v0.8,e1d6d08bf93f3ff400361ad947d95002dcf97cc68957c58c831e6a4fdb5c2953,0.8.0,0,1,G2_tactic_intent,G2_tactic_intent,m3star_graph_transition_xgboost_v0.1,0
C11-otrf-apt29-day1-scranton-nashua,stage,0.2,23,project05_m3star_h3_transition_only,1,0.0,0,,0.0,0.0,0,0,0,none,none,none,10.0,0,1,1,0,development,0,0,2,0.5,G2_tactic_intent,0.6,0,0,G2_tactic_intent,2,0,1,3,1,0,0,,8,1,0.0,,0.0,0,0,project05-m3star-runtime-contract-v0.8,e1d6d08bf93f3ff400361ad947d95002dcf97cc68957c58c831e6a4fdb5c2953,0.8.0,0,1,G2_tactic_intent,G2_tactic_intent,m3star_graph_transition_xgboost_v0.1,0
C11-otrf-apt29-day1-scranton-nashua,stage,0.2,23,project05_m3star_h1_dual,1,0.0,0,,0.0,0.0,0,0,0,m3star_graph_action_value_xgboost_v0.3,m3star_graph_action_reachability_xgboost_v0.1,m3star_graph_action_value_xgboost_v0.3,10.0,0,1,1,0,development,0,0,2,0.5,G2_tactic_intent,0.6,0,0,G2_tactic_intent,2,0,1,1,1,1,0,,8,1,0.0,,0.0,0,0,project05-m3star-runtime-contract-v0.8,e1d6d08bf93f3ff400361ad947d95002dcf97cc68957c58c831e6a4fdb5c2953,0.8.0,0,1,G2_tactic_intent,G2_tactic_intent,m3star_graph_transition_xgboost_v0.1,0
C11-otrf-apt29-day1-scranton-nashua,stage,0.2,23,project05_xgboost_policy,1,0.0,0,,0.0,0.0,0,0,0,,,,10.0,0,1,1,,development,,0,2,0.5,G2_tactic_intent,0.6,,0,G2_tactic_intent,2,0,,,,,,,,,0.0,,0.0,,0,,,,0,,G2_tactic_intent,G2_tactic_intent,,0
C11-otrf-apt29-day1-scranton-nashua,stage,0.2,23,project05_m3b_policy,1,0.0,0,,0.0,0.0,0,0,0,,,,10.0,0,1,1,,development,,0,2,0.5,G2_tactic_intent,0.6,,0,G2_tactic_intent,2,0,,,,,,,,,0.0,,0.0,,0,,,,0,,G2_tactic_intent,G2_tactic_intent,,0
C11-otrf-apt29-day1-scranton-nashua,stage,0.2,23,project05_m2,1,0.0,0,,0.0,0.0,0,0,0,,,,10.0,0,1,1,,development,,0,2,0.5,G2_tactic_intent,0.6,,0,G2_tactic_intent,2,0,,,,,,,,,0.0,,0.0,,0,,,,0,,G2_tactic_intent,G2_tactic_intent,,0
C11-otrf-apt29-day1-scranton-nashua,stage,0.2,23,oracle_optimal,1,0.0,0,,0.0,0.0,0,0,0,,,,10.0,0,1,1,,development,,0,2,0.5,G2_tactic_intent,0.6,,0,G2_tactic_intent,2,0,,,,,,,,,0.0,,0.0,,0,,,,0,,G2_tactic_intent,G2_tactic_intent,,0
C11-otrf-apt29-day1-scranton-nashua,stage,0.2,37,project05_m3star_h3_dual,1,0.0,0,,0.0,0.0,0,0,0,m3star_graph_action_value_xgboost_v0.3,m3star_graph_action_reachability_xgboost_v0.1,m3star_graph_action_value_xgboost_v0.3,10.0,0,1,1,0,development,0,0,2,0.5,G2_tactic_intent,0.6,0,0,G2_tactic_intent,2,0,1,3,1,1,1,,8,1,0.0,,0.0,1,0,project05-m3star-runtime-contract-v0.8,e1d6d08bf93f3ff400361ad947d95002dcf97cc68957c58c831e6a4fdb5c2953,0.8.0,0,1,G2_tactic_intent,G2_tactic_intent,m3star_graph_transition_xgboost_v0.1,0
C11-otrf-apt29-day1-scranton-nashua,stage,0.2,37,project05_m3star_h3_no_dominance_dual,1,0.0,0,,0.0,0.0,0,0,0,m3star_graph_action_value_xgboost_v0.3,m3star_graph_action_reachability_xgboost_v0.1,m3star_graph_action_value_xgboost_v0.3,10.0,0,1,1,0,development,0,0,2,0.5,G2_tactic_intent,0.6,0,0,G2_tactic_intent,2,0,1,3,0,1,0,,8,1,0.0,,0.0,0,0,project05-m3star-runtime-contract-v0.8,e1d6d08bf93f3ff400361ad947d95002dcf97cc68957c58c831e6a4fdb5c2953,0.8.0,0,0,G2_tactic_intent,G2_tactic_intent,m3star_graph_transition_xgboost_v0.1,0
C11-otrf-apt29-day1-scranton-nashua,stage,0.2,37,project05_m3star_h3_unshielded_dual,1,0.0,0,,0.0,0.0,0,0,0,m3star_graph_action_value_xgboost_v0.3,m3star_graph_action_reachability_xgboost_v0.1,m3star_graph_action_value_xgboost_v0.3,10.0,0,1,1,0,development,0,0,2,0.5,G2_tactic_intent,0.6,0,0,G2_tactic_intent,2,0,0,3,1,1,0,,8,0,0.0,,0.0,0,0,project05-m3star-runtime-contract-v0.8,e1d6d08bf93f3ff400361ad947d95002dcf97cc68957c58c831e6a4fdb5c2953,0.8.0,0,1,G2_tactic_intent,G2_tactic_intent,m3star_graph_transition_xgboost_v0.1,0
C11-otrf-apt29-day1-scranton-nashua,stage,0.2,37,project05_m3star_h3_transition_only,1,0.0,0,,0.0,0.0,0,0,0,none,none,none,10.0,0,1,1,0,development,0,0,2,0.5,G2_tactic_intent,0.6,0,0,G2_tactic_intent,2,0,1,3,1,0,0,,8,1,0.0,,0.0,0,0,project05-m3star-runtime-contract-v0.8,e1d6d08bf93f3ff400361ad947d95002dcf97cc68957c58c831e6a4fdb5c2953,0.8.0,0,1,G2_tactic_intent,G2_tactic_intent,m3star_graph_transition_xgboost_v0.1,0
C11-otrf-apt29-day1-scranton-nashua,stage,0.2,37,project05_m3star_h1_dual,1,0.0,0,,0.0,0.0,0,0,0,m3star_graph_action_value_xgboost_v0.3,m3star_graph_action_reachability_xgboost_v0.1,m3star_graph_action_value_xgboost_v0.3,10.0,0,1,1,0,development,0,0,2,0.5,G2_tactic_intent,0.6,0,0,G2_tactic_intent,2,0,1,1,1,1,0,,8,1,0.0,,0.0,0,0,project05-m3star-runtime-contract-v0.8,e1d6d08bf93f3ff400361ad947d95002dcf97cc68957c58c831e6a4fdb5c2953,0.8.0,0,1,G2_tactic_intent,G2_tactic_intent,m3star_graph_transition_xgboost_v0.1,0
C11-otrf-apt29-day1-scranton-nashua,stage,0.2,37,project05_xgboost_policy,1,0.0,0,,0.0,0.0,0,0,0,,,,10.0,0,1,1,,development,,0,2,0.5,G2_tactic_intent,0.6,,0,G2_tactic_intent,2,0,,,,,,,,,0.0,,0.0,,0,,,,0,,G2_tactic_intent,G2_tactic_intent,,0
C11-otrf-apt29-day1-scranton-nashua,stage,0.2,37,project05_m3b_policy,1,0.0,0,,0.0,0.0,0,0,0,,,,10.0,0,1,1,,development,,0,2,0.5,G2_tactic_intent,0.6,,0,G2_tactic_intent,2,0,,,,,,,,,0.0,,0.0,,0,,,,0,,G2_tactic_intent,G2_tactic_intent,,0
C11-otrf-apt29-day1-scranton-nashua,stage,0.2,37,project05_m2,1,0.0,0,,0.0,0.0,0,0,0,,,,10.0,0,1,1,,development,,0,2,0.5,G2_tactic_intent,0.6,,0,G2_tactic_intent,2,0,,,,,,,,,0.0,,0.0,,0,,,,0,,G2_tactic_intent,G2_tactic_intent,,0
C11-otrf-apt29-day1-scranton-nashua,stage,0.2,37,oracle_optimal,1,0.0,0,,0.0,0.0,0,0,0,,,,10.0,0,1,1,,development,,0,2,0.5,G2_tactic_intent,0.6,,0,G2_tactic_intent,2,0,,,,,,,,,0.0,,0.0,,0,,,,0,,G2_tactic_intent,G2_tactic_intent,,0
C11-otrf-apt29-day1-scranton-nashua,stage,0.2,41,project05_m3star_h3_dual,1,0.0,0,,0.0,0.0,0,0,0,m3star_graph_action_value_xgboost_v0.3,m3star_graph_action_reachability_xgboost_v0.1,m3star_graph_action_value_xgboost_v0.3,10.0,0,1,1,0,development,0,0,2,0.5,G2_tactic_intent,0.6,0,0,G2_tactic_intent,2,0,1,3,1,1,1,,8,1,0.0,,0.0,1,0,project05-m3star-runtime-contract-v0.8,e1d6d08bf93f3ff400361ad947d95002dcf97cc68957c58c831e6a4fdb5c2953,0.8.0,0,1,G2_tactic_intent,G2_tactic_intent,m3star_graph_transition_xgboost_v0.1,0
C11-otrf-apt29-day1-scranton-nashua,stage,0.2,41,project05_m3star_h3_no_dominance_dual,1,0.0,0,,0.0,0.0,0,0,0,m3star_graph_action_value_xgboost_v0.3,m3star_graph_action_reachability_xgboost_v0.1,m3star_graph_action_value_xgboost_v0.3,10.0,0,1,1,0,development,0,0,2,0.5,G2_tactic_intent,0.6,0,0,G2_tactic_intent,2,0,1,3,0,1,0,,8,1,0.0,,0.0,0,0,project05-m3star-runtime-contract-v0.8,e1d6d08bf93f3ff400361ad947d95002dcf97cc68957c58c831e6a4fdb5c2953,0.8.0,0,0,G2_tactic_intent,G2_tactic_intent,m3star_graph_transition_xgboost_v0.1,0
C11-otrf-apt29-day1-scranton-nashua,stage,0.2,41,project05_m3star_h3_unshielded_dual,1,0.0,0,,0.0,0.0,0,0,0,m3star_graph_action_value_xgboost_v0.3,m3star_graph_action_reachability_xgboost_v0.1,m3star_graph_action_value_xgboost_v0.3,10.0,0,1,1,0,development,0,0,2,0.5,G2_tactic_intent,0.6,0,0,G2_tactic_intent,2,0,0,3,1,1,0,,8,0,0.0,,0.0,0,0,project05-m3star-runtime-contract-v0.8,e1d6d08bf93f3ff400361ad947d95002dcf97cc68957c58c831e6a4fdb5c2953,0.8.0,0,1,G2_tactic_intent,G2_tactic_intent,m3star_graph_transition_xgboost_v0.1,0
C11-otrf-apt29-day1-scranton-nashua,stage,0.2,41,project05_m3star_h3_transition_only,1,0.0,0,,0.0,0.0,0,0,0,none,none,none,10.0,0,1,1,0,development,0,0,2,0.5,G2_tactic_intent,0.6,0,0,G2_tactic_intent,2,0,1,3,1,0,0,,8,1,0.0,,0.0,0,0,project05-m3star-runtime-contract-v0.8,e1d6d08bf93f3ff400361ad947d95002dcf97cc68957c58c831e6a4fdb5c2953,0.8.0,0,1,G2_tactic_intent,G2_tactic_intent,m3star_graph_transition_xgboost_v0.1,0
C11-otrf-apt29-day1-scranton-nashua,stage,0.2,41,project05_m3star_h1_dual,1,0.0,0,,0.0,0.0,0,0,0,m3star_graph_action_value_xgboost_v0.3,m3star_graph_action_reachability_xgboost_v0.1,m3star_graph_action_value_xgboost_v0.3,10.0,0,1,1,0,development,0,0,2,0.5,G2_tactic_intent,0.6,0,0,G2_tactic_intent,2,0,1,1,1,1,0,,8,1,0.0,,0.0,0,0,project05-m3star-runtime-contract-v0.8,e1d6d08bf93f3ff400361ad947d95002dcf97cc68957c58c831e6a4fdb5c2953,0.8.0,0,1,G2_tactic_intent,G2_tactic_intent,m3star_graph_transition_xgboost_v0.1,0
C11-otrf-apt29-day1-scranton-nashua,stage,0.2,41,project05_xgboost_policy,1,0.0,0,,0.0,0.0,0,0,0,,,,10.0,0,1,1,,development,,0,2,0.5,G2_tactic_intent,0.6,,0,G2_tactic_intent,2,0,,,,,,,,,0.0,,0.0,,0,,,,0,,G2_tactic_intent,G2_tactic_intent,,0
C11-otrf-apt29-day1-scranton-nashua,stage,0.2,41,project05_m3b_policy,1,0.0,0,,0.0,0.0,0,0,0,,,,10.0,0,1,1,,development,,0,2,0.5,G2_tactic_intent,0.6,,0,G2_tactic_intent,2,0,,,,,,,,,0.0,,0.0,,0,,,,0,,G2_tactic_intent,G2_tactic_intent,,0
C11-otrf-apt29-day1-scranton-nashua,stage,0.2,41,project05_m2,1,0.0,0,,0.0,0.0,0,0,0,,,,10.0,0,1,1,,development,,0,2,0.5,G2_tactic_intent,0.6,,0,G2_tactic_intent,2,0,,,,,,,,,0.0,,0.0,,0,,,,0,,G2_tactic_intent,G2_tactic_intent,,0
C11-otrf-apt29-day1-scranton-nashua,stage,0.2,41,oracle_optimal,1,0.0,0,,0.0,0.0,0,0,0,,,,10.0,0,1,1,,development,,0,2,0.5,G2_tactic_intent,0.6,,0,G2_tactic_intent,2,0,,,,,,,,,0.0,,0.0,,0,,,,0,,G2_tactic_intent,G2_tactic_intent,,0
C11-otrf-apt29-day1-scranton-nashua,stage,0.2,53,project05_m3star_h3_dual,1,0.0,0,,0.0,0.0,0,0,0,m3star_graph_action_value_xgboost_v0.3,m3star_graph_action_reachability_xgboost_v0.1,m3star_graph_action_value_xgboost_v0.3,10.0,0,1,1,0,development,0,0,2,0.5,G2_tactic_intent,0.6,0,0,G2_tactic_intent,2,0,1,3,1,1,1,,8,1,0.0,,0.0,1,0,project05-m3star-runtime-contract-v0.8,e1d6d08bf93f3ff400361ad947d95002dcf97cc68957c58c831e6a4fdb5c2953,0.8.0,0,1,G2_tactic_intent,G2_tactic_intent,m3star_graph_transition_xgboost_v0.1,0
C11-otrf-apt29-day1-scranton-nashua,stage,0.2,53,project05_m3star_h3_no_dominance_dual,1,0.0,0,,0.0,0.0,0,0,0,m3star_graph_action_value_xgboost_v0.3,m3star_graph_action_reachability_xgboost_v0.1,m3star_graph_action_value_xgboost_v0.3,10.0,0,1,1,0,development,0,0,2,0.5,G2_tactic_intent,0.6,0,0,G2_tactic_intent,2,0,1,3,0,1,0,,8,1,0.0,,0.0,0,0,project05-m3star-runtime-contract-v0.8,e1d6d08bf93f3ff400361ad947d95002dcf97cc68957c58c831e6a4fdb5c2953,0.8.0,0,0,G2_tactic_intent,G2_tactic_intent,m3star_graph_transition_xgboost_v0.1,0
C11-otrf-apt29-day1-scranton-nashua,stage,0.2,53,project05_m3star_h3_unshielded_dual,1,0.0,0,,0.0,0.0,0,0,0,m3star_graph_action_value_xgboost_v0.3,m3star_graph_action_reachability_xgboost_v0.1,m3star_graph_action_value_xgboost_v0.3,10.0,0,1,1,0,development,0,0,2,0.5,G2_tactic_intent,0.6,0,0,G2_tactic_intent,2,0,0,3,1,1,0,,8,0,0.0,,0.0,0,0,project05-m3star-runtime-contract-v0.8,e1d6d08bf93f3ff400361ad947d95002dcf97cc68957c58c831e6a4fdb5c2953,0.8.0,0,1,G2_tactic_intent,G2_tactic_intent,m3star_graph_transition_xgboost_v0.1,0
C11-otrf-apt29-day1-scranton-nashua,stage,0.2,53,project05_m3star_h3_transition_only,1,0.0,0,,0.0,0.0,0,0,0,none,none,none,10.0,0,1,1,0,development,0,0,2,0.5,G2_tactic_intent,0.6,0,0,G2_tactic_intent,2,0,1,3,1,0,0,,8,1,0.0,,0.0,0,0,project05-m3star-runtime-contract-v0.8,e1d6d08bf93f3ff400361ad947d95002dcf97cc68957c58c831e6a4fdb5c2953,0.8.0,0,1,G2_tactic_intent,G2_tactic_intent,m3star_graph_transition_xgboost_v0.1,0
C11-otrf-apt29-day1-scranton-nashua,stage,0.2,53,project05_m3star_h1_dual,1,0.0,0,,0.0,0.0,0,0,0,m3star_graph_action_value_xgboost_v0.3,m3star_graph_action_reachability_xgboost_v0.1,m3star_graph_action_value_xgboost_v0.3,10.0,0,1,1,0,development,0,0,2,0.5,G2_tactic_intent,0.6,0,0,G2_tactic_intent,2,0,1,1,1,1,0,,8,1,0.0,,0.0,0,0,project05-m3star-runtime-contract-v0.8,e1d6d08bf93f3ff400361ad947d95002dcf97cc68957c58c831e6a4fdb5c2953,0.8.0,0,1,G2_tactic_intent,G2_tactic_intent,m3star_graph_transition_xgboost_v0.1,0
C11-otrf-apt29-day1-scranton-nashua,stage,0.2,53,project05_xgboost_policy,1,0.0,0,,0.0,0.0,0,0,0,,,,10.0,0,1,1,,development,,0,2,0.5,G2_tactic_intent,0.6,,0,G2_tactic_intent,2,0,,,,,,,,,0.0,,0.0,,0,,,,0,,G2_tactic_intent,G2_tactic_intent,,0
C11-otrf-apt29-day1-scranton-nashua,stage,0.2,53,project05_m3b_policy,1,0.0,0,,0.0,0.0,0,0,0,,,,10.0,0,1,1,,development,,0,2,0.5,G2_tactic_intent,0.6,,0,G2_tactic_intent,2,0,,,,,,,,,0.0,,0.0,,0,,,,0,,G2_tactic_intent,G2_tactic_intent,,0
C11-otrf-apt29-day1-scranton-nashua,stage,0.2,53,project05_m2,1,0.0,0,,0.0,0.0,0,0,0,,,,10.0,0,1,1,,development,,0,2,0.5,G2_tactic_intent,0.6,,0,G2_tactic_intent,2,0,,,,,,,,,0.0,,0.0,,0,,,,0,,G2_tactic_intent,G2_tactic_intent,,0
C11-otrf-apt29-day1-scranton-nashua,stage,0.2,53,oracle_optimal,1,0.0,0,,0.0,0.0,0,0,0,,,,10.0,0,1,1,,development,,0,2,0.5,G2_tactic_intent,0.6,,0,G2_tactic_intent,2,0,,,,,,,,,0.0,,0.0,,0,,,,0,,G2_tactic_intent,G2_tactic_intent,,0
C11-otrf-apt29-day1-scranton-nashua,stage,0.4,11,project05_m3star_h3_dual,1,3.0,2,C11-AA-001|C11-AA-002,3.0,0.0,1,0,0,m3star_graph_action_value_xgboost_v0.3,m3star_graph_action_reachability_xgboost_v0.1,m3star_graph_action_value_xgboost_v0.3,10.0,0,1,1,0,development,0,0,2,0.25,G2_tactic_intent,0.6,2,1,G1_technique,4,0,1,3,1,1,1,,8,1,3.0,C11-AA-001,1.0,1,3,project05-m3star-runtime-contract-v0.8,e1d6d08bf93f3ff400361ad947d95002dcf97cc68957c58c831e6a4fdb5c2953,0.8.0,2,1,G2_tactic_intent,G2_tactic_intent,m3star_graph_transition_xgboost_v0.1,0
C11-otrf-apt29-day1-scranton-nashua,stage,0.4,11,project05_m3star_h3_no_dominance_dual,1,3.0,2,C11-AA-001|C11-AA-002,3.0,0.0,1,0,0,m3star_graph_action_value_xgboost_v0.3,m3star_graph_action_reachability_xgboost_v0.1,m3star_graph_action_value_xgboost_v0.3,10.0,0,1,1,0,development,0,0,2,0.25,G2_tactic_intent,0.6,2,1,G1_technique,4,0,1,3,0,1,0,,8,1,3.0,C11-AA-001,1.0,0,3,project05-m3star-runtime-contract-v0.8,e1d6d08bf93f3ff400361ad947d95002dcf97cc68957c58c831e6a4fdb5c2953,0.8.0,2,0,G2_tactic_intent,G2_tactic_intent,m3star_graph_transition_xgboost_v0.1,0
C11-otrf-apt29-day1-scranton-nashua,stage,0.4,11,project05_m3star_h3_unshielded_dual,1,3.0,2,C11-AA-001|C11-AA-002,3.0,0.0,1,0,0,m3star_graph_action_value_xgboost_v0.3,m3star_graph_action_reachability_xgboost_v0.1,m3star_graph_action_value_xgboost_v0.3,10.0,0,1,1,0,development,0,0,2,0.25,G2_tactic_intent,0.6,2,1,G1_technique,4,0,0,3,1,1,0,,8,0,3.0,C11-AA-001,1.0,0,3,project05-m3star-runtime-contract-v0.8,e1d6d08bf93f3ff400361ad947d95002dcf97cc68957c58c831e6a4fdb5c2953,0.8.0,2,1,G2_tactic_intent,G2_tactic_intent,m3star_graph_transition_xgboost_v0.1,0
C11-otrf-apt29-day1-scranton-nashua,stage,0.4,11,project05_m3star_h3_transition_only,1,3.0,2,C11-AA-001|C11-AA-002,3.0,0.0,1,0,0,none,none,none,10.0,0,1,1,0,development,0,0,2,0.25,G2_tactic_intent,0.6,0,1,G1_technique,4,0,1,3,1,0,0,,8,1,3.0,C11-AA-001,1.0,0,3,project05-m3star-runtime-contract-v0.8,e1d6d08bf93f3ff400361ad947d95002dcf97cc68957c58c831e6a4fdb5c2953,0.8.0,2,1,G2_tactic_intent,G2_tactic_intent,m3star_graph_transition_xgboost_v0.1,0
C11-otrf-apt29-day1-scranton-nashua,stage,0.4,11,project05_m3star_h1_dual,1,3.0,2,C11-AA-001|C11-AA-002,3.0,0.0,1,0,0,m3star_graph_action_value_xgboost_v0.3,m3star_graph_action_reachability_xgboost_v0.1,m3star_graph_action_value_xgboost_v0.3,10.0,0,1,1,0,development,0,0,2,0.25,G2_tactic_intent,0.6,2,1,G1_technique,4,0,1,1,1,1,0,,8,1,3.0,C11-AA-001,1.0,0,3,project05-m3star-runtime-contract-v0.8,e1d6d08bf93f3ff400361ad947d95002dcf97cc68957c58c831e6a4fdb5c2953,0.8.0,2,1,G2_tactic_intent,G2_tactic_intent,m3star_graph_transition_xgboost_v0.1,0
C11-otrf-apt29-day1-scranton-nashua,stage,0.4,11,project05_xgboost_policy,1,3.0,2,C11-AA-001|C11-AA-002,3.0,0.0,1,0,0,,,,10.0,0,1,1,,development,,0,2,0.25,G2_tactic_intent,0.6,,1,G1_technique,4,0,,,,,,,,,3.0,C11-AA-001,1.0,,3,,,,2,,G2_tactic_intent,G2_tactic_intent,,0
C11-otrf-apt29-day1-scranton-nashua,stage,0.4,11,project05_m3b_policy,1,3.0,2,C11-AA-001|C11-AA-002,3.0,0.0,1,0,0,,,,10.0,0,1,1,,development,,0,2,0.25,G2_tactic_intent,0.6,,1,G1_technique,4,0,,,,,,,,,3.0,C11-AA-001,1.0,,3,,,,2,,G2_tactic_intent,G2_tactic_intent,,0
C11-otrf-apt29-day1-scranton-nashua,stage,0.4,11,project05_m2,1,3.0,2,C11-AA-001|C11-AA-002,3.0,0.0,1,0,0,,,,10.0,0,1,1,,development,,0,2,0.25,G2_tactic_intent,0.6,,1,G1_technique,4,0,,,,,,,,,3.0,C11-AA-001,1.0,,3,,,,2,,G2_tactic_intent,G2_tactic_intent,,0
C11-otrf-apt29-day1-scranton-nashua,stage,0.4,11,oracle_optimal,1,3.0,2,C11-AA-001|C11-AA-002,3.0,0.0,1,0,0,,,,10.0,0,1,1,,development,,0,2,0.25,G2_tactic_intent,0.6,,1,G1_technique,4,0,,,,,,,,,3.0,C11-AA-001,1.0,,3,,,,2,,G2_tactic_intent,G2_tactic_intent,,0
C11-otrf-apt29-day1-scranton-nashua,stage,0.4,23,project05_m3star_h3_dual,1,3.0,2,C11-AA-001|C11-AA-002,3.0,0.0,1,0,0,m3star_graph_action_value_xgboost_v0.3,m3star_graph_action_reachability_xgboost_v0.1,m3star_graph_action_value_xgboost_v0.3,10.0,0,1,1,0,development,0,0,2,0.25,G2_tactic_intent,0.6,2,1,G1_technique,4,0,1,3,1,1,1,,8,1,3.0,C11-AA-001,1.0,1,3,project05-m3star-runtime-contract-v0.8,e1d6d08bf93f3ff400361ad947d95002dcf97cc68957c58c831e6a4fdb5c2953,0.8.0,2,1,G2_tactic_intent,G2_tactic_intent,m3star_graph_transition_xgboost_v0.1,0
C11-otrf-apt29-day1-scranton-nashua,stage,0.4,23,project05_m3star_h3_no_dominance_dual,1,3.0,2,C11-AA-001|C11-AA-002,3.0,0.0,1,0,0,m3star_graph_action_value_xgboost_v0.3,m3star_graph_action_reachability_xgboost_v0.1,m3star_graph_action_value_xgboost_v0.3,10.0,0,1,1,0,development,0,0,2,0.25,G2_tactic_intent,0.6,2,1,G1_technique,4,0,1,3,0,1,0,,8,1,3.0,C11-AA-001,1.0,0,3,project05-m3star-runtime-contract-v0.8,e1d6d08bf93f3ff400361ad947d95002dcf97cc68957c58c831e6a4fdb5c2953,0.8.0,2,0,G2_tactic_intent,G2_tactic_intent,m3star_graph_transition_xgboost_v0.1,0
C11-otrf-apt29-day1-scranton-nashua,stage,0.4,23,project05_m3star_h3_unshielded_dual,1,3.0,2,C11-AA-001|C11-AA-002,3.0,0.0,1,0,0,m3star_graph_action_value_xgboost_v0.3,m3star_graph_action_reachability_xgboost_v0.1,m3star_graph_action_value_xgboost_v0.3,10.0,0,1,1,0,development,0,0,2,0.25,G2_tactic_intent,0.6,2,1,G1_technique,4,0,0,3,1,1,0,,8,0,3.0,C11-AA-001,1.0,0,3,project05-m3star-runtime-contract-v0.8,e1d6d08bf93f3ff400361ad947d95002dcf97cc68957c58c831e6a4fdb5c2953,0.8.0,2,1,G2_tactic_intent,G2_tactic_intent,m3star_graph_transition_xgboost_v0.1,0
C11-otrf-apt29-day1-scranton-nashua,stage,0.4,23,project05_m3star_h3_transition_only,1,3.0,2,C11-AA-001|C11-AA-002,3.0,0.0,1,0,0,none,none,none,10.0,0,1,1,0,development,0,0,2,0.25,G2_tactic_intent,0.6,0,1,G1_technique,4,0,1,3,1,0,0,,8,1,3.0,C11-AA-001,1.0,0,3,project05-m3star-runtime-contract-v0.8,e1d6d08bf93f3ff400361ad947d95002dcf97cc68957c58c831e6a4fdb5c2953,0.8.0,2,1,G2_tactic_intent,G2_tactic_intent,m3star_graph_transition_xgboost_v0.1,0
C11-otrf-apt29-day1-scranton-nashua,stage,0.4,23,project05_m3star_h1_dual,1,3.0,2,C11-AA-001|C11-AA-002,3.0,0.0,1,0,0,m3star_graph_action_value_xgboost_v0.3,m3star_graph_action_reachability_xgboost_v0.1,m3star_graph_action_value_xgboost_v0.3,10.0,0,1,1,0,development,0,0,2,0.25,G2_tactic_intent,0.6,2,1,G1_technique,4,0,1,1,1,1,0,,8,1,3.0,C11-AA-001,1.0,0,3,project05-m3star-runtime-contract-v0.8,e1d6d08bf93f3ff400361ad947d95002dcf97cc68957c58c831e6a4fdb5c2953,0.8.0,2,1,G2_tactic_intent,G2_tactic_intent,m3star_graph_transition_xgboost_v0.1,0
C11-otrf-apt29-day1-scranton-nashua,stage,0.4,23,project05_xgboost_policy,1,3.0,2,C11-AA-001|C11-AA-002,3.0,0.0,1,0,0,,,,10.0,0,1,1,,development,,0,2,0.25,G2_tactic_intent,0.6,,1,G1_technique,4,0,,,,,,,,,3.0,C11-AA-001,1.0,,3,,,,2,,G2_tactic_intent,G2_tactic_intent,,0
C11-otrf-apt29-day1-scranton-nashua,stage,0.4,23,project05_m3b_policy,1,3.0,2,C11-AA-001|C11-AA-002,3.0,0.0,1,0,0,,,,10.0,0,1,1,,development,,0,2,0.25,G2_tactic_intent,0.6,,1,G1_technique,4,0,,,,,,,,,3.0,C11-AA-001,1.0,,3,,,,2,,G2_tactic_intent,G2_tactic_intent,,0
C11-otrf-apt29-day1-scranton-nashua,stage,0.4,23,project05_m2,1,3.0,2,C11-AA-001|C11-AA-002,3.0,0.0,1,0,0,,,,10.0,0,1,1,,development,,0,2,0.25,G2_tactic_intent,0.6,,1,G1_technique,4,0,,,,,,,,,3.0,C11-AA-001,1.0,,3,,,,2,,G2_tactic_intent,G2_tactic_intent,,0
C11-otrf-apt29-day1-scranton-nashua,stage,0.4,23,oracle_optimal,1,3.0,2,C11-AA-001|C11-AA-002,3.0,0.0,1,0,0,,,,10.0,0,1,1,,development,,0,2,0.25,G2_tactic_intent,0.6,,1,G1_technique,4,0,,,,,,,,,3.0,C11-AA-001,1.0,,3,,,,2,,G2_tactic_intent,G2_tactic_intent,,0
C11-otrf-apt29-day1-scranton-nashua,stage,0.4,37,project05_m3star_h3_dual,1,3.0,2,C11-AA-001|C11-AA-002,3.0,0.0,1,0,0,m3star_graph_action_value_xgboost_v0.3,m3star_graph_action_reachability_xgboost_v0.1,m3star_graph_action_value_xgboost_v0.3,10.0,0,1,1,0,development,0,0,2,0.25,G2_tactic_intent,0.6,2,1,G1_technique,4,0,1,3,1,1,1,,8,1,3.0,C11-AA-001,1.0,1,3,project05-m3star-runtime-contract-v0.8,e1d6d08bf93f3ff400361ad947d95002dcf97cc68957c58c831e6a4fdb5c2953,0.8.0,2,1,G2_tactic_intent,G2_tactic_intent,m3star_graph_transition_xgboost_v0.1,0
C11-otrf-apt29-day1-scranton-nashua,stage,0.4,37,project05_m3star_h3_no_dominance_dual,1,3.0,2,C11-AA-001|C11-AA-002,3.0,0.0,1,0,0,m3star_graph_action_value_xgboost_v0.3,m3star_graph_action_reachability_xgboost_v0.1,m3star_graph_action_value_xgboost_v0.3,10.0,0,1,1,0,development,0,0,2,0.25,G2_tactic_intent,0.6,2,1,G1_technique,4,0,1,3,0,1,0,,8,1,3.0,C11-AA-001,1.0,0,3,project05-m3star-runtime-contract-v0.8,e1d6d08bf93f3ff400361ad947d95002dcf97cc68957c58c831e6a4fdb5c2953,0.8.0,2,0,G2_tactic_intent,G2_tactic_intent,m3star_graph_transition_xgboost_v0.1,0
C11-otrf-apt29-day1-scranton-nashua,stage,0.4,37,project05_m3star_h3_unshielded_dual,1,3.0,2,C11-AA-001|C11-AA-002,3.0,0.0,1,0,0,m3star_graph_action_value_xgboost_v0.3,m3star_graph_action_reachability_xgboost_v0.1,m3star_graph_action_value_xgboost_v0.3,10.0,0,1,1,0,development,0,0,2,0.25,G2_tactic_intent,0.6,2,1,G1_technique,4,0,0,3,1,1,0,,8,0,3.0,C11-AA-001,1.0,0,3,project05-m3star-runtime-contract-v0.8,e1d6d08bf93f3ff400361ad947d95002dcf97cc68957c58c831e6a4fdb5c2953,0.8.0,2,1,G2_tactic_intent,G2_tactic_intent,m3star_graph_transition_xgboost_v0.1,0
C11-otrf-apt29-day1-scranton-nashua,stage,0.4,37,project05_m3star_h3_transition_only,1,3.0,2,C11-AA-001|C11-AA-002,3.0,0.0,1,0,0,none,none,none,10.0,0,1,1,0,development,0,0,2,0.25,G2_tactic_intent,0.6,0,1,G1_technique,4,0,1,3,1,0,0,,8,1,3.0,C11-AA-001,1.0,0,3,project05-m3star-runtime-contract-v0.8,e1d6d08bf93f3ff400361ad947d95002dcf97cc68957c58c831e6a4fdb5c2953,0.8.0,2,1,G2_tactic_intent,G2_tactic_intent,m3star_graph_transition_xgboost_v0.1,0
C11-otrf-apt29-day1-scranton-nashua,stage,0.4,37,project05_m3star_h1_dual,1,3.0,2,C11-AA-001|C11-AA-002,3.0,0.0,1,0,0,m3star_graph_action_value_xgboost_v0.3,m3star_graph_action_reachability_xgboost_v0.1,m3star_graph_action_value_xgboost_v0.3,10.0,0,1,1,0,development,0,0,2,0.25,G2_tactic_intent,0.6,2,1,G1_technique,4,0,1,1,1,1,0,,8,1,3.0,C11-AA-001,1.0,0,3,project05-m3star-runtime-contract-v0.8,e1d6d08bf93f3ff400361ad947d95002dcf97cc68957c58c831e6a4fdb5c2953,0.8.0,2,1,G2_tactic_intent,G2_tactic_intent,m3star_graph_transition_xgboost_v0.1,0
C11-otrf-apt29-day1-scranton-nashua,stage,0.4,37,project05_xgboost_policy,1,3.0,2,C11-AA-001|C11-AA-002,3.0,0.0,1,0,0,,,,10.0,0,1,1,,development,,0,2,0.25,G2_tactic_intent,0.6,,1,G1_technique,4,0,,,,,,,,,3.0,C11-AA-001,1.0,,3,,,,2,,G2_tactic_intent,G2_tactic_intent,,0
C11-otrf-apt29-day1-scranton-nashua,stage,0.4,37,project05_m3b_policy,1,3.0,2,C11-AA-001|C11-AA-002,3.0,0.0,1,0,0,,,,10.0,0,1,1,,development,,0,2,0.25,G2_tactic_intent,0.6,,1,G1_technique,4,0,,,,,,,,,3.0,C11-AA-001,1.0,,3,,,,2,,G2_tactic_intent,G2_tactic_intent,,0
C11-otrf-apt29-day1-scranton-nashua,stage,0.4,37,project05_m2,1,3.0,2,C11-AA-001|C11-AA-002,3.0,0.0,1,0,0,,,,10.0,0,1,1,,development,,0,2,0.25,G2_tactic_intent,0.6,,1,G1_technique,4,0,,,,,,,,,3.0,C11-AA-001,1.0,,3,,,,2,,G2_tactic_intent,G2_tactic_intent,,0
C11-otrf-apt29-day1-scranton-nashua,stage,0.4,37,oracle_optimal,1,3.0,2,C11-AA-001|C11-AA-002,3.0,0.0,1,0,0,,,,10.0,0,1,1,,development,,0,2,0.25,G2_tactic_intent,0.6,,1,G1_technique,4,0,,,,,,,,,3.0,C11-AA-001,1.0,,3,,,,2,,G2_tactic_intent,G2_tactic_intent,,0
C11-otrf-apt29-day1-scranton-nashua,stage,0.4,41,project05_m3star_h3_dual,1,3.0,2,C11-AA-001|C11-AA-002,3.0,0.0,1,0,0,m3star_graph_action_value_xgboost_v0.3,m3star_graph_action_reachability_xgboost_v0.1,m3star_graph_action_value_xgboost_v0.3,10.0,0,1,1,0,development,0,0,2,0.25,G2_tactic_intent,0.6,2,1,G1_technique,4,0,1,3,1,1,1,,8,1,3.0,C11-AA-001,1.0,1,3,project05-m3star-runtime-contract-v0.8,e1d6d08bf93f3ff400361ad947d95002dcf97cc68957c58c831e6a4fdb5c2953,0.8.0,2,1,G2_tactic_intent,G2_tactic_intent,m3star_graph_transition_xgboost_v0.1,0
C11-otrf-apt29-day1-scranton-nashua,stage,0.4,41,project05_m3star_h3_no_dominance_dual,1,3.0,2,C11-AA-001|C11-AA-002,3.0,0.0,1,0,0,m3star_graph_action_value_xgboost_v0.3,m3star_graph_action_reachability_xgboost_v0.1,m3star_graph_action_value_xgboost_v0.3,10.0,0,1,1,0,development,0,0,2,0.25,G2_tactic_intent,0.6,2,1,G1_technique,4,0,1,3,0,1,0,,8,1,3.0,C11-AA-001,1.0,0,3,project05-m3star-runtime-contract-v0.8,e1d6d08bf93f3ff400361ad947d95002dcf97cc68957c58c831e6a4fdb5c2953,0.8.0,2,0,G2_tactic_intent,G2_tactic_intent,m3star_graph_transition_xgboost_v0.1,0
C11-otrf-apt29-day1-scranton-nashua,stage,0.4,41,project05_m3star_h3_unshielded_dual,1,3.0,2,C11-AA-001|C11-AA-002,3.0,0.0,1,0,0,m3star_graph_action_value_xgboost_v0.3,m3star_graph_action_reachability_xgboost_v0.1,m3star_graph_action_value_xgboost_v0.3,10.0,0,1,1,0,development,0,0,2,0.25,G2_tactic_intent,0.6,2,1,G1_technique,4,0,0,3,1,1,0,,8,0,3.0,C11-AA-001,1.0,0,3,project05-m3star-runtime-contract-v0.8,e1d6d08bf93f3ff400361ad947d95002dcf97cc68957c58c831e6a4fdb5c2953,0.8.0,2,1,G2_tactic_intent,G2_tactic_intent,m3star_graph_transition_xgboost_v0.1,0
C11-otrf-apt29-day1-scranton-nashua,stage,0.4,41,project05_m3star_h3_transition_only,1,3.0,2,C11-AA-001|C11-AA-002,3.0,0.0,1,0,0,none,none,none,10.0,0,1,1,0,development,0,0,2,0.25,G2_tactic_intent,0.6,0,1,G1_technique,4,0,1,3,1,0,0,,8,1,3.0,C11-AA-001,1.0,0,3,project05-m3star-runtime-contract-v0.8,e1d6d08bf93f3ff400361ad947d95002dcf97cc68957c58c831e6a4fdb5c2953,0.8.0,2,1,G2_tactic_intent,G2_tactic_intent,m3star_graph_transition_xgboost_v0.1,0
C11-otrf-apt29-day1-scranton-nashua,stage,0.4,41,project05_m3star_h1_dual,1,3.0,2,C11-AA-001|C11-AA-002,3.0,0.0,1,0,0,m3star_graph_action_value_xgboost_v0.3,m3star_graph_action_reachability_xgboost_v0.1,m3star_graph_action_value_xgboost_v0.3,10.0,0,1,1,0,development,0,0,2,0.25,G2_tactic_intent,0.6,2,1,G1_technique,4,0,1,1,1,1,0,,8,1,3.0,C11-AA-001,1.0,0,3,project05-m3star-runtime-contract-v0.8,e1d6d08bf93f3ff400361ad947d95002dcf97cc68957c58c831e6a4fdb5c2953,0.8.0,2,1,G2_tactic_intent,G2_tactic_intent,m3star_graph_transition_xgboost_v0.1,0
C11-otrf-apt29-day1-scranton-nashua,stage,0.4,41,project05_xgboost_policy,1,3.0,2,C11-AA-001|C11-AA-002,3.0,0.0,1,0,0,,,,10.0,0,1,1,,development,,0,2,0.25,G2_tactic_intent,0.6,,1,G1_technique,4,0,,,,,,,,,3.0,C11-AA-001,1.0,,3,,,,2,,G2_tactic_intent,G2_tactic_intent,,0
C11-otrf-apt29-day1-scranton-nashua,stage,0.4,41,project05_m3b_policy,1,3.0,2,C11-AA-001|C11-AA-002,3.0,0.0,1,0,0,,,,10.0,0,1,1,,development,,0,2,0.25,G2_tactic_intent,0.6,,1,G1_technique,4,0,,,,,,,,,3.0,C11-AA-001,1.0,,3,,,,2,,G2_tactic_intent,G2_tactic_intent,,0
C11-otrf-apt29-day1-scranton-nashua,stage,0.4,41,project05_m2,1,3.0,2,C11-AA-001|C11-AA-002,3.0,0.0,1,0,0,,,,10.0,0,1,1,,development,,0,2,0.25,G2_tactic_intent,0.6,,1,G1_technique,4,0,,,,,,,,,3.0,C11-AA-001,1.0,,3,,,,2,,G2_tactic_intent,G2_tactic_intent,,0
C11-otrf-apt29-day1-scranton-nashua,stage,0.4,41,oracle_optimal,1,3.0,2,C11-AA-001|C11-AA-002,3.0,0.0,1,0,0,,,,10.0,0,1,1,,development,,0,2,0.25,G2_tactic_intent,0.6,,1,G1_technique,4,0,,,,,,,,,3.0,C11-AA-001,1.0,,3,,,,2,,G2_tactic_intent,G2_tactic_intent,,0
C11-otrf-apt29-day1-scranton-nashua,stage,0.4,53,project05_m3star_h3_dual,1,3.0,2,C11-AA-001|C11-AA-002,3.0,0.0,1,0,0,m3star_graph_action_value_xgboost_v0.3,m3star_graph_action_reachability_xgboost_v0.1,m3star_graph_action_value_xgboost_v0.3,10.0,0,1,1,0,development,0,0,2,0.25,G2_tactic_intent,0.6,2,1,G1_technique,4,0,1,3,1,1,1,,8,1,3.0,C11-AA-001,1.0,1,3,project05-m3star-runtime-contract-v0.8,e1d6d08bf93f3ff400361ad947d95002dcf97cc68957c58c831e6a4fdb5c2953,0.8.0,2,1,G2_tactic_intent,G2_tactic_intent,m3star_graph_transition_xgboost_v0.1,0
C11-otrf-apt29-day1-scranton-nashua,stage,0.4,53,project05_m3star_h3_no_dominance_dual,1,3.0,2,C11-AA-001|C11-AA-002,3.0,0.0,1,0,0,m3star_graph_action_value_xgboost_v0.3,m3star_graph_action_reachability_xgboost_v0.1,m3star_graph_action_value_xgboost_v0.3,10.0,0,1,1,0,development,0,0,2,0.25,G2_tactic_intent,0.6,2,1,G1_technique,4,0,1,3,0,1,0,,8,1,3.0,C11-AA-001,1.0,0,3,project05-m3star-runtime-contract-v0.8,e1d6d08bf93f3ff400361ad947d95002dcf97cc68957c58c831e6a4fdb5c2953,0.8.0,2,0,G2_tactic_intent,G2_tactic_intent,m3star_graph_transition_xgboost_v0.1,0
C11-otrf-apt29-day1-scranton-nashua,stage,0.4,53,project05_m3star_h3_unshielded_dual,1,3.0,2,C11-AA-001|C11-AA-002,3.0,0.0,1,0,0,m3star_graph_action_value_xgboost_v0.3,m3star_graph_action_reachability_xgboost_v0.1,m3star_graph_action_value_xgboost_v0.3,10.0,0,1,1,0,development,0,0,2,0.25,G2_tactic_intent,0.6,2,1,G1_technique,4,0,0,3,1,1,0,,8,0,3.0,C11-AA-001,1.0,0,3,project05-m3star-runtime-contract-v0.8,e1d6d08bf93f3ff400361ad947d95002dcf97cc68957c58c831e6a4fdb5c2953,0.8.0,2,1,G2_tactic_intent,G2_tactic_intent,m3star_graph_transition_xgboost_v0.1,0
C11-otrf-apt29-day1-scranton-nashua,stage,0.4,53,project05_m3star_h3_transition_only,1,3.0,2,C11-AA-001|C11-AA-002,3.0,0.0,1,0,0,none,none,none,10.0,0,1,1,0,development,0,0,2,0.25,G2_tactic_intent,0.6,0,1,G1_technique,4,0,1,3,1,0,0,,8,1,3.0,C11-AA-001,1.0,0,3,project05-m3star-runtime-contract-v0.8,e1d6d08bf93f3ff400361ad947d95002dcf97cc68957c58c831e6a4fdb5c2953,0.8.0,2,1,G2_tactic_intent,G2_tactic_intent,m3star_graph_transition_xgboost_v0.1,0
C11-otrf-apt29-day1-scranton-nashua,stage,0.4,53,project05_m3star_h1_dual,1,3.0,2,C11-AA-001|C11-AA-002,3.0,0.0,1,0,0,m3star_graph_action_value_xgboost_v0.3,m3star_graph_action_reachability_xgboost_v0.1,m3star_graph_action_value_xgboost_v0.3,10.0,0,1,1,0,development,0,0,2,0.25,G2_tactic_intent,0.6,2,1,G1_technique,4,0,1,1,1,1,0,,8,1,3.0,C11-AA-001,1.0,0,3,project05-m3star-runtime-contract-v0.8,e1d6d08bf93f3ff400361ad947d95002dcf97cc68957c58c831e6a4fdb5c2953,0.8.0,2,1,G2_tactic_intent,G2_tactic_intent,m3star_graph_transition_xgboost_v0.1,0
C11-otrf-apt29-day1-scranton-nashua,stage,0.4,53,project05_xgboost_policy,1,3.0,2,C11-AA-001|C11-AA-002,3.0,0.0,1,0,0,,,,10.0,0,1,1,,development,,0,2,0.25,G2_tactic_intent,0.6,,1,G1_technique,4,0,,,,,,,,,3.0,C11-AA-001,1.0,,3,,,,2,,G2_tactic_intent,G2_tactic_intent,,0
C11-otrf-apt29-day1-scranton-nashua,stage,0.4,53,project05_m3b_policy,1,3.0,2,C11-AA-001|C11-AA-002,3.0,0.0,1,0,0,,,,10.0,0,1,1,,development,,0,2,0.25,G2_tactic_intent,0.6,,1,G1_technique,4,0,,,,,,,,,3.0,C11-AA-001,1.0,,3,,,,2,,G2_tactic_intent,G2_tactic_intent,,0
C11-otrf-apt29-day1-scranton-nashua,stage,0.4,53,project05_m2,1,3.0,2,C11-AA-001|C11-AA-002,3.0,0.0,1,0,0,,,,10.0,0,1,1,,development,,0,2,0.25,G2_tactic_intent,0.6,,1,G1_technique,4,0,,,,,,,,,3.0,C11-AA-001,1.0,,3,,,,2,,G2_tactic_intent,G2_tactic_intent,,0
C11-otrf-apt29-day1-scranton-nashua,stage,0.4,53,oracle_optimal,1,3.0,2,C11-AA-001|C11-AA-002,3.0,0.0,1,0,0,,,,10.0,0,1,1,,development,,0,2,0.25,G2_tactic_intent,0.6,,1,G1_technique,4,0,,,,,,,,,3.0,C11-AA-001,1.0,,3,,,,2,,G2_tactic_intent,G2_tactic_intent,,0
C11-otrf-apt29-day1-scranton-nashua,stage,0.6,11,project05_m3star_h3_dual,1,3.0,2,C11-AA-001|C11-AA-002,3.0,0.0,1,0,0,m3star_graph_action_value_xgboost_v0.3,m3star_graph_action_reachability_xgboost_v0.1,m3star_graph_action_value_xgboost_v0.3,10.0,0,1,1,0,development,0,0,2,0.25,G2_tactic_intent,0.6,2,1,G1_technique,5,0,1,3,1,1,1,,8,1,3.0,C11-AA-001,1.0,1,4,project05-m3star-runtime-contract-v0.8,e1d6d08bf93f3ff400361ad947d95002dcf97cc68957c58c831e6a4fdb5c2953,0.8.0,2,1,G2_tactic_intent,G2_tactic_intent,m3star_graph_transition_xgboost_v0.1,0
C11-otrf-apt29-day1-scranton-nashua,stage,0.6,11,project05_m3star_h3_no_dominance_dual,1,3.0,2,C11-AA-001|C11-AA-002,3.0,0.0,1,0,0,m3star_graph_action_value_xgboost_v0.3,m3star_graph_action_reachability_xgboost_v0.1,m3star_graph_action_value_xgboost_v0.3,10.0,0,1,1,0,development,0,0,2,0.25,G2_tactic_intent,0.6,2,1,G1_technique,5,0,1,3,0,1,0,,8,1,3.0,C11-AA-001,1.0,0,4,project05-m3star-runtime-contract-v0.8,e1d6d08bf93f3ff400361ad947d95002dcf97cc68957c58c831e6a4fdb5c2953,0.8.0,2,0,G2_tactic_intent,G2_tactic_intent,m3star_graph_transition_xgboost_v0.1,0
C11-otrf-apt29-day1-scranton-nashua,stage,0.6,11,project05_m3star_h3_unshielded_dual,1,3.0,2,C11-AA-001|C11-AA-002,3.0,0.0,1,0,0,m3star_graph_action_value_xgboost_v0.3,m3star_graph_action_reachability_xgboost_v0.1,m3star_graph_action_value_xgboost_v0.3,10.0,0,1,1,0,development,0,0,2,0.25,G2_tactic_intent,0.6,2,1,G1_technique,5,0,0,3,1,1,0,,8,0,3.0,C11-AA-001,1.0,0,4,project05-m3star-runtime-contract-v0.8,e1d6d08bf93f3ff400361ad947d95002dcf97cc68957c58c831e6a4fdb5c2953,0.8.0,2,1,G2_tactic_intent,G2_tactic_intent,m3star_graph_transition_xgboost_v0.1,0
C11-otrf-apt29-day1-scranton-nashua,stage,0.6,11,project05_m3star_h3_transition_only,1,3.0,2,C11-AA-001|C11-AA-002,3.0,0.0,1,0,0,none,none,none,10.0,0,1,1,0,development,0,0,2,0.25,G2_tactic_intent,0.6,0,1,G1_technique,5,0,1,3,1,0,0,,8,1,3.0,C11-AA-001,1.0,0,4,project05-m3star-runtime-contract-v0.8,e1d6d08bf93f3ff400361ad947d95002dcf97cc68957c58c831e6a4fdb5c2953,0.8.0,2,1,G2_tactic_intent,G2_tactic_intent,m3star_graph_transition_xgboost_v0.1,0
C11-otrf-apt29-day1-scranton-nashua,stage,0.6,11,project05_m3star_h1_dual,1,3.0,2,C11-AA-001|C11-AA-002,3.0,0.0,1,0,0,m3star_graph_action_value_xgboost_v0.3,m3star_graph_action_reachability_xgboost_v0.1,m3star_graph_action_value_xgboost_v0.3,10.0,0,1,1,0,development,0,0,2,0.25,G2_tactic_intent,0.6,2,1,G1_technique,5,0,1,1,1,1,0,,8,1,3.0,C11-AA-001,1.0,0,4,project05-m3star-runtime-contract-v0.8,e1d6d08bf93f3ff400361ad947d95002dcf97cc68957c58c831e6a4fdb5c2953,0.8.0,2,1,G2_tactic_intent,G2_tactic_intent,m3star_graph_transition_xgboost_v0.1,0
C11-otrf-apt29-day1-scranton-nashua,stage,0.6,11,project05_xgboost_policy,1,3.0,2,C11-AA-001|C11-AA-002,3.0,0.0,1,0,0,,,,10.0,0,1,1,,development,,0,2,0.25,G2_tactic_intent,0.6,,1,G1_technique,5,0,,,,,,,,,3.0,C11-AA-001,1.0,,4,,,,2,,G2_tactic_intent,G2_tactic_intent,,0
C11-otrf-apt29-day1-scranton-nashua,stage,0.6,11,project05_m3b_policy,1,3.0,2,C11-AA-001|C11-AA-002,3.0,0.0,1,0,0,,,,10.0,0,1,1,,development,,0,2,0.25,G2_tactic_intent,0.6,,1,G1_technique,5,0,,,,,,,,,3.0,C11-AA-001,1.0,,4,,,,2,,G2_tactic_intent,G2_tactic_intent,,0
C11-otrf-apt29-day1-scranton-nashua,stage,0.6,11,project05_m2,1,3.0,2,C11-AA-001|C11-AA-002,3.0,0.0,1,0,0,,,,10.0,0,1,1,,development,,0,2,0.25,G2_tactic_intent,0.6,,1,G1_technique,5,0,,,,,,,,,3.0,C11-AA-001,1.0,,4,,,,2,,G2_tactic_intent,G2_tactic_intent,,0
C11-otrf-apt29-day1-scranton-nashua,stage,0.6,11,oracle_optimal,1,3.0,2,C11-AA-001|C11-AA-002,3.0,0.0,1,0,0,,,,10.0,0,1,1,,development,,0,2,0.25,G2_tactic_intent,0.6,,1,G1_technique,5,0,,,,,,,,,3.0,C11-AA-001,1.0,,4,,,,2,,G2_tactic_intent,G2_tactic_intent,,0
C11-otrf-apt29-day1-scranton-nashua,stage,0.6,23,project05_m3star_h3_dual,1,3.0,2,C11-AA-001|C11-AA-002,3.0,0.0,1,0,0,m3star_graph_action_value_xgboost_v0.3,m3star_graph_action_reachability_xgboost_v0.1,m3star_graph_action_value_xgboost_v0.3,10.0,0,1,1,0,development,0,0,2,0.25,G2_tactic_intent,0.6,2,1,G1_technique,5,0,1,3,1,1,1,,8,1,3.0,C11-AA-001,1.0,1,4,project05-m3star-runtime-contract-v0.8,e1d6d08bf93f3ff400361ad947d95002dcf97cc68957c58c831e6a4fdb5c2953,0.8.0,2,1,G2_tactic_intent,G2_tactic_intent,m3star_graph_transition_xgboost_v0.1,0
C11-otrf-apt29-day1-scranton-nashua,stage,0.6,23,project05_m3star_h3_no_dominance_dual,1,3.0,2,C11-AA-001|C11-AA-002,3.0,0.0,1,0,0,m3star_graph_action_value_xgboost_v0.3,m3star_graph_action_reachability_xgboost_v0.1,m3star_graph_action_value_xgboost_v0.3,10.0,0,1,1,0,development,0,0,2,0.25,G2_tactic_intent,0.6,2,1,G1_technique,5,0,1,3,0,1,0,,8,1,3.0,C11-AA-001,1.0,0,4,project05-m3star-runtime-contract-v0.8,e1d6d08bf93f3ff400361ad947d95002dcf97cc68957c58c831e6a4fdb5c2953,0.8.0,2,0,G2_tactic_intent,G2_tactic_intent,m3star_graph_transition_xgboost_v0.1,0
C11-otrf-apt29-day1-scranton-nashua,stage,0.6,23,project05_m3star_h3_unshielded_dual,1,3.0,2,C11-AA-001|C11-AA-002,3.0,0.0,1,0,0,m3star_graph_action_value_xgboost_v0.3,m3star_graph_action_reachability_xgboost_v0.1,m3star_graph_action_value_xgboost_v0.3,10.0,0,1,1,0,development,0,0,2,0.25,G2_tactic_intent,0.6,2,1,G1_technique,5,0,0,3,1,1,0,,8,0,3.0,C11-AA-001,1.0,0,4,project05-m3star-runtime-contract-v0.8,e1d6d08bf93f3ff400361ad947d95002dcf97cc68957c58c831e6a4fdb5c2953,0.8.0,2,1,G2_tactic_intent,G2_tactic_intent,m3star_graph_transition_xgboost_v0.1,0
C11-otrf-apt29-day1-scranton-nashua,stage,0.6,23,project05_m3star_h3_transition_only,1,3.0,2,C11-AA-001|C11-AA-002,3.0,0.0,1,0,0,none,none,none,10.0,0,1,1,0,development,0,0,2,0.25,G2_tactic_intent,0.6,0,1,G1_technique,5,0,1,3,1,0,0,,8,1,3.0,C11-AA-001,1.0,0,4,project05-m3star-runtime-contract-v0.8,e1d6d08bf93f3ff400361ad947d95002dcf97cc68957c58c831e6a4fdb5c2953,0.8.0,2,1,G2_tactic_intent,G2_tactic_intent,m3star_graph_transition_xgboost_v0.1,0
C11-otrf-apt29-day1-scranton-nashua,stage,0.6,23,project05_m3star_h1_dual,1,3.0,2,C11-AA-001|C11-AA-002,3.0,0.0,1,0,0,m3star_graph_action_value_xgboost_v0.3,m3star_graph_action_reachability_xgboost_v0.1,m3star_graph_action_value_xgboost_v0.3,10.0,0,1,1,0,development,0,0,2,0.25,G2_tactic_intent,0.6,2,1,G1_technique,5,0,1,1,1,1,0,,8,1,3.0,C11-AA-001,1.0,0,4,project05-m3star-runtime-contract-v0.8,e1d6d08bf93f3ff400361ad947d95002dcf97cc68957c58c831e6a4fdb5c2953,0.8.0,2,1,G2_tactic_intent,G2_tactic_intent,m3star_graph_transition_xgboost_v0.1,0
C11-otrf-apt29-day1-scranton-nashua,stage,0.6,23,project05_xgboost_policy,1,3.0,2,C11-AA-001|C11-AA-002,3.0,0.0,1,0,0,,,,10.0,0,1,1,,development,,0,2,0.25,G2_tactic_intent,0.6,,1,G1_technique,5,0,,,,,,,,,3.0,C11-AA-001,1.0,,4,,,,2,,G2_tactic_intent,G2_tactic_intent,,0
C11-otrf-apt29-day1-scranton-nashua,stage,0.6,23,project05_m3b_policy,1,3.0,2,C11-AA-001|C11-AA-002,3.0,0.0,1,0,0,,,,10.0,0,1,1,,development,,0,2,0.25,G2_tactic_intent,0.6,,1,G1_technique,5,0,,,,,,,,,3.0,C11-AA-001,1.0,,4,,,,2,,G2_tactic_intent,G2_tactic_intent,,0
C11-otrf-apt29-day1-scranton-nashua,stage,0.6,23,project05_m2,1,3.0,2,C11-AA-001|C11-AA-002,3.0,0.0,1,0,0,,,,10.0,0,1,1,,development,,0,2,0.25,G2_tactic_intent,0.6,,1,G1_technique,5,0,,,,,,,,,3.0,C11-AA-001,1.0,,4,,,,2,,G2_tactic_intent,G2_tactic_intent,,0
C11-otrf-apt29-day1-scranton-nashua,stage,0.6,23,oracle_optimal,1,3.0,2,C11-AA-001|C11-AA-002,3.0,0.0,1,0,0,,,,10.0,0,1,1,,development,,0,2,0.25,G2_tactic_intent,0.6,,1,G1_technique,5,0,,,,,,,,,3.0,C11-AA-001,1.0,,4,,,,2,,G2_tactic_intent,G2_tactic_intent,,0
C11-otrf-apt29-day1-scranton-nashua,stage,0.6,37,project05_m3star_h3_dual,1,3.0,2,C11-AA-001|C11-AA-002,3.0,0.0,1,0,0,m3star_graph_action_value_xgboost_v0.3,m3star_graph_action_reachability_xgboost_v0.1,m3star_graph_action_value_xgboost_v0.3,10.0,0,1,1,0,development,0,0,2,0.25,G2_tactic_intent,0.6,2,1,G1_technique,5,0,1,3,1,1,1,,8,1,3.0,C11-AA-001,1.0,1,4,project05-m3star-runtime-contract-v0.8,e1d6d08bf93f3ff400361ad947d95002dcf97cc68957c58c831e6a4fdb5c2953,0.8.0,2,1,G2_tactic_intent,G2_tactic_intent,m3star_graph_transition_xgboost_v0.1,0
C11-otrf-apt29-day1-scranton-nashua,stage,0.6,37,project05_m3star_h3_no_dominance_dual,1,3.0,2,C11-AA-001|C11-AA-002,3.0,0.0,1,0,0,m3star_graph_action_value_xgboost_v0.3,m3star_graph_action_reachability_xgboost_v0.1,m3star_graph_action_value_xgboost_v0.3,10.0,0,1,1,0,development,0,0,2,0.25,G2_tactic_intent,0.6,2,1,G1_technique,5,0,1,3,0,1,0,,8,1,3.0,C11-AA-001,1.0,0,4,project05-m3star-runtime-contract-v0.8,e1d6d08bf93f3ff400361ad947d95002dcf97cc68957c58c831e6a4fdb5c2953,0.8.0,2,0,G2_tactic_intent,G2_tactic_intent,m3star_graph_transition_xgboost_v0.1,0
C11-otrf-apt29-day1-scranton-nashua,stage,0.6,37,project05_m3star_h3_unshielded_dual,1,3.0,2,C11-AA-001|C11-AA-002,3.0,0.0,1,0,0,m3star_graph_action_value_xgboost_v0.3,m3star_graph_action_reachability_xgboost_v0.1,m3star_graph_action_value_xgboost_v0.3,10.0,0,1,1,0,development,0,0,2,0.25,G2_tactic_intent,0.6,2,1,G1_technique,5,0,0,3,1,1,0,,8,0,3.0,C11-AA-001,1.0,0,4,project05-m3star-runtime-contract-v0.8,e1d6d08bf93f3ff400361ad947d95002dcf97cc68957c58c831e6a4fdb5c2953,0.8.0,2,1,G2_tactic_intent,G2_tactic_intent,m3star_graph_transition_xgboost_v0.1,0
C11-otrf-apt29-day1-scranton-nashua,stage,0.6,37,project05_m3star_h3_transition_only,1,3.0,2,C11-AA-001|C11-AA-002,3.0,0.0,1,0,0,none,none,none,10.0,0,1,1,0,development,0,0,2,0.25,G2_tactic_intent,0.6,0,1,G1_technique,5,0,1,3,1,0,0,,8,1,3.0,C11-AA-001,1.0,0,4,project05-m3star-runtime-contract-v0.8,e1d6d08bf93f3ff400361ad947d95002dcf97cc68957c58c831e6a4fdb5c2953,0.8.0,2,1,G2_tactic_intent,G2_tactic_intent,m3star_graph_transition_xgboost_v0.1,0
C11-otrf-apt29-day1-scranton-nashua,stage,0.6,37,project05_m3star_h1_dual,1,3.0,2,C11-AA-001|C11-AA-002,3.0,0.0,1,0,0,m3star_graph_action_value_xgboost_v0.3,m3star_graph_action_reachability_xgboost_v0.1,m3star_graph_action_value_xgboost_v0.3,10.0,0,1,1,0,development,0,0,2,0.25,G2_tactic_intent,0.6,2,1,G1_technique,5,0,1,1,1,1,0,,8,1,3.0,C11-AA-001,1.0,0,4,project05-m3star-runtime-contract-v0.8,e1d6d08bf93f3ff400361ad947d95002dcf97cc68957c58c831e6a4fdb5c2953,0.8.0,2,1,G2_tactic_intent,G2_tactic_intent,m3star_graph_transition_xgboost_v0.1,0
C11-otrf-apt29-day1-scranton-nashua,stage,0.6,37,project05_xgboost_policy,1,3.0,2,C11-AA-001|C11-AA-002,3.0,0.0,1,0,0,,,,10.0,0,1,1,,development,,0,2,0.25,G2_tactic_intent,0.6,,1,G1_technique,5,0,,,,,,,,,3.0,C11-AA-001,1.0,,4,,,,2,,G2_tactic_intent,G2_tactic_intent,,0
C11-otrf-apt29-day1-scranton-nashua,stage,0.6,37,project05_m3b_policy,1,3.0,2,C11-AA-001|C11-AA-002,3.0,0.0,1,0,0,,,,10.0,0,1,1,,development,,0,2,0.25,G2_tactic_intent,0.6,,1,G1_technique,5,0,,,,,,,,,3.0,C11-AA-001,1.0,,4,,,,2,,G2_tactic_intent,G2_tactic_intent,,0
C11-otrf-apt29-day1-scranton-nashua,stage,0.6,37,project05_m2,1,3.0,2,C11-AA-001|C11-AA-002,3.0,0.0,1,0,0,,,,10.0,0,1,1,,development,,0,2,0.25,G2_tactic_intent,0.6,,1,G1_technique,5,0,,,,,,,,,3.0,C11-AA-001,1.0,,4,,,,2,,G2_tactic_intent,G2_tactic_intent,,0
C11-otrf-apt29-day1-scranton-nashua,stage,0.6,37,oracle_optimal,1,3.0,2,C11-AA-001|C11-AA-002,3.0,0.0,1,0,0,,,,10.0,0,1,1,,development,,0,2,0.25,G2_tactic_intent,0.6,,1,G1_technique,5,0,,,,,,,,,3.0,C11-AA-001,1.0,,4,,,,2,,G2_tactic_intent,G2_tactic_intent,,0
C11-otrf-apt29-day1-scranton-nashua,stage,0.6,41,project05_m3star_h3_dual,1,3.0,2,C11-AA-001|C11-AA-002,3.0,0.0,1,0,0,m3star_graph_action_value_xgboost_v0.3,m3star_graph_action_reachability_xgboost_v0.1,m3star_graph_action_value_xgboost_v0.3,10.0,0,1,1,0,development,0,0,2,0.25,G2_tactic_intent,0.6,2,1,G1_technique,5,0,1,3,1,1,1,,8,1,3.0,C11-AA-001,1.0,1,4,project05-m3star-runtime-contract-v0.8,e1d6d08bf93f3ff400361ad947d95002dcf97cc68957c58c831e6a4fdb5c2953,0.8.0,2,1,G2_tactic_intent,G2_tactic_intent,m3star_graph_transition_xgboost_v0.1,0
C11-otrf-apt29-day1-scranton-nashua,stage,0.6,41,project05_m3star_h3_no_dominance_dual,1,3.0,2,C11-AA-001|C11-AA-002,3.0,0.0,1,0,0,m3star_graph_action_value_xgboost_v0.3,m3star_graph_action_reachability_xgboost_v0.1,m3star_graph_action_value_xgboost_v0.3,10.0,0,1,1,0,development,0,0,2,0.25,G2_tactic_intent,0.6,2,1,G1_technique,5,0,1,3,0,1,0,,8,1,3.0,C11-AA-001,1.0,0,4,project05-m3star-runtime-contract-v0.8,e1d6d08bf93f3ff400361ad947d95002dcf97cc68957c58c831e6a4fdb5c2953,0.8.0,2,0,G2_tactic_intent,G2_tactic_intent,m3star_graph_transition_xgboost_v0.1,0
C11-otrf-apt29-day1-scranton-nashua,stage,0.6,41,project05_m3star_h3_unshielded_dual,1,3.0,2,C11-AA-001|C11-AA-002,3.0,0.0,1,0,0,m3star_graph_action_value_xgboost_v0.3,m3star_graph_action_reachability_xgboost_v0.1,m3star_graph_action_value_xgboost_v0.3,10.0,0,1,1,0,development,0,0,2,0.25,G2_tactic_intent,0.6,2,1,G1_technique,5,0,0,3,1,1,0,,8,0,3.0,C11-AA-001,1.0,0,4,project05-m3star-runtime-contract-v0.8,e1d6d08bf93f3ff400361ad947d95002dcf97cc68957c58c831e6a4fdb5c2953,0.8.0,2,1,G2_tactic_intent,G2_tactic_intent,m3star_graph_transition_xgboost_v0.1,0
C11-otrf-apt29-day1-scranton-nashua,stage,0.6,41,project05_m3star_h3_transition_only,1,3.0,2,C11-AA-001|C11-AA-002,3.0,0.0,1,0,0,none,none,none,10.0,0,1,1,0,development,0,0,2,0.25,G2_tactic_intent,0.6,0,1,G1_technique,5,0,1,3,1,0,0,,8,1,3.0,C11-AA-001,1.0,0,4,project05-m3star-runtime-contract-v0.8,e1d6d08bf93f3ff400361ad947d95002dcf97cc68957c58c831e6a4fdb5c2953,0.8.0,2,1,G2_tactic_intent,G2_tactic_intent,m3star_graph_transition_xgboost_v0.1,0
C11-otrf-apt29-day1-scranton-nashua,stage,0.6,41,project05_m3star_h1_dual,1,3.0,2,C11-AA-001|C11-AA-002,3.0,0.0,1,0,0,m3star_graph_action_value_xgboost_v0.3,m3star_graph_action_reachability_xgboost_v0.1,m3star_graph_action_value_xgboost_v0.3,10.0,0,1,1,0,development,0,0,2,0.25,G2_tactic_intent,0.6,2,1,G1_technique,5,0,1,1,1,1,0,,8,1,3.0,C11-AA-001,1.0,0,4,project05-m3star-runtime-contract-v0.8,e1d6d08bf93f3ff400361ad947d95002dcf97cc68957c58c831e6a4fdb5c2953,0.8.0,2,1,G2_tactic_intent,G2_tactic_intent,m3star_graph_transition_xgboost_v0.1,0
C11-otrf-apt29-day1-scranton-nashua,stage,0.6,41,project05_xgboost_policy,1,3.0,2,C11-AA-001|C11-AA-002,3.0,0.0,1,0,0,,,,10.0,0,1,1,,development,,0,2,0.25,G2_tactic_intent,0.6,,1,G1_technique,5,0,,,,,,,,,3.0,C11-AA-001,1.0,,4,,,,2,,G2_tactic_intent,G2_tactic_intent,,0
C11-otrf-apt29-day1-scranton-nashua,stage,0.6,41,project05_m3b_policy,1,3.0,2,C11-AA-001|C11-AA-002,3.0,0.0,1,0,0,,,,10.0,0,1,1,,development,,0,2,0.25,G2_tactic_intent,0.6,,1,G1_technique,5,0,,,,,,,,,3.0,C11-AA-001,1.0,,4,,,,2,,G2_tactic_intent,G2_tactic_intent,,0
C11-otrf-apt29-day1-scranton-nashua,stage,0.6,41,project05_m2,1,3.0,2,C11-AA-001|C11-AA-002,3.0,0.0,1,0,0,,,,10.0,0,1,1,,development,,0,2,0.25,G2_tactic_intent,0.6,,1,G1_technique,5,0,,,,,,,,,3.0,C11-AA-001,1.0,,4,,,,2,,G2_tactic_intent,G2_tactic_intent,,0
C11-otrf-apt29-day1-scranton-nashua,stage,0.6,41,oracle_optimal,1,3.0,2,C11-AA-001|C11-AA-002,3.0,0.0,1,0,0,,,,10.0,0,1,1,,development,,0,2,0.25,G2_tactic_intent,0.6,,1,G1_technique,5,0,,,,,,,,,3.0,C11-AA-001,1.0,,4,,,,2,,G2_tactic_intent,G2_tactic_intent,,0
C11-otrf-apt29-day1-scranton-nashua,stage,0.6,53,project05_m3star_h3_dual,1,3.0,2,C11-AA-001|C11-AA-002,3.0,0.0,1,0,0,m3star_graph_action_value_xgboost_v0.3,m3star_graph_action_reachability_xgboost_v0.1,m3star_graph_action_value_xgboost_v0.3,10.0,0,1,1,0,development,0,0,2,0.25,G2_tactic_intent,0.6,2,1,G1_technique,5,0,1,3,1,1,1,,8,1,3.0,C11-AA-001,1.0,1,4,project05-m3star-runtime-contract-v0.8,e1d6d08bf93f3ff400361ad947d95002dcf97cc68957c58c831e6a4fdb5c2953,0.8.0,2,1,G2_tactic_intent,G2_tactic_intent,m3star_graph_transition_xgboost_v0.1,0
C11-otrf-apt29-day1-scranton-nashua,stage,0.6,53,project05_m3star_h3_no_dominance_dual,1,3.0,2,C11-AA-001|C11-AA-002,3.0,0.0,1,0,0,m3star_graph_action_value_xgboost_v0.3,m3star_graph_action_reachability_xgboost_v0.1,m3star_graph_action_value_xgboost_v0.3,10.0,0,1,1,0,development,0,0,2,0.25,G2_tactic_intent,0.6,2,1,G1_technique,5,0,1,3,0,1,0,,8,1,3.0,C11-AA-001,1.0,0,4,project05-m3star-runtime-contract-v0.8,e1d6d08bf93f3ff400361ad947d95002dcf97cc68957c58c831e6a4fdb5c2953,0.8.0,2,0,G2_tactic_intent,G2_tactic_intent,m3star_graph_transition_xgboost_v0.1,0
C11-otrf-apt29-day1-scranton-nashua,stage,0.6,53,project05_m3star_h3_unshielded_dual,1,3.0,2,C11-AA-001|C11-AA-002,3.0,0.0,1,0,0,m3star_graph_action_value_xgboost_v0.3,m3star_graph_action_reachability_xgboost_v0.1,m3star_graph_action_value_xgboost_v0.3,10.0,0,1,1,0,development,0,0,2,0.25,G2_tactic_intent,0.6,2,1,G1_technique,5,0,0,3,1,1,0,,8,0,3.0,C11-AA-001,1.0,0,4,project05-m3star-runtime-contract-v0.8,e1d6d08bf93f3ff400361ad947d95002dcf97cc68957c58c831e6a4fdb5c2953,0.8.0,2,1,G2_tactic_intent,G2_tactic_intent,m3star_graph_transition_xgboost_v0.1,0
C11-otrf-apt29-day1-scranton-nashua,stage,0.6,53,project05_m3star_h3_transition_only,1,3.0,2,C11-AA-001|C11-AA-002,3.0,0.0,1,0,0,none,none,none,10.0,0,1,1,0,development,0,0,2,0.25,G2_tactic_intent,0.6,0,1,G1_technique,5,0,1,3,1,0,0,,8,1,3.0,C11-AA-001,1.0,0,4,project05-m3star-runtime-contract-v0.8,e1d6d08bf93f3ff400361ad947d95002dcf97cc68957c58c831e6a4fdb5c2953,0.8.0,2,1,G2_tactic_intent,G2_tactic_intent,m3star_graph_transition_xgboost_v0.1,0
C11-otrf-apt29-day1-scranton-nashua,stage,0.6,53,project05_m3star_h1_dual,1,3.0,2,C11-AA-001|C11-AA-002,3.0,0.0,1,0,0,m3star_graph_action_value_xgboost_v0.3,m3star_graph_action_reachability_xgboost_v0.1,m3star_graph_action_value_xgboost_v0.3,10.0,0,1,1,0,development,0,0,2,0.25,G2_tactic_intent,0.6,2,1,G1_technique,5,0,1,1,1,1,0,,8,1,3.0,C11-AA-001,1.0,0,4,project05-m3star-runtime-contract-v0.8,e1d6d08bf93f3ff400361ad947d95002dcf97cc68957c58c831e6a4fdb5c2953,0.8.0,2,1,G2_tactic_intent,G2_tactic_intent,m3star_graph_transition_xgboost_v0.1,0
C11-otrf-apt29-day1-scranton-nashua,stage,0.6,53,project05_xgboost_policy,1,3.0,2,C11-AA-001|C11-AA-002,3.0,0.0,1,0,0,,,,10.0,0,1,1,,development,,0,2,0.25,G2_tactic_intent,0.6,,1,G1_technique,5,0,,,,,,,,,3.0,C11-AA-001,1.0,,4,,,,2,,G2_tactic_intent,G2_tactic_intent,,0
C11-otrf-apt29-day1-scranton-nashua,stage,0.6,53,project05_m3b_policy,1,3.0,2,C11-AA-001|C11-AA-002,3.0,0.0,1,0,0,,,,10.0,0,1,1,,development,,0,2,0.25,G2_tactic_intent,0.6,,1,G1_technique,5,0,,,,,,,,,3.0,C11-AA-001,1.0,,4,,,,2,,G2_tactic_intent,G2_tactic_intent,,0
C11-otrf-apt29-day1-scranton-nashua,stage,0.6,53,project05_m2,1,3.0,2,C11-AA-001|C11-AA-002,3.0,0.0,1,0,0,,,,10.0,0,1,1,,development,,0,2,0.25,G2_tactic_intent,0.6,,1,G1_technique,5,0,,,,,,,,,3.0,C11-AA-001,1.0,,4,,,,2,,G2_tactic_intent,G2_tactic_intent,,0
C11-otrf-apt29-day1-scranton-nashua,stage,0.6,53,oracle_optimal,1,3.0,2,C11-AA-001|C11-AA-002,3.0,0.0,1,0,0,,,,10.0,0,1,1,,development,,0,2,0.25,G2_tactic_intent,0.6,,1,G1_technique,5,0,,,,,,,,,3.0,C11-AA-001,1.0,,4,,,,2,,G2_tactic_intent,G2_tactic_intent,,0
C11-otrf-apt29-day1-scranton-nashua,discriminative,0.2,11,project05_m3star_h3_dual,1,0.0,0,,0.0,0.0,0,0,0,m3star_graph_action_value_xgboost_v0.3,m3star_graph_action_reachability_xgboost_v0.1,m3star_graph_action_value_xgboost_v0.3,10.0,0,1,1,0,development,0,0,2,0.5,G2_tactic_intent,0.6,0,0,G2_tactic_intent,2,0,1,3,1,1,1,,8,1,0.0,,0.0,1,0,project05-m3star-runtime-contract-v0.8,e1d6d08bf93f3ff400361ad947d95002dcf97cc68957c58c831e6a4fdb5c2953,0.8.0,0,1,G2_tactic_intent,G2_tactic_intent,m3star_graph_transition_xgboost_v0.1,0
C11-otrf-apt29-day1-scranton-nashua,discriminative,0.2,11,project05_m3star_h3_no_dominance_dual,1,0.0,0,,0.0,0.0,0,0,0,m3star_graph_action_value_xgboost_v0.3,m3star_graph_action_reachability_xgboost_v0.1,m3star_graph_action_value_xgboost_v0.3,10.0,0,1,1,0,development,0,0,2,0.5,G2_tactic_intent,0.6,0,0,G2_tactic_intent,2,0,1,3,0,1,0,,8,1,0.0,,0.0,0,0,project05-m3star-runtime-contract-v0.8,e1d6d08bf93f3ff400361ad947d95002dcf97cc68957c58c831e6a4fdb5c2953,0.8.0,0,0,G2_tactic_intent,G2_tactic_intent,m3star_graph_transition_xgboost_v0.1,0
C11-otrf-apt29-day1-scranton-nashua,discriminative,0.2,11,project05_m3star_h3_unshielded_dual,1,0.0,0,,0.0,0.0,0,0,0,m3star_graph_action_value_xgboost_v0.3,m3star_graph_action_reachability_xgboost_v0.1,m3star_graph_action_value_xgboost_v0.3,10.0,0,1,1,0,development,0,0,2,0.5,G2_tactic_intent,0.6,0,0,G2_tactic_intent,2,0,0,3,1,1,0,,8,0,0.0,,0.0,0,0,project05-m3star-runtime-contract-v0.8,e1d6d08bf93f3ff400361ad947d95002dcf97cc68957c58c831e6a4fdb5c2953,0.8.0,0,1,G2_tactic_intent,G2_tactic_intent,m3star_graph_transition_xgboost_v0.1,0
C11-otrf-apt29-day1-scranton-nashua,discriminative,0.2,11,project05_m3star_h3_transition_only,1,0.0,0,,0.0,0.0,0,0,0,none,none,none,10.0,0,1,1,0,development,0,0,2,0.5,G2_tactic_intent,0.6,0,0,G2_tactic_intent,2,0,1,3,1,0,0,,8,1,0.0,,0.0,0,0,project05-m3star-runtime-contract-v0.8,e1d6d08bf93f3ff400361ad947d95002dcf97cc68957c58c831e6a4fdb5c2953,0.8.0,0,1,G2_tactic_intent,G2_tactic_intent,m3star_graph_transition_xgboost_v0.1,0
C11-otrf-apt29-day1-scranton-nashua,discriminative,0.2,11,project05_m3star_h1_dual,1,0.0,0,,0.0,0.0,0,0,0,m3star_graph_action_value_xgboost_v0.3,m3star_graph_action_reachability_xgboost_v0.1,m3star_graph_action_value_xgboost_v0.3,10.0,0,1,1,0,development,0,0,2,0.5,G2_tactic_intent,0.6,0,0,G2_tactic_intent,2,0,1,1,1,1,0,,8,1,0.0,,0.0,0,0,project05-m3star-runtime-contract-v0.8,e1d6d08bf93f3ff400361ad947d95002dcf97cc68957c58c831e6a4fdb5c2953,0.8.0,0,1,G2_tactic_intent,G2_tactic_intent,m3star_graph_transition_xgboost_v0.1,0
C11-otrf-apt29-day1-scranton-nashua,discriminative,0.2,11,project05_xgboost_policy,1,0.0,0,,0.0,0.0,0,0,0,,,,10.0,0,1,1,,development,,0,2,0.5,G2_tactic_intent,0.6,,0,G2_tactic_intent,2,0,,,,,,,,,0.0,,0.0,,0,,,,0,,G2_tactic_intent,G2_tactic_intent,,0
C11-otrf-apt29-day1-scranton-nashua,discriminative,0.2,11,project05_m3b_policy,1,0.0,0,,0.0,0.0,0,0,0,,,,10.0,0,1,1,,development,,0,2,0.5,G2_tactic_intent,0.6,,0,G2_tactic_intent,2,0,,,,,,,,,0.0,,0.0,,0,,,,0,,G2_tactic_intent,G2_tactic_intent,,0
C11-otrf-apt29-day1-scranton-nashua,discriminative,0.2,11,project05_m2,1,0.0,0,,0.0,0.0,0,0,0,,,,10.0,0,1,1,,development,,0,2,0.5,G2_tactic_intent,0.6,,0,G2_tactic_intent,2,0,,,,,,,,,0.0,,0.0,,0,,,,0,,G2_tactic_intent,G2_tactic_intent,,0
C11-otrf-apt29-day1-scranton-nashua,discriminative,0.2,11,oracle_optimal,1,0.0,0,,0.0,0.0,0,0,0,,,,10.0,0,1,1,,development,,0,2,0.5,G2_tactic_intent,0.6,,0,G2_tactic_intent,2,0,,,,,,,,,0.0,,0.0,,0,,,,0,,G2_tactic_intent,G2_tactic_intent,,0
C11-otrf-apt29-day1-scranton-nashua,discriminative,0.2,23,project05_m3star_h3_dual,1,0.0,0,,0.0,0.0,0,0,0,m3star_graph_action_value_xgboost_v0.3,m3star_graph_action_reachability_xgboost_v0.1,m3star_graph_action_value_xgboost_v0.3,10.0,0,1,1,0,development,0,0,2,0.5,G2_tactic_intent,0.6,0,0,G2_tactic_intent,2,0,1,3,1,1,1,,8,1,0.0,,0.0,1,0,project05-m3star-runtime-contract-v0.8,e1d6d08bf93f3ff400361ad947d95002dcf97cc68957c58c831e6a4fdb5c2953,0.8.0,0,1,G2_tactic_intent,G2_tactic_intent,m3star_graph_transition_xgboost_v0.1,0
C11-otrf-apt29-day1-scranton-nashua,discriminative,0.2,23,project05_m3star_h3_no_dominance_dual,1,0.0,0,,0.0,0.0,0,0,0,m3star_graph_action_value_xgboost_v0.3,m3star_graph_action_reachability_xgboost_v0.1,m3star_graph_action_value_xgboost_v0.3,10.0,0,1,1,0,development,0,0,2,0.5,G2_tactic_intent,0.6,0,0,G2_tactic_intent,2,0,1,3,0,1,0,,8,1,0.0,,0.0,0,0,project05-m3star-runtime-contract-v0.8,e1d6d08bf93f3ff400361ad947d95002dcf97cc68957c58c831e6a4fdb5c2953,0.8.0,0,0,G2_tactic_intent,G2_tactic_intent,m3star_graph_transition_xgboost_v0.1,0
C11-otrf-apt29-day1-scranton-nashua,discriminative,0.2,23,project05_m3star_h3_unshielded_dual,1,0.0,0,,0.0,0.0,0,0,0,m3star_graph_action_value_xgboost_v0.3,m3star_graph_action_reachability_xgboost_v0.1,m3star_graph_action_value_xgboost_v0.3,10.0,0,1,1,0,development,0,0,2,0.5,G2_tactic_intent,0.6,0,0,G2_tactic_intent,2,0,0,3,1,1,0,,8,0,0.0,,0.0,0,0,project05-m3star-runtime-contract-v0.8,e1d6d08bf93f3ff400361ad947d95002dcf97cc68957c58c831e6a4fdb5c2953,0.8.0,0,1,G2_tactic_intent,G2_tactic_intent,m3star_graph_transition_xgboost_v0.1,0
C11-otrf-apt29-day1-scranton-nashua,discriminative,0.2,23,project05_m3star_h3_transition_only,1,0.0,0,,0.0,0.0,0,0,0,none,none,none,10.0,0,1,1,0,development,0,0,2,0.5,G2_tactic_intent,0.6,0,0,G2_tactic_intent,2,0,1,3,1,0,0,,8,1,0.0,,0.0,0,0,project05-m3star-runtime-contract-v0.8,e1d6d08bf93f3ff400361ad947d95002dcf97cc68957c58c831e6a4fdb5c2953,0.8.0,0,1,G2_tactic_intent,G2_tactic_intent,m3star_graph_transition_xgboost_v0.1,0
C11-otrf-apt29-day1-scranton-nashua,discriminative,0.2,23,project05_m3star_h1_dual,1,0.0,0,,0.0,0.0,0,0,0,m3star_graph_action_value_xgboost_v0.3,m3star_graph_action_reachability_xgboost_v0.1,m3star_graph_action_value_xgboost_v0.3,10.0,0,1,1,0,development,0,0,2,0.5,G2_tactic_intent,0.6,0,0,G2_tactic_intent,2,0,1,1,1,1,0,,8,1,0.0,,0.0,0,0,project05-m3star-runtime-contract-v0.8,e1d6d08bf93f3ff400361ad947d95002dcf97cc68957c58c831e6a4fdb5c2953,0.8.0,0,1,G2_tactic_intent,G2_tactic_intent,m3star_graph_transition_xgboost_v0.1,0
C11-otrf-apt29-day1-scranton-nashua,discriminative,0.2,23,project05_xgboost_policy,1,0.0,0,,0.0,0.0,0,0,0,,,,10.0,0,1,1,,development,,0,2,0.5,G2_tactic_intent,0.6,,0,G2_tactic_intent,2,0,,,,,,,,,0.0,,0.0,,0,,,,0,,G2_tactic_intent,G2_tactic_intent,,0
C11-otrf-apt29-day1-scranton-nashua,discriminative,0.2,23,project05_m3b_policy,1,0.0,0,,0.0,0.0,0,0,0,,,,10.0,0,1,1,,development,,0,2,0.5,G2_tactic_intent,0.6,,0,G2_tactic_intent,2,0,,,,,,,,,0.0,,0.0,,0,,,,0,,G2_tactic_intent,G2_tactic_intent,,0
C11-otrf-apt29-day1-scranton-nashua,discriminative,0.2,23,project05_m2,1,0.0,0,,0.0,0.0,0,0,0,,,,10.0,0,1,1,,development,,0,2,0.5,G2_tactic_intent,0.6,,0,G2_tactic_intent,2,0,,,,,,,,,0.0,,0.0,,0,,,,0,,G2_tactic_intent,G2_tactic_intent,,0
C11-otrf-apt29-day1-scranton-nashua,discriminative,0.2,23,oracle_optimal,1,0.0,0,,0.0,0.0,0,0,0,,,,10.0,0,1,1,,development,,0,2,0.5,G2_tactic_intent,0.6,,0,G2_tactic_intent,2,0,,,,,,,,,0.0,,0.0,,0,,,,0,,G2_tactic_intent,G2_tactic_intent,,0
C11-otrf-apt29-day1-scranton-nashua,discriminative,0.2,37,project05_m3star_h3_dual,1,0.0,0,,0.0,0.0,0,0,0,m3star_graph_action_value_xgboost_v0.3,m3star_graph_action_reachability_xgboost_v0.1,m3star_graph_action_value_xgboost_v0.3,10.0,0,1,1,0,development,0,0,2,0.5,G2_tactic_intent,0.6,0,0,G2_tactic_intent,2,0,1,3,1,1,1,,8,1,0.0,,0.0,1,0,project05-m3star-runtime-contract-v0.8,e1d6d08bf93f3ff400361ad947d95002dcf97cc68957c58c831e6a4fdb5c2953,0.8.0,0,1,G2_tactic_intent,G2_tactic_intent,m3star_graph_transition_xgboost_v0.1,0
C11-otrf-apt29-day1-scranton-nashua,discriminative,0.2,37,project05_m3star_h3_no_dominance_dual,1,0.0,0,,0.0,0.0,0,0,0,m3star_graph_action_value_xgboost_v0.3,m3star_graph_action_reachability_xgboost_v0.1,m3star_graph_action_value_xgboost_v0.3,10.0,0,1,1,0,development,0,0,2,0.5,G2_tactic_intent,0.6,0,0,G2_tactic_intent,2,0,1,3,0,1,0,,8,1,0.0,,0.0,0,0,project05-m3star-runtime-contract-v0.8,e1d6d08bf93f3ff400361ad947d95002dcf97cc68957c58c831e6a4fdb5c2953,0.8.0,0,0,G2_tactic_intent,G2_tactic_intent,m3star_graph_transition_xgboost_v0.1,0
C11-otrf-apt29-day1-scranton-nashua,discriminative,0.2,37,project05_m3star_h3_unshielded_dual,1,0.0,0,,0.0,0.0,0,0,0,m3star_graph_action_value_xgboost_v0.3,m3star_graph_action_reachability_xgboost_v0.1,m3star_graph_action_value_xgboost_v0.3,10.0,0,1,1,0,development,0,0,2,0.5,G2_tactic_intent,0.6,0,0,G2_tactic_intent,2,0,0,3,1,1,0,,8,0,0.0,,0.0,0,0,project05-m3star-runtime-contract-v0.8,e1d6d08bf93f3ff400361ad947d95002dcf97cc68957c58c831e6a4fdb5c2953,0.8.0,0,1,G2_tactic_intent,G2_tactic_intent,m3star_graph_transition_xgboost_v0.1,0
C11-otrf-apt29-day1-scranton-nashua,discriminative,0.2,37,project05_m3star_h3_transition_only,1,0.0,0,,0.0,0.0,0,0,0,none,none,none,10.0,0,1,1,0,development,0,0,2,0.5,G2_tactic_intent,0.6,0,0,G2_tactic_intent,2,0,1,3,1,0,0,,8,1,0.0,,0.0,0,0,project05-m3star-runtime-contract-v0.8,e1d6d08bf93f3ff400361ad947d95002dcf97cc68957c58c831e6a4fdb5c2953,0.8.0,0,1,G2_tactic_intent,G2_tactic_intent,m3star_graph_transition_xgboost_v0.1,0
C11-otrf-apt29-day1-scranton-nashua,discriminative,0.2,37,project05_m3star_h1_dual,1,0.0,0,,0.0,0.0,0,0,0,m3star_graph_action_value_xgboost_v0.3,m3star_graph_action_reachability_xgboost_v0.1,m3star_graph_action_value_xgboost_v0.3,10.0,0,1,1,0,development,0,0,2,0.5,G2_tactic_intent,0.6,0,0,G2_tactic_intent,2,0,1,1,1,1,0,,8,1,0.0,,0.0,0,0,project05-m3star-runtime-contract-v0.8,e1d6d08bf93f3ff400361ad947d95002dcf97cc68957c58c831e6a4fdb5c2953,0.8.0,0,1,G2_tactic_intent,G2_tactic_intent,m3star_graph_transition_xgboost_v0.1,0
C11-otrf-apt29-day1-scranton-nashua,discriminative,0.2,37,project05_xgboost_policy,1,0.0,0,,0.0,0.0,0,0,0,,,,10.0,0,1,1,,development,,0,2,0.5,G2_tactic_intent,0.6,,0,G2_tactic_intent,2,0,,,,,,,,,0.0,,0.0,,0,,,,0,,G2_tactic_intent,G2_tactic_intent,,0
C11-otrf-apt29-day1-scranton-nashua,discriminative,0.2,37,project05_m3b_policy,1,0.0,0,,0.0,0.0,0,0,0,,,,10.0,0,1,1,,development,,0,2,0.5,G2_tactic_intent,0.6,,0,G2_tactic_intent,2,0,,,,,,,,,0.0,,0.0,,0,,,,0,,G2_tactic_intent,G2_tactic_intent,,0
C11-otrf-apt29-day1-scranton-nashua,discriminative,0.2,37,project05_m2,1,0.0,0,,0.0,0.0,0,0,0,,,,10.0,0,1,1,,development,,0,2,0.5,G2_tactic_intent,0.6,,0,G2_tactic_intent,2,0,,,,,,,,,0.0,,0.0,,0,,,,0,,G2_tactic_intent,G2_tactic_intent,,0
C11-otrf-apt29-day1-scranton-nashua,discriminative,0.2,37,oracle_optimal,1,0.0,0,,0.0,0.0,0,0,0,,,,10.0,0,1,1,,development,,0,2,0.5,G2_tactic_intent,0.6,,0,G2_tactic_intent,2,0,,,,,,,,,0.0,,0.0,,0,,,,0,,G2_tactic_intent,G2_tactic_intent,,0
C11-otrf-apt29-day1-scranton-nashua,discriminative,0.2,41,project05_m3star_h3_dual,1,0.0,0,,0.0,0.0,0,0,0,m3star_graph_action_value_xgboost_v0.3,m3star_graph_action_reachability_xgboost_v0.1,m3star_graph_action_value_xgboost_v0.3,10.0,0,1,1,0,development,0,0,2,0.5,G2_tactic_intent,0.6,0,0,G2_tactic_intent,2,0,1,3,1,1,1,,8,1,0.0,,0.0,1,0,project05-m3star-runtime-contract-v0.8,e1d6d08bf93f3ff400361ad947d95002dcf97cc68957c58c831e6a4fdb5c2953,0.8.0,0,1,G2_tactic_intent,G2_tactic_intent,m3star_graph_transition_xgboost_v0.1,0
C11-otrf-apt29-day1-scranton-nashua,discriminative,0.2,41,project05_m3star_h3_no_dominance_dual,1,0.0,0,,0.0,0.0,0,0,0,m3star_graph_action_value_xgboost_v0.3,m3star_graph_action_reachability_xgboost_v0.1,m3star_graph_action_value_xgboost_v0.3,10.0,0,1,1,0,development,0,0,2,0.5,G2_tactic_intent,0.6,0,0,G2_tactic_intent,2,0,1,3,0,1,0,,8,1,0.0,,0.0,0,0,project05-m3star-runtime-contract-v0.8,e1d6d08bf93f3ff400361ad947d95002dcf97cc68957c58c831e6a4fdb5c2953,0.8.0,0,0,G2_tactic_intent,G2_tactic_intent,m3star_graph_transition_xgboost_v0.1,0
C11-otrf-apt29-day1-scranton-nashua,discriminative,0.2,41,project05_m3star_h3_unshielded_dual,1,0.0,0,,0.0,0.0,0,0,0,m3star_graph_action_value_xgboost_v0.3,m3star_graph_action_reachability_xgboost_v0.1,m3star_graph_action_value_xgboost_v0.3,10.0,0,1,1,0,development,0,0,2,0.5,G2_tactic_intent,0.6,0,0,G2_tactic_intent,2,0,0,3,1,1,0,,8,0,0.0,,0.0,0,0,project05-m3star-runtime-contract-v0.8,e1d6d08bf93f3ff400361ad947d95002dcf97cc68957c58c831e6a4fdb5c2953,0.8.0,0,1,G2_tactic_intent,G2_tactic_intent,m3star_graph_transition_xgboost_v0.1,0
C11-otrf-apt29-day1-scranton-nashua,discriminative,0.2,41,project05_m3star_h3_transition_only,1,0.0,0,,0.0,0.0,0,0,0,none,none,none,10.0,0,1,1,0,development,0,0,2,0.5,G2_tactic_intent,0.6,0,0,G2_tactic_intent,2,0,1,3,1,0,0,,8,1,0.0,,0.0,0,0,project05-m3star-runtime-contract-v0.8,e1d6d08bf93f3ff400361ad947d95002dcf97cc68957c58c831e6a4fdb5c2953,0.8.0,0,1,G2_tactic_intent,G2_tactic_intent,m3star_graph_transition_xgboost_v0.1,0
C11-otrf-apt29-day1-scranton-nashua,discriminative,0.2,41,project05_m3star_h1_dual,1,0.0,0,,0.0,0.0,0,0,0,m3star_graph_action_value_xgboost_v0.3,m3star_graph_action_reachability_xgboost_v0.1,m3star_graph_action_value_xgboost_v0.3,10.0,0,1,1,0,development,0,0,2,0.5,G2_tactic_intent,0.6,0,0,G2_tactic_intent,2,0,1,1,1,1,0,,8,1,0.0,,0.0,0,0,project05-m3star-runtime-contract-v0.8,e1d6d08bf93f3ff400361ad947d95002dcf97cc68957c58c831e6a4fdb5c2953,0.8.0,0,1,G2_tactic_intent,G2_tactic_intent,m3star_graph_transition_xgboost_v0.1,0
C11-otrf-apt29-day1-scranton-nashua,discriminative,0.2,41,project05_xgboost_policy,1,0.0,0,,0.0,0.0,0,0,0,,,,10.0,0,1,1,,development,,0,2,0.5,G2_tactic_intent,0.6,,0,G2_tactic_intent,2,0,,,,,,,,,0.0,,0.0,,0,,,,0,,G2_tactic_intent,G2_tactic_intent,,0
C11-otrf-apt29-day1-scranton-nashua,discriminative,0.2,41,project05_m3b_policy,1,0.0,0,,0.0,0.0,0,0,0,,,,10.0,0,1,1,,development,,0,2,0.5,G2_tactic_intent,0.6,,0,G2_tactic_intent,2,0,,,,,,,,,0.0,,0.0,,0,,,,0,,G2_tactic_intent,G2_tactic_intent,,0
C11-otrf-apt29-day1-scranton-nashua,discriminative,0.2,41,project05_m2,1,0.0,0,,0.0,0.0,0,0,0,,,,10.0,0,1,1,,development,,0,2,0.5,G2_tactic_intent,0.6,,0,G2_tactic_intent,2,0,,,,,,,,,0.0,,0.0,,0,,,,0,,G2_tactic_intent,G2_tactic_intent,,0
C11-otrf-apt29-day1-scranton-nashua,discriminative,0.2,41,oracle_optimal,1,0.0,0,,0.0,0.0,0,0,0,,,,10.0,0,1,1,,development,,0,2,0.5,G2_tactic_intent,0.6,,0,G2_tactic_intent,2,0,,,,,,,,,0.0,,0.0,,0,,,,0,,G2_tactic_intent,G2_tactic_intent,,0
C11-otrf-apt29-day1-scranton-nashua,discriminative,0.2,53,project05_m3star_h3_dual,1,0.0,0,,0.0,0.0,0,0,0,m3star_graph_action_value_xgboost_v0.3,m3star_graph_action_reachability_xgboost_v0.1,m3star_graph_action_value_xgboost_v0.3,10.0,0,1,1,0,development,0,0,2,0.5,G2_tactic_intent,0.6,0,0,G2_tactic_intent,2,0,1,3,1,1,1,,8,1,0.0,,0.0,1,0,project05-m3star-runtime-contract-v0.8,e1d6d08bf93f3ff400361ad947d95002dcf97cc68957c58c831e6a4fdb5c2953,0.8.0,0,1,G2_tactic_intent,G2_tactic_intent,m3star_graph_transition_xgboost_v0.1,0
C11-otrf-apt29-day1-scranton-nashua,discriminative,0.2,53,project05_m3star_h3_no_dominance_dual,1,0.0,0,,0.0,0.0,0,0,0,m3star_graph_action_value_xgboost_v0.3,m3star_graph_action_reachability_xgboost_v0.1,m3star_graph_action_value_xgboost_v0.3,10.0,0,1,1,0,development,0,0,2,0.5,G2_tactic_intent,0.6,0,0,G2_tactic_intent,2,0,1,3,0,1,0,,8,1,0.0,,0.0,0,0,project05-m3star-runtime-contract-v0.8,e1d6d08bf93f3ff400361ad947d95002dcf97cc68957c58c831e6a4fdb5c2953,0.8.0,0,0,G2_tactic_intent,G2_tactic_intent,m3star_graph_transition_xgboost_v0.1,0
C11-otrf-apt29-day1-scranton-nashua,discriminative,0.2,53,project05_m3star_h3_unshielded_dual,1,0.0,0,,0.0,0.0,0,0,0,m3star_graph_action_value_xgboost_v0.3,m3star_graph_action_reachability_xgboost_v0.1,m3star_graph_action_value_xgboost_v0.3,10.0,0,1,1,0,development,0,0,2,0.5,G2_tactic_intent,0.6,0,0,G2_tactic_intent,2,0,0,3,1,1,0,,8,0,0.0,,0.0,0,0,project05-m3star-runtime-contract-v0.8,e1d6d08bf93f3ff400361ad947d95002dcf97cc68957c58c831e6a4fdb5c2953,0.8.0,0,1,G2_tactic_intent,G2_tactic_intent,m3star_graph_transition_xgboost_v0.1,0
C11-otrf-apt29-day1-scranton-nashua,discriminative,0.2,53,project05_m3star_h3_transition_only,1,0.0,0,,0.0,0.0,0,0,0,none,none,none,10.0,0,1,1,0,development,0,0,2,0.5,G2_tactic_intent,0.6,0,0,G2_tactic_intent,2,0,1,3,1,0,0,,8,1,0.0,,0.0,0,0,project05-m3star-runtime-contract-v0.8,e1d6d08bf93f3ff400361ad947d95002dcf97cc68957c58c831e6a4fdb5c2953,0.8.0,0,1,G2_tactic_intent,G2_tactic_intent,m3star_graph_transition_xgboost_v0.1,0
C11-otrf-apt29-day1-scranton-nashua,discriminative,0.2,53,project05_m3star_h1_dual,1,0.0,0,,0.0,0.0,0,0,0,m3star_graph_action_value_xgboost_v0.3,m3star_graph_action_reachability_xgboost_v0.1,m3star_graph_action_value_xgboost_v0.3,10.0,0,1,1,0,development,0,0,2,0.5,G2_tactic_intent,0.6,0,0,G2_tactic_intent,2,0,1,1,1,1,0,,8,1,0.0,,0.0,0,0,project05-m3star-runtime-contract-v0.8,e1d6d08bf93f3ff400361ad947d95002dcf97cc68957c58c831e6a4fdb5c2953,0.8.0,0,1,G2_tactic_intent,G2_tactic_intent,m3star_graph_transition_xgboost_v0.1,0
C11-otrf-apt29-day1-scranton-nashua,discriminative,0.2,53,project05_xgboost_policy,1,0.0,0,,0.0,0.0,0,0,0,,,,10.0,0,1,1,,development,,0,2,0.5,G2_tactic_intent,0.6,,0,G2_tactic_intent,2,0,,,,,,,,,0.0,,0.0,,0,,,,0,,G2_tactic_intent,G2_tactic_intent,,0
C11-otrf-apt29-day1-scranton-nashua,discriminative,0.2,53,project05_m3b_policy,1,0.0,0,,0.0,0.0,0,0,0,,,,10.0,0,1,1,,development,,0,2,0.5,G2_tactic_intent,0.6,,0,G2_tactic_intent,2,0,,,,,,,,,0.0,,0.0,,0,,,,0,,G2_tactic_intent,G2_tactic_intent,,0
C11-otrf-apt29-day1-scranton-nashua,discriminative,0.2,53,project05_m2,1,0.0,0,,0.0,0.0,0,0,0,,,,10.0,0,1,1,,development,,0,2,0.5,G2_tactic_intent,0.6,,0,G2_tactic_intent,2,0,,,,,,,,,0.0,,0.0,,0,,,,0,,G2_tactic_intent,G2_tactic_intent,,0
C11-otrf-apt29-day1-scranton-nashua,discriminative,0.2,53,oracle_optimal,1,0.0,0,,0.0,0.0,0,0,0,,,,10.0,0,1,1,,development,,0,2,0.5,G2_tactic_intent,0.6,,0,G2_tactic_intent,2,0,,,,,,,,,0.0,,0.0,,0,,,,0,,G2_tactic_intent,G2_tactic_intent,,0
C11-otrf-apt29-day1-scranton-nashua,discriminative,0.4,11,project05_m3star_h3_dual,1,3.0,2,C11-AA-001|C11-AA-002,3.0,0.0,1,0,0,m3star_graph_action_value_xgboost_v0.3,m3star_graph_action_reachability_xgboost_v0.1,m3star_graph_action_value_xgboost_v0.3,10.0,0,1,1,0,development,0,0,2,0.25,G2_tactic_intent,0.6,2,1,G1_technique,4,0,1,3,1,1,1,,8,1,3.0,C11-AA-001,1.0,1,3,project05-m3star-runtime-contract-v0.8,e1d6d08bf93f3ff400361ad947d95002dcf97cc68957c58c831e6a4fdb5c2953,0.8.0,2,1,G2_tactic_intent,G2_tactic_intent,m3star_graph_transition_xgboost_v0.1,0
C11-otrf-apt29-day1-scranton-nashua,discriminative,0.4,11,project05_m3star_h3_no_dominance_dual,1,3.0,2,C11-AA-001|C11-AA-002,3.0,0.0,1,0,0,m3star_graph_action_value_xgboost_v0.3,m3star_graph_action_reachability_xgboost_v0.1,m3star_graph_action_value_xgboost_v0.3,10.0,0,1,1,0,development,0,0,2,0.25,G2_tactic_intent,0.6,2,1,G1_technique,4,0,1,3,0,1,0,,8,1,3.0,C11-AA-001,1.0,0,3,project05-m3star-runtime-contract-v0.8,e1d6d08bf93f3ff400361ad947d95002dcf97cc68957c58c831e6a4fdb5c2953,0.8.0,2,0,G2_tactic_intent,G2_tactic_intent,m3star_graph_transition_xgboost_v0.1,0
C11-otrf-apt29-day1-scranton-nashua,discriminative,0.4,11,project05_m3star_h3_unshielded_dual,1,3.0,2,C11-AA-001|C11-AA-002,3.0,0.0,1,0,0,m3star_graph_action_value_xgboost_v0.3,m3star_graph_action_reachability_xgboost_v0.1,m3star_graph_action_value_xgboost_v0.3,10.0,0,1,1,0,development,0,0,2,0.25,G2_tactic_intent,0.6,2,1,G1_technique,4,0,0,3,1,1,0,,8,0,3.0,C11-AA-001,1.0,0,3,project05-m3star-runtime-contract-v0.8,e1d6d08bf93f3ff400361ad947d95002dcf97cc68957c58c831e6a4fdb5c2953,0.8.0,2,1,G2_tactic_intent,G2_tactic_intent,m3star_graph_transition_xgboost_v0.1,0
C11-otrf-apt29-day1-scranton-nashua,discriminative,0.4,11,project05_m3star_h3_transition_only,1,3.0,2,C11-AA-001|C11-AA-002,3.0,0.0,1,0,0,none,none,none,10.0,0,1,1,0,development,0,0,2,0.25,G2_tactic_intent,0.6,0,1,G1_technique,4,0,1,3,1,0,0,,8,1,3.0,C11-AA-001,1.0,0,3,project05-m3star-runtime-contract-v0.8,e1d6d08bf93f3ff400361ad947d95002dcf97cc68957c58c831e6a4fdb5c2953,0.8.0,2,1,G2_tactic_intent,G2_tactic_intent,m3star_graph_transition_xgboost_v0.1,0
C11-otrf-apt29-day1-scranton-nashua,discriminative,0.4,11,project05_m3star_h1_dual,1,3.0,2,C11-AA-001|C11-AA-002,3.0,0.0,1,0,0,m3star_graph_action_value_xgboost_v0.3,m3star_graph_action_reachability_xgboost_v0.1,m3star_graph_action_value_xgboost_v0.3,10.0,0,1,1,0,development,0,0,2,0.25,G2_tactic_intent,0.6,2,1,G1_technique,4,0,1,1,1,1,0,,8,1,3.0,C11-AA-001,1.0,0,3,project05-m3star-runtime-contract-v0.8,e1d6d08bf93f3ff400361ad947d95002dcf97cc68957c58c831e6a4fdb5c2953,0.8.0,2,1,G2_tactic_intent,G2_tactic_intent,m3star_graph_transition_xgboost_v0.1,0
C11-otrf-apt29-day1-scranton-nashua,discriminative,0.4,11,project05_xgboost_policy,1,3.0,2,C11-AA-001|C11-AA-002,3.0,0.0,1,0,0,,,,10.0,0,1,1,,development,,0,2,0.25,G2_tactic_intent,0.6,,1,G1_technique,4,0,,,,,,,,,3.0,C11-AA-001,1.0,,3,,,,2,,G2_tactic_intent,G2_tactic_intent,,0
C11-otrf-apt29-day1-scranton-nashua,discriminative,0.4,11,project05_m3b_policy,1,3.0,2,C11-AA-001|C11-AA-002,3.0,0.0,1,0,0,,,,10.0,0,1,1,,development,,0,2,0.25,G2_tactic_intent,0.6,,1,G1_technique,4,0,,,,,,,,,3.0,C11-AA-001,1.0,,3,,,,2,,G2_tactic_intent,G2_tactic_intent,,0
C11-otrf-apt29-day1-scranton-nashua,discriminative,0.4,11,project05_m2,1,3.0,2,C11-AA-001|C11-AA-002,3.0,0.0,1,0,0,,,,10.0,0,1,1,,development,,0,2,0.25,G2_tactic_intent,0.6,,1,G1_technique,4,0,,,,,,,,,3.0,C11-AA-001,1.0,,3,,,,2,,G2_tactic_intent,G2_tactic_intent,,0
C11-otrf-apt29-day1-scranton-nashua,discriminative,0.4,11,oracle_optimal,1,3.0,2,C11-AA-001|C11-AA-002,3.0,0.0,1,0,0,,,,10.0,0,1,1,,development,,0,2,0.25,G2_tactic_intent,0.6,,1,G1_technique,4,0,,,,,,,,,3.0,C11-AA-001,1.0,,3,,,,2,,G2_tactic_intent,G2_tactic_intent,,0
C11-otrf-apt29-day1-scranton-nashua,discriminative,0.4,23,project05_m3star_h3_dual,1,3.0,2,C11-AA-001|C11-AA-002,3.0,0.0,1,0,0,m3star_graph_action_value_xgboost_v0.3,m3star_graph_action_reachability_xgboost_v0.1,m3star_graph_action_value_xgboost_v0.3,10.0,0,1,1,0,development,0,0,2,0.25,G2_tactic_intent,0.6,2,1,G1_technique,4,0,1,3,1,1,1,,8,1,3.0,C11-AA-001,1.0,1,3,project05-m3star-runtime-contract-v0.8,e1d6d08bf93f3ff400361ad947d95002dcf97cc68957c58c831e6a4fdb5c2953,0.8.0,2,1,G2_tactic_intent,G2_tactic_intent,m3star_graph_transition_xgboost_v0.1,0
C11-otrf-apt29-day1-scranton-nashua,discriminative,0.4,23,project05_m3star_h3_no_dominance_dual,1,3.0,2,C11-AA-001|C11-AA-002,3.0,0.0,1,0,0,m3star_graph_action_value_xgboost_v0.3,m3star_graph_action_reachability_xgboost_v0.1,m3star_graph_action_value_xgboost_v0.3,10.0,0,1,1,0,development,0,0,2,0.25,G2_tactic_intent,0.6,2,1,G1_technique,4,0,1,3,0,1,0,,8,1,3.0,C11-AA-001,1.0,0,3,project05-m3star-runtime-contract-v0.8,e1d6d08bf93f3ff400361ad947d95002dcf97cc68957c58c831e6a4fdb5c2953,0.8.0,2,0,G2_tactic_intent,G2_tactic_intent,m3star_graph_transition_xgboost_v0.1,0
C11-otrf-apt29-day1-scranton-nashua,discriminative,0.4,23,project05_m3star_h3_unshielded_dual,1,3.0,2,C11-AA-001|C11-AA-002,3.0,0.0,1,0,0,m3star_graph_action_value_xgboost_v0.3,m3star_graph_action_reachability_xgboost_v0.1,m3star_graph_action_value_xgboost_v0.3,10.0,0,1,1,0,development,0,0,2,0.25,G2_tactic_intent,0.6,2,1,G1_technique,4,0,0,3,1,1,0,,8,0,3.0,C11-AA-001,1.0,0,3,project05-m3star-runtime-contract-v0.8,e1d6d08bf93f3ff400361ad947d95002dcf97cc68957c58c831e6a4fdb5c2953,0.8.0,2,1,G2_tactic_intent,G2_tactic_intent,m3star_graph_transition_xgboost_v0.1,0
C11-otrf-apt29-day1-scranton-nashua,discriminative,0.4,23,project05_m3star_h3_transition_only,1,3.0,2,C11-AA-001|C11-AA-002,3.0,0.0,1,0,0,none,none,none,10.0,0,1,1,0,development,0,0,2,0.25,G2_tactic_intent,0.6,0,1,G1_technique,4,0,1,3,1,0,0,,8,1,3.0,C11-AA-001,1.0,0,3,project05-m3star-runtime-contract-v0.8,e1d6d08bf93f3ff400361ad947d95002dcf97cc68957c58c831e6a4fdb5c2953,0.8.0,2,1,G2_tactic_intent,G2_tactic_intent,m3star_graph_transition_xgboost_v0.1,0
C11-otrf-apt29-day1-scranton-nashua,discriminative,0.4,23,project05_m3star_h1_dual,1,3.0,2,C11-AA-001|C11-AA-002,3.0,0.0,1,0,0,m3star_graph_action_value_xgboost_v0.3,m3star_graph_action_reachability_xgboost_v0.1,m3star_graph_action_value_xgboost_v0.3,10.0,0,1,1,0,development,0,0,2,0.25,G2_tactic_intent,0.6,2,1,G1_technique,4,0,1,1,1,1,0,,8,1,3.0,C11-AA-001,1.0,0,3,project05-m3star-runtime-contract-v0.8,e1d6d08bf93f3ff400361ad947d95002dcf97cc68957c58c831e6a4fdb5c2953,0.8.0,2,1,G2_tactic_intent,G2_tactic_intent,m3star_graph_transition_xgboost_v0.1,0
C11-otrf-apt29-day1-scranton-nashua,discriminative,0.4,23,project05_xgboost_policy,1,3.0,2,C11-AA-001|C11-AA-002,3.0,0.0,1,0,0,,,,10.0,0,1,1,,development,,0,2,0.25,G2_tactic_intent,0.6,,1,G1_technique,4,0,,,,,,,,,3.0,C11-AA-001,1.0,,3,,,,2,,G2_tactic_intent,G2_tactic_intent,,0
C11-otrf-apt29-day1-scranton-nashua,discriminative,0.4,23,project05_m3b_policy,1,3.0,2,C11-AA-001|C11-AA-002,3.0,0.0,1,0,0,,,,10.0,0,1,1,,development,,0,2,0.25,G2_tactic_intent,0.6,,1,G1_technique,4,0,,,,,,,,,3.0,C11-AA-001,1.0,,3,,,,2,,G2_tactic_intent,G2_tactic_intent,,0
C11-otrf-apt29-day1-scranton-nashua,discriminative,0.4,23,project05_m2,1,3.0,2,C11-AA-001|C11-AA-002,3.0,0.0,1,0,0,,,,10.0,0,1,1,,development,,0,2,0.25,G2_tactic_intent,0.6,,1,G1_technique,4,0,,,,,,,,,3.0,C11-AA-001,1.0,,3,,,,2,,G2_tactic_intent,G2_tactic_intent,,0
C11-otrf-apt29-day1-scranton-nashua,discriminative,0.4,23,oracle_optimal,1,3.0,2,C11-AA-001|C11-AA-002,3.0,0.0,1,0,0,,,,10.0,0,1,1,,development,,0,2,0.25,G2_tactic_intent,0.6,,1,G1_technique,4,0,,,,,,,,,3.0,C11-AA-001,1.0,,3,,,,2,,G2_tactic_intent,G2_tactic_intent,,0
C11-otrf-apt29-day1-scranton-nashua,discriminative,0.4,37,project05_m3star_h3_dual,1,3.0,2,C11-AA-001|C11-AA-002,3.0,0.0,1,0,0,m3star_graph_action_value_xgboost_v0.3,m3star_graph_action_reachability_xgboost_v0.1,m3star_graph_action_value_xgboost_v0.3,10.0,0,1,1,0,development,0,0,2,0.25,G2_tactic_intent,0.6,2,1,G1_technique,4,0,1,3,1,1,1,,8,1,3.0,C11-AA-001,1.0,1,3,project05-m3star-runtime-contract-v0.8,e1d6d08bf93f3ff400361ad947d95002dcf97cc68957c58c831e6a4fdb5c2953,0.8.0,2,1,G2_tactic_intent,G2_tactic_intent,m3star_graph_transition_xgboost_v0.1,0
C11-otrf-apt29-day1-scranton-nashua,discriminative,0.4,37,project05_m3star_h3_no_dominance_dual,1,3.0,2,C11-AA-001|C11-AA-002,3.0,0.0,1,0,0,m3star_graph_action_value_xgboost_v0.3,m3star_graph_action_reachability_xgboost_v0.1,m3star_graph_action_value_xgboost_v0.3,10.0,0,1,1,0,development,0,0,2,0.25,G2_tactic_intent,0.6,2,1,G1_technique,4,0,1,3,0,1,0,,8,1,3.0,C11-AA-001,1.0,0,3,project05-m3star-runtime-contract-v0.8,e1d6d08bf93f3ff400361ad947d95002dcf97cc68957c58c831e6a4fdb5c2953,0.8.0,2,0,G2_tactic_intent,G2_tactic_intent,m3star_graph_transition_xgboost_v0.1,0
C11-otrf-apt29-day1-scranton-nashua,discriminative,0.4,37,project05_m3star_h3_unshielded_dual,1,3.0,2,C11-AA-001|C11-AA-002,3.0,0.0,1,0,0,m3star_graph_action_value_xgboost_v0.3,m3star_graph_action_reachability_xgboost_v0.1,m3star_graph_action_value_xgboost_v0.3,10.0,0,1,1,0,development,0,0,2,0.25,G2_tactic_intent,0.6,2,1,G1_technique,4,0,0,3,1,1,0,,8,0,3.0,C11-AA-001,1.0,0,3,project05-m3star-runtime-contract-v0.8,e1d6d08bf93f3ff400361ad947d95002dcf97cc68957c58c831e6a4fdb5c2953,0.8.0,2,1,G2_tactic_intent,G2_tactic_intent,m3star_graph_transition_xgboost_v0.1,0
C11-otrf-apt29-day1-scranton-nashua,discriminative,0.4,37,project05_m3star_h3_transition_only,1,3.0,2,C11-AA-001|C11-AA-002,3.0,0.0,1,0,0,none,none,none,10.0,0,1,1,0,development,0,0,2,0.25,G2_tactic_intent,0.6,0,1,G1_technique,4,0,1,3,1,0,0,,8,1,3.0,C11-AA-001,1.0,0,3,project05-m3star-runtime-contract-v0.8,e1d6d08bf93f3ff400361ad947d95002dcf97cc68957c58c831e6a4fdb5c2953,0.8.0,2,1,G2_tactic_intent,G2_tactic_intent,m3star_graph_transition_xgboost_v0.1,0
C11-otrf-apt29-day1-scranton-nashua,discriminative,0.4,37,project05_m3star_h1_dual,1,3.0,2,C11-AA-001|C11-AA-002,3.0,0.0,1,0,0,m3star_graph_action_value_xgboost_v0.3,m3star_graph_action_reachability_xgboost_v0.1,m3star_graph_action_value_xgboost_v0.3,10.0,0,1,1,0,development,0,0,2,0.25,G2_tactic_intent,0.6,2,1,G1_technique,4,0,1,1,1,1,0,,8,1,3.0,C11-AA-001,1.0,0,3,project05-m3star-runtime-contract-v0.8,e1d6d08bf93f3ff400361ad947d95002dcf97cc68957c58c831e6a4fdb5c2953,0.8.0,2,1,G2_tactic_intent,G2_tactic_intent,m3star_graph_transition_xgboost_v0.1,0
C11-otrf-apt29-day1-scranton-nashua,discriminative,0.4,37,project05_xgboost_policy,1,3.0,2,C11-AA-001|C11-AA-002,3.0,0.0,1,0,0,,,,10.0,0,1,1,,development,,0,2,0.25,G2_tactic_intent,0.6,,1,G1_technique,4,0,,,,,,,,,3.0,C11-AA-001,1.0,,3,,,,2,,G2_tactic_intent,G2_tactic_intent,,0
C11-otrf-apt29-day1-scranton-nashua,discriminative,0.4,37,project05_m3b_policy,1,3.0,2,C11-AA-001|C11-AA-002,3.0,0.0,1,0,0,,,,10.0,0,1,1,,development,,0,2,0.25,G2_tactic_intent,0.6,,1,G1_technique,4,0,,,,,,,,,3.0,C11-AA-001,1.0,,3,,,,2,,G2_tactic_intent,G2_tactic_intent,,0
C11-otrf-apt29-day1-scranton-nashua,discriminative,0.4,37,project05_m2,1,3.0,2,C11-AA-001|C11-AA-002,3.0,0.0,1,0,0,,,,10.0,0,1,1,,development,,0,2,0.25,G2_tactic_intent,0.6,,1,G1_technique,4,0,,,,,,,,,3.0,C11-AA-001,1.0,,3,,,,2,,G2_tactic_intent,G2_tactic_intent,,0
C11-otrf-apt29-day1-scranton-nashua,discriminative,0.4,37,oracle_optimal,1,3.0,2,C11-AA-001|C11-AA-002,3.0,0.0,1,0,0,,,,10.0,0,1,1,,development,,0,2,0.25,G2_tactic_intent,0.6,,1,G1_technique,4,0,,,,,,,,,3.0,C11-AA-001,1.0,,3,,,,2,,G2_tactic_intent,G2_tactic_intent,,0
C11-otrf-apt29-day1-scranton-nashua,discriminative,0.4,41,project05_m3star_h3_dual,1,3.0,2,C11-AA-001|C11-AA-002,3.0,0.0,1,0,0,m3star_graph_action_value_xgboost_v0.3,m3star_graph_action_reachability_xgboost_v0.1,m3star_graph_action_value_xgboost_v0.3,10.0,0,1,1,0,development,0,0,2,0.25,G2_tactic_intent,0.6,2,1,G1_technique,4,0,1,3,1,1,1,,8,1,3.0,C11-AA-001,1.0,1,3,project05-m3star-runtime-contract-v0.8,e1d6d08bf93f3ff400361ad947d95002dcf97cc68957c58c831e6a4fdb5c2953,0.8.0,2,1,G2_tactic_intent,G2_tactic_intent,m3star_graph_transition_xgboost_v0.1,0
C11-otrf-apt29-day1-scranton-nashua,discriminative,0.4,41,project05_m3star_h3_no_dominance_dual,1,3.0,2,C11-AA-001|C11-AA-002,3.0,0.0,1,0,0,m3star_graph_action_value_xgboost_v0.3,m3star_graph_action_reachability_xgboost_v0.1,m3star_graph_action_value_xgboost_v0.3,10.0,0,1,1,0,development,0,0,2,0.25,G2_tactic_intent,0.6,2,1,G1_technique,4,0,1,3,0,1,0,,8,1,3.0,C11-AA-001,1.0,0,3,project05-m3star-runtime-contract-v0.8,e1d6d08bf93f3ff400361ad947d95002dcf97cc68957c58c831e6a4fdb5c2953,0.8.0,2,0,G2_tactic_intent,G2_tactic_intent,m3star_graph_transition_xgboost_v0.1,0
C11-otrf-apt29-day1-scranton-nashua,discriminative,0.4,41,project05_m3star_h3_unshielded_dual,1,3.0,2,C11-AA-001|C11-AA-002,3.0,0.0,1,0,0,m3star_graph_action_value_xgboost_v0.3,m3star_graph_action_reachability_xgboost_v0.1,m3star_graph_action_value_xgboost_v0.3,10.0,0,1,1,0,development,0,0,2,0.25,G2_tactic_intent,0.6,2,1,G1_technique,4,0,0,3,1,1,0,,8,0,3.0,C11-AA-001,1.0,0,3,project05-m3star-runtime-contract-v0.8,e1d6d08bf93f3ff400361ad947d95002dcf97cc68957c58c831e6a4fdb5c2953,0.8.0,2,1,G2_tactic_intent,G2_tactic_intent,m3star_graph_transition_xgboost_v0.1,0
C11-otrf-apt29-day1-scranton-nashua,discriminative,0.4,41,project05_m3star_h3_transition_only,1,3.0,2,C11-AA-001|C11-AA-002,3.0,0.0,1,0,0,none,none,none,10.0,0,1,1,0,development,0,0,2,0.25,G2_tactic_intent,0.6,0,1,G1_technique,4,0,1,3,1,0,0,,8,1,3.0,C11-AA-001,1.0,0,3,project05-m3star-runtime-contract-v0.8,e1d6d08bf93f3ff400361ad947d95002dcf97cc68957c58c831e6a4fdb5c2953,0.8.0,2,1,G2_tactic_intent,G2_tactic_intent,m3star_graph_transition_xgboost_v0.1,0
C11-otrf-apt29-day1-scranton-nashua,discriminative,0.4,41,project05_m3star_h1_dual,1,3.0,2,C11-AA-001|C11-AA-002,3.0,0.0,1,0,0,m3star_graph_action_value_xgboost_v0.3,m3star_graph_action_reachability_xgboost_v0.1,m3star_graph_action_value_xgboost_v0.3,10.0,0,1,1,0,development,0,0,2,0.25,G2_tactic_intent,0.6,2,1,G1_technique,4,0,1,1,1,1,0,,8,1,3.0,C11-AA-001,1.0,0,3,project05-m3star-runtime-contract-v0.8,e1d6d08bf93f3ff400361ad947d95002dcf97cc68957c58c831e6a4fdb5c2953,0.8.0,2,1,G2_tactic_intent,G2_tactic_intent,m3star_graph_transition_xgboost_v0.1,0
C11-otrf-apt29-day1-scranton-nashua,discriminative,0.4,41,project05_xgboost_policy,1,3.0,2,C11-AA-001|C11-AA-002,3.0,0.0,1,0,0,,,,10.0,0,1,1,,development,,0,2,0.25,G2_tactic_intent,0.6,,1,G1_technique,4,0,,,,,,,,,3.0,C11-AA-001,1.0,,3,,,,2,,G2_tactic_intent,G2_tactic_intent,,0
C11-otrf-apt29-day1-scranton-nashua,discriminative,0.4,41,project05_m3b_policy,1,3.0,2,C11-AA-001|C11-AA-002,3.0,0.0,1,0,0,,,,10.0,0,1,1,,development,,0,2,0.25,G2_tactic_intent,0.6,,1,G1_technique,4,0,,,,,,,,,3.0,C11-AA-001,1.0,,3,,,,2,,G2_tactic_intent,G2_tactic_intent,,0
C11-otrf-apt29-day1-scranton-nashua,discriminative,0.4,41,project05_m2,1,3.0,2,C11-AA-001|C11-AA-002,3.0,0.0,1,0,0,,,,10.0,0,1,1,,development,,0,2,0.25,G2_tactic_intent,0.6,,1,G1_technique,4,0,,,,,,,,,3.0,C11-AA-001,1.0,,3,,,,2,,G2_tactic_intent,G2_tactic_intent,,0
C11-otrf-apt29-day1-scranton-nashua,discriminative,0.4,41,oracle_optimal,1,3.0,2,C11-AA-001|C11-AA-002,3.0,0.0,1,0,0,,,,10.0,0,1,1,,development,,0,2,0.25,G2_tactic_intent,0.6,,1,G1_technique,4,0,,,,,,,,,3.0,C11-AA-001,1.0,,3,,,,2,,G2_tactic_intent,G2_tactic_intent,,0
C11-otrf-apt29-day1-scranton-nashua,discriminative,0.4,53,project05_m3star_h3_dual,1,3.0,2,C11-AA-001|C11-AA-002,3.0,0.0,1,0,0,m3star_graph_action_value_xgboost_v0.3,m3star_graph_action_reachability_xgboost_v0.1,m3star_graph_action_value_xgboost_v0.3,10.0,0,1,1,0,development,0,0,2,0.25,G2_tactic_intent,0.6,2,1,G1_technique,4,0,1,3,1,1,1,,8,1,3.0,C11-AA-001,1.0,1,3,project05-m3star-runtime-contract-v0.8,e1d6d08bf93f3ff400361ad947d95002dcf97cc68957c58c831e6a4fdb5c2953,0.8.0,2,1,G2_tactic_intent,G2_tactic_intent,m3star_graph_transition_xgboost_v0.1,0
C11-otrf-apt29-day1-scranton-nashua,discriminative,0.4,53,project05_m3star_h3_no_dominance_dual,1,3.0,2,C11-AA-001|C11-AA-002,3.0,0.0,1,0,0,m3star_graph_action_value_xgboost_v0.3,m3star_graph_action_reachability_xgboost_v0.1,m3star_graph_action_value_xgboost_v0.3,10.0,0,1,1,0,development,0,0,2,0.25,G2_tactic_intent,0.6,2,1,G1_technique,4,0,1,3,0,1,0,,8,1,3.0,C11-AA-001,1.0,0,3,project05-m3star-runtime-contract-v0.8,e1d6d08bf93f3ff400361ad947d95002dcf97cc68957c58c831e6a4fdb5c2953,0.8.0,2,0,G2_tactic_intent,G2_tactic_intent,m3star_graph_transition_xgboost_v0.1,0
C11-otrf-apt29-day1-scranton-nashua,discriminative,0.4,53,project05_m3star_h3_unshielded_dual,1,3.0,2,C11-AA-001|C11-AA-002,3.0,0.0,1,0,0,m3star_graph_action_value_xgboost_v0.3,m3star_graph_action_reachability_xgboost_v0.1,m3star_graph_action_value_xgboost_v0.3,10.0,0,1,1,0,development,0,0,2,0.25,G2_tactic_intent,0.6,2,1,G1_technique,4,0,0,3,1,1,0,,8,0,3.0,C11-AA-001,1.0,0,3,project05-m3star-runtime-contract-v0.8,e1d6d08bf93f3ff400361ad947d95002dcf97cc68957c58c831e6a4fdb5c2953,0.8.0,2,1,G2_tactic_intent,G2_tactic_intent,m3star_graph_transition_xgboost_v0.1,0
C11-otrf-apt29-day1-scranton-nashua,discriminative,0.4,53,project05_m3star_h3_transition_only,1,3.0,2,C11-AA-001|C11-AA-002,3.0,0.0,1,0,0,none,none,none,10.0,0,1,1,0,development,0,0,2,0.25,G2_tactic_intent,0.6,0,1,G1_technique,4,0,1,3,1,0,0,,8,1,3.0,C11-AA-001,1.0,0,3,project05-m3star-runtime-contract-v0.8,e1d6d08bf93f3ff400361ad947d95002dcf97cc68957c58c831e6a4fdb5c2953,0.8.0,2,1,G2_tactic_intent,G2_tactic_intent,m3star_graph_transition_xgboost_v0.1,0
C11-otrf-apt29-day1-scranton-nashua,discriminative,0.4,53,project05_m3star_h1_dual,1,3.0,2,C11-AA-001|C11-AA-002,3.0,0.0,1,0,0,m3star_graph_action_value_xgboost_v0.3,m3star_graph_action_reachability_xgboost_v0.1,m3star_graph_action_value_xgboost_v0.3,10.0,0,1,1,0,development,0,0,2,0.25,G2_tactic_intent,0.6,2,1,G1_technique,4,0,1,1,1,1,0,,8,1,3.0,C11-AA-001,1.0,0,3,project05-m3star-runtime-contract-v0.8,e1d6d08bf93f3ff400361ad947d95002dcf97cc68957c58c831e6a4fdb5c2953,0.8.0,2,1,G2_tactic_intent,G2_tactic_intent,m3star_graph_transition_xgboost_v0.1,0
C11-otrf-apt29-day1-scranton-nashua,discriminative,0.4,53,project05_xgboost_policy,1,3.0,2,C11-AA-001|C11-AA-002,3.0,0.0,1,0,0,,,,10.0,0,1,1,,development,,0,2,0.25,G2_tactic_intent,0.6,,1,G1_technique,4,0,,,,,,,,,3.0,C11-AA-001,1.0,,3,,,,2,,G2_tactic_intent,G2_tactic_intent,,0
C11-otrf-apt29-day1-scranton-nashua,discriminative,0.4,53,project05_m3b_policy,1,3.0,2,C11-AA-001|C11-AA-002,3.0,0.0,1,0,0,,,,10.0,0,1,1,,development,,0,2,0.25,G2_tactic_intent,0.6,,1,G1_technique,4,0,,,,,,,,,3.0,C11-AA-001,1.0,,3,,,,2,,G2_tactic_intent,G2_tactic_intent,,0
C11-otrf-apt29-day1-scranton-nashua,discriminative,0.4,53,project05_m2,1,3.0,2,C11-AA-001|C11-AA-002,3.0,0.0,1,0,0,,,,10.0,0,1,1,,development,,0,2,0.25,G2_tactic_intent,0.6,,1,G1_technique,4,0,,,,,,,,,3.0,C11-AA-001,1.0,,3,,,,2,,G2_tactic_intent,G2_tactic_intent,,0
C11-otrf-apt29-day1-scranton-nashua,discriminative,0.4,53,oracle_optimal,1,3.0,2,C11-AA-001|C11-AA-002,3.0,0.0,1,0,0,,,,10.0,0,1,1,,development,,0,2,0.25,G2_tactic_intent,0.6,,1,G1_technique,4,0,,,,,,,,,3.0,C11-AA-001,1.0,,3,,,,2,,G2_tactic_intent,G2_tactic_intent,,0
C11-otrf-apt29-day1-scranton-nashua,discriminative,0.6,11,project05_m3star_h3_dual,1,3.0,2,C11-AA-001|C11-AA-002,3.0,0.0,1,0,0,m3star_graph_action_value_xgboost_v0.3,m3star_graph_action_reachability_xgboost_v0.1,m3star_graph_action_value_xgboost_v0.3,10.0,0,1,1,0,development,0,0,2,0.25,G2_tactic_intent,0.6,2,1,G1_technique,5,0,1,3,1,1,1,,8,1,3.0,C11-AA-001,1.0,1,4,project05-m3star-runtime-contract-v0.8,e1d6d08bf93f3ff400361ad947d95002dcf97cc68957c58c831e6a4fdb5c2953,0.8.0,2,1,G2_tactic_intent,G2_tactic_intent,m3star_graph_transition_xgboost_v0.1,0
C11-otrf-apt29-day1-scranton-nashua,discriminative,0.6,11,project05_m3star_h3_no_dominance_dual,1,3.0,2,C11-AA-001|C11-AA-002,3.0,0.0,1,0,0,m3star_graph_action_value_xgboost_v0.3,m3star_graph_action_reachability_xgboost_v0.1,m3star_graph_action_value_xgboost_v0.3,10.0,0,1,1,0,development,0,0,2,0.25,G2_tactic_intent,0.6,2,1,G1_technique,5,0,1,3,0,1,0,,8,1,3.0,C11-AA-001,1.0,0,4,project05-m3star-runtime-contract-v0.8,e1d6d08bf93f3ff400361ad947d95002dcf97cc68957c58c831e6a4fdb5c2953,0.8.0,2,0,G2_tactic_intent,G2_tactic_intent,m3star_graph_transition_xgboost_v0.1,0
C11-otrf-apt29-day1-scranton-nashua,discriminative,0.6,11,project05_m3star_h3_unshielded_dual,1,3.0,2,C11-AA-001|C11-AA-002,3.0,0.0,1,0,0,m3star_graph_action_value_xgboost_v0.3,m3star_graph_action_reachability_xgboost_v0.1,m3star_graph_action_value_xgboost_v0.3,10.0,0,1,1,0,development,0,0,2,0.25,G2_tactic_intent,0.6,2,1,G1_technique,5,0,0,3,1,1,0,,8,0,3.0,C11-AA-001,1.0,0,4,project05-m3star-runtime-contract-v0.8,e1d6d08bf93f3ff400361ad947d95002dcf97cc68957c58c831e6a4fdb5c2953,0.8.0,2,1,G2_tactic_intent,G2_tactic_intent,m3star_graph_transition_xgboost_v0.1,0
C11-otrf-apt29-day1-scranton-nashua,discriminative,0.6,11,project05_m3star_h3_transition_only,1,3.0,2,C11-AA-001|C11-AA-002,3.0,0.0,1,0,0,none,none,none,10.0,0,1,1,0,development,0,0,2,0.25,G2_tactic_intent,0.6,0,1,G1_technique,5,0,1,3,1,0,0,,8,1,3.0,C11-AA-001,1.0,0,4,project05-m3star-runtime-contract-v0.8,e1d6d08bf93f3ff400361ad947d95002dcf97cc68957c58c831e6a4fdb5c2953,0.8.0,2,1,G2_tactic_intent,G2_tactic_intent,m3star_graph_transition_xgboost_v0.1,0
C11-otrf-apt29-day1-scranton-nashua,discriminative,0.6,11,project05_m3star_h1_dual,1,3.0,2,C11-AA-001|C11-AA-002,3.0,0.0,1,0,0,m3star_graph_action_value_xgboost_v0.3,m3star_graph_action_reachability_xgboost_v0.1,m3star_graph_action_value_xgboost_v0.3,10.0,0,1,1,0,development,0,0,2,0.25,G2_tactic_intent,0.6,2,1,G1_technique,5,0,1,1,1,1,0,,8,1,3.0,C11-AA-001,1.0,0,4,project05-m3star-runtime-contract-v0.8,e1d6d08bf93f3ff400361ad947d95002dcf97cc68957c58c831e6a4fdb5c2953,0.8.0,2,1,G2_tactic_intent,G2_tactic_intent,m3star_graph_transition_xgboost_v0.1,0
C11-otrf-apt29-day1-scranton-nashua,discriminative,0.6,11,project05_xgboost_policy,1,3.0,2,C11-AA-001|C11-AA-002,3.0,0.0,1,0,0,,,,10.0,0,1,1,,development,,0,2,0.25,G2_tactic_intent,0.6,,1,G1_technique,5,0,,,,,,,,,3.0,C11-AA-001,1.0,,4,,,,2,,G2_tactic_intent,G2_tactic_intent,,0
C11-otrf-apt29-day1-scranton-nashua,discriminative,0.6,11,project05_m3b_policy,1,3.0,2,C11-AA-001|C11-AA-002,3.0,0.0,1,0,0,,,,10.0,0,1,1,,development,,0,2,0.25,G2_tactic_intent,0.6,,1,G1_technique,5,0,,,,,,,,,3.0,C11-AA-001,1.0,,4,,,,2,,G2_tactic_intent,G2_tactic_intent,,0
C11-otrf-apt29-day1-scranton-nashua,discriminative,0.6,11,project05_m2,1,3.0,2,C11-AA-001|C11-AA-002,3.0,0.0,1,0,0,,,,10.0,0,1,1,,development,,0,2,0.25,G2_tactic_intent,0.6,,1,G1_technique,5,0,,,,,,,,,3.0,C11-AA-001,1.0,,4,,,,2,,G2_tactic_intent,G2_tactic_intent,,0
C11-otrf-apt29-day1-scranton-nashua,discriminative,0.6,11,oracle_optimal,1,3.0,2,C11-AA-001|C11-AA-002,3.0,0.0,1,0,0,,,,10.0,0,1,1,,development,,0,2,0.25,G2_tactic_intent,0.6,,1,G1_technique,5,0,,,,,,,,,3.0,C11-AA-001,1.0,,4,,,,2,,G2_tactic_intent,G2_tactic_intent,,0
C11-otrf-apt29-day1-scranton-nashua,discriminative,0.6,23,project05_m3star_h3_dual,1,3.0,2,C11-AA-001|C11-AA-002,3.0,0.0,1,0,0,m3star_graph_action_value_xgboost_v0.3,m3star_graph_action_reachability_xgboost_v0.1,m3star_graph_action_value_xgboost_v0.3,10.0,0,1,1,0,development,0,0,2,0.25,G2_tactic_intent,0.6,2,1,G1_technique,5,0,1,3,1,1,1,,8,1,3.0,C11-AA-001,1.0,1,4,project05-m3star-runtime-contract-v0.8,e1d6d08bf93f3ff400361ad947d95002dcf97cc68957c58c831e6a4fdb5c2953,0.8.0,2,1,G2_tactic_intent,G2_tactic_intent,m3star_graph_transition_xgboost_v0.1,0
C11-otrf-apt29-day1-scranton-nashua,discriminative,0.6,23,project05_m3star_h3_no_dominance_dual,1,3.0,2,C11-AA-001|C11-AA-002,3.0,0.0,1,0,0,m3star_graph_action_value_xgboost_v0.3,m3star_graph_action_reachability_xgboost_v0.1,m3star_graph_action_value_xgboost_v0.3,10.0,0,1,1,0,development,0,0,2,0.25,G2_tactic_intent,0.6,2,1,G1_technique,5,0,1,3,0,1,0,,8,1,3.0,C11-AA-001,1.0,0,4,project05-m3star-runtime-contract-v0.8,e1d6d08bf93f3ff400361ad947d95002dcf97cc68957c58c831e6a4fdb5c2953,0.8.0,2,0,G2_tactic_intent,G2_tactic_intent,m3star_graph_transition_xgboost_v0.1,0
C11-otrf-apt29-day1-scranton-nashua,discriminative,0.6,23,project05_m3star_h3_unshielded_dual,1,3.0,2,C11-AA-001|C11-AA-002,3.0,0.0,1,0,0,m3star_graph_action_value_xgboost_v0.3,m3star_graph_action_reachability_xgboost_v0.1,m3star_graph_action_value_xgboost_v0.3,10.0,0,1,1,0,development,0,0,2,0.25,G2_tactic_intent,0.6,2,1,G1_technique,5,0,0,3,1,1,0,,8,0,3.0,C11-AA-001,1.0,0,4,project05-m3star-runtime-contract-v0.8,e1d6d08bf93f3ff400361ad947d95002dcf97cc68957c58c831e6a4fdb5c2953,0.8.0,2,1,G2_tactic_intent,G2_tactic_intent,m3star_graph_transition_xgboost_v0.1,0
C11-otrf-apt29-day1-scranton-nashua,discriminative,0.6,23,project05_m3star_h3_transition_only,1,3.0,2,C11-AA-001|C11-AA-002,3.0,0.0,1,0,0,none,none,none,10.0,0,1,1,0,development,0,0,2,0.25,G2_tactic_intent,0.6,0,1,G1_technique,5,0,1,3,1,0,0,,8,1,3.0,C11-AA-001,1.0,0,4,project05-m3star-runtime-contract-v0.8,e1d6d08bf93f3ff400361ad947d95002dcf97cc68957c58c831e6a4fdb5c2953,0.8.0,2,1,G2_tactic_intent,G2_tactic_intent,m3star_graph_transition_xgboost_v0.1,0
C11-otrf-apt29-day1-scranton-nashua,discriminative,0.6,23,project05_m3star_h1_dual,1,3.0,2,C11-AA-001|C11-AA-002,3.0,0.0,1,0,0,m3star_graph_action_value_xgboost_v0.3,m3star_graph_action_reachability_xgboost_v0.1,m3star_graph_action_value_xgboost_v0.3,10.0,0,1,1,0,development,0,0,2,0.25,G2_tactic_intent,0.6,2,1,G1_technique,5,0,1,1,1,1,0,,8,1,3.0,C11-AA-001,1.0,0,4,project05-m3star-runtime-contract-v0.8,e1d6d08bf93f3ff400361ad947d95002dcf97cc68957c58c831e6a4fdb5c2953,0.8.0,2,1,G2_tactic_intent,G2_tactic_intent,m3star_graph_transition_xgboost_v0.1,0
C11-otrf-apt29-day1-scranton-nashua,discriminative,0.6,23,project05_xgboost_policy,1,3.0,2,C11-AA-001|C11-AA-002,3.0,0.0,1,0,0,,,,10.0,0,1,1,,development,,0,2,0.25,G2_tactic_intent,0.6,,1,G1_technique,5,0,,,,,,,,,3.0,C11-AA-001,1.0,,4,,,,2,,G2_tactic_intent,G2_tactic_intent,,0
C11-otrf-apt29-day1-scranton-nashua,discriminative,0.6,23,project05_m3b_policy,1,3.0,2,C11-AA-001|C11-AA-002,3.0,0.0,1,0,0,,,,10.0,0,1,1,,development,,0,2,0.25,G2_tactic_intent,0.6,,1,G1_technique,5,0,,,,,,,,,3.0,C11-AA-001,1.0,,4,,,,2,,G2_tactic_intent,G2_tactic_intent,,0
C11-otrf-apt29-day1-scranton-nashua,discriminative,0.6,23,project05_m2,1,3.0,2,C11-AA-001|C11-AA-002,3.0,0.0,1,0,0,,,,10.0,0,1,1,,development,,0,2,0.25,G2_tactic_intent,0.6,,1,G1_technique,5,0,,,,,,,,,3.0,C11-AA-001,1.0,,4,,,,2,,G2_tactic_intent,G2_tactic_intent,,0
C11-otrf-apt29-day1-scranton-nashua,discriminative,0.6,23,oracle_optimal,1,3.0,2,C11-AA-001|C11-AA-002,3.0,0.0,1,0,0,,,,10.0,0,1,1,,development,,0,2,0.25,G2_tactic_intent,0.6,,1,G1_technique,5,0,,,,,,,,,3.0,C11-AA-001,1.0,,4,,,,2,,G2_tactic_intent,G2_tactic_intent,,0
C11-otrf-apt29-day1-scranton-nashua,discriminative,0.6,37,project05_m3star_h3_dual,1,3.0,2,C11-AA-001|C11-AA-002,3.0,0.0,1,0,0,m3star_graph_action_value_xgboost_v0.3,m3star_graph_action_reachability_xgboost_v0.1,m3star_graph_action_value_xgboost_v0.3,10.0,0,1,1,0,development,0,0,2,0.25,G2_tactic_intent,0.6,2,1,G1_technique,5,0,1,3,1,1,1,,8,1,3.0,C11-AA-001,1.0,1,4,project05-m3star-runtime-contract-v0.8,e1d6d08bf93f3ff400361ad947d95002dcf97cc68957c58c831e6a4fdb5c2953,0.8.0,2,1,G2_tactic_intent,G2_tactic_intent,m3star_graph_transition_xgboost_v0.1,0
C11-otrf-apt29-day1-scranton-nashua,discriminative,0.6,37,project05_m3star_h3_no_dominance_dual,1,3.0,2,C11-AA-001|C11-AA-002,3.0,0.0,1,0,0,m3star_graph_action_value_xgboost_v0.3,m3star_graph_action_reachability_xgboost_v0.1,m3star_graph_action_value_xgboost_v0.3,10.0,0,1,1,0,development,0,0,2,0.25,G2_tactic_intent,0.6,2,1,G1_technique,5,0,1,3,0,1,0,,8,1,3.0,C11-AA-001,1.0,0,4,project05-m3star-runtime-contract-v0.8,e1d6d08bf93f3ff400361ad947d95002dcf97cc68957c58c831e6a4fdb5c2953,0.8.0,2,0,G2_tactic_intent,G2_tactic_intent,m3star_graph_transition_xgboost_v0.1,0
C11-otrf-apt29-day1-scranton-nashua,discriminative,0.6,37,project05_m3star_h3_unshielded_dual,1,3.0,2,C11-AA-001|C11-AA-002,3.0,0.0,1,0,0,m3star_graph_action_value_xgboost_v0.3,m3star_graph_action_reachability_xgboost_v0.1,m3star_graph_action_value_xgboost_v0.3,10.0,0,1,1,0,development,0,0,2,0.25,G2_tactic_intent,0.6,2,1,G1_technique,5,0,0,3,1,1,0,,8,0,3.0,C11-AA-001,1.0,0,4,project05-m3star-runtime-contract-v0.8,e1d6d08bf93f3ff400361ad947d95002dcf97cc68957c58c831e6a4fdb5c2953,0.8.0,2,1,G2_tactic_intent,G2_tactic_intent,m3star_graph_transition_xgboost_v0.1,0
C11-otrf-apt29-day1-scranton-nashua,discriminative,0.6,37,project05_m3star_h3_transition_only,1,3.0,2,C11-AA-001|C11-AA-002,3.0,0.0,1,0,0,none,none,none,10.0,0,1,1,0,development,0,0,2,0.25,G2_tactic_intent,0.6,0,1,G1_technique,5,0,1,3,1,0,0,,8,1,3.0,C11-AA-001,1.0,0,4,project05-m3star-runtime-contract-v0.8,e1d6d08bf93f3ff400361ad947d95002dcf97cc68957c58c831e6a4fdb5c2953,0.8.0,2,1,G2_tactic_intent,G2_tactic_intent,m3star_graph_transition_xgboost_v0.1,0
C11-otrf-apt29-day1-scranton-nashua,discriminative,0.6,37,project05_m3star_h1_dual,1,3.0,2,C11-AA-001|C11-AA-002,3.0,0.0,1,0,0,m3star_graph_action_value_xgboost_v0.3,m3star_graph_action_reachability_xgboost_v0.1,m3star_graph_action_value_xgboost_v0.3,10.0,0,1,1,0,development,0,0,2,0.25,G2_tactic_intent,0.6,2,1,G1_technique,5,0,1,1,1,1,0,,8,1,3.0,C11-AA-001,1.0,0,4,project05-m3star-runtime-contract-v0.8,e1d6d08bf93f3ff400361ad947d95002dcf97cc68957c58c831e6a4fdb5c2953,0.8.0,2,1,G2_tactic_intent,G2_tactic_intent,m3star_graph_transition_xgboost_v0.1,0
C11-otrf-apt29-day1-scranton-nashua,discriminative,0.6,37,project05_xgboost_policy,1,3.0,2,C11-AA-001|C11-AA-002,3.0,0.0,1,0,0,,,,10.0,0,1,1,,development,,0,2,0.25,G2_tactic_intent,0.6,,1,G1_technique,5,0,,,,,,,,,3.0,C11-AA-001,1.0,,4,,,,2,,G2_tactic_intent,G2_tactic_intent,,0
C11-otrf-apt29-day1-scranton-nashua,discriminative,0.6,37,project05_m3b_policy,1,3.0,2,C11-AA-001|C11-AA-002,3.0,0.0,1,0,0,,,,10.0,0,1,1,,development,,0,2,0.25,G2_tactic_intent,0.6,,1,G1_technique,5,0,,,,,,,,,3.0,C11-AA-001,1.0,,4,,,,2,,G2_tactic_intent,G2_tactic_intent,,0
C11-otrf-apt29-day1-scranton-nashua,discriminative,0.6,37,project05_m2,1,3.0,2,C11-AA-001|C11-AA-002,3.0,0.0,1,0,0,,,,10.0,0,1,1,,development,,0,2,0.25,G2_tactic_intent,0.6,,1,G1_technique,5,0,,,,,,,,,3.0,C11-AA-001,1.0,,4,,,,2,,G2_tactic_intent,G2_tactic_intent,,0
C11-otrf-apt29-day1-scranton-nashua,discriminative,0.6,37,oracle_optimal,1,3.0,2,C11-AA-001|C11-AA-002,3.0,0.0,1,0,0,,,,10.0,0,1,1,,development,,0,2,0.25,G2_tactic_intent,0.6,,1,G1_technique,5,0,,,,,,,,,3.0,C11-AA-001,1.0,,4,,,,2,,G2_tactic_intent,G2_tactic_intent,,0
C11-otrf-apt29-day1-scranton-nashua,discriminative,0.6,41,project05_m3star_h3_dual,1,3.0,2,C11-AA-001|C11-AA-002,3.0,0.0,1,0,0,m3star_graph_action_value_xgboost_v0.3,m3star_graph_action_reachability_xgboost_v0.1,m3star_graph_action_value_xgboost_v0.3,10.0,0,1,1,0,development,0,0,2,0.25,G2_tactic_intent,0.6,2,1,G1_technique,5,0,1,3,1,1,1,,8,1,3.0,C11-AA-001,1.0,1,4,project05-m3star-runtime-contract-v0.8,e1d6d08bf93f3ff400361ad947d95002dcf97cc68957c58c831e6a4fdb5c2953,0.8.0,2,1,G2_tactic_intent,G2_tactic_intent,m3star_graph_transition_xgboost_v0.1,0
C11-otrf-apt29-day1-scranton-nashua,discriminative,0.6,41,project05_m3star_h3_no_dominance_dual,1,3.0,2,C11-AA-001|C11-AA-002,3.0,0.0,1,0,0,m3star_graph_action_value_xgboost_v0.3,m3star_graph_action_reachability_xgboost_v0.1,m3star_graph_action_value_xgboost_v0.3,10.0,0,1,1,0,development,0,0,2,0.25,G2_tactic_intent,0.6,2,1,G1_technique,5,0,1,3,0,1,0,,8,1,3.0,C11-AA-001,1.0,0,4,project05-m3star-runtime-contract-v0.8,e1d6d08bf93f3ff400361ad947d95002dcf97cc68957c58c831e6a4fdb5c2953,0.8.0,2,0,G2_tactic_intent,G2_tactic_intent,m3star_graph_transition_xgboost_v0.1,0
C11-otrf-apt29-day1-scranton-nashua,discriminative,0.6,41,project05_m3star_h3_unshielded_dual,1,3.0,2,C11-AA-001|C11-AA-002,3.0,0.0,1,0,0,m3star_graph_action_value_xgboost_v0.3,m3star_graph_action_reachability_xgboost_v0.1,m3star_graph_action_value_xgboost_v0.3,10.0,0,1,1,0,development,0,0,2,0.25,G2_tactic_intent,0.6,2,1,G1_technique,5,0,0,3,1,1,0,,8,0,3.0,C11-AA-001,1.0,0,4,project05-m3star-runtime-contract-v0.8,e1d6d08bf93f3ff400361ad947d95002dcf97cc68957c58c831e6a4fdb5c2953,0.8.0,2,1,G2_tactic_intent,G2_tactic_intent,m3star_graph_transition_xgboost_v0.1,0
C11-otrf-apt29-day1-scranton-nashua,discriminative,0.6,41,project05_m3star_h3_transition_only,1,3.0,2,C11-AA-001|C11-AA-002,3.0,0.0,1,0,0,none,none,none,10.0,0,1,1,0,development,0,0,2,0.25,G2_tactic_intent,0.6,0,1,G1_technique,5,0,1,3,1,0,0,,8,1,3.0,C11-AA-001,1.0,0,4,project05-m3star-runtime-contract-v0.8,e1d6d08bf93f3ff400361ad947d95002dcf97cc68957c58c831e6a4fdb5c2953,0.8.0,2,1,G2_tactic_intent,G2_tactic_intent,m3star_graph_transition_xgboost_v0.1,0
C11-otrf-apt29-day1-scranton-nashua,discriminative,0.6,41,project05_m3star_h1_dual,1,3.0,2,C11-AA-001|C11-AA-002,3.0,0.0,1,0,0,m3star_graph_action_value_xgboost_v0.3,m3star_graph_action_reachability_xgboost_v0.1,m3star_graph_action_value_xgboost_v0.3,10.0,0,1,1,0,development,0,0,2,0.25,G2_tactic_intent,0.6,2,1,G1_technique,5,0,1,1,1,1,0,,8,1,3.0,C11-AA-001,1.0,0,4,project05-m3star-runtime-contract-v0.8,e1d6d08bf93f3ff400361ad947d95002dcf97cc68957c58c831e6a4fdb5c2953,0.8.0,2,1,G2_tactic_intent,G2_tactic_intent,m3star_graph_transition_xgboost_v0.1,0
C11-otrf-apt29-day1-scranton-nashua,discriminative,0.6,41,project05_xgboost_policy,1,3.0,2,C11-AA-001|C11-AA-002,3.0,0.0,1,0,0,,,,10.0,0,1,1,,development,,0,2,0.25,G2_tactic_intent,0.6,,1,G1_technique,5,0,,,,,,,,,3.0,C11-AA-001,1.0,,4,,,,2,,G2_tactic_intent,G2_tactic_intent,,0
C11-otrf-apt29-day1-scranton-nashua,discriminative,0.6,41,project05_m3b_policy,1,3.0,2,C11-AA-001|C11-AA-002,3.0,0.0,1,0,0,,,,10.0,0,1,1,,development,,0,2,0.25,G2_tactic_intent,0.6,,1,G1_technique,5,0,,,,,,,,,3.0,C11-AA-001,1.0,,4,,,,2,,G2_tactic_intent,G2_tactic_intent,,0
C11-otrf-apt29-day1-scranton-nashua,discriminative,0.6,41,project05_m2,1,3.0,2,C11-AA-001|C11-AA-002,3.0,0.0,1,0,0,,,,10.0,0,1,1,,development,,0,2,0.25,G2_tactic_intent,0.6,,1,G1_technique,5,0,,,,,,,,,3.0,C11-AA-001,1.0,,4,,,,2,,G2_tactic_intent,G2_tactic_intent,,0
C11-otrf-apt29-day1-scranton-nashua,discriminative,0.6,41,oracle_optimal,1,3.0,2,C11-AA-001|C11-AA-002,3.0,0.0,1,0,0,,,,10.0,0,1,1,,development,,0,2,0.25,G2_tactic_intent,0.6,,1,G1_technique,5,0,,,,,,,,,3.0,C11-AA-001,1.0,,4,,,,2,,G2_tactic_intent,G2_tactic_intent,,0
C11-otrf-apt29-day1-scranton-nashua,discriminative,0.6,53,project05_m3star_h3_dual,1,3.0,2,C11-AA-001|C11-AA-002,3.0,0.0,1,0,0,m3star_graph_action_value_xgboost_v0.3,m3star_graph_action_reachability_xgboost_v0.1,m3star_graph_action_value_xgboost_v0.3,10.0,0,1,1,0,development,0,0,2,0.25,G2_tactic_intent,0.6,2,1,G1_technique,5,0,1,3,1,1,1,,8,1,3.0,C11-AA-001,1.0,1,4,project05-m3star-runtime-contract-v0.8,e1d6d08bf93f3ff400361ad947d95002dcf97cc68957c58c831e6a4fdb5c2953,0.8.0,2,1,G2_tactic_intent,G2_tactic_intent,m3star_graph_transition_xgboost_v0.1,0
C11-otrf-apt29-day1-scranton-nashua,discriminative,0.6,53,project05_m3star_h3_no_dominance_dual,1,3.0,2,C11-AA-001|C11-AA-002,3.0,0.0,1,0,0,m3star_graph_action_value_xgboost_v0.3,m3star_graph_action_reachability_xgboost_v0.1,m3star_graph_action_value_xgboost_v0.3,10.0,0,1,1,0,development,0,0,2,0.25,G2_tactic_intent,0.6,2,1,G1_technique,5,0,1,3,0,1,0,,8,1,3.0,C11-AA-001,1.0,0,4,project05-m3star-runtime-contract-v0.8,e1d6d08bf93f3ff400361ad947d95002dcf97cc68957c58c831e6a4fdb5c2953,0.8.0,2,0,G2_tactic_intent,G2_tactic_intent,m3star_graph_transition_xgboost_v0.1,0
C11-otrf-apt29-day1-scranton-nashua,discriminative,0.6,53,project05_m3star_h3_unshielded_dual,1,3.0,2,C11-AA-001|C11-AA-002,3.0,0.0,1,0,0,m3star_graph_action_value_xgboost_v0.3,m3star_graph_action_reachability_xgboost_v0.1,m3star_graph_action_value_xgboost_v0.3,10.0,0,1,1,0,development,0,0,2,0.25,G2_tactic_intent,0.6,2,1,G1_technique,5,0,0,3,1,1,0,,8,0,3.0,C11-AA-001,1.0,0,4,project05-m3star-runtime-contract-v0.8,e1d6d08bf93f3ff400361ad947d95002dcf97cc68957c58c831e6a4fdb5c2953,0.8.0,2,1,G2_tactic_intent,G2_tactic_intent,m3star_graph_transition_xgboost_v0.1,0
C11-otrf-apt29-day1-scranton-nashua,discriminative,0.6,53,project05_m3star_h3_transition_only,1,3.0,2,C11-AA-001|C11-AA-002,3.0,0.0,1,0,0,none,none,none,10.0,0,1,1,0,development,0,0,2,0.25,G2_tactic_intent,0.6,0,1,G1_technique,5,0,1,3,1,0,0,,8,1,3.0,C11-AA-001,1.0,0,4,project05-m3star-runtime-contract-v0.8,e1d6d08bf93f3ff400361ad947d95002dcf97cc68957c58c831e6a4fdb5c2953,0.8.0,2,1,G2_tactic_intent,G2_tactic_intent,m3star_graph_transition_xgboost_v0.1,0
C11-otrf-apt29-day1-scranton-nashua,discriminative,0.6,53,project05_m3star_h1_dual,1,3.0,2,C11-AA-001|C11-AA-002,3.0,0.0,1,0,0,m3star_graph_action_value_xgboost_v0.3,m3star_graph_action_reachability_xgboost_v0.1,m3star_graph_action_value_xgboost_v0.3,10.0,0,1,1,0,development,0,0,2,0.25,G2_tactic_intent,0.6,2,1,G1_technique,5,0,1,1,1,1,0,,8,1,3.0,C11-AA-001,1.0,0,4,project05-m3star-runtime-contract-v0.8,e1d6d08bf93f3ff400361ad947d95002dcf97cc68957c58c831e6a4fdb5c2953,0.8.0,2,1,G2_tactic_intent,G2_tactic_intent,m3star_graph_transition_xgboost_v0.1,0
C11-otrf-apt29-day1-scranton-nashua,discriminative,0.6,53,project05_xgboost_policy,1,3.0,2,C11-AA-001|C11-AA-002,3.0,0.0,1,0,0,,,,10.0,0,1,1,,development,,0,2,0.25,G2_tactic_intent,0.6,,1,G1_technique,5,0,,,,,,,,,3.0,C11-AA-001,1.0,,4,,,,2,,G2_tactic_intent,G2_tactic_intent,,0
C11-otrf-apt29-day1-scranton-nashua,discriminative,0.6,53,project05_m3b_policy,1,3.0,2,C11-AA-001|C11-AA-002,3.0,0.0,1,0,0,,,,10.0,0,1,1,,development,,0,2,0.25,G2_tactic_intent,0.6,,1,G1_technique,5,0,,,,,,,,,3.0,C11-AA-001,1.0,,4,,,,2,,G2_tactic_intent,G2_tactic_intent,,0
C11-otrf-apt29-day1-scranton-nashua,discriminative,0.6,53,project05_m2,1,3.0,2,C11-AA-001|C11-AA-002,3.0,0.0,1,0,0,,,,10.0,0,1,1,,development,,0,2,0.25,G2_tactic_intent,0.6,,1,G1_technique,5,0,,,,,,,,,3.0,C11-AA-001,1.0,,4,,,,2,,G2_tactic_intent,G2_tactic_intent,,0
C11-otrf-apt29-day1-scranton-nashua,discriminative,0.6,53,oracle_optimal,1,3.0,2,C11-AA-001|C11-AA-002,3.0,0.0,1,0,0,,,,10.0,0,1,1,,development,,0,2,0.25,G2_tactic_intent,0.6,,1,G1_technique,5,0,,,,,,,,,3.0,C11-AA-001,1.0,,4,,,,2,,G2_tactic_intent,G2_tactic_intent,,0
C12-witfoo-precinct6-f10c7270,random,0.2,11,project05_m3star_h3_dual,1,0.0,0,,0.0,0.0,0,0,0,m3star_graph_action_value_xgboost_v0.3,m3star_graph_action_reachability_xgboost_v0.1,m3star_graph_action_value_xgboost_v0.3,8.0,0,1,1,0,development,0,0,2,0.3333,G1_technique,0.5,0,0,G1_technique,1,0,1,3,1,1,1,,8,1,0.0,,0.0,1,0,project05-m3star-runtime-contract-v0.8,e1d6d08bf93f3ff400361ad947d95002dcf97cc68957c58c831e6a4fdb5c2953,0.8.0,0,1,G1_technique,G1_technique,m3star_graph_transition_xgboost_v0.1,0
C12-witfoo-precinct6-f10c7270,random,0.2,11,project05_m3star_h3_no_dominance_dual,1,0.0,0,,0.0,0.0,0,0,0,m3star_graph_action_value_xgboost_v0.3,m3star_graph_action_reachability_xgboost_v0.1,m3star_graph_action_value_xgboost_v0.3,8.0,0,1,1,0,development,0,0,2,0.3333,G1_technique,0.5,0,0,G1_technique,1,0,1,3,0,1,0,,8,1,0.0,,0.0,0,0,project05-m3star-runtime-contract-v0.8,e1d6d08bf93f3ff400361ad947d95002dcf97cc68957c58c831e6a4fdb5c2953,0.8.0,0,0,G1_technique,G1_technique,m3star_graph_transition_xgboost_v0.1,0
C12-witfoo-precinct6-f10c7270,random,0.2,11,project05_m3star_h3_unshielded_dual,1,0.0,0,,0.0,0.0,0,0,0,m3star_graph_action_value_xgboost_v0.3,m3star_graph_action_reachability_xgboost_v0.1,m3star_graph_action_value_xgboost_v0.3,8.0,0,1,1,0,development,0,0,2,0.3333,G1_technique,0.5,0,0,G1_technique,1,0,0,3,1,1,0,,8,0,0.0,,0.0,0,0,project05-m3star-runtime-contract-v0.8,e1d6d08bf93f3ff400361ad947d95002dcf97cc68957c58c831e6a4fdb5c2953,0.8.0,0,1,G1_technique,G1_technique,m3star_graph_transition_xgboost_v0.1,0
C12-witfoo-precinct6-f10c7270,random,0.2,11,project05_m3star_h3_transition_only,1,0.0,0,,0.0,0.0,0,0,0,none,none,none,8.0,0,1,1,0,development,0,0,2,0.3333,G1_technique,0.5,0,0,G1_technique,1,0,1,3,1,0,0,,8,1,0.0,,0.0,0,0,project05-m3star-runtime-contract-v0.8,e1d6d08bf93f3ff400361ad947d95002dcf97cc68957c58c831e6a4fdb5c2953,0.8.0,0,1,G1_technique,G1_technique,m3star_graph_transition_xgboost_v0.1,0
C12-witfoo-precinct6-f10c7270,random,0.2,11,project05_m3star_h1_dual,1,0.0,0,,0.0,0.0,0,0,0,m3star_graph_action_value_xgboost_v0.3,m3star_graph_action_reachability_xgboost_v0.1,m3star_graph_action_value_xgboost_v0.3,8.0,0,1,1,0,development,0,0,2,0.3333,G1_technique,0.5,0,0,G1_technique,1,0,1,1,1,1,0,,8,1,0.0,,0.0,0,0,project05-m3star-runtime-contract-v0.8,e1d6d08bf93f3ff400361ad947d95002dcf97cc68957c58c831e6a4fdb5c2953,0.8.0,0,1,G1_technique,G1_technique,m3star_graph_transition_xgboost_v0.1,0
C12-witfoo-precinct6-f10c7270,random,0.2,11,project05_xgboost_policy,1,0.0,0,,0.0,0.0,0,0,0,,,,8.0,0,1,1,,development,,0,2,0.3333,G1_technique,0.5,,0,G1_technique,1,0,,,,,,,,,0.0,,0.0,,0,,,,0,,G1_technique,G1_technique,,0
C12-witfoo-precinct6-f10c7270,random,0.2,11,project05_m3b_policy,1,0.0,0,,0.0,0.0,0,0,0,,,,8.0,0,1,1,,development,,0,2,0.3333,G1_technique,0.5,,0,G1_technique,1,0,,,,,,,,,0.0,,0.0,,0,,,,0,,G1_technique,G1_technique,,0
C12-witfoo-precinct6-f10c7270,random,0.2,11,project05_m2,1,0.0,0,,0.0,0.0,0,0,0,,,,8.0,0,1,1,,development,,0,2,0.3333,G1_technique,0.5,,0,G1_technique,1,0,,,,,,,,,0.0,,0.0,,0,,,,0,,G1_technique,G1_technique,,0
C12-witfoo-precinct6-f10c7270,random,0.2,11,oracle_optimal,1,0.0,0,,0.0,0.0,0,0,0,,,,8.0,0,1,1,,development,,0,2,0.3333,G1_technique,0.5,,0,G1_technique,1,0,,,,,,,,,0.0,,0.0,,0,,,,0,,G1_technique,G1_technique,,0
C12-witfoo-precinct6-f10c7270,random,0.2,23,project05_m3star_h3_dual,1,0.0,0,,0.0,0.0,0,0,0,m3star_graph_action_value_xgboost_v0.3,m3star_graph_action_reachability_xgboost_v0.1,m3star_graph_action_value_xgboost_v0.3,8.0,0,1,1,0,development,0,0,3,0.0,G1_technique,0.25,0,0,G1_technique,1,0,1,3,1,1,1,,8,1,0.0,,0.0,1,0,project05-m3star-runtime-contract-v0.8,e1d6d08bf93f3ff400361ad947d95002dcf97cc68957c58c831e6a4fdb5c2953,0.8.0,0,1,G1_technique,G1_technique,m3star_graph_transition_xgboost_v0.1,0
C12-witfoo-precinct6-f10c7270,random,0.2,23,project05_m3star_h3_no_dominance_dual,1,0.0,0,,0.0,0.0,0,0,0,m3star_graph_action_value_xgboost_v0.3,m3star_graph_action_reachability_xgboost_v0.1,m3star_graph_action_value_xgboost_v0.3,8.0,0,1,1,0,development,0,0,3,0.0,G1_technique,0.25,0,0,G1_technique,1,0,1,3,0,1,0,,8,1,0.0,,0.0,0,0,project05-m3star-runtime-contract-v0.8,e1d6d08bf93f3ff400361ad947d95002dcf97cc68957c58c831e6a4fdb5c2953,0.8.0,0,0,G1_technique,G1_technique,m3star_graph_transition_xgboost_v0.1,0
C12-witfoo-precinct6-f10c7270,random,0.2,23,project05_m3star_h3_unshielded_dual,1,0.0,0,,0.0,0.0,0,0,0,m3star_graph_action_value_xgboost_v0.3,m3star_graph_action_reachability_xgboost_v0.1,m3star_graph_action_value_xgboost_v0.3,8.0,0,1,1,0,development,0,0,3,0.0,G1_technique,0.25,0,0,G1_technique,1,0,0,3,1,1,0,,8,0,0.0,,0.0,0,0,project05-m3star-runtime-contract-v0.8,e1d6d08bf93f3ff400361ad947d95002dcf97cc68957c58c831e6a4fdb5c2953,0.8.0,0,1,G1_technique,G1_technique,m3star_graph_transition_xgboost_v0.1,0
C12-witfoo-precinct6-f10c7270,random,0.2,23,project05_m3star_h3_transition_only,1,0.0,0,,0.0,0.0,0,0,0,none,none,none,8.0,0,1,1,0,development,0,0,3,0.0,G1_technique,0.25,0,0,G1_technique,1,0,1,3,1,0,0,,8,1,0.0,,0.0,0,0,project05-m3star-runtime-contract-v0.8,e1d6d08bf93f3ff400361ad947d95002dcf97cc68957c58c831e6a4fdb5c2953,0.8.0,0,1,G1_technique,G1_technique,m3star_graph_transition_xgboost_v0.1,0
C12-witfoo-precinct6-f10c7270,random,0.2,23,project05_m3star_h1_dual,1,0.0,0,,0.0,0.0,0,0,0,m3star_graph_action_value_xgboost_v0.3,m3star_graph_action_reachability_xgboost_v0.1,m3star_graph_action_value_xgboost_v0.3,8.0,0,1,1,0,development,0,0,3,0.0,G1_technique,0.25,0,0,G1_technique,1,0,1,1,1,1,0,,8,1,0.0,,0.0,0,0,project05-m3star-runtime-contract-v0.8,e1d6d08bf93f3ff400361ad947d95002dcf97cc68957c58c831e6a4fdb5c2953,0.8.0,0,1,G1_technique,G1_technique,m3star_graph_transition_xgboost_v0.1,0
C12-witfoo-precinct6-f10c7270,random,0.2,23,project05_xgboost_policy,1,0.0,0,,0.0,0.0,0,0,0,,,,8.0,0,1,1,,development,,0,3,0.0,G1_technique,0.25,,0,G1_technique,1,0,,,,,,,,,0.0,,0.0,,0,,,,0,,G1_technique,G1_technique,,0
C12-witfoo-precinct6-f10c7270,random,0.2,23,project05_m3b_policy,1,0.0,0,,0.0,0.0,0,0,0,,,,8.0,0,1,1,,development,,0,3,0.0,G1_technique,0.25,,0,G1_technique,1,0,,,,,,,,,0.0,,0.0,,0,,,,0,,G1_technique,G1_technique,,0
C12-witfoo-precinct6-f10c7270,random,0.2,23,project05_m2,1,0.0,0,,0.0,0.0,0,0,0,,,,8.0,0,1,1,,development,,0,3,0.0,G1_technique,0.25,,0,G1_technique,1,0,,,,,,,,,0.0,,0.0,,0,,,,0,,G1_technique,G1_technique,,0
C12-witfoo-precinct6-f10c7270,random,0.2,23,oracle_optimal,1,0.0,0,,0.0,0.0,0,0,0,,,,8.0,0,1,1,,development,,0,3,0.0,G1_technique,0.25,,0,G1_technique,1,0,,,,,,,,,0.0,,0.0,,0,,,,0,,G1_technique,G1_technique,,0
C12-witfoo-precinct6-f10c7270,random,0.2,37,project05_m3star_h3_dual,1,0.0,0,,0.0,0.0,0,0,0,m3star_graph_action_value_xgboost_v0.3,m3star_graph_action_reachability_xgboost_v0.1,m3star_graph_action_value_xgboost_v0.3,8.0,0,1,1,0,development,0,0,2,0.0,G1_technique,0.5,0,0,G1_technique,1,0,1,3,1,1,1,,8,1,0.0,,0.0,1,0,project05-m3star-runtime-contract-v0.8,e1d6d08bf93f3ff400361ad947d95002dcf97cc68957c58c831e6a4fdb5c2953,0.8.0,0,1,G1_technique,G1_technique,m3star_graph_transition_xgboost_v0.1,0
C12-witfoo-precinct6-f10c7270,random,0.2,37,project05_m3star_h3_no_dominance_dual,1,0.0,0,,0.0,0.0,0,0,0,m3star_graph_action_value_xgboost_v0.3,m3star_graph_action_reachability_xgboost_v0.1,m3star_graph_action_value_xgboost_v0.3,8.0,0,1,1,0,development,0,0,2,0.0,G1_technique,0.5,0,0,G1_technique,1,0,1,3,0,1,0,,8,1,0.0,,0.0,0,0,project05-m3star-runtime-contract-v0.8,e1d6d08bf93f3ff400361ad947d95002dcf97cc68957c58c831e6a4fdb5c2953,0.8.0,0,0,G1_technique,G1_technique,m3star_graph_transition_xgboost_v0.1,0
C12-witfoo-precinct6-f10c7270,random,0.2,37,project05_m3star_h3_unshielded_dual,1,0.0,0,,0.0,0.0,0,0,0,m3star_graph_action_value_xgboost_v0.3,m3star_graph_action_reachability_xgboost_v0.1,m3star_graph_action_value_xgboost_v0.3,8.0,0,1,1,0,development,0,0,2,0.0,G1_technique,0.5,0,0,G1_technique,1,0,0,3,1,1,0,,8,0,0.0,,0.0,0,0,project05-m3star-runtime-contract-v0.8,e1d6d08bf93f3ff400361ad947d95002dcf97cc68957c58c831e6a4fdb5c2953,0.8.0,0,1,G1_technique,G1_technique,m3star_graph_transition_xgboost_v0.1,0
C12-witfoo-precinct6-f10c7270,random,0.2,37,project05_m3star_h3_transition_only,1,0.0,0,,0.0,0.0,0,0,0,none,none,none,8.0,0,1,1,0,development,0,0,2,0.0,G1_technique,0.5,0,0,G1_technique,1,0,1,3,1,0,0,,8,1,0.0,,0.0,0,0,project05-m3star-runtime-contract-v0.8,e1d6d08bf93f3ff400361ad947d95002dcf97cc68957c58c831e6a4fdb5c2953,0.8.0,0,1,G1_technique,G1_technique,m3star_graph_transition_xgboost_v0.1,0
C12-witfoo-precinct6-f10c7270,random,0.2,37,project05_m3star_h1_dual,1,0.0,0,,0.0,0.0,0,0,0,m3star_graph_action_value_xgboost_v0.3,m3star_graph_action_reachability_xgboost_v0.1,m3star_graph_action_value_xgboost_v0.3,8.0,0,1,1,0,development,0,0,2,0.0,G1_technique,0.5,0,0,G1_technique,1,0,1,1,1,1,0,,8,1,0.0,,0.0,0,0,project05-m3star-runtime-contract-v0.8,e1d6d08bf93f3ff400361ad947d95002dcf97cc68957c58c831e6a4fdb5c2953,0.8.0,0,1,G1_technique,G1_technique,m3star_graph_transition_xgboost_v0.1,0
C12-witfoo-precinct6-f10c7270,random,0.2,37,project05_xgboost_policy,1,0.0,0,,0.0,0.0,0,0,0,,,,8.0,0,1,1,,development,,0,2,0.0,G1_technique,0.5,,0,G1_technique,1,0,,,,,,,,,0.0,,0.0,,0,,,,0,,G1_technique,G1_technique,,0
C12-witfoo-precinct6-f10c7270,random,0.2,37,project05_m3b_policy,1,0.0,0,,0.0,0.0,0,0,0,,,,8.0,0,1,1,,development,,0,2,0.0,G1_technique,0.5,,0,G1_technique,1,0,,,,,,,,,0.0,,0.0,,0,,,,0,,G1_technique,G1_technique,,0
C12-witfoo-precinct6-f10c7270,random,0.2,37,project05_m2,1,0.0,0,,0.0,0.0,0,0,0,,,,8.0,0,1,1,,development,,0,2,0.0,G1_technique,0.5,,0,G1_technique,1,0,,,,,,,,,0.0,,0.0,,0,,,,0,,G1_technique,G1_technique,,0
C12-witfoo-precinct6-f10c7270,random,0.2,37,oracle_optimal,1,0.0,0,,0.0,0.0,0,0,0,,,,8.0,0,1,1,,development,,0,2,0.0,G1_technique,0.5,,0,G1_technique,1,0,,,,,,,,,0.0,,0.0,,0,,,,0,,G1_technique,G1_technique,,0
C12-witfoo-precinct6-f10c7270,random,0.2,41,project05_m3star_h3_dual,1,0.0,0,,0.0,0.0,0,0,0,m3star_graph_action_value_xgboost_v0.3,m3star_graph_action_reachability_xgboost_v0.1,m3star_graph_action_value_xgboost_v0.3,8.0,0,1,1,0,development,0,0,2,0.3333,G1_technique,0.5,0,0,G1_technique,1,0,1,3,1,1,1,,8,1,0.0,,0.0,1,0,project05-m3star-runtime-contract-v0.8,e1d6d08bf93f3ff400361ad947d95002dcf97cc68957c58c831e6a4fdb5c2953,0.8.0,0,1,G1_technique,G1_technique,m3star_graph_transition_xgboost_v0.1,0
C12-witfoo-precinct6-f10c7270,random,0.2,41,project05_m3star_h3_no_dominance_dual,1,0.0,0,,0.0,0.0,0,0,0,m3star_graph_action_value_xgboost_v0.3,m3star_graph_action_reachability_xgboost_v0.1,m3star_graph_action_value_xgboost_v0.3,8.0,0,1,1,0,development,0,0,2,0.3333,G1_technique,0.5,0,0,G1_technique,1,0,1,3,0,1,0,,8,1,0.0,,0.0,0,0,project05-m3star-runtime-contract-v0.8,e1d6d08bf93f3ff400361ad947d95002dcf97cc68957c58c831e6a4fdb5c2953,0.8.0,0,0,G1_technique,G1_technique,m3star_graph_transition_xgboost_v0.1,0
C12-witfoo-precinct6-f10c7270,random,0.2,41,project05_m3star_h3_unshielded_dual,1,0.0,0,,0.0,0.0,0,0,0,m3star_graph_action_value_xgboost_v0.3,m3star_graph_action_reachability_xgboost_v0.1,m3star_graph_action_value_xgboost_v0.3,8.0,0,1,1,0,development,0,0,2,0.3333,G1_technique,0.5,0,0,G1_technique,1,0,0,3,1,1,0,,8,0,0.0,,0.0,0,0,project05-m3star-runtime-contract-v0.8,e1d6d08bf93f3ff400361ad947d95002dcf97cc68957c58c831e6a4fdb5c2953,0.8.0,0,1,G1_technique,G1_technique,m3star_graph_transition_xgboost_v0.1,0
C12-witfoo-precinct6-f10c7270,random,0.2,41,project05_m3star_h3_transition_only,1,0.0,0,,0.0,0.0,0,0,0,none,none,none,8.0,0,1,1,0,development,0,0,2,0.3333,G1_technique,0.5,0,0,G1_technique,1,0,1,3,1,0,0,,8,1,0.0,,0.0,0,0,project05-m3star-runtime-contract-v0.8,e1d6d08bf93f3ff400361ad947d95002dcf97cc68957c58c831e6a4fdb5c2953,0.8.0,0,1,G1_technique,G1_technique,m3star_graph_transition_xgboost_v0.1,0
C12-witfoo-precinct6-f10c7270,random,0.2,41,project05_m3star_h1_dual,1,0.0,0,,0.0,0.0,0,0,0,m3star_graph_action_value_xgboost_v0.3,m3star_graph_action_reachability_xgboost_v0.1,m3star_graph_action_value_xgboost_v0.3,8.0,0,1,1,0,development,0,0,2,0.3333,G1_technique,0.5,0,0,G1_technique,1,0,1,1,1,1,0,,8,1,0.0,,0.0,0,0,project05-m3star-runtime-contract-v0.8,e1d6d08bf93f3ff400361ad947d95002dcf97cc68957c58c831e6a4fdb5c2953,0.8.0,0,1,G1_technique,G1_technique,m3star_graph_transition_xgboost_v0.1,0
C12-witfoo-precinct6-f10c7270,random,0.2,41,project05_xgboost_policy,1,0.0,0,,0.0,0.0,0,0,0,,,,8.0,0,1,1,,development,,0,2,0.3333,G1_technique,0.5,,0,G1_technique,1,0,,,,,,,,,0.0,,0.0,,0,,,,0,,G1_technique,G1_technique,,0
C12-witfoo-precinct6-f10c7270,random,0.2,41,project05_m3b_policy,1,0.0,0,,0.0,0.0,0,0,0,,,,8.0,0,1,1,,development,,0,2,0.3333,G1_technique,0.5,,0,G1_technique,1,0,,,,,,,,,0.0,,0.0,,0,,,,0,,G1_technique,G1_technique,,0
C12-witfoo-precinct6-f10c7270,random,0.2,41,project05_m2,1,0.0,0,,0.0,0.0,0,0,0,,,,8.0,0,1,1,,development,,0,2,0.3333,G1_technique,0.5,,0,G1_technique,1,0,,,,,,,,,0.0,,0.0,,0,,,,0,,G1_technique,G1_technique,,0
C12-witfoo-precinct6-f10c7270,random,0.2,41,oracle_optimal,1,0.0,0,,0.0,0.0,0,0,0,,,,8.0,0,1,1,,development,,0,2,0.3333,G1_technique,0.5,,0,G1_technique,1,0,,,,,,,,,0.0,,0.0,,0,,,,0,,G1_technique,G1_technique,,0
C12-witfoo-precinct6-f10c7270,random,0.2,53,project05_m3star_h3_dual,1,0.0,0,,0.0,0.0,0,0,0,m3star_graph_action_value_xgboost_v0.3,m3star_graph_action_reachability_xgboost_v0.1,m3star_graph_action_value_xgboost_v0.3,8.0,0,1,1,0,development,0,0,2,0.0,G1_technique,0.5,0,0,G1_technique,1,0,1,3,1,1,1,,8,1,0.0,,0.0,1,0,project05-m3star-runtime-contract-v0.8,e1d6d08bf93f3ff400361ad947d95002dcf97cc68957c58c831e6a4fdb5c2953,0.8.0,0,1,G1_technique,G1_technique,m3star_graph_transition_xgboost_v0.1,0
C12-witfoo-precinct6-f10c7270,random,0.2,53,project05_m3star_h3_no_dominance_dual,1,0.0,0,,0.0,0.0,0,0,0,m3star_graph_action_value_xgboost_v0.3,m3star_graph_action_reachability_xgboost_v0.1,m3star_graph_action_value_xgboost_v0.3,8.0,0,1,1,0,development,0,0,2,0.0,G1_technique,0.5,0,0,G1_technique,1,0,1,3,0,1,0,,8,1,0.0,,0.0,0,0,project05-m3star-runtime-contract-v0.8,e1d6d08bf93f3ff400361ad947d95002dcf97cc68957c58c831e6a4fdb5c2953,0.8.0,0,0,G1_technique,G1_technique,m3star_graph_transition_xgboost_v0.1,0
C12-witfoo-precinct6-f10c7270,random,0.2,53,project05_m3star_h3_unshielded_dual,1,0.0,0,,0.0,0.0,0,0,0,m3star_graph_action_value_xgboost_v0.3,m3star_graph_action_reachability_xgboost_v0.1,m3star_graph_action_value_xgboost_v0.3,8.0,0,1,1,0,development,0,0,2,0.0,G1_technique,0.5,0,0,G1_technique,1,0,0,3,1,1,0,,8,0,0.0,,0.0,0,0,project05-m3star-runtime-contract-v0.8,e1d6d08bf93f3ff400361ad947d95002dcf97cc68957c58c831e6a4fdb5c2953,0.8.0,0,1,G1_technique,G1_technique,m3star_graph_transition_xgboost_v0.1,0
C12-witfoo-precinct6-f10c7270,random,0.2,53,project05_m3star_h3_transition_only,1,0.0,0,,0.0,0.0,0,0,0,none,none,none,8.0,0,1,1,0,development,0,0,2,0.0,G1_technique,0.5,0,0,G1_technique,1,0,1,3,1,0,0,,8,1,0.0,,0.0,0,0,project05-m3star-runtime-contract-v0.8,e1d6d08bf93f3ff400361ad947d95002dcf97cc68957c58c831e6a4fdb5c2953,0.8.0,0,1,G1_technique,G1_technique,m3star_graph_transition_xgboost_v0.1,0
C12-witfoo-precinct6-f10c7270,random,0.2,53,project05_m3star_h1_dual,1,0.0,0,,0.0,0.0,0,0,0,m3star_graph_action_value_xgboost_v0.3,m3star_graph_action_reachability_xgboost_v0.1,m3star_graph_action_value_xgboost_v0.3,8.0,0,1,1,0,development,0,0,2,0.0,G1_technique,0.5,0,0,G1_technique,1,0,1,1,1,1,0,,8,1,0.0,,0.0,0,0,project05-m3star-runtime-contract-v0.8,e1d6d08bf93f3ff400361ad947d95002dcf97cc68957c58c831e6a4fdb5c2953,0.8.0,0,1,G1_technique,G1_technique,m3star_graph_transition_xgboost_v0.1,0
C12-witfoo-precinct6-f10c7270,random,0.2,53,project05_xgboost_policy,1,0.0,0,,0.0,0.0,0,0,0,,,,8.0,0,1,1,,development,,0,2,0.0,G1_technique,0.5,,0,G1_technique,1,0,,,,,,,,,0.0,,0.0,,0,,,,0,,G1_technique,G1_technique,,0
C12-witfoo-precinct6-f10c7270,random,0.2,53,project05_m3b_policy,1,0.0,0,,0.0,0.0,0,0,0,,,,8.0,0,1,1,,development,,0,2,0.0,G1_technique,0.5,,0,G1_technique,1,0,,,,,,,,,0.0,,0.0,,0,,,,0,,G1_technique,G1_technique,,0
C12-witfoo-precinct6-f10c7270,random,0.2,53,project05_m2,1,0.0,0,,0.0,0.0,0,0,0,,,,8.0,0,1,1,,development,,0,2,0.0,G1_technique,0.5,,0,G1_technique,1,0,,,,,,,,,0.0,,0.0,,0,,,,0,,G1_technique,G1_technique,,0
C12-witfoo-precinct6-f10c7270,random,0.2,53,oracle_optimal,1,0.0,0,,0.0,0.0,0,0,0,,,,8.0,0,1,1,,development,,0,2,0.0,G1_technique,0.5,,0,G1_technique,1,0,,,,,,,,,0.0,,0.0,,0,,,,0,,G1_technique,G1_technique,,0
C12-witfoo-precinct6-f10c7270,random,0.4,11,project05_m3star_h3_dual,1,0.0,0,,0.0,0.0,0,0,0,m3star_graph_action_value_xgboost_v0.3,m3star_graph_action_reachability_xgboost_v0.1,m3star_graph_action_value_xgboost_v0.3,8.0,0,1,1,0,development,0,0,3,0.0,G1_technique,0.25,0,0,G1_technique,2,0,1,3,1,1,1,,8,1,0.0,,0.0,1,0,project05-m3star-runtime-contract-v0.8,e1d6d08bf93f3ff400361ad947d95002dcf97cc68957c58c831e6a4fdb5c2953,0.8.0,0,1,G1_technique,G1_technique,m3star_graph_transition_xgboost_v0.1,0
C12-witfoo-precinct6-f10c7270,random,0.4,11,project05_m3star_h3_no_dominance_dual,1,0.0,0,,0.0,0.0,0,0,0,m3star_graph_action_value_xgboost_v0.3,m3star_graph_action_reachability_xgboost_v0.1,m3star_graph_action_value_xgboost_v0.3,8.0,0,1,1,0,development,0,0,3,0.0,G1_technique,0.25,0,0,G1_technique,2,0,1,3,0,1,0,,8,1,0.0,,0.0,0,0,project05-m3star-runtime-contract-v0.8,e1d6d08bf93f3ff400361ad947d95002dcf97cc68957c58c831e6a4fdb5c2953,0.8.0,0,0,G1_technique,G1_technique,m3star_graph_transition_xgboost_v0.1,0
C12-witfoo-precinct6-f10c7270,random,0.4,11,project05_m3star_h3_unshielded_dual,1,0.0,0,,0.0,0.0,0,0,0,m3star_graph_action_value_xgboost_v0.3,m3star_graph_action_reachability_xgboost_v0.1,m3star_graph_action_value_xgboost_v0.3,8.0,0,1,1,0,development,0,0,3,0.0,G1_technique,0.25,0,0,G1_technique,2,0,0,3,1,1,0,,8,0,0.0,,0.0,0,0,project05-m3star-runtime-contract-v0.8,e1d6d08bf93f3ff400361ad947d95002dcf97cc68957c58c831e6a4fdb5c2953,0.8.0,0,1,G1_technique,G1_technique,m3star_graph_transition_xgboost_v0.1,0
C12-witfoo-precinct6-f10c7270,random,0.4,11,project05_m3star_h3_transition_only,1,0.0,0,,0.0,0.0,0,0,0,none,none,none,8.0,0,1,1,0,development,0,0,3,0.0,G1_technique,0.25,0,0,G1_technique,2,0,1,3,1,0,0,,8,1,0.0,,0.0,0,0,project05-m3star-runtime-contract-v0.8,e1d6d08bf93f3ff400361ad947d95002dcf97cc68957c58c831e6a4fdb5c2953,0.8.0,0,1,G1_technique,G1_technique,m3star_graph_transition_xgboost_v0.1,0
C12-witfoo-precinct6-f10c7270,random,0.4,11,project05_m3star_h1_dual,1,0.0,0,,0.0,0.0,0,0,0,m3star_graph_action_value_xgboost_v0.3,m3star_graph_action_reachability_xgboost_v0.1,m3star_graph_action_value_xgboost_v0.3,8.0,0,1,1,0,development,0,0,3,0.0,G1_technique,0.25,0,0,G1_technique,2,0,1,1,1,1,0,,8,1,0.0,,0.0,0,0,project05-m3star-runtime-contract-v0.8,e1d6d08bf93f3ff400361ad947d95002dcf97cc68957c58c831e6a4fdb5c2953,0.8.0,0,1,G1_technique,G1_technique,m3star_graph_transition_xgboost_v0.1,0
C12-witfoo-precinct6-f10c7270,random,0.4,11,project05_xgboost_policy,1,0.0,0,,0.0,0.0,0,0,0,,,,8.0,0,1,1,,development,,0,3,0.0,G1_technique,0.25,,0,G1_technique,2,0,,,,,,,,,0.0,,0.0,,0,,,,0,,G1_technique,G1_technique,,0
C12-witfoo-precinct6-f10c7270,random,0.4,11,project05_m3b_policy,1,0.0,0,,0.0,0.0,0,0,0,,,,8.0,0,1,1,,development,,0,3,0.0,G1_technique,0.25,,0,G1_technique,2,0,,,,,,,,,0.0,,0.0,,0,,,,0,,G1_technique,G1_technique,,0
C12-witfoo-precinct6-f10c7270,random,0.4,11,project05_m2,1,0.0,0,,0.0,0.0,0,0,0,,,,8.0,0,1,1,,development,,0,3,0.0,G1_technique,0.25,,0,G1_technique,2,0,,,,,,,,,0.0,,0.0,,0,,,,0,,G1_technique,G1_technique,,0
C12-witfoo-precinct6-f10c7270,random,0.4,11,oracle_optimal,1,0.0,0,,0.0,0.0,0,0,0,,,,8.0,0,1,1,,development,,0,3,0.0,G1_technique,0.25,,0,G1_technique,2,0,,,,,,,,,0.0,,0.0,,0,,,,0,,G1_technique,G1_technique,,0
C12-witfoo-precinct6-f10c7270,random,0.4,23,project05_m3star_h3_dual,1,1.0,1,C12-AA-001,1.0,0.0,1,0,0,m3star_graph_action_value_xgboost_v0.3,m3star_graph_action_reachability_xgboost_v0.1,m3star_graph_action_value_xgboost_v0.3,8.0,0,1,1,0,development,0,0,3,0.0,G1_technique,0.25,1,1,G0_unknown,2,0,1,3,1,1,1,,8,1,1.0,C12-AA-001,0.0,1,1,project05-m3star-runtime-contract-v0.8,e1d6d08bf93f3ff400361ad947d95002dcf97cc68957c58c831e6a4fdb5c2953,0.8.0,1,1,G1_technique,G1_technique,m3star_graph_transition_xgboost_v0.1,0
C12-witfoo-precinct6-f10c7270,random,0.4,23,project05_m3star_h3_no_dominance_dual,1,1.0,1,C12-AA-001,1.0,0.0,1,0,0,m3star_graph_action_value_xgboost_v0.3,m3star_graph_action_reachability_xgboost_v0.1,m3star_graph_action_value_xgboost_v0.3,8.0,0,1,1,0,development,0,0,3,0.0,G1_technique,0.25,1,1,G0_unknown,2,0,1,3,0,1,0,,8,1,1.0,C12-AA-001,0.0,0,1,project05-m3star-runtime-contract-v0.8,e1d6d08bf93f3ff400361ad947d95002dcf97cc68957c58c831e6a4fdb5c2953,0.8.0,1,0,G1_technique,G1_technique,m3star_graph_transition_xgboost_v0.1,0
C12-witfoo-precinct6-f10c7270,random,0.4,23,project05_m3star_h3_unshielded_dual,1,1.0,1,C12-AA-001,1.0,0.0,1,0,0,m3star_graph_action_value_xgboost_v0.3,m3star_graph_action_reachability_xgboost_v0.1,m3star_graph_action_value_xgboost_v0.3,8.0,0,1,1,0,development,0,0,3,0.0,G1_technique,0.25,1,1,G0_unknown,2,0,0,3,1,1,0,,8,0,1.0,C12-AA-001,0.0,0,1,project05-m3star-runtime-contract-v0.8,e1d6d08bf93f3ff400361ad947d95002dcf97cc68957c58c831e6a4fdb5c2953,0.8.0,1,1,G1_technique,G1_technique,m3star_graph_transition_xgboost_v0.1,0
C12-witfoo-precinct6-f10c7270,random,0.4,23,project05_m3star_h3_transition_only,1,1.0,1,C12-AA-001,1.0,0.0,1,0,0,none,none,none,8.0,0,1,1,0,development,0,0,3,0.0,G1_technique,0.25,0,1,G0_unknown,2,0,1,3,1,0,0,,8,1,1.0,C12-AA-001,0.0,0,1,project05-m3star-runtime-contract-v0.8,e1d6d08bf93f3ff400361ad947d95002dcf97cc68957c58c831e6a4fdb5c2953,0.8.0,1,1,G1_technique,G1_technique,m3star_graph_transition_xgboost_v0.1,0
C12-witfoo-precinct6-f10c7270,random,0.4,23,project05_m3star_h1_dual,1,1.0,1,C12-AA-001,1.0,0.0,1,0,0,m3star_graph_action_value_xgboost_v0.3,m3star_graph_action_reachability_xgboost_v0.1,m3star_graph_action_value_xgboost_v0.3,8.0,0,1,1,0,development,0,0,3,0.0,G1_technique,0.25,1,1,G0_unknown,2,0,1,1,1,1,0,,8,1,1.0,C12-AA-001,0.0,0,1,project05-m3star-runtime-contract-v0.8,e1d6d08bf93f3ff400361ad947d95002dcf97cc68957c58c831e6a4fdb5c2953,0.8.0,1,1,G1_technique,G1_technique,m3star_graph_transition_xgboost_v0.1,0
C12-witfoo-precinct6-f10c7270,random,0.4,23,project05_xgboost_policy,1,1.0,1,C12-AA-001,1.0,0.0,1,0,0,,,,8.0,0,1,1,,development,,0,3,0.0,G1_technique,0.25,,1,G0_unknown,2,0,,,,,,,,,1.0,C12-AA-001,0.0,,1,,,,1,,G1_technique,G1_technique,,0
C12-witfoo-precinct6-f10c7270,random,0.4,23,project05_m3b_policy,1,1.0,1,C12-AA-001,1.0,0.0,1,0,0,,,,8.0,0,1,1,,development,,0,3,0.0,G1_technique,0.25,,1,G0_unknown,2,0,,,,,,,,,1.0,C12-AA-001,0.0,,1,,,,1,,G1_technique,G1_technique,,0
C12-witfoo-precinct6-f10c7270,random,0.4,23,project05_m2,1,1.0,1,C12-AA-001,1.0,0.0,1,0,0,,,,8.0,0,1,1,,development,,0,3,0.0,G1_technique,0.25,,1,G0_unknown,2,0,,,,,,,,,1.0,C12-AA-001,0.0,,1,,,,1,,G1_technique,G1_technique,,0
C12-witfoo-precinct6-f10c7270,random,0.4,23,oracle_optimal,1,1.0,1,C12-AA-001,1.0,0.0,1,0,0,,,,8.0,0,1,1,,development,,0,3,0.0,G1_technique,0.25,,1,G0_unknown,2,0,,,,,,,,,1.0,C12-AA-001,0.0,,1,,,,1,,G1_technique,G1_technique,,0
C12-witfoo-precinct6-f10c7270,random,0.4,37,project05_m3star_h3_dual,1,0.0,0,,0.0,0.0,0,0,0,m3star_graph_action_value_xgboost_v0.3,m3star_graph_action_reachability_xgboost_v0.1,m3star_graph_action_value_xgboost_v0.3,8.0,0,1,1,0,development,0,0,3,0.0,G1_technique,0.25,0,0,G1_technique,2,0,1,3,1,1,1,,8,1,0.0,,0.0,1,0,project05-m3star-runtime-contract-v0.8,e1d6d08bf93f3ff400361ad947d95002dcf97cc68957c58c831e6a4fdb5c2953,0.8.0,0,1,G1_technique,G1_technique,m3star_graph_transition_xgboost_v0.1,0
C12-witfoo-precinct6-f10c7270,random,0.4,37,project05_m3star_h3_no_dominance_dual,1,0.0,0,,0.0,0.0,0,0,0,m3star_graph_action_value_xgboost_v0.3,m3star_graph_action_reachability_xgboost_v0.1,m3star_graph_action_value_xgboost_v0.3,8.0,0,1,1,0,development,0,0,3,0.0,G1_technique,0.25,0,0,G1_technique,2,0,1,3,0,1,0,,8,1,0.0,,0.0,0,0,project05-m3star-runtime-contract-v0.8,e1d6d08bf93f3ff400361ad947d95002dcf97cc68957c58c831e6a4fdb5c2953,0.8.0,0,0,G1_technique,G1_technique,m3star_graph_transition_xgboost_v0.1,0
C12-witfoo-precinct6-f10c7270,random,0.4,37,project05_m3star_h3_unshielded_dual,1,0.0,0,,0.0,0.0,0,0,0,m3star_graph_action_value_xgboost_v0.3,m3star_graph_action_reachability_xgboost_v0.1,m3star_graph_action_value_xgboost_v0.3,8.0,0,1,1,0,development,0,0,3,0.0,G1_technique,0.25,0,0,G1_technique,2,0,0,3,1,1,0,,8,0,0.0,,0.0,0,0,project05-m3star-runtime-contract-v0.8,e1d6d08bf93f3ff400361ad947d95002dcf97cc68957c58c831e6a4fdb5c2953,0.8.0,0,1,G1_technique,G1_technique,m3star_graph_transition_xgboost_v0.1,0
C12-witfoo-precinct6-f10c7270,random,0.4,37,project05_m3star_h3_transition_only,1,0.0,0,,0.0,0.0,0,0,0,none,none,none,8.0,0,1,1,0,development,0,0,3,0.0,G1_technique,0.25,0,0,G1_technique,2,0,1,3,1,0,0,,8,1,0.0,,0.0,0,0,project05-m3star-runtime-contract-v0.8,e1d6d08bf93f3ff400361ad947d95002dcf97cc68957c58c831e6a4fdb5c2953,0.8.0,0,1,G1_technique,G1_technique,m3star_graph_transition_xgboost_v0.1,0
C12-witfoo-precinct6-f10c7270,random,0.4,37,project05_m3star_h1_dual,1,0.0,0,,0.0,0.0,0,0,0,m3star_graph_action_value_xgboost_v0.3,m3star_graph_action_reachability_xgboost_v0.1,m3star_graph_action_value_xgboost_v0.3,8.0,0,1,1,0,development,0,0,3,0.0,G1_technique,0.25,0,0,G1_technique,2,0,1,1,1,1,0,,8,1,0.0,,0.0,0,0,project05-m3star-runtime-contract-v0.8,e1d6d08bf93f3ff400361ad947d95002dcf97cc68957c58c831e6a4fdb5c2953,0.8.0,0,1,G1_technique,G1_technique,m3star_graph_transition_xgboost_v0.1,0
C12-witfoo-precinct6-f10c7270,random,0.4,37,project05_xgboost_policy,1,0.0,0,,0.0,0.0,0,0,0,,,,8.0,0,1,1,,development,,0,3,0.0,G1_technique,0.25,,0,G1_technique,2,0,,,,,,,,,0.0,,0.0,,0,,,,0,,G1_technique,G1_technique,,0
C12-witfoo-precinct6-f10c7270,random,0.4,37,project05_m3b_policy,1,0.0,0,,0.0,0.0,0,0,0,,,,8.0,0,1,1,,development,,0,3,0.0,G1_technique,0.25,,0,G1_technique,2,0,,,,,,,,,0.0,,0.0,,0,,,,0,,G1_technique,G1_technique,,0
C12-witfoo-precinct6-f10c7270,random,0.4,37,project05_m2,1,0.0,0,,0.0,0.0,0,0,0,,,,8.0,0,1,1,,development,,0,3,0.0,G1_technique,0.25,,0,G1_technique,2,0,,,,,,,,,0.0,,0.0,,0,,,,0,,G1_technique,G1_technique,,0
C12-witfoo-precinct6-f10c7270,random,0.4,37,oracle_optimal,1,0.0,0,,0.0,0.0,0,0,0,,,,8.0,0,1,1,,development,,0,3,0.0,G1_technique,0.25,,0,G1_technique,2,0,,,,,,,,,0.0,,0.0,,0,,,,0,,G1_technique,G1_technique,,0
C12-witfoo-precinct6-f10c7270,random,0.4,41,project05_m3star_h3_dual,1,0.0,0,,0.0,0.0,0,0,0,m3star_graph_action_value_xgboost_v0.3,m3star_graph_action_reachability_xgboost_v0.1,m3star_graph_action_value_xgboost_v0.3,8.0,0,1,1,0,development,0,0,3,0.0,G1_technique,0.25,0,0,G1_technique,2,0,1,3,1,1,1,,8,1,0.0,,0.0,1,0,project05-m3star-runtime-contract-v0.8,e1d6d08bf93f3ff400361ad947d95002dcf97cc68957c58c831e6a4fdb5c2953,0.8.0,0,1,G1_technique,G1_technique,m3star_graph_transition_xgboost_v0.1,0
C12-witfoo-precinct6-f10c7270,random,0.4,41,project05_m3star_h3_no_dominance_dual,1,0.0,0,,0.0,0.0,0,0,0,m3star_graph_action_value_xgboost_v0.3,m3star_graph_action_reachability_xgboost_v0.1,m3star_graph_action_value_xgboost_v0.3,8.0,0,1,1,0,development,0,0,3,0.0,G1_technique,0.25,0,0,G1_technique,2,0,1,3,0,1,0,,8,1,0.0,,0.0,0,0,project05-m3star-runtime-contract-v0.8,e1d6d08bf93f3ff400361ad947d95002dcf97cc68957c58c831e6a4fdb5c2953,0.8.0,0,0,G1_technique,G1_technique,m3star_graph_transition_xgboost_v0.1,0
C12-witfoo-precinct6-f10c7270,random,0.4,41,project05_m3star_h3_unshielded_dual,1,0.0,0,,0.0,0.0,0,0,0,m3star_graph_action_value_xgboost_v0.3,m3star_graph_action_reachability_xgboost_v0.1,m3star_graph_action_value_xgboost_v0.3,8.0,0,1,1,0,development,0,0,3,0.0,G1_technique,0.25,0,0,G1_technique,2,0,0,3,1,1,0,,8,0,0.0,,0.0,0,0,project05-m3star-runtime-contract-v0.8,e1d6d08bf93f3ff400361ad947d95002dcf97cc68957c58c831e6a4fdb5c2953,0.8.0,0,1,G1_technique,G1_technique,m3star_graph_transition_xgboost_v0.1,0
C12-witfoo-precinct6-f10c7270,random,0.4,41,project05_m3star_h3_transition_only,1,0.0,0,,0.0,0.0,0,0,0,none,none,none,8.0,0,1,1,0,development,0,0,3,0.0,G1_technique,0.25,0,0,G1_technique,2,0,1,3,1,0,0,,8,1,0.0,,0.0,0,0,project05-m3star-runtime-contract-v0.8,e1d6d08bf93f3ff400361ad947d95002dcf97cc68957c58c831e6a4fdb5c2953,0.8.0,0,1,G1_technique,G1_technique,m3star_graph_transition_xgboost_v0.1,0
C12-witfoo-precinct6-f10c7270,random,0.4,41,project05_m3star_h1_dual,1,0.0,0,,0.0,0.0,0,0,0,m3star_graph_action_value_xgboost_v0.3,m3star_graph_action_reachability_xgboost_v0.1,m3star_graph_action_value_xgboost_v0.3,8.0,0,1,1,0,development,0,0,3,0.0,G1_technique,0.25,0,0,G1_technique,2,0,1,1,1,1,0,,8,1,0.0,,0.0,0,0,project05-m3star-runtime-contract-v0.8,e1d6d08bf93f3ff400361ad947d95002dcf97cc68957c58c831e6a4fdb5c2953,0.8.0,0,1,G1_technique,G1_technique,m3star_graph_transition_xgboost_v0.1,0
C12-witfoo-precinct6-f10c7270,random,0.4,41,project05_xgboost_policy,1,0.0,0,,0.0,0.0,0,0,0,,,,8.0,0,1,1,,development,,0,3,0.0,G1_technique,0.25,,0,G1_technique,2,0,,,,,,,,,0.0,,0.0,,0,,,,0,,G1_technique,G1_technique,,0
C12-witfoo-precinct6-f10c7270,random,0.4,41,project05_m3b_policy,1,0.0,0,,0.0,0.0,0,0,0,,,,8.0,0,1,1,,development,,0,3,0.0,G1_technique,0.25,,0,G1_technique,2,0,,,,,,,,,0.0,,0.0,,0,,,,0,,G1_technique,G1_technique,,0
C12-witfoo-precinct6-f10c7270,random,0.4,41,project05_m2,1,0.0,0,,0.0,0.0,0,0,0,,,,8.0,0,1,1,,development,,0,3,0.0,G1_technique,0.25,,0,G1_technique,2,0,,,,,,,,,0.0,,0.0,,0,,,,0,,G1_technique,G1_technique,,0
C12-witfoo-precinct6-f10c7270,random,0.4,41,oracle_optimal,1,0.0,0,,0.0,0.0,0,0,0,,,,8.0,0,1,1,,development,,0,3,0.0,G1_technique,0.25,,0,G1_technique,2,0,,,,,,,,,0.0,,0.0,,0,,,,0,,G1_technique,G1_technique,,0
C12-witfoo-precinct6-f10c7270,random,0.4,53,project05_m3star_h3_dual,1,0.0,0,,0.0,0.0,0,0,0,m3star_graph_action_value_xgboost_v0.3,m3star_graph_action_reachability_xgboost_v0.1,m3star_graph_action_value_xgboost_v0.3,8.0,0,1,1,0,development,0,0,3,0.0,G1_technique,0.25,0,0,G1_technique,2,0,1,3,1,1,1,,8,1,0.0,,0.0,1,0,project05-m3star-runtime-contract-v0.8,e1d6d08bf93f3ff400361ad947d95002dcf97cc68957c58c831e6a4fdb5c2953,0.8.0,0,1,G1_technique,G1_technique,m3star_graph_transition_xgboost_v0.1,0
C12-witfoo-precinct6-f10c7270,random,0.4,53,project05_m3star_h3_no_dominance_dual,1,0.0,0,,0.0,0.0,0,0,0,m3star_graph_action_value_xgboost_v0.3,m3star_graph_action_reachability_xgboost_v0.1,m3star_graph_action_value_xgboost_v0.3,8.0,0,1,1,0,development,0,0,3,0.0,G1_technique,0.25,0,0,G1_technique,2,0,1,3,0,1,0,,8,1,0.0,,0.0,0,0,project05-m3star-runtime-contract-v0.8,e1d6d08bf93f3ff400361ad947d95002dcf97cc68957c58c831e6a4fdb5c2953,0.8.0,0,0,G1_technique,G1_technique,m3star_graph_transition_xgboost_v0.1,0
C12-witfoo-precinct6-f10c7270,random,0.4,53,project05_m3star_h3_unshielded_dual,1,0.0,0,,0.0,0.0,0,0,0,m3star_graph_action_value_xgboost_v0.3,m3star_graph_action_reachability_xgboost_v0.1,m3star_graph_action_value_xgboost_v0.3,8.0,0,1,1,0,development,0,0,3,0.0,G1_technique,0.25,0,0,G1_technique,2,0,0,3,1,1,0,,8,0,0.0,,0.0,0,0,project05-m3star-runtime-contract-v0.8,e1d6d08bf93f3ff400361ad947d95002dcf97cc68957c58c831e6a4fdb5c2953,0.8.0,0,1,G1_technique,G1_technique,m3star_graph_transition_xgboost_v0.1,0
C12-witfoo-precinct6-f10c7270,random,0.4,53,project05_m3star_h3_transition_only,1,0.0,0,,0.0,0.0,0,0,0,none,none,none,8.0,0,1,1,0,development,0,0,3,0.0,G1_technique,0.25,0,0,G1_technique,2,0,1,3,1,0,0,,8,1,0.0,,0.0,0,0,project05-m3star-runtime-contract-v0.8,e1d6d08bf93f3ff400361ad947d95002dcf97cc68957c58c831e6a4fdb5c2953,0.8.0,0,1,G1_technique,G1_technique,m3star_graph_transition_xgboost_v0.1,0
C12-witfoo-precinct6-f10c7270,random,0.4,53,project05_m3star_h1_dual,1,0.0,0,,0.0,0.0,0,0,0,m3star_graph_action_value_xgboost_v0.3,m3star_graph_action_reachability_xgboost_v0.1,m3star_graph_action_value_xgboost_v0.3,8.0,0,1,1,0,development,0,0,3,0.0,G1_technique,0.25,0,0,G1_technique,2,0,1,1,1,1,0,,8,1,0.0,,0.0,0,0,project05-m3star-runtime-contract-v0.8,e1d6d08bf93f3ff400361ad947d95002dcf97cc68957c58c831e6a4fdb5c2953,0.8.0,0,1,G1_technique,G1_technique,m3star_graph_transition_xgboost_v0.1,0
C12-witfoo-precinct6-f10c7270,random,0.4,53,project05_xgboost_policy,1,0.0,0,,0.0,0.0,0,0,0,,,,8.0,0,1,1,,development,,0,3,0.0,G1_technique,0.25,,0,G1_technique,2,0,,,,,,,,,0.0,,0.0,,0,,,,0,,G1_technique,G1_technique,,0
C12-witfoo-precinct6-f10c7270,random,0.4,53,project05_m3b_policy,1,0.0,0,,0.0,0.0,0,0,0,,,,8.0,0,1,1,,development,,0,3,0.0,G1_technique,0.25,,0,G1_technique,2,0,,,,,,,,,0.0,,0.0,,0,,,,0,,G1_technique,G1_technique,,0
C12-witfoo-precinct6-f10c7270,random,0.4,53,project05_m2,1,0.0,0,,0.0,0.0,0,0,0,,,,8.0,0,1,1,,development,,0,3,0.0,G1_technique,0.25,,0,G1_technique,2,0,,,,,,,,,0.0,,0.0,,0,,,,0,,G1_technique,G1_technique,,0
C12-witfoo-precinct6-f10c7270,random,0.4,53,oracle_optimal,1,0.0,0,,0.0,0.0,0,0,0,,,,8.0,0,1,1,,development,,0,3,0.0,G1_technique,0.25,,0,G1_technique,2,0,,,,,,,,,0.0,,0.0,,0,,,,0,,G1_technique,G1_technique,,0
C12-witfoo-precinct6-f10c7270,random,0.6,11,project05_m3star_h3_dual,1,2.0,2,C12-AA-001|C12-AA-002,2.0,1.0,0,0,0,m3star_graph_action_value_xgboost_v0.3,m3star_graph_action_reachability_xgboost_v0.1,m3star_graph_action_value_xgboost_v0.3,8.0,0,1,1,0,development,0,0,3,0.0,G1_technique,0.25,1,1,G0_unknown,3,0,1,3,1,1,1,,8,1,1.0,C12-AA-002,0.1818,1,1,project05-m3star-runtime-contract-v0.8,e1d6d08bf93f3ff400361ad947d95002dcf97cc68957c58c831e6a4fdb5c2953,0.8.0,2,1,G1_technique,G1_technique,m3star_graph_transition_xgboost_v0.1,1
C12-witfoo-precinct6-f10c7270,random,0.6,11,project05_m3star_h3_no_dominance_dual,1,2.0,2,C12-AA-001|C12-AA-002,2.0,1.0,0,0,0,m3star_graph_action_value_xgboost_v0.3,m3star_graph_action_reachability_xgboost_v0.1,m3star_graph_action_value_xgboost_v0.3,8.0,0,1,1,0,development,0,0,3,0.0,G1_technique,0.25,1,1,G0_unknown,3,0,1,3,0,1,0,,8,1,1.0,C12-AA-002,0.1818,0,1,project05-m3star-runtime-contract-v0.8,e1d6d08bf93f3ff400361ad947d95002dcf97cc68957c58c831e6a4fdb5c2953,0.8.0,2,0,G1_technique,G1_technique,m3star_graph_transition_xgboost_v0.1,1
C12-witfoo-precinct6-f10c7270,random,0.6,11,project05_m3star_h3_unshielded_dual,1,2.0,2,C12-AA-001|C12-AA-002,2.0,1.0,0,0,0,m3star_graph_action_value_xgboost_v0.3,m3star_graph_action_reachability_xgboost_v0.1,m3star_graph_action_value_xgboost_v0.3,8.0,0,1,1,0,development,0,0,3,0.0,G1_technique,0.25,1,1,G0_unknown,3,0,0,3,1,1,0,,8,0,1.0,C12-AA-002,0.1818,0,1,project05-m3star-runtime-contract-v0.8,e1d6d08bf93f3ff400361ad947d95002dcf97cc68957c58c831e6a4fdb5c2953,0.8.0,2,1,G1_technique,G1_technique,m3star_graph_transition_xgboost_v0.1,1
C12-witfoo-precinct6-f10c7270,random,0.6,11,project05_m3star_h3_transition_only,1,2.0,2,C12-AA-001|C12-AA-002,2.0,1.0,0,0,0,none,none,none,8.0,0,1,1,0,development,0,0,3,0.0,G1_technique,0.25,0,1,G0_unknown,3,0,1,3,1,0,0,,8,1,1.0,C12-AA-002,0.1818,0,1,project05-m3star-runtime-contract-v0.8,e1d6d08bf93f3ff400361ad947d95002dcf97cc68957c58c831e6a4fdb5c2953,0.8.0,2,1,G1_technique,G1_technique,m3star_graph_transition_xgboost_v0.1,1
C12-witfoo-precinct6-f10c7270,random,0.6,11,project05_m3star_h1_dual,1,2.0,2,C12-AA-001|C12-AA-002,2.0,1.0,0,0,0,m3star_graph_action_value_xgboost_v0.3,m3star_graph_action_reachability_xgboost_v0.1,m3star_graph_action_value_xgboost_v0.3,8.0,0,1,1,0,development,0,0,3,0.0,G1_technique,0.25,1,1,G0_unknown,3,0,1,1,1,1,0,,8,1,1.0,C12-AA-002,0.1818,0,1,project05-m3star-runtime-contract-v0.8,e1d6d08bf93f3ff400361ad947d95002dcf97cc68957c58c831e6a4fdb5c2953,0.8.0,2,1,G1_technique,G1_technique,m3star_graph_transition_xgboost_v0.1,1
C12-witfoo-precinct6-f10c7270,random,0.6,11,project05_xgboost_policy,1,3.0,2,C12-AA-001|C12-AA-003,3.0,2.0,0,0,0,,,,8.0,0,1,1,,development,,0,3,0.0,G1_technique,0.25,,1,G0_unknown,3,0,,,,,,,,,1.0,C12-AA-002,0.3333,,1,,,,2,,G1_technique,G1_technique,,1
C12-witfoo-precinct6-f10c7270,random,0.6,11,project05_m3b_policy,1,2.0,2,C12-AA-001|C12-AA-002,2.0,1.0,0,0,0,,,,8.0,0,1,1,,development,,0,3,0.0,G1_technique,0.25,,1,G0_unknown,3,0,,,,,,,,,1.0,C12-AA-002,0.1818,,1,,,,2,,G1_technique,G1_technique,,1
C12-witfoo-precinct6-f10c7270,random,0.6,11,project05_m2,1,2.0,1,C12-AA-003,2.0,1.0,0,0,0,,,,8.0,0,1,1,,development,,0,3,0.0,G1_technique,0.25,,1,G0_unknown,3,0,,,,,,,,,1.0,C12-AA-002,0.0,,1,,,,1,,G1_technique,G1_technique,,0
C12-witfoo-precinct6-f10c7270,random,0.6,11,oracle_optimal,1,1.0,1,C12-AA-002,1.0,0.0,1,0,0,,,,8.0,0,1,1,,development,,0,3,0.0,G1_technique,0.25,,1,G0_unknown,3,0,,,,,,,,,1.0,C12-AA-002,0.0,,1,,,,1,,G1_technique,G1_technique,,0
C12-witfoo-precinct6-f10c7270,random,0.6,23,project05_m3star_h3_dual,1,1.0,1,C12-AA-001,1.0,0.0,1,0,0,m3star_graph_action_value_xgboost_v0.3,m3star_graph_action_reachability_xgboost_v0.1,m3star_graph_action_value_xgboost_v0.3,8.0,0,1,1,0,development,0,0,3,0.0,G1_technique,0.25,1,1,G0_unknown,3,0,1,3,1,1,1,,8,1,1.0,C12-AA-001,0.0,1,1,project05-m3star-runtime-contract-v0.8,e1d6d08bf93f3ff400361ad947d95002dcf97cc68957c58c831e6a4fdb5c2953,0.8.0,1,1,G1_technique,G1_technique,m3star_graph_transition_xgboost_v0.1,0
C12-witfoo-precinct6-f10c7270,random,0.6,23,project05_m3star_h3_no_dominance_dual,1,1.0,1,C12-AA-001,1.0,0.0,1,0,0,m3star_graph_action_value_xgboost_v0.3,m3star_graph_action_reachability_xgboost_v0.1,m3star_graph_action_value_xgboost_v0.3,8.0,0,1,1,0,development,0,0,3,0.0,G1_technique,0.25,1,1,G0_unknown,3,0,1,3,0,1,0,,8,1,1.0,C12-AA-001,0.0,0,1,project05-m3star-runtime-contract-v0.8,e1d6d08bf93f3ff400361ad947d95002dcf97cc68957c58c831e6a4fdb5c2953,0.8.0,1,0,G1_technique,G1_technique,m3star_graph_transition_xgboost_v0.1,0
C12-witfoo-precinct6-f10c7270,random,0.6,23,project05_m3star_h3_unshielded_dual,1,1.0,1,C12-AA-001,1.0,0.0,1,0,0,m3star_graph_action_value_xgboost_v0.3,m3star_graph_action_reachability_xgboost_v0.1,m3star_graph_action_value_xgboost_v0.3,8.0,0,1,1,0,development,0,0,3,0.0,G1_technique,0.25,1,1,G0_unknown,3,0,0,3,1,1,0,,8,0,1.0,C12-AA-001,0.0,0,1,project05-m3star-runtime-contract-v0.8,e1d6d08bf93f3ff400361ad947d95002dcf97cc68957c58c831e6a4fdb5c2953,0.8.0,1,1,G1_technique,G1_technique,m3star_graph_transition_xgboost_v0.1,0
C12-witfoo-precinct6-f10c7270,random,0.6,23,project05_m3star_h3_transition_only,1,1.0,1,C12-AA-001,1.0,0.0,1,0,0,none,none,none,8.0,0,1,1,0,development,0,0,3,0.0,G1_technique,0.25,0,1,G0_unknown,3,0,1,3,1,0,0,,8,1,1.0,C12-AA-001,0.0,0,1,project05-m3star-runtime-contract-v0.8,e1d6d08bf93f3ff400361ad947d95002dcf97cc68957c58c831e6a4fdb5c2953,0.8.0,1,1,G1_technique,G1_technique,m3star_graph_transition_xgboost_v0.1,0
C12-witfoo-precinct6-f10c7270,random,0.6,23,project05_m3star_h1_dual,1,1.0,1,C12-AA-001,1.0,0.0,1,0,0,m3star_graph_action_value_xgboost_v0.3,m3star_graph_action_reachability_xgboost_v0.1,m3star_graph_action_value_xgboost_v0.3,8.0,0,1,1,0,development,0,0,3,0.0,G1_technique,0.25,1,1,G0_unknown,3,0,1,1,1,1,0,,8,1,1.0,C12-AA-001,0.0,0,1,project05-m3star-runtime-contract-v0.8,e1d6d08bf93f3ff400361ad947d95002dcf97cc68957c58c831e6a4fdb5c2953,0.8.0,1,1,G1_technique,G1_technique,m3star_graph_transition_xgboost_v0.1,0
C12-witfoo-precinct6-f10c7270,random,0.6,23,project05_xgboost_policy,1,1.0,1,C12-AA-001,1.0,0.0,1,0,0,,,,8.0,0,1,1,,development,,0,3,0.0,G1_technique,0.25,,1,G0_unknown,3,0,,,,,,,,,1.0,C12-AA-001,0.0,,1,,,,1,,G1_technique,G1_technique,,0
C12-witfoo-precinct6-f10c7270,random,0.6,23,project05_m3b_policy,1,1.0,1,C12-AA-001,1.0,0.0,1,0,0,,,,8.0,0,1,1,,development,,0,3,0.0,G1_technique,0.25,,1,G0_unknown,3,0,,,,,,,,,1.0,C12-AA-001,0.0,,1,,,,1,,G1_technique,G1_technique,,0
C12-witfoo-precinct6-f10c7270,random,0.6,23,project05_m2,1,1.0,1,C12-AA-001,1.0,0.0,1,0,0,,,,8.0,0,1,1,,development,,0,3,0.0,G1_technique,0.25,,1,G0_unknown,3,0,,,,,,,,,1.0,C12-AA-001,0.0,,1,,,,1,,G1_technique,G1_technique,,0
C12-witfoo-precinct6-f10c7270,random,0.6,23,oracle_optimal,1,1.0,1,C12-AA-001,1.0,0.0,1,0,0,,,,8.0,0,1,1,,development,,0,3,0.0,G1_technique,0.25,,1,G0_unknown,3,0,,,,,,,,,1.0,C12-AA-001,0.0,,1,,,,1,,G1_technique,G1_technique,,0
C12-witfoo-precinct6-f10c7270,random,0.6,37,project05_m3star_h3_dual,1,1.0,1,C12-AA-001,1.0,0.0,1,0,0,m3star_graph_action_value_xgboost_v0.3,m3star_graph_action_reachability_xgboost_v0.1,m3star_graph_action_value_xgboost_v0.3,8.0,0,1,1,0,development,0,0,3,0.0,G1_technique,0.25,1,1,G0_unknown,3,0,1,3,1,1,1,,8,1,1.0,C12-AA-001,0.0,1,1,project05-m3star-runtime-contract-v0.8,e1d6d08bf93f3ff400361ad947d95002dcf97cc68957c58c831e6a4fdb5c2953,0.8.0,1,1,G1_technique,G1_technique,m3star_graph_transition_xgboost_v0.1,0
C12-witfoo-precinct6-f10c7270,random,0.6,37,project05_m3star_h3_no_dominance_dual,1,1.0,1,C12-AA-001,1.0,0.0,1,0,0,m3star_graph_action_value_xgboost_v0.3,m3star_graph_action_reachability_xgboost_v0.1,m3star_graph_action_value_xgboost_v0.3,8.0,0,1,1,0,development,0,0,3,0.0,G1_technique,0.25,1,1,G0_unknown,3,0,1,3,0,1,0,,8,1,1.0,C12-AA-001,0.0,0,1,project05-m3star-runtime-contract-v0.8,e1d6d08bf93f3ff400361ad947d95002dcf97cc68957c58c831e6a4fdb5c2953,0.8.0,1,0,G1_technique,G1_technique,m3star_graph_transition_xgboost_v0.1,0
C12-witfoo-precinct6-f10c7270,random,0.6,37,project05_m3star_h3_unshielded_dual,1,1.0,1,C12-AA-001,1.0,0.0,1,0,0,m3star_graph_action_value_xgboost_v0.3,m3star_graph_action_reachability_xgboost_v0.1,m3star_graph_action_value_xgboost_v0.3,8.0,0,1,1,0,development,0,0,3,0.0,G1_technique,0.25,1,1,G0_unknown,3,0,0,3,1,1,0,,8,0,1.0,C12-AA-001,0.0,0,1,project05-m3star-runtime-contract-v0.8,e1d6d08bf93f3ff400361ad947d95002dcf97cc68957c58c831e6a4fdb5c2953,0.8.0,1,1,G1_technique,G1_technique,m3star_graph_transition_xgboost_v0.1,0
C12-witfoo-precinct6-f10c7270,random,0.6,37,project05_m3star_h3_transition_only,1,1.0,1,C12-AA-001,1.0,0.0,1,0,0,none,none,none,8.0,0,1,1,0,development,0,0,3,0.0,G1_technique,0.25,0,1,G0_unknown,3,0,1,3,1,0,0,,8,1,1.0,C12-AA-001,0.0,0,1,project05-m3star-runtime-contract-v0.8,e1d6d08bf93f3ff400361ad947d95002dcf97cc68957c58c831e6a4fdb5c2953,0.8.0,1,1,G1_technique,G1_technique,m3star_graph_transition_xgboost_v0.1,0
C12-witfoo-precinct6-f10c7270,random,0.6,37,project05_m3star_h1_dual,1,1.0,1,C12-AA-001,1.0,0.0,1,0,0,m3star_graph_action_value_xgboost_v0.3,m3star_graph_action_reachability_xgboost_v0.1,m3star_graph_action_value_xgboost_v0.3,8.0,0,1,1,0,development,0,0,3,0.0,G1_technique,0.25,1,1,G0_unknown,3,0,1,1,1,1,0,,8,1,1.0,C12-AA-001,0.0,0,1,project05-m3star-runtime-contract-v0.8,e1d6d08bf93f3ff400361ad947d95002dcf97cc68957c58c831e6a4fdb5c2953,0.8.0,1,1,G1_technique,G1_technique,m3star_graph_transition_xgboost_v0.1,0
C12-witfoo-precinct6-f10c7270,random,0.6,37,project05_xgboost_policy,1,1.0,1,C12-AA-001,1.0,0.0,1,0,0,,,,8.0,0,1,1,,development,,0,3,0.0,G1_technique,0.25,,1,G0_unknown,3,0,,,,,,,,,1.0,C12-AA-001,0.0,,1,,,,1,,G1_technique,G1_technique,,0
C12-witfoo-precinct6-f10c7270,random,0.6,37,project05_m3b_policy,1,1.0,1,C12-AA-001,1.0,0.0,1,0,0,,,,8.0,0,1,1,,development,,0,3,0.0,G1_technique,0.25,,1,G0_unknown,3,0,,,,,,,,,1.0,C12-AA-001,0.0,,1,,,,1,,G1_technique,G1_technique,,0
C12-witfoo-precinct6-f10c7270,random,0.6,37,project05_m2,1,1.0,1,C12-AA-001,1.0,0.0,1,0,0,,,,8.0,0,1,1,,development,,0,3,0.0,G1_technique,0.25,,1,G0_unknown,3,0,,,,,,,,,1.0,C12-AA-001,0.0,,1,,,,1,,G1_technique,G1_technique,,0
C12-witfoo-precinct6-f10c7270,random,0.6,37,oracle_optimal,1,1.0,1,C12-AA-001,1.0,0.0,1,0,0,,,,8.0,0,1,1,,development,,0,3,0.0,G1_technique,0.25,,1,G0_unknown,3,0,,,,,,,,,1.0,C12-AA-001,0.0,,1,,,,1,,G1_technique,G1_technique,,0
C12-witfoo-precinct6-f10c7270,random,0.6,41,project05_m3star_h3_dual,1,1.0,1,C12-AA-001,1.0,0.0,1,0,0,m3star_graph_action_value_xgboost_v0.3,m3star_graph_action_reachability_xgboost_v0.1,m3star_graph_action_value_xgboost_v0.3,8.0,0,1,1,0,development,0,0,3,0.0,G1_technique,0.25,1,1,G0_unknown,3,0,1,3,1,1,1,,8,1,1.0,C12-AA-001,0.0,1,1,project05-m3star-runtime-contract-v0.8,e1d6d08bf93f3ff400361ad947d95002dcf97cc68957c58c831e6a4fdb5c2953,0.8.0,1,1,G1_technique,G1_technique,m3star_graph_transition_xgboost_v0.1,0
C12-witfoo-precinct6-f10c7270,random,0.6,41,project05_m3star_h3_no_dominance_dual,1,1.0,1,C12-AA-001,1.0,0.0,1,0,0,m3star_graph_action_value_xgboost_v0.3,m3star_graph_action_reachability_xgboost_v0.1,m3star_graph_action_value_xgboost_v0.3,8.0,0,1,1,0,development,0,0,3,0.0,G1_technique,0.25,1,1,G0_unknown,3,0,1,3,0,1,0,,8,1,1.0,C12-AA-001,0.0,0,1,project05-m3star-runtime-contract-v0.8,e1d6d08bf93f3ff400361ad947d95002dcf97cc68957c58c831e6a4fdb5c2953,0.8.0,1,0,G1_technique,G1_technique,m3star_graph_transition_xgboost_v0.1,0
C12-witfoo-precinct6-f10c7270,random,0.6,41,project05_m3star_h3_unshielded_dual,1,1.0,1,C12-AA-001,1.0,0.0,1,0,0,m3star_graph_action_value_xgboost_v0.3,m3star_graph_action_reachability_xgboost_v0.1,m3star_graph_action_value_xgboost_v0.3,8.0,0,1,1,0,development,0,0,3,0.0,G1_technique,0.25,1,1,G0_unknown,3,0,0,3,1,1,0,,8,0,1.0,C12-AA-001,0.0,0,1,project05-m3star-runtime-contract-v0.8,e1d6d08bf93f3ff400361ad947d95002dcf97cc68957c58c831e6a4fdb5c2953,0.8.0,1,1,G1_technique,G1_technique,m3star_graph_transition_xgboost_v0.1,0
C12-witfoo-precinct6-f10c7270,random,0.6,41,project05_m3star_h3_transition_only,1,1.0,1,C12-AA-001,1.0,0.0,1,0,0,none,none,none,8.0,0,1,1,0,development,0,0,3,0.0,G1_technique,0.25,0,1,G0_unknown,3,0,1,3,1,0,0,,8,1,1.0,C12-AA-001,0.0,0,1,project05-m3star-runtime-contract-v0.8,e1d6d08bf93f3ff400361ad947d95002dcf97cc68957c58c831e6a4fdb5c2953,0.8.0,1,1,G1_technique,G1_technique,m3star_graph_transition_xgboost_v0.1,0
C12-witfoo-precinct6-f10c7270,random,0.6,41,project05_m3star_h1_dual,1,1.0,1,C12-AA-001,1.0,0.0,1,0,0,m3star_graph_action_value_xgboost_v0.3,m3star_graph_action_reachability_xgboost_v0.1,m3star_graph_action_value_xgboost_v0.3,8.0,0,1,1,0,development,0,0,3,0.0,G1_technique,0.25,1,1,G0_unknown,3,0,1,1,1,1,0,,8,1,1.0,C12-AA-001,0.0,0,1,project05-m3star-runtime-contract-v0.8,e1d6d08bf93f3ff400361ad947d95002dcf97cc68957c58c831e6a4fdb5c2953,0.8.0,1,1,G1_technique,G1_technique,m3star_graph_transition_xgboost_v0.1,0
C12-witfoo-precinct6-f10c7270,random,0.6,41,project05_xgboost_policy,1,1.0,1,C12-AA-001,1.0,0.0,1,0,0,,,,8.0,0,1,1,,development,,0,3,0.0,G1_technique,0.25,,1,G0_unknown,3,0,,,,,,,,,1.0,C12-AA-001,0.0,,1,,,,1,,G1_technique,G1_technique,,0
C12-witfoo-precinct6-f10c7270,random,0.6,41,project05_m3b_policy,1,1.0,1,C12-AA-001,1.0,0.0,1,0,0,,,,8.0,0,1,1,,development,,0,3,0.0,G1_technique,0.25,,1,G0_unknown,3,0,,,,,,,,,1.0,C12-AA-001,0.0,,1,,,,1,,G1_technique,G1_technique,,0
C12-witfoo-precinct6-f10c7270,random,0.6,41,project05_m2,1,1.0,1,C12-AA-001,1.0,0.0,1,0,0,,,,8.0,0,1,1,,development,,0,3,0.0,G1_technique,0.25,,1,G0_unknown,3,0,,,,,,,,,1.0,C12-AA-001,0.0,,1,,,,1,,G1_technique,G1_technique,,0
C12-witfoo-precinct6-f10c7270,random,0.6,41,oracle_optimal,1,1.0,1,C12-AA-001,1.0,0.0,1,0,0,,,,8.0,0,1,1,,development,,0,3,0.0,G1_technique,0.25,,1,G0_unknown,3,0,,,,,,,,,1.0,C12-AA-001,0.0,,1,,,,1,,G1_technique,G1_technique,,0
C12-witfoo-precinct6-f10c7270,random,0.6,53,project05_m3star_h3_dual,1,2.0,2,C12-AA-001|C12-AA-002,2.0,1.0,0,0,0,m3star_graph_action_value_xgboost_v0.3,m3star_graph_action_reachability_xgboost_v0.1,m3star_graph_action_value_xgboost_v0.3,8.0,0,1,1,0,development,0,0,3,0.0,G1_technique,0.25,1,1,G0_unknown,3,0,1,3,1,1,1,,8,1,1.0,C12-AA-002,0.1818,1,1,project05-m3star-runtime-contract-v0.8,e1d6d08bf93f3ff400361ad947d95002dcf97cc68957c58c831e6a4fdb5c2953,0.8.0,2,1,G1_technique,G1_technique,m3star_graph_transition_xgboost_v0.1,1
C12-witfoo-precinct6-f10c7270,random,0.6,53,project05_m3star_h3_no_dominance_dual,1,2.0,2,C12-AA-001|C12-AA-002,2.0,1.0,0,0,0,m3star_graph_action_value_xgboost_v0.3,m3star_graph_action_reachability_xgboost_v0.1,m3star_graph_action_value_xgboost_v0.3,8.0,0,1,1,0,development,0,0,3,0.0,G1_technique,0.25,1,1,G0_unknown,3,0,1,3,0,1,0,,8,1,1.0,C12-AA-002,0.1818,0,1,project05-m3star-runtime-contract-v0.8,e1d6d08bf93f3ff400361ad947d95002dcf97cc68957c58c831e6a4fdb5c2953,0.8.0,2,0,G1_technique,G1_technique,m3star_graph_transition_xgboost_v0.1,1
C12-witfoo-precinct6-f10c7270,random,0.6,53,project05_m3star_h3_unshielded_dual,1,2.0,2,C12-AA-001|C12-AA-002,2.0,1.0,0,0,0,m3star_graph_action_value_xgboost_v0.3,m3star_graph_action_reachability_xgboost_v0.1,m3star_graph_action_value_xgboost_v0.3,8.0,0,1,1,0,development,0,0,3,0.0,G1_technique,0.25,1,1,G0_unknown,3,0,0,3,1,1,0,,8,0,1.0,C12-AA-002,0.1818,0,1,project05-m3star-runtime-contract-v0.8,e1d6d08bf93f3ff400361ad947d95002dcf97cc68957c58c831e6a4fdb5c2953,0.8.0,2,1,G1_technique,G1_technique,m3star_graph_transition_xgboost_v0.1,1
C12-witfoo-precinct6-f10c7270,random,0.6,53,project05_m3star_h3_transition_only,1,2.0,2,C12-AA-001|C12-AA-002,2.0,1.0,0,0,0,none,none,none,8.0,0,1,1,0,development,0,0,3,0.0,G1_technique,0.25,0,1,G0_unknown,3,0,1,3,1,0,0,,8,1,1.0,C12-AA-002,0.1818,0,1,project05-m3star-runtime-contract-v0.8,e1d6d08bf93f3ff400361ad947d95002dcf97cc68957c58c831e6a4fdb5c2953,0.8.0,2,1,G1_technique,G1_technique,m3star_graph_transition_xgboost_v0.1,1
C12-witfoo-precinct6-f10c7270,random,0.6,53,project05_m3star_h1_dual,1,2.0,2,C12-AA-001|C12-AA-002,2.0,1.0,0,0,0,m3star_graph_action_value_xgboost_v0.3,m3star_graph_action_reachability_xgboost_v0.1,m3star_graph_action_value_xgboost_v0.3,8.0,0,1,1,0,development,0,0,3,0.0,G1_technique,0.25,1,1,G0_unknown,3,0,1,1,1,1,0,,8,1,1.0,C12-AA-002,0.1818,0,1,project05-m3star-runtime-contract-v0.8,e1d6d08bf93f3ff400361ad947d95002dcf97cc68957c58c831e6a4fdb5c2953,0.8.0,2,1,G1_technique,G1_technique,m3star_graph_transition_xgboost_v0.1,1
C12-witfoo-precinct6-f10c7270,random,0.6,53,project05_xgboost_policy,1,3.0,2,C12-AA-001|C12-AA-003,3.0,2.0,0,0,0,,,,8.0,0,1,1,,development,,0,3,0.0,G1_technique,0.25,,1,G0_unknown,3,0,,,,,,,,,1.0,C12-AA-002,0.3333,,1,,,,2,,G1_technique,G1_technique,,1
C12-witfoo-precinct6-f10c7270,random,0.6,53,project05_m3b_policy,1,2.0,2,C12-AA-001|C12-AA-002,2.0,1.0,0,0,0,,,,8.0,0,1,1,,development,,0,3,0.0,G1_technique,0.25,,1,G0_unknown,3,0,,,,,,,,,1.0,C12-AA-002,0.1818,,1,,,,2,,G1_technique,G1_technique,,1
C12-witfoo-precinct6-f10c7270,random,0.6,53,project05_m2,1,2.0,1,C12-AA-003,2.0,1.0,0,0,0,,,,8.0,0,1,1,,development,,0,3,0.0,G1_technique,0.25,,1,G0_unknown,3,0,,,,,,,,,1.0,C12-AA-002,0.0,,1,,,,1,,G1_technique,G1_technique,,0
C12-witfoo-precinct6-f10c7270,random,0.6,53,oracle_optimal,1,1.0,1,C12-AA-002,1.0,0.0,1,0,0,,,,8.0,0,1,1,,development,,0,3,0.0,G1_technique,0.25,,1,G0_unknown,3,0,,,,,,,,,1.0,C12-AA-002,0.0,,1,,,,1,,G1_technique,G1_technique,,0
C12-witfoo-precinct6-f10c7270,stage,0.2,11,project05_m3star_h3_dual,1,0.0,0,,0.0,0.0,0,0,0,m3star_graph_action_value_xgboost_v0.3,m3star_graph_action_reachability_xgboost_v0.1,m3star_graph_action_value_xgboost_v0.3,8.0,0,1,1,0,development,0,0,3,0.0,G1_technique,0.25,0,0,G1_technique,1,0,1,3,1,1,1,,8,1,0.0,,0.0,1,0,project05-m3star-runtime-contract-v0.8,e1d6d08bf93f3ff400361ad947d95002dcf97cc68957c58c831e6a4fdb5c2953,0.8.0,0,1,G1_technique,G1_technique,m3star_graph_transition_xgboost_v0.1,0
C12-witfoo-precinct6-f10c7270,stage,0.2,11,project05_m3star_h3_no_dominance_dual,1,0.0,0,,0.0,0.0,0,0,0,m3star_graph_action_value_xgboost_v0.3,m3star_graph_action_reachability_xgboost_v0.1,m3star_graph_action_value_xgboost_v0.3,8.0,0,1,1,0,development,0,0,3,0.0,G1_technique,0.25,0,0,G1_technique,1,0,1,3,0,1,0,,8,1,0.0,,0.0,0,0,project05-m3star-runtime-contract-v0.8,e1d6d08bf93f3ff400361ad947d95002dcf97cc68957c58c831e6a4fdb5c2953,0.8.0,0,0,G1_technique,G1_technique,m3star_graph_transition_xgboost_v0.1,0
C12-witfoo-precinct6-f10c7270,stage,0.2,11,project05_m3star_h3_unshielded_dual,1,0.0,0,,0.0,0.0,0,0,0,m3star_graph_action_value_xgboost_v0.3,m3star_graph_action_reachability_xgboost_v0.1,m3star_graph_action_value_xgboost_v0.3,8.0,0,1,1,0,development,0,0,3,0.0,G1_technique,0.25,0,0,G1_technique,1,0,0,3,1,1,0,,8,0,0.0,,0.0,0,0,project05-m3star-runtime-contract-v0.8,e1d6d08bf93f3ff400361ad947d95002dcf97cc68957c58c831e6a4fdb5c2953,0.8.0,0,1,G1_technique,G1_technique,m3star_graph_transition_xgboost_v0.1,0
C12-witfoo-precinct6-f10c7270,stage,0.2,11,project05_m3star_h3_transition_only,1,0.0,0,,0.0,0.0,0,0,0,none,none,none,8.0,0,1,1,0,development,0,0,3,0.0,G1_technique,0.25,0,0,G1_technique,1,0,1,3,1,0,0,,8,1,0.0,,0.0,0,0,project05-m3star-runtime-contract-v0.8,e1d6d08bf93f3ff400361ad947d95002dcf97cc68957c58c831e6a4fdb5c2953,0.8.0,0,1,G1_technique,G1_technique,m3star_graph_transition_xgboost_v0.1,0
C12-witfoo-precinct6-f10c7270,stage,0.2,11,project05_m3star_h1_dual,1,0.0,0,,0.0,0.0,0,0,0,m3star_graph_action_value_xgboost_v0.3,m3star_graph_action_reachability_xgboost_v0.1,m3star_graph_action_value_xgboost_v0.3,8.0,0,1,1,0,development,0,0,3,0.0,G1_technique,0.25,0,0,G1_technique,1,0,1,1,1,1,0,,8,1,0.0,,0.0,0,0,project05-m3star-runtime-contract-v0.8,e1d6d08bf93f3ff400361ad947d95002dcf97cc68957c58c831e6a4fdb5c2953,0.8.0,0,1,G1_technique,G1_technique,m3star_graph_transition_xgboost_v0.1,0
C12-witfoo-precinct6-f10c7270,stage,0.2,11,project05_xgboost_policy,1,0.0,0,,0.0,0.0,0,0,0,,,,8.0,0,1,1,,development,,0,3,0.0,G1_technique,0.25,,0,G1_technique,1,0,,,,,,,,,0.0,,0.0,,0,,,,0,,G1_technique,G1_technique,,0
C12-witfoo-precinct6-f10c7270,stage,0.2,11,project05_m3b_policy,1,0.0,0,,0.0,0.0,0,0,0,,,,8.0,0,1,1,,development,,0,3,0.0,G1_technique,0.25,,0,G1_technique,1,0,,,,,,,,,0.0,,0.0,,0,,,,0,,G1_technique,G1_technique,,0
C12-witfoo-precinct6-f10c7270,stage,0.2,11,project05_m2,1,0.0,0,,0.0,0.0,0,0,0,,,,8.0,0,1,1,,development,,0,3,0.0,G1_technique,0.25,,0,G1_technique,1,0,,,,,,,,,0.0,,0.0,,0,,,,0,,G1_technique,G1_technique,,0
C12-witfoo-precinct6-f10c7270,stage,0.2,11,oracle_optimal,1,0.0,0,,0.0,0.0,0,0,0,,,,8.0,0,1,1,,development,,0,3,0.0,G1_technique,0.25,,0,G1_technique,1,0,,,,,,,,,0.0,,0.0,,0,,,,0,,G1_technique,G1_technique,,0
C12-witfoo-precinct6-f10c7270,stage,0.2,23,project05_m3star_h3_dual,1,0.0,0,,0.0,0.0,0,0,0,m3star_graph_action_value_xgboost_v0.3,m3star_graph_action_reachability_xgboost_v0.1,m3star_graph_action_value_xgboost_v0.3,8.0,0,1,1,0,development,0,0,3,0.0,G1_technique,0.25,0,0,G1_technique,1,0,1,3,1,1,1,,8,1,0.0,,0.0,1,0,project05-m3star-runtime-contract-v0.8,e1d6d08bf93f3ff400361ad947d95002dcf97cc68957c58c831e6a4fdb5c2953,0.8.0,0,1,G1_technique,G1_technique,m3star_graph_transition_xgboost_v0.1,0
C12-witfoo-precinct6-f10c7270,stage,0.2,23,project05_m3star_h3_no_dominance_dual,1,0.0,0,,0.0,0.0,0,0,0,m3star_graph_action_value_xgboost_v0.3,m3star_graph_action_reachability_xgboost_v0.1,m3star_graph_action_value_xgboost_v0.3,8.0,0,1,1,0,development,0,0,3,0.0,G1_technique,0.25,0,0,G1_technique,1,0,1,3,0,1,0,,8,1,0.0,,0.0,0,0,project05-m3star-runtime-contract-v0.8,e1d6d08bf93f3ff400361ad947d95002dcf97cc68957c58c831e6a4fdb5c2953,0.8.0,0,0,G1_technique,G1_technique,m3star_graph_transition_xgboost_v0.1,0
C12-witfoo-precinct6-f10c7270,stage,0.2,23,project05_m3star_h3_unshielded_dual,1,0.0,0,,0.0,0.0,0,0,0,m3star_graph_action_value_xgboost_v0.3,m3star_graph_action_reachability_xgboost_v0.1,m3star_graph_action_value_xgboost_v0.3,8.0,0,1,1,0,development,0,0,3,0.0,G1_technique,0.25,0,0,G1_technique,1,0,0,3,1,1,0,,8,0,0.0,,0.0,0,0,project05-m3star-runtime-contract-v0.8,e1d6d08bf93f3ff400361ad947d95002dcf97cc68957c58c831e6a4fdb5c2953,0.8.0,0,1,G1_technique,G1_technique,m3star_graph_transition_xgboost_v0.1,0
C12-witfoo-precinct6-f10c7270,stage,0.2,23,project05_m3star_h3_transition_only,1,0.0,0,,0.0,0.0,0,0,0,none,none,none,8.0,0,1,1,0,development,0,0,3,0.0,G1_technique,0.25,0,0,G1_technique,1,0,1,3,1,0,0,,8,1,0.0,,0.0,0,0,project05-m3star-runtime-contract-v0.8,e1d6d08bf93f3ff400361ad947d95002dcf97cc68957c58c831e6a4fdb5c2953,0.8.0,0,1,G1_technique,G1_technique,m3star_graph_transition_xgboost_v0.1,0
C12-witfoo-precinct6-f10c7270,stage,0.2,23,project05_m3star_h1_dual,1,0.0,0,,0.0,0.0,0,0,0,m3star_graph_action_value_xgboost_v0.3,m3star_graph_action_reachability_xgboost_v0.1,m3star_graph_action_value_xgboost_v0.3,8.0,0,1,1,0,development,0,0,3,0.0,G1_technique,0.25,0,0,G1_technique,1,0,1,1,1,1,0,,8,1,0.0,,0.0,0,0,project05-m3star-runtime-contract-v0.8,e1d6d08bf93f3ff400361ad947d95002dcf97cc68957c58c831e6a4fdb5c2953,0.8.0,0,1,G1_technique,G1_technique,m3star_graph_transition_xgboost_v0.1,0
C12-witfoo-precinct6-f10c7270,stage,0.2,23,project05_xgboost_policy,1,0.0,0,,0.0,0.0,0,0,0,,,,8.0,0,1,1,,development,,0,3,0.0,G1_technique,0.25,,0,G1_technique,1,0,,,,,,,,,0.0,,0.0,,0,,,,0,,G1_technique,G1_technique,,0
C12-witfoo-precinct6-f10c7270,stage,0.2,23,project05_m3b_policy,1,0.0,0,,0.0,0.0,0,0,0,,,,8.0,0,1,1,,development,,0,3,0.0,G1_technique,0.25,,0,G1_technique,1,0,,,,,,,,,0.0,,0.0,,0,,,,0,,G1_technique,G1_technique,,0
C12-witfoo-precinct6-f10c7270,stage,0.2,23,project05_m2,1,0.0,0,,0.0,0.0,0,0,0,,,,8.0,0,1,1,,development,,0,3,0.0,G1_technique,0.25,,0,G1_technique,1,0,,,,,,,,,0.0,,0.0,,0,,,,0,,G1_technique,G1_technique,,0
C12-witfoo-precinct6-f10c7270,stage,0.2,23,oracle_optimal,1,0.0,0,,0.0,0.0,0,0,0,,,,8.0,0,1,1,,development,,0,3,0.0,G1_technique,0.25,,0,G1_technique,1,0,,,,,,,,,0.0,,0.0,,0,,,,0,,G1_technique,G1_technique,,0
C12-witfoo-precinct6-f10c7270,stage,0.2,37,project05_m3star_h3_dual,1,0.0,0,,0.0,0.0,0,0,0,m3star_graph_action_value_xgboost_v0.3,m3star_graph_action_reachability_xgboost_v0.1,m3star_graph_action_value_xgboost_v0.3,8.0,0,1,1,0,development,0,0,3,0.0,G1_technique,0.25,0,0,G1_technique,1,0,1,3,1,1,1,,8,1,0.0,,0.0,1,0,project05-m3star-runtime-contract-v0.8,e1d6d08bf93f3ff400361ad947d95002dcf97cc68957c58c831e6a4fdb5c2953,0.8.0,0,1,G1_technique,G1_technique,m3star_graph_transition_xgboost_v0.1,0
C12-witfoo-precinct6-f10c7270,stage,0.2,37,project05_m3star_h3_no_dominance_dual,1,0.0,0,,0.0,0.0,0,0,0,m3star_graph_action_value_xgboost_v0.3,m3star_graph_action_reachability_xgboost_v0.1,m3star_graph_action_value_xgboost_v0.3,8.0,0,1,1,0,development,0,0,3,0.0,G1_technique,0.25,0,0,G1_technique,1,0,1,3,0,1,0,,8,1,0.0,,0.0,0,0,project05-m3star-runtime-contract-v0.8,e1d6d08bf93f3ff400361ad947d95002dcf97cc68957c58c831e6a4fdb5c2953,0.8.0,0,0,G1_technique,G1_technique,m3star_graph_transition_xgboost_v0.1,0
C12-witfoo-precinct6-f10c7270,stage,0.2,37,project05_m3star_h3_unshielded_dual,1,0.0,0,,0.0,0.0,0,0,0,m3star_graph_action_value_xgboost_v0.3,m3star_graph_action_reachability_xgboost_v0.1,m3star_graph_action_value_xgboost_v0.3,8.0,0,1,1,0,development,0,0,3,0.0,G1_technique,0.25,0,0,G1_technique,1,0,0,3,1,1,0,,8,0,0.0,,0.0,0,0,project05-m3star-runtime-contract-v0.8,e1d6d08bf93f3ff400361ad947d95002dcf97cc68957c58c831e6a4fdb5c2953,0.8.0,0,1,G1_technique,G1_technique,m3star_graph_transition_xgboost_v0.1,0
C12-witfoo-precinct6-f10c7270,stage,0.2,37,project05_m3star_h3_transition_only,1,0.0,0,,0.0,0.0,0,0,0,none,none,none,8.0,0,1,1,0,development,0,0,3,0.0,G1_technique,0.25,0,0,G1_technique,1,0,1,3,1,0,0,,8,1,0.0,,0.0,0,0,project05-m3star-runtime-contract-v0.8,e1d6d08bf93f3ff400361ad947d95002dcf97cc68957c58c831e6a4fdb5c2953,0.8.0,0,1,G1_technique,G1_technique,m3star_graph_transition_xgboost_v0.1,0
C12-witfoo-precinct6-f10c7270,stage,0.2,37,project05_m3star_h1_dual,1,0.0,0,,0.0,0.0,0,0,0,m3star_graph_action_value_xgboost_v0.3,m3star_graph_action_reachability_xgboost_v0.1,m3star_graph_action_value_xgboost_v0.3,8.0,0,1,1,0,development,0,0,3,0.0,G1_technique,0.25,0,0,G1_technique,1,0,1,1,1,1,0,,8,1,0.0,,0.0,0,0,project05-m3star-runtime-contract-v0.8,e1d6d08bf93f3ff400361ad947d95002dcf97cc68957c58c831e6a4fdb5c2953,0.8.0,0,1,G1_technique,G1_technique,m3star_graph_transition_xgboost_v0.1,0
C12-witfoo-precinct6-f10c7270,stage,0.2,37,project05_xgboost_policy,1,0.0,0,,0.0,0.0,0,0,0,,,,8.0,0,1,1,,development,,0,3,0.0,G1_technique,0.25,,0,G1_technique,1,0,,,,,,,,,0.0,,0.0,,0,,,,0,,G1_technique,G1_technique,,0
C12-witfoo-precinct6-f10c7270,stage,0.2,37,project05_m3b_policy,1,0.0,0,,0.0,0.0,0,0,0,,,,8.0,0,1,1,,development,,0,3,0.0,G1_technique,0.25,,0,G1_technique,1,0,,,,,,,,,0.0,,0.0,,0,,,,0,,G1_technique,G1_technique,,0
C12-witfoo-precinct6-f10c7270,stage,0.2,37,project05_m2,1,0.0,0,,0.0,0.0,0,0,0,,,,8.0,0,1,1,,development,,0,3,0.0,G1_technique,0.25,,0,G1_technique,1,0,,,,,,,,,0.0,,0.0,,0,,,,0,,G1_technique,G1_technique,,0
C12-witfoo-precinct6-f10c7270,stage,0.2,37,oracle_optimal,1,0.0,0,,0.0,0.0,0,0,0,,,,8.0,0,1,1,,development,,0,3,0.0,G1_technique,0.25,,0,G1_technique,1,0,,,,,,,,,0.0,,0.0,,0,,,,0,,G1_technique,G1_technique,,0
C12-witfoo-precinct6-f10c7270,stage,0.2,41,project05_m3star_h3_dual,1,0.0,0,,0.0,0.0,0,0,0,m3star_graph_action_value_xgboost_v0.3,m3star_graph_action_reachability_xgboost_v0.1,m3star_graph_action_value_xgboost_v0.3,8.0,0,1,1,0,development,0,0,3,0.0,G1_technique,0.25,0,0,G1_technique,1,0,1,3,1,1,1,,8,1,0.0,,0.0,1,0,project05-m3star-runtime-contract-v0.8,e1d6d08bf93f3ff400361ad947d95002dcf97cc68957c58c831e6a4fdb5c2953,0.8.0,0,1,G1_technique,G1_technique,m3star_graph_transition_xgboost_v0.1,0
C12-witfoo-precinct6-f10c7270,stage,0.2,41,project05_m3star_h3_no_dominance_dual,1,0.0,0,,0.0,0.0,0,0,0,m3star_graph_action_value_xgboost_v0.3,m3star_graph_action_reachability_xgboost_v0.1,m3star_graph_action_value_xgboost_v0.3,8.0,0,1,1,0,development,0,0,3,0.0,G1_technique,0.25,0,0,G1_technique,1,0,1,3,0,1,0,,8,1,0.0,,0.0,0,0,project05-m3star-runtime-contract-v0.8,e1d6d08bf93f3ff400361ad947d95002dcf97cc68957c58c831e6a4fdb5c2953,0.8.0,0,0,G1_technique,G1_technique,m3star_graph_transition_xgboost_v0.1,0
C12-witfoo-precinct6-f10c7270,stage,0.2,41,project05_m3star_h3_unshielded_dual,1,0.0,0,,0.0,0.0,0,0,0,m3star_graph_action_value_xgboost_v0.3,m3star_graph_action_reachability_xgboost_v0.1,m3star_graph_action_value_xgboost_v0.3,8.0,0,1,1,0,development,0,0,3,0.0,G1_technique,0.25,0,0,G1_technique,1,0,0,3,1,1,0,,8,0,0.0,,0.0,0,0,project05-m3star-runtime-contract-v0.8,e1d6d08bf93f3ff400361ad947d95002dcf97cc68957c58c831e6a4fdb5c2953,0.8.0,0,1,G1_technique,G1_technique,m3star_graph_transition_xgboost_v0.1,0
C12-witfoo-precinct6-f10c7270,stage,0.2,41,project05_m3star_h3_transition_only,1,0.0,0,,0.0,0.0,0,0,0,none,none,none,8.0,0,1,1,0,development,0,0,3,0.0,G1_technique,0.25,0,0,G1_technique,1,0,1,3,1,0,0,,8,1,0.0,,0.0,0,0,project05-m3star-runtime-contract-v0.8,e1d6d08bf93f3ff400361ad947d95002dcf97cc68957c58c831e6a4fdb5c2953,0.8.0,0,1,G1_technique,G1_technique,m3star_graph_transition_xgboost_v0.1,0
C12-witfoo-precinct6-f10c7270,stage,0.2,41,project05_m3star_h1_dual,1,0.0,0,,0.0,0.0,0,0,0,m3star_graph_action_value_xgboost_v0.3,m3star_graph_action_reachability_xgboost_v0.1,m3star_graph_action_value_xgboost_v0.3,8.0,0,1,1,0,development,0,0,3,0.0,G1_technique,0.25,0,0,G1_technique,1,0,1,1,1,1,0,,8,1,0.0,,0.0,0,0,project05-m3star-runtime-contract-v0.8,e1d6d08bf93f3ff400361ad947d95002dcf97cc68957c58c831e6a4fdb5c2953,0.8.0,0,1,G1_technique,G1_technique,m3star_graph_transition_xgboost_v0.1,0
C12-witfoo-precinct6-f10c7270,stage,0.2,41,project05_xgboost_policy,1,0.0,0,,0.0,0.0,0,0,0,,,,8.0,0,1,1,,development,,0,3,0.0,G1_technique,0.25,,0,G1_technique,1,0,,,,,,,,,0.0,,0.0,,0,,,,0,,G1_technique,G1_technique,,0
C12-witfoo-precinct6-f10c7270,stage,0.2,41,project05_m3b_policy,1,0.0,0,,0.0,0.0,0,0,0,,,,8.0,0,1,1,,development,,0,3,0.0,G1_technique,0.25,,0,G1_technique,1,0,,,,,,,,,0.0,,0.0,,0,,,,0,,G1_technique,G1_technique,,0
C12-witfoo-precinct6-f10c7270,stage,0.2,41,project05_m2,1,0.0,0,,0.0,0.0,0,0,0,,,,8.0,0,1,1,,development,,0,3,0.0,G1_technique,0.25,,0,G1_technique,1,0,,,,,,,,,0.0,,0.0,,0,,,,0,,G1_technique,G1_technique,,0
C12-witfoo-precinct6-f10c7270,stage,0.2,41,oracle_optimal,1,0.0,0,,0.0,0.0,0,0,0,,,,8.0,0,1,1,,development,,0,3,0.0,G1_technique,0.25,,0,G1_technique,1,0,,,,,,,,,0.0,,0.0,,0,,,,0,,G1_technique,G1_technique,,0
C12-witfoo-precinct6-f10c7270,stage,0.2,53,project05_m3star_h3_dual,1,0.0,0,,0.0,0.0,0,0,0,m3star_graph_action_value_xgboost_v0.3,m3star_graph_action_reachability_xgboost_v0.1,m3star_graph_action_value_xgboost_v0.3,8.0,0,1,1,0,development,0,0,3,0.0,G1_technique,0.25,0,0,G1_technique,1,0,1,3,1,1,1,,8,1,0.0,,0.0,1,0,project05-m3star-runtime-contract-v0.8,e1d6d08bf93f3ff400361ad947d95002dcf97cc68957c58c831e6a4fdb5c2953,0.8.0,0,1,G1_technique,G1_technique,m3star_graph_transition_xgboost_v0.1,0
C12-witfoo-precinct6-f10c7270,stage,0.2,53,project05_m3star_h3_no_dominance_dual,1,0.0,0,,0.0,0.0,0,0,0,m3star_graph_action_value_xgboost_v0.3,m3star_graph_action_reachability_xgboost_v0.1,m3star_graph_action_value_xgboost_v0.3,8.0,0,1,1,0,development,0,0,3,0.0,G1_technique,0.25,0,0,G1_technique,1,0,1,3,0,1,0,,8,1,0.0,,0.0,0,0,project05-m3star-runtime-contract-v0.8,e1d6d08bf93f3ff400361ad947d95002dcf97cc68957c58c831e6a4fdb5c2953,0.8.0,0,0,G1_technique,G1_technique,m3star_graph_transition_xgboost_v0.1,0
C12-witfoo-precinct6-f10c7270,stage,0.2,53,project05_m3star_h3_unshielded_dual,1,0.0,0,,0.0,0.0,0,0,0,m3star_graph_action_value_xgboost_v0.3,m3star_graph_action_reachability_xgboost_v0.1,m3star_graph_action_value_xgboost_v0.3,8.0,0,1,1,0,development,0,0,3,0.0,G1_technique,0.25,0,0,G1_technique,1,0,0,3,1,1,0,,8,0,0.0,,0.0,0,0,project05-m3star-runtime-contract-v0.8,e1d6d08bf93f3ff400361ad947d95002dcf97cc68957c58c831e6a4fdb5c2953,0.8.0,0,1,G1_technique,G1_technique,m3star_graph_transition_xgboost_v0.1,0
C12-witfoo-precinct6-f10c7270,stage,0.2,53,project05_m3star_h3_transition_only,1,0.0,0,,0.0,0.0,0,0,0,none,none,none,8.0,0,1,1,0,development,0,0,3,0.0,G1_technique,0.25,0,0,G1_technique,1,0,1,3,1,0,0,,8,1,0.0,,0.0,0,0,project05-m3star-runtime-contract-v0.8,e1d6d08bf93f3ff400361ad947d95002dcf97cc68957c58c831e6a4fdb5c2953,0.8.0,0,1,G1_technique,G1_technique,m3star_graph_transition_xgboost_v0.1,0
C12-witfoo-precinct6-f10c7270,stage,0.2,53,project05_m3star_h1_dual,1,0.0,0,,0.0,0.0,0,0,0,m3star_graph_action_value_xgboost_v0.3,m3star_graph_action_reachability_xgboost_v0.1,m3star_graph_action_value_xgboost_v0.3,8.0,0,1,1,0,development,0,0,3,0.0,G1_technique,0.25,0,0,G1_technique,1,0,1,1,1,1,0,,8,1,0.0,,0.0,0,0,project05-m3star-runtime-contract-v0.8,e1d6d08bf93f3ff400361ad947d95002dcf97cc68957c58c831e6a4fdb5c2953,0.8.0,0,1,G1_technique,G1_technique,m3star_graph_transition_xgboost_v0.1,0
C12-witfoo-precinct6-f10c7270,stage,0.2,53,project05_xgboost_policy,1,0.0,0,,0.0,0.0,0,0,0,,,,8.0,0,1,1,,development,,0,3,0.0,G1_technique,0.25,,0,G1_technique,1,0,,,,,,,,,0.0,,0.0,,0,,,,0,,G1_technique,G1_technique,,0
C12-witfoo-precinct6-f10c7270,stage,0.2,53,project05_m3b_policy,1,0.0,0,,0.0,0.0,0,0,0,,,,8.0,0,1,1,,development,,0,3,0.0,G1_technique,0.25,,0,G1_technique,1,0,,,,,,,,,0.0,,0.0,,0,,,,0,,G1_technique,G1_technique,,0
C12-witfoo-precinct6-f10c7270,stage,0.2,53,project05_m2,1,0.0,0,,0.0,0.0,0,0,0,,,,8.0,0,1,1,,development,,0,3,0.0,G1_technique,0.25,,0,G1_technique,1,0,,,,,,,,,0.0,,0.0,,0,,,,0,,G1_technique,G1_technique,,0
C12-witfoo-precinct6-f10c7270,stage,0.2,53,oracle_optimal,1,0.0,0,,0.0,0.0,0,0,0,,,,8.0,0,1,1,,development,,0,3,0.0,G1_technique,0.25,,0,G1_technique,1,0,,,,,,,,,0.0,,0.0,,0,,,,0,,G1_technique,G1_technique,,0
C12-witfoo-precinct6-f10c7270,stage,0.4,11,project05_m3star_h3_dual,1,0.0,0,,0.0,0.0,0,0,0,m3star_graph_action_value_xgboost_v0.3,m3star_graph_action_reachability_xgboost_v0.1,m3star_graph_action_value_xgboost_v0.3,8.0,0,1,1,0,development,0,0,3,0.0,G1_technique,0.25,0,0,G1_technique,2,0,1,3,1,1,1,,8,1,0.0,,0.0,1,0,project05-m3star-runtime-contract-v0.8,e1d6d08bf93f3ff400361ad947d95002dcf97cc68957c58c831e6a4fdb5c2953,0.8.0,0,1,G1_technique,G1_technique,m3star_graph_transition_xgboost_v0.1,0
C12-witfoo-precinct6-f10c7270,stage,0.4,11,project05_m3star_h3_no_dominance_dual,1,0.0,0,,0.0,0.0,0,0,0,m3star_graph_action_value_xgboost_v0.3,m3star_graph_action_reachability_xgboost_v0.1,m3star_graph_action_value_xgboost_v0.3,8.0,0,1,1,0,development,0,0,3,0.0,G1_technique,0.25,0,0,G1_technique,2,0,1,3,0,1,0,,8,1,0.0,,0.0,0,0,project05-m3star-runtime-contract-v0.8,e1d6d08bf93f3ff400361ad947d95002dcf97cc68957c58c831e6a4fdb5c2953,0.8.0,0,0,G1_technique,G1_technique,m3star_graph_transition_xgboost_v0.1,0
C12-witfoo-precinct6-f10c7270,stage,0.4,11,project05_m3star_h3_unshielded_dual,1,0.0,0,,0.0,0.0,0,0,0,m3star_graph_action_value_xgboost_v0.3,m3star_graph_action_reachability_xgboost_v0.1,m3star_graph_action_value_xgboost_v0.3,8.0,0,1,1,0,development,0,0,3,0.0,G1_technique,0.25,0,0,G1_technique,2,0,0,3,1,1,0,,8,0,0.0,,0.0,0,0,project05-m3star-runtime-contract-v0.8,e1d6d08bf93f3ff400361ad947d95002dcf97cc68957c58c831e6a4fdb5c2953,0.8.0,0,1,G1_technique,G1_technique,m3star_graph_transition_xgboost_v0.1,0
C12-witfoo-precinct6-f10c7270,stage,0.4,11,project05_m3star_h3_transition_only,1,0.0,0,,0.0,0.0,0,0,0,none,none,none,8.0,0,1,1,0,development,0,0,3,0.0,G1_technique,0.25,0,0,G1_technique,2,0,1,3,1,0,0,,8,1,0.0,,0.0,0,0,project05-m3star-runtime-contract-v0.8,e1d6d08bf93f3ff400361ad947d95002dcf97cc68957c58c831e6a4fdb5c2953,0.8.0,0,1,G1_technique,G1_technique,m3star_graph_transition_xgboost_v0.1,0
C12-witfoo-precinct6-f10c7270,stage,0.4,11,project05_m3star_h1_dual,1,0.0,0,,0.0,0.0,0,0,0,m3star_graph_action_value_xgboost_v0.3,m3star_graph_action_reachability_xgboost_v0.1,m3star_graph_action_value_xgboost_v0.3,8.0,0,1,1,0,development,0,0,3,0.0,G1_technique,0.25,0,0,G1_technique,2,0,1,1,1,1,0,,8,1,0.0,,0.0,0,0,project05-m3star-runtime-contract-v0.8,e1d6d08bf93f3ff400361ad947d95002dcf97cc68957c58c831e6a4fdb5c2953,0.8.0,0,1,G1_technique,G1_technique,m3star_graph_transition_xgboost_v0.1,0
C12-witfoo-precinct6-f10c7270,stage,0.4,11,project05_xgboost_policy,1,0.0,0,,0.0,0.0,0,0,0,,,,8.0,0,1,1,,development,,0,3,0.0,G1_technique,0.25,,0,G1_technique,2,0,,,,,,,,,0.0,,0.0,,0,,,,0,,G1_technique,G1_technique,,0
C12-witfoo-precinct6-f10c7270,stage,0.4,11,project05_m3b_policy,1,0.0,0,,0.0,0.0,0,0,0,,,,8.0,0,1,1,,development,,0,3,0.0,G1_technique,0.25,,0,G1_technique,2,0,,,,,,,,,0.0,,0.0,,0,,,,0,,G1_technique,G1_technique,,0
C12-witfoo-precinct6-f10c7270,stage,0.4,11,project05_m2,1,0.0,0,,0.0,0.0,0,0,0,,,,8.0,0,1,1,,development,,0,3,0.0,G1_technique,0.25,,0,G1_technique,2,0,,,,,,,,,0.0,,0.0,,0,,,,0,,G1_technique,G1_technique,,0
C12-witfoo-precinct6-f10c7270,stage,0.4,11,oracle_optimal,1,0.0,0,,0.0,0.0,0,0,0,,,,8.0,0,1,1,,development,,0,3,0.0,G1_technique,0.25,,0,G1_technique,2,0,,,,,,,,,0.0,,0.0,,0,,,,0,,G1_technique,G1_technique,,0
C12-witfoo-precinct6-f10c7270,stage,0.4,23,project05_m3star_h3_dual,1,0.0,0,,0.0,0.0,0,0,0,m3star_graph_action_value_xgboost_v0.3,m3star_graph_action_reachability_xgboost_v0.1,m3star_graph_action_value_xgboost_v0.3,8.0,0,1,1,0,development,0,0,3,0.0,G1_technique,0.25,0,0,G1_technique,2,0,1,3,1,1,1,,8,1,0.0,,0.0,1,0,project05-m3star-runtime-contract-v0.8,e1d6d08bf93f3ff400361ad947d95002dcf97cc68957c58c831e6a4fdb5c2953,0.8.0,0,1,G1_technique,G1_technique,m3star_graph_transition_xgboost_v0.1,0
C12-witfoo-precinct6-f10c7270,stage,0.4,23,project05_m3star_h3_no_dominance_dual,1,0.0,0,,0.0,0.0,0,0,0,m3star_graph_action_value_xgboost_v0.3,m3star_graph_action_reachability_xgboost_v0.1,m3star_graph_action_value_xgboost_v0.3,8.0,0,1,1,0,development,0,0,3,0.0,G1_technique,0.25,0,0,G1_technique,2,0,1,3,0,1,0,,8,1,0.0,,0.0,0,0,project05-m3star-runtime-contract-v0.8,e1d6d08bf93f3ff400361ad947d95002dcf97cc68957c58c831e6a4fdb5c2953,0.8.0,0,0,G1_technique,G1_technique,m3star_graph_transition_xgboost_v0.1,0
C12-witfoo-precinct6-f10c7270,stage,0.4,23,project05_m3star_h3_unshielded_dual,1,0.0,0,,0.0,0.0,0,0,0,m3star_graph_action_value_xgboost_v0.3,m3star_graph_action_reachability_xgboost_v0.1,m3star_graph_action_value_xgboost_v0.3,8.0,0,1,1,0,development,0,0,3,0.0,G1_technique,0.25,0,0,G1_technique,2,0,0,3,1,1,0,,8,0,0.0,,0.0,0,0,project05-m3star-runtime-contract-v0.8,e1d6d08bf93f3ff400361ad947d95002dcf97cc68957c58c831e6a4fdb5c2953,0.8.0,0,1,G1_technique,G1_technique,m3star_graph_transition_xgboost_v0.1,0
C12-witfoo-precinct6-f10c7270,stage,0.4,23,project05_m3star_h3_transition_only,1,0.0,0,,0.0,0.0,0,0,0,none,none,none,8.0,0,1,1,0,development,0,0,3,0.0,G1_technique,0.25,0,0,G1_technique,2,0,1,3,1,0,0,,8,1,0.0,,0.0,0,0,project05-m3star-runtime-contract-v0.8,e1d6d08bf93f3ff400361ad947d95002dcf97cc68957c58c831e6a4fdb5c2953,0.8.0,0,1,G1_technique,G1_technique,m3star_graph_transition_xgboost_v0.1,0
C12-witfoo-precinct6-f10c7270,stage,0.4,23,project05_m3star_h1_dual,1,0.0,0,,0.0,0.0,0,0,0,m3star_graph_action_value_xgboost_v0.3,m3star_graph_action_reachability_xgboost_v0.1,m3star_graph_action_value_xgboost_v0.3,8.0,0,1,1,0,development,0,0,3,0.0,G1_technique,0.25,0,0,G1_technique,2,0,1,1,1,1,0,,8,1,0.0,,0.0,0,0,project05-m3star-runtime-contract-v0.8,e1d6d08bf93f3ff400361ad947d95002dcf97cc68957c58c831e6a4fdb5c2953,0.8.0,0,1,G1_technique,G1_technique,m3star_graph_transition_xgboost_v0.1,0
C12-witfoo-precinct6-f10c7270,stage,0.4,23,project05_xgboost_policy,1,0.0,0,,0.0,0.0,0,0,0,,,,8.0,0,1,1,,development,,0,3,0.0,G1_technique,0.25,,0,G1_technique,2,0,,,,,,,,,0.0,,0.0,,0,,,,0,,G1_technique,G1_technique,,0
C12-witfoo-precinct6-f10c7270,stage,0.4,23,project05_m3b_policy,1,0.0,0,,0.0,0.0,0,0,0,,,,8.0,0,1,1,,development,,0,3,0.0,G1_technique,0.25,,0,G1_technique,2,0,,,,,,,,,0.0,,0.0,,0,,,,0,,G1_technique,G1_technique,,0
C12-witfoo-precinct6-f10c7270,stage,0.4,23,project05_m2,1,0.0,0,,0.0,0.0,0,0,0,,,,8.0,0,1,1,,development,,0,3,0.0,G1_technique,0.25,,0,G1_technique,2,0,,,,,,,,,0.0,,0.0,,0,,,,0,,G1_technique,G1_technique,,0
C12-witfoo-precinct6-f10c7270,stage,0.4,23,oracle_optimal,1,0.0,0,,0.0,0.0,0,0,0,,,,8.0,0,1,1,,development,,0,3,0.0,G1_technique,0.25,,0,G1_technique,2,0,,,,,,,,,0.0,,0.0,,0,,,,0,,G1_technique,G1_technique,,0
C12-witfoo-precinct6-f10c7270,stage,0.4,37,project05_m3star_h3_dual,1,0.0,0,,0.0,0.0,0,0,0,m3star_graph_action_value_xgboost_v0.3,m3star_graph_action_reachability_xgboost_v0.1,m3star_graph_action_value_xgboost_v0.3,8.0,0,1,1,0,development,0,0,3,0.0,G1_technique,0.25,0,0,G1_technique,2,0,1,3,1,1,1,,8,1,0.0,,0.0,1,0,project05-m3star-runtime-contract-v0.8,e1d6d08bf93f3ff400361ad947d95002dcf97cc68957c58c831e6a4fdb5c2953,0.8.0,0,1,G1_technique,G1_technique,m3star_graph_transition_xgboost_v0.1,0
C12-witfoo-precinct6-f10c7270,stage,0.4,37,project05_m3star_h3_no_dominance_dual,1,0.0,0,,0.0,0.0,0,0,0,m3star_graph_action_value_xgboost_v0.3,m3star_graph_action_reachability_xgboost_v0.1,m3star_graph_action_value_xgboost_v0.3,8.0,0,1,1,0,development,0,0,3,0.0,G1_technique,0.25,0,0,G1_technique,2,0,1,3,0,1,0,,8,1,0.0,,0.0,0,0,project05-m3star-runtime-contract-v0.8,e1d6d08bf93f3ff400361ad947d95002dcf97cc68957c58c831e6a4fdb5c2953,0.8.0,0,0,G1_technique,G1_technique,m3star_graph_transition_xgboost_v0.1,0
C12-witfoo-precinct6-f10c7270,stage,0.4,37,project05_m3star_h3_unshielded_dual,1,0.0,0,,0.0,0.0,0,0,0,m3star_graph_action_value_xgboost_v0.3,m3star_graph_action_reachability_xgboost_v0.1,m3star_graph_action_value_xgboost_v0.3,8.0,0,1,1,0,development,0,0,3,0.0,G1_technique,0.25,0,0,G1_technique,2,0,0,3,1,1,0,,8,0,0.0,,0.0,0,0,project05-m3star-runtime-contract-v0.8,e1d6d08bf93f3ff400361ad947d95002dcf97cc68957c58c831e6a4fdb5c2953,0.8.0,0,1,G1_technique,G1_technique,m3star_graph_transition_xgboost_v0.1,0
C12-witfoo-precinct6-f10c7270,stage,0.4,37,project05_m3star_h3_transition_only,1,0.0,0,,0.0,0.0,0,0,0,none,none,none,8.0,0,1,1,0,development,0,0,3,0.0,G1_technique,0.25,0,0,G1_technique,2,0,1,3,1,0,0,,8,1,0.0,,0.0,0,0,project05-m3star-runtime-contract-v0.8,e1d6d08bf93f3ff400361ad947d95002dcf97cc68957c58c831e6a4fdb5c2953,0.8.0,0,1,G1_technique,G1_technique,m3star_graph_transition_xgboost_v0.1,0
C12-witfoo-precinct6-f10c7270,stage,0.4,37,project05_m3star_h1_dual,1,0.0,0,,0.0,0.0,0,0,0,m3star_graph_action_value_xgboost_v0.3,m3star_graph_action_reachability_xgboost_v0.1,m3star_graph_action_value_xgboost_v0.3,8.0,0,1,1,0,development,0,0,3,0.0,G1_technique,0.25,0,0,G1_technique,2,0,1,1,1,1,0,,8,1,0.0,,0.0,0,0,project05-m3star-runtime-contract-v0.8,e1d6d08bf93f3ff400361ad947d95002dcf97cc68957c58c831e6a4fdb5c2953,0.8.0,0,1,G1_technique,G1_technique,m3star_graph_transition_xgboost_v0.1,0
C12-witfoo-precinct6-f10c7270,stage,0.4,37,project05_xgboost_policy,1,0.0,0,,0.0,0.0,0,0,0,,,,8.0,0,1,1,,development,,0,3,0.0,G1_technique,0.25,,0,G1_technique,2,0,,,,,,,,,0.0,,0.0,,0,,,,0,,G1_technique,G1_technique,,0
C12-witfoo-precinct6-f10c7270,stage,0.4,37,project05_m3b_policy,1,0.0,0,,0.0,0.0,0,0,0,,,,8.0,0,1,1,,development,,0,3,0.0,G1_technique,0.25,,0,G1_technique,2,0,,,,,,,,,0.0,,0.0,,0,,,,0,,G1_technique,G1_technique,,0
C12-witfoo-precinct6-f10c7270,stage,0.4,37,project05_m2,1,0.0,0,,0.0,0.0,0,0,0,,,,8.0,0,1,1,,development,,0,3,0.0,G1_technique,0.25,,0,G1_technique,2,0,,,,,,,,,0.0,,0.0,,0,,,,0,,G1_technique,G1_technique,,0
C12-witfoo-precinct6-f10c7270,stage,0.4,37,oracle_optimal,1,0.0,0,,0.0,0.0,0,0,0,,,,8.0,0,1,1,,development,,0,3,0.0,G1_technique,0.25,,0,G1_technique,2,0,,,,,,,,,0.0,,0.0,,0,,,,0,,G1_technique,G1_technique,,0
C12-witfoo-precinct6-f10c7270,stage,0.4,41,project05_m3star_h3_dual,1,0.0,0,,0.0,0.0,0,0,0,m3star_graph_action_value_xgboost_v0.3,m3star_graph_action_reachability_xgboost_v0.1,m3star_graph_action_value_xgboost_v0.3,8.0,0,1,1,0,development,0,0,3,0.0,G1_technique,0.25,0,0,G1_technique,2,0,1,3,1,1,1,,8,1,0.0,,0.0,1,0,project05-m3star-runtime-contract-v0.8,e1d6d08bf93f3ff400361ad947d95002dcf97cc68957c58c831e6a4fdb5c2953,0.8.0,0,1,G1_technique,G1_technique,m3star_graph_transition_xgboost_v0.1,0
C12-witfoo-precinct6-f10c7270,stage,0.4,41,project05_m3star_h3_no_dominance_dual,1,0.0,0,,0.0,0.0,0,0,0,m3star_graph_action_value_xgboost_v0.3,m3star_graph_action_reachability_xgboost_v0.1,m3star_graph_action_value_xgboost_v0.3,8.0,0,1,1,0,development,0,0,3,0.0,G1_technique,0.25,0,0,G1_technique,2,0,1,3,0,1,0,,8,1,0.0,,0.0,0,0,project05-m3star-runtime-contract-v0.8,e1d6d08bf93f3ff400361ad947d95002dcf97cc68957c58c831e6a4fdb5c2953,0.8.0,0,0,G1_technique,G1_technique,m3star_graph_transition_xgboost_v0.1,0
C12-witfoo-precinct6-f10c7270,stage,0.4,41,project05_m3star_h3_unshielded_dual,1,0.0,0,,0.0,0.0,0,0,0,m3star_graph_action_value_xgboost_v0.3,m3star_graph_action_reachability_xgboost_v0.1,m3star_graph_action_value_xgboost_v0.3,8.0,0,1,1,0,development,0,0,3,0.0,G1_technique,0.25,0,0,G1_technique,2,0,0,3,1,1,0,,8,0,0.0,,0.0,0,0,project05-m3star-runtime-contract-v0.8,e1d6d08bf93f3ff400361ad947d95002dcf97cc68957c58c831e6a4fdb5c2953,0.8.0,0,1,G1_technique,G1_technique,m3star_graph_transition_xgboost_v0.1,0
C12-witfoo-precinct6-f10c7270,stage,0.4,41,project05_m3star_h3_transition_only,1,0.0,0,,0.0,0.0,0,0,0,none,none,none,8.0,0,1,1,0,development,0,0,3,0.0,G1_technique,0.25,0,0,G1_technique,2,0,1,3,1,0,0,,8,1,0.0,,0.0,0,0,project05-m3star-runtime-contract-v0.8,e1d6d08bf93f3ff400361ad947d95002dcf97cc68957c58c831e6a4fdb5c2953,0.8.0,0,1,G1_technique,G1_technique,m3star_graph_transition_xgboost_v0.1,0
C12-witfoo-precinct6-f10c7270,stage,0.4,41,project05_m3star_h1_dual,1,0.0,0,,0.0,0.0,0,0,0,m3star_graph_action_value_xgboost_v0.3,m3star_graph_action_reachability_xgboost_v0.1,m3star_graph_action_value_xgboost_v0.3,8.0,0,1,1,0,development,0,0,3,0.0,G1_technique,0.25,0,0,G1_technique,2,0,1,1,1,1,0,,8,1,0.0,,0.0,0,0,project05-m3star-runtime-contract-v0.8,e1d6d08bf93f3ff400361ad947d95002dcf97cc68957c58c831e6a4fdb5c2953,0.8.0,0,1,G1_technique,G1_technique,m3star_graph_transition_xgboost_v0.1,0
C12-witfoo-precinct6-f10c7270,stage,0.4,41,project05_xgboost_policy,1,0.0,0,,0.0,0.0,0,0,0,,,,8.0,0,1,1,,development,,0,3,0.0,G1_technique,0.25,,0,G1_technique,2,0,,,,,,,,,0.0,,0.0,,0,,,,0,,G1_technique,G1_technique,,0
C12-witfoo-precinct6-f10c7270,stage,0.4,41,project05_m3b_policy,1,0.0,0,,0.0,0.0,0,0,0,,,,8.0,0,1,1,,development,,0,3,0.0,G1_technique,0.25,,0,G1_technique,2,0,,,,,,,,,0.0,,0.0,,0,,,,0,,G1_technique,G1_technique,,0
C12-witfoo-precinct6-f10c7270,stage,0.4,41,project05_m2,1,0.0,0,,0.0,0.0,0,0,0,,,,8.0,0,1,1,,development,,0,3,0.0,G1_technique,0.25,,0,G1_technique,2,0,,,,,,,,,0.0,,0.0,,0,,,,0,,G1_technique,G1_technique,,0
C12-witfoo-precinct6-f10c7270,stage,0.4,41,oracle_optimal,1,0.0,0,,0.0,0.0,0,0,0,,,,8.0,0,1,1,,development,,0,3,0.0,G1_technique,0.25,,0,G1_technique,2,0,,,,,,,,,0.0,,0.0,,0,,,,0,,G1_technique,G1_technique,,0
C12-witfoo-precinct6-f10c7270,stage,0.4,53,project05_m3star_h3_dual,1,0.0,0,,0.0,0.0,0,0,0,m3star_graph_action_value_xgboost_v0.3,m3star_graph_action_reachability_xgboost_v0.1,m3star_graph_action_value_xgboost_v0.3,8.0,0,1,1,0,development,0,0,3,0.0,G1_technique,0.25,0,0,G1_technique,2,0,1,3,1,1,1,,8,1,0.0,,0.0,1,0,project05-m3star-runtime-contract-v0.8,e1d6d08bf93f3ff400361ad947d95002dcf97cc68957c58c831e6a4fdb5c2953,0.8.0,0,1,G1_technique,G1_technique,m3star_graph_transition_xgboost_v0.1,0
C12-witfoo-precinct6-f10c7270,stage,0.4,53,project05_m3star_h3_no_dominance_dual,1,0.0,0,,0.0,0.0,0,0,0,m3star_graph_action_value_xgboost_v0.3,m3star_graph_action_reachability_xgboost_v0.1,m3star_graph_action_value_xgboost_v0.3,8.0,0,1,1,0,development,0,0,3,0.0,G1_technique,0.25,0,0,G1_technique,2,0,1,3,0,1,0,,8,1,0.0,,0.0,0,0,project05-m3star-runtime-contract-v0.8,e1d6d08bf93f3ff400361ad947d95002dcf97cc68957c58c831e6a4fdb5c2953,0.8.0,0,0,G1_technique,G1_technique,m3star_graph_transition_xgboost_v0.1,0
C12-witfoo-precinct6-f10c7270,stage,0.4,53,project05_m3star_h3_unshielded_dual,1,0.0,0,,0.0,0.0,0,0,0,m3star_graph_action_value_xgboost_v0.3,m3star_graph_action_reachability_xgboost_v0.1,m3star_graph_action_value_xgboost_v0.3,8.0,0,1,1,0,development,0,0,3,0.0,G1_technique,0.25,0,0,G1_technique,2,0,0,3,1,1,0,,8,0,0.0,,0.0,0,0,project05-m3star-runtime-contract-v0.8,e1d6d08bf93f3ff400361ad947d95002dcf97cc68957c58c831e6a4fdb5c2953,0.8.0,0,1,G1_technique,G1_technique,m3star_graph_transition_xgboost_v0.1,0
C12-witfoo-precinct6-f10c7270,stage,0.4,53,project05_m3star_h3_transition_only,1,0.0,0,,0.0,0.0,0,0,0,none,none,none,8.0,0,1,1,0,development,0,0,3,0.0,G1_technique,0.25,0,0,G1_technique,2,0,1,3,1,0,0,,8,1,0.0,,0.0,0,0,project05-m3star-runtime-contract-v0.8,e1d6d08bf93f3ff400361ad947d95002dcf97cc68957c58c831e6a4fdb5c2953,0.8.0,0,1,G1_technique,G1_technique,m3star_graph_transition_xgboost_v0.1,0
C12-witfoo-precinct6-f10c7270,stage,0.4,53,project05_m3star_h1_dual,1,0.0,0,,0.0,0.0,0,0,0,m3star_graph_action_value_xgboost_v0.3,m3star_graph_action_reachability_xgboost_v0.1,m3star_graph_action_value_xgboost_v0.3,8.0,0,1,1,0,development,0,0,3,0.0,G1_technique,0.25,0,0,G1_technique,2,0,1,1,1,1,0,,8,1,0.0,,0.0,0,0,project05-m3star-runtime-contract-v0.8,e1d6d08bf93f3ff400361ad947d95002dcf97cc68957c58c831e6a4fdb5c2953,0.8.0,0,1,G1_technique,G1_technique,m3star_graph_transition_xgboost_v0.1,0
C12-witfoo-precinct6-f10c7270,stage,0.4,53,project05_xgboost_policy,1,0.0,0,,0.0,0.0,0,0,0,,,,8.0,0,1,1,,development,,0,3,0.0,G1_technique,0.25,,0,G1_technique,2,0,,,,,,,,,0.0,,0.0,,0,,,,0,,G1_technique,G1_technique,,0
C12-witfoo-precinct6-f10c7270,stage,0.4,53,project05_m3b_policy,1,0.0,0,,0.0,0.0,0,0,0,,,,8.0,0,1,1,,development,,0,3,0.0,G1_technique,0.25,,0,G1_technique,2,0,,,,,,,,,0.0,,0.0,,0,,,,0,,G1_technique,G1_technique,,0
C12-witfoo-precinct6-f10c7270,stage,0.4,53,project05_m2,1,0.0,0,,0.0,0.0,0,0,0,,,,8.0,0,1,1,,development,,0,3,0.0,G1_technique,0.25,,0,G1_technique,2,0,,,,,,,,,0.0,,0.0,,0,,,,0,,G1_technique,G1_technique,,0
C12-witfoo-precinct6-f10c7270,stage,0.4,53,oracle_optimal,1,0.0,0,,0.0,0.0,0,0,0,,,,8.0,0,1,1,,development,,0,3,0.0,G1_technique,0.25,,0,G1_technique,2,0,,,,,,,,,0.0,,0.0,,0,,,,0,,G1_technique,G1_technique,,0
C12-witfoo-precinct6-f10c7270,stage,0.6,11,project05_m3star_h3_dual,1,2.0,2,C12-AA-001|C12-AA-002,2.0,0.0,1,0,0,m3star_graph_action_value_xgboost_v0.3,m3star_graph_action_reachability_xgboost_v0.1,m3star_graph_action_value_xgboost_v0.3,8.0,0,1,1,0,development,0,0,3,0.0,G1_technique,0.25,1,1,G0_unknown,3,0,1,3,1,1,1,,8,1,2.0,C12-AA-001,0.1818,1,2,project05-m3star-runtime-contract-v0.8,e1d6d08bf93f3ff400361ad947d95002dcf97cc68957c58c831e6a4fdb5c2953,0.8.0,2,1,G1_technique,G1_technique,m3star_graph_transition_xgboost_v0.1,0
C12-witfoo-precinct6-f10c7270,stage,0.6,11,project05_m3star_h3_no_dominance_dual,1,2.0,2,C12-AA-001|C12-AA-002,2.0,0.0,1,0,0,m3star_graph_action_value_xgboost_v0.3,m3star_graph_action_reachability_xgboost_v0.1,m3star_graph_action_value_xgboost_v0.3,8.0,0,1,1,0,development,0,0,3,0.0,G1_technique,0.25,1,1,G0_unknown,3,0,1,3,0,1,0,,8,1,2.0,C12-AA-001,0.1818,0,2,project05-m3star-runtime-contract-v0.8,e1d6d08bf93f3ff400361ad947d95002dcf97cc68957c58c831e6a4fdb5c2953,0.8.0,2,0,G1_technique,G1_technique,m3star_graph_transition_xgboost_v0.1,0
C12-witfoo-precinct6-f10c7270,stage,0.6,11,project05_m3star_h3_unshielded_dual,1,2.0,2,C12-AA-001|C12-AA-002,2.0,0.0,1,0,0,m3star_graph_action_value_xgboost_v0.3,m3star_graph_action_reachability_xgboost_v0.1,m3star_graph_action_value_xgboost_v0.3,8.0,0,1,1,0,development,0,0,3,0.0,G1_technique,0.25,1,1,G0_unknown,3,0,0,3,1,1,0,,8,0,2.0,C12-AA-001,0.1818,0,2,project05-m3star-runtime-contract-v0.8,e1d6d08bf93f3ff400361ad947d95002dcf97cc68957c58c831e6a4fdb5c2953,0.8.0,2,1,G1_technique,G1_technique,m3star_graph_transition_xgboost_v0.1,0
C12-witfoo-precinct6-f10c7270,stage,0.6,11,project05_m3star_h3_transition_only,1,2.0,2,C12-AA-001|C12-AA-002,2.0,0.0,1,0,0,none,none,none,8.0,0,1,1,0,development,0,0,3,0.0,G1_technique,0.25,0,1,G0_unknown,3,0,1,3,1,0,0,,8,1,2.0,C12-AA-001,0.1818,0,2,project05-m3star-runtime-contract-v0.8,e1d6d08bf93f3ff400361ad947d95002dcf97cc68957c58c831e6a4fdb5c2953,0.8.0,2,1,G1_technique,G1_technique,m3star_graph_transition_xgboost_v0.1,0
C12-witfoo-precinct6-f10c7270,stage,0.6,11,project05_m3star_h1_dual,1,2.0,2,C12-AA-001|C12-AA-002,2.0,0.0,1,0,0,m3star_graph_action_value_xgboost_v0.3,m3star_graph_action_reachability_xgboost_v0.1,m3star_graph_action_value_xgboost_v0.3,8.0,0,1,1,0,development,0,0,3,0.0,G1_technique,0.25,1,1,G0_unknown,3,0,1,1,1,1,0,,8,1,2.0,C12-AA-001,0.1818,0,2,project05-m3star-runtime-contract-v0.8,e1d6d08bf93f3ff400361ad947d95002dcf97cc68957c58c831e6a4fdb5c2953,0.8.0,2,1,G1_technique,G1_technique,m3star_graph_transition_xgboost_v0.1,0
C12-witfoo-precinct6-f10c7270,stage,0.6,11,project05_xgboost_policy,1,3.0,2,C12-AA-001|C12-AA-003,3.0,1.0,1,0,0,,,,8.0,0,1,1,,development,,0,2,0.3333,G1_technique,0.5,,1,G0_unknown,3,0,,,,,,,,,2.0,C12-AA-001,0.3333,,2,,,,2,,G1_technique,G1_technique,,0
C12-witfoo-precinct6-f10c7270,stage,0.6,11,project05_m3b_policy,1,2.0,2,C12-AA-001|C12-AA-002,2.0,0.0,1,0,0,,,,8.0,0,1,1,,development,,0,3,0.0,G1_technique,0.25,,1,G0_unknown,3,0,,,,,,,,,2.0,C12-AA-001,0.1818,,2,,,,2,,G1_technique,G1_technique,,0
C12-witfoo-precinct6-f10c7270,stage,0.6,11,project05_m2,1,3.0,2,C12-AA-001|C12-AA-003,3.0,1.0,1,0,0,,,,8.0,0,1,1,,development,,0,2,0.3333,G1_technique,0.5,,1,G0_unknown,3,0,,,,,,,,,2.0,C12-AA-001,0.3333,,2,,,,2,,G1_technique,G1_technique,,0
C12-witfoo-precinct6-f10c7270,stage,0.6,11,oracle_optimal,1,2.0,2,C12-AA-001|C12-AA-002,2.0,0.0,1,0,0,,,,8.0,0,1,1,,development,,0,3,0.0,G1_technique,0.25,,1,G0_unknown,3,0,,,,,,,,,2.0,C12-AA-001,0.1818,,2,,,,2,,G1_technique,G1_technique,,0
C12-witfoo-precinct6-f10c7270,stage,0.6,23,project05_m3star_h3_dual,1,2.0,2,C12-AA-001|C12-AA-002,2.0,0.0,1,0,0,m3star_graph_action_value_xgboost_v0.3,m3star_graph_action_reachability_xgboost_v0.1,m3star_graph_action_value_xgboost_v0.3,8.0,0,1,1,0,development,0,0,3,0.0,G1_technique,0.25,1,1,G0_unknown,3,0,1,3,1,1,1,,8,1,2.0,C12-AA-001,0.1818,1,2,project05-m3star-runtime-contract-v0.8,e1d6d08bf93f3ff400361ad947d95002dcf97cc68957c58c831e6a4fdb5c2953,0.8.0,2,1,G1_technique,G1_technique,m3star_graph_transition_xgboost_v0.1,0
C12-witfoo-precinct6-f10c7270,stage,0.6,23,project05_m3star_h3_no_dominance_dual,1,2.0,2,C12-AA-001|C12-AA-002,2.0,0.0,1,0,0,m3star_graph_action_value_xgboost_v0.3,m3star_graph_action_reachability_xgboost_v0.1,m3star_graph_action_value_xgboost_v0.3,8.0,0,1,1,0,development,0,0,3,0.0,G1_technique,0.25,1,1,G0_unknown,3,0,1,3,0,1,0,,8,1,2.0,C12-AA-001,0.1818,0,2,project05-m3star-runtime-contract-v0.8,e1d6d08bf93f3ff400361ad947d95002dcf97cc68957c58c831e6a4fdb5c2953,0.8.0,2,0,G1_technique,G1_technique,m3star_graph_transition_xgboost_v0.1,0
C12-witfoo-precinct6-f10c7270,stage,0.6,23,project05_m3star_h3_unshielded_dual,1,2.0,2,C12-AA-001|C12-AA-002,2.0,0.0,1,0,0,m3star_graph_action_value_xgboost_v0.3,m3star_graph_action_reachability_xgboost_v0.1,m3star_graph_action_value_xgboost_v0.3,8.0,0,1,1,0,development,0,0,3,0.0,G1_technique,0.25,1,1,G0_unknown,3,0,0,3,1,1,0,,8,0,2.0,C12-AA-001,0.1818,0,2,project05-m3star-runtime-contract-v0.8,e1d6d08bf93f3ff400361ad947d95002dcf97cc68957c58c831e6a4fdb5c2953,0.8.0,2,1,G1_technique,G1_technique,m3star_graph_transition_xgboost_v0.1,0
C12-witfoo-precinct6-f10c7270,stage,0.6,23,project05_m3star_h3_transition_only,1,2.0,2,C12-AA-001|C12-AA-002,2.0,0.0,1,0,0,none,none,none,8.0,0,1,1,0,development,0,0,3,0.0,G1_technique,0.25,0,1,G0_unknown,3,0,1,3,1,0,0,,8,1,2.0,C12-AA-001,0.1818,0,2,project05-m3star-runtime-contract-v0.8,e1d6d08bf93f3ff400361ad947d95002dcf97cc68957c58c831e6a4fdb5c2953,0.8.0,2,1,G1_technique,G1_technique,m3star_graph_transition_xgboost_v0.1,0
C12-witfoo-precinct6-f10c7270,stage,0.6,23,project05_m3star_h1_dual,1,2.0,2,C12-AA-001|C12-AA-002,2.0,0.0,1,0,0,m3star_graph_action_value_xgboost_v0.3,m3star_graph_action_reachability_xgboost_v0.1,m3star_graph_action_value_xgboost_v0.3,8.0,0,1,1,0,development,0,0,3,0.0,G1_technique,0.25,1,1,G0_unknown,3,0,1,1,1,1,0,,8,1,2.0,C12-AA-001,0.1818,0,2,project05-m3star-runtime-contract-v0.8,e1d6d08bf93f3ff400361ad947d95002dcf97cc68957c58c831e6a4fdb5c2953,0.8.0,2,1,G1_technique,G1_technique,m3star_graph_transition_xgboost_v0.1,0
C12-witfoo-precinct6-f10c7270,stage,0.6,23,project05_xgboost_policy,1,3.0,2,C12-AA-001|C12-AA-003,3.0,1.0,1,0,0,,,,8.0,0,1,1,,development,,0,2,0.3333,G1_technique,0.5,,1,G0_unknown,3,0,,,,,,,,,2.0,C12-AA-001,0.3333,,2,,,,2,,G1_technique,G1_technique,,0
C12-witfoo-precinct6-f10c7270,stage,0.6,23,project05_m3b_policy,1,2.0,2,C12-AA-001|C12-AA-002,2.0,0.0,1,0,0,,,,8.0,0,1,1,,development,,0,3,0.0,G1_technique,0.25,,1,G0_unknown,3,0,,,,,,,,,2.0,C12-AA-001,0.1818,,2,,,,2,,G1_technique,G1_technique,,0
C12-witfoo-precinct6-f10c7270,stage,0.6,23,project05_m2,1,3.0,2,C12-AA-001|C12-AA-003,3.0,1.0,1,0,0,,,,8.0,0,1,1,,development,,0,2,0.3333,G1_technique,0.5,,1,G0_unknown,3,0,,,,,,,,,2.0,C12-AA-001,0.3333,,2,,,,2,,G1_technique,G1_technique,,0
C12-witfoo-precinct6-f10c7270,stage,0.6,23,oracle_optimal,1,2.0,2,C12-AA-001|C12-AA-002,2.0,0.0,1,0,0,,,,8.0,0,1,1,,development,,0,3,0.0,G1_technique,0.25,,1,G0_unknown,3,0,,,,,,,,,2.0,C12-AA-001,0.1818,,2,,,,2,,G1_technique,G1_technique,,0
C12-witfoo-precinct6-f10c7270,stage,0.6,37,project05_m3star_h3_dual,1,2.0,2,C12-AA-001|C12-AA-002,2.0,0.0,1,0,0,m3star_graph_action_value_xgboost_v0.3,m3star_graph_action_reachability_xgboost_v0.1,m3star_graph_action_value_xgboost_v0.3,8.0,0,1,1,0,development,0,0,3,0.0,G1_technique,0.25,1,1,G0_unknown,3,0,1,3,1,1,1,,8,1,2.0,C12-AA-001,0.1818,1,2,project05-m3star-runtime-contract-v0.8,e1d6d08bf93f3ff400361ad947d95002dcf97cc68957c58c831e6a4fdb5c2953,0.8.0,2,1,G1_technique,G1_technique,m3star_graph_transition_xgboost_v0.1,0
C12-witfoo-precinct6-f10c7270,stage,0.6,37,project05_m3star_h3_no_dominance_dual,1,2.0,2,C12-AA-001|C12-AA-002,2.0,0.0,1,0,0,m3star_graph_action_value_xgboost_v0.3,m3star_graph_action_reachability_xgboost_v0.1,m3star_graph_action_value_xgboost_v0.3,8.0,0,1,1,0,development,0,0,3,0.0,G1_technique,0.25,1,1,G0_unknown,3,0,1,3,0,1,0,,8,1,2.0,C12-AA-001,0.1818,0,2,project05-m3star-runtime-contract-v0.8,e1d6d08bf93f3ff400361ad947d95002dcf97cc68957c58c831e6a4fdb5c2953,0.8.0,2,0,G1_technique,G1_technique,m3star_graph_transition_xgboost_v0.1,0
C12-witfoo-precinct6-f10c7270,stage,0.6,37,project05_m3star_h3_unshielded_dual,1,2.0,2,C12-AA-001|C12-AA-002,2.0,0.0,1,0,0,m3star_graph_action_value_xgboost_v0.3,m3star_graph_action_reachability_xgboost_v0.1,m3star_graph_action_value_xgboost_v0.3,8.0,0,1,1,0,development,0,0,3,0.0,G1_technique,0.25,1,1,G0_unknown,3,0,0,3,1,1,0,,8,0,2.0,C12-AA-001,0.1818,0,2,project05-m3star-runtime-contract-v0.8,e1d6d08bf93f3ff400361ad947d95002dcf97cc68957c58c831e6a4fdb5c2953,0.8.0,2,1,G1_technique,G1_technique,m3star_graph_transition_xgboost_v0.1,0
C12-witfoo-precinct6-f10c7270,stage,0.6,37,project05_m3star_h3_transition_only,1,2.0,2,C12-AA-001|C12-AA-002,2.0,0.0,1,0,0,none,none,none,8.0,0,1,1,0,development,0,0,3,0.0,G1_technique,0.25,0,1,G0_unknown,3,0,1,3,1,0,0,,8,1,2.0,C12-AA-001,0.1818,0,2,project05-m3star-runtime-contract-v0.8,e1d6d08bf93f3ff400361ad947d95002dcf97cc68957c58c831e6a4fdb5c2953,0.8.0,2,1,G1_technique,G1_technique,m3star_graph_transition_xgboost_v0.1,0
C12-witfoo-precinct6-f10c7270,stage,0.6,37,project05_m3star_h1_dual,1,2.0,2,C12-AA-001|C12-AA-002,2.0,0.0,1,0,0,m3star_graph_action_value_xgboost_v0.3,m3star_graph_action_reachability_xgboost_v0.1,m3star_graph_action_value_xgboost_v0.3,8.0,0,1,1,0,development,0,0,3,0.0,G1_technique,0.25,1,1,G0_unknown,3,0,1,1,1,1,0,,8,1,2.0,C12-AA-001,0.1818,0,2,project05-m3star-runtime-contract-v0.8,e1d6d08bf93f3ff400361ad947d95002dcf97cc68957c58c831e6a4fdb5c2953,0.8.0,2,1,G1_technique,G1_technique,m3star_graph_transition_xgboost_v0.1,0
C12-witfoo-precinct6-f10c7270,stage,0.6,37,project05_xgboost_policy,1,3.0,2,C12-AA-001|C12-AA-003,3.0,1.0,1,0,0,,,,8.0,0,1,1,,development,,0,2,0.3333,G1_technique,0.5,,1,G0_unknown,3,0,,,,,,,,,2.0,C12-AA-001,0.3333,,2,,,,2,,G1_technique,G1_technique,,0
C12-witfoo-precinct6-f10c7270,stage,0.6,37,project05_m3b_policy,1,2.0,2,C12-AA-001|C12-AA-002,2.0,0.0,1,0,0,,,,8.0,0,1,1,,development,,0,3,0.0,G1_technique,0.25,,1,G0_unknown,3,0,,,,,,,,,2.0,C12-AA-001,0.1818,,2,,,,2,,G1_technique,G1_technique,,0
C12-witfoo-precinct6-f10c7270,stage,0.6,37,project05_m2,1,3.0,2,C12-AA-001|C12-AA-003,3.0,1.0,1,0,0,,,,8.0,0,1,1,,development,,0,2,0.3333,G1_technique,0.5,,1,G0_unknown,3,0,,,,,,,,,2.0,C12-AA-001,0.3333,,2,,,,2,,G1_technique,G1_technique,,0
C12-witfoo-precinct6-f10c7270,stage,0.6,37,oracle_optimal,1,2.0,2,C12-AA-001|C12-AA-002,2.0,0.0,1,0,0,,,,8.0,0,1,1,,development,,0,3,0.0,G1_technique,0.25,,1,G0_unknown,3,0,,,,,,,,,2.0,C12-AA-001,0.1818,,2,,,,2,,G1_technique,G1_technique,,0
C12-witfoo-precinct6-f10c7270,stage,0.6,41,project05_m3star_h3_dual,1,2.0,2,C12-AA-001|C12-AA-002,2.0,0.0,1,0,0,m3star_graph_action_value_xgboost_v0.3,m3star_graph_action_reachability_xgboost_v0.1,m3star_graph_action_value_xgboost_v0.3,8.0,0,1,1,0,development,0,0,3,0.0,G1_technique,0.25,1,1,G0_unknown,3,0,1,3,1,1,1,,8,1,2.0,C12-AA-001,0.1818,1,2,project05-m3star-runtime-contract-v0.8,e1d6d08bf93f3ff400361ad947d95002dcf97cc68957c58c831e6a4fdb5c2953,0.8.0,2,1,G1_technique,G1_technique,m3star_graph_transition_xgboost_v0.1,0
C12-witfoo-precinct6-f10c7270,stage,0.6,41,project05_m3star_h3_no_dominance_dual,1,2.0,2,C12-AA-001|C12-AA-002,2.0,0.0,1,0,0,m3star_graph_action_value_xgboost_v0.3,m3star_graph_action_reachability_xgboost_v0.1,m3star_graph_action_value_xgboost_v0.3,8.0,0,1,1,0,development,0,0,3,0.0,G1_technique,0.25,1,1,G0_unknown,3,0,1,3,0,1,0,,8,1,2.0,C12-AA-001,0.1818,0,2,project05-m3star-runtime-contract-v0.8,e1d6d08bf93f3ff400361ad947d95002dcf97cc68957c58c831e6a4fdb5c2953,0.8.0,2,0,G1_technique,G1_technique,m3star_graph_transition_xgboost_v0.1,0
C12-witfoo-precinct6-f10c7270,stage,0.6,41,project05_m3star_h3_unshielded_dual,1,2.0,2,C12-AA-001|C12-AA-002,2.0,0.0,1,0,0,m3star_graph_action_value_xgboost_v0.3,m3star_graph_action_reachability_xgboost_v0.1,m3star_graph_action_value_xgboost_v0.3,8.0,0,1,1,0,development,0,0,3,0.0,G1_technique,0.25,1,1,G0_unknown,3,0,0,3,1,1,0,,8,0,2.0,C12-AA-001,0.1818,0,2,project05-m3star-runtime-contract-v0.8,e1d6d08bf93f3ff400361ad947d95002dcf97cc68957c58c831e6a4fdb5c2953,0.8.0,2,1,G1_technique,G1_technique,m3star_graph_transition_xgboost_v0.1,0
C12-witfoo-precinct6-f10c7270,stage,0.6,41,project05_m3star_h3_transition_only,1,2.0,2,C12-AA-001|C12-AA-002,2.0,0.0,1,0,0,none,none,none,8.0,0,1,1,0,development,0,0,3,0.0,G1_technique,0.25,0,1,G0_unknown,3,0,1,3,1,0,0,,8,1,2.0,C12-AA-001,0.1818,0,2,project05-m3star-runtime-contract-v0.8,e1d6d08bf93f3ff400361ad947d95002dcf97cc68957c58c831e6a4fdb5c2953,0.8.0,2,1,G1_technique,G1_technique,m3star_graph_transition_xgboost_v0.1,0
C12-witfoo-precinct6-f10c7270,stage,0.6,41,project05_m3star_h1_dual,1,2.0,2,C12-AA-001|C12-AA-002,2.0,0.0,1,0,0,m3star_graph_action_value_xgboost_v0.3,m3star_graph_action_reachability_xgboost_v0.1,m3star_graph_action_value_xgboost_v0.3,8.0,0,1,1,0,development,0,0,3,0.0,G1_technique,0.25,1,1,G0_unknown,3,0,1,1,1,1,0,,8,1,2.0,C12-AA-001,0.1818,0,2,project05-m3star-runtime-contract-v0.8,e1d6d08bf93f3ff400361ad947d95002dcf97cc68957c58c831e6a4fdb5c2953,0.8.0,2,1,G1_technique,G1_technique,m3star_graph_transition_xgboost_v0.1,0
C12-witfoo-precinct6-f10c7270,stage,0.6,41,project05_xgboost_policy,1,3.0,2,C12-AA-001|C12-AA-003,3.0,1.0,1,0,0,,,,8.0,0,1,1,,development,,0,2,0.3333,G1_technique,0.5,,1,G0_unknown,3,0,,,,,,,,,2.0,C12-AA-001,0.3333,,2,,,,2,,G1_technique,G1_technique,,0
C12-witfoo-precinct6-f10c7270,stage,0.6,41,project05_m3b_policy,1,2.0,2,C12-AA-001|C12-AA-002,2.0,0.0,1,0,0,,,,8.0,0,1,1,,development,,0,3,0.0,G1_technique,0.25,,1,G0_unknown,3,0,,,,,,,,,2.0,C12-AA-001,0.1818,,2,,,,2,,G1_technique,G1_technique,,0
C12-witfoo-precinct6-f10c7270,stage,0.6,41,project05_m2,1,3.0,2,C12-AA-001|C12-AA-003,3.0,1.0,1,0,0,,,,8.0,0,1,1,,development,,0,2,0.3333,G1_technique,0.5,,1,G0_unknown,3,0,,,,,,,,,2.0,C12-AA-001,0.3333,,2,,,,2,,G1_technique,G1_technique,,0
C12-witfoo-precinct6-f10c7270,stage,0.6,41,oracle_optimal,1,2.0,2,C12-AA-001|C12-AA-002,2.0,0.0,1,0,0,,,,8.0,0,1,1,,development,,0,3,0.0,G1_technique,0.25,,1,G0_unknown,3,0,,,,,,,,,2.0,C12-AA-001,0.1818,,2,,,,2,,G1_technique,G1_technique,,0
C12-witfoo-precinct6-f10c7270,stage,0.6,53,project05_m3star_h3_dual,1,2.0,2,C12-AA-001|C12-AA-002,2.0,0.0,1,0,0,m3star_graph_action_value_xgboost_v0.3,m3star_graph_action_reachability_xgboost_v0.1,m3star_graph_action_value_xgboost_v0.3,8.0,0,1,1,0,development,0,0,3,0.0,G1_technique,0.25,1,1,G0_unknown,3,0,1,3,1,1,1,,8,1,2.0,C12-AA-001,0.1818,1,2,project05-m3star-runtime-contract-v0.8,e1d6d08bf93f3ff400361ad947d95002dcf97cc68957c58c831e6a4fdb5c2953,0.8.0,2,1,G1_technique,G1_technique,m3star_graph_transition_xgboost_v0.1,0
C12-witfoo-precinct6-f10c7270,stage,0.6,53,project05_m3star_h3_no_dominance_dual,1,2.0,2,C12-AA-001|C12-AA-002,2.0,0.0,1,0,0,m3star_graph_action_value_xgboost_v0.3,m3star_graph_action_reachability_xgboost_v0.1,m3star_graph_action_value_xgboost_v0.3,8.0,0,1,1,0,development,0,0,3,0.0,G1_technique,0.25,1,1,G0_unknown,3,0,1,3,0,1,0,,8,1,2.0,C12-AA-001,0.1818,0,2,project05-m3star-runtime-contract-v0.8,e1d6d08bf93f3ff400361ad947d95002dcf97cc68957c58c831e6a4fdb5c2953,0.8.0,2,0,G1_technique,G1_technique,m3star_graph_transition_xgboost_v0.1,0
C12-witfoo-precinct6-f10c7270,stage,0.6,53,project05_m3star_h3_unshielded_dual,1,2.0,2,C12-AA-001|C12-AA-002,2.0,0.0,1,0,0,m3star_graph_action_value_xgboost_v0.3,m3star_graph_action_reachability_xgboost_v0.1,m3star_graph_action_value_xgboost_v0.3,8.0,0,1,1,0,development,0,0,3,0.0,G1_technique,0.25,1,1,G0_unknown,3,0,0,3,1,1,0,,8,0,2.0,C12-AA-001,0.1818,0,2,project05-m3star-runtime-contract-v0.8,e1d6d08bf93f3ff400361ad947d95002dcf97cc68957c58c831e6a4fdb5c2953,0.8.0,2,1,G1_technique,G1_technique,m3star_graph_transition_xgboost_v0.1,0
C12-witfoo-precinct6-f10c7270,stage,0.6,53,project05_m3star_h3_transition_only,1,2.0,2,C12-AA-001|C12-AA-002,2.0,0.0,1,0,0,none,none,none,8.0,0,1,1,0,development,0,0,3,0.0,G1_technique,0.25,0,1,G0_unknown,3,0,1,3,1,0,0,,8,1,2.0,C12-AA-001,0.1818,0,2,project05-m3star-runtime-contract-v0.8,e1d6d08bf93f3ff400361ad947d95002dcf97cc68957c58c831e6a4fdb5c2953,0.8.0,2,1,G1_technique,G1_technique,m3star_graph_transition_xgboost_v0.1,0
C12-witfoo-precinct6-f10c7270,stage,0.6,53,project05_m3star_h1_dual,1,2.0,2,C12-AA-001|C12-AA-002,2.0,0.0,1,0,0,m3star_graph_action_value_xgboost_v0.3,m3star_graph_action_reachability_xgboost_v0.1,m3star_graph_action_value_xgboost_v0.3,8.0,0,1,1,0,development,0,0,3,0.0,G1_technique,0.25,1,1,G0_unknown,3,0,1,1,1,1,0,,8,1,2.0,C12-AA-001,0.1818,0,2,project05-m3star-runtime-contract-v0.8,e1d6d08bf93f3ff400361ad947d95002dcf97cc68957c58c831e6a4fdb5c2953,0.8.0,2,1,G1_technique,G1_technique,m3star_graph_transition_xgboost_v0.1,0
C12-witfoo-precinct6-f10c7270,stage,0.6,53,project05_xgboost_policy,1,3.0,2,C12-AA-001|C12-AA-003,3.0,1.0,1,0,0,,,,8.0,0,1,1,,development,,0,2,0.3333,G1_technique,0.5,,1,G0_unknown,3,0,,,,,,,,,2.0,C12-AA-001,0.3333,,2,,,,2,,G1_technique,G1_technique,,0
C12-witfoo-precinct6-f10c7270,stage,0.6,53,project05_m3b_policy,1,2.0,2,C12-AA-001|C12-AA-002,2.0,0.0,1,0,0,,,,8.0,0,1,1,,development,,0,3,0.0,G1_technique,0.25,,1,G0_unknown,3,0,,,,,,,,,2.0,C12-AA-001,0.1818,,2,,,,2,,G1_technique,G1_technique,,0
C12-witfoo-precinct6-f10c7270,stage,0.6,53,project05_m2,1,3.0,2,C12-AA-001|C12-AA-003,3.0,1.0,1,0,0,,,,8.0,0,1,1,,development,,0,2,0.3333,G1_technique,0.5,,1,G0_unknown,3,0,,,,,,,,,2.0,C12-AA-001,0.3333,,2,,,,2,,G1_technique,G1_technique,,0
C12-witfoo-precinct6-f10c7270,stage,0.6,53,oracle_optimal,1,2.0,2,C12-AA-001|C12-AA-002,2.0,0.0,1,0,0,,,,8.0,0,1,1,,development,,0,3,0.0,G1_technique,0.25,,1,G0_unknown,3,0,,,,,,,,,2.0,C12-AA-001,0.1818,,2,,,,2,,G1_technique,G1_technique,,0
C12-witfoo-precinct6-f10c7270,discriminative,0.2,11,project05_m3star_h3_dual,1,0.0,0,,0.0,0.0,0,0,0,m3star_graph_action_value_xgboost_v0.3,m3star_graph_action_reachability_xgboost_v0.1,m3star_graph_action_value_xgboost_v0.3,8.0,0,1,1,0,development,0,0,3,0.0,G1_technique,0.25,0,0,G1_technique,1,0,1,3,1,1,1,,8,1,0.0,,0.0,1,0,project05-m3star-runtime-contract-v0.8,e1d6d08bf93f3ff400361ad947d95002dcf97cc68957c58c831e6a4fdb5c2953,0.8.0,0,1,G1_technique,G1_technique,m3star_graph_transition_xgboost_v0.1,0
C12-witfoo-precinct6-f10c7270,discriminative,0.2,11,project05_m3star_h3_no_dominance_dual,1,0.0,0,,0.0,0.0,0,0,0,m3star_graph_action_value_xgboost_v0.3,m3star_graph_action_reachability_xgboost_v0.1,m3star_graph_action_value_xgboost_v0.3,8.0,0,1,1,0,development,0,0,3,0.0,G1_technique,0.25,0,0,G1_technique,1,0,1,3,0,1,0,,8,1,0.0,,0.0,0,0,project05-m3star-runtime-contract-v0.8,e1d6d08bf93f3ff400361ad947d95002dcf97cc68957c58c831e6a4fdb5c2953,0.8.0,0,0,G1_technique,G1_technique,m3star_graph_transition_xgboost_v0.1,0
C12-witfoo-precinct6-f10c7270,discriminative,0.2,11,project05_m3star_h3_unshielded_dual,1,0.0,0,,0.0,0.0,0,0,0,m3star_graph_action_value_xgboost_v0.3,m3star_graph_action_reachability_xgboost_v0.1,m3star_graph_action_value_xgboost_v0.3,8.0,0,1,1,0,development,0,0,3,0.0,G1_technique,0.25,0,0,G1_technique,1,0,0,3,1,1,0,,8,0,0.0,,0.0,0,0,project05-m3star-runtime-contract-v0.8,e1d6d08bf93f3ff400361ad947d95002dcf97cc68957c58c831e6a4fdb5c2953,0.8.0,0,1,G1_technique,G1_technique,m3star_graph_transition_xgboost_v0.1,0
C12-witfoo-precinct6-f10c7270,discriminative,0.2,11,project05_m3star_h3_transition_only,1,0.0,0,,0.0,0.0,0,0,0,none,none,none,8.0,0,1,1,0,development,0,0,3,0.0,G1_technique,0.25,0,0,G1_technique,1,0,1,3,1,0,0,,8,1,0.0,,0.0,0,0,project05-m3star-runtime-contract-v0.8,e1d6d08bf93f3ff400361ad947d95002dcf97cc68957c58c831e6a4fdb5c2953,0.8.0,0,1,G1_technique,G1_technique,m3star_graph_transition_xgboost_v0.1,0
C12-witfoo-precinct6-f10c7270,discriminative,0.2,11,project05_m3star_h1_dual,1,0.0,0,,0.0,0.0,0,0,0,m3star_graph_action_value_xgboost_v0.3,m3star_graph_action_reachability_xgboost_v0.1,m3star_graph_action_value_xgboost_v0.3,8.0,0,1,1,0,development,0,0,3,0.0,G1_technique,0.25,0,0,G1_technique,1,0,1,1,1,1,0,,8,1,0.0,,0.0,0,0,project05-m3star-runtime-contract-v0.8,e1d6d08bf93f3ff400361ad947d95002dcf97cc68957c58c831e6a4fdb5c2953,0.8.0,0,1,G1_technique,G1_technique,m3star_graph_transition_xgboost_v0.1,0
C12-witfoo-precinct6-f10c7270,discriminative,0.2,11,project05_xgboost_policy,1,0.0,0,,0.0,0.0,0,0,0,,,,8.0,0,1,1,,development,,0,3,0.0,G1_technique,0.25,,0,G1_technique,1,0,,,,,,,,,0.0,,0.0,,0,,,,0,,G1_technique,G1_technique,,0
C12-witfoo-precinct6-f10c7270,discriminative,0.2,11,project05_m3b_policy,1,0.0,0,,0.0,0.0,0,0,0,,,,8.0,0,1,1,,development,,0,3,0.0,G1_technique,0.25,,0,G1_technique,1,0,,,,,,,,,0.0,,0.0,,0,,,,0,,G1_technique,G1_technique,,0
C12-witfoo-precinct6-f10c7270,discriminative,0.2,11,project05_m2,1,0.0,0,,0.0,0.0,0,0,0,,,,8.0,0,1,1,,development,,0,3,0.0,G1_technique,0.25,,0,G1_technique,1,0,,,,,,,,,0.0,,0.0,,0,,,,0,,G1_technique,G1_technique,,0
C12-witfoo-precinct6-f10c7270,discriminative,0.2,11,oracle_optimal,1,0.0,0,,0.0,0.0,0,0,0,,,,8.0,0,1,1,,development,,0,3,0.0,G1_technique,0.25,,0,G1_technique,1,0,,,,,,,,,0.0,,0.0,,0,,,,0,,G1_technique,G1_technique,,0
C12-witfoo-precinct6-f10c7270,discriminative,0.2,23,project05_m3star_h3_dual,1,0.0,0,,0.0,0.0,0,0,0,m3star_graph_action_value_xgboost_v0.3,m3star_graph_action_reachability_xgboost_v0.1,m3star_graph_action_value_xgboost_v0.3,8.0,0,1,1,0,development,0,0,3,0.0,G1_technique,0.25,0,0,G1_technique,1,0,1,3,1,1,1,,8,1,0.0,,0.0,1,0,project05-m3star-runtime-contract-v0.8,e1d6d08bf93f3ff400361ad947d95002dcf97cc68957c58c831e6a4fdb5c2953,0.8.0,0,1,G1_technique,G1_technique,m3star_graph_transition_xgboost_v0.1,0
C12-witfoo-precinct6-f10c7270,discriminative,0.2,23,project05_m3star_h3_no_dominance_dual,1,0.0,0,,0.0,0.0,0,0,0,m3star_graph_action_value_xgboost_v0.3,m3star_graph_action_reachability_xgboost_v0.1,m3star_graph_action_value_xgboost_v0.3,8.0,0,1,1,0,development,0,0,3,0.0,G1_technique,0.25,0,0,G1_technique,1,0,1,3,0,1,0,,8,1,0.0,,0.0,0,0,project05-m3star-runtime-contract-v0.8,e1d6d08bf93f3ff400361ad947d95002dcf97cc68957c58c831e6a4fdb5c2953,0.8.0,0,0,G1_technique,G1_technique,m3star_graph_transition_xgboost_v0.1,0
C12-witfoo-precinct6-f10c7270,discriminative,0.2,23,project05_m3star_h3_unshielded_dual,1,0.0,0,,0.0,0.0,0,0,0,m3star_graph_action_value_xgboost_v0.3,m3star_graph_action_reachability_xgboost_v0.1,m3star_graph_action_value_xgboost_v0.3,8.0,0,1,1,0,development,0,0,3,0.0,G1_technique,0.25,0,0,G1_technique,1,0,0,3,1,1,0,,8,0,0.0,,0.0,0,0,project05-m3star-runtime-contract-v0.8,e1d6d08bf93f3ff400361ad947d95002dcf97cc68957c58c831e6a4fdb5c2953,0.8.0,0,1,G1_technique,G1_technique,m3star_graph_transition_xgboost_v0.1,0
C12-witfoo-precinct6-f10c7270,discriminative,0.2,23,project05_m3star_h3_transition_only,1,0.0,0,,0.0,0.0,0,0,0,none,none,none,8.0,0,1,1,0,development,0,0,3,0.0,G1_technique,0.25,0,0,G1_technique,1,0,1,3,1,0,0,,8,1,0.0,,0.0,0,0,project05-m3star-runtime-contract-v0.8,e1d6d08bf93f3ff400361ad947d95002dcf97cc68957c58c831e6a4fdb5c2953,0.8.0,0,1,G1_technique,G1_technique,m3star_graph_transition_xgboost_v0.1,0
C12-witfoo-precinct6-f10c7270,discriminative,0.2,23,project05_m3star_h1_dual,1,0.0,0,,0.0,0.0,0,0,0,m3star_graph_action_value_xgboost_v0.3,m3star_graph_action_reachability_xgboost_v0.1,m3star_graph_action_value_xgboost_v0.3,8.0,0,1,1,0,development,0,0,3,0.0,G1_technique,0.25,0,0,G1_technique,1,0,1,1,1,1,0,,8,1,0.0,,0.0,0,0,project05-m3star-runtime-contract-v0.8,e1d6d08bf93f3ff400361ad947d95002dcf97cc68957c58c831e6a4fdb5c2953,0.8.0,0,1,G1_technique,G1_technique,m3star_graph_transition_xgboost_v0.1,0
C12-witfoo-precinct6-f10c7270,discriminative,0.2,23,project05_xgboost_policy,1,0.0,0,,0.0,0.0,0,0,0,,,,8.0,0,1,1,,development,,0,3,0.0,G1_technique,0.25,,0,G1_technique,1,0,,,,,,,,,0.0,,0.0,,0,,,,0,,G1_technique,G1_technique,,0
C12-witfoo-precinct6-f10c7270,discriminative,0.2,23,project05_m3b_policy,1,0.0,0,,0.0,0.0,0,0,0,,,,8.0,0,1,1,,development,,0,3,0.0,G1_technique,0.25,,0,G1_technique,1,0,,,,,,,,,0.0,,0.0,,0,,,,0,,G1_technique,G1_technique,,0
C12-witfoo-precinct6-f10c7270,discriminative,0.2,23,project05_m2,1,0.0,0,,0.0,0.0,0,0,0,,,,8.0,0,1,1,,development,,0,3,0.0,G1_technique,0.25,,0,G1_technique,1,0,,,,,,,,,0.0,,0.0,,0,,,,0,,G1_technique,G1_technique,,0
C12-witfoo-precinct6-f10c7270,discriminative,0.2,23,oracle_optimal,1,0.0,0,,0.0,0.0,0,0,0,,,,8.0,0,1,1,,development,,0,3,0.0,G1_technique,0.25,,0,G1_technique,1,0,,,,,,,,,0.0,,0.0,,0,,,,0,,G1_technique,G1_technique,,0
C12-witfoo-precinct6-f10c7270,discriminative,0.2,37,project05_m3star_h3_dual,1,0.0,0,,0.0,0.0,0,0,0,m3star_graph_action_value_xgboost_v0.3,m3star_graph_action_reachability_xgboost_v0.1,m3star_graph_action_value_xgboost_v0.3,8.0,0,1,1,0,development,0,0,3,0.0,G1_technique,0.25,0,0,G1_technique,1,0,1,3,1,1,1,,8,1,0.0,,0.0,1,0,project05-m3star-runtime-contract-v0.8,e1d6d08bf93f3ff400361ad947d95002dcf97cc68957c58c831e6a4fdb5c2953,0.8.0,0,1,G1_technique,G1_technique,m3star_graph_transition_xgboost_v0.1,0
C12-witfoo-precinct6-f10c7270,discriminative,0.2,37,project05_m3star_h3_no_dominance_dual,1,0.0,0,,0.0,0.0,0,0,0,m3star_graph_action_value_xgboost_v0.3,m3star_graph_action_reachability_xgboost_v0.1,m3star_graph_action_value_xgboost_v0.3,8.0,0,1,1,0,development,0,0,3,0.0,G1_technique,0.25,0,0,G1_technique,1,0,1,3,0,1,0,,8,1,0.0,,0.0,0,0,project05-m3star-runtime-contract-v0.8,e1d6d08bf93f3ff400361ad947d95002dcf97cc68957c58c831e6a4fdb5c2953,0.8.0,0,0,G1_technique,G1_technique,m3star_graph_transition_xgboost_v0.1,0
C12-witfoo-precinct6-f10c7270,discriminative,0.2,37,project05_m3star_h3_unshielded_dual,1,0.0,0,,0.0,0.0,0,0,0,m3star_graph_action_value_xgboost_v0.3,m3star_graph_action_reachability_xgboost_v0.1,m3star_graph_action_value_xgboost_v0.3,8.0,0,1,1,0,development,0,0,3,0.0,G1_technique,0.25,0,0,G1_technique,1,0,0,3,1,1,0,,8,0,0.0,,0.0,0,0,project05-m3star-runtime-contract-v0.8,e1d6d08bf93f3ff400361ad947d95002dcf97cc68957c58c831e6a4fdb5c2953,0.8.0,0,1,G1_technique,G1_technique,m3star_graph_transition_xgboost_v0.1,0
C12-witfoo-precinct6-f10c7270,discriminative,0.2,37,project05_m3star_h3_transition_only,1,0.0,0,,0.0,0.0,0,0,0,none,none,none,8.0,0,1,1,0,development,0,0,3,0.0,G1_technique,0.25,0,0,G1_technique,1,0,1,3,1,0,0,,8,1,0.0,,0.0,0,0,project05-m3star-runtime-contract-v0.8,e1d6d08bf93f3ff400361ad947d95002dcf97cc68957c58c831e6a4fdb5c2953,0.8.0,0,1,G1_technique,G1_technique,m3star_graph_transition_xgboost_v0.1,0
C12-witfoo-precinct6-f10c7270,discriminative,0.2,37,project05_m3star_h1_dual,1,0.0,0,,0.0,0.0,0,0,0,m3star_graph_action_value_xgboost_v0.3,m3star_graph_action_reachability_xgboost_v0.1,m3star_graph_action_value_xgboost_v0.3,8.0,0,1,1,0,development,0,0,3,0.0,G1_technique,0.25,0,0,G1_technique,1,0,1,1,1,1,0,,8,1,0.0,,0.0,0,0,project05-m3star-runtime-contract-v0.8,e1d6d08bf93f3ff400361ad947d95002dcf97cc68957c58c831e6a4fdb5c2953,0.8.0,0,1,G1_technique,G1_technique,m3star_graph_transition_xgboost_v0.1,0
C12-witfoo-precinct6-f10c7270,discriminative,0.2,37,project05_xgboost_policy,1,0.0,0,,0.0,0.0,0,0,0,,,,8.0,0,1,1,,development,,0,3,0.0,G1_technique,0.25,,0,G1_technique,1,0,,,,,,,,,0.0,,0.0,,0,,,,0,,G1_technique,G1_technique,,0
C12-witfoo-precinct6-f10c7270,discriminative,0.2,37,project05_m3b_policy,1,0.0,0,,0.0,0.0,0,0,0,,,,8.0,0,1,1,,development,,0,3,0.0,G1_technique,0.25,,0,G1_technique,1,0,,,,,,,,,0.0,,0.0,,0,,,,0,,G1_technique,G1_technique,,0
C12-witfoo-precinct6-f10c7270,discriminative,0.2,37,project05_m2,1,0.0,0,,0.0,0.0,0,0,0,,,,8.0,0,1,1,,development,,0,3,0.0,G1_technique,0.25,,0,G1_technique,1,0,,,,,,,,,0.0,,0.0,,0,,,,0,,G1_technique,G1_technique,,0
C12-witfoo-precinct6-f10c7270,discriminative,0.2,37,oracle_optimal,1,0.0,0,,0.0,0.0,0,0,0,,,,8.0,0,1,1,,development,,0,3,0.0,G1_technique,0.25,,0,G1_technique,1,0,,,,,,,,,0.0,,0.0,,0,,,,0,,G1_technique,G1_technique,,0
C12-witfoo-precinct6-f10c7270,discriminative,0.2,41,project05_m3star_h3_dual,1,0.0,0,,0.0,0.0,0,0,0,m3star_graph_action_value_xgboost_v0.3,m3star_graph_action_reachability_xgboost_v0.1,m3star_graph_action_value_xgboost_v0.3,8.0,0,1,1,0,development,0,0,3,0.0,G1_technique,0.25,0,0,G1_technique,1,0,1,3,1,1,1,,8,1,0.0,,0.0,1,0,project05-m3star-runtime-contract-v0.8,e1d6d08bf93f3ff400361ad947d95002dcf97cc68957c58c831e6a4fdb5c2953,0.8.0,0,1,G1_technique,G1_technique,m3star_graph_transition_xgboost_v0.1,0
C12-witfoo-precinct6-f10c7270,discriminative,0.2,41,project05_m3star_h3_no_dominance_dual,1,0.0,0,,0.0,0.0,0,0,0,m3star_graph_action_value_xgboost_v0.3,m3star_graph_action_reachability_xgboost_v0.1,m3star_graph_action_value_xgboost_v0.3,8.0,0,1,1,0,development,0,0,3,0.0,G1_technique,0.25,0,0,G1_technique,1,0,1,3,0,1,0,,8,1,0.0,,0.0,0,0,project05-m3star-runtime-contract-v0.8,e1d6d08bf93f3ff400361ad947d95002dcf97cc68957c58c831e6a4fdb5c2953,0.8.0,0,0,G1_technique,G1_technique,m3star_graph_transition_xgboost_v0.1,0
C12-witfoo-precinct6-f10c7270,discriminative,0.2,41,project05_m3star_h3_unshielded_dual,1,0.0,0,,0.0,0.0,0,0,0,m3star_graph_action_value_xgboost_v0.3,m3star_graph_action_reachability_xgboost_v0.1,m3star_graph_action_value_xgboost_v0.3,8.0,0,1,1,0,development,0,0,3,0.0,G1_technique,0.25,0,0,G1_technique,1,0,0,3,1,1,0,,8,0,0.0,,0.0,0,0,project05-m3star-runtime-contract-v0.8,e1d6d08bf93f3ff400361ad947d95002dcf97cc68957c58c831e6a4fdb5c2953,0.8.0,0,1,G1_technique,G1_technique,m3star_graph_transition_xgboost_v0.1,0
C12-witfoo-precinct6-f10c7270,discriminative,0.2,41,project05_m3star_h3_transition_only,1,0.0,0,,0.0,0.0,0,0,0,none,none,none,8.0,0,1,1,0,development,0,0,3,0.0,G1_technique,0.25,0,0,G1_technique,1,0,1,3,1,0,0,,8,1,0.0,,0.0,0,0,project05-m3star-runtime-contract-v0.8,e1d6d08bf93f3ff400361ad947d95002dcf97cc68957c58c831e6a4fdb5c2953,0.8.0,0,1,G1_technique,G1_technique,m3star_graph_transition_xgboost_v0.1,0
C12-witfoo-precinct6-f10c7270,discriminative,0.2,41,project05_m3star_h1_dual,1,0.0,0,,0.0,0.0,0,0,0,m3star_graph_action_value_xgboost_v0.3,m3star_graph_action_reachability_xgboost_v0.1,m3star_graph_action_value_xgboost_v0.3,8.0,0,1,1,0,development,0,0,3,0.0,G1_technique,0.25,0,0,G1_technique,1,0,1,1,1,1,0,,8,1,0.0,,0.0,0,0,project05-m3star-runtime-contract-v0.8,e1d6d08bf93f3ff400361ad947d95002dcf97cc68957c58c831e6a4fdb5c2953,0.8.0,0,1,G1_technique,G1_technique,m3star_graph_transition_xgboost_v0.1,0
C12-witfoo-precinct6-f10c7270,discriminative,0.2,41,project05_xgboost_policy,1,0.0,0,,0.0,0.0,0,0,0,,,,8.0,0,1,1,,development,,0,3,0.0,G1_technique,0.25,,0,G1_technique,1,0,,,,,,,,,0.0,,0.0,,0,,,,0,,G1_technique,G1_technique,,0
C12-witfoo-precinct6-f10c7270,discriminative,0.2,41,project05_m3b_policy,1,0.0,0,,0.0,0.0,0,0,0,,,,8.0,0,1,1,,development,,0,3,0.0,G1_technique,0.25,,0,G1_technique,1,0,,,,,,,,,0.0,,0.0,,0,,,,0,,G1_technique,G1_technique,,0
C12-witfoo-precinct6-f10c7270,discriminative,0.2,41,project05_m2,1,0.0,0,,0.0,0.0,0,0,0,,,,8.0,0,1,1,,development,,0,3,0.0,G1_technique,0.25,,0,G1_technique,1,0,,,,,,,,,0.0,,0.0,,0,,,,0,,G1_technique,G1_technique,,0
C12-witfoo-precinct6-f10c7270,discriminative,0.2,41,oracle_optimal,1,0.0,0,,0.0,0.0,0,0,0,,,,8.0,0,1,1,,development,,0,3,0.0,G1_technique,0.25,,0,G1_technique,1,0,,,,,,,,,0.0,,0.0,,0,,,,0,,G1_technique,G1_technique,,0
C12-witfoo-precinct6-f10c7270,discriminative,0.2,53,project05_m3star_h3_dual,1,0.0,0,,0.0,0.0,0,0,0,m3star_graph_action_value_xgboost_v0.3,m3star_graph_action_reachability_xgboost_v0.1,m3star_graph_action_value_xgboost_v0.3,8.0,0,1,1,0,development,0,0,3,0.0,G1_technique,0.25,0,0,G1_technique,1,0,1,3,1,1,1,,8,1,0.0,,0.0,1,0,project05-m3star-runtime-contract-v0.8,e1d6d08bf93f3ff400361ad947d95002dcf97cc68957c58c831e6a4fdb5c2953,0.8.0,0,1,G1_technique,G1_technique,m3star_graph_transition_xgboost_v0.1,0
C12-witfoo-precinct6-f10c7270,discriminative,0.2,53,project05_m3star_h3_no_dominance_dual,1,0.0,0,,0.0,0.0,0,0,0,m3star_graph_action_value_xgboost_v0.3,m3star_graph_action_reachability_xgboost_v0.1,m3star_graph_action_value_xgboost_v0.3,8.0,0,1,1,0,development,0,0,3,0.0,G1_technique,0.25,0,0,G1_technique,1,0,1,3,0,1,0,,8,1,0.0,,0.0,0,0,project05-m3star-runtime-contract-v0.8,e1d6d08bf93f3ff400361ad947d95002dcf97cc68957c58c831e6a4fdb5c2953,0.8.0,0,0,G1_technique,G1_technique,m3star_graph_transition_xgboost_v0.1,0
C12-witfoo-precinct6-f10c7270,discriminative,0.2,53,project05_m3star_h3_unshielded_dual,1,0.0,0,,0.0,0.0,0,0,0,m3star_graph_action_value_xgboost_v0.3,m3star_graph_action_reachability_xgboost_v0.1,m3star_graph_action_value_xgboost_v0.3,8.0,0,1,1,0,development,0,0,3,0.0,G1_technique,0.25,0,0,G1_technique,1,0,0,3,1,1,0,,8,0,0.0,,0.0,0,0,project05-m3star-runtime-contract-v0.8,e1d6d08bf93f3ff400361ad947d95002dcf97cc68957c58c831e6a4fdb5c2953,0.8.0,0,1,G1_technique,G1_technique,m3star_graph_transition_xgboost_v0.1,0
C12-witfoo-precinct6-f10c7270,discriminative,0.2,53,project05_m3star_h3_transition_only,1,0.0,0,,0.0,0.0,0,0,0,none,none,none,8.0,0,1,1,0,development,0,0,3,0.0,G1_technique,0.25,0,0,G1_technique,1,0,1,3,1,0,0,,8,1,0.0,,0.0,0,0,project05-m3star-runtime-contract-v0.8,e1d6d08bf93f3ff400361ad947d95002dcf97cc68957c58c831e6a4fdb5c2953,0.8.0,0,1,G1_technique,G1_technique,m3star_graph_transition_xgboost_v0.1,0
C12-witfoo-precinct6-f10c7270,discriminative,0.2,53,project05_m3star_h1_dual,1,0.0,0,,0.0,0.0,0,0,0,m3star_graph_action_value_xgboost_v0.3,m3star_graph_action_reachability_xgboost_v0.1,m3star_graph_action_value_xgboost_v0.3,8.0,0,1,1,0,development,0,0,3,0.0,G1_technique,0.25,0,0,G1_technique,1,0,1,1,1,1,0,,8,1,0.0,,0.0,0,0,project05-m3star-runtime-contract-v0.8,e1d6d08bf93f3ff400361ad947d95002dcf97cc68957c58c831e6a4fdb5c2953,0.8.0,0,1,G1_technique,G1_technique,m3star_graph_transition_xgboost_v0.1,0
C12-witfoo-precinct6-f10c7270,discriminative,0.2,53,project05_xgboost_policy,1,0.0,0,,0.0,0.0,0,0,0,,,,8.0,0,1,1,,development,,0,3,0.0,G1_technique,0.25,,0,G1_technique,1,0,,,,,,,,,0.0,,0.0,,0,,,,0,,G1_technique,G1_technique,,0
C12-witfoo-precinct6-f10c7270,discriminative,0.2,53,project05_m3b_policy,1,0.0,0,,0.0,0.0,0,0,0,,,,8.0,0,1,1,,development,,0,3,0.0,G1_technique,0.25,,0,G1_technique,1,0,,,,,,,,,0.0,,0.0,,0,,,,0,,G1_technique,G1_technique,,0
C12-witfoo-precinct6-f10c7270,discriminative,0.2,53,project05_m2,1,0.0,0,,0.0,0.0,0,0,0,,,,8.0,0,1,1,,development,,0,3,0.0,G1_technique,0.25,,0,G1_technique,1,0,,,,,,,,,0.0,,0.0,,0,,,,0,,G1_technique,G1_technique,,0
C12-witfoo-precinct6-f10c7270,discriminative,0.2,53,oracle_optimal,1,0.0,0,,0.0,0.0,0,0,0,,,,8.0,0,1,1,,development,,0,3,0.0,G1_technique,0.25,,0,G1_technique,1,0,,,,,,,,,0.0,,0.0,,0,,,,0,,G1_technique,G1_technique,,0
C12-witfoo-precinct6-f10c7270,discriminative,0.4,11,project05_m3star_h3_dual,1,0.0,0,,0.0,0.0,0,0,0,m3star_graph_action_value_xgboost_v0.3,m3star_graph_action_reachability_xgboost_v0.1,m3star_graph_action_value_xgboost_v0.3,8.0,0,1,1,0,development,0,0,3,0.0,G1_technique,0.25,0,0,G1_technique,2,0,1,3,1,1,1,,8,1,0.0,,0.0,1,0,project05-m3star-runtime-contract-v0.8,e1d6d08bf93f3ff400361ad947d95002dcf97cc68957c58c831e6a4fdb5c2953,0.8.0,0,1,G1_technique,G1_technique,m3star_graph_transition_xgboost_v0.1,0
C12-witfoo-precinct6-f10c7270,discriminative,0.4,11,project05_m3star_h3_no_dominance_dual,1,0.0,0,,0.0,0.0,0,0,0,m3star_graph_action_value_xgboost_v0.3,m3star_graph_action_reachability_xgboost_v0.1,m3star_graph_action_value_xgboost_v0.3,8.0,0,1,1,0,development,0,0,3,0.0,G1_technique,0.25,0,0,G1_technique,2,0,1,3,0,1,0,,8,1,0.0,,0.0,0,0,project05-m3star-runtime-contract-v0.8,e1d6d08bf93f3ff400361ad947d95002dcf97cc68957c58c831e6a4fdb5c2953,0.8.0,0,0,G1_technique,G1_technique,m3star_graph_transition_xgboost_v0.1,0
C12-witfoo-precinct6-f10c7270,discriminative,0.4,11,project05_m3star_h3_unshielded_dual,1,0.0,0,,0.0,0.0,0,0,0,m3star_graph_action_value_xgboost_v0.3,m3star_graph_action_reachability_xgboost_v0.1,m3star_graph_action_value_xgboost_v0.3,8.0,0,1,1,0,development,0,0,3,0.0,G1_technique,0.25,0,0,G1_technique,2,0,0,3,1,1,0,,8,0,0.0,,0.0,0,0,project05-m3star-runtime-contract-v0.8,e1d6d08bf93f3ff400361ad947d95002dcf97cc68957c58c831e6a4fdb5c2953,0.8.0,0,1,G1_technique,G1_technique,m3star_graph_transition_xgboost_v0.1,0
C12-witfoo-precinct6-f10c7270,discriminative,0.4,11,project05_m3star_h3_transition_only,1,0.0,0,,0.0,0.0,0,0,0,none,none,none,8.0,0,1,1,0,development,0,0,3,0.0,G1_technique,0.25,0,0,G1_technique,2,0,1,3,1,0,0,,8,1,0.0,,0.0,0,0,project05-m3star-runtime-contract-v0.8,e1d6d08bf93f3ff400361ad947d95002dcf97cc68957c58c831e6a4fdb5c2953,0.8.0,0,1,G1_technique,G1_technique,m3star_graph_transition_xgboost_v0.1,0
C12-witfoo-precinct6-f10c7270,discriminative,0.4,11,project05_m3star_h1_dual,1,0.0,0,,0.0,0.0,0,0,0,m3star_graph_action_value_xgboost_v0.3,m3star_graph_action_reachability_xgboost_v0.1,m3star_graph_action_value_xgboost_v0.3,8.0,0,1,1,0,development,0,0,3,0.0,G1_technique,0.25,0,0,G1_technique,2,0,1,1,1,1,0,,8,1,0.0,,0.0,0,0,project05-m3star-runtime-contract-v0.8,e1d6d08bf93f3ff400361ad947d95002dcf97cc68957c58c831e6a4fdb5c2953,0.8.0,0,1,G1_technique,G1_technique,m3star_graph_transition_xgboost_v0.1,0
C12-witfoo-precinct6-f10c7270,discriminative,0.4,11,project05_xgboost_policy,1,0.0,0,,0.0,0.0,0,0,0,,,,8.0,0,1,1,,development,,0,3,0.0,G1_technique,0.25,,0,G1_technique,2,0,,,,,,,,,0.0,,0.0,,0,,,,0,,G1_technique,G1_technique,,0
C12-witfoo-precinct6-f10c7270,discriminative,0.4,11,project05_m3b_policy,1,0.0,0,,0.0,0.0,0,0,0,,,,8.0,0,1,1,,development,,0,3,0.0,G1_technique,0.25,,0,G1_technique,2,0,,,,,,,,,0.0,,0.0,,0,,,,0,,G1_technique,G1_technique,,0
C12-witfoo-precinct6-f10c7270,discriminative,0.4,11,project05_m2,1,0.0,0,,0.0,0.0,0,0,0,,,,8.0,0,1,1,,development,,0,3,0.0,G1_technique,0.25,,0,G1_technique,2,0,,,,,,,,,0.0,,0.0,,0,,,,0,,G1_technique,G1_technique,,0
C12-witfoo-precinct6-f10c7270,discriminative,0.4,11,oracle_optimal,1,0.0,0,,0.0,0.0,0,0,0,,,,8.0,0,1,1,,development,,0,3,0.0,G1_technique,0.25,,0,G1_technique,2,0,,,,,,,,,0.0,,0.0,,0,,,,0,,G1_technique,G1_technique,,0
C12-witfoo-precinct6-f10c7270,discriminative,0.4,23,project05_m3star_h3_dual,1,0.0,0,,0.0,0.0,0,0,0,m3star_graph_action_value_xgboost_v0.3,m3star_graph_action_reachability_xgboost_v0.1,m3star_graph_action_value_xgboost_v0.3,8.0,0,1,1,0,development,0,0,3,0.0,G1_technique,0.25,0,0,G1_technique,2,0,1,3,1,1,1,,8,1,0.0,,0.0,1,0,project05-m3star-runtime-contract-v0.8,e1d6d08bf93f3ff400361ad947d95002dcf97cc68957c58c831e6a4fdb5c2953,0.8.0,0,1,G1_technique,G1_technique,m3star_graph_transition_xgboost_v0.1,0
C12-witfoo-precinct6-f10c7270,discriminative,0.4,23,project05_m3star_h3_no_dominance_dual,1,0.0,0,,0.0,0.0,0,0,0,m3star_graph_action_value_xgboost_v0.3,m3star_graph_action_reachability_xgboost_v0.1,m3star_graph_action_value_xgboost_v0.3,8.0,0,1,1,0,development,0,0,3,0.0,G1_technique,0.25,0,0,G1_technique,2,0,1,3,0,1,0,,8,1,0.0,,0.0,0,0,project05-m3star-runtime-contract-v0.8,e1d6d08bf93f3ff400361ad947d95002dcf97cc68957c58c831e6a4fdb5c2953,0.8.0,0,0,G1_technique,G1_technique,m3star_graph_transition_xgboost_v0.1,0
C12-witfoo-precinct6-f10c7270,discriminative,0.4,23,project05_m3star_h3_unshielded_dual,1,0.0,0,,0.0,0.0,0,0,0,m3star_graph_action_value_xgboost_v0.3,m3star_graph_action_reachability_xgboost_v0.1,m3star_graph_action_value_xgboost_v0.3,8.0,0,1,1,0,development,0,0,3,0.0,G1_technique,0.25,0,0,G1_technique,2,0,0,3,1,1,0,,8,0,0.0,,0.0,0,0,project05-m3star-runtime-contract-v0.8,e1d6d08bf93f3ff400361ad947d95002dcf97cc68957c58c831e6a4fdb5c2953,0.8.0,0,1,G1_technique,G1_technique,m3star_graph_transition_xgboost_v0.1,0
C12-witfoo-precinct6-f10c7270,discriminative,0.4,23,project05_m3star_h3_transition_only,1,0.0,0,,0.0,0.0,0,0,0,none,none,none,8.0,0,1,1,0,development,0,0,3,0.0,G1_technique,0.25,0,0,G1_technique,2,0,1,3,1,0,0,,8,1,0.0,,0.0,0,0,project05-m3star-runtime-contract-v0.8,e1d6d08bf93f3ff400361ad947d95002dcf97cc68957c58c831e6a4fdb5c2953,0.8.0,0,1,G1_technique,G1_technique,m3star_graph_transition_xgboost_v0.1,0
C12-witfoo-precinct6-f10c7270,discriminative,0.4,23,project05_m3star_h1_dual,1,0.0,0,,0.0,0.0,0,0,0,m3star_graph_action_value_xgboost_v0.3,m3star_graph_action_reachability_xgboost_v0.1,m3star_graph_action_value_xgboost_v0.3,8.0,0,1,1,0,development,0,0,3,0.0,G1_technique,0.25,0,0,G1_technique,2,0,1,1,1,1,0,,8,1,0.0,,0.0,0,0,project05-m3star-runtime-contract-v0.8,e1d6d08bf93f3ff400361ad947d95002dcf97cc68957c58c831e6a4fdb5c2953,0.8.0,0,1,G1_technique,G1_technique,m3star_graph_transition_xgboost_v0.1,0
C12-witfoo-precinct6-f10c7270,discriminative,0.4,23,project05_xgboost_policy,1,0.0,0,,0.0,0.0,0,0,0,,,,8.0,0,1,1,,development,,0,3,0.0,G1_technique,0.25,,0,G1_technique,2,0,,,,,,,,,0.0,,0.0,,0,,,,0,,G1_technique,G1_technique,,0
C12-witfoo-precinct6-f10c7270,discriminative,0.4,23,project05_m3b_policy,1,0.0,0,,0.0,0.0,0,0,0,,,,8.0,0,1,1,,development,,0,3,0.0,G1_technique,0.25,,0,G1_technique,2,0,,,,,,,,,0.0,,0.0,,0,,,,0,,G1_technique,G1_technique,,0
C12-witfoo-precinct6-f10c7270,discriminative,0.4,23,project05_m2,1,0.0,0,,0.0,0.0,0,0,0,,,,8.0,0,1,1,,development,,0,3,0.0,G1_technique,0.25,,0,G1_technique,2,0,,,,,,,,,0.0,,0.0,,0,,,,0,,G1_technique,G1_technique,,0
C12-witfoo-precinct6-f10c7270,discriminative,0.4,23,oracle_optimal,1,0.0,0,,0.0,0.0,0,0,0,,,,8.0,0,1,1,,development,,0,3,0.0,G1_technique,0.25,,0,G1_technique,2,0,,,,,,,,,0.0,,0.0,,0,,,,0,,G1_technique,G1_technique,,0
C12-witfoo-precinct6-f10c7270,discriminative,0.4,37,project05_m3star_h3_dual,1,0.0,0,,0.0,0.0,0,0,0,m3star_graph_action_value_xgboost_v0.3,m3star_graph_action_reachability_xgboost_v0.1,m3star_graph_action_value_xgboost_v0.3,8.0,0,1,1,0,development,0,0,3,0.0,G1_technique,0.25,0,0,G1_technique,2,0,1,3,1,1,1,,8,1,0.0,,0.0,1,0,project05-m3star-runtime-contract-v0.8,e1d6d08bf93f3ff400361ad947d95002dcf97cc68957c58c831e6a4fdb5c2953,0.8.0,0,1,G1_technique,G1_technique,m3star_graph_transition_xgboost_v0.1,0
C12-witfoo-precinct6-f10c7270,discriminative,0.4,37,project05_m3star_h3_no_dominance_dual,1,0.0,0,,0.0,0.0,0,0,0,m3star_graph_action_value_xgboost_v0.3,m3star_graph_action_reachability_xgboost_v0.1,m3star_graph_action_value_xgboost_v0.3,8.0,0,1,1,0,development,0,0,3,0.0,G1_technique,0.25,0,0,G1_technique,2,0,1,3,0,1,0,,8,1,0.0,,0.0,0,0,project05-m3star-runtime-contract-v0.8,e1d6d08bf93f3ff400361ad947d95002dcf97cc68957c58c831e6a4fdb5c2953,0.8.0,0,0,G1_technique,G1_technique,m3star_graph_transition_xgboost_v0.1,0
C12-witfoo-precinct6-f10c7270,discriminative,0.4,37,project05_m3star_h3_unshielded_dual,1,0.0,0,,0.0,0.0,0,0,0,m3star_graph_action_value_xgboost_v0.3,m3star_graph_action_reachability_xgboost_v0.1,m3star_graph_action_value_xgboost_v0.3,8.0,0,1,1,0,development,0,0,3,0.0,G1_technique,0.25,0,0,G1_technique,2,0,0,3,1,1,0,,8,0,0.0,,0.0,0,0,project05-m3star-runtime-contract-v0.8,e1d6d08bf93f3ff400361ad947d95002dcf97cc68957c58c831e6a4fdb5c2953,0.8.0,0,1,G1_technique,G1_technique,m3star_graph_transition_xgboost_v0.1,0
C12-witfoo-precinct6-f10c7270,discriminative,0.4,37,project05_m3star_h3_transition_only,1,0.0,0,,0.0,0.0,0,0,0,none,none,none,8.0,0,1,1,0,development,0,0,3,0.0,G1_technique,0.25,0,0,G1_technique,2,0,1,3,1,0,0,,8,1,0.0,,0.0,0,0,project05-m3star-runtime-contract-v0.8,e1d6d08bf93f3ff400361ad947d95002dcf97cc68957c58c831e6a4fdb5c2953,0.8.0,0,1,G1_technique,G1_technique,m3star_graph_transition_xgboost_v0.1,0
C12-witfoo-precinct6-f10c7270,discriminative,0.4,37,project05_m3star_h1_dual,1,0.0,0,,0.0,0.0,0,0,0,m3star_graph_action_value_xgboost_v0.3,m3star_graph_action_reachability_xgboost_v0.1,m3star_graph_action_value_xgboost_v0.3,8.0,0,1,1,0,development,0,0,3,0.0,G1_technique,0.25,0,0,G1_technique,2,0,1,1,1,1,0,,8,1,0.0,,0.0,0,0,project05-m3star-runtime-contract-v0.8,e1d6d08bf93f3ff400361ad947d95002dcf97cc68957c58c831e6a4fdb5c2953,0.8.0,0,1,G1_technique,G1_technique,m3star_graph_transition_xgboost_v0.1,0
C12-witfoo-precinct6-f10c7270,discriminative,0.4,37,project05_xgboost_policy,1,0.0,0,,0.0,0.0,0,0,0,,,,8.0,0,1,1,,development,,0,3,0.0,G1_technique,0.25,,0,G1_technique,2,0,,,,,,,,,0.0,,0.0,,0,,,,0,,G1_technique,G1_technique,,0
C12-witfoo-precinct6-f10c7270,discriminative,0.4,37,project05_m3b_policy,1,0.0,0,,0.0,0.0,0,0,0,,,,8.0,0,1,1,,development,,0,3,0.0,G1_technique,0.25,,0,G1_technique,2,0,,,,,,,,,0.0,,0.0,,0,,,,0,,G1_technique,G1_technique,,0
C12-witfoo-precinct6-f10c7270,discriminative,0.4,37,project05_m2,1,0.0,0,,0.0,0.0,0,0,0,,,,8.0,0,1,1,,development,,0,3,0.0,G1_technique,0.25,,0,G1_technique,2,0,,,,,,,,,0.0,,0.0,,0,,,,0,,G1_technique,G1_technique,,0
C12-witfoo-precinct6-f10c7270,discriminative,0.4,37,oracle_optimal,1,0.0,0,,0.0,0.0,0,0,0,,,,8.0,0,1,1,,development,,0,3,0.0,G1_technique,0.25,,0,G1_technique,2,0,,,,,,,,,0.0,,0.0,,0,,,,0,,G1_technique,G1_technique,,0
C12-witfoo-precinct6-f10c7270,discriminative,0.4,41,project05_m3star_h3_dual,1,0.0,0,,0.0,0.0,0,0,0,m3star_graph_action_value_xgboost_v0.3,m3star_graph_action_reachability_xgboost_v0.1,m3star_graph_action_value_xgboost_v0.3,8.0,0,1,1,0,development,0,0,3,0.0,G1_technique,0.25,0,0,G1_technique,2,0,1,3,1,1,1,,8,1,0.0,,0.0,1,0,project05-m3star-runtime-contract-v0.8,e1d6d08bf93f3ff400361ad947d95002dcf97cc68957c58c831e6a4fdb5c2953,0.8.0,0,1,G1_technique,G1_technique,m3star_graph_transition_xgboost_v0.1,0
C12-witfoo-precinct6-f10c7270,discriminative,0.4,41,project05_m3star_h3_no_dominance_dual,1,0.0,0,,0.0,0.0,0,0,0,m3star_graph_action_value_xgboost_v0.3,m3star_graph_action_reachability_xgboost_v0.1,m3star_graph_action_value_xgboost_v0.3,8.0,0,1,1,0,development,0,0,3,0.0,G1_technique,0.25,0,0,G1_technique,2,0,1,3,0,1,0,,8,1,0.0,,0.0,0,0,project05-m3star-runtime-contract-v0.8,e1d6d08bf93f3ff400361ad947d95002dcf97cc68957c58c831e6a4fdb5c2953,0.8.0,0,0,G1_technique,G1_technique,m3star_graph_transition_xgboost_v0.1,0
C12-witfoo-precinct6-f10c7270,discriminative,0.4,41,project05_m3star_h3_unshielded_dual,1,0.0,0,,0.0,0.0,0,0,0,m3star_graph_action_value_xgboost_v0.3,m3star_graph_action_reachability_xgboost_v0.1,m3star_graph_action_value_xgboost_v0.3,8.0,0,1,1,0,development,0,0,3,0.0,G1_technique,0.25,0,0,G1_technique,2,0,0,3,1,1,0,,8,0,0.0,,0.0,0,0,project05-m3star-runtime-contract-v0.8,e1d6d08bf93f3ff400361ad947d95002dcf97cc68957c58c831e6a4fdb5c2953,0.8.0,0,1,G1_technique,G1_technique,m3star_graph_transition_xgboost_v0.1,0
C12-witfoo-precinct6-f10c7270,discriminative,0.4,41,project05_m3star_h3_transition_only,1,0.0,0,,0.0,0.0,0,0,0,none,none,none,8.0,0,1,1,0,development,0,0,3,0.0,G1_technique,0.25,0,0,G1_technique,2,0,1,3,1,0,0,,8,1,0.0,,0.0,0,0,project05-m3star-runtime-contract-v0.8,e1d6d08bf93f3ff400361ad947d95002dcf97cc68957c58c831e6a4fdb5c2953,0.8.0,0,1,G1_technique,G1_technique,m3star_graph_transition_xgboost_v0.1,0
C12-witfoo-precinct6-f10c7270,discriminative,0.4,41,project05_m3star_h1_dual,1,0.0,0,,0.0,0.0,0,0,0,m3star_graph_action_value_xgboost_v0.3,m3star_graph_action_reachability_xgboost_v0.1,m3star_graph_action_value_xgboost_v0.3,8.0,0,1,1,0,development,0,0,3,0.0,G1_technique,0.25,0,0,G1_technique,2,0,1,1,1,1,0,,8,1,0.0,,0.0,0,0,project05-m3star-runtime-contract-v0.8,e1d6d08bf93f3ff400361ad947d95002dcf97cc68957c58c831e6a4fdb5c2953,0.8.0,0,1,G1_technique,G1_technique,m3star_graph_transition_xgboost_v0.1,0
C12-witfoo-precinct6-f10c7270,discriminative,0.4,41,project05_xgboost_policy,1,0.0,0,,0.0,0.0,0,0,0,,,,8.0,0,1,1,,development,,0,3,0.0,G1_technique,0.25,,0,G1_technique,2,0,,,,,,,,,0.0,,0.0,,0,,,,0,,G1_technique,G1_technique,,0
C12-witfoo-precinct6-f10c7270,discriminative,0.4,41,project05_m3b_policy,1,0.0,0,,0.0,0.0,0,0,0,,,,8.0,0,1,1,,development,,0,3,0.0,G1_technique,0.25,,0,G1_technique,2,0,,,,,,,,,0.0,,0.0,,0,,,,0,,G1_technique,G1_technique,,0
C12-witfoo-precinct6-f10c7270,discriminative,0.4,41,project05_m2,1,0.0,0,,0.0,0.0,0,0,0,,,,8.0,0,1,1,,development,,0,3,0.0,G1_technique,0.25,,0,G1_technique,2,0,,,,,,,,,0.0,,0.0,,0,,,,0,,G1_technique,G1_technique,,0
C12-witfoo-precinct6-f10c7270,discriminative,0.4,41,oracle_optimal,1,0.0,0,,0.0,0.0,0,0,0,,,,8.0,0,1,1,,development,,0,3,0.0,G1_technique,0.25,,0,G1_technique,2,0,,,,,,,,,0.0,,0.0,,0,,,,0,,G1_technique,G1_technique,,0
C12-witfoo-precinct6-f10c7270,discriminative,0.4,53,project05_m3star_h3_dual,1,0.0,0,,0.0,0.0,0,0,0,m3star_graph_action_value_xgboost_v0.3,m3star_graph_action_reachability_xgboost_v0.1,m3star_graph_action_value_xgboost_v0.3,8.0,0,1,1,0,development,0,0,3,0.0,G1_technique,0.25,0,0,G1_technique,2,0,1,3,1,1,1,,8,1,0.0,,0.0,1,0,project05-m3star-runtime-contract-v0.8,e1d6d08bf93f3ff400361ad947d95002dcf97cc68957c58c831e6a4fdb5c2953,0.8.0,0,1,G1_technique,G1_technique,m3star_graph_transition_xgboost_v0.1,0
C12-witfoo-precinct6-f10c7270,discriminative,0.4,53,project05_m3star_h3_no_dominance_dual,1,0.0,0,,0.0,0.0,0,0,0,m3star_graph_action_value_xgboost_v0.3,m3star_graph_action_reachability_xgboost_v0.1,m3star_graph_action_value_xgboost_v0.3,8.0,0,1,1,0,development,0,0,3,0.0,G1_technique,0.25,0,0,G1_technique,2,0,1,3,0,1,0,,8,1,0.0,,0.0,0,0,project05-m3star-runtime-contract-v0.8,e1d6d08bf93f3ff400361ad947d95002dcf97cc68957c58c831e6a4fdb5c2953,0.8.0,0,0,G1_technique,G1_technique,m3star_graph_transition_xgboost_v0.1,0
C12-witfoo-precinct6-f10c7270,discriminative,0.4,53,project05_m3star_h3_unshielded_dual,1,0.0,0,,0.0,0.0,0,0,0,m3star_graph_action_value_xgboost_v0.3,m3star_graph_action_reachability_xgboost_v0.1,m3star_graph_action_value_xgboost_v0.3,8.0,0,1,1,0,development,0,0,3,0.0,G1_technique,0.25,0,0,G1_technique,2,0,0,3,1,1,0,,8,0,0.0,,0.0,0,0,project05-m3star-runtime-contract-v0.8,e1d6d08bf93f3ff400361ad947d95002dcf97cc68957c58c831e6a4fdb5c2953,0.8.0,0,1,G1_technique,G1_technique,m3star_graph_transition_xgboost_v0.1,0
C12-witfoo-precinct6-f10c7270,discriminative,0.4,53,project05_m3star_h3_transition_only,1,0.0,0,,0.0,0.0,0,0,0,none,none,none,8.0,0,1,1,0,development,0,0,3,0.0,G1_technique,0.25,0,0,G1_technique,2,0,1,3,1,0,0,,8,1,0.0,,0.0,0,0,project05-m3star-runtime-contract-v0.8,e1d6d08bf93f3ff400361ad947d95002dcf97cc68957c58c831e6a4fdb5c2953,0.8.0,0,1,G1_technique,G1_technique,m3star_graph_transition_xgboost_v0.1,0
C12-witfoo-precinct6-f10c7270,discriminative,0.4,53,project05_m3star_h1_dual,1,0.0,0,,0.0,0.0,0,0,0,m3star_graph_action_value_xgboost_v0.3,m3star_graph_action_reachability_xgboost_v0.1,m3star_graph_action_value_xgboost_v0.3,8.0,0,1,1,0,development,0,0,3,0.0,G1_technique,0.25,0,0,G1_technique,2,0,1,1,1,1,0,,8,1,0.0,,0.0,0,0,project05-m3star-runtime-contract-v0.8,e1d6d08bf93f3ff400361ad947d95002dcf97cc68957c58c831e6a4fdb5c2953,0.8.0,0,1,G1_technique,G1_technique,m3star_graph_transition_xgboost_v0.1,0
C12-witfoo-precinct6-f10c7270,discriminative,0.4,53,project05_xgboost_policy,1,0.0,0,,0.0,0.0,0,0,0,,,,8.0,0,1,1,,development,,0,3,0.0,G1_technique,0.25,,0,G1_technique,2,0,,,,,,,,,0.0,,0.0,,0,,,,0,,G1_technique,G1_technique,,0
C12-witfoo-precinct6-f10c7270,discriminative,0.4,53,project05_m3b_policy,1,0.0,0,,0.0,0.0,0,0,0,,,,8.0,0,1,1,,development,,0,3,0.0,G1_technique,0.25,,0,G1_technique,2,0,,,,,,,,,0.0,,0.0,,0,,,,0,,G1_technique,G1_technique,,0
C12-witfoo-precinct6-f10c7270,discriminative,0.4,53,project05_m2,1,0.0,0,,0.0,0.0,0,0,0,,,,8.0,0,1,1,,development,,0,3,0.0,G1_technique,0.25,,0,G1_technique,2,0,,,,,,,,,0.0,,0.0,,0,,,,0,,G1_technique,G1_technique,,0
C12-witfoo-precinct6-f10c7270,discriminative,0.4,53,oracle_optimal,1,0.0,0,,0.0,0.0,0,0,0,,,,8.0,0,1,1,,development,,0,3,0.0,G1_technique,0.25,,0,G1_technique,2,0,,,,,,,,,0.0,,0.0,,0,,,,0,,G1_technique,G1_technique,,0
C12-witfoo-precinct6-f10c7270,discriminative,0.6,11,project05_m3star_h3_dual,1,2.0,2,C12-AA-001|C12-AA-002,2.0,0.0,1,0,0,m3star_graph_action_value_xgboost_v0.3,m3star_graph_action_reachability_xgboost_v0.1,m3star_graph_action_value_xgboost_v0.3,8.0,0,1,1,0,development,0,0,3,0.0,G1_technique,0.25,1,1,G0_unknown,3,0,1,3,1,1,1,,8,1,2.0,C12-AA-001,0.1818,1,2,project05-m3star-runtime-contract-v0.8,e1d6d08bf93f3ff400361ad947d95002dcf97cc68957c58c831e6a4fdb5c2953,0.8.0,2,1,G1_technique,G1_technique,m3star_graph_transition_xgboost_v0.1,0
C12-witfoo-precinct6-f10c7270,discriminative,0.6,11,project05_m3star_h3_no_dominance_dual,1,2.0,2,C12-AA-001|C12-AA-002,2.0,0.0,1,0,0,m3star_graph_action_value_xgboost_v0.3,m3star_graph_action_reachability_xgboost_v0.1,m3star_graph_action_value_xgboost_v0.3,8.0,0,1,1,0,development,0,0,3,0.0,G1_technique,0.25,1,1,G0_unknown,3,0,1,3,0,1,0,,8,1,2.0,C12-AA-001,0.1818,0,2,project05-m3star-runtime-contract-v0.8,e1d6d08bf93f3ff400361ad947d95002dcf97cc68957c58c831e6a4fdb5c2953,0.8.0,2,0,G1_technique,G1_technique,m3star_graph_transition_xgboost_v0.1,0
C12-witfoo-precinct6-f10c7270,discriminative,0.6,11,project05_m3star_h3_unshielded_dual,1,2.0,2,C12-AA-001|C12-AA-002,2.0,0.0,1,0,0,m3star_graph_action_value_xgboost_v0.3,m3star_graph_action_reachability_xgboost_v0.1,m3star_graph_action_value_xgboost_v0.3,8.0,0,1,1,0,development,0,0,3,0.0,G1_technique,0.25,1,1,G0_unknown,3,0,0,3,1,1,0,,8,0,2.0,C12-AA-001,0.1818,0,2,project05-m3star-runtime-contract-v0.8,e1d6d08bf93f3ff400361ad947d95002dcf97cc68957c58c831e6a4fdb5c2953,0.8.0,2,1,G1_technique,G1_technique,m3star_graph_transition_xgboost_v0.1,0
C12-witfoo-precinct6-f10c7270,discriminative,0.6,11,project05_m3star_h3_transition_only,1,2.0,2,C12-AA-001|C12-AA-002,2.0,0.0,1,0,0,none,none,none,8.0,0,1,1,0,development,0,0,3,0.0,G1_technique,0.25,0,1,G0_unknown,3,0,1,3,1,0,0,,8,1,2.0,C12-AA-001,0.1818,0,2,project05-m3star-runtime-contract-v0.8,e1d6d08bf93f3ff400361ad947d95002dcf97cc68957c58c831e6a4fdb5c2953,0.8.0,2,1,G1_technique,G1_technique,m3star_graph_transition_xgboost_v0.1,0
C12-witfoo-precinct6-f10c7270,discriminative,0.6,11,project05_m3star_h1_dual,1,2.0,2,C12-AA-001|C12-AA-002,2.0,0.0,1,0,0,m3star_graph_action_value_xgboost_v0.3,m3star_graph_action_reachability_xgboost_v0.1,m3star_graph_action_value_xgboost_v0.3,8.0,0,1,1,0,development,0,0,3,0.0,G1_technique,0.25,1,1,G0_unknown,3,0,1,1,1,1,0,,8,1,2.0,C12-AA-001,0.1818,0,2,project05-m3star-runtime-contract-v0.8,e1d6d08bf93f3ff400361ad947d95002dcf97cc68957c58c831e6a4fdb5c2953,0.8.0,2,1,G1_technique,G1_technique,m3star_graph_transition_xgboost_v0.1,0
C12-witfoo-precinct6-f10c7270,discriminative,0.6,11,project05_xgboost_policy,1,3.0,2,C12-AA-001|C12-AA-003,3.0,1.0,1,0,0,,,,8.0,0,1,1,,development,,0,2,0.3333,G1_technique,0.5,,1,G0_unknown,3,0,,,,,,,,,2.0,C12-AA-001,0.3333,,2,,,,2,,G1_technique,G1_technique,,0
C12-witfoo-precinct6-f10c7270,discriminative,0.6,11,project05_m3b_policy,1,2.0,2,C12-AA-001|C12-AA-002,2.0,0.0,1,0,0,,,,8.0,0,1,1,,development,,0,3,0.0,G1_technique,0.25,,1,G0_unknown,3,0,,,,,,,,,2.0,C12-AA-001,0.1818,,2,,,,2,,G1_technique,G1_technique,,0
C12-witfoo-precinct6-f10c7270,discriminative,0.6,11,project05_m2,1,3.0,2,C12-AA-001|C12-AA-003,3.0,1.0,1,0,0,,,,8.0,0,1,1,,development,,0,2,0.3333,G1_technique,0.5,,1,G0_unknown,3,0,,,,,,,,,2.0,C12-AA-001,0.3333,,2,,,,2,,G1_technique,G1_technique,,0
C12-witfoo-precinct6-f10c7270,discriminative,0.6,11,oracle_optimal,1,2.0,2,C12-AA-001|C12-AA-002,2.0,0.0,1,0,0,,,,8.0,0,1,1,,development,,0,3,0.0,G1_technique,0.25,,1,G0_unknown,3,0,,,,,,,,,2.0,C12-AA-001,0.1818,,2,,,,2,,G1_technique,G1_technique,,0
C12-witfoo-precinct6-f10c7270,discriminative,0.6,23,project05_m3star_h3_dual,1,2.0,2,C12-AA-001|C12-AA-002,2.0,0.0,1,0,0,m3star_graph_action_value_xgboost_v0.3,m3star_graph_action_reachability_xgboost_v0.1,m3star_graph_action_value_xgboost_v0.3,8.0,0,1,1,0,development,0,0,3,0.0,G1_technique,0.25,1,1,G0_unknown,3,0,1,3,1,1,1,,8,1,2.0,C12-AA-001,0.1818,1,2,project05-m3star-runtime-contract-v0.8,e1d6d08bf93f3ff400361ad947d95002dcf97cc68957c58c831e6a4fdb5c2953,0.8.0,2,1,G1_technique,G1_technique,m3star_graph_transition_xgboost_v0.1,0
C12-witfoo-precinct6-f10c7270,discriminative,0.6,23,project05_m3star_h3_no_dominance_dual,1,2.0,2,C12-AA-001|C12-AA-002,2.0,0.0,1,0,0,m3star_graph_action_value_xgboost_v0.3,m3star_graph_action_reachability_xgboost_v0.1,m3star_graph_action_value_xgboost_v0.3,8.0,0,1,1,0,development,0,0,3,0.0,G1_technique,0.25,1,1,G0_unknown,3,0,1,3,0,1,0,,8,1,2.0,C12-AA-001,0.1818,0,2,project05-m3star-runtime-contract-v0.8,e1d6d08bf93f3ff400361ad947d95002dcf97cc68957c58c831e6a4fdb5c2953,0.8.0,2,0,G1_technique,G1_technique,m3star_graph_transition_xgboost_v0.1,0
C12-witfoo-precinct6-f10c7270,discriminative,0.6,23,project05_m3star_h3_unshielded_dual,1,2.0,2,C12-AA-001|C12-AA-002,2.0,0.0,1,0,0,m3star_graph_action_value_xgboost_v0.3,m3star_graph_action_reachability_xgboost_v0.1,m3star_graph_action_value_xgboost_v0.3,8.0,0,1,1,0,development,0,0,3,0.0,G1_technique,0.25,1,1,G0_unknown,3,0,0,3,1,1,0,,8,0,2.0,C12-AA-001,0.1818,0,2,project05-m3star-runtime-contract-v0.8,e1d6d08bf93f3ff400361ad947d95002dcf97cc68957c58c831e6a4fdb5c2953,0.8.0,2,1,G1_technique,G1_technique,m3star_graph_transition_xgboost_v0.1,0
C12-witfoo-precinct6-f10c7270,discriminative,0.6,23,project05_m3star_h3_transition_only,1,2.0,2,C12-AA-001|C12-AA-002,2.0,0.0,1,0,0,none,none,none,8.0,0,1,1,0,development,0,0,3,0.0,G1_technique,0.25,0,1,G0_unknown,3,0,1,3,1,0,0,,8,1,2.0,C12-AA-001,0.1818,0,2,project05-m3star-runtime-contract-v0.8,e1d6d08bf93f3ff400361ad947d95002dcf97cc68957c58c831e6a4fdb5c2953,0.8.0,2,1,G1_technique,G1_technique,m3star_graph_transition_xgboost_v0.1,0
C12-witfoo-precinct6-f10c7270,discriminative,0.6,23,project05_m3star_h1_dual,1,2.0,2,C12-AA-001|C12-AA-002,2.0,0.0,1,0,0,m3star_graph_action_value_xgboost_v0.3,m3star_graph_action_reachability_xgboost_v0.1,m3star_graph_action_value_xgboost_v0.3,8.0,0,1,1,0,development,0,0,3,0.0,G1_technique,0.25,1,1,G0_unknown,3,0,1,1,1,1,0,,8,1,2.0,C12-AA-001,0.1818,0,2,project05-m3star-runtime-contract-v0.8,e1d6d08bf93f3ff400361ad947d95002dcf97cc68957c58c831e6a4fdb5c2953,0.8.0,2,1,G1_technique,G1_technique,m3star_graph_transition_xgboost_v0.1,0
C12-witfoo-precinct6-f10c7270,discriminative,0.6,23,project05_xgboost_policy,1,3.0,2,C12-AA-001|C12-AA-003,3.0,1.0,1,0,0,,,,8.0,0,1,1,,development,,0,2,0.3333,G1_technique,0.5,,1,G0_unknown,3,0,,,,,,,,,2.0,C12-AA-001,0.3333,,2,,,,2,,G1_technique,G1_technique,,0
C12-witfoo-precinct6-f10c7270,discriminative,0.6,23,project05_m3b_policy,1,2.0,2,C12-AA-001|C12-AA-002,2.0,0.0,1,0,0,,,,8.0,0,1,1,,development,,0,3,0.0,G1_technique,0.25,,1,G0_unknown,3,0,,,,,,,,,2.0,C12-AA-001,0.1818,,2,,,,2,,G1_technique,G1_technique,,0
C12-witfoo-precinct6-f10c7270,discriminative,0.6,23,project05_m2,1,3.0,2,C12-AA-001|C12-AA-003,3.0,1.0,1,0,0,,,,8.0,0,1,1,,development,,0,2,0.3333,G1_technique,0.5,,1,G0_unknown,3,0,,,,,,,,,2.0,C12-AA-001,0.3333,,2,,,,2,,G1_technique,G1_technique,,0
C12-witfoo-precinct6-f10c7270,discriminative,0.6,23,oracle_optimal,1,2.0,2,C12-AA-001|C12-AA-002,2.0,0.0,1,0,0,,,,8.0,0,1,1,,development,,0,3,0.0,G1_technique,0.25,,1,G0_unknown,3,0,,,,,,,,,2.0,C12-AA-001,0.1818,,2,,,,2,,G1_technique,G1_technique,,0
C12-witfoo-precinct6-f10c7270,discriminative,0.6,37,project05_m3star_h3_dual,1,2.0,2,C12-AA-001|C12-AA-002,2.0,0.0,1,0,0,m3star_graph_action_value_xgboost_v0.3,m3star_graph_action_reachability_xgboost_v0.1,m3star_graph_action_value_xgboost_v0.3,8.0,0,1,1,0,development,0,0,3,0.0,G1_technique,0.25,1,1,G0_unknown,3,0,1,3,1,1,1,,8,1,2.0,C12-AA-001,0.1818,1,2,project05-m3star-runtime-contract-v0.8,e1d6d08bf93f3ff400361ad947d95002dcf97cc68957c58c831e6a4fdb5c2953,0.8.0,2,1,G1_technique,G1_technique,m3star_graph_transition_xgboost_v0.1,0
C12-witfoo-precinct6-f10c7270,discriminative,0.6,37,project05_m3star_h3_no_dominance_dual,1,2.0,2,C12-AA-001|C12-AA-002,2.0,0.0,1,0,0,m3star_graph_action_value_xgboost_v0.3,m3star_graph_action_reachability_xgboost_v0.1,m3star_graph_action_value_xgboost_v0.3,8.0,0,1,1,0,development,0,0,3,0.0,G1_technique,0.25,1,1,G0_unknown,3,0,1,3,0,1,0,,8,1,2.0,C12-AA-001,0.1818,0,2,project05-m3star-runtime-contract-v0.8,e1d6d08bf93f3ff400361ad947d95002dcf97cc68957c58c831e6a4fdb5c2953,0.8.0,2,0,G1_technique,G1_technique,m3star_graph_transition_xgboost_v0.1,0
C12-witfoo-precinct6-f10c7270,discriminative,0.6,37,project05_m3star_h3_unshielded_dual,1,2.0,2,C12-AA-001|C12-AA-002,2.0,0.0,1,0,0,m3star_graph_action_value_xgboost_v0.3,m3star_graph_action_reachability_xgboost_v0.1,m3star_graph_action_value_xgboost_v0.3,8.0,0,1,1,0,development,0,0,3,0.0,G1_technique,0.25,1,1,G0_unknown,3,0,0,3,1,1,0,,8,0,2.0,C12-AA-001,0.1818,0,2,project05-m3star-runtime-contract-v0.8,e1d6d08bf93f3ff400361ad947d95002dcf97cc68957c58c831e6a4fdb5c2953,0.8.0,2,1,G1_technique,G1_technique,m3star_graph_transition_xgboost_v0.1,0
C12-witfoo-precinct6-f10c7270,discriminative,0.6,37,project05_m3star_h3_transition_only,1,2.0,2,C12-AA-001|C12-AA-002,2.0,0.0,1,0,0,none,none,none,8.0,0,1,1,0,development,0,0,3,0.0,G1_technique,0.25,0,1,G0_unknown,3,0,1,3,1,0,0,,8,1,2.0,C12-AA-001,0.1818,0,2,project05-m3star-runtime-contract-v0.8,e1d6d08bf93f3ff400361ad947d95002dcf97cc68957c58c831e6a4fdb5c2953,0.8.0,2,1,G1_technique,G1_technique,m3star_graph_transition_xgboost_v0.1,0
C12-witfoo-precinct6-f10c7270,discriminative,0.6,37,project05_m3star_h1_dual,1,2.0,2,C12-AA-001|C12-AA-002,2.0,0.0,1,0,0,m3star_graph_action_value_xgboost_v0.3,m3star_graph_action_reachability_xgboost_v0.1,m3star_graph_action_value_xgboost_v0.3,8.0,0,1,1,0,development,0,0,3,0.0,G1_technique,0.25,1,1,G0_unknown,3,0,1,1,1,1,0,,8,1,2.0,C12-AA-001,0.1818,0,2,project05-m3star-runtime-contract-v0.8,e1d6d08bf93f3ff400361ad947d95002dcf97cc68957c58c831e6a4fdb5c2953,0.8.0,2,1,G1_technique,G1_technique,m3star_graph_transition_xgboost_v0.1,0
C12-witfoo-precinct6-f10c7270,discriminative,0.6,37,project05_xgboost_policy,1,3.0,2,C12-AA-001|C12-AA-003,3.0,1.0,1,0,0,,,,8.0,0,1,1,,development,,0,2,0.3333,G1_technique,0.5,,1,G0_unknown,3,0,,,,,,,,,2.0,C12-AA-001,0.3333,,2,,,,2,,G1_technique,G1_technique,,0
C12-witfoo-precinct6-f10c7270,discriminative,0.6,37,project05_m3b_policy,1,2.0,2,C12-AA-001|C12-AA-002,2.0,0.0,1,0,0,,,,8.0,0,1,1,,development,,0,3,0.0,G1_technique,0.25,,1,G0_unknown,3,0,,,,,,,,,2.0,C12-AA-001,0.1818,,2,,,,2,,G1_technique,G1_technique,,0
C12-witfoo-precinct6-f10c7270,discriminative,0.6,37,project05_m2,1,3.0,2,C12-AA-001|C12-AA-003,3.0,1.0,1,0,0,,,,8.0,0,1,1,,development,,0,2,0.3333,G1_technique,0.5,,1,G0_unknown,3,0,,,,,,,,,2.0,C12-AA-001,0.3333,,2,,,,2,,G1_technique,G1_technique,,0
C12-witfoo-precinct6-f10c7270,discriminative,0.6,37,oracle_optimal,1,2.0,2,C12-AA-001|C12-AA-002,2.0,0.0,1,0,0,,,,8.0,0,1,1,,development,,0,3,0.0,G1_technique,0.25,,1,G0_unknown,3,0,,,,,,,,,2.0,C12-AA-001,0.1818,,2,,,,2,,G1_technique,G1_technique,,0
C12-witfoo-precinct6-f10c7270,discriminative,0.6,41,project05_m3star_h3_dual,1,2.0,2,C12-AA-001|C12-AA-002,2.0,0.0,1,0,0,m3star_graph_action_value_xgboost_v0.3,m3star_graph_action_reachability_xgboost_v0.1,m3star_graph_action_value_xgboost_v0.3,8.0,0,1,1,0,development,0,0,3,0.0,G1_technique,0.25,1,1,G0_unknown,3,0,1,3,1,1,1,,8,1,2.0,C12-AA-001,0.1818,1,2,project05-m3star-runtime-contract-v0.8,e1d6d08bf93f3ff400361ad947d95002dcf97cc68957c58c831e6a4fdb5c2953,0.8.0,2,1,G1_technique,G1_technique,m3star_graph_transition_xgboost_v0.1,0
C12-witfoo-precinct6-f10c7270,discriminative,0.6,41,project05_m3star_h3_no_dominance_dual,1,2.0,2,C12-AA-001|C12-AA-002,2.0,0.0,1,0,0,m3star_graph_action_value_xgboost_v0.3,m3star_graph_action_reachability_xgboost_v0.1,m3star_graph_action_value_xgboost_v0.3,8.0,0,1,1,0,development,0,0,3,0.0,G1_technique,0.25,1,1,G0_unknown,3,0,1,3,0,1,0,,8,1,2.0,C12-AA-001,0.1818,0,2,project05-m3star-runtime-contract-v0.8,e1d6d08bf93f3ff400361ad947d95002dcf97cc68957c58c831e6a4fdb5c2953,0.8.0,2,0,G1_technique,G1_technique,m3star_graph_transition_xgboost_v0.1,0
C12-witfoo-precinct6-f10c7270,discriminative,0.6,41,project05_m3star_h3_unshielded_dual,1,2.0,2,C12-AA-001|C12-AA-002,2.0,0.0,1,0,0,m3star_graph_action_value_xgboost_v0.3,m3star_graph_action_reachability_xgboost_v0.1,m3star_graph_action_value_xgboost_v0.3,8.0,0,1,1,0,development,0,0,3,0.0,G1_technique,0.25,1,1,G0_unknown,3,0,0,3,1,1,0,,8,0,2.0,C12-AA-001,0.1818,0,2,project05-m3star-runtime-contract-v0.8,e1d6d08bf93f3ff400361ad947d95002dcf97cc68957c58c831e6a4fdb5c2953,0.8.0,2,1,G1_technique,G1_technique,m3star_graph_transition_xgboost_v0.1,0
C12-witfoo-precinct6-f10c7270,discriminative,0.6,41,project05_m3star_h3_transition_only,1,2.0,2,C12-AA-001|C12-AA-002,2.0,0.0,1,0,0,none,none,none,8.0,0,1,1,0,development,0,0,3,0.0,G1_technique,0.25,0,1,G0_unknown,3,0,1,3,1,0,0,,8,1,2.0,C12-AA-001,0.1818,0,2,project05-m3star-runtime-contract-v0.8,e1d6d08bf93f3ff400361ad947d95002dcf97cc68957c58c831e6a4fdb5c2953,0.8.0,2,1,G1_technique,G1_technique,m3star_graph_transition_xgboost_v0.1,0
C12-witfoo-precinct6-f10c7270,discriminative,0.6,41,project05_m3star_h1_dual,1,2.0,2,C12-AA-001|C12-AA-002,2.0,0.0,1,0,0,m3star_graph_action_value_xgboost_v0.3,m3star_graph_action_reachability_xgboost_v0.1,m3star_graph_action_value_xgboost_v0.3,8.0,0,1,1,0,development,0,0,3,0.0,G1_technique,0.25,1,1,G0_unknown,3,0,1,1,1,1,0,,8,1,2.0,C12-AA-001,0.1818,0,2,project05-m3star-runtime-contract-v0.8,e1d6d08bf93f3ff400361ad947d95002dcf97cc68957c58c831e6a4fdb5c2953,0.8.0,2,1,G1_technique,G1_technique,m3star_graph_transition_xgboost_v0.1,0
C12-witfoo-precinct6-f10c7270,discriminative,0.6,41,project05_xgboost_policy,1,3.0,2,C12-AA-001|C12-AA-003,3.0,1.0,1,0,0,,,,8.0,0,1,1,,development,,0,2,0.3333,G1_technique,0.5,,1,G0_unknown,3,0,,,,,,,,,2.0,C12-AA-001,0.3333,,2,,,,2,,G1_technique,G1_technique,,0
C12-witfoo-precinct6-f10c7270,discriminative,0.6,41,project05_m3b_policy,1,2.0,2,C12-AA-001|C12-AA-002,2.0,0.0,1,0,0,,,,8.0,0,1,1,,development,,0,3,0.0,G1_technique,0.25,,1,G0_unknown,3,0,,,,,,,,,2.0,C12-AA-001,0.1818,,2,,,,2,,G1_technique,G1_technique,,0
C12-witfoo-precinct6-f10c7270,discriminative,0.6,41,project05_m2,1,3.0,2,C12-AA-001|C12-AA-003,3.0,1.0,1,0,0,,,,8.0,0,1,1,,development,,0,2,0.3333,G1_technique,0.5,,1,G0_unknown,3,0,,,,,,,,,2.0,C12-AA-001,0.3333,,2,,,,2,,G1_technique,G1_technique,,0
C12-witfoo-precinct6-f10c7270,discriminative,0.6,41,oracle_optimal,1,2.0,2,C12-AA-001|C12-AA-002,2.0,0.0,1,0,0,,,,8.0,0,1,1,,development,,0,3,0.0,G1_technique,0.25,,1,G0_unknown,3,0,,,,,,,,,2.0,C12-AA-001,0.1818,,2,,,,2,,G1_technique,G1_technique,,0
C12-witfoo-precinct6-f10c7270,discriminative,0.6,53,project05_m3star_h3_dual,1,2.0,2,C12-AA-001|C12-AA-002,2.0,0.0,1,0,0,m3star_graph_action_value_xgboost_v0.3,m3star_graph_action_reachability_xgboost_v0.1,m3star_graph_action_value_xgboost_v0.3,8.0,0,1,1,0,development,0,0,3,0.0,G1_technique,0.25,1,1,G0_unknown,3,0,1,3,1,1,1,,8,1,2.0,C12-AA-001,0.1818,1,2,project05-m3star-runtime-contract-v0.8,e1d6d08bf93f3ff400361ad947d95002dcf97cc68957c58c831e6a4fdb5c2953,0.8.0,2,1,G1_technique,G1_technique,m3star_graph_transition_xgboost_v0.1,0
C12-witfoo-precinct6-f10c7270,discriminative,0.6,53,project05_m3star_h3_no_dominance_dual,1,2.0,2,C12-AA-001|C12-AA-002,2.0,0.0,1,0,0,m3star_graph_action_value_xgboost_v0.3,m3star_graph_action_reachability_xgboost_v0.1,m3star_graph_action_value_xgboost_v0.3,8.0,0,1,1,0,development,0,0,3,0.0,G1_technique,0.25,1,1,G0_unknown,3,0,1,3,0,1,0,,8,1,2.0,C12-AA-001,0.1818,0,2,project05-m3star-runtime-contract-v0.8,e1d6d08bf93f3ff400361ad947d95002dcf97cc68957c58c831e6a4fdb5c2953,0.8.0,2,0,G1_technique,G1_technique,m3star_graph_transition_xgboost_v0.1,0
C12-witfoo-precinct6-f10c7270,discriminative,0.6,53,project05_m3star_h3_unshielded_dual,1,2.0,2,C12-AA-001|C12-AA-002,2.0,0.0,1,0,0,m3star_graph_action_value_xgboost_v0.3,m3star_graph_action_reachability_xgboost_v0.1,m3star_graph_action_value_xgboost_v0.3,8.0,0,1,1,0,development,0,0,3,0.0,G1_technique,0.25,1,1,G0_unknown,3,0,0,3,1,1,0,,8,0,2.0,C12-AA-001,0.1818,0,2,project05-m3star-runtime-contract-v0.8,e1d6d08bf93f3ff400361ad947d95002dcf97cc68957c58c831e6a4fdb5c2953,0.8.0,2,1,G1_technique,G1_technique,m3star_graph_transition_xgboost_v0.1,0
C12-witfoo-precinct6-f10c7270,discriminative,0.6,53,project05_m3star_h3_transition_only,1,2.0,2,C12-AA-001|C12-AA-002,2.0,0.0,1,0,0,none,none,none,8.0,0,1,1,0,development,0,0,3,0.0,G1_technique,0.25,0,1,G0_unknown,3,0,1,3,1,0,0,,8,1,2.0,C12-AA-001,0.1818,0,2,project05-m3star-runtime-contract-v0.8,e1d6d08bf93f3ff400361ad947d95002dcf97cc68957c58c831e6a4fdb5c2953,0.8.0,2,1,G1_technique,G1_technique,m3star_graph_transition_xgboost_v0.1,0
C12-witfoo-precinct6-f10c7270,discriminative,0.6,53,project05_m3star_h1_dual,1,2.0,2,C12-AA-001|C12-AA-002,2.0,0.0,1,0,0,m3star_graph_action_value_xgboost_v0.3,m3star_graph_action_reachability_xgboost_v0.1,m3star_graph_action_value_xgboost_v0.3,8.0,0,1,1,0,development,0,0,3,0.0,G1_technique,0.25,1,1,G0_unknown,3,0,1,1,1,1,0,,8,1,2.0,C12-AA-001,0.1818,0,2,project05-m3star-runtime-contract-v0.8,e1d6d08bf93f3ff400361ad947d95002dcf97cc68957c58c831e6a4fdb5c2953,0.8.0,2,1,G1_technique,G1_technique,m3star_graph_transition_xgboost_v0.1,0
C12-witfoo-precinct6-f10c7270,discriminative,0.6,53,project05_xgboost_policy,1,3.0,2,C12-AA-001|C12-AA-003,3.0,1.0,1,0,0,,,,8.0,0,1,1,,development,,0,2,0.3333,G1_technique,0.5,,1,G0_unknown,3,0,,,,,,,,,2.0,C12-AA-001,0.3333,,2,,,,2,,G1_technique,G1_technique,,0
C12-witfoo-precinct6-f10c7270,discriminative,0.6,53,project05_m3b_policy,1,2.0,2,C12-AA-001|C12-AA-002,2.0,0.0,1,0,0,,,,8.0,0,1,1,,development,,0,3,0.0,G1_technique,0.25,,1,G0_unknown,3,0,,,,,,,,,2.0,C12-AA-001,0.1818,,2,,,,2,,G1_technique,G1_technique,,0
C12-witfoo-precinct6-f10c7270,discriminative,0.6,53,project05_m2,1,3.0,2,C12-AA-001|C12-AA-003,3.0,1.0,1,0,0,,,,8.0,0,1,1,,development,,0,2,0.3333,G1_technique,0.5,,1,G0_unknown,3,0,,,,,,,,,2.0,C12-AA-001,0.3333,,2,,,,2,,G1_technique,G1_technique,,0
C12-witfoo-precinct6-f10c7270,discriminative,0.6,53,oracle_optimal,1,2.0,2,C12-AA-001|C12-AA-002,2.0,0.0,1,0,0,,,,8.0,0,1,1,,development,,0,3,0.0,G1_technique,0.25,,1,G0_unknown,3,0,,,,,,,,,2.0,C12-AA-001,0.1818,,2,,,,2,,G1_technique,G1_technique,,0
